 ,X,Y,1,2,3,4,5,6,7,8,9,10,11,12,13,14,15,16,17,18,19
B:AACAA,0.030913539967373574,2.718868950516585e-05,0.04942903752039152,0.05736813485589994,0.07523110386079392,0.05038064165307232,0.032028276237085374,0.04363784665579119,0.13474714518760195,0.08926046764545949,0.058401305057096245,0.06856987493202828,0.051658510059815116,0.01979336595976074,0.03235454051114736,0.04651984774333877,0.03539967373572594,0.07036432843936923,0.01938553561718325,0.025394235997824904,0.009135399673735726
B:AACAC,0.027315863719916213,0.00017099132219039885,0.049117257299192064,0.056298892831188815,0.07459496430556149,0.043816526311289704,0.033428803488222976,0.045184456888812896,0.14384644979267303,0.1028512802975249,0.053905014320523234,0.06587440687385115,0.05377677082888043,0.018039584491087078,0.027444107211559012,0.045013465566622494,0.03620741247381695,0.07014918992861112,0.021459410934895055,0.022528106698585047,0.008977044414995939
B:AACAG,0.028414421659295,0.0002680605816914623,0.045469776169414285,0.05642675244605281,0.07029888754858599,0.04500067015145423,0.03585310280123308,0.04513470044229996,0.13986060849752044,0.10454362685967028,0.056996381182147164,0.0630612518429165,0.05414823750167538,0.01963543760889961,0.027844792923200645,0.04490014743331993,0.0365902694008846,0.07053344055756601,0.023086717598177188,0.020439619353974,0.011493097440021445
B:AACAT,0.03205613811251545,0.00027909572983533354,0.04736653243491089,0.05769307443881823,0.07834615844663291,0.04585144133009051,0.03297316693911726,0.043738287947051556,0.13532155815158886,0.07671145488616882,0.05709501216059966,0.07104979865236634,0.05350663849128823,0.019616442725569155,0.03038156373350345,0.05266935130178223,0.036840636338264024,0.07415972249910291,0.020533471552170966,0.025118615685180017,0.008691838443443244
B:AACCA,0.028151212225669308,0.0001149029070435482,0.04760810448504347,0.05522999731893217,0.06311999693592248,0.046267570569535406,0.032172813972193494,0.04213106591596767,0.14814814814814814,0.10996208204067563,0.057145045769657975,0.0629284920908499,0.05538320119499023,0.017656746715691906,0.028074610287640276,0.04492703665402735,0.03332184304262898,0.06966946263740473,0.02229116396644835,0.024321115324217702,0.011375387797311272
B:AACCC,0.028999741535280434,0.00015507883173946756,0.04848798139054019,0.05613853708968726,0.06197983975187387,0.04218144223313518,0.0348927371413802,0.041250969242698374,0.15213233393641767,0.12085810286895839,0.057534246575342465,0.06399586456448694,0.055052985267510984,0.018712845696562418,0.02445076247092272,0.040578960971827345,0.0309123804600672,0.06415094339622641,0.02269320237787542,0.0229516670974412,0.011889377100025847
B:AACCG,0.019484240687679084,0.00028653295128939826,0.04355300859598854,0.05300859598853868,0.066189111747851,0.03954154727793696,0.03782234957020057,0.04297994269340974,0.14269340974212033,0.12607449856733524,0.06361031518624642,0.05730659025787966,0.053868194842406875,0.023209169054441262,0.028080229226361032,0.033810888252149,0.034670487106017195,0.06446991404011461,0.026934097421203437,0.023782234957020056,0.01862464183381089
B:AACCT,0.02985359339978063,0.00019075778530211265,0.04873861414468978,0.05355524822356812,0.0643330630931375,0.043731222280509324,0.033621059659497354,0.046354141828413374,0.14316371786923554,0.10582288139634699,0.054699794935380804,0.06423768420048644,0.057704230053889076,0.017692784586770947,0.029329009490199818,0.044589632314368834,0.03700701034860985,0.0684343554771329,0.023463207592159856,0.021460250846487672,0.012017740474033096
B:AACGA,0.021948608137044967,0,0.04684154175588865,0.056745182012847964,0.07414346895074947,0.0452355460385439,0.034796573875803,0.0452355460385439,0.1311563169164882,0.10626338329764454,0.05835117773019272,0.06771948608137045,0.047109207708779445,0.026498929336188436,0.027837259100642397,0.04229122055674518,0.03693790149892934,0.07387580299785867,0.022751605995717343,0.021680942184154176,0.012580299785867237
B:AACGC,0.024007386888273315,0,0.048938134810710986,0.056017236072637734,0.07232994767620807,0.041243459526008004,0.03508771929824561,0.04032009849184364,0.1360418590335488,0.12557710064635272,0.06278855032317636,0.060941828254847646,0.05417051400430902,0.024622960911049555,0.024007386888273315,0.0332409972299169,0.030470914127423823,0.06771314250538628,0.024930747922437674,0.02123730378578024,0.01631271160357033
B:AACGG,0.02099236641221374,0.0005452562704471102,0.04661941112322792,0.0509814612868048,0.0673391494002181,0.04143947655398037,0.03871319520174482,0.04171210468920392,0.13658669574700108,0.1316793893129771,0.05779716466739367,0.061068702290076333,0.04934569247546347,0.023446019629225736,0.021810250817884406,0.03789531079607415,0.03271537622682661,0.07006543075245365,0.030806979280261722,0.02208287895310796,0.016357688113413305
B:AACGT,0.025708164722685074,0.00023803856224708403,0.047131635324922636,0.04855986669840514,0.07807664841704356,0.04260890264222804,0.04070459414425137,0.04070459414425137,0.13044513211140205,0.1130683170673649,0.056653177814806,0.06427041180671268,0.05117829088312307,0.021185432039990477,0.025470126160437992,0.042132825517733875,0.03308736015234468,0.07807664841704356,0.027612473220661748,0.020471316353249225,0.012616043799095453
B:AACTA,0.03468240584598089,0.00011242270938729624,0.04997189432265318,0.0596964586846543,0.07959527824620573,0.05019673974142777,0.02917369308600337,0.04665542439572794,0.12788083192804947,0.077796514896009,0.055311973018549745,0.06981450252951096,0.05137717818999438,0.020798201236649803,0.030466554243957278,0.048229342327150086,0.03659359190556492,0.07785272625070264,0.02209106239460371,0.022765598650927487,0.00893760539629005
B:AACTC,0.026218037318590185,0.00021596406357982033,0.04656185210780926,0.053429509329647545,0.06828783690393918,0.04466136834830684,0.03248099516240498,0.04276088458880442,0.15013821700069108,0.11398583275742917,0.058699032480995166,0.062111264685556326,0.05563234277816172,0.020084657912923288,0.025440566689702834,0.042026606772633035,0.03507256392536282,0.06591223220456116,0.02297857636489288,0.021553213545266067,0.011748445058742226
B:AACTG,0.028125609518236786,3.900916715428125e-05,0.047084064755217474,0.055041934854690854,0.07349327091866589,0.0434952213770236,0.034952213770236,0.04606982640920616,0.1400429100838697,0.10193095377413693,0.05613419153501073,0.06245367661400429,0.055744099863467914,0.02114296859762044,0.028047591183928224,0.045484688901891945,0.03378193875560757,0.07169884922956894,0.02235225277940316,0.02172810610493466,0.01115662180612444
B:AACTT,0.03105386224720023,0.00032817820076301433,0.04791401731140009,0.05944127661320097,0.07929605775936334,0.04967797514050129,0.03335110965254133,0.04340156705090864,0.13570168601550642,0.08015752553636625,0.057431185133527504,0.06625097427903351,0.04967797514050129,0.020634204372974526,0.031997374574393896,0.04840628461254461,0.03626369118431308,0.07342987242072445,0.022275095376789598,0.024490298231939944,0.00881978914550601
B:AATAA,0.03266403523825868,2.860248269549797e-05,0.05225673588467479,0.057634002631428406,0.08251816257651164,0.05199931354041531,0.03172015330930725,0.04499170528001831,0.13303014701676105,0.07634002631428408,0.05480235684457411,0.06910359819232309,0.048767232995824035,0.022481551398661405,0.030661861449573825,0.04693667410331217,0.034837823923116525,0.07293633087351982,0.02182369429666495,0.026400091527944626,0.008065900120130427
B:AATAC,0.03232821959677894,0,0.048962558043848824,0.05807323811203197,0.08540527831658144,0.047669429259977664,0.029565626285781462,0.04649385763827661,0.13936401575265972,0.07382589784282607,0.05143125844942103,0.06947628284253218,0.050138129665549876,0.021454182096044203,0.032974783988714514,0.04860988655733851,0.0360900487862223,0.07312055486980544,0.02116028919061894,0.025921354258508198,0.007935108446482103
B:AATAG,0.03781606623405684,5.594092638174088e-05,0.04581561870664578,0.058626090848064444,0.07261132244349966,0.046990378160662344,0.026292235399418214,0.04933989706869546,0.14046766614455136,0.07149250391586484,0.05370328932647125,0.07428955023495189,0.05398299395837995,0.019467442380845825,0.030319982098903558,0.05040277466994853,0.04033340792123517,0.07300290892817185,0.019970910718281495,0.02651599910494518,0.008503020810024613
B:AATAT,0.038566750144480834,0.00023116933153534964,0.04904642650741668,0.06341745328453093,0.08534001155846657,0.050972837603544596,0.028433827778848005,0.04419187054517434,0.13292236563282606,0.058562897322288573,0.05247543825852437,0.08048545559622423,0.05043344249662878,0.02119052205740705,0.03409747640146407,0.0446927374301676,0.041148141013292235,0.07343479098439606,0.018377961857060296,0.02635330379502986,0.005625120400693508
B:AATCA,0.034507009236251114,0.00023442261709409723,0.04679075437198181,0.05598012096207042,0.07604669698532514,0.044493412724459655,0.03052182474565146,0.04754090674668292,0.13587134886773877,0.08368887430259271,0.055511275727882226,0.06910778751933987,0.05429227811899292,0.01941019269539125,0.030334286651976183,0.050260209104974446,0.03680435088377327,0.06962351727694688,0.02297341647522153,0.026864831918983544,0.009142482066669792
B:AATCC,0.0277137556917196,5.621451458766653e-05,0.04755747934116589,0.05548372589802687,0.0673449884760245,0.045196469728483894,0.03136769913991792,0.042891674630389565,0.15132947326999832,0.10484006970599809,0.058969025802462195,0.06492776434875484,0.05256057113946821,0.01911293495980662,0.026252178312440273,0.049075271235032886,0.035246500646466915,0.06408454662993986,0.02237337680589128,0.02192366068918995,0.011692619034234639
B:AATCG,0.029691211401425176,0,0.048693586698337295,0.05661124307205067,0.07007125890736342,0.03760886777513856,0.03127474267616785,0.0395882818685669,0.1468725257323832,0.09422011084718923,0.05304829770387965,0.06967537608867776,0.06532066508313539,0.021773555027711798,0.030878859857482184,0.0395882818685669,0.03800475059382423,0.06571654790182106,0.02414885193982581,0.022565320665083134,0.014647664291369754
B:AATCT,0.03126734505087882,0.00032377428307123034,0.04653098982423682,0.05624421831637373,0.07516188714153561,0.04893617021276596,0.02946345975948196,0.043154486586493984,0.13954671600370028,0.08506012950971323,0.061100832562442184,0.06854764107308048,0.053006475485661425,0.019796484736355226,0.031082331174838114,0.04754856614246068,0.03547641073080481,0.07095282146160962,0.021600370027752083,0.024653098982423682,0.010545790934320074
B:AATGA,0.03521074776703329,0.00011072562190890973,0.047981102827194214,0.054144829113456854,0.07843064885214439,0.044105706060382374,0.03244260721931055,0.047021480770650326,0.14169188750276815,0.07477670332915036,0.05436628035727467,0.07374326419133387,0.056137890307817226,0.022366575625599763,0.02812430796486307,0.04683693806746881,0.03849560788366428,0.0729312762973352,0.019081715508968776,0.023400014763416254,0.008599689968258654
B:AATGC,0.031124993150309605,0.0006027727546714888,0.047290262480135896,0.056441448846512136,0.07337388350046578,0.04093374979450929,0.0340840594005151,0.050797303961860926,0.13661022521782015,0.08718285933475807,0.052386432133267574,0.0666337881527755,0.05956490766617349,0.020603868705134528,0.028165926900104114,0.048167022850567155,0.037481505835936214,0.07233273056057866,0.021371034029261878,0.024275302756315415,0.010575921968327032
B:AATGG,0.03209996467679265,0.00026492405510420347,0.04578770752384317,0.05713528788413988,0.06689332391381138,0.043182620981985165,0.03258565877781702,0.045566937477922995,0.1517131755563405,0.08813140233133168,0.05280819498410456,0.07157364888731897,0.057532673966796184,0.020354998233839634,0.02887672200635818,0.04428647121158601,0.038104909925821266,0.06715824796891558,0.02088484634404804,0.02450547509713882,0.010552808194984104
B:AATGT,0.03180451127819549,0.0002631578947368421,0.04744360902255639,0.05578947368421053,0.08,0.04387218045112782,0.03296992481203007,0.047781954887218044,0.138609022556391,0.08003759398496241,0.05473684210526316,0.06962406015037594,0.052218045112781955,0.02056390977443609,0.03176691729323308,0.04695488721804511,0.03827067669172932,0.07345864661654135,0.020338345864661656,0.02526315789473684,0.008233082706766917
B:AATTA,0.03826638477801268,0,0.04917547568710359,0.06147991543340381,0.08587737843551797,0.04980972515856237,0.029978858350951373,0.04845665961945032,0.12520084566596196,0.06553911205073996,0.054756871035940805,0.07378435517970401,0.05061310782241015,0.02054968287526427,0.03272727272727273,0.04896405919661734,0.036405919661733614,0.07560253699788584,0.01974630021141649,0.02562367864693446,0.0074418604651162795
B:AATTC,0.036285034244911835,0.00019429737212804196,0.04478554427551367,0.05790061689415651,0.0722300480885996,0.04682566668285811,0.03375916840724729,0.04910866080536261,0.14144848690921455,0.0754845290717443,0.052946033904891436,0.06984990528003109,0.054694710254043814,0.019381162869772185,0.032641958517511054,0.045222713362801766,0.037985136251032205,0.074075873123816,0.021518433963180646,0.025987273522125612,0.007674746199057658
B:AATTG,0.03795558773835385,0.0003017137340091721,0.04519671735457398,0.060584117789041755,0.07760077238715907,0.04911899589669322,0.030955829109341058,0.045136374607772145,0.13788317644219164,0.06728216268404538,0.05581704079169684,0.07464397779386918,0.049601737871107894,0.02172338884866039,0.03071445812213372,0.050024137098720736,0.041214096065652905,0.07235095341539947,0.01816316678735216,0.02624909485879797,0.007482500603427468
B:AATTT,0.037865693617566094,0.00022405735868382307,0.051181102362204724,0.0602714294859484,0.08280519813072146,0.04938864349273414,0.030727866333781446,0.04839638947570578,0.12940912873695667,0.06340823250752192,0.054734011907048206,0.07390692017156392,0.047948274758338134,0.022021637539210038,0.03556110364253249,0.05034888931566481,0.033800652967159596,0.07640355931118366,0.019589014787785672,0.024742334037513605,0.007265860060175405
B:ACCAA,0.028584110075454947,0.0005770084332001775,0.047936085219707054,0.056369285397248114,0.06702174877940524,0.04411895250776742,0.031114070128717267,0.042521083000443854,0.150554815801154,0.10554815801154017,0.05503772747447847,0.061739902352418996,0.05610297381269418,0.019884598313359963,0.027829560585885486,0.04549489569462938,0.03630714602751886,0.0686196182867288,0.02112738570794496,0.022902796271637816,0.010608078118064803
B:ACCAC,0.0257954341182815,0.00017975912277548085,0.0452543591587273,0.0553658098148481,0.06075858349811253,0.044670142009706995,0.037210138414524536,0.038738090958116124,0.14524537120258854,0.13180837677512133,0.05644436455150099,0.05541074959554197,0.05275930253460363,0.01891964767211936,0.028446881179219844,0.039412187668524175,0.032446521660974295,0.06664569476900953,0.030738809994607225,0.020627359338486428,0.013122415962610103
B:ACCAG,0.024643222167543628,3.785441193171064e-05,0.044251807548169736,0.05148200022712647,0.05886361055381004,0.042207669303857366,0.03793012075557406,0.04326759283794526,0.15054699625241322,0.13082484763599198,0.057160162016883065,0.05909073702540031,0.057160162016883065,0.019078623613582164,0.026838778059582843,0.04190483400840368,0.03232766778968089,0.06136200174130295,0.024075405988567968,0.021084907445962826,0.01586099859938676
B:ACCAT,0.028339891324714258,0.0002342139778902005,0.050590219224283306,0.05344762975454375,0.06309724564362001,0.044594341390294175,0.033024170882518265,0.04173693086003373,0.14867903316469927,0.10628630316657298,0.056726625445006555,0.06928049465992131,0.05756979576541128,0.018409218662169758,0.025341952407719692,0.04440697020798201,0.034616825932171635,0.06806258197489226,0.021079258010118045,0.022952969833239648,0.011523327712197865
B:ACCCA,0.02524029365019299,0.00011352455914629531,0.04435026110648604,0.05146446681298721,0.057594793006887156,0.04151214712782866,0.036668432604253384,0.03920381442518731,0.1573450389767653,0.1274502384015742,0.056875804132293956,0.06909861500037842,0.05804889124347234,0.016574585635359115,0.023348217664421404,0.04071747521380459,0.03447362446075834,0.05997880874895936,0.025353818209339286,0.02160750775751154,0.012979641262393097
B:ACCCC,0.024955154584784214,0.00015827793605571383,0.04294607998311702,0.055080721747388414,0.05576659280362984,0.0400443178220956,0.03883085364566846,0.04046639231824417,0.152474411733671,0.1399704547852696,0.05587211142766698,0.06494671309486125,0.05692729766803841,0.017885406774295662,0.022211670359818508,0.0343463121240899,0.03218318033132848,0.05608314867574127,0.032394217579402765,0.02105096549540994,0.015405719109422813
B:ACCCG,0.020915896081021578,0,0.04425363276089828,0.05856450902686042,0.05306032584764421,0.04381329810656099,0.04975781594011449,0.033905768383971815,0.14398943196829592,0.15874064288859532,0.0543813298106561,0.05107881990312638,0.05702333773667988,0.02047556142668428,0.02135623073535887,0.02928225451343021,0.03258476442095993,0.058784676354029064,0.029942756494936152,0.017393218846323204,0.020695728753852928
B:ACCCT,0.028025977422307457,0,0.04537331647997211,0.05225994856819073,0.05914658065640936,0.04005579043717038,0.03796364904328117,0.03818158043847797,0.14880355664036962,0.13054090572287844,0.05635705879789042,0.06315651832803033,0.057141611820598875,0.019439480451553852,0.02192389835679728,0.040099376716209736,0.033038399511833676,0.06572810879135248,0.025933836028418256,0.022229002310072788,0.014601403478185067
B:ACCGA,0.01963457867466594,0,0.04445050449959095,0.052086173984183255,0.06490319061903463,0.04226888464685029,0.042541587128442866,0.03817834742296155,0.13526043086992093,0.13771475320425416,0.053449686392146166,0.05563130624488683,0.0638123806926643,0.02508862830651759,0.02290700845377693,0.032451595309517314,0.04063266975729479,0.06626670302699754,0.02317971093536951,0.023997818380147258,0.015544041450777202
B:ACCGC,0.02119460500963391,0.0005505092210294523,0.042939719240297276,0.06028075970272502,0.06165703275529865,0.039911918524635284,0.04101293696669419,0.03192953481970823,0.13129644921552436,0.16267547481420314,0.05064684833470961,0.057252958987063035,0.05890448665015139,0.02339664189375172,0.025323424167354804,0.027800715661987337,0.033856317093311314,0.063308560418387,0.03440682631434076,0.012386457473162676,0.019267822736030827
B:ACCGG,0.01750663129973475,0,0.04668435013262599,0.05596816976127321,0.05862068965517241,0.04297082228116711,0.038461538461538464,0.03209549071618037,0.1456233421750663,0.13580901856763924,0.05092838196286472,0.05172413793103448,0.058090185676392576,0.02493368700265252,0.028647214854111407,0.03050397877984085,0.03872679045092838,0.0610079575596817,0.03580901856763926,0.020159151193633953,0.025729442970822282
B:ACCGT,0.020010131712259373,0.00025329280648429586,0.04381965552178318,0.047619047619047616,0.06864235055724417,0.0422998986828774,0.044832826747720364,0.03976697061803445,0.13272543059777103,0.13855116514690982,0.061043566362715296,0.05623100303951368,0.04609929078014184,0.024062816616008106,0.027102330293819657,0.03520770010131712,0.03318135764944276,0.06965552178318135,0.027862208713272545,0.024569402228976696,0.01646403242147923
B:ACCTA,0.03267280800583206,6.627344423089668e-05,0.045662403075087815,0.052819935052024654,0.06740009278282193,0.04493339518854795,0.03207634700775399,0.044800848300086155,0.14560275697528,0.10133209622904102,0.053416396050102725,0.06554443634435682,0.06090529524819405,0.017297368944264032,0.02617801047120419,0.04307773875008284,0.03664921465968586,0.06945456955397972,0.023063158592352046,0.025117635363509843,0.011929219961561403
B:ACCTC,0.024814012618890668,0.00047085412939071476,0.04652038798380262,0.05000470854129391,0.05673792259158113,0.040305113475845186,0.03602034089838968,0.0414351633863829,0.1502495526885771,0.13537056219983049,0.05866842452208306,0.059939730671437985,0.0581033995668142,0.017280346548639233,0.02617948959412374,0.0424239570581034,0.035879084659572465,0.06285902627366043,0.024437329315378096,0.01954044636971466,0.01276014690648837
B:ACCTG,0.026720647773279354,0.0001104158998895841,0.04346705925653294,0.05174825174825175,0.05844681634155318,0.04037541405962459,0.036915715863084286,0.04125874125874126,0.14814133235185867,0.13588516746411483,0.05590725064409275,0.06098638203901362,0.055760029444239974,0.01972764078027236,0.025726904674273094,0.03938167096061833,0.03389768126610232,0.06293706293706294,0.026683842473316156,0.02090541037909459,0.015016562384983438
B:ACCTT,0.029299420302880512,0.0001797510448029479,0.04597132970835393,0.05549813508291017,0.06363186986024356,0.0452073877679414,0.03433244955736305,0.044713072394733294,0.15054150002246888,0.10645755628454591,0.05671145463533007,0.059452658068575026,0.058688716128162496,0.02008717925672943,0.028490540601267246,0.04300543746910529,0.034287511796162316,0.06686738866669663,0.02233406731676628,0.02170493865995596,0.012537635375005617
B:ACTAA,0.03468040759610931,0.0002315886984715146,0.0471861973135711,0.05905511811023622,0.08429828624363131,0.04927049559981473,0.03085919407132932,0.043943955534969895,0.1285317276516906,0.07827698008337193,0.057491894395553494,0.06855025474756832,0.048575729504400186,0.02066929133858268,0.030453913849004168,0.04973367299675776,0.037054191755442334,0.07642427049559981,0.019916628068550254,0.025822139879573876,0.00897406206577119
B:ACTAC,0.03235833266916394,7.970032677133976e-05,0.0471028931218618,0.05889854148402009,0.07404160357057464,0.04399458037777955,0.03164102972822189,0.04224117318881007,0.14417789112935364,0.09269148003506815,0.06009404638559018,0.06176775324778832,0.05220371403522754,0.021917589862118433,0.02980792221248107,0.04702319279509046,0.03626364868095959,0.07324460030286124,0.022555192476289152,0.018490475810950827,0.009404638559018092
B:ACTAG,0.03327064950094026,7.232749891508752e-05,0.047808476782872845,0.054679589179806164,0.07485896137711558,0.0423115868653262,0.03305366700419499,0.0475191667872125,0.13807319542890206,0.09539997106900043,0.05713872414291914,0.06574569651381455,0.0538839866917402,0.01923911471141328,0.027339794589903082,0.04853175177202372,0.03681469694777954,0.06798784898018227,0.022566179661507306,0.022855489657167657,0.010849124837263127
B:ACTAT,0.03494060097833683,6.352836541515787e-05,0.051330919255447555,0.05876373800902103,0.07343879041992249,0.049996823581729244,0.029159519725557463,0.043262816847722506,0.13995298900959277,0.0758528683056985,0.05406263896829935,0.06613302839717934,0.05418969569912966,0.019566736547868623,0.030430087033860617,0.0500603519471444,0.03811701924909472,0.07502699955530144,0.02166317260656883,0.025792516358554094,0.008195159138555366
B:ACTCA,0.026519536903039074,0.0002894356005788712,0.04699710564399421,0.05289435600578871,0.06570188133140377,0.043921852387843706,0.0329232995658466,0.0402315484804631,0.14916787264833575,0.12214182344428365,0.05788712011577424,0.06349493487698987,0.05397973950795948,0.019826338639652677,0.026736613603473226,0.04091895803183792,0.03513024602026049,0.06331403762662807,0.02304630969609262,0.02405933429811867,0.010817655571635311
B:ACTCC,0.029189759831089998,0.00015835312747426763,0.04476115069939298,0.05209817893903405,0.06323568223805753,0.041224597519134334,0.03663235682238058,0.042808128793877014,0.15259963050936923,0.11908155186064925,0.056954341514911584,0.061968857218263396,0.056743204011612564,0.020849828450778568,0.025283716020058064,0.040591185009237266,0.03436262866191607,0.0620744259699129,0.024861441013460016,0.020427553444180523,0.014093428345209817
B:ACTCG,0.019593613933236574,0,0.0440251572327044,0.05152394775036284,0.07135945815191098,0.040638606676342524,0.04233188195452346,0.03967102080309628,0.1386066763425254,0.14876632801161102,0.05805515239477504,0.04450895016932753,0.04910498306724722,0.023222060957910014,0.023947750362844702,0.03918722786647315,0.03023705853894533,0.07014997581035316,0.0324141267537494,0.018626028059990325,0.014029995162070633
B:ACTCT,0.025879099170288425,0.00019755037534571315,0.04583168708020545,0.052785460292374554,0.0699723429474516,0.04251284077439747,0.03212169103121296,0.04610825760568945,0.14559462662979059,0.10659818253654682,0.05535361517186883,0.06562623468984591,0.05740813907546424,0.01939944685894903,0.026511260371394705,0.04464638482813117,0.03646779928881865,0.07036744369814303,0.02295535361517187,0.02220466218885816,0.011457921770051362
B:ACTGA,0.028583833851942977,0.00010854620450104927,0.04674723207178522,0.05347709675085028,0.07189376944786163,0.044286851436428104,0.03346841305449019,0.045227585208770536,0.14570518850857514,0.10445763079817642,0.05546711050003618,0.06064114624791953,0.05340473261451625,0.02217960778638107,0.027606918011433532,0.04511903900426949,0.03484333164483682,0.07178522324336059,0.022034879513713003,0.022034879513713003,0.01092698458643896
B:ACTGC,0.02454524522219664,0.0001381533502187428,0.04245912963389362,0.05461662445314299,0.06778724384066313,0.04047893161409164,0.03877504029472715,0.04554455445544554,0.13635735666589915,0.12387750402947272,0.05866912272622611,0.05632051577250748,0.05387980658530969,0.020170389131936448,0.027953027860925628,0.043426203085424823,0.03182132166705043,0.06889247064241308,0.028689845728758923,0.022196638268478012,0.013400874971218052
B:ACTGG,0.024759501655890238,7.885191610156126e-05,0.045576407506702415,0.05310676549440151,0.06264784734269042,0.039899069547390004,0.03615360353256584,0.04411764705882353,0.14835988014508752,0.12415234190190821,0.055551174893549916,0.06363349629395994,0.05732534300583504,0.01923986752878095,0.025745150607159754,0.039662513799085315,0.03386689796562056,0.06749724018293644,0.023182463333859014,0.020895757766913735,0.014548178520738054
B:ACTGT,0.02536104262064107,0.00010567101091933779,0.0480803099682987,0.05339908418457203,0.07213807678760127,0.043536456498767175,0.034202183867559,0.04575554772807326,0.14022543148996125,0.11447692849594927,0.055829517435716805,0.061535752025361046,0.050792532581895034,0.019549137020077493,0.028989080662205003,0.044980626981331456,0.035716801690736176,0.07027122226135964,0.022754491017964073,0.02155688622754491,0.010743219443466009
B:ACTTA,0.0301531589023612,0.0001595405232929164,0.048872580302063394,0.053020633907679214,0.08046160391406083,0.04913848117421825,0.03281216762390981,0.04690491384811742,0.13066368857689853,0.0822697298447139,0.05759412890874282,0.06971920867900447,0.051903850244628805,0.01972984471389066,0.029993618379068283,0.04679855349925548,0.036747500531801744,0.07530312699425654,0.022229312912146353,0.02542012337800468,0.010104233141884706
B:ACTTC,0.0307085185521183,0.0006803955366052798,0.04644833529892044,0.056109951918715414,0.07248480449968248,0.0444071486891046,0.031162115576521817,0.04644833529892044,0.13952644470652273,0.09956454685657262,0.0568810668602014,0.06286854758232786,0.055520275786990834,0.02054794520547945,0.026535425927605914,0.046130817381837975,0.03855574707429919,0.0694457044361789,0.022861290029937403,0.022271613898212826,0.010840968883244127
B:ACTTG,0.029691105982602523,8.876264867743653e-05,0.04624533996094443,0.058716492100124265,0.07007811113083615,0.044159417717024675,0.03510562755192615,0.04331617255458903,0.14570388780401208,0.1076247115213918,0.05929344931652761,0.060536126398011716,0.052547488017042426,0.019616545357713473,0.027294514468311736,0.04287235931120185,0.036126398011716666,0.06750399431919049,0.02121427303390733,0.022323806142375287,0.009941416651872892
B:ACTTT,0.032040531097134874,0.00010482180293501048,0.049301187980433266,0.06009783368273934,0.07739343116701607,0.0473445143256464,0.03183088749126485,0.04472396925227114,0.1319706498951782,0.07924528301886792,0.05964360587002097,0.06516422082459818,0.05345911949685535,0.019986023759608666,0.03294898672257163,0.050628930817610066,0.03693221523410203,0.07278127183787561,0.020999301187980435,0.02410901467505241,0.009294199860237596
B:AGCAA,0.027751889820855337,0,0.049739394566980774,0.05336370853612233,0.07138172655414035,0.04159331745538642,0.03310206758482621,0.04511407959683822,0.14014014014014015,0.10510510510510511,0.055055055055055056,0.06765386075730903,0.05546926236581409,0.02050326188257223,0.028338683511097303,0.04318111214662939,0.03686445065755411,0.07013910462186325,0.021849435642539092,0.023195609402505955,0.010458734596665631
B:AGCAC,0.022156915819187193,3.866826495495147e-05,0.04628591315107691,0.05023007617648196,0.06515602644909323,0.0433471250145006,0.038281582305401955,0.04369513939909516,0.14492865705115812,0.1353002590773752,0.05490893623603109,0.05494760450098604,0.05309152778314837,0.01898611809288117,0.025830400989907583,0.04272843277522138,0.03151463593828545,0.06790147326089478,0.027493136382970497,0.02076485828080894,0.012412513050539422
B:AGCAG,0.022885699641209636,0.00010251153254741159,0.04546386468477704,0.05274218349564326,0.06348026652998462,0.03882624295233214,0.03675038441824705,0.04320861096873398,0.1383136852895951,0.13777549974372116,0.05476678626345464,0.06940030753459764,0.054382368016401846,0.019349051768323935,0.02549974372116863,0.03769861609431061,0.034085084572014354,0.06560738083034341,0.025038441824705278,0.01963095848282932,0.014992311635058944
B:AGCAT,0.02939193209313395,0.0003569870294712625,0.046765300860735395,0.05334972829320535,0.0713180754432589,0.04129149974217603,0.032723811034865734,0.04728094879219388,0.14049422870969022,0.10225695133076831,0.05525365911705208,0.06639958748165484,0.056364285430962675,0.020268930228868352,0.029947245250089245,0.04470270913490143,0.03875292531038039,0.07028677958034192,0.020586252032842808,0.021181230415294912,0.011026932688112332
B:AGCCA,0.02408450704225352,0.00016901408450704225,0.04504225352112676,0.05129577464788732,0.058845070422535214,0.04112676056338028,0.0367887323943662,0.0416056338028169,0.14470422535211266,0.1344507042253521,0.05797183098591549,0.06095774647887324,0.055070422535211265,0.019887323943661973,0.02436619718309859,0.039859154929577464,0.03532394366197183,0.06625352112676057,0.024535211267605633,0.022140845070422535,0.015521126760563381
B:AGCCC,0.023775466810994704,0.00038659295627633666,0.04256388448602466,0.052769938531719955,0.0548961997912398,0.03962577801832451,0.041094831252174585,0.03877527351451657,0.14462442494297753,0.15108052731279237,0.058916766536513704,0.05968995244906638,0.05671318668573858,0.018981714153168128,0.021571886960219586,0.03684230873313488,0.03266710480535045,0.06108168709166119,0.027989330034406772,0.019020373448795765,0.016932771484903544
B:AGCCG,0.01728436097723118,0,0.043709489778959616,0.05185308293169354,0.0624896127638358,0.0428785108858235,0.04354329400033239,0.03988698687053349,0.12896792421472494,0.16154229682566063,0.055343194282865216,0.05102210403855742,0.059331892969918566,0.02675752035898288,0.020940668107030082,0.029749044374272893,0.03473491773308958,0.05766993518364633,0.03190958949642679,0.02027588499252119,0.02010968921389397
B:AGCCT,0.023738499701698747,0.0002826011869249851,0.04402298489653657,0.05152761641598895,0.0587810468803969,0.04022356893898955,0.03651835337708419,0.04129117342292837,0.14798882155305051,0.13665337394417057,0.05912644833108299,0.059409049518007975,0.05711683989072754,0.019844883348510065,0.02408390115238484,0.040160768675228435,0.03381794203535655,0.06606587747668541,0.025591107482651428,0.0197506829528684,0.014004458818727038
B:AGCGA,0.025337052533705252,0,0.04579265457926546,0.0602045560204556,0.06508600650860065,0.03742445374244537,0.04300325430032543,0.036494653649465365,0.13365876336587634,0.12761506276150628,0.05160390516039052,0.06601580660158066,0.0599721059972106,0.02696420269642027,0.029521152952115295,0.03277545327754533,0.033240353324035334,0.0602045560204556,0.030683403068340307,0.01813110181311018,0.016271501627150162
B:AGCGC,0.015327257663628831,0,0.04411764705882353,0.054473902236951116,0.054059652029826016,0.04101077050538525,0.04473902236951118,0.041632145816072906,0.12821043910521956,0.1632145816072908,0.056545153272576636,0.0519884009942005,0.06006628003314002,0.02444076222038111,0.028376139188069593,0.028790389395194696,0.03251864125932063,0.056545153272576636,0.03417564208782104,0.016984258492129246,0.022783761391880698
B:AGCGG,0.019015021867275148,0,0.045636052481460354,0.05343221144704317,0.060087469100589465,0.041452747670659824,0.04753755466818787,0.03688914242251379,0.12169613995056094,0.15611332953032897,0.05666476516447994,0.057995816695189197,0.05400266210306142,0.023578627115421184,0.025099828864803195,0.030043734550294732,0.03365658870507701,0.06408062369271725,0.034607339798440766,0.014831717056474614,0.023578627115421184
B:AGCGT,0.01901228843032692,0.0004637143519591931,0.04312543473220496,0.05147229306747044,0.067238581034083,0.040343148620449805,0.040343148620449805,0.03756086250869464,0.13262230466032923,0.1407373058196151,0.06121029445861349,0.059123579874797126,0.05448643635520519,0.02225828889404127,0.023881289125898448,0.03779271968467424,0.030837004405286344,0.06886158126594018,0.03246000463714352,0.022026431718061675,0.014143287734755391
B:AGCTA,0.03042029979425884,9.797198001371608e-05,0.046144802586460275,0.05574605662780445,0.06774762417948467,0.043058685216028215,0.034045263054766337,0.04443029293622024,0.14181444106985402,0.101449985304203,0.055795042617811305,0.07127461545997844,0.05447242088762614,0.020084255902811796,0.026403448613696482,0.04168707749583619,0.039874595865582445,0.06843342803958068,0.02145586362300382,0.025423728813559324,0.010140099931419615
B:AGCTC,0.024923896499238964,0,0.04516742770167428,0.05110350076103501,0.06491628614916287,0.041590563165905634,0.038394216133942165,0.042199391171993915,0.14425418569254186,0.1273972602739726,0.056126331811263315,0.06255707762557078,0.05517503805175038,0.021156773211567732,0.02226027397260274,0.03949771689497717,0.03595890410958904,0.06396499238964992,0.02671232876712329,0.021917808219178082,0.014726027397260274
B:AGCTG,0.02146908286069996,0,0.045096140545026975,0.05483469359524139,0.06045096140545027,0.040199197676027115,0.03887121316917969,0.0431318301286485,0.14096002213307512,0.136644072485821,0.05688200304329783,0.06534790427445013,0.0527597178032923,0.02033476276110112,0.024235717249965417,0.03903721123253562,0.03416793470742841,0.06316226310693042,0.02733434776594273,0.020611426200027667,0.014469497855858349
B:AGCTT,0.028700964383140584,0.00026895147346985823,0.048526530141775846,0.052138164214085375,0.06842893917854535,0.04138010527529105,0.033772620740000765,0.04618281015868137,0.1352825911553387,0.11334383524801168,0.0569408690974757,0.06689207361586046,0.05544242517385792,0.020478733622776347,0.02716409882045568,0.04437699312252661,0.034771583355745955,0.06719944672839744,0.023590886387213277,0.02347562147001191,0.011641756637338149
B:AGTAA,0.03508771929824561,0,0.04770955165692008,0.05497076023391813,0.08538011695906433,0.049707602339181284,0.030994152046783626,0.04736842105263158,0.12699805068226122,0.0793859649122807,0.0577485380116959,0.06920077972709551,0.05063352826510721,0.02046783625730994,0.03148148148148148,0.04819688109161793,0.03674463937621832,0.07348927875243665,0.020760233918128656,0.024171539961013646,0.009502923976608187
B:AGTAC,0.034037476314127305,7.01803635342831e-05,0.04414344866306408,0.058179521369920696,0.06849603480946032,0.04814372938451821,0.033756754859990176,0.04295038248298126,0.13565864271176925,0.10162116639764195,0.05761807846164643,0.06049547336655204,0.0523545511965752,0.020071583970804968,0.02870376868552179,0.04800336865744965,0.04021334830514422,0.06800477226472033,0.019720682153133554,0.025896554144150468,0.011860481437293844
B:AGTAG,0.03375796178343949,0.0004632310364794441,0.04626519976838448,0.058251302837290096,0.07481181239143023,0.042906774753908514,0.03132599884192241,0.04678633468442386,0.13763752171395482,0.0910828025477707,0.05605095541401274,0.0649102489866821,0.05431383902721482,0.02020845396641575,0.02918355529820498,0.0464968152866242,0.037290098436595254,0.07151129125651419,0.022814128546612623,0.02362478286045165,0.010306890561667632
B:AGTAT,0.03392888319851015,0.00023278822091602164,0.04987487633125764,0.06075772565908165,0.08112669498923354,0.043415003200838034,0.030029680498166792,0.045451900133853224,0.13234010359075832,0.07402665425129488,0.05848804050515044,0.06488971658034104,0.05284292614793691,0.021998486876564045,0.03212477448641099,0.05150439387766979,0.03608217424198336,0.07821684222778327,0.020136181109235873,0.023569807367747192,0.008962346505266833
B:AGTCA,0.0266924720777388,0.00020160477400104834,0.048586750534252654,0.04995766299745978,0.06906979557275916,0.042659570178621826,0.03362767630337486,0.045804604653038185,0.14850207652917222,0.10725373976855772,0.05725575581629773,0.0625378008951252,0.05419136325148179,0.02076529172210798,0.02673279303253901,0.045683641788637555,0.0362888593201887,0.06846498125075602,0.022378129914116366,0.02165235272771259,0.011693076892060804
B:AGTCC,0.025200581551881967,0.0004846265683054224,0.047008777125625976,0.05589359754455872,0.05880135695439125,0.04210866404609337,0.036239297829949925,0.04227020623552851,0.1516881158795972,0.12261052178127188,0.05772440902482365,0.0595013731086102,0.05600129233751548,0.019115825749824997,0.024931344569490064,0.04345484895805288,0.034839265521512036,0.06542458672123203,0.024285175811749504,0.0204620106617845,0.01195412201820042
B:AGTCG,0.023391812865497075,0,0.04327485380116959,0.06257309941520468,0.06754385964912281,0.042105263157894736,0.04093567251461988,0.0412280701754386,0.13508771929824562,0.1324561403508772,0.05526315789473684,0.05526315789473684,0.05672514619883041,0.02046783625730994,0.025730994152046785,0.03450292397660819,0.028070175438596492,0.06578947368421052,0.027192982456140352,0.024269005847953218,0.018128654970760234
B:AGTCT,0.02768375241779497,0.00016118633139909736,0.045817214700193426,0.05504513217279175,0.06757736943907157,0.043157640232108316,0.03332527401676338,0.043480012894906515,0.14406028368794327,0.10823662153449387,0.0579464861379755,0.06789974210186976,0.0549645390070922,0.01849613152804642,0.026676337846550612,0.04069954867827208,0.03622662798194713,0.06967279174725984,0.022807865892972276,0.024298839458413928,0.011766602192134107
B:AGTGA,0.029369842460615154,0,0.047261815453863466,0.050337584396099026,0.07044261065266316,0.040847711927982,0.03297074268567142,0.044073518379594896,0.1468867216804201,0.10877719429857464,0.05607651912978245,0.060952738184546135,0.055026256564141035,0.021192798199549886,0.0295198799699925,0.04538634658664666,0.037021755438859716,0.06721680420105026,0.022355588897224304,0.022955738934733683,0.011327831957989497
B:AGTGC,0.02316583163847413,0.00014881690560047622,0.047026142169750484,0.052135522595366836,0.06666997370901334,0.04325611389453842,0.036063296790515405,0.04563718438414604,0.1381516940324421,0.1331911305124262,0.059477156604990325,0.054318170544173816,0.053970931097772706,0.02004067662086413,0.02519966268168064,0.04181755047373382,0.03070588818889826,0.06810853712981794,0.028225606428890323,0.020338310432065083,0.012351803164839525
B:AGTGG,0.026186195575705465,0.000156335495974361,0.04185882904713515,0.055733604314859686,0.06319862424763542,0.039318377237551785,0.03595716407410302,0.041897912921128745,0.15004299226139295,0.12350504181974517,0.056984288282654574,0.06319862424763542,0.05471742359102634,0.01899476276088486,0.025990776205737514,0.042054248417103104,0.03720784804189791,0.06394121785351364,0.0252481825998593,0.02059720159462206,0.013210349409833502
B:AGTGT,0.02466879853814527,0.00011420740063956144,0.047243794731231914,0.05299223389675651,0.07137962539972591,0.043627227044312475,0.03574691640018273,0.04389371097913811,0.14538602101416173,0.11595858078270138,0.05535252017664078,0.060453784071874524,0.053258717831582154,0.01899649763971372,0.027219430485762145,0.04370336531140551,0.034452565859601034,0.06955230698949291,0.02310796406273793,0.022765341860819247,0.010126389523374447
B:AGTTA,0.03326140729435293,0,0.04799747381716752,0.05652334087679596,0.08299563180885217,0.049734224514499235,0.03368243776643334,0.0450502605126046,0.1337298036945424,0.08115362349350035,0.05810220514709752,0.06494395031840429,0.051997263301931475,0.02073575074996053,0.031419398979001104,0.046208094310825745,0.03557707489079522,0.0751539392663544,0.01984106099678964,0.023314562391453082,0.008578495868638493
B:AGTTC,0.027710541691010768,0.0002503964610633503,0.04995409398213838,0.05496202320340539,0.0659794674901928,0.0445288373257658,0.034137384191636755,0.04260913112428011,0.14393623236791586,0.11142642517319089,0.06017861614222519,0.05971955596360905,0.055421083382021535,0.01886320006677239,0.02633336115516234,0.044153242634170774,0.03250980719472498,0.0696936816626325,0.02353726733995493,0.021617561138469243,0.012478090309656957
B:AGTTG,0.029377575821621052,0.00015851209975694812,0.0462326957624432,0.05701151854591567,0.0721230053894114,0.04359082743316073,0.032125118884074814,0.047342280460741834,0.14667652964176264,0.09806615238296523,0.05516221071541794,0.0665750818979182,0.052573179752721126,0.019919687202789815,0.026471520659410334,0.04554580999682976,0.03677480714361196,0.06911127549402937,0.02182183239987319,0.022403043432315334,0.01093733488322942
B:AGTTT,0.02929459440895666,0.0002404011264509925,0.04674084758568583,0.058245758637269045,0.0786798543856034,0.048767085651487053,0.03149254756508002,0.044233807266982623,0.13355999725255854,0.08675046363074387,0.05481145683082629,0.06775877464111546,0.05271653272889622,0.022700734940586578,0.030977402294113606,0.047462050965038804,0.03643794216635758,0.07332234356755271,0.023593653410261695,0.023181537193488564,0.009032213750944432
B:ATCAA,0.034752210569607235,0.00025704297758585235,0.04673041332510796,0.05778326136129961,0.06914456097059428,0.04565083281924738,0.030074028377544724,0.045085338268558504,0.1432757557063541,0.0895023647953938,0.054184659675097675,0.0703269586674892,0.05377339091096031,0.01958667489204195,0.02925149084927,0.046627596134073614,0.03639728562615669,0.06935019535266297,0.020203578038247995,0.02734937281513469,0.010692987867571458
B:ATCAC,0.029872407329019773,0.0003023523009010099,0.04873919090524279,0.053516357259478745,0.07062949749047591,0.04118038338271754,0.032714518957489266,0.046078490657313904,0.14664086593698977,0.09548285662453891,0.05406059140110056,0.06530809699461813,0.05811211223317409,0.019350547257664632,0.027755941222712705,0.04662272479893572,0.03773356715244603,0.06899679506561045,0.023160186249017355,0.022797363487936144,0.010945153292616557
B:ATCAG,0.02882046956277239,0.000374900417076714,0.045831575987628284,0.05637565021791087,0.06935657715919209,0.04212943436899574,0.03308496180702001,0.04372276114157177,0.1442897980224003,0.09466235531187028,0.0566568255307184,0.06743521252167393,0.05740662636487183,0.01921364637518159,0.027742630863676836,0.04995548057547214,0.036974553634190915,0.06691972444819345,0.021978536951122358,0.024649702422793945,0.012418576315666152
B:ATCAT,0.03700361010830325,0.00026544913994478657,0.050276067105542575,0.05685920577617329,0.07538755574431939,0.04438309619876832,0.03403057974092164,0.040029730303673815,0.13564451051178594,0.07597154385219791,0.055107241452537696,0.0740072202166065,0.05155022297727755,0.019855595667870037,0.028031429178169462,0.05308982798895732,0.042790401359099596,0.07092801019324697,0.019324697387980462,0.02670418347844553,0.008759821618177958
B:ATCCA,0.029129793510324485,0.00013827433628318584,0.04452433628318584,0.05982669616519174,0.06010324483775811,0.043832964601769914,0.03161873156342183,0.04042219764011799,0.15906157817109146,0.09831305309734513,0.05374262536873156,0.07162610619469026,0.05517146017699115,0.018482669616519173,0.026179941002949854,0.04705936578171092,0.03908554572271387,0.06457411504424779,0.022123893805309734,0.023137905604719764,0.011845501474926254
B:ATCCC,0.026461315830275466,0.00010336451496201354,0.04305132048167864,0.05354281875032301,0.06026151222285389,0.04160421727221045,0.03607421572174273,0.03995038503281823,0.15778593208951366,0.12848209209778283,0.058969455785828725,0.06925422502454907,0.05705721225903147,0.018037107860871364,0.022791875549123986,0.03876169311075508,0.03302496253036333,0.05840095095353765,0.02253346426171895,0.021241407824693782,0.012610470825365651
B:ATCCG,0.02279728897104128,0,0.041281577325939615,0.053296364756623534,0.07024029574861368,0.04621072088724584,0.03758471965495995,0.039125077017868146,0.1361675908810844,0.12939001848428835,0.053912507701786815,0.06346272335181762,0.06869993838570548,0.021873074553296366,0.021873074553296366,0.036968576709796676,0.03234750462107209,0.0585335797905114,0.024337646333949477,0.021873074553296366,0.02002464571780653
B:ATCCT,0.02992378312835614,0.0003897453663606444,0.04577342802702235,0.05564697730815867,0.06569374675212195,0.04191927940412264,0.03408106703620301,0.041399618915641784,0.1564178070327386,0.10245972631214273,0.05841849991338992,0.06305213926901092,0.054780876494023904,0.018101507015416594,0.026892430278884463,0.04624978347479647,0.0383682660661701,0.06292222414689069,0.022821756452451065,0.02299497661527802,0.011692360990819332
B:ATCGA,0.02284843869002285,0,0.04607768469154608,0.07654226961157654,0.06207159177456207,0.0357958872810358,0.04379284082254379,0.03655750190403656,0.14623000761614624,0.10167555217060167,0.05140898705255141,0.05712109672505712,0.06169078446306169,0.024371667936024372,0.03313023610053313,0.04607768469154608,0.035034272658035034,0.059025133282559025,0.020944402132520943,0.02246763137852247,0.017136329017517136
B:ATCGC,0.02743142144638404,0.00041562759767248546,0.04447215295095595,0.057772236076475476,0.0656691604322527,0.04447215295095595,0.04156275976724855,0.035328345802161265,0.1396508728179551,0.12801330008312553,0.051953449709060684,0.06650041562759768,0.056940980881130504,0.019534497090606815,0.030756442227763924,0.037822111388196175,0.03158769742310889,0.06608478802992519,0.022443890274314215,0.01662510390689942,0.014962593516209476
B:ATCGG,0.02379095163806552,0,0.042901716068642744,0.04407176287051482,0.06435257410296412,0.041341653666146644,0.039781591263650544,0.0405616224648986,0.14742589703588144,0.12129485179407176,0.054602184087363496,0.06669266770670827,0.06669266770670827,0.022230889235569422,0.028081123244929798,0.033541341653666144,0.035491419656786274,0.056162246489859596,0.02925117004680187,0.0234009360374415,0.018330733229329172
B:ATCGT,0.021399456521739132,0,0.04483695652173913,0.05570652173913043,0.07370923913043478,0.036684782608695655,0.03974184782608696,0.044497282608695655,0.14605978260869565,0.09816576086956522,0.06114130434782609,0.07167119565217392,0.05298913043478261,0.024456521739130436,0.029211956521739132,0.03294836956521739,0.03770380434782609,0.07167119565217392,0.020720108695652172,0.025135869565217392,0.01154891304347826
B:ATCTA,0.03280289538691331,0.00034468891825127824,0.04871603377951399,0.058022634572298504,0.07732521399437008,0.043315907393577296,0.03148158786695008,0.04233928879186534,0.14172459355431724,0.07766990291262135,0.05675877520537715,0.07364853219968978,0.051760785890733615,0.017062101453438273,0.026713391164474062,0.04779686333084392,0.04153501464927903,0.07686562877003504,0.02148560923766301,0.024760153961050153,0.00787039696673752
B:ATCTC,0.027756704895354544,0.0006693739122673926,0.04649917443884154,0.05368378776384489,0.06631264224195636,0.04471417733946182,0.03150519880405194,0.04373242893480298,0.14619126243919853,0.10888482306216253,0.05993127761167388,0.06872238832611897,0.05564728457316257,0.01851934490606453,0.02592708286849034,0.04493730197688429,0.036146191262439197,0.06528626890981302,0.021509215047525548,0.022044714177339463,0.011379356508545673
B:ATCTG,0.026828899637243046,0.0003400846432889964,0.047574062877871824,0.05547158403869407,0.0666565900846433,0.044059854897218864,0.03306378476420798,0.042812877871825875,0.1466142684401451,0.1060686215235792,0.05573609431680774,0.06420042321644498,0.059023579201934705,0.018931378476420797,0.026451027811366386,0.04602478839177751,0.035671100362756954,0.06862152357920194,0.021198609431680775,0.022747883917775092,0.011902962515114872
B:ATCTT,0.0334072259168514,0.0001944541671528021,0.048846886788783885,0.05604169097343756,0.07303698518259247,0.04410220511025551,0.02975148757437872,0.045424493446894566,0.1435460661921985,0.08699879438416365,0.05911406681445183,0.06802006767005017,0.054913856803951305,0.019250962548127408,0.029207015906350872,0.045385602613464006,0.035740675922685025,0.06973126434099483,0.020145451717030294,0.02691245673394781,0.010228289192237389
B:ATTAA,0.03459169167588059,0,0.05003159058600537,0.05927183699257621,0.08008213552361396,0.04932080240088454,0.030721844890222713,0.047859737798136154,0.12644132048649503,0.07242141841731164,0.056942031274680144,0.0725793713473385,0.05425683146422366,0.021955457273732427,0.033643974095719474,0.04829410835571,0.03490759753593429,0.0750276417627547,0.020454904438477334,0.023929868899068077,0.007265834781235192
B:ATTAC,0.034368803701255786,7.343761474627305e-05,0.04736726151134611,0.05904384225600352,0.08357200558125873,0.050525078945435856,0.03209223764412132,0.0468531982081222,0.1269736358963061,0.07666886979510905,0.05669383858412279,0.07079386061540721,0.051846956010868764,0.0196078431372549,0.03135786149665859,0.04773444958507748,0.035396930307703606,0.07453917896746713,0.02100315781743409,0.025409414702210472,0.008078137622090035
B:ATTAG,0.03617006756295639,0.00013649082099228828,0.04695284242134717,0.058486316795195524,0.08271343752132669,0.04852248686275848,0.027502900429946086,0.04695284242134717,0.13396574080393095,0.07309083464137037,0.05445983757592302,0.07568416024022384,0.05166177574558111,0.020541868559339385,0.028936054050365114,0.0453149525694397,0.03985531972974817,0.07404627038831639,0.019927659864874086,0.02709342796696922,0.007984713028048864
B:ATTAT,0.03648193852367063,4.487323311644604e-05,0.04886695086380974,0.05703387929100292,0.08875925510433026,0.046892528606686114,0.030468925286066862,0.04832847206641239,0.13058110836885797,0.06394435719093561,0.05595692169620821,0.07314336997980704,0.04819385236706305,0.022257123625757234,0.03257796724253983,0.048777204397576844,0.03693067085483509,0.07579089073367735,0.020237828135517163,0.027148306035449855,0.007583576396679381
B:ATTCA,0.03257964620540449,0.00025452848597972257,0.04640902727696941,0.058202180460696556,0.07249819708989098,0.044033428074492,0.03283417469138421,0.046621134348619184,0.14342680184957365,0.07758876680948543,0.051457175582233915,0.06957111950112417,0.05620837398718873,0.020616807364357528,0.030246468417257033,0.04836041233614729,0.04042760785644593,0.07398294659143936,0.02210155686590591,0.02494379162601281,0.007635854579391677
B:ATTCC,0.03414458821113165,0.0004621072088724584,0.04431094680632573,0.053604436229205174,0.0633086876155268,0.04348942287944137,0.03203943314849045,0.04626206613267612,0.15100636681043336,0.09098377490244404,0.054117888683507906,0.07085643869377696,0.05576093653727665,0.021205586362702814,0.028085849250359417,0.04651879235982748,0.03743068391866913,0.06823783117683302,0.022027110289587183,0.02485109878825221,0.011295953994660095
B:ATTCG,0.03385917660638707,0,0.04924971142747211,0.06233166602539438,0.07387456714120816,0.04116968064640246,0.03770681031165833,0.04694113120430935,0.14082339361292806,0.09926894959599845,0.05232781839168911,0.06502500961908426,0.05309734513274336,0.020007695267410544,0.029626779530588686,0.03385917660638707,0.03963062716429396,0.06079261254328588,0.02308580223162755,0.025394382454790303,0.0119276644863409
B:ATTCT,0.033822842985889195,0.0003590535348820509,0.047646404078848154,0.05583282467415892,0.07655021363685326,0.04743097195791893,0.031417184302179456,0.04868765933000611,0.14344188718537934,0.07791461706940504,0.05439661053463071,0.06847150910200711,0.0536066927578902,0.019029837348748697,0.03059136117195074,0.046928297009084054,0.037916053283544575,0.07213385515780403,0.021255969265017414,0.024631072492908693,0.007935083120893326
B:ATTGA,0.03495396164447833,0.0004105331065626649,0.04744589760131371,0.0587648818251129,0.06990792328895666,0.04791507829452818,0.028971907805993784,0.046918069321447424,0.14005043692452054,0.08128555509940766,0.053897132133012726,0.07348542607471703,0.0562430355990851,0.020702598088088674,0.028854612632690166,0.04744589760131371,0.037006627177291654,0.06914550466248313,0.02017476980822239,0.027329775379743123,0.009090375931030438
B:ATTGC,0.0315311851111282,0.00015381065907867414,0.047988925632546336,0.05714065984772745,0.07344458971006691,0.04229793124663539,0.03199261708836423,0.04299007921248942,0.14504345151118972,0.08467276782281012,0.05152657079135584,0.06998384988079674,0.05721756517726678,0.02237945089594709,0.030377605168038144,0.045835576405444896,0.039606244712758594,0.06721525801738061,0.02130277628239637,0.025840190725217257,0.011458894101361224
B:ATTGG,0.03181208053691275,0.00040268456375838925,0.045369127516778525,0.058859060402684564,0.0702013422818792,0.04120805369127517,0.031610738255033556,0.041073825503355706,0.15818791946308725,0.09073825503355705,0.05657718120805369,0.0691275167785235,0.05416107382550336,0.020067114093959733,0.0251006711409396,0.04785234899328859,0.03778523489932886,0.06308724832214765,0.02080536912751678,0.02570469798657718,0.010268456375838926
B:ATTGT,0.03527568605650174,0.0001010764643452772,0.04684894122403598,0.061606105018446454,0.07611057765199374,0.044726335472785164,0.03345630969828675,0.04482741193713044,0.14378127053115683,0.07924394804669732,0.05230707029868095,0.07024814271996765,0.051801687976954565,0.020013139940364886,0.030171324607065245,0.04417041491888614,0.04032950927376561,0.07171375145297418,0.01910345176125739,0.02496588669328347,0.009197958255420226
B:ATTTA,0.03401251403818386,6.417455478902615e-05,0.050344938231991015,0.05528637895074603,0.08538424514679929,0.05140381838600995,0.03154179367880635,0.047200385047328736,0.1322316701427884,0.07046366115835072,0.055061768008984435,0.07370447617519653,0.05044120006417455,0.021338039467351196,0.03150970640141184,0.047521257821273866,0.03519974330178084,0.07341569067864592,0.021113428525589603,0.025092250922509225,0.007668859297288625
B:ATTTC,0.0357600341588386,0.0002134927412467976,0.04636350697409621,0.05807002561912895,0.07621690862510674,0.04575861087389695,0.03223740392826644,0.04910333048676345,0.13585254768004554,0.0748647879305437,0.05383575291773413,0.07340592086535724,0.05291061770566467,0.021883005977796754,0.03323370338741816,0.04867634500426986,0.03693424423569599,0.07258753202391119,0.019321093082835184,0.023804440649017933,0.008966695132365499
B:ATTTG,0.034529425411801096,0.00023200061866831645,0.0500734668625783,0.05796148789730106,0.07366019642719047,0.046129456345216924,0.028536076096202925,0.04709612558966824,0.1368803650143067,0.07775887402366406,0.053514809372825,0.07257752687340499,0.0529348078261542,0.01975871935658495,0.029541412110432295,0.050846802258139354,0.038976103936277165,0.07362152965741242,0.021073389529038745,0.025442734513958704,0.008854690279174078
B:ATTTT,0.03481271233819292,8.601040725927837e-05,0.049821528404937,0.05999225906334667,0.08456973293768547,0.05027308304304821,0.03012514514256225,0.04528447942201006,0.13295058702102955,0.07059304175805273,0.056874381800197826,0.07020599492538597,0.04878940351782566,0.02102954457489356,0.03464069152367436,0.04887541392508494,0.0350062357545263,0.07366791381757193,0.01961037285511547,0.024986023308820368,0.007805444458779513
B:CACAA,0.02840371141829199,0.0001893580761219466,0.04559742473016474,0.056542321530013255,0.07218329861768605,0.04366597235372088,0.03442529823896989,0.04309789812535505,0.14868396137095247,0.10819920469608028,0.05222495739443287,0.0673736034841886,0.05237644385533043,0.01779965915546298,0.02794925203559932,0.04359022912327211,0.03601590607839424,0.06824465063434955,0.022041280060594585,0.021548949062677524,0.009846619958341223
B:CACAC,0.021755148657112332,0.00011052573407508382,0.043841874516449914,0.04343661349150794,0.06285230077736433,0.045352392882142725,0.036657701801569464,0.040028736690859525,0.15254393397929483,0.126146704491029,0.05649707106804701,0.06633386140072947,0.06080757469697528,0.015528865637549277,0.022252514460450207,0.044081346940279265,0.031628780901153154,0.07845485023763032,0.02230777732748775,0.01856832332461408,0.010813100983679033
B:CACAG,0.021779126995078422,9.199208868037349e-05,0.04482314520951198,0.050158686352973644,0.05988684973092314,0.0385216871349064,0.03787774251414378,0.0419713904604204,0.14997010257117888,0.1374821765328182,0.05363138770065774,0.06264661239133434,0.05475829078699232,0.018398417736074698,0.025067844165401774,0.042914309369394235,0.03410606687824847,0.06917805068764087,0.023595970746515798,0.020376247642702728,0.012763902304401822
B:CACAT,0.027200260289572148,0.00019521717911176182,0.04688465918334147,0.0547584187408492,0.06800065072393037,0.046949731576378724,0.03709126403123475,0.04242720026028957,0.14914592484138603,0.1026517000162681,0.05283878314625021,0.06770782495526273,0.0564503009598178,0.017439401333984056,0.026939970717423132,0.044769806409630714,0.035204164633154386,0.07112412558971856,0.02160403448836831,0.020693020985846754,0.009923539938181227
B:CACCA,0.023934815820743506,0.00023765065353929723,0.04691902902732983,0.052554744525547446,0.058156509930402306,0.04304871838397556,0.03829570531318961,0.038872856900356474,0.14853165846206076,0.13719232727890002,0.05625530470208793,0.05730775759633339,0.05540655236801901,0.018910202003055508,0.02671872347648956,0.04124936343574945,0.033237141402138855,0.06260397216092345,0.026141571889322694,0.019758954337124428,0.014666440332710915
B:CACCC,0.02459329737076838,0,0.042305568534171514,0.05097056449900183,0.054920783247674465,0.03695365926177632,0.041413583655438985,0.03767574225884552,0.15163742938453043,0.14764473516544196,0.05615257188973368,0.0625238924521089,0.05802149258803041,0.01856178057171983,0.020303274858769062,0.034914836681816254,0.03516968950431126,0.059805462345495476,0.03134689716688612,0.01924138809837319,0.0158433504651064
B:CACCG,0.019525547445255476,0.000364963503649635,0.046897810218978105,0.05510948905109489,0.06076642335766423,0.04343065693430657,0.041240875912408756,0.03394160583941606,0.13503649635036497,0.1583941605839416,0.04872262773722628,0.05857664233576643,0.05583941605839416,0.02408759124087591,0.023722627737226276,0.028832116788321167,0.0364963503649635,0.05894160583941606,0.03613138686131387,0.017153284671532848,0.016788321167883213
B:CACCT,0.026380087042834236,0.0003817668168282813,0.04455218752386043,0.05111857677330686,0.05799037947621593,0.03913109872489883,0.03684049782392915,0.042108879896159426,0.1507597159654883,0.13945941818737115,0.05566160189356341,0.05688325570741391,0.0589066198366038,0.019813697793387798,0.025196609910666565,0.03649690768878369,0.033939070016034203,0.06360235168359166,0.025349316637397878,0.02042452470031305,0.015003435901351454
B:CACGA,0.022697223446452183,0,0.04451300132216836,0.0500220361392684,0.05883649184662847,0.039003966505068315,0.0493609519612164,0.03966505068312032,0.13486117232260908,0.14433671220802116,0.057955046275892465,0.06698986337593654,0.052225650066108416,0.020713970912296167,0.02600264433671221,0.03525782282944028,0.03283384750991626,0.06346408109299251,0.029308065226972234,0.019612163948876157,0.0123402379903041
B:CACGC,0.017000801924619086,0.00032076984763432237,0.04314354450681636,0.05116279069767442,0.0631916599839615,0.043785084202085,0.04731355252606255,0.037209302325581395,0.13151563753007217,0.16263031275060144,0.058861267040898155,0.0545308740978348,0.05517241379310345,0.021010425020048115,0.0243785084202085,0.02999198075380914,0.030312750601443464,0.06367281475541299,0.03255813953488372,0.01619887730553328,0.01603849238171612
B:CACGG,0.01750861079219288,0.00014351320321469576,0.04147531572904707,0.05137772675086108,0.06285878300803674,0.03989667049368542,0.04893800229621125,0.03989667049368542,0.1277267508610792,0.16733639494833524,0.05640068886337543,0.058266360505166474,0.053386911595866816,0.02195752009184845,0.02497129735935706,0.030281285878300805,0.03071182548794489,0.06128013777267509,0.028559127439724455,0.017939150401836967,0.019087256027554535
B:CACGT,0.02301983946690898,0,0.04513100106012419,0.05118885355141602,0.06936241102529153,0.04270786006360745,0.04573678630925337,0.03983038013024383,0.13584734211721944,0.1375132515523247,0.05285476298652128,0.05452067242162653,0.053309101923368164,0.023625624716038164,0.023625624716038164,0.03195517189156444,0.03634711494775102,0.06572769953051644,0.029229138270483113,0.01968802059669847,0.018779342723004695
B:CACTA,0.029973441254584544,0,0.04875426836979891,0.05558366004805868,0.07164537751359555,0.0442013405842924,0.032566080687997975,0.04337928417857594,0.14702162640698116,0.0994688250916909,0.054066017452889845,0.060515998482357405,0.05229543442519287,0.02099405589983559,0.028455798659415707,0.047616036423422284,0.03762488933856077,0.06911597318831415,0.022574933603136463,0.023523460225116984,0.010623498166181864
B:CACTC,0.025263540530716104,0.0001817520901490367,0.04448382406397674,0.05002726281352236,0.06643038894947292,0.03975826972010178,0.035850599781897495,0.041348600508905854,0.1492639040348964,0.12831697564521993,0.0564340239912759,0.0626590330788804,0.05597964376590331,0.01872046528535078,0.026762995274445655,0.04157579062159215,0.033987640857869865,0.06420392584514723,0.025854234823700473,0.02099236641221374,0.011904761904761904
B:CACTG,0.02226917147262034,5.710043967338549e-05,0.04336778393193628,0.0519042996631074,0.0661223091417804,0.04008450865071661,0.036829783589333635,0.04453834294524068,0.14569177182664306,0.13327242619768173,0.05604408153942785,0.05687203791469194,0.05338891109461543,0.019642551247644607,0.02717980928453149,0.04116941700451093,0.03411751270484783,0.06700736595671787,0.027122708844858106,0.020441957403072003,0.012876149146348426
B:CACTT,0.02935822456330609,0.00015492466788024324,0.04841395871257601,0.05468840776172586,0.06983229404701964,0.04392114334404896,0.03373484643092296,0.04508307835315078,0.14121383477284172,0.1055424299934157,0.059839652968743946,0.06189240481815717,0.05523064409930671,0.020217669158371743,0.026569580541461715,0.045160540687090904,0.03578759828033619,0.06874782137185793,0.020876098996862776,0.023122506681126302,0.01061233974979666
B:CATAA,0.03660653237258718,0.00015778677746804818,0.04922947457003103,0.05527796770630621,0.0780518592541945,0.048019775942776,0.02929574501656761,0.04596854783569137,0.13590701099247884,0.07605322673959922,0.05901225477305002,0.07284489559774891,0.05264818808183874,0.019565560406037973,0.031767737863567035,0.04581076105822332,0.035344238152842794,0.07552727081470573,0.02067006784831431,0.024351759322568767,0.007889338873402409
B:CATAC,0.02815499882931398,0.00017560290330133457,0.05215406228049637,0.04975415593537813,0.06596815734020135,0.049402950128775464,0.03430110044486069,0.039335050339498946,0.1435261062982908,0.09927417466635448,0.05648560056192929,0.07065090142823695,0.056778272067431516,0.019550456567548582,0.029793959260126433,0.044837274642940766,0.034476703348162024,0.07199719035354718,0.02013579957855303,0.022067431514867713,0.011180051510184969
B:CATAG,0.03368504203577272,0.0003949669920442363,0.04891948315747898,0.05772160469446482,0.06223551317497038,0.044123455396941826,0.0324437172036337,0.04186650115668905,0.14946679456074027,0.09372002482649665,0.05326412006996558,0.06816001805563392,0.05439259719009197,0.01704000451390848,0.02871974270721661,0.048242396885403147,0.040286633188512104,0.07081193928793093,0.0214410652824014,0.02256954240252779,0.010494837217175422
B:CATAT,0.03551347974434139,0.00019222451823730117,0.049786150223461,0.05958960065356336,0.07304531693017445,0.04988226248257965,0.030659810658849537,0.041039934643663796,0.14450478158489116,0.07443894468739488,0.05122783411024076,0.07746648084963237,0.05194867605363064,0.021577202172137055,0.03061175452929021,0.04762362439329136,0.04195300110529098,0.07136335239559806,0.01797299245518766,0.023403335095391418,0.006199240713152963
B:CATCA,0.030366492146596858,0.0004607329842931937,0.04812565445026178,0.05562303664921466,0.06659685863874346,0.0412565445026178,0.03426178010471204,0.04213612565445026,0.14546596858638744,0.1014869109947644,0.056,0.0682303664921466,0.056837696335078534,0.018219895287958116,0.0252565445026178,0.04774869109947644,0.037947643979057595,0.06592670157068063,0.021277486910994764,0.024,0.012774869109947644
B:CATCC,0.02805736171728868,0.00017814197915738843,0.041373474659303466,0.055669368486683884,0.05883138861672753,0.040126480805201745,0.03834506101362786,0.0400819453104124,0.1558742317627149,0.12091386835307741,0.05736171728867908,0.06751581010065022,0.0577625367417832,0.018526765832368397,0.02342567025919658,0.0408390487218313,0.035361182862741605,0.06070187939788011,0.024093702681036788,0.02066446958225706,0.014295893827380422
B:CATCG,0.01763803680981595,0,0.04268916155419223,0.05547034764826176,0.062116564417177916,0.04115541922290389,0.04831288343558282,0.04243353783231084,0.14238241308793456,0.1280674846625767,0.05547034764826176,0.0679959100204499,0.054447852760736194,0.022494887525562373,0.024539877300613498,0.0352760736196319,0.03834355828220859,0.06032719836400818,0.02581799591002045,0.01687116564417178,0.018149284253578733
B:CATCT,0.02885372899159664,0.0005908613445378151,0.046579569327731093,0.05435924369747899,0.0703453256302521,0.042246586134453784,0.032530199579831935,0.0431000525210084,0.14607405462184875,0.11052389705882353,0.054424894957983194,0.06683298319327731,0.057937237394957986,0.018546481092436975,0.023306197478991597,0.04355961134453781,0.035845588235294115,0.06840861344537816,0.020942752100840335,0.022846638655462184,0.012145483193277311
B:CATGA,0.027794746487477092,0.0007854088489396981,0.046033685312854525,0.0524042237542543,0.06684701980975652,0.04385199406579981,0.03329260843005498,0.042019373418273845,0.14660965180207697,0.10140500916310324,0.05493498560083777,0.0654943712365826,0.05384413997731041,0.020856968321843094,0.024958547866305962,0.04873898245920237,0.04097216161968758,0.07134130377868925,0.022209616895017017,0.02535125229077581,0.010253948861157169
B:CATGC,0.026971140879259194,0.0002697114087925919,0.04387305583026162,0.048772813089993705,0.06585453564685786,0.039243009979322126,0.03843387575294435,0.04288411399802212,0.14141868201024904,0.1337768587611256,0.05502112739368875,0.06509035332194552,0.05254877281308999,0.01919446192573946,0.025712487638227095,0.04297401780095298,0.03447810842398633,0.06783241931133686,0.023554796367886363,0.019104558122808594,0.012991099523509844
B:CATGG,0.02633899052237161,0,0.0449636323561825,0.048563661744177505,0.05833517008302109,0.040959518036881935,0.03849827345529351,0.04037175813680112,0.15377268385864373,0.12713981338623173,0.05620454044522812,0.0639556241275439,0.05675556535155389,0.019616486665197268,0.024355300859598854,0.041584012930717805,0.03563294394239953,0.06461685401513481,0.022445081184336198,0.02112262140915436,0.014767467489530527
B:CATGT,0.02615423734970395,0.0001453013186094664,0.04773148316320971,0.050819136183660865,0.06789204112027317,0.04300919030840205,0.03937665734316539,0.04279123833048785,0.1501689127828835,0.10280068291619747,0.057575647499001056,0.06527661738530277,0.05307130662210759,0.018416942133749864,0.028515383777107776,0.045733590032329546,0.03509026844418613,0.07159722474481456,0.021105016528024993,0.021940499110029422,0.010788622906752879
B:CATTA,0.03132276305577115,0.00022175407473112318,0.047954318660605386,0.054606940902539085,0.08188269209446723,0.04501607717041801,0.03315223417230292,0.04745537199246036,0.13233174409579776,0.07722585652511364,0.05549395720146358,0.07378866836678125,0.05333185497283512,0.02234172302916066,0.031101008981040026,0.047788003104557046,0.03581328306907639,0.07456480762834017,0.02211996895442954,0.024115755627009645,0.008371216321099901
B:CATTC,0.03261532685719649,0.0006100708620770567,0.047397813130602096,0.055844948143976725,0.0679525083298137,0.04054624806419822,0.03374161152564644,0.0468815993242292,0.14820029095687268,0.09155755783941058,0.050823595663804025,0.06799943685766577,0.05570416256042048,0.021727908395513633,0.028720259045473744,0.044769815570885545,0.038340607255150407,0.07203529025294476,0.0220564080904782,0.02299497864751983,0.009479562626120418
B:CATTG,0.03255168157975934,0.00025712228735986836,0.04787616990640749,0.057646816826082484,0.06849737735266893,0.040573896945387225,0.03347732181425486,0.04509924920292091,0.1517535739997943,0.08798724673454696,0.05327573794096472,0.06757173711817341,0.06057801090198498,0.019129898179574206,0.026020775480818676,0.0416023860948267,0.04000822791319551,0.06860022626761288,0.019129898179574206,0.02648359559806644,0.011879049676025918
B:CATTT,0.03354075396936127,0.0001395206071936825,0.046320841588302596,0.05536177693445322,0.07947093785752156,0.04537210145938555,0.032117643775985714,0.049474007310879815,0.13843234645757177,0.07500627842732371,0.05469207801992354,0.07235538689064375,0.055222256327259536,0.02106761168624606,0.030638725339732678,0.04958562379663476,0.03822864637106901,0.07143455088316544,0.01900270669977956,0.024109160923068338,0.008427044674498424
B:CCCAA,0.0282057454662173,0.0002006098539560263,0.044254533782699404,0.05749478414379714,0.05725405231904991,0.044415021665864224,0.03538757823784304,0.04100465414861178,0.15667629593965657,0.11627347135291285,0.056210881078478575,0.06523832450649976,0.056050393195313755,0.017934520943668753,0.02407318247472316,0.044334777724281814,0.033622211523030014,0.06251003049269781,0.024474402182635212,0.0221072059059541,0.01227732306210881
B:CCCAC,0.024163502820849447,0.00010644714899052621,0.042365965298229426,0.053081644963275734,0.05854593194478941,0.03942092750949154,0.03899513891352943,0.03775325550863996,0.1533548593123514,0.1414682610084093,0.05684277756094099,0.06514565518220204,0.05627505943299152,0.01681864954050314,0.02249583081999787,0.036830713550722066,0.03218252137813576,0.057552425220877834,0.03104708512223681,0.020153993542206296,0.015399354220629458
B:CCCAG,0.021389728096676736,9.667673716012085e-05,0.04145015105740181,0.05077945619335347,0.05230211480362538,0.03900906344410876,0.03966163141993958,0.037486404833836855,0.15398187311178246,0.1527250755287009,0.058561933534743205,0.06221148036253776,0.059697885196374624,0.01844108761329305,0.020374622356495467,0.036277945619335346,0.032459214501510576,0.060930513595166165,0.026803625377643504,0.018827794561933536,0.016531722054380665
B:CCCAT,0.02864383003755826,0.00045250916331055705,0.04574867641069732,0.05276256844201095,0.05855468573238608,0.04122358477759175,0.03615548214851351,0.038915788044707904,0.15471288293587945,0.12000543010995973,0.05416534684827368,0.06611158875967238,0.05995746413864881,0.019050635775374452,0.02434499298610797,0.040906828363274354,0.038508529797728404,0.061993755373546316,0.02235395266754152,0.020996425177609846,0.01443504230960677
B:CCCCA,0.024424844260778386,0.00018503669894529083,0.04274347745636218,0.055110096835872445,0.05711466107444643,0.039721211373589096,0.03824091778202677,0.03697650033923395,0.15549250601369272,0.14090544624683896,0.055973601430950475,0.06297415654104731,0.05810152346882132,0.018226114846111145,0.021063344229938937,0.036513908591870724,0.033769197557515576,0.05754641337198545,0.028310614938629495,0.020199839634860915,0.01640658730648245
B:CCCCC,0.025985257175802003,8.236214635753408e-05,0.042498867520487586,0.054976732693653996,0.054976732693653996,0.03891611415393485,0.04254004859366635,0.039739735617510194,0.1511757196392538,0.1334266770992052,0.054564921961866325,0.07379648313635054,0.059465469670139603,0.01737841288143969,0.019849277272165712,0.033603755713873903,0.03319194498208623,0.0551002759131903,0.02932092410328213,0.02297903883375201,0.016431248198328047
B:CCCCG,0.016924307036247335,0,0.04011194029850746,0.05716950959488273,0.053304904051172705,0.04011194029850746,0.043843283582089554,0.0365138592750533,0.13765991471215352,0.15751599147121534,0.05397121535181237,0.05770255863539445,0.06050106609808102,0.02198827292110874,0.023454157782515993,0.026918976545842216,0.03504797441364606,0.057569296375266525,0.03744669509594883,0.017723880597014924,0.024520255863539446
B:CCCCT,0.027004586430491855,0.0005535347145342401,0.04183140914123043,0.053930096473193107,0.056421002688597184,0.03787758975170014,0.040684801518266644,0.04325478412146133,0.15253835204807845,0.13217618219199748,0.05408824924877432,0.070496599715325,0.05673730823975961,0.017594496283409772,0.020045864304918552,0.0345168432705994,0.03424007591333228,0.0608097422109758,0.02842796141072276,0.02059939901945279,0.01617112130317887
B:CCCGA,0.020603650822338695,0,0.041749502982107355,0.05403939996385324,0.056750406651003074,0.04662931501897705,0.04897885414784023,0.03162841135008133,0.1453099584312308,0.1518163744803904,0.05711187420928972,0.05168986083499006,0.06126875112958612,0.019338514368335443,0.021688053497198625,0.02855593710464486,0.030001807337791432,0.06036508223386951,0.03650822338695102,0.015723838785469003,0.02024218326405205
B:CCCGC,0.01828263150007493,0.0001498576352465158,0.04181028023377791,0.05964333882811329,0.049153304360857186,0.04225985313951746,0.044507717668215194,0.03386782556571257,0.12977671212348268,0.16829012438183724,0.05125131125430841,0.05140116888955492,0.05724561666416904,0.02712423197961936,0.023227933463209952,0.025925370897647234,0.038363554623108045,0.058444477746141164,0.0379139817173685,0.014686048254158549,0.026674659073879815
B:CCCGG,0.017829255596043727,0,0.04034357105674128,0.05986465382613222,0.045809474232170744,0.03956272774596564,0.049583550234252996,0.03839146277980219,0.13742842269651223,0.16501821967725144,0.05101509630400833,0.05530973451327434,0.05804268610098907,0.024986985944820406,0.02303487766788131,0.026028110359187923,0.036048932847475276,0.052967204580947426,0.03162415408641333,0.02043206663196252,0.02667881311816762
B:CCCGT,0.018189334435717238,0.00041339396444811904,0.04051260851591567,0.05642827614716825,0.058495245969408846,0.038238941711451015,0.04257957833815626,0.04319966928482844,0.1357999173212071,0.15791649441918149,0.054981397271599834,0.06097560975609756,0.057668458040512606,0.019636213311285657,0.02252997106242249,0.03307151715584952,0.03162463828028111,0.06304257957833816,0.029144274493592394,0.017775940471269118,0.017775940471269118
B:CCCTA,0.028595512903644146,0.00038905459732849174,0.04856698223317339,0.05595901958241473,0.060433147451692384,0.04273116327324601,0.03183763454804824,0.04396316949811957,0.1473868499546103,0.1182725975878615,0.05206847360912981,0.06587991181429127,0.05576449228375049,0.018998832836208016,0.021592530151731293,0.042796005706134094,0.035468810789780834,0.06678770587472442,0.026001815588120866,0.023019063675269097,0.013487226040721048
B:CCCTC,0.025225348733591526,0.00017136785824450765,0.04263632313123351,0.052884121054255065,0.05658566679233643,0.03893477739315214,0.0403057202591082,0.039003324536449946,0.15536210028447064,0.13305000514103574,0.056003016074305106,0.06196661754121397,0.058642081091270525,0.01675977653631285,0.02080405799088323,0.035096137368475167,0.03533605237001748,0.06354320183706344,0.028755526613428384,0.0223463687150838,0.01658840867806834
B:CCCTG,0.023788963480876904,0.0001671355748070977,0.04267528343407894,0.05192345190673835,0.05398479066269255,0.037577648402462464,0.039750410874954734,0.040363241315914095,0.14830496671216467,0.14529652636563692,0.060698069584110975,0.06256441683612357,0.056324688709991924,0.019749853756372043,0.021616201008384635,0.03874759742611215,0.03220145407950082,0.06111590852112872,0.027326666480960472,0.02008412490598624,0.0157385999610017
B:CCCTT,0.029885057471264367,0.0005065263978180401,0.04597701149425287,0.050808494058055716,0.06074420416910189,0.042119618157023184,0.036742645626339374,0.043444379505162674,0.14899668809662966,0.11194233391778687,0.055912721605299046,0.06744593804792519,0.05789986362750828,0.019325930255211378,0.023806740697447887,0.04161309175920514,0.035690629261640364,0.06518605104227547,0.025248392752776155,0.02283265147087473,0.013871030586401715
B:CCTAA,0.03162388023808092,0.00018036433595863645,0.049299585162027294,0.05729573738952685,0.07028196957854867,0.0466542415679673,0.03048157277700956,0.04497084109902002,0.1430289184151987,0.09739674141766368,0.052906871881200024,0.06691516864065412,0.052666386099921844,0.019058498166295918,0.027295136175073648,0.04274634762219684,0.03871821078578729,0.07268682739133049,0.020922262971201828,0.023206877893344555,0.011663560391991824
B:CCTAC,0.027661472990596472,0.00041183334477314847,0.0460566957237971,0.053469695929713776,0.06678564074404558,0.04070286224174617,0.034044889834580275,0.04331114009197611,0.1448280595785572,0.12190267005285195,0.056009334889148193,0.06150044615279017,0.060264946118470726,0.018189306060814057,0.02271947285331869,0.041732445603679044,0.03459400096094447,0.06438327956620221,0.024504084014002333,0.024641361795593383,0.01228636145239893
B:CCTAG,0.029943718922463253,0.00016392546855363094,0.046281623954975135,0.05021583520026228,0.05994207966777772,0.04125457625266379,0.03639145401890607,0.04371345828096825,0.15113928200644774,0.11993880115840665,0.05600786842249057,0.06152669253046281,0.05529752472542484,0.018359652478006666,0.02562701491721764,0.04311239822960494,0.03447899021911371,0.0667176657013278,0.02584558220862248,0.021474236380525653,0.012567619255778373
B:CCTAT,0.034014084507042255,0.00021126760563380283,0.04387323943661972,0.055,0.06549295774647887,0.04225352112676056,0.028873239436619718,0.04345070422535211,0.1523943661971831,0.09204225352112676,0.055,0.07197183098591549,0.056338028169014086,0.018098591549295776,0.027464788732394368,0.04669014084507042,0.038450704225352114,0.07084507042253521,0.02147887323943662,0.025492957746478872,0.01056338028169014
B:CCTCA,0.02720505895527304,0.00046110269415717013,0.044595217706343455,0.05441011791054608,0.05944931163954944,0.04028061392530136,0.036196561491337854,0.04159805019432185,0.15048415782886504,0.1281865489756933,0.05625452868717476,0.05984454252025558,0.05697911863513602,0.020848428957249192,0.024207891443251434,0.04252025558263619,0.034220407087807124,0.06198537645741387,0.026085238126605625,0.020156774916013438,0.014030696265068178
B:CCTCC,0.02604688982246917,0.0002168315489903781,0.04187559289876677,0.05203957175769074,0.05491258978181325,0.0396259655779916,0.03867732755115869,0.04011383656321995,0.14934272936712292,0.1416181054343407,0.05859872611464968,0.06185119934950535,0.05781271174955956,0.018078330397072774,0.021927090391651985,0.03694267515923567,0.03531643854180783,0.06071283371730587,0.02791706193251118,0.020273749830600353,0.016099742512535573
B:CCTCG,0.021875,0,0.045535714285714284,0.05416666666666667,0.05654761904761905,0.0400297619047619,0.047619047619047616,0.03705357142857143,0.14211309523809523,0.15550595238095238,0.0537202380952381,0.05327380952380952,0.061755952380952384,0.020833333333333332,0.021875,0.02976190476190476,0.03482142857142857,0.05952380952380952,0.029613095238095237,0.017857142857142856,0.016517857142857143
B:CCTCT,0.02552867712651519,0.00044603033006244426,0.04441937345857165,0.04914204754158577,0.05835126200346329,0.04009025554914205,0.03581361179619038,0.040772419583355195,0.1521750537860104,0.1289814766227633,0.05735425303038254,0.06446450123314268,0.06016162040195204,0.01873327386262266,0.023036154693813298,0.039119483654300256,0.03783386682059086,0.06310017316471637,0.02429553444928373,0.021986671564254604,0.014194259327281314
B:CCTGA,0.02327429233570601,0.0002317497103128621,0.045389836119847704,0.05151464989240192,0.06025492468134415,0.03992716437675881,0.03813938089720245,0.040887270319483526,0.1502400264856812,0.13060751531203443,0.05985763946366496,0.0593279258400927,0.05482536003972852,0.019235225955967557,0.023472934944545606,0.04161562655189538,0.034729349445456054,0.06058599569607681,0.029365999006786957,0.02267836450918722,0.013838768415825195
B:CCTGC,0.022649492875365565,0.00018667164457718873,0.04078775434011574,0.051116918673386844,0.05466367992035343,0.03714765727086056,0.04125443345155871,0.04088109016240433,0.14230601704934354,0.155777487399664,0.05727708294443407,0.06601953829879909,0.05550370232095078,0.01897828386534752,0.022836164519942755,0.03369423184618257,0.033134216912451,0.06287723228174974,0.02768962727894966,0.01857382863543028,0.016644888308132662
B:CCTGG,0.023201456549552208,7.381163271331562e-05,0.04106387166617459,0.05267690187973625,0.05107764983761441,0.0416051569727389,0.0392431847259128,0.038775711052061804,0.14897647869304204,0.15237181379785456,0.059935045763212284,0.060328707804349964,0.057819112292097234,0.019215628383033166,0.022340320834563526,0.03739789390807991,0.031222320637732507,0.05890168290522586,0.027211888593642358,0.018748154709182167,0.01781320736148017
B:CCTGT,0.025660820158102768,0.00015439723320158103,0.04384881422924901,0.0524024209486166,0.05953557312252965,0.04032855731225297,0.03816699604743083,0.04224308300395257,0.14868453557312253,0.13194787549407114,0.05826951581027668,0.06209856719367589,0.05410079051383399,0.018651185770750988,0.0245800395256917,0.04492959486166008,0.032763092885375496,0.06503211462450594,0.023746294466403164,0.019454051383399208,0.013401679841897234
B:CCTTA,0.033617288891429876,0.00034303356011663143,0.0469955977359785,0.055399919958835975,0.06906409010348179,0.042421816934423415,0.03430335601166314,0.04785318163627008,0.13795666342690527,0.09816477045337602,0.05442799153850552,0.06500485964210165,0.05551426447887485,0.02069635812703676,0.028986335829855353,0.04608084157566748,0.0375050025727517,0.06809216168315134,0.020925047167114515,0.025270138928591847,0.011377279743868275
B:CCTTC,0.02564020178003406,0.00025704462937377505,0.046653600231340166,0.050798444879992286,0.0599235292227613,0.040837965491758506,0.036082639848343666,0.0434726729428397,0.1568614850753462,0.1149953410660926,0.053786588696462426,0.06377919866336793,0.0602127044308068,0.01969604472576551,0.023391061273013526,0.039841917552935126,0.036693120843106386,0.06789191273334833,0.023840889374417633,0.022716319120907366,0.012627317417986698
B:CCTTG,0.026788065766206404,0.000188118439369427,0.04571278076677076,0.051732570826592425,0.05873057677113511,0.04040784077655292,0.03566725610444336,0.041837540915760564,0.15361751758907408,0.12235223296587532,0.0561721659957109,0.06350878513111856,0.057451371383423,0.018849467624816586,0.024342526054403853,0.04356823055795929,0.034689040219722335,0.06508898002182174,0.024568268181647163,0.021295007336619137,0.013431656570977087
B:CCTTT,0.031509613102302395,0.0005043911701875149,0.0466710182767624,0.05583906954664135,0.06951697127937337,0.04429741276999763,0.031954664134820794,0.04756112034179919,0.140903156895324,0.10001780204130073,0.05569071920246855,0.0639686684073107,0.05491929741277,0.020145976738666034,0.028008544979824353,0.044712793733681463,0.036612864941846665,0.06904225017802042,0.02246024210776169,0.023023973415618324,0.01263944932352243
B:CGCAA,0.02624142107387969,0.0008074283407347598,0.04440855874041179,0.06136455389584174,0.07549454985870004,0.04158255954784013,0.04198627371820751,0.03310456197012515,0.13887767460637868,0.11869196608800969,0.052079127977392004,0.060153411384739605,0.055712555510698425,0.023819136051675415,0.027452563584981833,0.03229713362939039,0.03552684699232943,0.06176826806620912,0.03270084779975777,0.020993136859103756,0.014937424303593056
B:CGCAC,0.017061207080400938,0.00021326508850501172,0.04329281296651738,0.05438259756877799,0.06269993602047345,0.03732139048837705,0.0509703561526978,0.038814246107912134,0.12241416080187674,0.18319471102580506,0.05331627212625293,0.05161015141821284,0.0509703561526978,0.02217956920452122,0.023245894647046277,0.02815099168266155,0.030070377479206652,0.06995094902964384,0.027511196417146513,0.014288760929835786,0.01834079761143101
B:CGCAG,0.017538108506802163,0,0.04277987215210621,0.05343386330109818,0.05966235043435503,0.03950172102933945,0.04556630060645796,0.043435502376659565,0.12719226356335028,0.15636780855597443,0.05933453532207835,0.05720373709227995,0.060481888215046714,0.023766595640059007,0.024750040976889036,0.026389116538272413,0.031961973446975905,0.06146533355187674,0.032945418783805934,0.014915587608588757,0.021307982297983936
B:CGCAT,0.024661654135338346,0.0015037593984962407,0.04180451127819549,0.05052631578947368,0.06556390977443609,0.039097744360902256,0.04601503759398496,0.044511278195488724,0.12661654135338346,0.16842105263157894,0.04992481203007519,0.061052631578947365,0.04481203007518797,0.020451127819548873,0.021052631578947368,0.03127819548872181,0.03037593984962406,0.06676691729323309,0.03037593984962406,0.018345864661654134,0.016842105263157894
B:CGCCA,0.02363804247460757,0.0003693444136657433,0.04044321329639889,0.05558633425669437,0.053000923361034166,0.041366574330563254,0.04579870729455217,0.03674976915974146,0.13444136657433056,0.15586334256694367,0.058725761772853186,0.0566943674976916,0.056879039704524466,0.020867959372114497,0.022899353647276084,0.03397968605724838,0.035272391505078486,0.06075715604801477,0.026592797783933517,0.01902123730378578,0.021052631578947368
B:CGCCC,0.01942984551680204,0,0.037426341774167864,0.05351170568561873,0.04793756967670011,0.0441153049848702,0.04491161012900143,0.03121516164994426,0.12740882306099696,0.17486860965121834,0.05335244465679248,0.05526357700270744,0.05605988214683867,0.028985507246376812,0.023889154323936932,0.026278069756330624,0.03774486383182035,0.05717470934862239,0.03885969103360408,0.016722408026755852,0.024844720496894408
B:CGCCG,0.01709136109384711,0,0.041019266625233065,0.07147296457426973,0.041019266625233065,0.03853325046612803,0.03387197016780609,0.031696706028589185,0.1199502796768179,0.1625233064014916,0.04723430702299565,0.03915475450590429,0.06401491609695463,0.044748290863890615,0.035425730267246734,0.03014294592914854,0.044437538844002485,0.04630205096333126,0.044126786824114354,0.013983840894965818,0.03325046612802983
B:CGCCT,0.019984012789768184,0,0.046203037569944046,0.05611510791366906,0.053557154276578735,0.043485211830535574,0.04092725819344525,0.03804956035171862,0.13860911270983214,0.16019184652278176,0.05547561950439648,0.055635491606714625,0.06027178257394085,0.02334132693844924,0.023501199040767386,0.030055955235811352,0.031654676258992806,0.05611510791366906,0.03117505995203837,0.015027977617905676,0.02062350119904077
B:CGCGA,0.021720243266724587,0,0.03127715030408341,0.06950477845351868,0.052997393570807995,0.03475238922675934,0.05560382276281494,0.029539530842745437,0.11120764552562988,0.1520417028670721,0.04952215464813206,0.038227628149435276,0.07993049522154648,0.02693310165073849,0.023457862728062554,0.030408340573414423,0.044309296264118156,0.05647263249348393,0.04691572545612511,0.014769765421372719,0.030408340573414423
B:CGCGC,0.023038786818314377,0,0.03587051618547681,0.0647419072615923,0.04753572470107903,0.033537474482356375,0.03820355788859726,0.037328667249927096,0.14085739282589677,0.15806357538641003,0.04695246427529892,0.040828229804607756,0.053659959171770195,0.026538349372995044,0.028871391076115485,0.0242053076698746,0.0484106153397492,0.05657626130067075,0.04957713619130942,0.01516477107028288,0.030037911927675708
B:CGCGG,0.016232668244842745,0,0.0368616841393304,0.067974298275279,0.045316198850186,0.045992560027054444,0.043963476496449105,0.03415623943185661,0.11430503889076767,0.16638484950963814,0.045654379438620225,0.04193439296584376,0.05377071356104159,0.03246533648968549,0.03314169766655394,0.027730808251606356,0.043963476496449105,0.049036185322962465,0.05038890767669936,0.017247210010145418,0.03347987825498817
B:CGCGT,0.018842530282637954,0,0.039030955585464336,0.0531628532974428,0.0740242261103634,0.03297442799461642,0.0423956931359354,0.028936742934051143,0.12314939434724091,0.17631224764468373,0.06258411843876177,0.034993270524899055,0.05585464333781965,0.03095558546433378,0.020188425302826378,0.02557200538358008,0.031628532974428,0.063257065948856,0.05585464333781965,0.010767160161507403,0.019515477792732168
B:CGCTA,0.024327784891165175,0.0008536064874093043,0.05420401195049082,0.051643192488262914,0.06530089628681178,0.03798548868971404,0.03969270166453265,0.04139991463935126,0.13188220230473752,0.1340162185232608,0.06359368331199317,0.06316688006828852,0.0597524541186513,0.02560819462227913,0.026888604353393086,0.03201024327784891,0.03371745625266752,0.061886470337174565,0.020913358941527956,0.01835253947930004,0.012804097311139564
B:CGCTC,0.017864077669902913,0,0.0429126213592233,0.058058252427184466,0.058640776699029125,0.0429126213592233,0.04640776699029126,0.03611650485436893,0.12776699029126212,0.15106796116504853,0.05533980582524272,0.05553398058252427,0.0570873786407767,0.025825242718446603,0.027184466019417475,0.03572815533980583,0.028737864077669904,0.05747572815533981,0.036310679611650486,0.01728155339805825,0.02174757281553398
B:CGCTG,0.018020515663986693,0,0.04421957305239811,0.05433878569448295,0.060438037149986135,0.03770446354311062,0.045883005267535346,0.037843082894372056,0.12683670640421402,0.15816467978929857,0.05267535347934572,0.05572497920709731,0.055586359855835876,0.0219018574993069,0.028001108954810092,0.031050734682561684,0.03382312170779041,0.06542833379539784,0.03548655392292764,0.01594122539506515,0.020931522040476852
B:CGCTT,0.021766324743557667,0,0.0422817112834626,0.05328996747560671,0.06404803602702026,0.0422817112834626,0.040530397798348765,0.03952964723542657,0.1310983237428071,0.1330998248686515,0.06054540905679259,0.0647985989492119,0.05804353264948712,0.02551913935451589,0.023517638228671502,0.0297723292469352,0.03477608206154616,0.06329747310482862,0.03202401801351013,0.021766324743557667,0.01801351013259945
B:CGTAA,0.02640776699029126,0.0003883495145631068,0.04737864077669903,0.04893203883495146,0.08271844660194175,0.03922330097087379,0.035339805825242716,0.04737864077669903,0.12815533980582525,0.11067961165048544,0.05242718446601942,0.06174757281553398,0.048155339805825245,0.020970873786407766,0.031067961165048542,0.040776699029126215,0.035339805825242716,0.08737864077669903,0.0229126213592233,0.02058252427184466,0.012038834951456311
B:CGTAC,0.026653974297953357,0,0.05378391242265588,0.05378391242265588,0.06853879105188006,0.0390290337934317,0.04712041884816754,0.049976201808662545,0.12327463112803427,0.13707758210376011,0.05663969538315088,0.05235602094240838,0.05663969538315088,0.021418372203712517,0.02237029985721085,0.0390290337934317,0.03664921465968586,0.058067586863398385,0.02427415516420752,0.017610661589719183,0.015706806282722512
B:CGTAG,0.021907650825749917,0,0.04213009774182676,0.05089315807212673,0.06572295247724974,0.04010785305021908,0.032018874283788336,0.034378159757330634,0.13953488372093023,0.1263902932254803,0.056622851365015166,0.06302662622177284,0.06066734074823053,0.021233569261880688,0.023255813953488372,0.03808560835861139,0.03875968992248062,0.07010448264239973,0.028648466464442197,0.0262891809908999,0.020222446916076844
B:CGTAT,0.023319082782743878,0,0.04352895452778857,0.046638165565487756,0.08472600077730276,0.039253789350952195,0.034201321414691024,0.04352895452778857,0.14069179945588806,0.11970462495141858,0.051690633501748934,0.07073455110765643,0.05091333074232413,0.021764477263894286,0.028371550719005052,0.03964244073066459,0.0384764865915274,0.06879129420909444,0.021764477263894286,0.021764477263894286,0.010493587252234746
B:CGTCA,0.01956745623069001,0,0.04866117404737384,0.04969104016477858,0.06925849639546859,0.04402677651905252,0.04376930998970134,0.042224510813594233,0.13903192584963955,0.14340885684860968,0.04737384140061792,0.05638516992790937,0.055612770339855816,0.022142121524201853,0.0213697219361483,0.029866117404737384,0.03424304840370752,0.06822863027806385,0.026776519052523172,0.024459320288362514,0.013903192584963954
B:CGTCC,0.01845102505694761,0,0.03781321184510251,0.05580865603644647,0.06013667425968109,0.03712984054669704,0.04419134396355353,0.04305239179954442,0.1328018223234624,0.15011389521640092,0.05763097949886105,0.05170842824601367,0.05398633257403189,0.0214123006833713,0.028018223234624145,0.03302961275626424,0.026879271070615034,0.07198177676537586,0.03576309794988611,0.0193621867881549,0.02072892938496583
B:CGTCG,0.0200836820083682,0,0.042677824267782424,0.0502092050209205,0.0602510460251046,0.03598326359832636,0.05188284518828452,0.024267782426778243,0.1196652719665272,0.13472803347280335,0.06527196652719665,0.06276150627615062,0.07029288702928871,0.026778242677824266,0.023430962343096235,0.03430962343096234,0.04686192468619247,0.05104602510460251,0.03765690376569038,0.016736401673640166,0.02510460251046025
B:CGTCT,0.016250495441934205,0.00019817677368212446,0.0453824811732065,0.04379706698374951,0.06678557273087594,0.04359889021006738,0.042608006341656755,0.04756242568370987,0.13059849385652,0.16072136345620294,0.05608402695204122,0.055291319857312726,0.054102259215219974,0.020610384462940945,0.021601268331351564,0.03963535473642489,0.02992469282600079,0.061038446294094335,0.029131985731272295,0.020610384462940945,0.014466904478795084
B:CGTGA,0.020803589638996534,0,0.0405873954721599,0.04792983887415868,0.0693452987966551,0.03915969814399348,0.04385070365082602,0.0430348766061595,0.14256577605547624,0.1429736895778095,0.05262084438099123,0.05996328778299,0.054456455231490924,0.021211503161329796,0.026310422190495616,0.033856822353661026,0.03569243320416072,0.06587803385682235,0.027126249235162145,0.017336324699163776,0.015296757087497451
B:CGTGC,0.018874643874643875,0,0.04291310541310541,0.05056980056980057,0.060897435897435896,0.04291310541310541,0.05128205128205128,0.042200854700854704,0.13158831908831908,0.1623931623931624,0.05537749287749288,0.054843304843304845,0.05235042735042735,0.02207977207977208,0.02492877492877493,0.029736467236467237,0.029914529914529916,0.06196581196581197,0.03276353276353276,0.01655982905982906,0.01584757834757835
B:CGTGG,0.020991828684136377,0.00014088475626937165,0.04268808114961961,0.05255001408847563,0.059030712876866724,0.03944773175542406,0.04916877993801071,0.03324880247957171,0.1301775147928994,0.15948154409692872,0.060298675683291066,0.056494787264018034,0.058044519582981124,0.023809523809523808,0.024936601859678782,0.027613412228796843,0.03071287686672302,0.05888982812059735,0.03353057199211045,0.019301211608903916,0.01944209636517329
B:CGTGT,0.01873327386262266,0.0002973535533749628,0.04683318465655665,0.05188819506393101,0.06779661016949153,0.044305679452869465,0.046089800773119236,0.0399940529289325,0.12756467439785907,0.14823074635741898,0.05575379125780553,0.060511448111804936,0.04921201308355635,0.020220041629497473,0.02289622360987214,0.03568242640499554,0.034344335414808205,0.067945286946179,0.025869759143621766,0.019327980969372584,0.01650312221231044
B:CGTTA,0.025039123630672927,0,0.04499217527386541,0.057902973395931145,0.07668231611893583,0.04538341158059468,0.03129890453834116,0.042644757433489826,0.12128325508607199,0.10602503912363068,0.062206572769953054,0.07237871674491393,0.04616588419405321,0.02269170579029734,0.025821596244131457,0.0418622848200313,0.03286384976525822,0.08411580594679187,0.02269170579029734,0.01917057902973396,0.018779342723004695
B:CGTTC,0.02050632911392405,0,0.047341772151898734,0.04987341772151899,0.07012658227848101,0.0410126582278481,0.04227848101265823,0.0410126582278481,0.13493670886075948,0.1389873417721519,0.05443037974683544,0.05594936708860759,0.047341772151898734,0.026582278481012658,0.024050632911392405,0.039746835443037976,0.03670886075949367,0.06835443037974684,0.029367088607594936,0.018734177215189874,0.012658227848101266
B:CGTTG,0.02484848484848485,0,0.048484848484848485,0.054242424242424245,0.0693939393939394,0.042727272727272725,0.03909090909090909,0.03909090909090909,0.1393939393939394,0.12727272727272726,0.05757575757575758,0.06727272727272728,0.0503030303030303,0.01787878787878788,0.022424242424242423,0.04,0.03272727272727273,0.06424242424242424,0.02727272727272727,0.023333333333333334,0.012424242424242424
B:CGTTT,0.0233201581027668,0.0005928853754940712,0.04762845849802372,0.05217391304347826,0.07608695652173914,0.042490118577075096,0.03596837944664032,0.044466403162055336,0.13438735177865613,0.10355731225296443,0.06086956521739131,0.06264822134387352,0.05513833992094862,0.02608695652173913,0.026284584980237155,0.036758893280632414,0.03142292490118577,0.07628458498023716,0.02608695652173913,0.023122529644268773,0.014624505928853756
B:CTCAA,0.030455795350387466,0.0005832847262728105,0.046037830180818265,0.057453545537871846,0.06657778518456796,0.043204732938921755,0.03362219815015415,0.04474627114407133,0.14707107741021583,0.10403299725022915,0.06003666361136572,0.06428630947421048,0.0551204066327806,0.01941504874593784,0.026206149487542706,0.046371135738688445,0.035747021081576534,0.062244812932255644,0.023539705024581286,0.02287309390884093,0.010374135488709274
B:CTCAC,0.02424353566843939,0.00018338529249954154,0.045699614890885754,0.05061434072987346,0.062240968274344395,0.042288648450394276,0.03454978910691363,0.039171098477902073,0.15206308454061984,0.1324775353016688,0.0587199706583532,0.0600403447643499,0.05831652301485421,0.02083256922794792,0.024096827434439756,0.0379607555474051,0.03465982028241335,0.06429488355033926,0.024390243902439025,0.020319090408949202,0.012836970474967908
B:CTCAG,0.02327054752796121,0.00019493652379443943,0.0464679938594995,0.051487609347206316,0.06052779063817344,0.04181388435390726,0.03642876288408587,0.04122907478252394,0.14912644070274617,0.13623626306683886,0.057652476912205465,0.058212919418114475,0.054460391335071516,0.01990789249250713,0.02512244450400838,0.03959648139574551,0.03330977850337484,0.06313506664392407,0.026438266039620847,0.021174979897170983,0.014205999171519774
B:CTCAT,0.030209802162115967,0.0006409434687860531,0.04584882280049566,0.05328376703841388,0.06742725291629278,0.04281502371490835,0.03371362645814639,0.044139640217066185,0.14583600393111995,0.10263641413493997,0.054950220057257616,0.07076015895398026,0.0563175661240012,0.020809297953253855,0.025295902234756227,0.04354142631286587,0.03854206725633466,0.06729906422253558,0.02157843011579712,0.02290304661795496,0.01145152330897748
B:CTCCA,0.027203939466730723,0.0002702378092721595,0.04398871006485707,0.053597165505644966,0.05942229161662263,0.040865962046601007,0.03768316118184002,0.04104612058611578,0.1515133317319241,0.1265013211626231,0.05837136680278645,0.06320562094643287,0.05765073264472736,0.0180158539514773,0.023450636560172954,0.039184482344463124,0.035701417247177514,0.0633257266394427,0.02507206341580591,0.019607254383857794,0.014322603891424453
B:CTCCC,0.023724288574722408,0.00024270371943450035,0.043777683392998,0.05218129967841757,0.055457799890783324,0.040379831320914994,0.03877191917966143,0.04153267398822887,0.15220557005036103,0.13030155937139737,0.05697469813724895,0.06204113828044415,0.05903767975244221,0.018718524361385838,0.021661306959529156,0.038256173775863114,0.0348279837388508,0.06440749954493052,0.028487349068624476,0.021115223590801528,0.01589709362295977
B:CTCCG,0.018797576510796957,0,0.050955414012738856,0.050800062140748795,0.05763554450831133,0.04303246854124592,0.04598415410905701,0.036196986173683394,0.13562218424732017,0.14401118533478327,0.05592667391642069,0.0591890632282119,0.05856765574025167,0.022370669566568278,0.023768836414478793,0.032313189373931954,0.03604163430169333,0.056548081404380925,0.032313189373931954,0.017710113406866554,0.02221531769457822
B:CTCCT,0.02750254895296855,0.0003921466105461295,0.04365898930746909,0.05035162479412303,0.059109565762986586,0.03968523698726831,0.03722778489451256,0.04337141512640193,0.14752555488745392,0.1322579801835246,0.05552796005333194,0.06467804763274163,0.05730569135447439,0.019738046064155187,0.023345794881179577,0.040338814671511854,0.0364434916734203,0.06101801260097775,0.024705236464406158,0.021202060076860735,0.01461399701968576
B:CTCGA,0.025822669104204752,0,0.04776051188299817,0.056444241316270564,0.060557586837294335,0.04776051188299817,0.04090493601462523,0.03884826325411334,0.13939670932358317,0.148308957952468,0.05850091407678245,0.04776051188299817,0.04661791590493602,0.02376599634369287,0.02102376599634369,0.04136197440585009,0.03473491773308958,0.0603290676416819,0.025594149908592323,0.019881170018281536,0.014625228519195612
B:CTCGC,0.021272024065320156,0,0.03910614525139665,0.05307262569832402,0.057370004297378596,0.035668242372152985,0.052857756768371296,0.0365277180919639,0.12870648904168458,0.1534164159862484,0.0543618392780404,0.054576708207993124,0.05994843145681134,0.027073485174043833,0.02771809196390202,0.029866781263429308,0.03180060163300387,0.06166738289643318,0.03695745595186936,0.019553072625698324,0.01847872797593468
B:CTCGG,0.016169500975745748,0,0.04530248118204628,0.053805408419291885,0.05798717591301924,0.04098132143852802,0.044326735433509894,0.034987454697518815,0.14566490103150265,0.15667688876498467,0.05645386116531921,0.05241148592138277,0.0623083356565375,0.021745190967382214,0.018120992472818512,0.03136325620295512,0.03415110119877335,0.06202955115695567,0.029551156955673265,0.016030108725954836,0.01993309172010036
B:CTCGT,0.021739130434782608,0,0.044172062904717854,0.04856614246068455,0.06914893617021277,0.0425531914893617,0.044172062904717854,0.039777983348751156,0.12627197039777982,0.1417668825161887,0.06267345050878816,0.05920444033302498,0.05064754856614246,0.02197039777983349,0.02520814061054579,0.037927844588344126,0.03445883441258094,0.0698427382053654,0.02682701202590194,0.0196577243293247,0.01341350601295097
B:CTCTA,0.027947805456702255,0.00018979833926453143,0.04450771055753262,0.05432977461447212,0.07084223013048636,0.04118623962040332,0.03145907473309609,0.04588374851720047,0.14116251482799524,0.10168446026097272,0.0571767497034401,0.06718861209964413,0.05750889679715303,0.02092526690391459,0.02457888493475682,0.04531435349940688,0.03824436536180308,0.06842230130486358,0.024816132858837485,0.02557532621589561,0.011055753262158956
B:CTCTC,0.026263544382519675,0.00014351663597005285,0.05011122539287679,0.04788671753534097,0.05838735140048317,0.04370081565288109,0.033869926088932474,0.04250484368646399,0.15145788982706246,0.10615447173918244,0.05642595737555912,0.07001219891405745,0.06599373310689598,0.018800679312076924,0.022747386801253378,0.038007989092735665,0.0421699715358672,0.06848135479704355,0.02322577558782022,0.022699547922596694,0.010955103212380702
B:CTCTG,0.023163440230798176,0.00018815068779529204,0.04549065518250617,0.05059162938495631,0.05822218505665426,0.04133043441903249,0.03589497010494627,0.040285152820169756,0.15137768114730107,0.131914537776477,0.056612451394405655,0.06474474223355772,0.05841033574444955,0.018125182924279802,0.024271438725592676,0.03955345570096584,0.036271271480536854,0.06367855500271773,0.024982230212819333,0.02138646151273153,0.013505038257306519
B:CTCTT,0.028736279200675487,0.00039403321137067266,0.0482690683929074,0.05004221784407543,0.06943428088938924,0.04489164086687306,0.03214185195609344,0.04413171967351534,0.14159864902898958,0.11291866028708133,0.05696594427244582,0.06456515620602307,0.057697720236419926,0.019054320292710387,0.025921756262313536,0.041176470588235294,0.03684210526315789,0.06828032648466086,0.022488038277511963,0.02262876442443006,0.011820996341120181
B:CTTAA,0.032729773091909234,0.00018336007334402934,0.04845289938115975,0.05597066238826495,0.07889067155626862,0.04923217969287188,0.03075865230346092,0.048773779509511804,0.1237680495072198,0.0837497134998854,0.06046298418519368,0.06976850790740316,0.05280770112308045,0.0212697685079074,0.031721292688517075,0.04923217969287188,0.03405913362365345,0.07320650928260371,0.019665367866147147,0.025303690121476048,0.009993123997249598
B:CTTAC,0.029244068420084604,0.00024523327815584577,0.046410397890993806,0.050150205382870454,0.07559315799153946,0.04812703083808473,0.033535650787811906,0.04604254797376004,0.13457176138802035,0.10354975170130587,0.05750720372754583,0.06498681871129912,0.054380479431058795,0.01967997057200662,0.029244068420084604,0.04199619888418858,0.03678499172337686,0.07124026730427319,0.022316228312181965,0.023787627981117037,0.010606339280240329
B:CTTAG,0.029064674053079102,0.0002576655501159495,0.04766812677145066,0.05374903375418707,0.07137335738211802,0.042875547539294,0.03504251481576913,0.04519453749033754,0.13599587735119814,0.10239628961607833,0.05503736150476681,0.06575624838959031,0.05452203040453491,0.020870909559391908,0.028188611182684876,0.044833805720175215,0.03530018036588508,0.072455552692605,0.022313836640041225,0.024942025251223913,0.012161813965472817
B:CTTAT,0.03412749517063748,5.853772756541591e-05,0.05209857753322016,0.05596206755253761,0.07767956447930692,0.04612772932154774,0.029737165603231284,0.05051805888895393,0.1372709711409003,0.07328923491190072,0.05549376573201428,0.07293800854650823,0.05209857753322016,0.020078440554937658,0.03020546742375461,0.04882046478955687,0.0375226833694316,0.0728209330913774,0.019668676461979746,0.025990751039044663,0.007492829128373237
B:CTTCA,0.02851363695680543,0.00013049719431032232,0.04642437687589717,0.054678324416025055,0.06763017095132455,0.04436904606550959,0.033929270520683806,0.04769672452042281,0.14393840532428553,0.10296228631084432,0.055330810387576666,0.06407412240636827,0.056146417852016184,0.020618556701030927,0.027437035103745268,0.047533603027534906,0.0359519770324938,0.06756492235416939,0.021532037061203185,0.02244551742137544,0.011092261516377398
B:CTTCC,0.026663793799994614,0.0003501306256564949,0.04680977133776832,0.05208866384766624,0.06348137574402758,0.041557811952920895,0.034339734439387,0.04336233133130437,0.1456274071480514,0.12173772522825824,0.05577850197958469,0.06410083762018907,0.05790621885857416,0.018960920035551724,0.02356648441918716,0.03854130194726494,0.037059980069487464,0.06682108325028953,0.025640335048075627,0.02345875191898516,0.012146839397775324
B:CTTCG,0.027177545110269548,0.0006683002895967921,0.04678102027177545,0.058587658721318776,0.06482512809088883,0.04009801737580753,0.03876141679661395,0.03831588327021608,0.14346179550011137,0.12719982178658945,0.05970149253731343,0.05613722432613054,0.05546892403653375,0.02561817776787703,0.026286478057473826,0.038093116507017154,0.03631098240142571,0.0536867899309423,0.026286478057473826,0.020049008687903765,0.016484740476720872
B:CTTCT,0.02826436071649166,0.00042001235330450896,0.04474366893143916,0.05230389129092032,0.06525015441630636,0.04224830142063002,0.03303273625694873,0.04336009882643607,0.14426189005558987,0.11325509573810995,0.057418159357628167,0.06567016676961088,0.06048177887584929,0.01907350216182829,0.024385423100679433,0.04254478072884497,0.037801111797405806,0.06779493514515132,0.023051266213712167,0.022705373687461394,0.011933292155651637
B:CTTGA,0.02876975464943683,0.0002182834191914782,0.04701824849384441,0.05404697459181001,0.06836636689077098,0.04383131057364883,0.034401466864576964,0.044442504147384966,0.1493058587269711,0.10359731074827556,0.057932419453418316,0.059111149917052304,0.05544398847463547,0.017855583689862918,0.02645595040600716,0.046450711603946565,0.03627870426962368,0.06692569632410722,0.022570505544398847,0.02553916004540295,0.011438051165633458
B:CTTGC,0.025978281220745178,9.361542782250516e-05,0.04498221306871372,0.05406290956749672,0.06529676090619733,0.03870997940460588,0.0373057479872683,0.04198651937839356,0.1483336453847594,0.11870436247893652,0.05893091181426699,0.06515633776446358,0.056496910690881856,0.020267740123572364,0.025088934656431378,0.0381950945515821,0.035386631716906945,0.0681052237408725,0.023403856955626287,0.02054858640703988,0.012965736753416963
B:CTTGG,0.026111979536734404,0.0004263180332528066,0.044550234474918286,0.05321870115105869,0.05794372601961063,0.04124626971720904,0.03616597982094642,0.04245417081142532,0.1513784283075174,0.12189143100753162,0.05758846099189996,0.06309506892141538,0.05918715361659798,0.019717209037942305,0.024300127895409977,0.04430154895552082,0.03470939320733267,0.06266875088816257,0.024548813414807448,0.021386954668182464,0.013109279522523803
B:CTTGT,0.030944034812039164,0.00012087513598452798,0.04959909746565132,0.05391031064909948,0.0692211612071397,0.04436117490632177,0.0329586204117813,0.04315242354647649,0.14351907812562956,0.11128570852975543,0.05411176920907369,0.06321769611990813,0.05217776703332125,0.019501188605503848,0.027680406140456908,0.04315242354647649,0.03650429106732745,0.06845561867923768,0.023208026109029372,0.02244248358112736,0.010475845118659092
B:CTTTA,0.030409441407522716,0.00014480686384534626,0.049270535423379065,0.057850342106215834,0.07663903269014952,0.04789487021684828,0.030735256851174744,0.046446801578394814,0.12797306592332477,0.09039568475545741,0.05857437642544257,0.06747999855193136,0.052492488143938025,0.020707381529884515,0.030807660283097418,0.045903775838974765,0.03558628678999384,0.07464793831227601,0.022734677623719363,0.023060493067371395,0.01024508561705825
B:CTTTC,0.0314349750014367,0.0003448077696684099,0.0490489052353313,0.05508304120452848,0.06878915004884777,0.04493994598011609,0.03287167404172174,0.04471007413367048,0.14760645939888511,0.09378771334980748,0.054652031492442965,0.06491006264007816,0.053560140221826334,0.018792023446928336,0.027785759439112694,0.04330210907419114,0.038216194471582095,0.0699385092810758,0.02341819435664617,0.025630710878685133,0.01117751853341762
B:CTTTG,0.02934648581997534,0.0002774352651048089,0.04716399506781751,0.05829223181257707,0.06942046855733662,0.042385943279901354,0.03212083847102343,0.0436806411837238,0.14537607891491985,0.10496300863131935,0.056103575832305796,0.06337854500616523,0.05693588162762022,0.01911220715166461,0.02780517879161529,0.04506781750924784,0.036035758323057956,0.06609124537607891,0.021331689272503083,0.022996300863131935,0.012114673242909988
B:CTTTT,0.032897859266105466,0.0003497114880223815,0.049509154947168586,0.057652436739689755,0.07866010541303425,0.04753578297904229,0.031548972098019136,0.04668648365098794,0.13393949991257212,0.08812729498164015,0.0587015712037569,0.0661454300202333,0.05205705293133165,0.019808657857267754,0.029600579521894436,0.04601204006694477,0.03377213798616142,0.07361426822871131,0.019833637249269353,0.02418005145754752,0.009367272000599506
B:GACAA,0.030503006305909956,0.00019553209170455101,0.04668328689446155,0.055531114044092486,0.06916947744048492,0.04179498460184778,0.03152954978735885,0.04404360365645012,0.147626729236936,0.10597839370386665,0.054748985677274285,0.06320574864349611,0.05509116683775725,0.019504326147528964,0.026494598425966662,0.04404360365645012,0.03695556533216014,0.07068485115119519,0.0221440093855404,0.021801828225057437,0.012269638754460575
B:GACAC,0.023405732420906475,0.0002975304968759298,0.04542298918972528,0.051869483288703756,0.06302687692155112,0.04185262322721412,0.03947237925220669,0.04051373599127244,0.14945948626400873,0.13274819002281066,0.050828126549638,0.06297728850540514,0.05534067241892294,0.02038083903600119,0.02365367450163642,0.04353862937617772,0.03466230288604582,0.06783695328771198,0.02132301894277497,0.019289893880789447,0.012099573539621145
B:GACAG,0.02312859009816734,0.0002431389235024162,0.04859739233504544,0.052062121994954864,0.05996413700878339,0.04148557882259976,0.036440446159924623,0.04136400936084855,0.1439382427134304,0.1382548703765614,0.055374889827675286,0.0615749323769869,0.05613469896362034,0.01832659635899462,0.024982524389873265,0.040300276570525484,0.034282588213840684,0.06412789107376227,0.024222715253928214,0.021061909248396803,0.014132449928577942
B:GACAT,0.029719725013220517,0.00031729243786356425,0.047911158117398205,0.05029085140137493,0.07006874669487044,0.041195134849286094,0.03352723426758329,0.04251718667371761,0.1534108937070333,0.10338445267054469,0.05753569539925965,0.06404019037546271,0.05314648334214701,0.01961924907456372,0.026599682707562137,0.04309888947646748,0.03696456901110524,0.07086197778952935,0.02162876784769963,0.022739291380222106,0.011422527763088313
B:GACCA,0.024787828606913684,0.0003622438418546885,0.0452287311115711,0.05547505692403229,0.05801076381701511,0.03922583316083626,0.0376733595528876,0.040933554129579795,0.1530221486234734,0.1251293728006624,0.0560442972469468,0.06437590560960464,0.05495756572138274,0.020285655143862553,0.02468433036638377,0.042123783895673776,0.03374042641275098,0.06282343200165597,0.025926309252742703,0.020389153384392466,0.014800248395777272
B:GACCC,0.022575043413545028,6.201935003721161e-05,0.04087075167452245,0.05222029273133218,0.052902505581741505,0.0427313321756388,0.03944430662366658,0.03590920367154552,0.15715703299429423,0.14351277598610768,0.05687174398412305,0.06549243363929547,0.05693376333416026,0.016869263210121558,0.02158273381294964,0.03913420987348053,0.032808236169684944,0.05867030513520218,0.026854378566112627,0.020900520962540314,0.01649714710989829
B:GACCG,0.017458500286204923,0,0.04378935317687464,0.05638236977676016,0.0589582140812822,0.04006868918145392,0.045506582713222665,0.031482541499713794,0.12936462507155122,0.15283342873497424,0.051230681167716084,0.04979965655409273,0.06239267315397825,0.026044647967945048,0.02575844304522038,0.028620492272467088,0.037492844876931886,0.07384087006296508,0.025472238122495706,0.017458500286204923,0.026044647967945048
B:GACCT,0.023721048612878597,5.090353779587681e-05,0.043217103588699415,0.04881649274624587,0.05777551539832018,0.042758971748536524,0.03715958259099007,0.03812674980911173,0.15372868414354798,0.13341817256299313,0.05976075337235938,0.06174599134639858,0.056502926953423266,0.018936116060066174,0.02397556630185798,0.040671926698905576,0.03257826418936116,0.06393484347162127,0.02636803257826419,0.021837617714431153,0.014914736574191907
B:GACGA,0.02405602923264312,0,0.04811205846528624,0.054506699147381245,0.07947624847746651,0.03654080389768575,0.04354445797807552,0.047503045066991476,0.13063337393422655,0.12119366626065774,0.06059683313032887,0.05876979293544458,0.05694275274056029,0.01766138855054811,0.026187576126674786,0.03623629719853837,0.031059683313032885,0.06120584652862363,0.026187576126674786,0.022228989037758832,0.017356881851400732
B:GACGC,0.013467048710601719,0,0.04011461318051576,0.04527220630372493,0.06131805157593123,0.03954154727793696,0.043839541547277934,0.034670487106017195,0.12550143266475644,0.18166189111747852,0.05702005730659026,0.054154727793696275,0.05702005730659026,0.02492836676217765,0.02349570200573066,0.030659025787965616,0.03180515759312321,0.06389684813753582,0.03868194842406877,0.0169054441260745,0.016045845272206302
B:GACGG,0.0175522962250541,0,0.0415965376292378,0.0526568886751623,0.05433998557345516,0.041115652801154125,0.0461649434960327,0.042798749699446983,0.13945660014426545,0.15580668429911038,0.054580427987496995,0.053618658331329644,0.056744409713873525,0.022601586919932675,0.021639817263765328,0.0331810531377735,0.027410435200769415,0.06660254868958884,0.03125751382543881,0.022842029333974515,0.018033181053137774
B:GACGT,0.017877094972067038,0.00027932960893854746,0.04581005586592179,0.04553072625698324,0.06731843575418994,0.047206703910614524,0.04273743016759776,0.04664804469273743,0.1329608938547486,0.1418994413407821,0.048044692737430165,0.05446927374301676,0.052793296089385475,0.021508379888268158,0.023743016759776536,0.03826815642458101,0.036312849162011177,0.06983240223463687,0.028491620111731845,0.021508379888268158,0.01675977653631285
B:GACTA,0.03365423509424804,0.0001617992071838848,0.04603187444381523,0.057357818946687164,0.06908826146751881,0.041501496642666454,0.03268343985114473,0.04376668554324084,0.1444057924116172,0.0931154437343257,0.0580050157754227,0.06625677534180083,0.049995955019820404,0.020467599708761428,0.02726316641048459,0.04894426017312515,0.03810371329180487,0.0728905428363401,0.02192379257341639,0.024027182266806894,0.010355149259768628
B:GACTC,0.023505154639175258,0.0002945508100147275,0.04742268041237113,0.05290132547864507,0.06403534609720177,0.0412960235640648,0.03569955817378498,0.041944035346097204,0.1522238586156112,0.12371134020618557,0.05743740795287187,0.06150220913107511,0.05726067746686304,0.020972017673048602,0.02450662739322533,0.038350515463917524,0.033873343151693665,0.06262150220913107,0.025684830633284243,0.022091310751104567,0.012665684830633284
B:GACTG,0.02360198471235081,0.00022350364310938267,0.0472486701533235,0.05055652407134236,0.06141880112645836,0.04322560457735461,0.03589468508336686,0.044566626436010906,0.14715479862321756,0.12681596710026374,0.05672522462116132,0.061999910598542755,0.053998480175226855,0.02024943006571007,0.02708864154485718,0.041258772517992044,0.03370434938089491,0.06772160386214296,0.02221626212507264,0.0211434446381476,0.013186714943453578
B:GACTT,0.0278127043202736,0.0003017653271639089,0.04682391993159986,0.05617864507368103,0.0702107327868028,0.04380626665996077,0.033294774430417944,0.0447115626414525,0.14459588593270634,0.09988432329125384,0.05824070814263441,0.06437660312830056,0.057335412161142685,0.016999446763566867,0.026002112357290146,0.0447115626414525,0.037268017904742747,0.0698586732384449,0.023135341749233013,0.022984459085651058,0.011467082432228538
B:GATAA,0.03300395256916996,6.587615283267457e-05,0.046706192358366275,0.05685111989459816,0.0782608695652174,0.04255599472990777,0.030237154150197627,0.048748353096179184,0.14057971014492754,0.07588932806324111,0.057707509881422925,0.07094861660079052,0.054940711462450595,0.01930171277997365,0.030500658761528326,0.04512516469038208,0.037549407114624504,0.07536231884057971,0.019828722002635045,0.02681159420289855,0.009025032938076416
B:GATAC,0.032838011374059804,0.000366905155017428,0.05054118510365071,0.05778756191524491,0.06916162172078517,0.040451293340671435,0.030086222711429095,0.04320308200330215,0.14722069345074298,0.08603925885158686,0.05622821500642084,0.06796917996697853,0.05778756191524491,0.01862043661713447,0.030636580443955237,0.04999082737112456,0.03788295725554944,0.06787745367822418,0.021280498991010824,0.02384883507613282,0.010181618051733628
B:GATAG,0.030439520523065748,7.264802034144569e-05,0.047148565201598255,0.05375953505266982,0.06988739556847076,0.041990555757355615,0.032183073011260444,0.042934980021794404,0.14878314565928077,0.09197239375227025,0.05935343261896113,0.07700690156193243,0.05165274246276789,0.018016709044678534,0.026443879404286233,0.043806756265891755,0.03966581910642935,0.07126770795495822,0.0168543407192154,0.025862695241554667,0.010897203051216855
B:GATAT,0.03707443739180612,0.0006491633006347375,0.047677437968840164,0.06383439122908252,0.06974899019042123,0.04342181188690133,0.03137622619734564,0.04241200230813618,0.14966820542412002,0.06585401038661282,0.05171667628390075,0.07638488170802077,0.05626081938834391,0.021855164454702827,0.02863531448355453,0.04688401615695326,0.04407097518753606,0.06974899019042123,0.018392960184650895,0.02798615118291979,0.006347374495095211
B:GATCA,0.031820407021470036,0.0002797398419469893,0.04916427722218337,0.055248618784530384,0.06685782222533045,0.044059025106650815,0.03349884607315197,0.03972305755647248,0.14959088048115252,0.09392265193370165,0.05357017973284845,0.06720749702776418,0.05559829358696412,0.01853276452898804,0.0274844394712917,0.04909434226169662,0.03860409818868452,0.06888593607944611,0.020001398699209735,0.02510665081474229,0.01174907336177355
B:GATCC,0.025607638888888888,0.00014467592592592592,0.043619791666666664,0.05649594907407408,0.059968171296296294,0.044126157407407406,0.033203125,0.035590277777777776,0.16102430555555555,0.11783854166666667,0.057219328703703706,0.06763599537037036,0.05570023148148148,0.01808449074074074,0.026041666666666668,0.042390046296296294,0.038483796296296294,0.05888310185185185,0.022786458333333332,0.023075810185185185,0.012080439814814815
B:GATCG,0.026536930561698365,0.0004422821760283061,0.044228217602830605,0.06103494029190624,0.0654577620521893,0.0367094206103494,0.04290137107474569,0.03715170278637771,0.14108801415302963,0.12295444493586909,0.05572755417956656,0.05042016806722689,0.06191950464396285,0.022114108801415303,0.03449800973020787,0.04555506413091552,0.03140203449800973,0.05572755417956656,0.025210084033613446,0.022556390977443608,0.016364440513047324
B:GATCT,0.025606843303893796,0.00027773148919624506,0.04954729767261012,0.05504638115869577,0.05999000166638894,0.04554796422818419,0.0338832416819419,0.042215186357829254,0.1523079486752208,0.10753763261678609,0.05776814975281897,0.0621007609842804,0.05799033494417597,0.017719269010720434,0.02644003777148253,0.047214353163361665,0.0366050102760651,0.06482252957840359,0.02377381547519858,0.022829528411931345,0.01077598178081431
B:GATGA,0.033850078492935635,0.00034340659340659343,0.04665423861852433,0.05656397174254317,0.07172291993720566,0.039786106750392465,0.036891679748822605,0.0445447409733124,0.1460949764521193,0.1000784929356358,0.05151098901098901,0.06745486656200941,0.05666208791208791,0.017513736263736264,0.025461145996860283,0.044740973312401885,0.03885400313971742,0.06598312401883831,0.020751569858712716,0.02217425431711146,0.012362637362637362
B:GATGC,0.026074617158398865,0.00035475669603263763,0.042807307987938276,0.05291787382486844,0.0653934843020162,0.03878673209956838,0.035298291255247444,0.043871578076036186,0.15000295630580027,0.11458641281854196,0.05800271980133625,0.06586649323005972,0.05930349435345592,0.019156861585762432,0.023946076982203038,0.04393070419204163,0.034529651747176725,0.06308756577780406,0.024537338142257434,0.02223141961804529,0.015313664045408857
B:GATGG,0.025190682333539476,0.0006596578025149454,0.04531024531024531,0.05425685425685426,0.0582972582972583,0.04324881467738611,0.03566274994846423,0.03953823953823954,0.1513090084518656,0.1259121830550402,0.057761286332714906,0.06749123891981035,0.05730777159348588,0.019336219336219335,0.021768707482993196,0.04168212739641311,0.03533292104720676,0.06258503401360545,0.02168625025767883,0.021768707482993196,0.013894042465471037
B:GATGT,0.02923213446781855,0.00020880096048441822,0.04645821370778305,0.05674166101164065,0.0686955159993736,0.04280419689930574,0.03366915487811244,0.040402985853734925,0.14605627185885056,0.10299107375893929,0.05590645716970298,0.06879991647961581,0.05658506029127734,0.018478885002871013,0.0252127159784935,0.044683405543665504,0.03700997024586313,0.06932191888082685,0.022132901811348332,0.023176906613770424,0.011431852586521898
B:GATTA,0.03171669377495195,0,0.047612006505988465,0.05633594558627828,0.07992015377790922,0.045467987579476565,0.027650450983291438,0.046059441076445364,0.13669968948691408,0.08243383114002661,0.06158509537187638,0.0692000591453497,0.05145645423628567,0.02114446251663463,0.030090196658287743,0.046946621321898564,0.03644832175070235,0.0739316871211001,0.02203164276208783,0.024027798314357533,0.009241460890137512
B:GATTC,0.029030659208383488,0.00035403242937053034,0.04510373150180556,0.0513347022587269,0.06698293563690434,0.04673228067691001,0.032995822417333426,0.04276711746796007,0.15272959003044678,0.09063230191885577,0.06018551299299016,0.06747858103802308,0.05777809247327055,0.018692912270764,0.026694045174537988,0.05331728386320187,0.0373150180556539,0.0630885789138285,0.022658075479713942,0.022728881965588046,0.011399844225731077
B:GATTG,0.028483751672043433,0.00031473758753639155,0.04555826579589267,0.054370918246911634,0.06884884727358564,0.04311904949248564,0.03170981194429145,0.04288299630183335,0.14973640727043827,0.11118105279723031,0.05429223385002754,0.06735384373278779,0.05413486505625934,0.019592414824140373,0.026595326146825086,0.04768274451176332,0.033598237469509795,0.06153119836336454,0.02266110630262019,0.023920056652765757,0.012432134707687465
B:GATTT,0.03396111256430377,0.0001743831197140117,0.04856569884035225,0.05950823960240649,0.07498474147702502,0.04725782544249717,0.029863109251024502,0.04533961112564304,0.13396983172028948,0.08392187636236813,0.05737204638590984,0.06735547998953702,0.05262010637370303,0.01909495160868428,0.032435260266806175,0.04703984654285465,0.03627168890051443,0.07197663266195832,0.022190251983607988,0.02628825529688726,0.009809050483913158
B:GCCAA,0.02702702702702703,0.0001092001092001092,0.0450996450996451,0.05525525525525526,0.06137046137046137,0.042042042042042045,0.037237237237237236,0.047392847392847395,0.14545454545454545,0.11897351897351897,0.05814905814905815,0.06306306306306306,0.054927654927654924,0.018236418236418236,0.024897624897624898,0.042042042042042045,0.03488943488943489,0.06431886431886431,0.023587223587223587,0.022822822822822823,0.013104013104013105
B:GCCAC,0.023412443874278384,0.00018326766242096582,0.04334280216255842,0.049619719600476495,0.05534683405113168,0.038623659855218546,0.04059378722624393,0.03926509667369193,0.14253642444790618,0.1506460185100339,0.05763767983139375,0.057820947493814716,0.058691468890314305,0.019426372216622377,0.02492440208925135,0.03958581508292862,0.034775038944378264,0.06199028681389169,0.025565838907724733,0.019976175203885276,0.01603592046183451
B:GCCAG,0.022725851828696467,0,0.04210690840887778,0.053610503282275714,0.053360425132854016,0.03954360737730541,0.04060643951234761,0.03888715223507346,0.14735854954673336,0.14501406689590496,0.05923726164426383,0.06217567989996874,0.05629884338855892,0.019162238199437326,0.023194748358862146,0.03413566739606127,0.03179118474523288,0.06520787746170678,0.027008440137542982,0.02028758987183495,0.018286964676461393
B:GCCAT,0.026659183387119405,0.0002338524858519246,0.04438520181469529,0.05373930124877228,0.062298302230952715,0.0418595949674945,0.03755670922781909,0.04359010336279875,0.1470464431036902,0.12440952247322389,0.05706000654786961,0.06061456433281886,0.054440858706328046,0.021046723726673214,0.025256068472007856,0.03980169309199757,0.03573265983817408,0.06430943360927927,0.022496609138955147,0.022496609138955147,0.014966559094523175
B:GCCCA,0.024320216179699376,0.00025333558520520183,0.04019591285255869,0.05374936666103699,0.051976017564600574,0.03783144739064347,0.0414625907785847,0.03783144739064347,0.14714575240668806,0.14879243371052187,0.057253842256375614,0.06248944435061645,0.05708495186623881,0.018746833305184934,0.021871305522715757,0.039351460901874684,0.032426954906265834,0.06278500253335585,0.028246917750380005,0.018577942915048135,0.017606823171761526
B:GCCCC,0.02294618992384891,0.0002521559332291089,0.03968934389026174,0.054919562257299916,0.052297140551717185,0.039235463210449344,0.04256392152907358,0.03757123405113722,0.14907458772504917,0.15457158706944374,0.05446568157748752,0.06107216702809017,0.0586010388824449,0.019466438045287207,0.019718593978516316,0.03177164758686772,0.036159160825054215,0.058298451762569974,0.028947501134701698,0.017197034646225226,0.021181098391245146
B:GCCCG,0.017499204581609928,0.0001590836780146357,0.03865733375755648,0.05965637925548839,0.043429844097995544,0.042316258351893093,0.049156856506522434,0.03690741329939548,0.12663060769965,0.17196945593382118,0.054088450524976135,0.04867960547247852,0.05886096086541521,0.02847597836461979,0.02322621699013681,0.026407890550429525,0.03627107858733694,0.05806554247534203,0.03627107858733694,0.01702195354756602,0.02624880687241489
B:GCCCT,0.024136376674998974,0.0002458714092529607,0.04241281809613572,0.05191984592058353,0.0533950743761013,0.04056878252673852,0.038970618366594274,0.03987214686718846,0.14592468139163217,0.14424456009507028,0.06081219522189895,0.06015653813055772,0.05638650985534566,0.019915584149489816,0.022947998196942997,0.03905257550301192,0.033028725976314385,0.059050116788919395,0.02954554767856411,0.020735155513666354,0.0166782772609925
B:GCCGA,0.01875316776482514,0,0.04688291941206285,0.05220476431829701,0.05727318803852002,0.04130765331981753,0.04004054738976178,0.035478966041561075,0.1353269133299544,0.15509376583882412,0.054992397364419666,0.05778003041054232,0.05144450076026356,0.025848960973137353,0.022047643182970096,0.03446528129751647,0.035478966041561075,0.05600608210846427,0.03395843892549417,0.022047643182970096,0.023568170299037
B:GCCGC,0.02111075024358558,0,0.04222150048717116,0.0597596622279961,0.04920428710620331,0.04222150048717116,0.04595647937642092,0.04027281584930172,0.11659629749918805,0.16385189996752192,0.049691458265670674,0.04774277362780124,0.054075998700876905,0.03215329652484573,0.027119194543683015,0.028255927249106853,0.0384865215979214,0.05862292952257226,0.03897369275738876,0.015751867489444626,0.027931146476128613
B:GCCGG,0.013769077637690776,0,0.041473125414731256,0.05938951559389516,0.051094890510948905,0.039648307896483076,0.03931652289316523,0.03931652289316523,0.1420039814200398,0.16605839416058393,0.051758460517584606,0.0491041804910418,0.06104844061048441,0.027538155275381553,0.02704047777040478,0.028035832780358327,0.036164565361645654,0.04927007299270073,0.0371599203715992,0.01692103516921035,0.023888520238885203
B:GCCGT,0.01513695338779433,0.0002402691013935608,0.04637193656895723,0.050937049495434886,0.06439211917347429,0.037722248918789045,0.04661220567035079,0.038683325324363284,0.12902450744834215,0.1703507928880346,0.052378664103796255,0.05550216242191254,0.05526189332051898,0.023546371936568958,0.023306102835175396,0.034839019702066314,0.028832292167227293,0.05838539163863527,0.03051417587698222,0.017539644401729938,0.02042287361845267
B:GCCTA,0.03141756664904463,7.552299675251114e-05,0.04410543010346651,0.05211086775923269,0.06177781134355411,0.04131107922362359,0.035042670493165166,0.04327467713918888,0.1559549882939355,0.11645646099237218,0.05664224756438335,0.061853334340306626,0.051431160788460085,0.017445812249830075,0.026810663847141456,0.04380333811645646,0.03677969941847292,0.0664602371422098,0.02311003700626841,0.022052715051733254,0.012083679480401783
B:GCCTC,0.02357047752707906,0.0003238691568606283,0.04210299039188168,0.05408614919572493,0.05487782935693979,0.04069955737881896,0.03638130195401058,0.03836050235704775,0.14710856813847206,0.14671272805786462,0.0582964482349131,0.06016769225233006,0.059447983014861996,0.02252689913275037,0.022814782827737592,0.03580553456403613,0.03310662492353089,0.06041959048544388,0.028212602108748066,0.019216236640397278,0.01576163230055058
B:GCCTG,0.020414993306559572,0.00018254837531945966,0.040343190945600585,0.052513082633564565,0.054551539491298526,0.04055616405013995,0.04146890592673725,0.039460873798223196,0.14515638310819035,0.15580503833515882,0.060636485335280516,0.05963246927102349,0.056681270536692224,0.018467810636485334,0.023001095290251915,0.03681392235609103,0.030941949616648413,0.05960204454180358,0.028507971279055615,0.017585493489107946,0.017676767676767676
B:GCCTT,0.02645985401459854,0.00019834973024436686,0.04621548714693748,0.0542288162488099,0.06160742621390035,0.039669946048873375,0.035107902253252936,0.046136147254839735,0.1451126626467788,0.12424627102507141,0.0554189146302761,0.06089336718502063,0.05625198349730244,0.020033322754681053,0.024635036496350366,0.04185179308156141,0.035068232307204066,0.0685496667724532,0.023087908600444303,0.02165979054268486,0.013567121548714693
B:GCTAA,0.03014256619144603,0.00013577732518669383,0.046978954514596064,0.053496266123557366,0.07515274949083503,0.04236252545824847,0.033061778682959946,0.04867617107942974,0.13360488798370673,0.09864222674813306,0.05431093007467753,0.07169042769857434,0.051595383570943655,0.02247114731839783,0.028716904276985745,0.043584521384928715,0.038289205702647655,0.07080787508486083,0.020977596741344195,0.025390359809911743,0.00991174473862865
B:GCTAC,0.028556932666521706,0.00021743857360295715,0.046096977603826916,0.053924766253533374,0.06204247300137711,0.0445024280640719,0.036239762267159525,0.04638689570196419,0.1411901137928535,0.12386750742915126,0.05399724577806769,0.06117271870696528,0.05508443864608248,0.020221787345075015,0.02522287453794303,0.04037109516561571,0.0350076103500761,0.06798579401319127,0.023120968326447777,0.023048488801913458,0.011741682974559686
B:GCTAG,0.02867757283451737,0,0.04575376393143453,0.05051163396988855,0.06302548393404159,0.03793260770383888,0.03369614808055791,0.04190836211953334,0.14664667926741837,0.11568793586651893,0.05878902431076061,0.0632861891416281,0.05618197223489539,0.018379717134849767,0.027569575702274654,0.041647656911946815,0.038975428534184973,0.06667535684025289,0.026657107475721826,0.024897347324512806,0.013100436681222707
B:GCTAT,0.03583675115981981,0.0001344718617629261,0.049821824783164124,0.055940294493377264,0.06481543736973039,0.04168627714650709,0.031197471928998858,0.04598937672292073,0.1475828682848114,0.09540778592079607,0.05526793518456263,0.06938748066966988,0.05466281180662946,0.018758824715928192,0.03018893296577691,0.04208969273179587,0.03973643515094467,0.07019431184024742,0.01848988099240234,0.022255093121764272,0.0105560411483897
B:GCTCA,0.023324077746925822,0.00019833399444664816,0.046925823086076957,0.05144783815946053,0.06362554541848472,0.0417691392304641,0.03609678698928996,0.04268147560491868,0.14510115033716778,0.13355811186037286,0.056564855216184054,0.06267354224514082,0.05474018246727489,0.020111067036890123,0.02376041253470845,0.03780245934153114,0.032526775089250295,0.06683855612852042,0.02566441888139627,0.021023403411344704,0.013566045220150733
B:GCTCC,0.02172950964772526,0.0003540449637103912,0.04460966542750929,0.0525756771109931,0.056337404850416,0.03916622411046203,0.04279518498849354,0.03885643476721544,0.14617631439192777,0.1413524517613737,0.05447866879093645,0.06222340237210126,0.05810762966896796,0.020446096654275093,0.02301292264117543,0.03783855549654806,0.0361568419189237,0.05925827580102673,0.02783678527172951,0.020003540449637106,0.016684368914852185
B:GCTCG,0.016785022595222725,0,0.04540563804605122,0.052291801162040026,0.056810845706907684,0.04282332687755541,0.05078545298041747,0.0337852377878201,0.12502689907467182,0.1549386701097482,0.06197546804389929,0.05530449752528513,0.05487411233053583,0.026038304282332687,0.02130406714009038,0.03529158596944265,0.03529158596944265,0.058102001291155586,0.03227888960619755,0.020012911555842477,0.02087368194534108
B:GCTCT,0.02337521956492366,0.00013511687609782462,0.04624375084448048,0.049891906499121744,0.06282934738548845,0.040974192676665314,0.03678556951763275,0.04192001080935009,0.14187271990271585,0.1358937981353871,0.05755978921767329,0.061613295500608026,0.0573233346845021,0.02019997297662478,0.022969868936630184,0.03806917984056209,0.034150790433725174,0.0655654641264694,0.028171868666396434,0.020875557357113904,0.013579246047831374
B:GCTGA,0.022124730532128135,0.00011346015657501607,0.046253923830414885,0.05321281343368254,0.06225180590749215,0.040013615218789,0.03702583109564691,0.04413600090768125,0.1431867175976703,0.12631897432018457,0.056465337922166334,0.06149540486365871,0.054158314738474336,0.019931167505011158,0.02602019590787035,0.04485458189932302,0.034907908172913275,0.06724405279679287,0.02424265345486177,0.021708709958019743,0.014333799780643697
B:GCTGC,0.021271105212711052,3.686500036865e-05,0.044127405441274054,0.05315933053159331,0.05997935559979355,0.038708250387082505,0.041251935412519355,0.041399395413993956,0.13378308633783087,0.15310034653100346,0.05315933053159331,0.06761041067610411,0.05234830052348301,0.0204232102042321,0.023851655238516553,0.0364226203642262,0.03439504534395045,0.06219125562191256,0.028054265280542653,0.017326550173265502,0.017400280174002802
B:GCTGG,0.0215277973456564,2.817774521682775e-05,0.04235115106089211,0.051734340218095747,0.0543266927780439,0.041421285468736795,0.04099861929048437,0.03705373496012849,0.14962382710135536,0.1529206232917242,0.06097664064921525,0.0592014427005551,0.054946603172814114,0.01975259939699625,0.022429485192594887,0.03384147200541013,0.03105187522894418,0.06094846290399842,0.029502099242018652,0.018118290174420244,0.01724478007269858
B:GCTGT,0.02119047619047619,6.802721088435374e-05,0.044727891156462585,0.0527891156462585,0.06408163265306123,0.040374149659863946,0.03925170068027211,0.04363945578231292,0.1380612244897959,0.13945578231292516,0.054387755102040816,0.06166666666666667,0.05653061224489796,0.019931972789115647,0.02619047619047619,0.03826530612244898,0.03472789115646258,0.06615646258503402,0.02489795918367347,0.01969387755102041,0.01391156462585034
B:GCTTA,0.027752470390356717,7.008199593524424e-05,0.04779592122783657,0.051159857032728295,0.07807134347186208,0.04618403532132595,0.03272829210175906,0.048847151166865235,0.12860046254117316,0.09587217043941411,0.057817646646576494,0.06903076599621558,0.05459387483355526,0.021585254748055224,0.029504520288737825,0.04807624921157755,0.033709440044852476,0.07246478379704253,0.02116476277244376,0.024528698577335483,0.010442217394351392
B:GCTTC,0.027099463966646812,0.00012762698885390963,0.04543520803199183,0.055262486173742874,0.0630051901642134,0.03964945120394793,0.03399132136475794,0.044116395813834766,0.1382625712584021,0.12201140134433762,0.05790011061005701,0.06453671403046031,0.05730451799540543,0.020377775887007572,0.02539777078192802,0.04245724495873394,0.03594826852718455,0.06538756062281971,0.025482855441163958,0.022462350038288097,0.013783714796222242
B:GCTTG,0.024189324317889626,0.00028570068091995617,0.04695014523117947,0.0519499071472787,0.06561592305128328,0.04109328127232036,0.03561735155468787,0.043474120279986664,0.14294557402028474,0.1221846578734346,0.05661635160230465,0.06442550354745012,0.05571163277939146,0.020332365125470216,0.0254273606018761,0.04361697062044664,0.03423646493024142,0.06561592305128328,0.025141659920956145,0.022046569210989953,0.012523213180324747
B:GCTTT,0.02706190186028173,0.0003225922076060074,0.046596652209756624,0.05498404960751281,0.073120900390695,0.041506864045306284,0.03315531022617298,0.0456288755869386,0.13835621348435428,0.1111150937309581,0.056023513387576614,0.06369403921287502,0.05369368077708878,0.02096849349439048,0.027635399118247965,0.042223735617764074,0.03616617083049572,0.07075522420158428,0.022581454532420518,0.02225886232481451,0.01215097315315961
B:GGCAA,0.028011805741883552,5.366246310705661e-05,0.04598873088274752,0.054091762811913066,0.06702441642071372,0.038422323584652536,0.03455862624094446,0.04443251945264288,0.1504158840890797,0.11113496109471424,0.05886772202844111,0.061926482425543335,0.05672122350415884,0.02044539844378857,0.026723906627314192,0.042822645559431174,0.03514891333512208,0.06675610410517843,0.02248457204185672,0.021947947410786154,0.012020391735980681
B:GGCAC,0.022220968924482543,5.6398398285488694e-05,0.04246799390897298,0.05476284473520952,0.05673678867520163,0.03722294286842254,0.041170830748406745,0.0408888387569793,0.14539507077998984,0.14488748519542044,0.058485139022051776,0.06327900287631831,0.05656759348034516,0.017314308273645027,0.023518132085048785,0.036151373300998255,0.03412103096272066,0.06418137724888613,0.024928092042186004,0.019513845806779086,0.016129941909649767
B:GGCAG,0.02255011135857461,0.00011135857461024499,0.04134187082405345,0.05183741648106904,0.054370824053452116,0.03992204899777283,0.039448775055679286,0.04206570155902004,0.1434576837416481,0.1501391982182628,0.05882516703786191,0.06325167037861916,0.05554008908685969,0.02029510022271715,0.02252227171492205,0.036804008908685966,0.03145879732739421,0.06144209354120267,0.029148106904231627,0.018819599109131405,0.016648106904231626
B:GGCAT,0.028744166313109887,0.0003182011030971574,0.041260076368264745,0.0560033941450997,0.06024607551972847,0.041154009333899025,0.03669919389053882,0.04385871871022486,0.15029698769622402,0.11407509546033093,0.054518455663979636,0.065708527789563,0.05907933814170556,0.019410267288926603,0.024130250318201103,0.04640432753500212,0.03420661858294442,0.06491302503182012,0.022327110733983878,0.022539244802715318,0.014106915570640645
B:GGCCA,0.024887404876533622,7.765180928715639e-05,0.042863798726510326,0.0532303152663457,0.051754930889889736,0.040534244447895634,0.041427240254697933,0.03940829321323187,0.14870321478490447,0.14765491535952788,0.05963658953253611,0.05862711601180307,0.05734586115856499,0.01875291194284827,0.024072060879018482,0.034749184656002484,0.03214784904488274,0.05920950458145675,0.027411088678366207,0.019917689082155614,0.017588134803540923
B:GGCCC,0.024652131039772103,0.0002739125671085789,0.03862167196230963,0.054727730908294074,0.045688616193710965,0.03878601950257478,0.04437383587158979,0.03807384682809247,0.1487893064533801,0.15328147255396077,0.057083378985427854,0.06058945984441766,0.057083378985427854,0.020214747452613126,0.02005039991234798,0.03456776596910266,0.03429385340199408,0.057795551659910155,0.030459077462473977,0.01835214199627479,0.02224170044921661
B:GGCCG,0.016709511568123392,0,0.04643316195372751,0.056555269922879174,0.046593830334190234,0.040809768637532134,0.044826478149100256,0.03904241645244216,0.1327120822622108,0.1707904884318766,0.05205655526992288,0.05318123393316195,0.052859897172236506,0.023618251928020566,0.027152956298200515,0.03181233933161954,0.031008997429305914,0.052377892030848326,0.03679305912596401,0.017673521850899744,0.02699228791773779
B:GGCCT,0.022397787872802687,0.00019751135690302193,0.0396207781947462,0.055895714003555204,0.055105668575943116,0.04017380999407466,0.04037132135097768,0.04013430772269405,0.14876555401935612,0.15164921983014024,0.054750148133517675,0.056527750345644875,0.05514517084732372,0.019395615247876752,0.02334584238593719,0.035710053328066364,0.03495951017183488,0.059885443412996245,0.028323128579893345,0.019593126604779774,0.018052538020936204
B:GGCGA,0.024124513618677044,0.0005188067444876783,0.04098573281452659,0.054734111543450065,0.05317769130998703,0.039169909208819714,0.042542153047989625,0.035538261997405965,0.13359273670557717,0.1496757457846952,0.06018158236057069,0.06199740596627756,0.05291828793774319,0.024383916990920882,0.026459143968871595,0.03268482490272374,0.03372243839169909,0.05888456549935149,0.03268482490272374,0.020492866407263294,0.02153047989623865
B:GGCGC,0.017973533478174996,0,0.038514714596089274,0.060240963855421686,0.04404503258937389,0.04068733952202252,0.04720521429982224,0.03614457831325301,0.12067943906774639,0.17400750543156232,0.053920600434524985,0.04918032786885246,0.05806833892948845,0.029034169464744224,0.028244124037132137,0.029034169464744224,0.03614457831325301,0.0549081572190401,0.03574955559944697,0.014813351767726645,0.031404305747580484
B:GGCGG,0.020467069010758333,0,0.042114930464445026,0.06022041458934663,0.048150091839412226,0.04408291786932564,0.03791655733403306,0.03306218840199423,0.13316714773025454,0.16609813697192338,0.049855680923642086,0.05090527420624508,0.06008921542902126,0.031750196798740485,0.02309105221726581,0.029388611912883757,0.04014694305956442,0.053660456573077935,0.035948569929152456,0.01443190763579113,0.02545263710312254
B:GGCGT,0.019239083441418073,0,0.043666234327712924,0.0527453523562473,0.056204063986165155,0.04409857328145266,0.04388240380458279,0.035235624729788154,0.13813229571984437,0.1608300907911803,0.05771725032425422,0.054474708171206226,0.06182447038478167,0.022265456117596196,0.02421098140942499,0.029615218331171637,0.0324254215304799,0.059230436662343275,0.0311284046692607,0.017942066580198875,0.015131863380890618
B:GGCTA,0.0312556787206978,6.0573020776546124e-05,0.04700466412259979,0.05269852807559513,0.05966442546489793,0.03985704767096735,0.03458719486340784,0.04421830516687867,0.14458780059361562,0.12702162456841723,0.055242594948210065,0.05942213338179175,0.05427342661578533,0.018232479253740386,0.02628869101702102,0.04215882246047611,0.0359803743412684,0.06693318795808346,0.02404748924828881,0.02344175904052335,0.013023199466957416
B:GGCTC,0.019716288102676685,0.00037997129105800896,0.043443384277632356,0.05083171493709364,0.05547580849446931,0.03888372878493625,0.04141687072532298,0.03850375749387824,0.1473866418981677,0.14725998480114835,0.059317740437389174,0.061724225280756564,0.05843114075825382,0.021151735202229165,0.02022291649075403,0.035928396521151734,0.03314194038672633,0.061724225280756564,0.02955332263784514,0.019294097779278898,0.01621210841847505
B:GGCTG,0.02081601055136623,0.00017203314505261346,0.042176792728732405,0.050520400263784154,0.05527998394357313,0.04148866014852195,0.04016973936978525,0.03859276887346962,0.145826762622932,0.15566132408177308,0.0587206468446254,0.05602546090546779,0.05657023253146773,0.02004186139862947,0.023167130200418613,0.03652837113283826,0.03297301946841758,0.06253404822662499,0.026263726811365656,0.018722940619892766,0.01774808613126129
B:GGCTT,0.025704706320625853,0.00037253197566124423,0.04507636905501056,0.05393435158740014,0.0634132207458918,0.041309656856657974,0.03476965106171613,0.04329649406018461,0.14094126412517075,0.1238047932447535,0.05931536901361811,0.06250258702760876,0.05563144169874581,0.020199511569187468,0.02462850283538226,0.041599403948838945,0.035431930129558344,0.06767664224512604,0.02438014818494143,0.022020779005753548,0.01399064530816673
B:GGTAA,0.033285509325681494,7.173601147776183e-05,0.04648493543758967,0.05387374461979914,0.07618364418938307,0.04777618364418938,0.032639885222381634,0.044763271162123384,0.14110473457675754,0.09799139167862267,0.05839311334289814,0.06535150645624103,0.056527977044476325,0.017718794835007174,0.02804878048780488,0.04160688665710186,0.03385939741750359,0.06836441893830703,0.022381635581061692,0.023027259684361548,0.01054519368723099
B:GGTAC,0.027490149363144874,0.00027490149363144874,0.04490057729313662,0.05543846788234216,0.0579125813250252,0.04471730963071566,0.03848620910840282,0.0439842389810318,0.14817190506735087,0.11719967011820764,0.056263172363236504,0.05892055346834051,0.05937872262439293,0.01951800604783286,0.028314853844039218,0.040868688719875375,0.03637863099056172,0.06148630074223403,0.02455786676440942,0.022633556308989278,0.013103637863099055
B:GGTAG,0.02767515717156005,0.00038887808671981335,0.04258215049581956,0.054442932140773864,0.06293343703415646,0.03966556484542096,0.03376758053017046,0.04407284982824551,0.14725516883790266,0.11692267807375721,0.054313306111867264,0.06345194114978288,0.06397044526540929,0.01989759543716378,0.02352712424654871,0.04245252446691296,0.03551753192040962,0.06377600622204939,0.028128848272733164,0.02274936807310908,0.012508911789487329
B:GGTAT,0.03236703590227041,7.85607667530835e-05,0.04925760075418336,0.05404980752612146,0.06732657710739257,0.04878623615366486,0.030403016733443318,0.04218713174640584,0.15201508366721658,0.09065912483305837,0.05232147065755362,0.06724801634063948,0.05530677979417079,0.019168827087752378,0.03150286746798649,0.04729358158535627,0.03731636420771467,0.06599104407259015,0.021447089323591798,0.024825202293974388,0.010448581978160107
B:GGTCA,0.02352320675105485,0.00015822784810126583,0.04425105485232068,0.05021097046413502,0.059915611814345994,0.039029535864978905,0.03760548523206751,0.04156118143459916,0.1585970464135021,0.12716244725738396,0.05690928270042194,0.06207805907172996,0.05574894514767933,0.018512658227848103,0.025843881856540084,0.0395042194092827,0.03412447257383966,0.06424050632911392,0.026054852320675104,0.02120253164556962,0.013765822784810127
B:GGTCC,0.021988407258064516,6.300403225806451e-05,0.041519657258064516,0.05260836693548387,0.05216733870967742,0.03962953629032258,0.041015625,0.035345262096774195,0.1534148185483871,0.14478326612903225,0.05626260080645161,0.06716229838709678,0.05670362903225806,0.01953125,0.021169354838709676,0.03654233870967742,0.03446320564516129,0.06224798387096774,0.024067540322580645,0.020602318548387098,0.01871219758064516
B:GGTCG,0.02286689419795222,0,0.04402730375426621,0.05631399317406143,0.06518771331058021,0.04436860068259386,0.040955631399317405,0.029692832764505118,0.12389078498293515,0.15631399317406144,0.05631399317406143,0.051194539249146756,0.05802047781569966,0.018430034129692834,0.02218430034129693,0.04334470989761092,0.030034129692832763,0.059385665529010236,0.042320819112627986,0.015358361774744027,0.019795221843003412
B:GGTCT,0.024384390150242404,0.00024000384006144098,0.04368069889118226,0.05376086017376278,0.05563289012624202,0.044544712715403445,0.03691259060144962,0.03806460903374454,0.151730427686843,0.1305140882254116,0.05841693467095473,0.062112993807900925,0.05668890702251236,0.019824317189075024,0.023760380166082656,0.04257668122689963,0.03220851533624538,0.06216099457591322,0.025920414726635626,0.021456343301492823,0.015408246531944511
B:GGTGA,0.02509460266879108,0.00029874526986656047,0.047450707030472015,0.052280422226648075,0.0619398526190002,0.03943437562238598,0.03465445130452101,0.04147580163314081,0.15305715992830113,0.12711611232822148,0.055566620195180244,0.05850428201553475,0.05840470025891257,0.02031467835092611,0.023700458076080462,0.038587930691097394,0.03729336785500896,0.06293567018522207,0.026687910774746068,0.019966142202748456,0.015236008763194583
B:GGTGC,0.02000894968995717,0,0.040465383877772806,0.05011826376014831,0.05593556223230838,0.03841974045899124,0.045451639711052864,0.03765262417694815,0.1441539346672633,0.15738669053250656,0.05567985680496069,0.056958383941699164,0.05657482580067762,0.01834686441219715,0.023460972959151057,0.037908329604295854,0.03445630633510196,0.06386243048008694,0.026401585373649554,0.01968931790577255,0.017068337275458673
B:GGTGG,0.02666666666666667,0.00010471204188481675,0.044537521815008724,0.053228621291448515,0.0531239092495637,0.04055846422338569,0.04048865619546248,0.03794066317626527,0.1482722513089005,0.1431064572425829,0.056509598603839445,0.0600349040139616,0.05870855148342059,0.0193717277486911,0.025689354275741712,0.03472949389179756,0.03193717277486911,0.056963350785340316,0.0324956369982548,0.019581151832460734,0.01595113438045375
B:GGTGT,0.024674940898345155,0.0004925137903861308,0.04634554767533491,0.05072892040977147,0.05993892828999212,0.04161741528762805,0.035855003940110326,0.039992119779353824,0.15065996847911742,0.14396178092986603,0.05402876280535855,0.0583628841607565,0.05461977935382191,0.01950354609929078,0.023443656422379826,0.03881008668242711,0.034131205673758866,0.0662923561859732,0.024182427107959023,0.019454294720252167,0.012903861308116627
B:GGTTA,0.030798919336163643,7.719027402547279e-05,0.05048243921265921,0.055808568120416825,0.06885372443072173,0.042223079891933614,0.030412967966036278,0.04237746043998456,0.1449633346198379,0.10266306445387881,0.05982246236974141,0.06661520648398302,0.054882284832111154,0.01860285604013894,0.028869162485526824,0.04592821304515631,0.0340409108452335,0.06700115785411039,0.023311462755692784,0.022230798919336162,0.010034735623311463
B:GGTTC,0.028665861564863664,0.00019068200597470284,0.04582724210258692,0.052755354986334456,0.060636877899955505,0.040742388609928175,0.03889912921883938,0.04175935930845993,0.14542680989004003,0.11815928303565754,0.05695035911777792,0.062098773279094896,0.05771308714167673,0.017860547892963832,0.025487828131951946,0.043094133350282844,0.03381427572618064,0.06756499078370304,0.025233585457319012,0.021864870018432594,0.015254560477976228
B:GGTTG,0.025943122460824145,0.00017411491584445735,0.048461984910040626,0.05461404526987812,0.06105629715612304,0.04526987811955891,0.034881021474172956,0.04172954149738828,0.15519442832269298,0.12350551363900174,0.05438189204875218,0.06279744631456761,0.056877539175856064,0.01764364480557168,0.028845037724898433,0.038711549622751015,0.03064422518862449,0.061172373766686015,0.023969820081253628,0.021822402785838652,0.012304120719674986
B:GGTTT,0.028853359980014988,0.00016654176034640685,0.04779748521941877,0.055999666916479306,0.06374385877258723,0.04625697393621451,0.03106003830460488,0.04579898409526189,0.14472478974102757,0.10612873678074777,0.05704055291864435,0.06266133733033558,0.05454242651344825,0.01869431259888417,0.02697976517611791,0.04463319177283704,0.035973020234823884,0.07223748855025397,0.02060954284286785,0.025189441252394036,0.01090848530268965
B:GTCAA,0.02984450177811868,0.00013946028868279758,0.050135973781465726,0.05459870301931525,0.06861446203193641,0.04664946656439579,0.031796945819677847,0.04372080050205704,0.1496408897566418,0.09378704413918137,0.05473816330799805,0.0631755107733073,0.05418032215326686,0.02238337633358901,0.02831043860260791,0.045603514399274805,0.038700230109476326,0.06505822467052506,0.022871487343978803,0.02468447109685517,0.011366013527648003
B:GTCAC,0.024437506728388417,0.00010765421466250404,0.043169340079664116,0.04731402734417053,0.06437722036817742,0.03837872752718269,0.039562923888470235,0.042361933469695336,0.152922811928087,0.13467542254279255,0.05172785014533319,0.058510065669070944,0.054795995263214554,0.01921627731725697,0.02718268920228227,0.04193131661104532,0.034557002906663796,0.06830659920335881,0.021692324254494563,0.020831090537194532,0.013941220798794273
B:GTCAG,0.02275198661647846,8.364700961940611e-05,0.04705144291091593,0.049393559180259304,0.06470096194061062,0.03960685905478879,0.03743203680468423,0.045294855708908406,0.14755332496863238,0.12814721873693016,0.05683814303638645,0.06148055207026349,0.0534086156419908,0.01944792973651192,0.02450857381848599,0.03998327059807612,0.03479715600167294,0.0657883730656629,0.02714345462149728,0.021580928481806774,0.01300710999581765
B:GTCAT,0.028566348604279024,0.00035559770046820365,0.048598352397321166,0.05322112250340781,0.0717122029277544,0.042730990339595806,0.033011319860131574,0.04498310910922776,0.15332187518520712,0.10027855153203342,0.05511764357257157,0.06436318378474486,0.05493984472233746,0.019676406092573935,0.025365969300065194,0.04682036389498014,0.036211699164345405,0.06987494814200201,0.020506134060333078,0.01932080839210573,0.011023528714514313
B:GTCCA,0.024793861658268437,0.00017178195144296838,0.04271644525881814,0.05537104901511681,0.05897846999541915,0.03916628492899679,0.04025423728813559,0.04157123224919835,0.152256069628951,0.12585890975721484,0.055313788364635824,0.06459001374255612,0.05319514429683921,0.020785616124599175,0.024793861658268437,0.04042601923957856,0.03441365093907467,0.06510535959688502,0.023591387998167658,0.02244617498854787,0.014200641319285386
B:GTCCC,0.021884531007544544,0.0005885815185403178,0.04649793996468511,0.054845096045802344,0.055433677564342664,0.03809727647279148,0.039648991385306864,0.03504735405853711,0.1561346246455134,0.14591470918722244,0.05350741077639253,0.05992830006955963,0.05859061480014982,0.017657445556209534,0.02156348654288619,0.037615709775803946,0.0336561613783509,0.06217561132216812,0.025844079404997593,0.020011771630370805,0.015356626892824656
B:GTCCG,0.014654348518636508,0.00031857279388340236,0.042370181586492514,0.06116597642561325,0.05033450143357757,0.042051608792609114,0.03663587129659127,0.039821599235425297,0.14049060210258044,0.15036635871296591,0.053838802166295,0.05670595731124562,0.06084740363172985,0.021981522777954763,0.024848677922905384,0.03217585218222364,0.03185727938834024,0.06881172347881491,0.02962726983115642,0.017840076457470534,0.023255813953488372
B:GTCCT,0.02471653479076597,0.00020393180520433967,0.04576229708785382,0.05155396035565707,0.059548087119667185,0.04168366098376703,0.03678929765886288,0.04074557467982706,0.14658618158087935,0.1343094869075781,0.05922179623134024,0.06146504608858798,0.054205073823313486,0.020107675993147892,0.024349457541398157,0.04131658373439922,0.033240884248307366,0.0674198548005547,0.023574516681621666,0.019291948772330533,0.013908149114935965
B:GTCGA,0.025012761613067893,0,0.042879019908116385,0.062276671771311895,0.07861153649821337,0.04492087799897907,0.04134762633996937,0.03828483920367534,0.14139867279224094,0.12098009188361408,0.05768249106687085,0.055130168453292494,0.05410923940786115,0.017355793772332824,0.02041858090862685,0.045941807044410414,0.029606942317508933,0.06533945890760592,0.021949974476773864,0.02450229709035222,0.01225114854517611
B:GTCGC,0.025767336112163697,0,0.04357711254262978,0.058734369079196665,0.05380826070481243,0.03675634710117469,0.04281924971580144,0.030314513073133764,0.12391057218643425,0.15649867374005305,0.05380826070481243,0.05608184918529746,0.06252368321333839,0.028798787419477074,0.023493747631678667,0.028419856006062904,0.034861690034103825,0.0610079575596817,0.03940886699507389,0.015915119363395226,0.023493747631678667
B:GTCGG,0.01796239124333427,0.000280662363177098,0.042941341566095984,0.055851810272242494,0.06371035644120124,0.04406399101880438,0.04462531574515857,0.03311815885489756,0.13247263541959023,0.14229581813078865,0.05360651136682571,0.05360651136682571,0.059781083356721866,0.02217232669099074,0.02469828795958462,0.03564412012349144,0.03171484703901207,0.06258770698849285,0.038170081392085324,0.020769014875105248,0.019927027785573953
B:GTCGT,0.022678951098511695,0,0.04712969525159461,0.048547129695251594,0.07016300496102056,0.040396881644223954,0.042523033309709427,0.042523033309709427,0.13359319631467045,0.13607370659107015,0.05776045357902197,0.06201275690999291,0.05386250885896527,0.014528703047484054,0.026222537207654145,0.040396881644223954,0.03543586109142452,0.05846917080085046,0.03118355776045358,0.01842664776754075,0.018072289156626505
B:GTCTA,0.029552934722984092,0.00027427317608337906,0.04306088864509051,0.05245474492594624,0.06630554031815689,0.04415798134942402,0.030032912781130006,0.04251234229292375,0.1437191442676906,0.1151947339550192,0.05629456939111355,0.07041963795940757,0.053620405924300604,0.018650575973669776,0.027701590784421283,0.04463795940756994,0.03510696653867252,0.06836258913878222,0.023244651673066375,0.023450356555128907,0.011245200219418541
B:GTCTC,0.02613210759278175,0.00021280217909431392,0.04736976506639428,0.04962546816479401,0.05954204971058904,0.04447565543071161,0.0351123595505618,0.04209227102485529,0.14883384405856315,0.12410623084780388,0.05830779707184201,0.061542390194075584,0.05835035750766088,0.018726591760299626,0.023323118828736805,0.04090057882192714,0.037197820905686074,0.0637129724208376,0.023876404494382022,0.02294007490636704,0.013619339462036091
B:GTCTG,0.021471233083843654,0.0002646102668783549,0.04354728963483783,0.052959854842367884,0.061767596582747414,0.04082558403266047,0.03734784909654495,0.04040976789899448,0.1474635215846375,0.13290995690632795,0.056210780978301955,0.06354426551750209,0.0559083692447267,0.018447115748091027,0.02468435775308082,0.04112799576623573,0.03292507749300673,0.06826944885461556,0.023739321085658124,0.021773644817418916,0.014402358811521887
B:GTCTT,0.02852293426063918,0.00012419274714356682,0.04971849643980791,0.056383507203179334,0.06673290279847657,0.045454545454545456,0.03378042722305018,0.04330187117072363,0.14240768339128995,0.10572942540155655,0.05878456698128829,0.06449743334989237,0.05584533863222388,0.019415466136777613,0.026742838218248053,0.042432521940718664,0.0344427885411492,0.06855439642324888,0.023058453386322238,0.022147706573936082,0.011922503725782414
B:GTTAA,0.03371930271026848,0,0.04797047970479705,0.05713195062985112,0.08168978241506553,0.05000636213258684,0.03244687619289986,0.04688891716503372,0.12756075836620434,0.08576154727064512,0.05751367858506171,0.06705687746532638,0.05102430334648174,0.02201297875047716,0.030983585697925944,0.04707978114263901,0.03429189464308436,0.07329176740043263,0.020804173558976968,0.022840055986766764,0.009924926835475252
B:GTTAC,0.03057035548956241,0,0.0495239758930911,0.053017730806183945,0.07983229976417154,0.047078347453926105,0.03415145427548257,0.04349724866800594,0.13608175386496638,0.09424403878067954,0.05913180190409643,0.06367368329111713,0.05144554109529217,0.019215652022010657,0.03083238710804437,0.04943663202026378,0.03240457681893615,0.07223338282819461,0.02244737531662154,0.021573936588348327,0.009607826011005328
B:GTTAG,0.02947998503554059,0.0002244668911335578,0.04870931537598204,0.05716423494201272,0.07280209502431724,0.04526748971193416,0.031051253273475497,0.042050130939019825,0.13991769547325103,0.09839132061354283,0.0567153011597456,0.06591844369622148,0.05095398428731762,0.01848110736999626,0.027235316124205013,0.04579124579124579,0.040179573512906845,0.07459783015338571,0.022222222222222223,0.022745978301533857,0.010101010101010102
B:GTTAT,0.032095928771451135,7.180297264306742e-05,0.04954405112371652,0.06268399511739786,0.07740360450922668,0.04566669060099088,0.029367415811014576,0.044733251956631005,0.13822072233790478,0.07438787965821785,0.05823221081352768,0.0723055934515689,0.05492927407194658,0.020392044230631148,0.0317369139082358,0.04710275005385223,0.035542471458318375,0.07244919939685503,0.020751059093846485,0.02398219286278452,0.00840094779923889
B:GTTCA,0.03015857573693939,9.728572818367545e-05,0.05078315011187859,0.05214515030645005,0.06853779550539936,0.04387586341083763,0.03424457632065376,0.04441093491584785,0.1426208775172682,0.10706294386613484,0.058274151182021595,0.06182508026072575,0.05584200797742971,0.019554431364918766,0.02675357525051075,0.04431364918766417,0.03424457632065376,0.07077536725362389,0.022570288938612706,0.020867788695398386,0.011041930148847164
B:GTTCC,0.02829156463293909,0.00010420465794821029,0.04621476580003126,0.05340488719845777,0.06351273901943418,0.04136924920543948,0.037513676861355705,0.04022299796800917,0.14922107018183714,0.11764705882352941,0.057937789819204916,0.06221018079508154,0.05705205022664513,0.02016360131297869,0.025217527223466887,0.0415255561923618,0.03454384410983171,0.0658573438232689,0.02177877351117595,0.022508206116813423,0.013702912520189653
B:GTTCG,0.023043160204828092,0.000731528895391368,0.04901243599122165,0.057425018288222385,0.05779078273591807,0.0457205559619605,0.046086320409656184,0.04169714703730797,0.12948061448427212,0.1302121433796635,0.0592538405267008,0.058522311631309436,0.05157278712509144,0.026335040234089245,0.019751280175566936,0.03767373811265545,0.03108997805413314,0.06474030724213606,0.03108997805413314,0.02377468910021946,0.014996342355523043
B:GTTCT,0.02740882917466411,0.00019193857965451057,0.04763915547024952,0.05581573896353167,0.0671785028790787,0.04376199616122841,0.03600767754318618,0.04376199616122841,0.14142034548944338,0.10587332053742803,0.05535508637236084,0.06307101727447217,0.05408829174664107,0.01834932821497121,0.027907869481765834,0.046794625719769674,0.03497120921305182,0.06971209213051824,0.025028790786948175,0.022955854126679463,0.012706333973128599
B:GTTGA,0.029465930018416207,0.00034104085669463204,0.04672259736716459,0.05920469272218812,0.0682081713389264,0.04549485028306391,0.032739922242684676,0.04542664211172499,0.15210422208580587,0.08921628811131574,0.056544574039969986,0.0682081713389264,0.05402087170042971,0.019575745174271877,0.028511015619671235,0.045017393083691425,0.0366959961803424,0.06554805265670828,0.02223586385649001,0.024009276311302095,0.010708682900211446
B:GTTGC,0.027941410603407102,0.0001592103168285305,0.04752427957331635,0.0524597993950008,0.06909727750358223,0.04043942047444674,0.035185480019105236,0.045454545454545456,0.14320967998726317,0.1156662951759274,0.057554529533513775,0.06503741442445471,0.055484795414742875,0.019025632861009393,0.028021015761821366,0.04187231332590352,0.03486705938544818,0.06647030727591148,0.023801942365865306,0.0206177360292947,0.010109855118611686
B:GTTGG,0.026560649636271357,0,0.04500084588056166,0.05977555969097163,0.06344104212485197,0.043873005131675406,0.03501945525291829,0.04500084588056166,0.15231489313708904,0.11847967067050133,0.054474708171206226,0.06265155360063158,0.053516043534652905,0.016240906783962103,0.02424857610105453,0.04392939716911972,0.03439914284103085,0.06541476343540292,0.02204928664072633,0.02188011052839339,0.011729543788417075
B:GTTGT,0.025974025974025976,0.00015584415584415584,0.04971428571428571,0.05423376623376623,0.07194805194805194,0.046285714285714284,0.03438961038961039,0.04135064935064935,0.1437922077922078,0.10514285714285715,0.055584415584415584,0.06384415584415584,0.053714285714285714,0.018545454545454546,0.032467532467532464,0.04623376623376623,0.03324675324675325,0.06737662337662338,0.0212987012987013,0.02327272727272727,0.011428571428571429
B:GTTTA,0.03069526627218935,0.00010566356720202873,0.04696745562130177,0.05822062552831784,0.08278740490278952,0.048288250211327134,0.033865173288250214,0.04554099746407439,0.12922654268808115,0.08416103127641589,0.0555262045646661,0.06799450549450549,0.052409129332206254,0.01970625528317836,0.03222738799661876,0.04643913778529163,0.03486897717666949,0.07560228233305157,0.02044590025359256,0.025676246830092984,0.009245562130177515
B:GTTTC,0.02820206502261285,0.0003839918081747589,0.04693233211024832,0.05678812185340046,0.06843587336803482,0.04462838126119976,0.031700657052649545,0.04398839491424183,0.14403959382199846,0.09616861506954519,0.05695878487925591,0.06463862104275109,0.055934806724123216,0.021375543988394915,0.026623432033449954,0.04339107432374776,0.038015189009301134,0.07445174502943937,0.023039508490485538,0.023380834542196433,0.010922433654748698
B:GTTTG,0.027856149413868467,0.00015895092390224517,0.044585734154579774,0.05642757798529704,0.0707331611364991,0.045380488774090996,0.03302205444069144,0.045618915159944366,0.1428174051261673,0.10252334591694814,0.05710311941188158,0.06656069938406517,0.05531492151798132,0.020822571031194118,0.026743492946552753,0.044943373733359826,0.034492350486787206,0.06985893105503675,0.02153785018875422,0.023723425392410093,0.009775481819988078
B:GTTTT,0.03066891387837427,0.0002762965214267952,0.0497886331611085,0.055784267676069955,0.07711435913021855,0.05172270881109607,0.03083469179123035,0.043931146906860445,0.13090929185201558,0.09098444450584367,0.05813278810819772,0.06694664714171249,0.05042411516039013,0.02033542397701213,0.031801729616224135,0.04738485342469538,0.03550410300334319,0.07343961539524217,0.021578758323432708,0.023347056060564197,0.009090155554941564
B:TACAA,0.032866935862522303,0.000187811062071556,0.04934735655930134,0.06085078411118415,0.07920931542867875,0.04498074936613766,0.0332895107521833,0.04545027702131656,0.1378533195605221,0.08385763921494976,0.05343224715935769,0.06737721851817072,0.048877828904122456,0.021457413841675276,0.03178702225561086,0.049722978683444455,0.03652925157291764,0.06981876232510095,0.019485397689923935,0.024321532538266504,0.009296647572542022
B:TACAC,0.024998711406628526,0.00010308746971805578,0.048296479562909125,0.05107984124529663,0.06860471109736611,0.05102829751043761,0.035925983196742436,0.04025565692490078,0.14184835833204473,0.1138601103035926,0.05525488376887789,0.06329570640688624,0.053605484253389,0.02072058141332921,0.027627441884438945,0.0438121746301737,0.03499819596927994,0.06927477965053348,0.02412246791402505,0.02092675635276532,0.010360290706664605
B:TACAG,0.027576853526220614,0.00018836648583484027,0.04513261000602773,0.05206449668474985,0.07293550331525014,0.04468053044002411,0.034659433393610606,0.044567510548523204,0.1402200120554551,0.11268083182640144,0.05839361060880048,0.06091772151898734,0.053119349005424955,0.019816154309825196,0.028367992766726944,0.044755877034358044,0.03499849306811332,0.0699216395418927,0.02249095840867993,0.021662145871006632,0.0108499095840868
B:TACAT,0.03204,4e-05,0.04964,0.05304,0.07544,0.04868,0.0344,0.04196,0.14008,0.08336,0.05568,0.07304,0.05144,0.02004,0.03484,0.04476,0.0382,0.07164,0.02,0.02428,0.0074
B:TACCA,0.031444759206798865,0.00033994334277620395,0.047422096317280456,0.053314447592067986,0.07263456090651559,0.04645892351274788,0.03059490084985836,0.046288951841359775,0.14577903682719548,0.09671388101983003,0.05569405099150142,0.06169971671388102,0.058810198300283285,0.020113314447592068,0.02906515580736544,0.04277620396600566,0.035694050991501414,0.06934844192634561,0.02226628895184136,0.02328611898016997,0.010254957507082153
B:TACCC,0.02700166052992564,0.00014439390657714244,0.04577286838495415,0.053497942386831275,0.060067865136091254,0.04317377806656559,0.03725362789690275,0.04093567251461988,0.14930329940076528,0.1161648978413111,0.054147714966428416,0.07017543859649122,0.06042884990253411,0.01768825355569995,0.024474767164825644,0.039130748682405604,0.034076961952205616,0.05977907732293697,0.029239766081871343,0.023464009818785648,0.014078405891271389
B:TACCG,0.02269170579029734,0,0.041471048513302036,0.048513302034428794,0.07198748043818466,0.04460093896713615,0.04303599374021909,0.03442879499217527,0.13928012519561817,0.12245696400625979,0.05672926447574335,0.0528169014084507,0.05359937402190924,0.024256651017214397,0.028951486697965573,0.03834115805946792,0.037949921752738654,0.06729264475743349,0.028951486697965573,0.026604068857589983,0.016040688575899843
B:TACCT,0.032465818508156045,0.00015836984638124902,0.04455471678192472,0.05690756479966214,0.06456210737475584,0.045082616269862215,0.032518608456949795,0.04476587657709972,0.14738953703214908,0.10420735891886185,0.05564060602861215,0.06297840891094336,0.05864963310985588,0.018423692129018635,0.028400992451037322,0.04687747452884971,0.03658343451406852,0.0646148973235496,0.021960618698199864,0.02275246793010611,0.010505199809956184
B:TACGA,0.01964367291000457,0,0.0438556418455916,0.04431247144814984,0.07857469164001828,0.042485153037916855,0.036089538602101415,0.04751027866605756,0.13385107354956602,0.10689812699862951,0.06030150753768844,0.06212882594792143,0.05619004111466423,0.024211968935587025,0.02603928734582001,0.04476930105070809,0.04111466423024212,0.07263590680676107,0.02147099132023755,0.02512562814070352,0.012791228871630882
B:TACGC,0.028816986855409503,0,0.043478260869565216,0.04903943377148635,0.0743174924165824,0.03741152679474216,0.03943377148634985,0.03538928210313448,0.14560161779575329,0.12790697674418605,0.0621840242669363,0.05813953488372093,0.04903943377148635,0.023255813953488372,0.020728008088978768,0.037917087967644085,0.038928210313447925,0.06774519716885744,0.030333670374115267,0.01820020222446916,0.012133468149646108
B:TACGG,0.01881821603312006,0.0003763643206624012,0.04930372600677456,0.05005645464809936,0.07075649228453143,0.03838916070756492,0.03500188182160331,0.041400075272864136,0.12796386902521642,0.13812570568310123,0.054196462175385776,0.0621001129092962,0.06059465562664659,0.01618366578848325,0.025969138125705685,0.038765525028227325,0.03763643206624012,0.06925103500188182,0.02220549491908167,0.023334587881068874,0.01957094467444486
B:TACGT,0.029194927749926276,0,0.04659392509584193,0.05396638159834857,0.0775582424063698,0.03951636685343556,0.03656738425243291,0.04629902683574167,0.13093482748451785,0.11825420230020643,0.0460041285756414,0.06546741374225892,0.05101739899734591,0.022412267767620172,0.03007962253022707,0.03686228251253318,0.03391329991153052,0.07549395458566795,0.02506635210852256,0.020937776467118845,0.013860218224712475
B:TACTA,0.037876528481956453,0.0002236802863107665,0.04809126155681479,0.05882791529973158,0.08738443185207277,0.04988070384730092,0.030345958842827318,0.04235013420817179,0.13077840739636146,0.06852072770653146,0.06203399940351924,0.06650760512973457,0.054652549955263946,0.018863704145541307,0.03191172084700268,0.05152102594691321,0.036310766477781094,0.07314345362362064,0.019311064718162838,0.024306591112436625,0.007157769161944528
B:TACTC,0.03298998775480804,0.00014406108189872507,0.04501908809335158,0.05474321112151552,0.0684290139018944,0.04530721025714903,0.03198156018151696,0.04617157674854138,0.13894691349132032,0.09947417705106966,0.05351869192537636,0.06576388388676799,0.05258229489303465,0.021321040121011308,0.028380033134048837,0.04703594323993373,0.03853633940790895,0.07167038824461572,0.020600734711517684,0.025570842037023696,0.011813008715695454
B:TACTG,0.03206662677039697,0.00014961101137043686,0.04742669060442849,0.058049072411729505,0.07590265310193497,0.0428884899261919,0.033163774187113505,0.045731099142230204,0.13694394574107321,0.09250947536405346,0.05635348094953122,0.06383403151805306,0.051615798922800715,0.02049670855774985,0.028376221823259527,0.0469279872331937,0.03525832834629962,0.07410732096548972,0.022192300019948135,0.02433672451625773,0.011669658886894075
B:TACTT,0.03484543625388696,0.00022864459484177793,0.04764953356502652,0.05921895006402049,0.0809401865739894,0.047283702213279676,0.030181086519114688,0.047832449240899945,0.12621181635266143,0.08075727089811596,0.05825864276568502,0.06543808304371684,0.051856594110115235,0.021538320834095483,0.032924821657216025,0.04920431680995061,0.03941832815072252,0.07284616791659045,0.020898115968538505,0.02323029083592464,0.009237241631607829
B:TATAA,0.03427072583419333,0,0.05258857929136567,0.058651530787753696,0.08380632954936361,0.04966460268317854,0.031174750601995184,0.043773649810801514,0.1301169590643275,0.06738046095631235,0.05680254557963536,0.07357241142070864,0.04695562435500516,0.019951840385276916,0.03452872377020984,0.050696594427244585,0.03637770897832817,0.07641038871689027,0.019865841073271415,0.026444788441692468,0.00696594427244582
B:TATAC,0.03405758464409491,6.664889362836577e-05,0.04785390562516662,0.058517728605705144,0.07891229005598507,0.04825379898693682,0.029725406558251132,0.0418555051986137,0.13916288989602774,0.07597973873633698,0.05871767528659024,0.07344708077845907,0.0471207677952546,0.022327379365502532,0.03519061583577713,0.04578778992268728,0.03892295387896561,0.07384697414022927,0.019861370301252998,0.023060517195414555,0.007331378299120235
B:TATAG,0.03515263644773358,0,0.049583718778908416,0.05544249152019735,0.07123034227567067,0.04563675609004009,0.030280604378661733,0.044465001541782304,0.13993216157878507,0.08374961455442491,0.05747764415664508,0.06999691643539932,0.05377736663583102,0.01998149861239593,0.030465618254702436,0.04594511255010793,0.038236201048411966,0.07696577243293247,0.020968239284613013,0.023496762257169287,0.0072155411655874194
B:TATAT,0.03505547167334078,3.282347534957001e-05,0.05753955228779623,0.060657782446005386,0.08008927985295083,0.05130309197137793,0.03295476925096829,0.037976760979452504,0.13556095319372416,0.0644653055865555,0.05271450141140944,0.08284645178231471,0.044213221295870804,0.02212302238561019,0.03489135429659292,0.04595286548939802,0.0372218210464124,0.076183286286352,0.0179544410162148,0.02478172388892536,0.005481520383378192
B:TATCA,0.03398582923021496,0.00018013690404707576,0.04743605139906329,0.058184220007205474,0.07475681517953645,0.04443376966494536,0.03152395820823826,0.04425363276089828,0.1402065569833073,0.07325567431247748,0.0545214362915816,0.07301549177374805,0.053620751771346224,0.022276930467155037,0.03032304551459109,0.049837876786357635,0.04107121412273328,0.0726552179656539,0.019394740002401826,0.02599975981746127,0.009066890837036148
B:TATCC,0.032461677186654644,0.0005259993988578299,0.045987376014427414,0.0580853621881575,0.0651487826871055,0.04200480913736099,0.03118425007514277,0.04328223624887286,0.16088067327923053,0.0898707544334235,0.052900510970844604,0.07138563270213405,0.059062218214607755,0.01743312293357379,0.026149684400360685,0.04350766456266907,0.03944995491433724,0.06432221220318605,0.020138262699128343,0.02569882777276826,0.010519987977156597
B:TATCG,0.025515743756786103,0,0.04343105320304017,0.06460369163952226,0.0732899022801303,0.04125950054288816,0.03691639522258415,0.035830618892508145,0.15255157437567862,0.08577633007600434,0.05591748099891422,0.0743756786102063,0.05863192182410423,0.025515743756786103,0.03637350705754615,0.029315960912052116,0.028773072747014114,0.07654723127035831,0.014657980456026058,0.031487513572204126,0.009229098805646038
B:TATCT,0.034108031596730745,0.0002283000776220264,0.04967809689055294,0.05744029952970184,0.07415186521163417,0.040683073832245106,0.029907310168485458,0.046207935710698145,0.14172868818775397,0.07734806629834254,0.059677640290397696,0.07460846536687822,0.05328523811698096,0.01808136614766449,0.029176749920094974,0.046573215834893385,0.04008949363042783,0.07419752522715858,0.018309666225286517,0.02639148897310625,0.00812748276334414
B:TATGA,0.034752007038381175,0.00027493676454415486,0.05097327614648631,0.05729682173100187,0.06972396348839767,0.0442098317387001,0.029638183217859892,0.04387990762124711,0.1397228637413395,0.07808204113053997,0.05531727702628395,0.07390300230946882,0.05245793467502474,0.02106015616408226,0.031012867040580667,0.04959859232376553,0.03915099527108765,0.0767073573078192,0.020070383811723304,0.02331463763334433,0.008852963818321785
B:TATGC,0.03363371886752289,0.00014191442560136238,0.048747605194067976,0.05598524089973746,0.06996381182147166,0.045057830128432556,0.032427446249911306,0.04378060029802029,0.14510750017739305,0.08685162846803378,0.055133754346129285,0.07415028737671184,0.05300503796210885,0.021145249414602996,0.027744270205066344,0.04512878734123324,0.037820194422763076,0.07117008443908324,0.020151848435393457,0.024622152841836373,0.008231036684879019
B:TATGG,0.03321172474525098,0.000314504969178513,0.05057239904390489,0.05617058749528243,0.06466222166310227,0.04522581456787017,0.03157629890552271,0.04384199270348472,0.1476915335262297,0.09573531261793937,0.05591898351993962,0.06843628129324443,0.05528997358158259,0.01786388224933954,0.028682853189080388,0.042583972826770664,0.039942131085671156,0.06818467731790162,0.018744496163039377,0.02339916970688137,0.011951188828783495
B:TATGT,0.03317571401550974,0.00018914318138831096,0.04959334216001513,0.054359750331000566,0.0738414980139966,0.053603177605447326,0.03234348401740117,0.039001324002269716,0.14223567240400983,0.08269339890296955,0.05386797805939096,0.07312275392472102,0.05424626442216758,0.018611689048609797,0.032078683563457534,0.047928882163797995,0.03658029128049934,0.07274446756194439,0.020578778135048232,0.022091923586154718,0.007111783620200492
B:TATTA,0.03812472785330689,0,0.04920412211524505,0.05965455513087232,0.08553872949828245,0.0526392181527892,0.029803086748270355,0.047897817988291645,0.1260825390681697,0.06367023078039576,0.05471962842904833,0.07397551889302821,0.05109100585417775,0.021529827277565437,0.0332381827858145,0.04688180366732788,0.03739900333833277,0.07533020465431323,0.018530165949005757,0.02844840098698534,0.006241230828777396
B:TATTC,0.034950234526942,0.0001716050795103535,0.048278229035579455,0.058746138885711015,0.07922434504061321,0.047191396865347214,0.028086031346527856,0.04942226289898181,0.1404873584258094,0.07110170461045646,0.05119551538725546,0.071845326621668,0.05222514586431758,0.02036380276856195,0.030202493993822216,0.045932959615604625,0.04089921061663425,0.07373298249628189,0.02110742477977348,0.027342409335316325,0.0074934218052854365
B:TATTG,0.0347044504088384,0.00018725422882466764,0.04849884526558892,0.06391611010548655,0.07521378191124149,0.04462892453654578,0.029711004306847262,0.04294363647712378,0.14593346233069096,0.0728418950127957,0.050995568316584486,0.07340365769926971,0.052992946757380935,0.022345671306410336,0.031583546595093936,0.04668872105361713,0.03863678921415642,0.06853504774982835,0.021783908619936333,0.026527682416827913,0.00792709568691093
B:TATTT,0.03394186884458323,4.804227720393947e-05,0.050708623588758106,0.057938986307950996,0.08378573144367044,0.05200576507326447,0.02961806389622868,0.04443910641364401,0.13415805909200096,0.0720634158059092,0.0546000480422772,0.07338457842901754,0.04840259428296901,0.021330771078549124,0.03218832572663944,0.048234446312755225,0.03636800384338218,0.07352870526062935,0.02058611578188806,0.024765793898630796,0.007902954600048043
B:TCCAA,0.03044928044928045,0.00039487539487539485,0.04576167076167076,0.0583976833976834,0.0676991926991927,0.041461916461916465,0.03141453141453141,0.0422955422955423,0.1504914004914005,0.09582309582309582,0.055765180765180764,0.06905931905931906,0.057432432432432436,0.019085644085644084,0.02693927693927694,0.04747279747279747,0.037293787293787295,0.06673394173394173,0.020752895752895753,0.023955773955773956,0.01131976131976132
B:TCCAC,0.02703675379009402,8.997255836969724e-05,0.043501731971748614,0.058842053173781994,0.06127131224976382,0.0376535156777183,0.038643213819784965,0.04165729452516982,0.14948940573125197,0.1238922128750731,0.05416348013855774,0.06230599667101534,0.055198164559809255,0.02060371586666067,0.02676683611498493,0.03751855684016375,0.03621395474380314,0.06455531063025777,0.024337577039003105,0.022358180754869766,0.013900760268118224
B:TCCAG,0.02531035655575081,0.00019840145116489994,0.04444192506093759,0.05490051584377303,0.059180318576044444,0.04379003457853863,0.035683918145229865,0.04126750184229919,0.14916954821155262,0.12734538858341363,0.05940706309166147,0.06099427470098067,0.05634601213083158,0.02009523269655915,0.023978232526500765,0.039963720877501274,0.03384161895584151,0.0634034351794116,0.027294371067399806,0.019641743665325093,0.013746386259282354
B:TCCAT,0.030735019656117222,0.0002779652940475718,0.04463328435849581,0.05436206965016082,0.06242306317754041,0.043839097804074176,0.033633800579756186,0.043839097804074176,0.1549855060953818,0.09724814358892904,0.055156256204582456,0.07302545367906921,0.05559305880951435,0.019219314617003533,0.027042052178056625,0.044474447047611484,0.03859746654489139,0.06687050788230155,0.01913989596156137,0.0236270499940436,0.011277449072787198
B:TCCCA,0.02543094587848354,0.00020556191818635656,0.04446010630487769,0.05218336123102223,0.05673508941943441,0.042903708924323845,0.03614953161248642,0.040113940034651865,0.1566381816580037,0.1290928846210319,0.057234311220744134,0.06313687487152381,0.058966904531171996,0.018559304613396763,0.02340469268493231,0.0398202801515285,0.03424074237218454,0.06260828708190175,0.02437377029923942,0.020438727865386308,0.013302792705488503
B:TCCCC,0.0255208136413475,0.00045370335362395555,0.043215244432681765,0.05478467995009263,0.059926651291164125,0.03822450754281825,0.03852697644523422,0.03988808650610609,0.15459941774736286,0.12764187681953948,0.05482248856289463,0.06866044084842528,0.05792279481265832,0.017996899693750235,0.020983780105107944,0.03701463193315437,0.03391432568339068,0.06109871828802601,0.027638095958259293,0.02151310068433589,0.015652765700026466
B:TCCCG,0.02015939990623535,0.0003125488357555868,0.04219409282700422,0.05672761368963901,0.056571339271761216,0.04110017190185967,0.04547585560243788,0.038287232380059384,0.14049070167213626,0.15814971089232693,0.050789185810282855,0.05907172995780591,0.05672761368963901,0.02156586966713549,0.02250351617440225,0.029692139396780746,0.033286451007969994,0.058134083450539144,0.03031723706829192,0.017190185966557275,0.0212533208313799
B:TCCCT,0.026335411136627993,0.0002982492767455039,0.046854961376718664,0.05204449879209043,0.059470905783053474,0.04053207670971398,0.03543201407736586,0.04291807092367801,0.1527632795490471,0.11739091532703033,0.05681648722001849,0.06269199797190492,0.05842703331444421,0.018193205881475737,0.022577470249634645,0.04166542396134689,0.03635658683527693,0.06752363625518208,0.024814339825225924,0.023173968803125652,0.01371946673029318
B:TCCGA,0.020016012810248198,0.0002668801708033093,0.044568988524152656,0.055244195356285025,0.0688550840672538,0.04243394715772618,0.03923138510808647,0.03949826527888978,0.1489191353082466,0.12409927942353884,0.05657859621030158,0.06058179877235122,0.06191619962636776,0.021884174005871365,0.024552975713904458,0.037096343741659994,0.03522818254603683,0.05844675740592474,0.02695489725113424,0.018147851614625034,0.01547904990659194
B:TCCGC,0.016724053123462864,0.00024594195769798326,0.03984259714707329,0.05410723069355632,0.06296114117068372,0.04574520413182489,0.03910477127397934,0.03713723561239547,0.12370880472208559,0.15395966551893753,0.0558288243974422,0.058780127889818005,0.06074766355140187,0.027299557304476144,0.023610427939006393,0.03074274471224791,0.03762911952779144,0.055090998524348254,0.03172651254303984,0.018691588785046728,0.02631578947368421
B:TCCGG,0.02274995010975853,0,0.05208541209339453,0.06066653362602275,0.049890241468768706,0.045100778287766916,0.045100778287766916,0.03552185192576332,0.14168828577130313,0.13390540810217522,0.053083216922769905,0.0578726801037717,0.05986828976252245,0.02514468170025943,0.02474555976850928,0.031131510676511674,0.030732388744761526,0.058870484933147074,0.029535022949511075,0.02015565755338256,0.022151267212133306
B:TCCGT,0.020444444444444446,0,0.04511111111111111,0.049555555555555554,0.06155555555555556,0.043111111111111114,0.042222222222222223,0.042666666666666665,0.13177777777777777,0.1431111111111111,0.05555555555555555,0.05977777777777778,0.05733333333333333,0.019555555555555555,0.022,0.03266666666666666,0.032,0.07155555555555555,0.027333333333333334,0.023777777777777776,0.01888888888888889
B:TCCTA,0.030637316351602065,0.000351000351000351,0.0470841899413328,0.054304768590482874,0.07030035601464173,0.04212004212004212,0.03194103194103194,0.04352404352404352,0.1446121446121446,0.10033595747881462,0.057363485934914506,0.06679035250463822,0.05540791255076969,0.019505590934162362,0.028029885172742314,0.04417590131875846,0.03700546557689415,0.07100235671664243,0.02151130722559294,0.02366745223888081,0.010329438900867472
B:TCCTC,0.029222504280063757,0.0004427652163646024,0.044158450912096345,0.050121022492472994,0.060688352323041504,0.040114528602632975,0.0371922781746266,0.04318436743609422,0.14814924139559596,0.12533207391227344,0.056585394651396184,0.06358108506995691,0.05817934943030875,0.01983588169313419,0.022787649802231538,0.04206269555463723,0.03855009150481138,0.06077690536631442,0.023732215597142687,0.021164177342227995,0.014138969242576304
B:TCCTG,0.024159610606905642,0.0001267555645692846,0.04388277645388632,0.05181767479592354,0.05731886629823049,0.041018100694620495,0.03843228717740709,0.04122090959793135,0.1485828727881154,0.13664249860568878,0.05787659078233535,0.063783400091264,0.05430208386148152,0.018379556862546265,0.023196268316179082,0.04170258074329463,0.034274704659534555,0.06307356892967601,0.025629975155909344,0.020458348121482534,0.014120569893018303
B:TCCTT,0.030069088976532123,0.00039159743783390676,0.047327347486783584,0.05308942407205393,0.06841766663869542,0.0417610696204302,0.03233475986685687,0.0456490727532097,0.14805180274677632,0.09910212301753797,0.05322928029985175,0.06645967944952588,0.056334088556963445,0.019775670610612292,0.026796453246063046,0.04550921652541188,0.03888003132779503,0.06911694777768454,0.022125255237615733,0.024474839864619173,0.011104584487147212
B:TCTAA,0.031042128603104215,0.0002892123782897908,0.047238021787332496,0.057746071531861565,0.07640026993155306,0.04492432276101417,0.03113853272920081,0.04526173720235226,0.13646004048973295,0.08049744529065844,0.05634821170346091,0.07148365950062663,0.05413091680323918,0.019618239660657476,0.03012628940518654,0.048346669237443365,0.038802660753880266,0.07456859153571772,0.022172949002217297,0.024390243902439025,0.009013785790031814
B:TCTAC,0.028579371698637755,0.0004448151237142063,0.04209063108145677,0.05254378648874062,0.07289407839866556,0.04425910480956353,0.029858215179316097,0.042869057547956634,0.1443981095357242,0.10653322212955241,0.052265777036419235,0.06310814567695301,0.05682513205448985,0.021184320266889073,0.029135390603280513,0.04425910480956353,0.03619683069224354,0.07039199332777314,0.026800111203780928,0.023575201556852932,0.011787600778426466
B:TCTAG,0.030451522576128806,0.000200010000500025,0.04500225011250562,0.05590279513975699,0.06930346517325867,0.04115205760288015,0.03170158507925396,0.04425221261063053,0.1432071603580179,0.1032051602580129,0.05775288764438222,0.06955347767388369,0.057452872643632184,0.0176008800440022,0.025351267563378167,0.04565228261413071,0.03740187009350467,0.06690334516725836,0.023801190059502975,0.02360118005900295,0.010550527526376318
B:TCTAT,0.0335034177337056,9.62741888899586e-05,0.046644844517184945,0.05646481178396072,0.07061711755078463,0.045008183306055646,0.031048425917011648,0.045970925194955235,0.1404640415904496,0.07913738326754598,0.057668239145085204,0.07875228651198614,0.05035140078944835,0.018243958794647155,0.028497159911427747,0.04943679599499374,0.041542312506017136,0.07499759314527775,0.01872532973909695,0.02469432945027438,0.008135168961201502
B:TCTCA,0.027915422732448986,0.00046166630759287186,0.04601274199008956,0.052537625804068816,0.06561817118586685,0.043642854944446155,0.03428641777723062,0.04361207719060663,0.14954910590625095,0.10673725031547197,0.060293619771629066,0.06374072820165584,0.057338955403034686,0.020005539995691116,0.025699424456003202,0.043581299436767106,0.03819519251485027,0.06444861653996492,0.022898648856606446,0.02163676094918593,0.011787879720537995
B:TCTCC,0.026327120624961554,0.00039982776650058436,0.046318508949990775,0.05114719813003629,0.05966660515470259,0.041766623608291815,0.035861475056898566,0.04493448975825798,0.14990465645568063,0.11745709540505628,0.05637571507658239,0.06594082549055791,0.058836193639662915,0.01820754136679584,0.022544134834225255,0.040936212093252135,0.03663037460786123,0.06689426093375161,0.024481761702651164,0.02112935966045396,0.014240019683828504
B:TCTCG,0.02308917197452229,0,0.041401273885350316,0.05294585987261147,0.06130573248407643,0.043192675159235666,0.04060509554140127,0.0384156050955414,0.13753980891719744,0.14311305732484075,0.0589171974522293,0.05911624203821656,0.05473726114649682,0.024880573248407645,0.02289012738853503,0.03642515923566879,0.034036624203821655,0.06727707006369427,0.02567675159235669,0.01751592356687898,0.016918789808917197
B:TCTCT,0.028118715110050187,0.0001315715279213578,0.05074901791252373,0.04994079281243539,0.06260925135800613,0.045993646974794654,0.03140800330808413,0.04279833843956168,0.14837509163017124,0.09897938086198146,0.0564629814108227,0.07125538033569535,0.06336108866041389,0.018194462718267766,0.02482942691201624,0.04041125500441704,0.04200890927203353,0.068605153844708,0.021540138713982294,0.024378324530571583,0.009849068661541642
B:TCTGA,0.026146680815941518,0.0005011201509255984,0.048726565263530246,0.05320716896592383,0.06838816177337578,0.044275439217073456,0.033280273552647094,0.04274260110835986,0.14402782690720434,0.11222143615139724,0.05712769720551822,0.0630232283928782,0.05565381440867822,0.01862987855205754,0.02797429548402311,0.04395118500176866,0.035933262586959086,0.0660889046103054,0.022904138662893526,0.022579884447588728,0.01261643674095036
B:TCTGC,0.023862129916040652,0.00025250931128085346,0.04333691054857648,0.05163815415693454,0.06142288996906761,0.041348399722239755,0.033867811375544475,0.04500978473581213,0.14512972665867055,0.13042105927656084,0.05659364939082129,0.0666308945142352,0.05798245060286598,0.019064453001704437,0.024588094185973106,0.04002272583801528,0.03367842939208383,0.06492645666308945,0.024588094185973106,0.02143172779496244,0.014203648759548009
B:TCTGG,0.024456359845099793,0.00017873100983020553,0.04381888591003873,0.05320226392612452,0.05719392314566577,0.040720881739648496,0.036878165028299076,0.04119749776586238,0.154781054512958,0.12326481977956509,0.0570747691391123,0.06282394995531725,0.06008340780458743,0.018468871015787907,0.023324396782841823,0.041108132260947276,0.03509085492999702,0.0654453380994936,0.024754244861483466,0.02213285671730712,0.014000595770032768
B:TCTGT,0.02618046913522271,0.0003522036206532203,0.04703092347789335,0.05153912982225457,0.06461762426917748,0.04320364413346169,0.034586395548146236,0.041395665547441826,0.14780811946746814,0.11768296978092935,0.05475592289088732,0.06290356664866514,0.05632909906313837,0.018103266101575526,0.02599262720420766,0.04372020944375308,0.036112611237643526,0.07121557209608115,0.0225410317218061,0.022118387377022236,0.011810561412571322
B:TCTTA,0.03271805105180012,0.00016629250852249106,0.05013719131953105,0.05579113660929575,0.0761619689033009,0.04793381558160805,0.030057370915440258,0.04735179180177933,0.13199467863972728,0.08830132202544276,0.05870125550843935,0.06946869543527064,0.05246528643884593,0.020453978548266402,0.030764114076660846,0.045356281699509435,0.03500457304398437,0.07350128876694105,0.019788808514176436,0.024860730024112414,0.00902136858734514
B:TCTTC,0.028222117490504836,0.00030495411826675167,0.04541044052008539,0.05192536941032963,0.06703445981536414,0.04466191677524881,0.033822184025948825,0.043941116132072855,0.14119375675750603,0.11610434975465055,0.05746998974245238,0.06559285852901223,0.05882842172382246,0.01879626292589615,0.025283468714479777,0.042194560727454186,0.0369826176152588,0.06531562751240609,0.02267749715838208,0.023342851598236812,0.01089517895262122
B:TCTTG,0.030554326993955477,0.00033171163202122956,0.04725047913902403,0.05322128851540616,0.06612118531623176,0.042717086834733894,0.034424296034203154,0.04349108064278343,0.14901223647353679,0.10541058528674628,0.05639097744360902,0.062140645731977,0.05738611233967271,0.018833849329205368,0.026426360017691285,0.04268022998673154,0.03740970072239422,0.06722689075630252,0.023035530001474274,0.023993808049535603,0.011941618752764263
B:TCTTT,0.032900626678603405,0.00022381378692927484,0.051387645478961505,0.057721575649059984,0.07417188898836169,0.048299015219337514,0.030998209489704567,0.04409131602506714,0.14245747538048345,0.0885183527305282,0.056915846016114595,0.06779319606087734,0.05299910474485228,0.01797224709042077,0.027887197851387647,0.043531781557743954,0.03433303491495076,0.07168755595344674,0.02108325872873769,0.025872873769024172,0.00915398388540734
B:TGCAA,0.030120171231110424,0.0005157563566970963,0.046882252823766055,0.055237505802259015,0.07148383103821755,0.04033214709371293,0.03460725153437516,0.043478260869565216,0.1462685027592965,0.09366135437619269,0.05508277889524989,0.07112280158852959,0.05652689669400175,0.020062922275517047,0.029398112331734488,0.04378771468358347,0.03754706276754861,0.06869874671205323,0.021764918252617463,0.022590128423332818,0.010830883490639022
B:TGCAC,0.022638875037399024,0.00024932681759250023,0.042884212625910044,0.04896778697516705,0.06786675974867856,0.03984242545128154,0.04069013663109604,0.044130846713872546,0.14500847711179815,0.13418769322828364,0.054353246235165055,0.062132242944051064,0.054702303779794556,0.01745287723147502,0.025182008576842524,0.04183703999202154,0.03485588909943153,0.06666999102423457,0.026578238755360528,0.01785180013962302,0.011917821880921511
B:TGCAG,0.024795218065087447,0.00031626553654448276,0.04057686833865714,0.05250007906638414,0.06353774629178659,0.03924855308517031,0.03896391410228028,0.04399253613333755,0.1401372592428603,0.1346342389069863,0.055030203358739996,0.062019671716373063,0.054524178500268826,0.018280148012271104,0.025712388121066448,0.04203168980676176,0.0347892090198931,0.0670166671937759,0.026155159872228724,0.02198045478984155,0.013757550839684999
B:TGCAT,0.0297875871224693,0.0002074344507135745,0.047875871224692994,0.05107036176568205,0.07227016262860936,0.039993362097577166,0.0356372386325921,0.04451543312313309,0.14217557251908397,0.10122801194822437,0.05604878858280783,0.07077663458347162,0.054804181878526384,0.019830733488217723,0.024933620975771655,0.04596747427812811,0.035139395950879525,0.06969797543976104,0.023730501161632923,0.02368901427149021,0.010620643876535016
B:TGCCA,0.02530371916225684,3.7266154878139676e-05,0.042632481180591784,0.05463218305135276,0.061973615562346276,0.03894313184765596,0.039054930312290376,0.045054781247670865,0.14671685175523588,0.12469255422225535,0.05690541849891928,0.06409778639040024,0.05623462771111277,0.019341134381754492,0.025080122232988,0.04035924573302527,0.033763136319594544,0.06648282030260118,0.02295595140493404,0.02168890213907729,0.014049340389058657
B:TGCCC,0.022734913430828712,0.0001260716086737267,0.04101529668851908,0.0547991259035132,0.05416876786014456,0.03866195999327618,0.03908219868885527,0.040006723819129265,0.14868045049588166,0.14237687006219532,0.05711043872919819,0.06160699277189444,0.05874936964195663,0.019078836779290637,0.022734913430828712,0.039208270297529,0.0340393343419062,0.06114473020675744,0.02807194486468314,0.019415027735753907,0.017187762649184736
B:TGCCG,0.017990074441687345,0.00020678246484698098,0.04218362282878412,0.051695616211745246,0.06348221670802316,0.03784119106699752,0.04590570719602978,0.04156327543424317,0.1360628618693135,0.15963606286186932,0.050454921422663356,0.05893300248138958,0.0500413564929694,0.02315963606286187,0.021712158808933003,0.031017369727047148,0.035153019023986765,0.062034739454094295,0.0337055417700579,0.01695616211745244,0.020264681555004136
B:TGCCT,0.02693687633142729,0.00019621033748178047,0.04341854467989685,0.05264043054154053,0.05847068056957058,0.04030720932840005,0.03593452180737751,0.04285794371566319,0.1467373023881601,0.13112456553425272,0.06012445341405987,0.06488956161004597,0.056620697387599506,0.01956497365175468,0.024133871510258996,0.041204170871173895,0.032178495347012,0.06376835968157865,0.02472250252270434,0.020461935194528536,0.01370669357551295
B:TGCGA,0.025605050859347597,0.0014030164854437039,0.047702560505085936,0.055769905296387236,0.07015082427218519,0.03998596983514556,0.04980708523325149,0.03612767450017538,0.13504033672395652,0.13819712381620483,0.05366538056822168,0.05506839705366538,0.05436688881094353,0.02209750964573834,0.02630655910206945,0.03226937916520519,0.028411083830235006,0.06699403717993686,0.027709575587513153,0.01823921431076815,0.015082427218519818
B:TGCGC,0.018117543084401236,0,0.04021210782147592,0.05877154220061865,0.052585064074237735,0.03513035793194874,0.04728236853733982,0.04286345558992488,0.1254971277065842,0.17830313742819268,0.05280600972160848,0.052585064074237735,0.05589924878479894,0.022315510384445427,0.024745912505523642,0.029385771100309325,0.031153336279275298,0.05810870525850641,0.03999116217410517,0.015687140963323024,0.01855943437914273
B:TGCGG,0.019382321618743342,0.0008519701810436634,0.04004259850905218,0.05644302449414271,0.0630457933972311,0.039403620873269436,0.04643237486687966,0.04132055378061768,0.12140575079872204,0.1637912673056443,0.05260915867944622,0.05665601703940362,0.05835995740149095,0.02406815761448349,0.02215122470713525,0.02406815761448349,0.03343982960596379,0.06687965921192758,0.030031948881789138,0.016400425985090523,0.02321618743343983
B:TGCGT,0.019447513812154697,0,0.04574585635359116,0.046629834254143646,0.07270718232044199,0.04243093922651934,0.04419889502762431,0.04132596685082873,0.13104972375690607,0.15403314917127073,0.05922651933701657,0.06232044198895027,0.04685082872928177,0.021878453038674032,0.023867403314917126,0.030718232044198896,0.03226519337016574,0.06850828729281767,0.024972375690607736,0.01569060773480663,0.01613259668508287
B:TGCTA,0.03173951004057316,0.00010271686097272867,0.047557906630373376,0.05182065636074162,0.07051512505777824,0.041754403985414204,0.031225925735709516,0.048739150531559756,0.14226285244722922,0.09624569873144677,0.05490216218992348,0.0676904113810282,0.05377227671922346,0.020543372194545734,0.031174567305223153,0.04324379846951877,0.03841610600380052,0.07195316111139644,0.02193004981767757,0.02341944430178214,0.010990704124081967
B:TGCTC,0.023587533895471937,0.00029716578136027634,0.049552394041826084,0.050443891385906915,0.062330522640317965,0.04134318933174845,0.03610564243527358,0.04253185245718955,0.14111660042346125,0.1369934252070874,0.05508710671966123,0.06218193974963783,0.05627576984510234,0.018572861335017274,0.02574198581033394,0.03807436573678541,0.03469410497381226,0.066676572192712,0.024813342743583076,0.021210207644589727,0.012369525649121504
B:TGCTG,0.022781536012733784,2.487067250298448e-05,0.045190011937922804,0.05227815360127338,0.06307202546756864,0.03954436927974533,0.03902208515718265,0.042528849980103464,0.14131516116195783,0.1370374054914445,0.05506366892160764,0.06600676482292081,0.05434241941902109,0.019299641862315958,0.025218861918026265,0.03951949860724234,0.03362514922403502,0.06560883406287306,0.02536808595304417,0.018727616394747314,0.014424990051730998
B:TGCTT,0.025910407295581982,9.24271366073079e-05,0.04664489494115472,0.05477848296259782,0.07520488015281286,0.0420543471563251,0.03262677922237969,0.046583276850083184,0.1385174687288188,0.10555179000554563,0.054840101053669356,0.06522274939922361,0.05465524678045474,0.02079610573664428,0.028498367120586603,0.046151950212582414,0.035584447593813545,0.07039866904923285,0.022336558013432744,0.02245979419557582,0.011091256392876949
B:TGTAA,0.028533837677822547,0.00020557519940794341,0.04806348162157717,0.05566976399967108,0.08062659320779542,0.046788915385247924,0.035194474138639915,0.04510319875010279,0.13086917194309677,0.08839733574541567,0.05710879039552668,0.06660636460817367,0.05225721568949922,0.020064139462215278,0.03128854534988899,0.048680207219801,0.03626346517556122,0.07392484170709646,0.022037661376531535,0.023394457692623962,0.008921963654304744
B:TGTAC,0.031471785922047704,0,0.045840605002908666,0.05450843513670739,0.07097149505526469,0.045258871436881905,0.04002326934264107,0.044851657940663175,0.13885980221058755,0.10541012216404887,0.05549738219895288,0.060791157649796396,0.05130890052356021,0.020709714950552648,0.030715532286212915,0.0474694589877836,0.038917975567190226,0.06317626527050611,0.020767888307155324,0.022862129144851657,0.010587550901687027
B:TGTAG,0.027597192922030396,0.00017221337236836441,0.046239290480905845,0.052094545141430235,0.06935893572135876,0.04662677056873466,0.03323718086709433,0.04227838291643346,0.14638136651310973,0.12106600077496017,0.0551513325009687,0.05863865329142808,0.052094545141430235,0.02075171137038791,0.027597192922030396,0.04219227623024928,0.03379687432729151,0.07030610926938477,0.022732165152624103,0.021354458173677187,0.010332802342101865
B:TGTAT,0.030706057632908172,0.00010901558922925978,0.05076492605109197,0.054289763436171375,0.07442130891384134,0.04909335368290999,0.03168719793597151,0.04109887713943094,0.14328282277699045,0.08346960281986991,0.05559795050692249,0.07554780333587703,0.05145535811621062,0.020349576656128493,0.03295904647697954,0.04495076129219812,0.03655656092154511,0.0712961953559359,0.020313238126385406,0.023547367273520112,0.008503215959882264
B:TGTCA,0.027798041850643117,0.00015358034171626033,0.047187559992320986,0.052063735841812245,0.06984066039546938,0.04146669226339029,0.03555384910731427,0.04480706469571895,0.14866577078134,0.11418698406603954,0.05187176041466692,0.06154732194279132,0.053023612977538874,0.02004223459397197,0.02645421386062584,0.04534459589172586,0.03682088692647341,0.06811288155116145,0.02200038395085429,0.02107890190055673,0.011979266653868306
B:TGTCC,0.023866730738427037,0.0004004485023226013,0.04693256447220887,0.053259650808905976,0.06002723049815794,0.03908377382668589,0.03776229376902131,0.03884350472529233,0.15120935447701425,0.13835495755245875,0.05482139996796412,0.061508889956751564,0.05470126541726734,0.019862245715201024,0.023546371936568958,0.03968444658016979,0.03335736024347269,0.0659939131827647,0.023065833733781835,0.020142559666826845,0.013575204228736185
B:TGTCG,0.021536670547147845,0.0002910360884749709,0.04569266589057043,0.05064027939464494,0.06606519208381839,0.04045401629802096,0.043655413271245634,0.03958090803259604,0.14115250291036088,0.13649592549476136,0.051222351571594875,0.06053550640279395,0.05471478463329453,0.021536670547147845,0.024155995343422585,0.034924330616996506,0.03579743888242142,0.06315483119906869,0.03172293364377183,0.01979045401629802,0.016880093131548313
B:TGTCT,0.026979364076647715,0.00023689197725837018,0.04785217940619078,0.052247841650873865,0.06419772583701831,0.04337755316908823,0.033033270162139396,0.04240366392924826,0.1457938513371236,0.1171562434196673,0.056854074542008845,0.06459254579911561,0.0569330385344283,0.018240682248894503,0.025926510844388292,0.042851126552958516,0.036007580543272265,0.06904085070541166,0.021925668561802485,0.022057275215834914,0.012292061486628763
B:TGTGA,0.026366018569441298,0.0002588075442399146,0.046294199475914725,0.051502701303743,0.06496069360421856,0.04276794668564589,0.03584484487722817,0.043867878748665524,0.1500436737730905,0.11442528549707225,0.054252531461292094,0.06496069360421856,0.05512600692310181,0.019281162045873636,0.027045388373071074,0.04305910517291579,0.03487431658632849,0.07201319918475624,0.021189867684643007,0.021383973342822944,0.01048170554171654
B:TGTGC,0.02285141009920856,0.00018578382194478504,0.04429086315163676,0.05149927544309441,0.06632482443428826,0.038680191728904245,0.03901460260840486,0.04365919815702449,0.14955597666555195,0.132240924460298,0.05253966484598521,0.06454129974361833,0.05376583807082079,0.016200349273585258,0.025378070077657636,0.04139263552929811,0.034704417939285845,0.0683684464756809,0.024151896852822055,0.018466911901311635,0.0121874187195779
B:TGTGG,0.023650788862409122,0.0001508341126429153,0.044194395004374186,0.054089112793749436,0.06063531328245196,0.04036320854324414,0.037467193580500165,0.03966937162508673,0.15007994207970074,0.13777187848803885,0.05475278288937826,0.05963980813900872,0.053576276810763525,0.017164922018763764,0.024978129053666778,0.04054420947841564,0.03345500618419862,0.06660834414311141,0.02540046456906694,0.02214244773597997,0.013665570605448128
B:TGTGT,0.02345839263093693,4.691678526187386e-05,0.04513394742192265,0.04602536634189825,0.06582424972240902,0.047417230971333844,0.0357662292979685,0.04056738032310026,0.1513222713979638,0.11220931141798164,0.05468933268692429,0.06978089861282705,0.060569569773079146,0.0163895969848146,0.023739893342508173,0.046885507405032605,0.03304505575277982,0.07789750246313122,0.020940525155216366,0.018876186603693914,0.00941463490921602
B:TGTTA,0.031372155958705024,0.00015034579532925728,0.04916307507266714,0.06003808760148341,0.07953292572917711,0.04801042397514283,0.030620426982058736,0.04535431492432595,0.1318031472386489,0.08198857371955498,0.05577829006715446,0.06961010323744612,0.05111757041194748,0.02024656710433998,0.030570311716948982,0.049814573519093915,0.03713541144632655,0.07381978550666533,0.021750025057632554,0.023253483010925127,0.00887040192442618
B:TGTTC,0.029928092234764794,8.034387177118065e-05,0.04824649499859398,0.0547945205479452,0.06925641746675772,0.043827582051179044,0.035833366809946574,0.04414895753826377,0.14317277949624393,0.10026915197043346,0.05463383280440284,0.06584180291648255,0.05503555216325875,0.020126139878680754,0.027638291889286144,0.0456754911019162,0.03647611778411602,0.06865383842847386,0.021773189249989958,0.023621098300727113,0.010966938496766158
B:TGTTG,0.027028118939883647,0.00016160310277957336,0.04718810601163542,0.05785391079508727,0.06997414350355527,0.04436005171299289,0.03502747252747253,0.043875242404654166,0.14495798319327732,0.10027472527472528,0.05724789915966386,0.06435843568196509,0.05377343244990304,0.01741273432449903,0.030421784098254686,0.04823852617970265,0.036158694246929544,0.06787330316742081,0.020604395604395604,0.023028442146089206,0.010180995475113122
B:TGTTT,0.030506017745761223,0.0002415883334797505,0.047505051392427305,0.056399894579636296,0.07763770535008346,0.04893261881753492,0.03265835017130809,0.044320477905648775,0.13419133796011595,0.090485812176052,0.05826671352016165,0.06821576034437318,0.052644294122814725,0.019590617587630678,0.030198541684968813,0.04616533427040323,0.035579372748835984,0.07326715277167706,0.020556970921549678,0.023697619256786435,0.008938768338750768
B:TTCAA,0.03362162566925007,0.00014976225242427645,0.04856041034857164,0.057808229435770714,0.07424463663933506,0.04773671796023812,0.031038226814931298,0.04657606050394998,0.14002770601669848,0.08285596615373095,0.056984537047437195,0.0655958665618331,0.0555243550863005,0.020068141824853045,0.029053876970309634,0.048859934853420196,0.033883709610992546,0.07233516792092554,0.021752967164626155,0.024673331086899546,0.008648770077501965
B:TTCAC,0.02952541365302685,9.907856930545922e-05,0.048994352521549586,0.05335380957098979,0.06980085207569603,0.04200931338551471,0.033686713563856135,0.04745863469731497,0.14445655404735955,0.09912810859011195,0.05389874170216982,0.0644010700485485,0.051619934608144256,0.021103735262062814,0.030070345784206875,0.044486277618151195,0.03854156345982364,0.0714356484692361,0.023333003071435647,0.02184682453185376,0.010750024769642326
B:TTCAG,0.0266365829964589,0.00037604587759706683,0.04788317508069318,0.05474601234683965,0.07091598508351352,0.04474945943405095,0.0342515120177995,0.043683996114192596,0.1413305756635643,0.10341261633919338,0.05759769358528407,0.06060606060606061,0.053711886183447716,0.0207138604243051,0.028266115132712856,0.0479145122371596,0.03644511297044906,0.07022656764125224,0.022343392560559054,0.022625426968756857,0.011563410736109805
B:TTCAT,0.034874648030667976,0.00023747328425552126,0.047291108321742374,0.05587407130983479,0.07395596566814805,0.042609492146419244,0.032092818129389016,0.04739288258642331,0.14122875462224785,0.07748414017708723,0.05210842351664009,0.0705974149336771,0.05597584557451572,0.02147436984767785,0.029446687247684636,0.047223258811955084,0.039624113715778404,0.07670387081453336,0.02032092818129389,0.024629372052786917,0.008854361027241579
B:TTCCA,0.02998092123194331,0.00030283758820144754,0.0462130159595409,0.05729687168771388,0.06819902486296599,0.04348747766572787,0.031313406620029675,0.04485024681263439,0.14427182701916963,0.10099633566518276,0.05705460161715272,0.06550377032797311,0.056872899064231854,0.02189515762696466,0.028920989673238244,0.04279095121286454,0.035825686684231244,0.0675327821689228,0.02222827897398625,0.023742466914993487,0.010720450622331243
B:TTCCC,0.02884125420389306,0.00033970853008119035,0.045962564119985054,0.052824676427625096,0.06260828209396338,0.04239562455413255,0.034310561538200224,0.044433875734619696,0.15140809185718654,0.10914835071508645,0.054659102490063526,0.06593742568875904,0.05839589632095662,0.019023677684546658,0.02360974284064273,0.04103679043380779,0.036688521248768556,0.06688860957298638,0.024764751842918774,0.02282841322145599,0.013894078880320685
B:TTCCG,0.023957409050576754,0.00022182786157941438,0.04392191659272405,0.05834072759538598,0.06299911268855368,0.04591836734693878,0.04192546583850932,0.04081632653061224,0.13487133984028393,0.13043478260869565,0.05567879325643301,0.05767524401064774,0.05456965394853593,0.027284826974267967,0.024622892635314995,0.030612244897959183,0.0323868677905945,0.06433007985803017,0.02684117125110914,0.024622892635314995,0.017968056787932566
B:TTCCT,0.029659151470213408,0.0002780545450332507,0.046597307505155595,0.05213522719373451,0.06779896656394097,0.04175452417915981,0.03373728479736775,0.04571680144588364,0.14380054220636282,0.10338994832819705,0.053826725676020114,0.06814653474523252,0.056676784762610934,0.01916259239520819,0.02532613481011192,0.04525337720416155,0.03918251963760224,0.06937460898579605,0.02286998632898487,0.02446879996292606,0.010844127256296777
B:TTCGA,0.0328246472790095,0,0.05240426144543622,0.06420961704578175,0.05873884249928016,0.046645551396487184,0.03426432479124676,0.037719550820616184,0.14195220270659373,0.11949323351569248,0.062482004031097035,0.04981284192340916,0.05384393895767348,0.022458969190901238,0.0244745177080334,0.039735099337748346,0.03455226029369421,0.06075439101641232,0.02764180823495537,0.02303484019579614,0.01295709761013533
B:TTCGC,0.02719155844155844,0.002029220779220779,0.05032467532467533,0.06818181818181818,0.07345779220779221,0.03896103896103896,0.03896103896103896,0.03814935064935065,0.13839285714285715,0.10592532467532467,0.05844155844155844,0.06574675324675325,0.05113636363636364,0.022321428571428572,0.026785714285714284,0.03571428571428571,0.03612012987012987,0.05478896103896104,0.026785714285714284,0.02150974025974026,0.019074675324675324
B:TTCGG,0.02618384401114206,0,0.04373259052924791,0.057103064066852366,0.06406685236768803,0.049303621169916434,0.04261838440111421,0.036211699164345405,0.13871866295264623,0.13342618384401114,0.05682451253481894,0.05738161559888579,0.049303621169916434,0.02562674094707521,0.02562674094707521,0.03175487465181059,0.038440111420612814,0.057103064066852366,0.02757660167130919,0.02256267409470752,0.016434540389972146
B:TTCGT,0.023510114816839803,0,0.04811372334609076,0.055494805904866044,0.07217058501913615,0.04182613449972663,0.0401858939311099,0.05084745762711865,0.12875888463641333,0.10907599781301258,0.05358119190814653,0.06697648988518316,0.05358119190814653,0.026243849097867686,0.026243849097867686,0.04373974849644614,0.03253143794423182,0.06752323674138874,0.023510114816839803,0.023783488244942592,0.012301804264625479
B:TTCTA,0.0329803328290469,0.000226928895612708,0.045121028744326774,0.057223903177004536,0.07360060514372163,0.046142208774583963,0.030673222390317702,0.046369137670196674,0.1388804841149773,0.08010590015128594,0.05480332829046899,0.0726928895612708,0.05468986384266263,0.019213313161875946,0.0325642965204236,0.049205748865355524,0.03880484114977307,0.07303328290468987,0.02159606656580938,0.022806354009077157,0.009266263237518911
B:TTCTC,0.02933228240063056,0.0002533498479900912,0.04670082197950681,0.05410426753743948,0.06710955973426416,0.04405472356716586,0.033948879630672224,0.04509627294223623,0.14674586195248282,0.09796194122283526,0.05689111586533048,0.06725030964981421,0.05753856547686071,0.019536088278347033,0.026010584393649363,0.04290057425965545,0.039184776489134106,0.06851705888976467,0.022548136471118117,0.022351086589348045,0.011963742821754306
B:TTCTG,0.029089047108163464,0.0005120452550473032,0.046644884424071005,0.05198478494099288,0.06719984394811275,0.04384082707500244,0.03250268214181215,0.0461572222764069,0.14510387203745245,0.1086755096069443,0.056324978055203354,0.06244513800838779,0.05625182873305374,0.01879937579245099,0.02689456744367502,0.04396274261191846,0.035379888813030336,0.06978445333073247,0.02345654930264313,0.02257875743684775,0.012411001658051302
B:TTCTT,0.032976482221935596,0.00023646760393826046,0.048325379423019045,0.05707468076873468,0.07311148372672943,0.0484758588073434,0.03304097338664603,0.04497183885807644,0.14001031858635368,0.09291027129283289,0.05576336041962251,0.06769422589105292,0.05363515198417817,0.018100520228728663,0.027881680209811254,0.04428393310116514,0.03577109935938776,0.07040285480889118,0.021196096134829527,0.02614041876262952,0.0079969044240939
B:TTTAA,0.030929318116428503,9.59048623765225e-05,0.05006233816054474,0.058981490361561334,0.08614654262971133,0.052435983504363674,0.03138486621271699,0.04824014577539081,0.12100796010357726,0.07921741632300758,0.058789680636808284,0.06914740577347271,0.05157283974297497,0.02047568811738755,0.033374892107029826,0.046801572839742976,0.03234391483648221,0.07490169751606407,0.020619545410952334,0.024863335571113455,0.008607461398292894
B:TTTAC,0.03273600961057163,0.00010011012113324657,0.04740214235659225,0.056712383621984185,0.08524376814495946,0.04565021523676044,0.033136450095104616,0.04640104114525979,0.13039343277605367,0.08098908799679648,0.056862548803684056,0.06787466212834117,0.052207428170988085,0.020072079287215938,0.031034137551306438,0.047852637901691863,0.037291020122134345,0.07403143457803583,0.02132345580138152,0.02287516267894684,0.009810791871058164
B:TTTAG,0.033123747038454526,0.000227811190085657,0.04743028977583379,0.059003098232185164,0.07955166757791143,0.04706579187169674,0.030800072899580828,0.04720247858574813,0.1331784217240751,0.07850373610351741,0.055494805904866044,0.0715327136868963,0.050118461818844544,0.020958629487880444,0.03157463094587206,0.04856934572626207,0.0385912156005103,0.07426644796792418,0.020001822489520687,0.023965737197011117,0.008839074175323492
B:TTTAT,0.03303249558970164,5.113389410170532e-05,0.051773067777976634,0.05606831488251988,0.07979444174571114,0.052744611765909034,0.03211208549587094,0.04195536011044921,0.13330606192314576,0.07984557563981284,0.05696315802929972,0.06913302482550558,0.04870503413187431,0.020249022064275306,0.032188786337023496,0.046020504691534785,0.03443867767749853,0.07578043105872728,0.02155293636386879,0.026180553780073123,0.008104722215120293
B:TTTCA,0.03312326394074251,0.0003882799199546011,0.04916221140348257,0.0565992652549207,0.07891042680923509,0.04498073534243302,0.03076371673486455,0.045369015262387624,0.13748095935007915,0.07795466085242377,0.056001911531913626,0.06546996804157582,0.05059586033869956,0.02195274932051014,0.03130133508557092,0.048176577760520894,0.037483946118694184,0.077805322421672,0.02147486634210448,0.02514859173859801,0.009856336429616797
B:TTTCC,0.02998863404540553,0.0002622912598723516,0.04662955731064028,0.057004633812257746,0.0727129659312797,0.043948357765278466,0.03121265992480984,0.04846559612974674,0.14058811529158044,0.08880016320345059,0.05333255617404482,0.06845801882668376,0.057004633812257746,0.021245592049660478,0.027628012706554368,0.04598840089761898,0.03878996298778888,0.07011919680587532,0.022498761402383938,0.024363943694809546,0.010957945968000466
B:TTTCG,0.026206075044669448,0,0.04973198332340679,0.06432400238237046,0.07087552114353782,0.052412150089338895,0.03484216795711733,0.039309112567004166,0.13013698630136986,0.1098868374032162,0.05807027992852889,0.06104824300178678,0.04705181655747469,0.024419297200714712,0.026801667659321026,0.0410958904109589,0.03424657534246575,0.06581298391899941,0.02501488981536629,0.023823704586063133,0.014889815366289458
B:TTTCT,0.03337265220941838,0.00027220760366572906,0.047763360856546595,0.0562017965701842,0.07193539606206334,0.04839851193176663,0.031503493330913714,0.046493058706106524,0.1421105162870883,0.08824970510842936,0.056111060702295615,0.06919517285182833,0.05340713183921604,0.018782324652935306,0.029343979675165593,0.04431539787678069,0.03691135105707286,0.07135468650757644,0.020705925052173123,0.024226476726249887,0.009345794392523364
B:TTTGA,0.03507714964688556,0.0002677645011212638,0.04873313920407002,0.0576697794289922,0.07206212136426013,0.04622284700605817,0.030558623690464238,0.0448505539378117,0.139404893396258,0.0912072831944305,0.05777019111691267,0.06570271446263011,0.05378719416273388,0.02188974796666332,0.028952036683736655,0.04849884526558892,0.034307326706161934,0.06807912441008133,0.022659570907386954,0.023094688221709007,0.009204404726043445
B:TTTGC,0.029170181592150245,0.000310793411179683,0.050348532611108644,0.05398925542778493,0.07423522621320428,0.040847134040758334,0.031922923234027435,0.04590862673711317,0.14154419926297562,0.09465879323358345,0.05487723660258403,0.06766416551969098,0.05554322248368335,0.020379167961639213,0.029924965590729477,0.046130622030812946,0.036673622519202594,0.07086089774896773,0.021267149136438308,0.023886693602095634,0.009856591040269947
B:TTTGG,0.03086842200050427,0.000396210784137161,0.047689370745236465,0.05806288945719123,0.06490653027410583,0.04538414436480207,0.03130065194683572,0.043475128768504845,0.1464539134819724,0.09912473435867881,0.055865720563339695,0.0658430284911573,0.05597377804992256,0.018802002665418004,0.029139502215178473,0.04462774195872204,0.03576702805892735,0.0698411554947232,0.021503439829989555,0.023700608723841082,0.011273997766811945
B:TTTGT,0.03023884303557081,0.00014608136732159813,0.0466729968592506,0.059211647554354443,0.07708226815669661,0.047257322328536994,0.031577922236018796,0.04523653008058822,0.13780342317337424,0.09108173252501643,0.05689869257176247,0.06916952742677672,0.05103109098434495,0.019915759744844545,0.030165802351910014,0.048377279478002584,0.03510822194629075,0.0708007693618679,0.019404474959218952,0.0235434470333309,0.00927616682492148
B:TTTTA,0.032908469156637206,0.00011102722387529422,0.05069503042145934,0.05902207221210641,0.08478038815117467,0.052316027890038634,0.03175378602833415,0.04443309499489275,0.12623795354620954,0.0773193587067549,0.05882222320913088,0.06808189368033042,0.04854110227827863,0.019918283963227784,0.0337744815028645,0.047675089932051336,0.03437402851179109,0.07585379935160101,0.019873873073677665,0.025292001598792024,0.008216014566771773
B:TTTTC,0.032692837638099055,0.0002505198286444372,0.04845053485983416,0.057218728862389455,0.08014129318335546,0.049151990380038584,0.029135456071348046,0.047849287271087504,0.13442894005060502,0.08184482801813764,0.056166545582082825,0.06819149735701581,0.052333592203822936,0.020317158103063858,0.029536287797179147,0.04702257183656086,0.036951674725054486,0.07377808953578675,0.02051757396597941,0.02465115113861262,0.009369441591301951
B:TTTTG,0.033324510322922184,0.00034409740603493915,0.049867654843832716,0.05751720487030175,0.07562202223398623,0.047485442032821595,0.0314716781365802,0.04380624669137109,0.13843303335097937,0.0888300688194812,0.058443620963472734,0.06746956061408152,0.05029115934356802,0.021148755955532027,0.033033350979354156,0.047803070407623084,0.032874536791953415,0.07069878242456326,0.020434092112228693,0.02255161461090524,0.008549497088406565
B:TTTTT,0.03214931958456238,9.914979054606747e-05,0.051111717026497784,0.056465805715985425,0.07613464541556156,0.05482983417197531,0.031046278164737377,0.042758347172991595,0.13282353816027564,0.09768733113551298,0.06012195424237166,0.06768212577150931,0.04935180824430509,0.02041246312867164,0.030203504945095803,0.044530649679002554,0.0294598815160003,0.06904543539151774,0.02088342463376546,0.024019036759784843,0.009183749349329499
N:AACAA,0.08061602788465444,0.06373014767503422,0.07109519717957322,0.058138255021140194,0.06628517740886093,0.05640652456296832,0.04907137177532738,0.05196129836481046,0.04734138417509126,0.04347639560354701,0.03825532949198507,0.04541217450619807,0.03556194365125788,0.04503625345605377,0.04540761626236608,0.04715932255380169,0.036878203590743175,0.0351419148887393,0.0317190759688983,0.03345187895503064,0.01785450702391858
N:AACAC,0.07305141221834818,0.0554422256581905,0.07118083114827312,0.05957888349244917,0.06520543927548744,0.05629271421387331,0.05046643557407237,0.05249896744023683,0.049685812986824465,0.0451897033856357,0.03997567775544097,0.045657286934101086,0.03707241348408253,0.04683562710137947,0.047171625628022226,0.04694968391203998,0.037509878134494704,0.035214669977112104,0.03247557838776501,0.03430517800639064,0.0182399552857802
N:AACAG,0.07388483926395228,0.05238040570261203,0.07147945456640417,0.059805348869090724,0.06485707725574201,0.056831208436676564,0.05029020209436678,0.0525570248587257,0.049920142910128605,0.044739104069894085,0.04063102660305013,0.045776951872962046,0.037487626146027034,0.046826153764637314,0.047608744834940986,0.046758870276594006,0.03792391751380783,0.03466886851881289,0.03281604946682041,0.034242669674238585,0.01851431330051581
N:AACAT,0.07929252966086762,0.055229922544385725,0.07228370321353876,0.0582890855921847,0.06769712435129618,0.05604541059587133,0.049766034469825464,0.0522363214282972,0.04675372949934507,0.044852433479741854,0.03793535436027207,0.04634086652397923,0.03448281972221035,0.04614437761152567,0.046295386625405305,0.0483786022393042,0.03813479651289276,0.03672314771300097,0.031624673888454545,0.03406838168542204,0.01742529828217895
N:AACCA,0.07485203648837628,0.049249559218013376,0.07112922556641585,0.06002646158748312,0.06412094430361637,0.05739948444360597,0.05101291283043981,0.05218186237131118,0.050211347430985154,0.04485268414960839,0.04096739375478553,0.04619291413478891,0.03864664528406715,0.04657496656195015,0.047295969222777186,0.046589860513629205,0.037718255629405985,0.03483988663446113,0.03321283524649152,0.03390111634681153,0.019023638280976203
N:AACCC,0.0728273876253674,0.04978983153293036,0.06974717871962509,0.06084269562701979,0.06151603223201116,0.0578142549381807,0.051985783328325576,0.05159157535231245,0.052102611601607195,0.04481833378397333,0.04216171481518922,0.04522758252570834,0.04096474969192664,0.04744592057706171,0.04743053002609048,0.0455235008466552,0.037765264016157284,0.03327961797854207,0.03392986875707659,0.03367102767256043,0.019564538351678987
N:AACCG,0.0630997236875157,0.048111027380055266,0.0684827932680231,0.06096960562672695,0.061934187390102986,0.057920120572720425,0.05400904295403165,0.052152725445867874,0.050540065310223564,0.046686762120070335,0.04250941974378297,0.04860336598844511,0.04123335845265009,0.0463928661140417,0.050422004521477014,0.04448128610901783,0.03838231600100477,0.034523988947500625,0.035342878673700076,0.0334438583270535,0.020758603365988445
N:AACCT,0.07124571533149554,0.055984467658436635,0.0704626243693799,0.05985541451687552,0.06305562964901901,0.05697733736000615,0.05074248912745428,0.05193704521354324,0.049737480893483135,0.04497201757037003,0.04108146231343621,0.04533835225336292,0.039277800896321685,0.04742275613781778,0.047736801758157484,0.046209836630916094,0.03790521300167543,0.034742347199998504,0.03273980059814953,0.03372022052289685,0.018855186997204093
N:AACGA,0.06569109104643513,0.0548550413591829,0.06932934955585504,0.059646071111927525,0.06436774714759408,0.05621025047938414,0.05121865727454887,0.05292250940492636,0.04852698328200533,0.04621956637057003,0.04073687387183058,0.04836765717520436,0.03765157067424934,0.04642575309701835,0.04909493399213116,0.046656307345683296,0.03857378766890911,0.036240128810471284,0.033239174728255265,0.03424199198870846,0.019784553615109363
N:AACGC,0.0638337977798269,0.04188424329184731,0.06992169788732036,0.061796006948866736,0.06381341987151729,0.05756249649754701,0.05337483633992389,0.052951994742499654,0.05025701636855485,0.04726401108558212,0.041591310859896785,0.04869046466725423,0.040493451049717,0.0469965510390186,0.04943680555909339,0.04642087512927236,0.03853207737491785,0.035615489248106126,0.03460678278678085,0.034298566923598124,0.020658104548858584
N:AACGG,0.05414484560150423,0.052895523894855065,0.06777128579180496,0.06163068031245662,0.06070946329644259,0.0569438310008455,0.053995936549600596,0.0517244425375112,0.04953371275696276,0.047832616130131365,0.0435344446828111,0.0490617467788953,0.04219931098014967,0.046921494643059954,0.05102027939376349,0.04480900521181682,0.038829928195550395,0.0343878954607978,0.03533939906363969,0.035112249662430754,0.021601908054970156
N:AACGT,0.05840578736203161,0.05217416574188263,0.06891109177792833,0.06088499561370848,0.06469552961518692,0.05618085687975749,0.05113344315711278,0.05218506336057133,0.047337439313885926,0.04715762860552255,0.04088968158974461,0.05013267850753479,0.03904071895223029,0.04667994965300166,0.05065758047437334,0.048076661114935366,0.03914787886933573,0.03690841822881003,0.03365184651067331,0.03501586511654095,0.020732719555231857
N:AACTA,0.08028366788107907,0.053858361436222975,0.07268225325742807,0.05829688997351626,0.06773730335718409,0.056858833097303024,0.04955288087830845,0.05227976514035063,0.04628661291608208,0.04417282812658257,0.038468845497134974,0.04607565395778783,0.03486456374945987,0.04635073964488176,0.04584042273298529,0.04801893356650691,0.03810146526578731,0.03651957273619163,0.031578218727282205,0.03426165263569845,0.017910535422226564
N:AACTC,0.07519204484758127,0.050471729234017285,0.07068039071005722,0.05987345224706817,0.06401553901855345,0.05774123560374593,0.0514919576124937,0.0525028330548939,0.05077102318845635,0.04469869263648398,0.041169349569019235,0.045613258115504714,0.03937712479117043,0.04655158510780017,0.04627756935897251,0.04590977146732653,0.03758540557743384,0.03437684293917786,0.03305984842682351,0.0336485778355132,0.018991768657906756
N:AACTG,0.07086829537637644,0.05195306356144968,0.07130319612278929,0.0601894935677025,0.06466422455144286,0.05689143209608561,0.050923670172300234,0.05240079323843517,0.04910324492404119,0.04498028321660289,0.04109619619642735,0.04597709112209781,0.03845369307707288,0.047500141759682826,0.04741110898150864,0.04700135293901819,0.038152469787227056,0.03527750644589617,0.03255392448532255,0.03429506694264262,0.019003751435878055
N:AACTT,0.07738536507554582,0.05896361734507905,0.071789188192535,0.058559905797651794,0.06674794666078798,0.056254806956653435,0.04969169387014871,0.052312010328921854,0.04710632691270668,0.04424226008567557,0.03879932332388577,0.04586203505121334,0.03555596479330619,0.046300023994176875,0.04620346479498645,0.04703373948686515,0.037676234540726584,0.03586401328260279,0.031711071576354694,0.03384523151020156,0.018095776419974716
N:AATAA,0.08074332642734124,0.05695604917482165,0.07254695977178392,0.05785493258699244,0.06868804990505073,0.056441250666723834,0.05003329558750633,0.05220488252991893,0.044903241398531614,0.04437492975443123,0.03708043499304528,0.046580819272850356,0.034307773366518475,0.04609720492475847,0.04441754810643933,0.048430429763201784,0.03820488382925893,0.03756521874713739,0.03152757556799024,0.03361145706038618,0.01742973656531165
N:AATAC,0.08204337557834497,0.056468330383174906,0.07259511020079147,0.0575884870754777,0.0679385934933097,0.056023155011773136,0.049544394973967114,0.052395461862818814,0.046251393566847605,0.04421112920751124,0.03742684510607607,0.04620661086899647,0.03381889169893771,0.04604103273615213,0.045309483796912825,0.04850967895519609,0.03799782450367807,0.03686323128377853,0.03162925347242682,0.03389873453523809,0.017238981688590546
N:AATAG,0.08338008741974236,0.05546032125214532,0.07285640684637723,0.05777226095121624,0.06779779721400825,0.05631475589528069,0.04930635442152737,0.0520975924807714,0.04673057141685638,0.04413594246178538,0.03775506020135115,0.04584226499800208,0.033910995669760885,0.04608446092814268,0.04540702541376412,0.04757176295971067,0.037994200031426895,0.03656496390109136,0.03157919132026834,0.03392805889512305,0.017509925321648166
N:AATAT,0.08619827754839571,0.061621826614133214,0.07282083490411546,0.05592429067476303,0.06997386568295108,0.05551087830641831,0.049223352852253044,0.05190783512371268,0.043822310627381,0.04371873269172973,0.03504007087069172,0.04600883935002222,0.03146370912437672,0.04566003203271324,0.04364393473240993,0.049613381489828454,0.03850685885295306,0.038721359614048524,0.03129042968354767,0.033074938111808706,0.016254241111746504
N:AATCA,0.08061952949227734,0.05686471069482413,0.07207250597608603,0.05815745867420759,0.06762024252871575,0.05618604537118505,0.04942325488327066,0.05233976438053509,0.04754510333117401,0.04436216296330676,0.038260523855195586,0.045704387834026486,0.03449393130899873,0.04622039240429013,0.04593929360572478,0.04752561906865663,0.03781939139483019,0.03604807490013221,0.031577640736032246,0.03370974447374868,0.01751022212278194
N:AATCC,0.0771628034896513,0.05798347276588124,0.06970987796454065,0.05916737022539463,0.06284826157034308,0.057175339626985955,0.050845869470668,0.051770729398521245,0.05185515644587715,0.04435170261212168,0.04012235525878169,0.04494748893494001,0.03838808299434594,0.04612914779850078,0.04618159490367641,0.045833653132755135,0.037007189091002125,0.03407047100058843,0.03268541970476117,0.033132819095863075,0.018631194514800317
N:AATCG,0.0668203823998039,0.059175450422845936,0.06823497569146546,0.05905543980062916,0.06442272337296237,0.05587643502063162,0.051497324018466316,0.05201311435224905,0.048530252890468605,0.046096846018711446,0.04026994729746292,0.04830044531601095,0.03781611308575397,0.04614536095109695,0.04900518854434775,0.04610450627119336,0.038464681129223355,0.03580912693549046,0.032696511010336236,0.03433325162397353,0.01933192384687666
N:AATCT,0.07835685445499421,0.060037581804019434,0.07154538457753429,0.05822417620369932,0.06624582102037198,0.05632605371561307,0.04957353750799588,0.05223782560297535,0.04778055680116459,0.04418415083969522,0.038693800209262316,0.04553706793226734,0.03557436193096943,0.04597991675927499,0.045796556920000335,0.04725995411826199,0.037527724471900455,0.03552515650574636,0.03180921849715491,0.033692254416186916,0.01809204571091163
N:AATGA,0.07663365298196481,0.05725985025804095,0.07166390821758946,0.05860027323797525,0.06732599678421876,0.056375065846214815,0.049929712624708605,0.052095039201066534,0.04661413002157343,0.04503309503793087,0.038345678156585426,0.046036189424431044,0.034945536583821254,0.04697178180084113,0.045819348289867425,0.04821077030862391,0.03845927024883382,0.0366042351704707,0.03137301084550441,0.03396457995331837,0.017738875006419044
N:AATGC,0.07522155987495037,0.05064159855034871,0.07189616405449961,0.059913982275210005,0.06649009081219566,0.05641524789258418,0.05029830214263674,0.05218843008124784,0.048488082051836835,0.04535507974188536,0.03973018193172919,0.04589322836310618,0.03680739872909641,0.047611554428923196,0.04714470819498007,0.04738996382018521,0.038003557743254854,0.03602153577966087,0.031712351417503754,0.03452910305284859,0.018247879061316363
N:AATGG,0.08225492422942807,0.05378792057303599,0.07128922239454377,0.058702269621023366,0.06566956621439861,0.05691924103046067,0.049787778121841805,0.052185344638514895,0.05025226456140015,0.04447061357811776,0.03903770743912274,0.04486604593269268,0.035308786850017565,0.04633985119930442,0.0459012057538122,0.04683365305229913,0.037791259490050785,0.03480152162196319,0.03209733759586683,0.03379350570217364,0.01790998039993173
N:AATGT,0.07650503435065929,0.059984243744577705,0.07184722728636947,0.05805430279523756,0.06713389745230623,0.05540103943967413,0.04975050051582752,0.05210478043415753,0.046125302489385324,0.04480878320609842,0.037821309410079156,0.04614838927681688,0.034563401183684395,0.04701900920285139,0.0463584599624544,0.048383800859858814,0.038166275622279554,0.036909095106688626,0.031421499294135784,0.033881291555024874,0.01761235681183295
N:AATTA,0.0807392506114326,0.053833033070821316,0.07327098134627337,0.05775507754487693,0.06988167578502215,0.05601304938817417,0.05028886807867758,0.05230803282270917,0.04417819358252781,0.04474201673418126,0.03695747470145555,0.04682484799151812,0.03326294438524083,0.04628424439177601,0.044807743046446406,0.04905823182737686,0.03860287956149502,0.03855044831524362,0.03148065652159503,0.033999228886171205,0.017161121406985003
N:AATTC,0.08364468776795655,0.05862015185463709,0.07188311176927484,0.057615993819751424,0.06751374485429672,0.056634998481188914,0.04946426889375624,0.052157980177585085,0.04830061914990257,0.04353351564948973,0.037915127909924025,0.04529652773534347,0.03415019707042629,0.04540770867769461,0.04518137604505122,0.04732866829276148,0.037195540144151384,0.0357184219100577,0.03171392261144621,0.033342591058625665,0.01738084612667877
N:AATTG,0.0854343038891676,0.06136895756028705,0.07148280201446561,0.05708754691726998,0.06740300698122016,0.05632036347490843,0.04922056051625529,0.05165262649701455,0.047966615835998754,0.0431763184442733,0.03745500938966903,0.04513430185063739,0.033342398992071115,0.04554946592994517,0.04491801876740519,0.04754449092182833,0.03723176547157419,0.03595146905933764,0.03140107186912835,0.0331673837155246,0.017191521902018295
N:AATTT,0.08554132747829694,0.06239216634763935,0.07207164190118487,0.05662783490848408,0.06975011960980954,0.055883656382687365,0.048965075020818954,0.05202399331405921,0.04505047350834325,0.04316750921439789,0.03620687620415234,0.04582802205188441,0.032156624213040705,0.045478179467482345,0.04417322186300468,0.048540353372209855,0.03760095617309381,0.03728244884925664,0.03129497237274527,0.03321795355788823,0.016746594189520268
N:ACCAA,0.07810789188888316,0.05439050357246351,0.07106208130329797,0.05933485067720198,0.0646817667038638,0.05673341075481551,0.05006136185477589,0.05213694764870698,0.050154130921077206,0.044341172400812166,0.04010406736206033,0.04529718204195945,0.036802220989098904,0.04606423574279825,0.04668822977823555,0.046927232188522364,0.0374096142442507,0.03467268265923993,0.03270964039047965,0.033806512534931825,0.018514264342524876
N:ACCAC,0.06745219368720189,0.04746289695296184,0.06952499518552605,0.06163424699132796,0.061122698739655534,0.05828423789454988,0.05318538568509715,0.0518579545586832,0.05214665669291705,0.04539608236525543,0.04234242534405611,0.045766938217410666,0.0424202551820869,0.04798276035827004,0.048451069811036473,0.045262042088646856,0.03818750937533572,0.033885248884189534,0.03404822589545058,0.03382471456572114,0.019761461524620005
N:ACCAG,0.07276217873281769,0.04945684777842462,0.07006853644418694,0.060979435183816405,0.06160486386594803,0.058609739990852935,0.05195218341174536,0.051844570849143554,0.05320914251924892,0.044767658098247495,0.041984708476735855,0.04431945732205029,0.0409182901695092,0.047042776270986186,0.04749430527076902,0.04535453485717899,0.03767909656480176,0.03313829018615032,0.034049391392714574,0.03347333136043635,0.01929066125423551
N:ACCAT,0.07567970555447802,0.05442784139739352,0.07071448106167888,0.05974067218129846,0.06335469556586923,0.05685351113462751,0.05079001306837348,0.051744915953668,0.05085087798315854,0.04499350909497659,0.040292303076978425,0.045209376659414276,0.038045440933846326,0.046838933311259656,0.046898716183115204,0.0463528255251763,0.03809115724761822,0.03471031411435733,0.03256110634561371,0.03343918418291286,0.018410419424185444
N:ACCCA,0.07423139389990026,0.04615193292526719,0.07047597491910391,0.06137457437838725,0.0622458395409629,0.05805118154300737,0.05262212759818832,0.05246692649586255,0.05305763581961851,0.04511775634919253,0.04178540960406309,0.04443303097306614,0.04012122598922049,0.04740249565362298,0.04667847256248461,0.04566991411708232,0.038022031592378235,0.03370201885792881,0.033974118226429456,0.033288397971442,0.019127540982791083
N:ACCCC,0.06736534448615912,0.04248703284421451,0.06885509827097197,0.06271380006963125,0.05893552900895227,0.05932005313262978,0.05493949399818604,0.0518034270102695,0.05353312030016831,0.045695835652526794,0.04328978793516755,0.045157856688258266,0.04406814991562202,0.04843185562826673,0.047862830887000024,0.04457818768059218,0.03891942955602321,0.032905862551475006,0.03542012697722792,0.03331034467465135,0.020406832732006202
N:ACCCG,0.06197125144697084,0.04265434562215408,0.06676515570273828,0.06219186027776882,0.05851835143234621,0.06117805115646124,0.0564014981570487,0.052058726566508604,0.053365028294941615,0.046020489355004225,0.043940817343324355,0.04723011979803138,0.0454826004080024,0.048645486566409456,0.0494758681205367,0.043117872041920635,0.03819755148985323,0.03221136804741355,0.03689372851232807,0.032759171998046746,0.02092065766219087
N:ACCCT,0.06933371665361394,0.05640855332943404,0.06879409422409036,0.06118320396273862,0.059581850445609826,0.057891606277200046,0.05211800977466716,0.05091848165515053,0.05261500434539801,0.044600966892363,0.042151021581592694,0.04425465684573672,0.04178686731500666,0.04859410678113403,0.04743588472633906,0.04439245387764813,0.0380392506749411,0.0331624914496446,0.034271807123809145,0.032959926508249644,0.01950604555563266
N:ACCGA,0.06281324164337633,0.04838025706583871,0.06796150212154954,0.06196015801886207,0.061630332082639995,0.05855030341506238,0.05353099743826923,0.05285646620028122,0.05139332858846899,0.04680800410670489,0.04263186217739676,0.04755445227815486,0.04119352350815761,0.046688969182354066,0.049726839647557426,0.04470505377650697,0.03843836098828746,0.03412830476908465,0.035251696867645566,0.033587687820991315,0.02020865830280997
N:ACCGC,0.05677612190454907,0.036223584787072084,0.06723396231685685,0.06412279844127547,0.058584856907412323,0.06025042948726902,0.05662946771512773,0.05253362571057447,0.05308183303769711,0.04635669092280403,0.04481333016746512,0.04830509658225903,0.04621702026621227,0.04850761903431708,0.049750687877983715,0.04421972987695015,0.03992834895316843,0.03331843512996355,0.037435227733005574,0.03387711775633057,0.021834015391706357
N:ACCGG,0.061339236563919444,0.04913438582753657,0.06710901645859152,0.06173370110773886,0.057889143688125734,0.05948172068966533,0.05593742732579533,0.05176905572841999,0.05263157894736842,0.045784380970323904,0.043876821086779254,0.046964830836529775,0.0443566548229178,0.04745055210317308,0.04931101174267959,0.04359127585729804,0.038778219669650664,0.03323510969941213,0.03642026370249131,0.03274055713701167,0.02046505603457158
N:ACCGT,0.050440486897483046,0.04120373953493337,0.06810533254692433,0.06372314844715359,0.06066202471850739,0.05870045022804971,0.05501482523305373,0.053042575507273836,0.0505312263977219,0.04855630786311146,0.04461981483804334,0.04910341367337516,0.04367772532085754,0.04733933103637853,0.05243675590273793,0.0454871777079736,0.03930888526523957,0.034977408533249356,0.03591949805043515,0.03508416088647154,0.022065711411025916
N:ACCTA,0.0802008075261835,0.054973489171186975,0.07128910067359631,0.05867411320319352,0.06494403522480978,0.05698831975122212,0.05014191860904203,0.052332842876991345,0.05006677518187176,0.04445340936734927,0.03951709342187607,0.04499573238465389,0.036440767054996256,0.04611415501026391,0.04594982620236125,0.046566533622319266,0.03779980045245451,0.03485478532699345,0.03218226000308923,0.033405428012027505,0.018108806923518034
N:ACCTC,0.06930621807435904,0.05312134586037157,0.06954056979456673,0.06090293562038359,0.06063833375231527,0.05830733385280139,0.05218567749378568,0.051759393800944985,0.05230146254249363,0.0449962256855744,0.04221912303082838,0.04425666172580918,0.04122121585427634,0.048040711831180534,0.047741687381063894,0.04561305053965221,0.037928817577352586,0.0336934491740145,0.03366285132330489,0.03316980868346141,0.019393126401459796
N:ACCTG,0.06890019643658168,0.05135986617776043,0.06946418484632914,0.06113576218527485,0.06034356197055225,0.05825709557016176,0.05238231320718405,0.05204333872998532,0.05372396604789773,0.04512982925977684,0.04250466671337499,0.04414139596434314,0.04182700847465264,0.04808815196987488,0.04714768676083723,0.04589906293616436,0.037927348408491574,0.033419801865638775,0.03406315565469606,0.03317560069853162,0.01906600612189069
N:ACCTT,0.07232585858757727,0.057811226170635895,0.0703054799580024,0.05981165623816471,0.06276521686580515,0.05682905285107489,0.05070895135983187,0.05179174757324276,0.050403268982596935,0.04491888122596822,0.040922421509008974,0.0449153608914895,0.038987117629336356,0.04702492132785843,0.047378714942969115,0.04575965444396757,0.0379040280547189,0.03451042561723931,0.03261296533321286,0.03348571492272719,0.01882733551457169
N:ACTAA,0.08096837233813717,0.05696561284404049,0.07200532778287101,0.0581211067365353,0.06773566572352478,0.056662871083647315,0.049335104146411346,0.05264608396451253,0.046661770472764014,0.04403594305976317,0.03826496513601101,0.045840590824446074,0.034316044103514076,0.046137726255943076,0.0454097887092667,0.04811941598576819,0.03776246102494905,0.035988205464282226,0.03139544181855146,0.033854259644434816,0.01777324288062621
N:ACTAC,0.07874485180857212,0.056569702624355636,0.07112874492778729,0.05879334649284761,0.0649304009599658,0.0564957500036723,0.04980253130703153,0.05235187062140969,0.04857674129296533,0.044109192564013334,0.039044451096803476,0.045108565992836726,0.03655032298553821,0.04631105586613968,0.04637487799083899,0.047800238775790344,0.03764846875020578,0.03560312161103252,0.03202553695427651,0.033920952752886306,0.018109274621030808
N:ACTAG,0.07821206561401092,0.0566205760772039,0.0715382186316668,0.059108340765616066,0.06469440570513056,0.056752970602153556,0.04952136695557895,0.05189418099226118,0.04865051513099454,0.043926356440054354,0.04051943381660317,0.044881743957934324,0.03703602651826553,0.04683948326774735,0.04599502089239277,0.046698590445588085,0.03791269296725651,0.03504250490441205,0.03187979650603692,0.03389165655071113,0.018384053258381335
N:ACTAT,0.08523116297150565,0.05368672963530535,0.07297900603513678,0.05782041452761036,0.06757398722562201,0.05656850205481965,0.0492268877875183,0.052437591654574504,0.04675758985423743,0.043990496439864274,0.0376769856191911,0.04561141635661718,0.034146290334563664,0.046064891669957524,0.04522884472925119,0.047754557334416005,0.03791528365944405,0.03652587969124219,0.03154381678240923,0.03384109620797839,0.017418569428735167
N:ACTCA,0.07268978350985372,0.04914290016928209,0.07067426441620536,0.06076048309711378,0.0637734533232759,0.057671320243439926,0.05175473862119132,0.05259958040271837,0.05119830834439247,0.04483913719468606,0.04129954145483996,0.04496194178255789,0.03963540483159861,0.04724234230479113,0.046853984000444604,0.046167129873022746,0.03809676194778833,0.03464590820939706,0.03326570117161851,0.03379546402878826,0.01893185107299388
N:ACTCC,0.07400919432603198,0.04961715223231319,0.0703208636999433,0.06035394519893576,0.06268429337177496,0.058057232318283636,0.05183878026879015,0.05232156562432368,0.05267388681622254,0.044738336113058066,0.04155487462020149,0.044464157519169566,0.03983267971013853,0.04750458408262458,0.04687434704214978,0.0459787649188659,0.03797764238345796,0.033615586662349574,0.03324389969616119,0.03343110218095991,0.01890711121424424
N:ACTCG,0.05649605714907637,0.04043277364968487,0.06739702579425937,0.06284567968417616,0.060518061918095556,0.05964242250343824,0.05519496581543302,0.05194965815433021,0.051036915374645046,0.04711880002770385,0.04430389140092412,0.047445309639948946,0.046015593307542374,0.048132958671798474,0.050789559607792696,0.0448282856266511,0.03911436741236185,0.034278562170398444,0.03604715590339273,0.03446160543786918,0.021950350750477396
N:ACTCT,0.0709889696216301,0.05072163561340326,0.07115715710714557,0.0603179683347485,0.06384866885788577,0.05739595810845471,0.05092073991610907,0.05240994116653356,0.050375367260871405,0.04561244607179577,0.0412588635423203,0.04562407079505935,0.03918694212149221,0.047413783508573976,0.04726216743707253,0.046478611622200454,0.03829678512094783,0.03485215701686846,0.03281263642045585,0.03409382932482371,0.018971301031607622
N:ACTGA,0.07108514179194331,0.04909738478824604,0.07128930277359118,0.06023557988143434,0.0646819110038962,0.05726977280071271,0.051675571543671174,0.05256217272970847,0.04974508431277462,0.045087691662665144,0.041099176074807627,0.04550648341989156,0.03868755422282482,0.048051119244766176,0.04738390783154863,0.04698415206328705,0.03831254524021752,0.03548855627728393,0.03256343862297463,0.03428357817580973,0.01890987553794515
N:ACTGC,0.06746272243364397,0.04712026454754571,0.06981287916113763,0.06169879303204979,0.06245598179119727,0.05774773372346439,0.05160558778099864,0.05259779221289548,0.05193657448409904,0.04536936000169272,0.04279061085938657,0.04489592810787446,0.04068113738517482,0.048548117003043866,0.04827305042786455,0.04665892349219688,0.03824369991748003,0.034482315637383666,0.033445526238630834,0.03439956896160856,0.019773432800631142
N:ACTGG,0.07173183102471262,0.048931338019721896,0.07058935094543896,0.060885890568584226,0.062327537862292205,0.05770850896471492,0.05184850059367758,0.05210251049272558,0.05270733628568098,0.045021561206930856,0.04202904236292426,0.04455728755811535,0.04034523896545719,0.04776881938174555,0.04737905530331745,0.04563654739584818,0.03823893243590695,0.033673527850350916,0.0336927197093901,0.03369356640905359,0.019130896663410637
N:ACTGT,0.06610662828532819,0.05030305006394302,0.0707228951205084,0.060893111388171654,0.06486063216383077,0.05698769633819466,0.051330382276268,0.05227024892492401,0.04945194284824104,0.04556386564668363,0.04135361499315025,0.04608218968227228,0.03920398056297805,0.048142029584062426,0.048226131087590295,0.04717266271570742,0.03855264676488687,0.03550506705089409,0.033366301122716255,0.03483354889195622,0.019071374487692458
N:ACTTA,0.07600268189437907,0.05627992101304107,0.07223301962559982,0.05899513665298211,0.06705857036843038,0.05621576980053644,0.04997535160937019,0.052280124054742784,0.04643333272088648,0.04474235658544895,0.03876850848119513,0.046279805789989484,0.035873918577163474,0.0466615989284879,0.046170811011462205,0.04773535320380809,0.038115162637337316,0.036368443458024396,0.031563642206888905,0.03404218347059928,0.018204307909626512
N:ACTTC,0.07471703489349991,0.0531096029509789,0.07132624768320583,0.059483004488276606,0.06530603621877525,0.05715693367095848,0.0503520660400432,0.05258848508273017,0.04911346312346241,0.045104864136933744,0.04003723663436946,0.0455826457999227,0.03720684072834077,0.04693283944504739,0.047072598707010145,0.04691767177320647,0.03810606698748098,0.03476619981836713,0.03242929494973407,0.03421203809360783,0.018478828774048547
N:ACTTG,0.07257198214012572,0.04994413326438004,0.07114231814175728,0.06066705028006206,0.0639776824409466,0.05716062961155502,0.05090297251822771,0.05234924357751054,0.0499269434995739,0.04525103612035749,0.04122659169209927,0.04544711597992585,0.03914284257525985,0.04713783132179094,0.047623806367496774,0.04643538178030607,0.0380802820286836,0.035045268808589054,0.03249535657836275,0.03437224581363673,0.01909928545935276
N:ACTTT,0.07855564439166719,0.0567521160982047,0.07208241809588448,0.05873497586793772,0.06729565150904444,0.05639190506891301,0.049751033388428505,0.05248150095480465,0.047040388756054256,0.04439261114294318,0.03841627972614145,0.045575945907932854,0.03510433942904286,0.04661749949734703,0.04594654037884459,0.04758410351724925,0.03765470148077317,0.03616024104687746,0.03155018175742581,0.033838692290483384,0.018073229693999975
N:AGCAA,0.07332376115318934,0.045655075060000425,0.07218896156199607,0.060569466795936215,0.0651646464199062,0.05730389334278248,0.05086194734398659,0.05261069525032851,0.049413611689379064,0.04529806637039662,0.04104082489718314,0.04624503140692183,0.03848024620270712,0.047409154514837286,0.047820503987178034,0.046989602660196625,0.03831599349715131,0.03516627869398388,0.03265224851905987,0.03460092949396223,0.018889061138917185
N:AGCAC,0.06466412640402742,0.04494523949458285,0.07009730837749996,0.06274780323130832,0.0623312254651076,0.058714558165775046,0.05275059132444896,0.052523158844080146,0.05203524254446878,0.045893583851573966,0.04335877522864327,0.044168696651539406,0.042862350663579254,0.04841268490751516,0.04835999910990454,0.04606702157041637,0.03791937567657072,0.0341943916132064,0.0340762576198062,0.03417672060034321,0.01970088865560243
N:AGCAG,0.06486333076135861,0.041065911713860724,0.07050200881606843,0.06261851883207491,0.06183596006669296,0.0585443003271043,0.05223557826223702,0.05253342433941995,0.052280978952941634,0.046275147486446684,0.043647829254801394,0.04502015834532686,0.042521365740507196,0.048938435347442494,0.04887000532087322,0.04624224843521146,0.038844348447449904,0.034166103361800516,0.034566155824820886,0.03452777359837979,0.019900416765181048
N:AGCAT,0.07184620338993065,0.046139820113667365,0.07227115112086735,0.060350456314093,0.06547346464858349,0.05714118999152074,0.05092183620751631,0.05253742543718406,0.04912922645725558,0.04605931147634622,0.04072112103476496,0.04611938519960725,0.03801312561612497,0.04823526051807185,0.047565340022197734,0.04720908314695707,0.03852843013573707,0.036044972567974405,0.03234674553066271,0.03460443422862877,0.018742016842308445
N:AGCCA,0.06578004126435466,0.038170520940964965,0.07029899778056815,0.06321729140175908,0.060647922297159394,0.05923493477067967,0.05385437358692973,0.052365264777402616,0.05314876238929042,0.04625371863499757,0.044059660552031546,0.045569950935971854,0.043911830813939505,0.04842858091615163,0.0483173776504824,0.045249138340172114,0.038882310097808126,0.033754824600015755,0.03459282063773749,0.03403945200619296,0.02022222560539036
N:AGCCC,0.06087529870911925,0.037699663463920514,0.06891176504217182,0.06477843120066773,0.05766696267612881,0.060620324035079026,0.055600486319408185,0.05204341810891878,0.054763147965347835,0.04648771433689434,0.045284874170570054,0.04458474191913225,0.047102092774193055,0.04914836934358314,0.048103697323337614,0.04449365231211339,0.03883961749987613,0.032494216381646394,0.03598916071789282,0.03384836438891832,0.020664001311080538
N:AGCCG,0.049475797027066754,0.032991896600331076,0.06720785714113602,0.06601993682095174,0.05599610612730747,0.06277664929363318,0.05831411697521271,0.05105406844637853,0.05260342496945864,0.047519222382057344,0.04661081272544583,0.04762765324292609,0.04998662686049286,0.04946856830300884,0.05046854179768729,0.04374582842382491,0.03949774825245596,0.03336297110197079,0.038464040712173894,0.03436776374602119,0.022440369050458903
N:AGCCT,0.06593691342185594,0.044128583195872595,0.06939370861694485,0.06279269656885361,0.05990733776999711,0.05906650992982656,0.052839433219362054,0.05208155582380588,0.053736614694921435,0.045159275387049405,0.04403588936570033,0.04444300488117283,0.04402904266233534,0.04890600213617145,0.04812863796949952,0.04521773570039669,0.038543253258504134,0.03333185865876241,0.03464616237009697,0.03357754997566787,0.020098234393203015
N:AGCGA,0.05408127146824071,0.040633241436384214,0.06754176491995992,0.06412180250963423,0.05990667391206808,0.059206229715784174,0.05566163310683145,0.05291718805306426,0.050210133258885174,0.04792683474003799,0.04355715973617433,0.0487195082433059,0.04491317981723641,0.04812624945784123,0.052214251172807806,0.04443707717848116,0.03896563585875455,0.03452118033571468,0.03540608314596659,0.03482279509639209,0.022110106836435064
N:AGCGC,0.048855556637771504,0.03114509269179572,0.06662121359696113,0.06654654069673062,0.0574494334599526,0.06237459822733028,0.057491639881822015,0.05325476445569949,0.05276127398461089,0.047151066523814164,0.04724846595889744,0.047589363981688906,0.05014772247654297,0.04780039609103601,0.05095289113989806,0.04399857147495211,0.039794162527190674,0.03326190708093893,0.038066945878380574,0.03418070841855784,0.02330768481542807
N:AGCGG,0.05124077762970885,0.03365074263803426,0.06690530083697425,0.06526515266953507,0.056357929091296964,0.06224528526664875,0.057236184106631796,0.05239054365924813,0.05323832294849879,0.047350966773147006,0.04645885915504664,0.04836497729558407,0.04930972480419346,0.04898003285837376,0.05077255965623381,0.04304557783361916,0.04005064511571079,0.03250097660849497,0.03841049694827161,0.033919483131685614,0.022305460973062227
N:AGCGT,0.05249963677018511,0.035618685034192854,0.06826011687381027,0.06456625434952312,0.062396725760258474,0.060111456145232826,0.05478244381019457,0.052731118821707106,0.05082016060914256,0.04798573676550622,0.044316499991380987,0.04915053474816477,0.044067779914745656,0.04775671728900042,0.05120678488668461,0.04526705394763088,0.039662233210779184,0.0355768212589176,0.036374695564163624,0.035175421531278395,0.02167312271750078
N:AGCTA,0.07625638463601676,0.04043270455876027,0.07291994898684576,0.060792908087728255,0.06563148567439445,0.057781621929689164,0.05116568223700414,0.05253082298441566,0.04925771232977222,0.045692028022527864,0.04122761590833463,0.04609207149757219,0.03862215772003228,0.047583557786949754,0.04685197143190295,0.04711470926977453,0.03842457155922272,0.03554815546164378,0.03270492409677399,0.03441409005484006,0.018954875765798598
N:AGCTC,0.06771363103216668,0.04004423496178191,0.07136737797468992,0.062355543921967516,0.0620656801930551,0.05912195299054459,0.052668825126676304,0.0525877218409099,0.05235407410790777,0.04572410009023838,0.04339260021818833,0.04481615319795819,0.04192893478300333,0.04873926845421822,0.0483053512357857,0.04632403017159347,0.038393182873562616,0.03411959601779939,0.03424900992505119,0.03412164555931695,0.019607085323584544
N:AGCTG,0.06589445009356346,0.03774930339906824,0.07120087182429596,0.063097626516796,0.06172401850112274,0.05913242066020621,0.052974062955372915,0.052561119780476416,0.052355214489208775,0.04591416173101792,0.04355361273178786,0.044942850522045795,0.0427186656431052,0.04923899986658062,0.04857665985374608,0.04635043630855531,0.039024602397788634,0.03422490248946066,0.0345053323580958,0.03443080778072831,0.019829880096977087
N:AGCTT,0.07168796563704266,0.04542092350320168,0.07190320647571086,0.06126857282046948,0.06461412526301895,0.05767714027396099,0.050687813206697845,0.05216768972024564,0.04978701880714702,0.045626972562282604,0.04187085396483583,0.04583583022068186,0.039161321604282144,0.04777223178706323,0.04799640907810791,0.046774157720213975,0.038330231533267985,0.03494893328121254,0.032616774538157756,0.03457104900929212,0.019280778993106932
N:AGTAA,0.0767247850657904,0.05648929543348294,0.07259037206939771,0.05841194883403555,0.0675669783514726,0.05599106631307396,0.04997232523308319,0.052315723961071474,0.04590289864370036,0.04438516054836308,0.038510000547107785,0.04626226792007116,0.03521791136465067,0.04671550645101177,0.04638446458282476,0.04794358291168542,0.038314485886702034,0.03670565573367571,0.03138482422982082,0.03421673188913541,0.017994014029843203
N:AGTAC,0.08525488191597758,0.052440033224267164,0.07142334710952239,0.05873894065701997,0.06652840035914491,0.05700122405194823,0.049925934768792056,0.05243919252924778,0.049632532207026195,0.043674526604634584,0.0386009321626375,0.04442778934200482,0.035640424651868195,0.046767443580957246,0.04518273346941384,0.047232347926677944,0.03748617056693109,0.034847228901077096,0.031874110965017,0.03307336241017174,0.017808442595662687
N:AGTAG,0.07838167349993895,0.05466700405395601,0.0710934002445468,0.059100343816522655,0.06498928559421156,0.05686509404080853,0.04987657641556677,0.05237902276833349,0.0487196683223417,0.04464801717136148,0.039442461605975296,0.0453965214898598,0.03633590325714397,0.046399127983621384,0.04666455504691866,0.04739076349210001,0.03822220492030995,0.03504875895152771,0.03180276291877755,0.034327859047612305,0.01824899535856542
N:AGTAT,0.08193253742236292,0.059199268688990635,0.07223792017713211,0.057447734439915875,0.06743298986865497,0.05592951207304234,0.049152680281971436,0.052019303553244425,0.045645913312769834,0.04403461275775261,0.03727134202720595,0.04582343992326905,0.0340811025388771,0.04636711516792291,0.04553249353383978,0.04843795075115947,0.038113052397472216,0.03663335577072438,0.03165613835240511,0.033718960581695524,0.017332576379591343
N:AGTCA,0.06823596490499256,0.0452230410688025,0.07173902657881837,0.061097425202934555,0.06429307322260903,0.05740326855490657,0.051970563065495724,0.052530346712751017,0.05020630987296339,0.04584487865469138,0.04177034953763325,0.04607725637467908,0.0393754310022516,0.04803572022034081,0.04816034737742919,0.04685929178540865,0.03878812552447262,0.03542812544138785,0.033038659344128814,0.03470424937063286,0.019218546182670177
N:AGTCC,0.0717584102422115,0.05482441809823007,0.06987202901567087,0.06036986519211134,0.06160579618394974,0.05738542424879986,0.05086694590951036,0.05198502529088006,0.05266116113299214,0.04494792431962415,0.04190229119395391,0.04394882973728534,0.040101654568619666,0.04791498970498191,0.04697293228027379,0.04555266928231769,0.03788853730664498,0.03343057350295403,0.03340451016602346,0.033191092986809306,0.019414919636155815
N:AGTCG,0.06414160639512752,0.0447516178149981,0.06854037135727277,0.0609694201243497,0.06182062344034175,0.05911897813306264,0.05431047244427526,0.05212695089455653,0.0511012773336717,0.047136044495199425,0.042745209998731125,0.047537854756164614,0.041315082688322124,0.04709374867825572,0.04931163557924121,0.04519572389290699,0.039012604153449225,0.034336272892610924,0.034857040138730276,0.03423317683881064,0.02034428794992175
N:AGTCT,0.07204415260737676,0.04837174523375341,0.07113635737901403,0.06065991669795147,0.06432892241258419,0.05768616685266005,0.05049816807025841,0.052489245019541525,0.05045545434919599,0.045214532237151724,0.041615000647138606,0.04570007917477091,0.038915030315162934,0.04774210381544173,0.0477009339638153,0.04652373351887213,0.03812637034494418,0.03474529628012379,0.032820605716588284,0.034290626731224426,0.018935558632430162
N:AGTGA,0.07091806822739584,0.04803003728625979,0.07117988993172741,0.060748284466088806,0.06451743631850193,0.05731021672009123,0.051553577783765236,0.05287201953690961,0.05062835980982804,0.04533666316834227,0.040848606880114394,0.04484937024020545,0.03888813704524137,0.04804772130381314,0.04747937662855679,0.046937557979630465,0.038557789772890545,0.035224843686793454,0.032664345311880984,0.03445583453457753,0.01895186336738571
N:AGTGC,0.06547809415511345,0.04574667363836192,0.06948512676809468,0.06266234150815367,0.062372136232340204,0.0584082536749464,0.05230167472980451,0.05241589546518298,0.05240785770973042,0.045426009499780866,0.04308448442452209,0.04420807802883778,0.0429465734625466,0.048759139774029084,0.04786525675975233,0.04631100867908373,0.03787940320934884,0.03423872302910006,0.033842334773360676,0.03440455461527918,0.01975637986263053
N:AGTGG,0.07521867119941734,0.0476422411466819,0.07031329735702946,0.060802856872626466,0.06281309830999718,0.05816074129924009,0.051682227958814095,0.052486698581876726,0.05262456202973469,0.04481096409832763,0.041495829096347844,0.04440993108430671,0.03952619859710583,0.04732456742671462,0.04696574841416958,0.04591600909898756,0.03802386106356841,0.03390051495738256,0.033376313242852874,0.03341051192759283,0.01909515623722559
N:AGTGT,0.06848157551002589,0.05430055369670092,0.07095384371711363,0.06064900340178014,0.06392031681584039,0.05686622998389218,0.05103787037699806,0.0525054940703637,0.04984996327133372,0.04561537903120591,0.04118534853651368,0.04521585642771966,0.03876613002709342,0.04731906118787665,0.047315253793307206,0.04684415217191554,0.03793510270573764,0.03519961662074949,0.03296036096131129,0.034342191363712284,0.018736696328808627
N:AGTTA,0.07556718692635524,0.052490363143123796,0.07242479559296726,0.05855630713182944,0.06709221633749307,0.05660236892118536,0.05030107579172922,0.052792054324825644,0.04710615116799516,0.044731346254121236,0.03945910523498741,0.04670449663952046,0.03608766875569048,0.046874404310011254,0.046397101843438183,0.04757144602534626,0.038242134040341366,0.03649292556693177,0.031987370396620335,0.03424780283265506,0.018271678762832005
N:AGTTC,0.07369097484639263,0.05150463704254038,0.07083845713724536,0.06014945495535886,0.06341961605629352,0.05790458836640322,0.05142858057822127,0.05226600228009274,0.050297874475343826,0.04450237189422761,0.04107369310976469,0.04550204738664651,0.040028116873967234,0.04699248722251399,0.04638670415583196,0.045889801922280433,0.03785316885922776,0.034445839257731606,0.033055740581807935,0.033610018744582644,0.019159824253525817
N:AGTTG,0.07328136291167951,0.051681221640969506,0.07168862332444546,0.060056332948011625,0.06472747151729502,0.0569935889648539,0.0507463051071616,0.05203189361614193,0.04951269119450146,0.04526455069526981,0.040924045702577565,0.045904213949981655,0.037746707127533134,0.04703513106991272,0.04719387275867381,0.04657800510227724,0.03804008180676221,0.03508191321620054,0.03234385391005514,0.03431137417075471,0.018856759264941444
N:AGTTT,0.07898704689882621,0.05800557251309786,0.07150555597469364,0.05854632258361836,0.06714833684975734,0.056379419981439825,0.04960722219104496,0.05239756688483733,0.04708483681054831,0.04397989078706823,0.03874725118714152,0.0455995394518987,0.035287008210109834,0.046112787456976924,0.04607264930741251,0.047531002074919344,0.03752805489412262,0.03581363559837619,0.03174816135684785,0.03392286859921946,0.017995270388042994
N:ATCAA,0.08342114334444163,0.05764589581134286,0.07201704360988798,0.05747707275863475,0.06735037344980681,0.05625885836885035,0.04940318430806812,0.052236951014658445,0.04814008713638966,0.04397943047167247,0.03787241032613834,0.045385605750099506,0.03381108814317653,0.04574740198181405,0.045666294010472494,0.04740829274327436,0.037614733035162815,0.03565310485187429,0.031854700081631986,0.03362859520765805,0.01742773359494451
N:ATCAC,0.0724926024116993,0.051840930471222096,0.07153202770888566,0.059513555118446936,0.06497973146326862,0.056385529804156335,0.05092653724450526,0.052250748310955275,0.04978705208244249,0.04548020183015479,0.04025416916103652,0.04551885743607286,0.03718053536303771,0.04761994355597366,0.047629521936201145,0.04685777815787223,0.03849482596425212,0.035700675617891045,0.03253844180278799,0.03449824681433336,0.018518087744804585
N:ATCAG,0.07761695387674644,0.05609965234992686,0.07073654330059494,0.058885884505540755,0.06468372124470571,0.05682582327761743,0.050259885856727075,0.05229374098837864,0.050889618350137555,0.044405706010577826,0.03986812044112198,0.04488265696272392,0.03663586052696267,0.04672730407929336,0.046592866805419214,0.04637588032828901,0.03764296080668654,0.03442354187970039,0.03237527339509935,0.03357236787279351,0.018205637140956826
N:ATCAT,0.08054962584578933,0.05683185435549226,0.07210140079935183,0.057843354616234015,0.06726272560287073,0.056049508986402756,0.04961035261269004,0.05223794732944475,0.04738726191851646,0.044847101562937246,0.037723122761446154,0.04587517591961612,0.034210615444223005,0.04635750613181499,0.04568325269275013,0.04786238600204702,0.038499463023312065,0.03665493428851369,0.03124313165861302,0.03377224261690082,0.017397035831033577
N:ATCCA,0.08206434779497984,0.0552659362146137,0.07081141943212571,0.058835329499263816,0.06449315181389254,0.057387421471649644,0.05086470335319197,0.05215208490831538,0.05169790140504814,0.04406191295480331,0.03924159052979849,0.04422289225232225,0.03567831038302884,0.046065210879483565,0.045435784090309614,0.04661041221341553,0.037530364748296074,0.034302627947409806,0.03242136636782479,0.03299713339115909,0.01786009834906787
N:ATCCC,0.07519110451308811,0.04993549654871205,0.06962334964370002,0.060135251994155994,0.06087551069438285,0.05792860810502521,0.052537505880009445,0.051972890380472786,0.053233012576995316,0.044694801432333287,0.041589752666109,0.044597894838849045,0.04049484275222801,0.04750744801196796,0.046265495801723726,0.04601952802451199,0.03812365954291044,0.03370465158378349,0.0334008090354631,0.032928052911000046,0.019240333062578104
N:ATCCG,0.059411077187291286,0.052654803930922624,0.06606001335750405,0.062240602041789904,0.05964065928823586,0.058322798397099515,0.05544556817097605,0.05104772922431066,0.05257728270203225,0.04635769487644309,0.04312267436313329,0.04714185192252648,0.04467906211239386,0.04581504627421048,0.04934226218872245,0.04373389943707662,0.0387814855452724,0.03372471615303883,0.0353944041599084,0.03318206755080622,0.021324301116305695
N:ATCCT,0.07959295872535087,0.058862770028397654,0.07013514201049859,0.058569111907700956,0.06339779981160436,0.05677184517573302,0.050131318774410794,0.05215630021393328,0.05139189997545028,0.04428631197507685,0.03989378911839831,0.0442082665872382,0.03685372367882248,0.046393290467645,0.04616483482286414,0.04625325333187122,0.03745363585306326,0.03396184568450992,0.03247799539927378,0.03293811741681621,0.01810578904134084
N:ATCGA,0.07511190848372887,0.06141200085263607,0.06907018260622425,0.05797037089668893,0.06511119795367344,0.056569294443654966,0.051127078300412104,0.05272133011226375,0.05061860522950121,0.044883295438397044,0.039190173369333524,0.046295473923546965,0.034960299133153336,0.046226641324428025,0.04713256714509024,0.04535846241296007,0.03785570910899531,0.03496696035242291,0.03169852209748472,0.0333904717919568,0.018329455023447492
N:ATCGC,0.055770622855883925,0.05028247253957763,0.06588140874327258,0.0625767160796903,0.06057422969187675,0.058154722563182576,0.05429137947313757,0.0516318887105404,0.05049098291001794,0.04777641393636106,0.04278790167752494,0.048417681679413335,0.042693481887136876,0.047166619456771475,0.05142731249803292,0.04476678311774148,0.03890095363988292,0.03534840902653196,0.034329462121927425,0.03530513328927076,0.02142542410222516
N:ATCGG,0.05859601359205324,0.051511961624051486,0.067401359891099,0.06182944099080719,0.059532095967302266,0.05717303122674795,0.05403904114990691,0.051511961624051486,0.05186513556050075,0.04694813143556633,0.043159226583367905,0.04902259970305958,0.04261060687626225,0.04683497862097579,0.05018155883432028,0.0446164976803673,0.038177073868214687,0.03463847675738322,0.03540311547416173,0.034165292260004594,0.02078240027979605
N:ATCGT,0.060312826937731684,0.05623135244048926,0.06838278031076037,0.06029216124407476,0.06389574157550082,0.055952365576120794,0.051560905674024514,0.0520103845110626,0.048019322423569225,0.04695245598853054,0.04146571432261731,0.04941425674541157,0.03912015809255648,0.0472624413933844,0.04949691952003926,0.046446146493935914,0.03913824057450628,0.03622437776888005,0.03318652080131227,0.034751947095824236,0.01988298050966767
N:ATCTA,0.07690762638126042,0.06120140899877049,0.0718505816418269,0.057827010666044634,0.06630773066623746,0.055945114072071256,0.05001099357552051,0.05172952644068732,0.04688351550174491,0.04508196172521739,0.03805892824288384,0.04641377782907816,0.03515292853586731,0.046755770422006,0.04573006045261394,0.04652438310776195,0.03837253304031415,0.03576406956723877,0.03187628063103391,0.03368693992687197,0.017918858574948734
N:ATCTC,0.07265690615115303,0.05580512670300885,0.07063688560604091,0.059747358439621645,0.06309604183563447,0.0569451204586538,0.05096485066442151,0.05236249484892187,0.05049793969744478,0.04493541880034769,0.0410024532130244,0.045224213786537265,0.039039573921864225,0.04667745486677465,0.046657892996052365,0.04629007834786617,0.03795517706195631,0.03463300514863289,0.03261633071298643,0.03355246918426227,0.018703207554794474
N:ATCTG,0.07443536590690769,0.056157531729397726,0.07064430326317934,0.059603373431723575,0.06375671338747707,0.057341698687159784,0.05073565263586877,0.052074918857159494,0.050681299668151256,0.0447834341251128,0.04060212172153815,0.04509022137804559,0.037924953788606525,0.04689592248129712,0.04647656318225483,0.046187741973044566,0.03766274051756761,0.03423441002241435,0.03273731551829535,0.0335457874858091,0.018427930238989317
N:ATCTT,0.0816369638602532,0.05927225443952705,0.07172743877975382,0.05792945397734337,0.06640269605893048,0.05645987840498854,0.04940392186515154,0.05228608063837475,0.04859982157437758,0.04392531855067835,0.03844840807892259,0.04511482270011799,0.03496209254921611,0.04576393383543048,0.045510007427817654,0.047031873030777195,0.037538222977857055,0.03500234458716363,0.03173572242345106,0.03345602681161915,0.01779271742824839
N:ATTAA,0.07991409991157021,0.055556094525974396,0.07273867486373557,0.0577537514934311,0.06918409376669728,0.056295236524524304,0.050363063694161415,0.052280842475441104,0.04490479840075884,0.04449495715886849,0.03728127538054922,0.04665179474403776,0.03390443249069071,0.04640541407785446,0.04480082795618817,0.04863968035677971,0.03829791596003069,0.03796403903943756,0.03168114900520603,0.03370820658121931,0.017179651592843685
N:ATTAC,0.07874172304902703,0.0581508223501762,0.07187028481040596,0.05781266253070211,0.06769337770993257,0.05604701534616089,0.05014054167752604,0.05183940133813027,0.046254966362501954,0.044763762164253554,0.03752192185322328,0.04630908728707159,0.03460092727184096,0.04659351001832051,0.04569149460882663,0.04807358296257941,0.03818173652935945,0.037016409387562246,0.03135904550648549,0.033843234327866095,0.017494492908047783
N:ATTAG,0.08003581187874477,0.05655673747212466,0.07218947950353061,0.0577903078545798,0.0677693735627407,0.056385023443958404,0.04960699072615382,0.05210119336417098,0.04655125422116896,0.04475969378846249,0.03812856838180952,0.04617174366736061,0.034370834001826035,0.04643752992108887,0.04557348297260501,0.04782960556031286,0.037907240919614,0.03654351581412101,0.03161277810101682,0.03400775387097543,0.017671080973634647
N:ATTAT,0.08318809834059088,0.055975725796333704,0.07321526434264501,0.05714676764962757,0.06931509477249385,0.05589008997183927,0.04989090781266098,0.052076491115096234,0.04414975499366239,0.044492298291640094,0.03625143949520486,0.047014815558570885,0.032655108822004446,0.04614013349091821,0.044207344150745974,0.04918955414960728,0.03887155916472537,0.03860062835753667,0.031162278204616894,0.033563446890550123,0.017003198628929315
N:ATTCA,0.07835186388302667,0.060685306486576246,0.07174835280779751,0.05791785568837472,0.06662070628964416,0.05623314237322215,0.049974846009872814,0.05188683591469716,0.04717975346427877,0.044461443550330604,0.038026035249984796,0.0454598225154113,0.03484191070405169,0.04677741247445442,0.04552575320178455,0.0476087124330737,0.03810855098479356,0.03629566186321348,0.03137809262524322,0.033473746584964485,0.017444194895203994
N:ATTCC,0.08053576522080261,0.056674707086622145,0.07106996177404848,0.058327267730004885,0.0650491014251438,0.05672344497505712,0.04979494132677316,0.05210453131862088,0.050795266512356656,0.04405638787262846,0.03933120963976841,0.04458584646393303,0.03647804571187811,0.04609725365993578,0.046000044210325025,0.04671566555581567,0.03741258806443735,0.03466648769474848,0.032341717049125925,0.033298098236940174,0.017941668471033848
N:ATTCG,0.07545428780458868,0.05069392723046469,0.06904339763996634,0.05947759374114328,0.06531066892519823,0.05686534274534617,0.050658774988300896,0.052998596107328586,0.05150682283050248,0.04497289981830685,0.0401065112937563,0.047701592616271535,0.03621120345898063,0.04536836254264956,0.04834092402062558,0.046086786491872145,0.038254427534751285,0.035358761586508566,0.03267400909124863,0.03418335848915663,0.018731751043032936
N:ATTCT,0.08043208405209493,0.058008990525433776,0.07206397155640924,0.058175281394512085,0.0670649504564885,0.05623388348332083,0.049251760885944705,0.05218933358367118,0.04775270017634161,0.044159735553895164,0.03841528466100219,0.04539234699058895,0.03459548044799772,0.04598090848209067,0.04583520766815532,0.04759862374675489,0.037680673371579654,0.03595582002337495,0.031804132040184806,0.03378513963372735,0.017623691266431474
N:ATTGA,0.08297513650685029,0.055445915588766624,0.07216074916344366,0.05740517840085865,0.06742145128013996,0.05660757310066578,0.05009332974881925,0.05230386496157849,0.048381011443968544,0.044279186804100194,0.0376577644444716,0.04562999871690689,0.0338843505410376,0.046280964804552335,0.045273838546153675,0.04756405791434233,0.03784462760768308,0.03615547626175914,0.03183471113093456,0.03339326192818345,0.0174075511047839
N:ATTGC,0.07901090494923736,0.05690409501756757,0.07123071827491861,0.058496351861837693,0.06650152734204126,0.056397685787272715,0.04953147003259756,0.05180865181543836,0.04888158433428763,0.044429018982416205,0.038806143005835694,0.045164474193783964,0.035097884883924214,0.046751198526433974,0.046110164846716234,0.04781712909857681,0.03786672253273956,0.03572342753110563,0.03164006512135011,0.03395929399250382,0.01787148786941502
N:ATTGG,0.08307508710984333,0.05995430323552611,0.07093746313158111,0.05816392648738397,0.06501658808610362,0.05601837753631558,0.049503283953072796,0.05138847623712655,0.05071828173247441,0.043731581232824335,0.03835921560682252,0.04469641424320833,0.03480162551507691,0.04579219770058427,0.04573969398362996,0.046450964925664,0.037517611908584235,0.03483467197221874,0.03237101226548597,0.033060355184556744,0.01786886795191648
N:ATTGT,0.08118236030844383,0.0624487189271785,0.07170337948794203,0.057368224606053494,0.0673304102880184,0.05573279768655524,0.04940009988862858,0.05201075159813687,0.04722370622072325,0.04356406152824034,0.03728054252562343,0.04524402773405685,0.03382202054792137,0.045888687508423606,0.04557598460239756,0.04802935695709452,0.03743921373313219,0.03632828330512125,0.03151015321746469,0.03360697930616607,0.01731024002267792
N:ATTTA,0.07864609996842156,0.05295964362273161,0.07281954902483202,0.05832797915760205,0.06918053156110897,0.056598817260758924,0.050664037524312436,0.05224233504323373,0.04413360899139199,0.044870751707531756,0.037154647856617,0.04723195101374303,0.03463992920931136,0.046630679942315456,0.04488480739491578,0.04894112259963999,0.0387376306046663,0.03816306533926837,0.031579537542897176,0.0341089365748039,0.017484338059896593
N:ATTTC,0.08086202616367098,0.059819326031326746,0.07172912849854132,0.057779594465457614,0.06758010801095267,0.05606861824733653,0.04909418807029032,0.05216195377686337,0.0467656166369069,0.044091279461245435,0.0377881703990167,0.04573943511342902,0.03421093495528287,0.046070211498150916,0.045490173886652836,0.04795247059980672,0.03765191882302891,0.03642144414544325,0.031521271582569635,0.03369978102064388,0.017502348613383373
N:ATTTG,0.081425854552554,0.058434128948825555,0.07181044546638779,0.05810346576463544,0.0673714876353056,0.05616675022622888,0.04941351367171381,0.05223914783062047,0.046927086495599214,0.04430632172019023,0.03806007781037348,0.045657877945838136,0.03451167464633218,0.04598745043233439,0.04543028569371827,0.04765312759381545,0.03765288400466382,0.03607573513933481,0.0315560656789066,0.03370983005839232,0.017506788684229564
N:ATTTT,0.08510225279587452,0.060307687889795805,0.07216309135797244,0.05715663774126438,0.0693980113187671,0.05597794586065478,0.04905532729434009,0.052230370690000444,0.04504354302045887,0.043500229352771765,0.03658941848681581,0.045793473685642364,0.03279121189702325,0.04552746981196096,0.044420757672738155,0.048517935235613686,0.03764804967017787,0.03718235396802966,0.031236279452183158,0.033378951990079266,0.01697900080783563
N:CACAA,0.0760539170980745,0.055720980043587186,0.07142735982586906,0.059086243944566755,0.06501095124304304,0.05674626517483771,0.050632458106443276,0.052364302067930586,0.050062645842935787,0.04446420370673243,0.039913244459931684,0.04528049485085305,0.036926389511601154,0.04622683135169479,0.04662806630093417,0.04652817638924984,0.03734835632930332,0.0348777039644149,0.03260662201008239,0.03382331045219137,0.01827147732572299
N:CACAC,0.05413818676457855,0.04236667515782896,0.07218332879495348,0.06306382049599263,0.06056879911959614,0.057983679400482116,0.05616941500074664,0.05357613874642838,0.049717344683884064,0.04851042844397151,0.04483936017628155,0.047076258584753304,0.04455425789960434,0.048518208523704774,0.04859149185538589,0.04574774722771917,0.037990380307865286,0.03500333163091804,0.034047385704981885,0.03512028379723105,0.020233477683092256
N:CACAG,0.060715784772310245,0.04511877163250691,0.07015530612089703,0.0628293042301364,0.06188763347213873,0.058228713038217146,0.0533159627197054,0.05233144659139112,0.05195622501498197,0.04636852100563834,0.043523848085526035,0.04502399247998834,0.04222735830841284,0.0493545280044574,0.049139930197287164,0.046033177154848545,0.03865653982644101,0.034349374503962825,0.03473145875873438,0.034508514450853116,0.019543609631565057
N:CACAT,0.06839762430991442,0.04844867082519799,0.07188925533152171,0.0606683185837977,0.06357997200600307,0.05654945538618272,0.052841996318772046,0.052540145655963925,0.04962694922717551,0.04638528527202145,0.04136588485737701,0.046437554620022095,0.03938119263993575,0.0478295394337513,0.04796493826141347,0.0463411167085818,0.0379637482175863,0.035502074090161345,0.0330353851913415,0.03432090255084062,0.018929990512438273
N:CACCA,0.07007262865870764,0.05153483565038496,0.0692319831052648,0.061232943564726784,0.06129893862410773,0.0581876733892335,0.052624119416477044,0.05166244233346841,0.053061488887503505,0.045183237352326926,0.04201084754215891,0.044357690299554255,0.041417379056139146,0.04712242059162744,0.04764843287304012,0.04532302024562825,0.037871910164895106,0.03344634479910227,0.03386009242230604,0.03357005509491599,0.019281515928431157
N:CACCC,0.0647318493605849,0.04211440174727734,0.06881965672794883,0.06354598365729938,0.058988023360523785,0.059568695988383706,0.05551997918960276,0.0521294054182371,0.05424029612171808,0.04604371462747754,0.04342748948286021,0.0444758274584947,0.04435144837663976,0.04878289737872862,0.04804479637012087,0.04408883082952319,0.03883292619913873,0.033477518303270316,0.03567085456958086,0.03302975360859253,0.020115651223996778
N:CACCG,0.049879259519657375,0.03740542378644904,0.06650721111317898,0.06519526412410881,0.05808639550032052,0.06055175297715466,0.05710990255749246,0.052590463455038816,0.05284550043540097,0.04826632294115079,0.04580556072522408,0.04751499778278661,0.04764596271864826,0.04827091820205822,0.05099131265925451,0.044165052581272936,0.040038508286404234,0.03321454583887637,0.03757315080957009,0.034232396129871265,0.022110097856081024
N:CACCT,0.06860642799914085,0.05017203328181211,0.06967333282221784,0.061519089871075995,0.06063536728037591,0.05826950729831958,0.05272839108060545,0.0522271272402514,0.0539029813054631,0.04520621461817624,0.04244999505466497,0.044026357172579314,0.041654059476286094,0.047773692105196934,0.047539886029048135,0.04552575934302541,0.03795412953032193,0.03355424447278339,0.033891053976722395,0.033378963071515395,0.01931138697041753
N:CACGA,0.06042547511649727,0.04246114467645754,0.06865585509192194,0.06269260816481959,0.06173668280158758,0.058280040985054585,0.053838030518947734,0.05275844335307996,0.0515866005566744,0.04709159217515222,0.042951866115488346,0.04832232154424148,0.04175058003274094,0.04738995081008295,0.050832852426323086,0.04545258256878933,0.039043760575047014,0.03458604702289118,0.03468026553918509,0.034803927341820855,0.020659372583196913
N:CACGC,0.049622877884442286,0.027063517430646635,0.06813364046834415,0.06688820065174343,0.058142567957295006,0.06215810105329674,0.0603266799660535,0.05268688026510601,0.052251527408860625,0.04773083804506361,0.046360486860426244,0.048489490912697976,0.04963206254385675,0.04811843067235381,0.050662581330159114,0.0439375737068918,0.03858108033637896,0.034396549507151174,0.03839922407997266,0.033966707446554466,0.02245098147270503
N:CACGG,0.04850241174145572,0.0354170966060729,0.06749028482684082,0.06547204723445485,0.05900634153337088,0.06097560975609756,0.05755125169206661,0.05264731910190176,0.05193726324184223,0.04811065678418149,0.04598748482823994,0.047827334002581386,0.0464736807127142,0.04951852616188574,0.05234126054153127,0.04380310116022428,0.039995732669215404,0.03357200071355367,0.03730766405613289,0.03431003907056136,0.021752893565075045
N:CACGT,0.052623568802828445,0.036025779109789505,0.06797893886534453,0.06468923411927228,0.0611083144067995,0.05778348825774427,0.05574352010114964,0.05353672528038587,0.0507387201760753,0.04777388840759559,0.044899786930155235,0.04864021634784237,0.045789529139057344,0.047478283265822194,0.05232357348568217,0.045079784120443,0.03973986747523941,0.03514042707626027,0.03588822028143951,0.035016038774028896,0.02200209557704465
N:CACTA,0.07858152963601082,0.05523891193884955,0.07137920090673008,0.05919688446107015,0.06477722199523234,0.05673044106273132,0.04975501914502859,0.05262294181129951,0.04940213606409015,0.044195989169779,0.03977261470288852,0.04470101569768985,0.03685235768139368,0.04678616593654011,0.04608189504195533,0.04700559641165755,0.037558871476916625,0.03508420410847118,0.03218151647765865,0.03390070004676449,0.0181947862272425
N:CACTC,0.06868665908792905,0.04774222786879194,0.0698702533700134,0.06185083720438786,0.06216272814185564,0.058241495243344946,0.052491881287944075,0.052463238242666424,0.05242281972321907,0.04552557442036024,0.04220107163180065,0.04435916596544248,0.04128226639050528,0.04780906164110646,0.047565914012305054,0.046086341595684956,0.03830657224221577,0.034173380808650455,0.03357346813811295,0.03387390185746966,0.01931114112619362
N:CACTG,0.06346546351468078,0.04577915768959643,0.06985638105990655,0.06218609803457124,0.06245345988933914,0.05793738484646905,0.052706690098061046,0.05265090106382124,0.05278044509247978,0.04598789377956996,0.043035802849117614,0.044626026719165095,0.041929714327049505,0.04878301895266962,0.04852180334743661,0.04601578829668987,0.03850436218241028,0.034490388447698486,0.034102701938574384,0.03454097680925493,0.019645541061438385
N:CACTT,0.07378472243547586,0.050238654367206634,0.07143539749482315,0.0604898967726815,0.06491978564958724,0.05730775665386162,0.05086437125770569,0.05260836976797376,0.04992960377896643,0.045102469432120776,0.04046007756727562,0.04513440629736022,0.03804245686864932,0.04734001534443541,0.0468413089103117,0.04711400060581777,0.03797588078803478,0.03507675042887525,0.032411496190546146,0.03407982889701614,0.01884275049127497
N:CATAA,0.07959016017022232,0.054192541037560146,0.07272973124671521,0.05817944779797835,0.06749294567275065,0.0561861219824573,0.04990534700146444,0.05206297613519816,0.04689890243342399,0.04467366401502202,0.037999989794824954,0.04630878818648937,0.03481316875787712,0.046613667790936786,0.04584215655759035,0.047950545721735495,0.03818419320437394,0.036966970950969236,0.03176488297215518,0.033915623612734015,0.017728174957520958
N:CATAC,0.07143613447019474,0.05358995068064682,0.07205395420047171,0.059387107750433724,0.06417101304959999,0.05654129917586343,0.05196881638006982,0.052287834776568905,0.04799153761727181,0.04579747231890052,0.04015108656432264,0.04682580122104205,0.03799916870179387,0.04676823399159861,0.04704613293849524,0.046628427862950246,0.03775313732833915,0.03572423515253774,0.033034680486456795,0.034191165006526,0.018652810325916185
N:CATAG,0.0780587665506375,0.052249446252123286,0.07142264223034812,0.05928718655794959,0.0649973968203977,0.05669255197661594,0.05011898941699153,0.05242400882334451,0.04951381882480327,0.0446315600583747,0.03941146778435541,0.04542563664983908,0.0367612905667241,0.047640628156698596,0.046382373819032326,0.047352538878319514,0.03814131145319678,0.03549021869760453,0.03205023739899327,0.03379830454576805,0.018149624537882214
N:CATAT,0.08270899208465084,0.054616529233058465,0.07322937979209292,0.05748589497178994,0.06716597433194867,0.055679004691342716,0.05058011449356232,0.052365718064769466,0.04635997271994544,0.044798396263459196,0.03714034761402856,0.04637361274722549,0.03400500134333602,0.04654555975778618,0.04468617603901875,0.04820385640771282,0.03831008328683324,0.037296794593589186,0.03165312997292661,0.03360551387769442,0.01718994771322876
N:CATCA,0.07282665406994472,0.054315861512206784,0.0707057971701903,0.05961606778998193,0.06405355671864428,0.05642558657519846,0.051035841610418624,0.052081750273213996,0.05060726589505291,0.04567852417012157,0.040411229409731936,0.04533440521628191,0.03735166827513641,0.047136068796687164,0.04722246152982413,0.04672854677259013,0.038444040256593676,0.03499123488853159,0.03239945289442275,0.03420087447837665,0.018433111696850076
N:CATCC,0.07333586381247717,0.04923032850871225,0.06984265671663169,0.06059342123167492,0.062003709777914646,0.05817562002707135,0.052782548287987625,0.05229755570038172,0.052708925668368774,0.045260149966697936,0.041505969304810535,0.04419906754230794,0.03889795246041352,0.047841238693413356,0.046787031533112276,0.0464203507817032,0.03872120087946086,0.033948048785728095,0.03332440503899564,0.03324448009396194,0.018879475188174545
N:CATCG,0.056302970508873486,0.05285104663187799,0.067267345798614,0.06179229022786977,0.06063927157749593,0.05724915900959264,0.0535737634766484,0.05206889583605739,0.0515934242276558,0.04744255708630998,0.04315618053656971,0.04836259464856705,0.04201742603444792,0.047582821210788454,0.0504190093549039,0.04509372734080616,0.038586898379830495,0.0351944084538852,0.03369667288742021,0.03438135200351849,0.020728184768267027
N:CATCT,0.07118506605772236,0.0536892760360676,0.0707853661734028,0.060504820552993006,0.06338710973886608,0.057004139118812094,0.05129508575607122,0.05219831929606315,0.050258151201615316,0.0454691692877344,0.041202363000058334,0.04539820952893344,0.03887953338145501,0.04748911699800932,0.047118683002912755,0.04622607338161136,0.03823608472114118,0.03448163194616359,0.032674363060995526,0.03381633409458054,0.01870110366479091
N:CATGA,0.07231966186088395,0.04852606216741906,0.07217188936419212,0.0595783063044153,0.06498400740199119,0.05665132175938875,0.05106170949758836,0.05277309817786858,0.04990626223702312,0.04573472138820008,0.04022481221506764,0.045822840330950985,0.03750698639651445,0.0476074964467769,0.047920120673446545,0.04723521866616633,0.0387842160161624,0.03586861762665984,0.03235128567022624,0.03450648689082211,0.018464878908236
N:CATGC,0.06400463216353995,0.045218163596801794,0.07130577932328457,0.061995705707305164,0.061608167194440094,0.05714363203316232,0.05319472568579776,0.052420955703955864,0.051516808094261395,0.04686536565696437,0.04292070720223661,0.045528259759288266,0.04210641885985908,0.04882985262099877,0.048715159519805144,0.04597657581295679,0.03838820575877002,0.03500230856626761,0.033277010633782314,0.03438015567546231,0.019601410431059806
N:CATGG,0.06858871050666138,0.04894793944200086,0.0703405146015442,0.061234393645051635,0.06148744594737616,0.056778516285884394,0.052051529373879885,0.05196550663879831,0.052827489555636147,0.046072071502699305,0.04201721558200274,0.04511980233329772,0.04042792674173467,0.04827405288467085,0.04836258357121253,0.04605602061335464,0.03863298588173805,0.034262629667360364,0.03359375901295056,0.03390549737944152,0.019053408832704087
N:CATGT,0.06875164084325948,0.04686820051928556,0.0720033970359785,0.0607511637516173,0.06350565055413701,0.05691985779619981,0.0524002664359528,0.05244779624241008,0.04986257832609438,0.04624067255572926,0.041373127140662894,0.04593576436336178,0.0395221550552321,0.04826225871056567,0.04814500357482436,0.046435499922764065,0.03829220921454977,0.0358865732556505,0.03312110079031755,0.03447570027435012,0.018799383637057018
N:CATTA,0.07651375193372006,0.05790909157657701,0.07183724162704153,0.05813444515294956,0.06730221270101794,0.05613224357841146,0.05012225007921263,0.051845160065990756,0.045981166314892935,0.04499333823199671,0.038171732980298224,0.04649936658136365,0.034760365558518226,0.04681424031276139,0.04572644335012095,0.04822029978238413,0.03858572839754404,0.03711415259995335,0.0314481198225863,0.034178060953906436,0.017710588398752704
N:CATTC,0.07488757121565034,0.05762547826591908,0.07105654022595444,0.05913373379702814,0.06482195280894526,0.05644912153922587,0.05004264873828128,0.05178214947060076,0.04913599205094621,0.045023130972275095,0.039722557375779906,0.044958351345596725,0.03674553349635776,0.04765715834231258,0.04664365398388252,0.04718202171795054,0.038027963635659766,0.03521301786601457,0.03209791788988754,0.033745798034673875,0.018047707227057754
N:CATTG,0.07783566823904445,0.05564771854652926,0.07137313105370821,0.05865816593210167,0.06601328024676222,0.05597811146889338,0.05004420295933973,0.05195299644440429,0.04973600831144695,0.04482089735233953,0.03858473094271684,0.04530564571812063,0.035394116166667745,0.04730400665948234,0.046716526744403644,0.04734582201371905,0.03801041512063859,0.03554124426490801,0.03208579891202643,0.03373001993972911,0.017921492963017933
N:CATTT,0.0797993878912848,0.05443259735035199,0.0720509739986982,0.05876899350394333,0.0678065102631685,0.05632725208811579,0.049662629881860695,0.052561711172384215,0.04670371738909201,0.04479827117877713,0.03824798394119604,0.04605035519653799,0.03462683019617941,0.04642887634133564,0.04598082532908869,0.048101691187669854,0.038032154490174636,0.03648159746577976,0.031217954278306613,0.034186292234442694,0.017733394621612043
N:CCCAA,0.07595238206677557,0.05498341297911632,0.06959944125739967,0.060132436141659765,0.06167724710058667,0.057361865401487036,0.051150378414978714,0.051734915535946176,0.05203004437593642,0.044412599999271926,0.04131517731912762,0.04453637209428105,0.039636193248804276,0.046937706752703874,0.046540907977527565,0.045494565728963036,0.03778975281464505,0.03325672984764071,0.03340156400083416,0.03301256598794834,0.019043740954366062
N:CCCAC,0.06855399141009816,0.04092637849635982,0.06990312502759656,0.0632648520781529,0.06039737340548843,0.05897787745616526,0.054284966304419355,0.05236011498401465,0.053188795240201904,0.045835219395163114,0.043124417979598345,0.04477437193072814,0.042995657761036414,0.04816714671628683,0.04776206478974909,0.045230730050498505,0.03845486598254729,0.033644589321846705,0.03497150325561097,0.03322611861152045,0.019955839802917104
N:CCCAG,0.06370727885238887,0.04072703906558104,0.06902424906469572,0.06416081904355443,0.057928284963326325,0.06017988904906,0.05500017728309631,0.05216321269164248,0.05508196678519619,0.045586771157106104,0.044642711478612804,0.0440112356153257,0.046180615148416405,0.04906695797651032,0.047390490708734315,0.0446246568810748,0.03854982862271482,0.032699486444586416,0.03574310004400536,0.033219371843572355,0.02031185728079924
N:CCCAT,0.07518516642465584,0.05105781244723601,0.07012939137090692,0.060180495052848414,0.06218130550771621,0.05725666655410349,0.05161387453708394,0.05209198662749468,0.05298714528529137,0.045190738301871924,0.04110835331329709,0.04434989137653508,0.03878758203041457,0.047522203086482286,0.04682712547417238,0.04552139263161449,0.03844088744808023,0.03395890318441225,0.033201915825256924,0.033554519974335596,0.0188526435461903
N:CCCCA,0.06835891806514506,0.04405373763228348,0.0692428435404061,0.06272093415057406,0.059084248171017165,0.05910489828183523,0.05466764276214875,0.05174817038758999,0.05383685354765126,0.04551687353292925,0.04326777426809837,0.04444256410915044,0.04362084079696332,0.04835676743165254,0.04729882699815635,0.04468935811648828,0.03873079382299783,0.033065612201495724,0.03505935521791785,0.03316105600637434,0.019971930959124615
N:CCCCC,0.06668797104846642,0.035107028238467515,0.06881140120811262,0.06343274560570845,0.05835158046626462,0.0593102776472534,0.05691633790291299,0.051412939538655014,0.052587834146789296,0.04651923894300833,0.043435009196274674,0.04659807917170806,0.045722777432632776,0.04780626187640445,0.048314693751263633,0.0446256718501489,0.04017698054538517,0.033355373557267615,0.03598303077957569,0.03360696148707388,0.021237805606626504
N:CCCCG,0.060365612229025555,0.03619002502934231,0.06668658172716603,0.06503209977798832,0.056915239617065204,0.0626405249091449,0.059269694698587325,0.0510750597451815,0.05279494322440149,0.0458199584258382,0.04437935715598795,0.046175247818770596,0.04781558889658781,0.04817441350736033,0.04907059122983158,0.04286451631149511,0.039818926142228886,0.03208917233479927,0.03807252852920797,0.03294646266102917,0.021803456028960503
N:CCCCT,0.07101192085032149,0.0451668575921002,0.06894986597094763,0.06149143363831238,0.060076197608124694,0.05863327086871173,0.054016748063305774,0.05206786390859176,0.053505071914577776,0.04497242065558356,0.04254677472464299,0.04477316794354948,0.04236829004452786,0.04809876192431166,0.04712748019963797,0.04543864792286573,0.03892982632507568,0.03330770939443429,0.034492390171724535,0.032968498206424605,0.020056802072228205
N:CCCGA,0.05829723630112335,0.04939894736396394,0.06540866921568876,0.0631264052437026,0.05637488408724261,0.060869546807582706,0.05572492579466399,0.05167485995198354,0.05401852063564651,0.045920506078274456,0.04457824693334011,0.04587181213453078,0.04688803356918139,0.04770101071690188,0.04952809217128412,0.04296287827784341,0.03810406954342018,0.03237723833356622,0.036619962823232516,0.033084359081843935,0.021469794934983
N:CCCGC,0.0553513420010328,0.030075780894260343,0.06559537225233843,0.0661117710954015,0.054270211418265255,0.06505099120595664,0.059983668568608546,0.05147707875972699,0.05325776442546177,0.04654712330230701,0.04579669148603306,0.047424746951847715,0.05118453754321343,0.04907315311098505,0.04977779586728295,0.04243373941445967,0.04014174257899249,0.031408751306896084,0.0394091176193759,0.032624705232926404,0.02300391496462795
N:CCCGG,0.06656494471658023,0.03998393502610558,0.06641905553057323,0.06320262806496016,0.057729209074650636,0.06330732501021225,0.05738765674505779,0.05230899672864955,0.05389146531098425,0.0447313407731097,0.043190064431529916,0.04542302714911935,0.046385895776765516,0.04795463361218192,0.04738824030180182,0.042831348668289186,0.039038229832107293,0.03215397659594188,0.03746434296659652,0.0318021262061603,0.020841557478622944
N:CCCGT,0.057493093922651936,0.038981219057185906,0.06798674391906435,0.06336325966850828,0.05956715935997704,0.06039230106909665,0.056342828442275956,0.05195702087967281,0.05312298199038531,0.04685594102030566,0.04438500035875727,0.047869430293463446,0.0448558692688527,0.04878201908588649,0.05095922723685155,0.04358228097868982,0.0392547714716223,0.03293391691181746,0.03645646480591232,0.033868928033292674,0.02098954222573007
N:CCCTA,0.07788257577995683,0.05741010692041026,0.06962530165533762,0.05935403764456033,0.0612726457800328,0.05726281386293558,0.050476782140484656,0.05159730668946825,0.05205564554453273,0.044036825796627536,0.04108590012939843,0.044062992471594384,0.03877014939483234,0.04767019522871784,0.04622807380352879,0.045408888059808576,0.03764667054383636,0.033496720302723104,0.03308100780526592,0.03290248355508887,0.018672876890858798
N:CCCTC,0.062232961577801206,0.044929599215754734,0.06904055291081672,0.06263638683166256,0.058941492707011434,0.05905591776167807,0.054711402666523426,0.05220720055326892,0.05366479110293443,0.046075248601720235,0.04386592181271668,0.04526588018325914,0.04395320938498072,0.04868072668022981,0.04819421037200173,0.045024720288093754,0.038929138158321754,0.03379288001987471,0.034939368709419674,0.03331643535460017,0.020541955107330142
N:CCCTG,0.0672336405459344,0.04744126761588465,0.06859708799227755,0.062658250880076,0.058368718325882855,0.059546622002091494,0.053841689745917555,0.051935496845516495,0.054460807409876,0.04487693300696783,0.043039690565661905,0.04348523502530099,0.04403300811700127,0.048904788992442265,0.04714511581761838,0.045099585531129215,0.03847914440141425,0.0327361457459482,0.035325379131760495,0.03297124765855733,0.01982014464274086
N:CCCTT,0.07234716660394193,0.05137314310119544,0.07011497655222575,0.06054637119792966,0.062063393563173676,0.05710135612285027,0.05135966433105128,0.05207694633440882,0.05168526913139634,0.045065607252952646,0.04188778897426031,0.04506058575034992,0.04002084716448962,0.047637673743990055,0.047519800577631374,0.04551119953654174,0.03853131091875526,0.03378281948385296,0.03329441228333538,0.033557909025173055,0.01946175835049454
N:CCTAA,0.07986328367542633,0.05713048294415615,0.07086403526627082,0.058959342595769675,0.06475654717045033,0.056840041147631665,0.04962928474345847,0.05232091731713884,0.04997583072682632,0.04387142151930822,0.04000946929202332,0.04520218546333677,0.03639861751073249,0.04608069492561577,0.046488818675031206,0.046316400930097944,0.03730107388203,0.03441307665439787,0.032069016360186144,0.03334743920307424,0.018162019997037426
N:CCTAC,0.07174360756870551,0.056810522284338257,0.06986996603256528,0.05975544823592052,0.06211089735679376,0.05704257654963823,0.05071319813550298,0.05198212198876405,0.050849382524248934,0.04504360112821637,0.04129385985397297,0.044757466419732085,0.039051979663786804,0.04738479267770465,0.04707456758998371,0.04615274185388742,0.03821766591757059,0.03422751249135327,0.033052983593468456,0.033697032507754396,0.019168075626091748
N:CCTAG,0.07475081064626193,0.05269016970289133,0.07006312268328072,0.06064713224819101,0.06115887506319424,0.05798475447368818,0.05148140455029488,0.05188909686096261,0.05222523027459663,0.04468679057573194,0.04207044257823998,0.04401413694361507,0.04038436024218625,0.047517428459476194,0.04625953909107823,0.045468909980067945,0.03793820637817987,0.033497686713601565,0.0332675378285472,0.033088060378689686,0.018916304327224524
N:CCTAT,0.08129628202536528,0.05535656913912408,0.07146609245404047,0.05798825291415514,0.0647031602914695,0.0564079024225712,0.04993460811216803,0.05227106975767587,0.04988248819018411,0.04424199577605261,0.038958897112668006,0.04492588360951308,0.036077037712114124,0.047146564571185205,0.045803359724628116,0.046638395331841956,0.037817470821220105,0.035192115893858525,0.0324625211225291,0.033472903038703136,0.017956429978932383
N:CCTCA,0.07027164955991447,0.05114289835941174,0.06963879194843076,0.06123354372596524,0.061222427959955576,0.05837876799766026,0.05216900707061525,0.052160114457807515,0.0528300246226568,0.044835812725526544,0.04215049067461337,0.044003365359913685,0.04076620728087614,0.04804901015338769,0.04748655239329853,0.045761632525620606,0.03796948055284386,0.03372943336271189,0.033740796145744,0.03312424165774112,0.019335751465304977
N:CCTCC,0.06316800592167852,0.042089347446725614,0.06932801621796197,0.06269221939941709,0.05916547921021191,0.05924835815279939,0.05470865310974729,0.05221548788180498,0.05326835741171255,0.046406068668054266,0.0437070216224145,0.045360434601388465,0.04459544880591835,0.04840853793432787,0.04815595449025175,0.045376659579566964,0.039006820849272365,0.03377273059147281,0.03515382704480221,0.033594694344433046,0.020577876716038106
N:CCTCG,0.05856421262380171,0.043007200898460725,0.06642395847654485,0.06398140229150337,0.05667158867925202,0.06057825017988855,0.05599310085007383,0.052140004178056636,0.05393621143109153,0.046397854550064364,0.04448559016835426,0.04603718470402754,0.04716204610503349,0.048717211629281394,0.049649239647257745,0.04273044928392752,0.0387612954832351,0.03281559950648938,0.03716506359037904,0.03292808564658997,0.02185445007668698
N:CCTCT,0.06691195877193692,0.048500168323559516,0.06987245651986755,0.06158984474859694,0.060313336142807705,0.058764420299124244,0.052797458436702714,0.05235795215315692,0.05255425114477917,0.04554211960335547,0.04302809844865397,0.04495454133572609,0.04247725559692319,0.04808797811850243,0.047176186257224396,0.04560146142903782,0.038462545606076905,0.033746848525186085,0.033979694545958734,0.03331808028628758,0.019963343706535644
N:CCTGA,0.07183047272576885,0.05238627982686378,0.06975884665855224,0.06066755511758902,0.06132902085245179,0.0583138019115718,0.05149901730863069,0.052292871262795845,0.053330348062176354,0.04437096937886632,0.04196944232710443,0.043885387454207815,0.040574255886700404,0.04761483727301184,0.04713305824154694,0.045959152648845834,0.03783522206400602,0.03326604589188897,0.03389138414141248,0.03304951866067806,0.01904251230533049
N:CCTGC,0.060687741709755584,0.041718609786129665,0.06844512554737503,0.06366293738302267,0.05794906658635589,0.05968773772689658,0.054627362180057704,0.051987952157897685,0.054303218732182454,0.04633995172162144,0.04518063337874814,0.0442792817495903,0.04640735395085826,0.04944658174190032,0.04843493555580951,0.04503265484819639,0.03894194431534194,0.03301514374904067,0.03583010594098567,0.033639839864558284,0.020381821373675814
N:CCTGG,0.06558077139310545,0.04618094172525313,0.06802130821769116,0.06344727774716252,0.057155675790012746,0.06021764663315688,0.054039376784730225,0.05164470717899905,0.05539112380252604,0.04501822999293066,0.04400692461410862,0.043491475043000515,0.04630852384371747,0.04871967002321193,0.04697226257869512,0.044664651626226695,0.03821629956192353,0.032424561227727404,0.035582942293026956,0.032830463848949894,0.020085166073843995
N:CCTGT,0.06824454746321199,0.05171774870575892,0.06971953529745195,0.061230040310358384,0.06074482521759786,0.0580356879592825,0.05216876049834916,0.05197910909602565,0.0527454989046688,0.04512594716604428,0.04250007725228142,0.04437087982918164,0.04124304699981625,0.048236324518081394,0.047887686741173247,0.04581072082393627,0.037942310590969336,0.03347984140047654,0.03429293640521428,0.033366852567500216,0.019157622252619914
N:CCTTA,0.07789372350850597,0.05709437801135975,0.07078402719810675,0.05907019653758032,0.06423346609192501,0.05620570919575126,0.049707015919274296,0.05214342077327327,0.049908608884060186,0.04432866776442047,0.040010498048732246,0.04532314695262669,0.03723868122930906,0.04641755815939745,0.04679204388986592,0.04632696235017977,0.03754055199819085,0.03452322745149839,0.03258890318904164,0.033465469511052344,0.018403743335848346
N:CCTTC,0.06747701259466357,0.05168408248348017,0.07037269357028432,0.06100488728742119,0.06197307443388127,0.05750121943929185,0.05142741542116357,0.05215972878630485,0.051371966671836106,0.045671791921637055,0.042173538990434224,0.045110373334696446,0.04078991941737227,0.047557049398770944,0.048026847591314994,0.046112349562777946,0.038423817317164245,0.03418653652383127,0.0332352439181819,0.034166393032864645,0.019574058302627144
N:CCTTG,0.07048653225802215,0.05276338619013425,0.06987929276560292,0.06046891916097993,0.06144754128414343,0.05765675945279107,0.05173486116750722,0.051965727739235815,0.05252411491954865,0.04488792071427333,0.0420639418983168,0.04432401795033558,0.04060861576185706,0.04792832052579796,0.047720041582247595,0.045653010957100844,0.03833041707792784,0.03356258900444766,0.033395282967825235,0.03330230598671952,0.019296400635185115
N:CCTTT,0.07520956379009405,0.05192459786261373,0.07094367926849493,0.05991260844007077,0.06383760517932649,0.05707819969339971,0.050142117868770306,0.0523124548147554,0.05016632505628171,0.044950760051492664,0.04064964865254484,0.04546922742580407,0.038484731226151855,0.04701162270171723,0.047468126902025565,0.04658619041373697,0.037856970206732996,0.0346533115251865,0.03259208757365579,0.03384580310596281,0.018904368241181628
N:CGCAA,0.06506184732227621,0.04707656223823086,0.06870567375886524,0.06134123527112303,0.062011364270955494,0.058042944100072595,0.05366616406991679,0.05183727034120735,0.05124741721114648,0.04660537778522365,0.041251326296978835,0.04755123694644552,0.040490450661752386,0.04628427430613726,0.049477857820963866,0.04616909588429106,0.038357904729993855,0.03487812028815547,0.03532836320991791,0.03429524766850952,0.0203202658178366
N:CGCAC,0.04826028725294062,0.03395367864207701,0.06746185184562536,0.06673895622839018,0.05720962291747222,0.06092497015954138,0.05932507327023407,0.05319447012872025,0.0510005659880414,0.04806415278314813,0.04562928343672422,0.047789564525438644,0.04993863793016492,0.048338741040857613,0.05043177602564318,0.044612186114800306,0.03907839214565506,0.034415995606587875,0.03748129717734479,0.03410498237591693,0.022045514404675847
N:CGCAG,0.053364046871530034,0.03361651912266111,0.0678992723678309,0.0652278041707127,0.05861553936659859,0.06120427260732683,0.056904232110742914,0.052935131439718876,0.05248444365096299,0.04637512029227212,0.04569364551990211,0.048021110477293606,0.04638382923505001,0.04943849091439545,0.05127825507622502,0.044498343123636507,0.039092266894260375,0.03380376139238577,0.03715452712617952,0.03415211910350143,0.021857269136813136
N:CGCAT,0.054421632620400326,0.03876930463311195,0.06862218360978063,0.06387247225048297,0.06151190571451434,0.05915705483601779,0.055933424021765224,0.052972713451228295,0.04995198847723454,0.04850021147932647,0.043859097611998306,0.04916322774608763,0.04319036568776506,0.04673693114919009,0.05084363104287886,0.045685250174327556,0.039709530287268945,0.03573714834417403,0.03552281118897107,0.034845505778529705,0.020993609894946214
N:CGCCA,0.06947907412183915,0.04414256918770718,0.06772705127102857,0.06225890579772447,0.059257348656368516,0.06016679563236179,0.05518203269041546,0.05274601400471919,0.05316061483201024,0.04587166480382885,0.04248034467276149,0.04587548600961033,0.043204463168352775,0.04629199743979213,0.04741543193954852,0.04390756503214589,0.03827892891601945,0.033177619197737845,0.03607600378299372,0.03304960880405812,0.0202504800389763
N:CGCCC,0.054282129091281765,0.029165770963210335,0.06428817821415894,0.06586794914737364,0.053329767183758356,0.06509056186852906,0.06168105624684421,0.05117008033835094,0.055396967439721244,0.0462857885606587,0.045493403456498806,0.04745311929770183,0.05333476645886347,0.048580455833904086,0.049232861235120905,0.04272880432337311,0.03975673527338536,0.03159791830184623,0.040164176194451805,0.0319653650220718,0.02313414554889541
N:CGCCG,0.05855284504881862,0.02630207565165236,0.06501283147989735,0.06505216168647926,0.05312527654051503,0.06843455945252352,0.06089299234044227,0.05176838441343913,0.055347433212392945,0.04572136515147046,0.044659449573758885,0.04760921506740214,0.05312527654051503,0.047569884860820234,0.04916275822738759,0.042732269451245294,0.03869109072495403,0.029359999213395868,0.039576020373047006,0.032152443880711486,0.02515166710913149
N:CGCCT,0.05513436271980312,0.03157623149287501,0.06581854748012014,0.06630148586247503,0.05597674839130799,0.06335754640839386,0.05743217913265149,0.0528784450707207,0.05359513445092773,0.045923250285573154,0.0462363884147713,0.04742719538496143,0.05120028932198979,0.04773812831606663,0.04991465883380304,0.041978150897295105,0.039259141648694304,0.033547678587967554,0.03851598989137194,0.033122075356029235,0.02306637205220145
N:CGCGA,0.06442156929579385,0.03497170904628809,0.06639852750698752,0.060944849683004974,0.05860999386461245,0.06288772240779876,0.05924057536301043,0.05186106755743405,0.05322448701342968,0.045776808235053514,0.044464517008657715,0.04869111732224419,0.04742995432544823,0.04538482514145477,0.04942395527984184,0.042879541891062786,0.03780080441747904,0.032807280659895015,0.0375622060126798,0.03207444270229736,0.02314404526552594
N:CGCGC,0.0492961807313057,0.017138976274531162,0.0672424508415718,0.06569193410944597,0.055876266201938786,0.0664992279451809,0.0635775931110926,0.05340953503719318,0.05257020573178623,0.04727153904803398,0.048136496729178545,0.0469896269149202,0.05585704492013557,0.04994329721868052,0.049360251670649745,0.043145370554277696,0.04113995015280919,0.032086726423496095,0.03990978811740359,0.03181122138431672,0.023046316882051807
N:CGCGG,0.056468758102151934,0.03407829919626653,0.06345864661654135,0.0644542390458906,0.053834586466165416,0.06898625875032409,0.06002592688618097,0.052030075187969926,0.05241379310344828,0.04557946590614467,0.04310085558724397,0.047663987555094635,0.05234119782214156,0.04956183562354161,0.04906403940886699,0.04225045372050817,0.037873995333160486,0.029753694581280788,0.0411096707285455,0.031226341716359865,0.024723878662172672
N:CGCGT,0.048593556096888355,0.02386588224479478,0.0667371420692191,0.06663372707634324,0.055510870064806726,0.0616353357540102,0.06252010847083697,0.050684837063933445,0.05250034471664292,0.04739853840143402,0.047180217860918326,0.04880038608264007,0.05125936480213265,0.04666314289653904,0.05345406076205359,0.045238314105805026,0.038884037321321875,0.03494277703727536,0.04053867720733557,0.03296640161787011,0.023992278347198602
N:CGCTA,0.05691929125477875,0.03935392134324419,0.06808603029451582,0.06311357463366454,0.06175125801425324,0.05780053981796044,0.05367101756536991,0.053539043142864444,0.04944783604519486,0.047383074918899586,0.04425400393368924,0.05002682060844466,0.043577102863419245,0.04792374432722845,0.050503631425238615,0.044505181060393195,0.03968172877979003,0.03531805835823818,0.035943872555280254,0.03495619300620705,0.02224407605132528
N:CGCTC,0.04895679270989708,0.03242697271483633,0.06791738697315881,0.06582514519436482,0.05741178037566007,0.06267013338735054,0.05712874501566406,0.05297478487925212,0.05241703872867176,0.046958896051101755,0.046351202484051515,0.04839904655931672,0.04890962014989775,0.048021666079322047,0.05188704114279689,0.044031422474672496,0.03956112870061796,0.03314288568423798,0.03829856900651814,0.03391152092658007,0.022798220762031085
N:CGCTG,0.05218621763124381,0.03444365831800387,0.06689307108155276,0.06548747700580161,0.05858214235177586,0.06186689307108155,0.057440686760058486,0.052961652752228666,0.05284279043441347,0.04803924343191359,0.045373331446629875,0.04767510966463846,0.047252488090184425,0.047761898023678126,0.05105985566718551,0.04382434790811754,0.0397868025093156,0.03318522711192868,0.03727371350407999,0.034185179944342246,0.021878213291825856
N:CGCTT,0.05097211180354309,0.03794698193692885,0.06713170740047358,0.06480365421713868,0.06031851870848614,0.05950070810430362,0.0550098735670505,0.051915301036938255,0.050547534172800244,0.04791743247363487,0.04458065122799819,0.04889481587863349,0.046313155922573,0.04908003430815217,0.051693038921515826,0.044879850229528374,0.039274855600862836,0.03545935595277785,0.03580129766881235,0.03554484138178647,0.0224142794860616
N:CGTAA,0.059286589675587,0.040514340182988905,0.0696388854665828,0.0614296737713741,0.06421146825576947,0.057467724051174646,0.053713274152655026,0.05252987673213718,0.0489278095151637,0.047468826393977315,0.04190847960990034,0.05072397984657982,0.040319809100164056,0.04672312390981539,0.05001718357898286,0.04666476458496793,0.04017066860333167,0.03690578859658793,0.0346589545899609,0.035378719596412846,0.02134005978588612
N:CGTAC,0.0575212198881893,0.04922363997696923,0.0692548429635408,0.06195092958897495,0.0623595401274122,0.058686688583050095,0.05429412529484965,0.05193068479411601,0.04892646867628759,0.046739473635333664,0.042490852695900895,0.04943723184933415,0.040898200256310246,0.046614104492858605,0.0502126632120503,0.044510688880221395,0.039022306420757415,0.035154436210322985,0.03488512471908026,0.03512657640088408,0.020760201333556213
N:CGTAG,0.05656162051353324,0.044042944998436466,0.0688023348737014,0.062141690698724855,0.06284006810048295,0.05796184983148605,0.05293075292727841,0.0524616934783364,0.05080087557763802,0.046735693686807266,0.04313262221604531,0.04838608804419582,0.04296584552308815,0.04776067544560648,0.05076613043327195,0.04641603835863938,0.03938014662450923,0.03541225113790348,0.03446023418227303,0.034950140717834685,0.02109030263020743
N:CGTAT,0.06206950884617116,0.04310820240399766,0.07009971638229866,0.061532098320803134,0.06482127582946923,0.05743258452257687,0.05260714446495295,0.052275131679647056,0.04720771620222392,0.04739904560392563,0.040792553909872596,0.049655607076936926,0.039208459010489354,0.04684756674019718,0.05009453923378202,0.04837820195381083,0.03959955881690902,0.037728469814973215,0.03348545896547067,0.03551411335704317,0.020143046864448746
N:CGTCA,0.0546883907146929,0.04046081849637417,0.06845991701024777,0.06296615449881349,0.06060638199148891,0.05850114674338137,0.05501981943763174,0.05176651509326404,0.050467314499343774,0.047927244766740464,0.04467128899258925,0.048905622356855936,0.04296907107157535,0.04762233034163673,0.051458949238376794,0.045591335127467485,0.039596452386949664,0.03533295329506436,0.036117776510983544,0.034988267423207965,0.02188225000331429
N:CGTCC,0.05585039171089209,0.043599508671709246,0.06704045230412986,0.06361408396071724,0.05832760312898543,0.06063731626614008,0.05534495830174375,0.052103719637263374,0.05333204036414714,0.04623246410541225,0.044031477922551146,0.04766354590922181,0.04537440273639297,0.04820718068068951,0.05030237847558933,0.04367003426368343,0.03924749193363542,0.03317935245752302,0.03738444087898396,0.03347614765708106,0.021381008633507885
N:CGTCG,0.04779561719010716,0.031128332529941787,0.0657050687826764,0.06488931736438133,0.05574919351848419,0.0630909562831399,0.06071786124809967,0.05441432756127405,0.051763135451815045,0.048166413289332195,0.0451258852756869,0.05035411027475991,0.04992769476065112,0.04568207942452445,0.05313508101894768,0.04334606399940673,0.040008899106381404,0.03279691497645445,0.038989209833512554,0.03353850717490452,0.02367533093551856
N:CGTCT,0.05261212651466587,0.04210682374854093,0.06824374975203644,0.06311325305230099,0.06048431721796363,0.05865304102518057,0.05436823059463229,0.052353200348297456,0.05052610038400421,0.04801409894738161,0.044689821069490356,0.048607123392935075,0.04482554849540928,0.048089271060198245,0.051950194299030486,0.04490280872247082,0.03929622197489669,0.034769190291939256,0.035802806843168,0.03476501406344944,0.021827058202008347
N:CGTGA,0.05374312929652983,0.041467597238239305,0.06845429765310249,0.06387694888346389,0.061774551064116584,0.058968233761176596,0.05523708607287813,0.052619853524839375,0.05024786952028636,0.047518309395078555,0.043783417454207794,0.04914893139031586,0.042899773847144634,0.04740972607048181,0.05153402027887193,0.04556755380490946,0.039368943671464304,0.03548989800655993,0.035079902349892916,0.034533241474336895,0.02127671524210337
N:CGTGC,0.04689327697029359,0.03149458567375065,0.06724419479993052,0.06600729631130928,0.05819908506572471,0.060881348080375236,0.05859285424749551,0.053483120041693206,0.051377613063871674,0.047636805837049045,0.04669639237940819,0.0479865655220337,0.049415716022931266,0.04923967803578667,0.052141988534367946,0.044106780936939025,0.039592333082401995,0.03407724824830621,0.03768834327407493,0.0345103943482541,0.02273437952400255
N:CGTGG,0.0573704609183049,0.03368518479051797,0.06705830057877382,0.06473681165950684,0.05899626430569975,0.06048962865311019,0.057460275899443754,0.052824909499989345,0.05382505259504404,0.047402520299708026,0.04475069492438796,0.0474466666463695,0.0464708801563694,0.048055581772734605,0.050774387811954834,0.04351459721786679,0.03925523590894283,0.03313259431334163,0.037658355990050324,0.033799356376711436,0.02129223968117204
N:CGTGT,0.050790546379838264,0.034042534586859546,0.06917226172484701,0.06536125834522298,0.060805542641703014,0.05881769996108842,0.05642908254647894,0.052973675658108545,0.05059088769417536,0.04815854939949371,0.0453983045042708,0.04876335490715871,0.04572329637947392,0.04801427049525556,0.05212694794737755,0.04511557614647078,0.03936336569164246,0.03515158757802355,0.03596479594736589,0.035298781207599855,0.021937680257545132
N:CGTTA,0.0585989441796912,0.04794292334451105,0.0693527827620675,0.06049110622701665,0.06413176050547321,0.05579585436160164,0.05155300957696881,0.05301721898031112,0.04700448433234802,0.04790929849391237,0.042021892834544335,0.05086217173739603,0.0397384597984343,0.04646037311356946,0.050354742173816025,0.047823707965115744,0.03921268940725502,0.036950654003344144,0.034373767725645675,0.03535805880680689,0.021046099670170782
N:CGTTC,0.060103052800709184,0.04945869577261898,0.06899883650063715,0.06073466674053964,0.062051083162502074,0.057417031414482796,0.053472214527120615,0.052723142556374315,0.049429885312205664,0.047701257687406504,0.042036677932295416,0.04870297523408499,0.04060501966867971,0.047187101778491884,0.049620477588786085,0.04591944152030583,0.039004931021109204,0.03552773006814782,0.03443736495096681,0.03405396420854341,0.02081444955399191
N:CGTTG,0.058284418957260595,0.05245472605447385,0.06844259629001347,0.06178473671305401,0.06273300006505236,0.056487972818118584,0.05229209513658495,0.05175166008636953,0.05085343701679852,0.04678766406957601,0.04237661317360475,0.048436491375557326,0.04057015897797727,0.046422370007856324,0.050560701364598504,0.04577434835042209,0.03897387396854468,0.03482303254119566,0.034470248550082815,0.03482303254119566,0.02089682194166304
N:CGTTT,0.06351385974154583,0.05243067250477153,0.06916196710740329,0.06062791293508707,0.06479202471118942,0.056609178030532024,0.05171818189669318,0.052429233129805713,0.047929746986668506,0.04639249452317826,0.040539995912175095,0.04891140071335423,0.038367979088760495,0.04672355076531567,0.0498484338160997,0.04703157700800004,0.038346388464273275,0.03630103663785038,0.03351440670403284,0.034647194802129126,0.020162764521134344
N:CTCAA,0.0768846887199586,0.052037457118064574,0.07102768494307742,0.059796129225902904,0.06422622036745225,0.057365591708177725,0.050666341504711,0.05218248127432702,0.05046744436171093,0.04465469339536423,0.04040546156643405,0.04537861165465107,0.03786789958844886,0.04671870219974949,0.04669032267995021,0.046295414446811005,0.037689926328690636,0.03470189959999307,0.03261408085950502,0.03355397207455252,0.01877497638246742
N:CTCAC,0.06710993749461827,0.04524436932710119,0.06988746381819345,0.062208696439334896,0.06198431956124799,0.058560433276443356,0.05340749269740198,0.052631143179494876,0.05274954131073631,0.04552559938708958,0.04295782266664606,0.04435790126754997,0.04207163059341475,0.048222813691570936,0.04764655425559866,0.04562274657169793,0.03820506225147432,0.03407133915186092,0.03398164359789014,0.03389498389343837,0.019658505567196047
N:CTCAG,0.06616217306630588,0.04566397647230126,0.06988615336079647,0.06223343262936291,0.060922967717667614,0.059337972540906524,0.05279740273134863,0.052448362525557096,0.05338495058455229,0.045202507780885415,0.04334772215717085,0.04422572606429772,0.042922276083408664,0.048680775904433135,0.04770399418784544,0.045738107227578005,0.038200658872636156,0.03358691992210014,0.03438870755398084,0.033510703646853976,0.019654508970010982
N:CTCAT,0.06967642341423028,0.05183411573881826,0.07134519909155346,0.0601852294489035,0.06380289118357747,0.056874035344038336,0.051249604964258795,0.052296401227627666,0.04958315492662219,0.045698561436811204,0.04106898803406701,0.04569029249570338,0.03859915868692316,0.048200174526338256,0.04741540033432363,0.046909961309107746,0.038796062847053274,0.03545902830122615,0.03228401332023051,0.034328767413550156,0.018702535955035564
N:CTCCA,0.07096515722699503,0.046159062679602056,0.07019021936814067,0.06132869406908284,0.06180746017070188,0.05862003857901392,0.05209161717862514,0.05211545185467977,0.05334967355820418,0.045234277248682515,0.0423011612875948,0.04431218617244741,0.04106030732638563,0.048068116602551385,0.047411937607864864,0.046267458641137446,0.038194550232408815,0.03379404725856665,0.03383840048183352,0.03361331823665678,0.01927686421882471
N:CTCCC,0.06517725445060085,0.04302594095379938,0.06985068201541093,0.06290375225382201,0.05968842092994347,0.05875599129513019,0.05431614111363775,0.05231263933278644,0.05313791475553448,0.0457576683995414,0.04365147716546091,0.0452512707526103,0.0435650018364258,0.04859232028581976,0.048052084466657534,0.04514646641361667,0.03886384576937077,0.03376180135629974,0.03457626736291839,0.033350103594154364,0.02026295549645886
N:CTCCG,0.056006539799623584,0.030864432235128608,0.06805764148970551,0.06439421303777494,0.058481777912967436,0.06241326210528317,0.05721564228816943,0.053050322237219824,0.052660595806163384,0.047316590939335754,0.044968726830288394,0.047404041748255736,0.047478184825383546,0.04811315374232429,0.05108458014106196,0.04456759377198152,0.03941560046386951,0.03285869089941256,0.037887112412311554,0.033773122183988896,0.021988175129750386
N:CTCCT,0.06702394527630193,0.04832242583615304,0.07028412173520482,0.06106259472950029,0.061329291541320996,0.05803564079122249,0.05239842381818375,0.05230111057820527,0.05228080649993909,0.046062636801013815,0.04270404958438832,0.04522651119961982,0.04144922096361326,0.04773653428041798,0.04793207535849502,0.04615153573828738,0.038445497817585966,0.033862446637772686,0.03413865527004241,0.03376293836230597,0.019489537180425696
N:CTCGA,0.06637483457192304,0.05634539033195248,0.06585016327457537,0.06087557459337974,0.06007290581758667,0.058784720318874856,0.054060720914024384,0.05066014612487177,0.052222413644586095,0.04450308929592244,0.04267457067009139,0.046169116437873435,0.04399407982834635,0.04712057259649645,0.04822277386667084,0.04273526026045623,0.03751987094652268,0.03316392454130416,0.035051175028778615,0.033036672174410135,0.020562024761352868
N:CTCGC,0.05843160167104177,0.03573593590133941,0.06765634471956836,0.06427969925636995,0.0586620145214956,0.06131999133208801,0.056854370849482805,0.05286054810828307,0.0527151685716872,0.04695484731034142,0.04485644456513689,0.046995992462208175,0.04634315605258899,0.04821114594733969,0.05077037439345189,0.04402531249742843,0.03905223514179991,0.03305875801987585,0.03625985083510943,0.03349763963978791,0.02145856820357524
N:CTCGG,0.050651663200107735,0.04316239955707851,0.06652052252764519,0.06524300827485074,0.05601423034909994,0.06175836837301172,0.056418246569603016,0.05171220577892831,0.053229137051280136,0.04687523380568316,0.04570807583534094,0.046061590028281134,0.04859604363375181,0.048597914079217104,0.05087424621047749,0.04359260201409568,0.03875001870445465,0.032873079052507144,0.03788026156309387,0.03336313576441365,0.022118017627078063
N:CTCGT,0.05700097695379504,0.039109666440061405,0.0692421629847064,0.062335955051121245,0.061275712568488065,0.05847991392001585,0.053550124032613146,0.053048140861430136,0.05143189011295747,0.04781220877097412,0.04388863627154813,0.04835471076314948,0.04288016783796073,0.04809809156353126,0.05134860142536208,0.045448610879753645,0.03979173326009931,0.03490021114807828,0.03528063785628424,0.03539769222803992,0.021324155070030028
N:CTCTA,0.07563800576034245,0.059396164577923474,0.07101471006267189,0.05877912208916168,0.06402960268878115,0.05669307440392078,0.05028416574676806,0.05205223507262927,0.0497477143249525,0.04438511894172416,0.03997536215953358,0.04455397641532579,0.03729913567451296,0.04692072223850186,0.04591991276428182,0.0468458876763375,0.037716071092285815,0.03464291989659125,0.03208703177343932,0.03352506149180644,0.01849400514850823
N:CTCTC,0.06167695895387454,0.053208683015456115,0.07114302748920753,0.061442799215686614,0.06038857913446254,0.05763179577031608,0.052475125719432525,0.053307073070584625,0.05038902740356378,0.04638639965868533,0.043117185992865216,0.04627726833116288,0.042044347706158315,0.04803425406088124,0.047517956901145776,0.0456873576512876,0.03826413590831708,0.03426666397418772,0.03321430571351194,0.03387152836705592,0.019655525962156636
N:CTCTG,0.06580789571926819,0.04564772918291693,0.06955709420511337,0.06240993001819925,0.06101706173566333,0.059293639851040955,0.052923041638317646,0.05221650289641719,0.052789096932258917,0.04557879857395103,0.04305061182965179,0.04467392767079869,0.04300941012474717,0.04851085602260047,0.047255065655621736,0.04587034371778179,0.03860270762565227,0.03375986236437315,0.03444321535598508,0.03365568314854969,0.019927525731091356
N:CTCTT,0.07006567095781659,0.048831193870873604,0.07158873141341443,0.06044389676440904,0.06355550875126681,0.05737350049450128,0.051234978311975383,0.052630898759354526,0.05013385502650992,0.04577005367299276,0.04188459913611159,0.046176098342097786,0.0399423957962763,0.04676866159468848,0.04747317092594426,0.046275120848498885,0.03843906998481131,0.03481540510771012,0.033138309642155014,0.034129407920508156,0.01932947267808377
N:CTTAA,0.07448750989607021,0.05159544303513175,0.07230756705464876,0.05963273648098551,0.06678682320705667,0.05642921712960623,0.05017658519604045,0.05236916131857766,0.04690428464747531,0.04544191217342968,0.039756654931752206,0.04692028680355528,0.037072503804021315,0.04654156910966249,0.04702023009416006,0.04705251514590036,0.0381269616678177,0.03653432602848945,0.03206663634679199,0.03435578688496976,0.018421289043857137
N:CTTAC,0.0710620951254957,0.05554570309613537,0.07153911836908955,0.05971821966058277,0.06430002381011027,0.056457876630787295,0.05050986477499446,0.052210235063261,0.048545120158953015,0.0450027504782548,0.0407764559061389,0.04627905449231098,0.038150775470660196,0.04694984277116842,0.04733121505455799,0.04651017676954276,0.03839708695616477,0.0352184372357283,0.03223888929940803,0.03436414690016996,0.018892911976485464
N:CTTAG,0.07361171927348405,0.050720796406204575,0.07127027142809024,0.06023472687632218,0.06490683097787822,0.05705742139226544,0.050381678890049075,0.05239807098707396,0.04950756016229242,0.04483643711430288,0.04089162072338312,0.04579786960947855,0.03811131491590573,0.047361668994488765,0.04724655870935209,0.046957147907232884,0.038060627148302925,0.03482543950382235,0.032515712390412226,0.03431202147068432,0.018994505118974003
N:CTTAT,0.07917119144968404,0.05714208307840273,0.07234168527377853,0.05802850782627542,0.06703103869451449,0.05608971826311547,0.04954242308621433,0.052218629989772676,0.04699321113220795,0.04433478352158688,0.038287566234921466,0.04587198683316363,0.03507120747926878,0.04647535394903495,0.045647629088955165,0.04764709401690105,0.038299136885880644,0.036468434135339366,0.031773571955902837,0.03369768654711456,0.01786706055796501
N:CTTCA,0.07397701368984562,0.05248336157974601,0.07116380742801064,0.05988661802241326,0.06510507373142096,0.05712779300820884,0.05034884888152977,0.05258627662902536,0.04978963813080542,0.04487758859124306,0.04021658939916518,0.045158655828100684,0.03769010290530354,0.04710605025489992,0.047174660287752815,0.0470610249208402,0.03812749186474078,0.03486598141096922,0.032517062360087674,0.03417305906212814,0.01856330201376294
N:CTTCC,0.06520393046014882,0.04695533818194049,0.07080443101742777,0.06158754171947694,0.06155562622406436,0.058038423963147734,0.052111124021704064,0.052193492755373654,0.051315147743899364,0.04662108547848781,0.04291774134612297,0.045604949615561614,0.04175502353720009,0.048437784277242074,0.04846797977589589,0.04582663808669089,0.03868846042707902,0.03422373106283569,0.033486999117832775,0.03439458407420601,0.019809967113661973
N:CTTCG,0.06313981150686748,0.045113187059125835,0.06847174675276232,0.06174517784169561,0.0624559643902156,0.05762137250188576,0.053261329067232535,0.0526023491184589,0.05202211520129972,0.046717119387272986,0.04240888255236611,0.047842358733763815,0.04209597068989813,0.04623635414162681,0.05021095647416716,0.04510697026715627,0.03861871171492279,0.03452184580698104,0.03461924221450419,0.034310474880015915,0.02087805969778102
N:CTTCT,0.07424655298557586,0.05266537264860575,0.07143956138227911,0.059536594602926395,0.06425755190660751,0.057290220166734435,0.050425554322603865,0.052448602537214645,0.050168331616422916,0.044944925187110685,0.040728509384653264,0.04533006178785125,0.03807691154203199,0.04649858381045309,0.0471240646209278,0.04662538177136333,0.03824639396503082,0.03435443587112919,0.03260813920156342,0.034196391768036453,0.01878785892087821
N:CTTGA,0.07472000192523878,0.05170418194120904,0.07132318435518198,0.05989207910171226,0.0643623709008351,0.05746709749004675,0.05082835190599919,0.05199860010563212,0.049800192472674795,0.04481479689370915,0.04072724870833631,0.04539416063813473,0.038308667491549556,0.0468191445539424,0.04737290671885293,0.04619164984002853,0.03813944105095508,0.03482634064591249,0.03259285884901955,0.033845800150486084,0.018870924260543178
N:CTTGC,0.0681342144206259,0.04376096680504184,0.07148907216011074,0.0615592429531731,0.062385136595903716,0.057868195553112435,0.05204638277689978,0.05265139009229294,0.051737007844984056,0.04581631575683734,0.042928704664254455,0.045324600670033036,0.04150283146775445,0.047963169970185376,0.048504827489119086,0.046040889109365546,0.03850125777836621,0.03429972498143918,0.03358779393551393,0.03427190470045434,0.019626370274532543
N:CTTGG,0.0698290119123762,0.04867489297981905,0.06985914746521033,0.061392615854314346,0.06105592898816764,0.057952746413999105,0.05160323738969998,0.05181834288751593,0.05265408490016559,0.045484421218131,0.0426389495785439,0.044828972943988916,0.041517179603218685,0.04778225712173256,0.04775160199040131,0.04585514047584038,0.03839737051714168,0.03359464667882827,0.03385131845641542,0.033771822946353,0.01968630967813671
N:CTTGT,0.07427671293660483,0.053090860990041934,0.07150110893363451,0.06001864222693913,0.06434850549999988,0.056718617622358435,0.0507641610220501,0.05244748945667804,0.05020198213712377,0.044915575686725696,0.04051093620552944,0.04514212538662138,0.03765636062961074,0.04699672342008114,0.04698759233195898,0.046572498001649025,0.03790364036740537,0.03486150730573425,0.03251037550736151,0.03390224948057682,0.018672334851315038
N:CTTTA,0.07835579795491034,0.05338626164860297,0.07202402639593868,0.05906229183309194,0.06674192070066196,0.05698694333183372,0.04997164982811022,0.05222367476187155,0.04743022729902706,0.0446691583906216,0.039063678863003215,0.04624425676681729,0.03602620327343056,0.04663038670753675,0.04634498631657019,0.047163014187877,0.03770402980155679,0.035961648423092886,0.03196064672368146,0.03379216575926797,0.018257031032495874
N:CTTTC,0.07428892065696151,0.05293906932180469,0.07171467029038367,0.05967873066465819,0.06550188852170469,0.057081080877349505,0.04993703357220111,0.05265277976480912,0.04923426573481483,0.04503430527826544,0.04009278734056789,0.04540665444976105,0.03749639389799643,0.04670492969259286,0.04716019761674544,0.04694473449431104,0.037806239918815,0.03510180082884203,0.032259634947050565,0.03433527349604149,0.018628608634323432
N:CTTTG,0.0736781179922276,0.05411637355654952,0.07114773007725866,0.060306893606940554,0.06439224450302931,0.05699052356274284,0.04999982251413768,0.0520207325906453,0.04939057893833188,0.045085892881864105,0.04054225480655069,0.045403685989023154,0.03799804167704336,0.046974716111363224,0.04751875698617049,0.0468015272751866,0.03758104331421032,0.03460544612566111,0.03248962781961981,0.03415593982594055,0.01880004984550323
N:CTTTT,0.08077602492893962,0.0565201991840313,0.07169704920508331,0.05876080980253054,0.06638502061419446,0.05668654417173829,0.0490994299964188,0.05258716923039816,0.04781953050077575,0.044091777340483154,0.03881343721440178,0.04557577387778087,0.03567451122887655,0.04592629121200348,0.04614834669598743,0.04718207133984661,0.03727582751715752,0.0354101157677221,0.031795487685751904,0.03361938379209944,0.018155198693778934
N:GACAA,0.07426002526511205,0.05507261095613953,0.0711874177132095,0.059476275163339545,0.06477695581215306,0.05705557899120544,0.05027235314192633,0.05222042774804902,0.04970951929620805,0.04475947505531176,0.040066734392069946,0.04491521889669247,0.03717001241695435,0.04712116445329798,0.047148114662644375,0.04703577484263206,0.03782873227066294,0.03499924397570623,0.03249457662497705,0.034025915888680314,0.01840387243302802
N:GACAC,0.06867664420546903,0.04701606965728501,0.07035080895175684,0.0616094677468641,0.06252003836428156,0.058013670864269604,0.05265039625544924,0.05228808212089124,0.052581693292198146,0.045778732707190704,0.04190060424427082,0.045303280857030157,0.03992633401671704,0.04777043502989775,0.04822196047494598,0.04568712875618925,0.03815270378631943,0.034360026770229264,0.03425269975301114,0.033881498667982846,0.019057723477750838
N:GACAG,0.06414968927603461,0.04922949229058487,0.06958380388986976,0.062294937365972726,0.06065467729582184,0.05887439502456052,0.05311565062605107,0.05200414909159091,0.05209428386476699,0.04538093027761992,0.04287282176306508,0.04502689824073311,0.04276003279556132,0.04815631008482791,0.04756971105298141,0.04587209249080939,0.03873240624658078,0.03367112183088306,0.034526438167786604,0.03378776683146388,0.01964239149243422
N:GACAT,0.06939669781250968,0.060827809502230865,0.07047512406126688,0.059341296245818596,0.06331576326822613,0.05604655696929051,0.05031424890240555,0.05186522989162223,0.049234570853011375,0.045502014303699975,0.03999315265051573,0.04530360390273885,0.03745387505840432,0.04787073405902303,0.047524924133057644,0.04681233662045749,0.038267858422599756,0.035485731506914475,0.032474525074662086,0.03408277594302054,0.01841117081852427
N:GACCA,0.07242832011087763,0.05198648171670024,0.06987851245711695,0.06089594133168593,0.06149902383890001,0.05794489491007459,0.051589090923083544,0.05181787048208471,0.05284388033919543,0.04489221649262746,0.04162213802543651,0.044539951942299975,0.040334465920416195,0.04732203731345633,0.04738290526952086,0.04550264513247001,0.03803792493441827,0.03334794397489442,0.0337145509746394,0.033319259076059406,0.019099944834042117
N:GACCC,0.06704254095181572,0.05185711571149306,0.0680394928300158,0.0622545689289405,0.0583068477318694,0.058858685325024536,0.05353501435558645,0.05137087390771297,0.054429407737700136,0.0449216624888396,0.04293869136400197,0.04434327421903267,0.042956912416606145,0.04896309195644648,0.04744970338729368,0.04463793466971739,0.038157487160665436,0.03211955092914353,0.03512654521033602,0.0326083957404385,0.020082202977319996
N:GACCG,0.05320588670315042,0.046816299363999406,0.06682073657742937,0.06339668688063896,0.05665951782280728,0.060028102351723116,0.05590888921757137,0.052954444608785685,0.05252921165508061,0.04628383375240349,0.04457180890400828,0.047785090962875316,0.04595104274515604,0.04793669575506582,0.05060641916876202,0.043625203372282206,0.03851871024996302,0.032957402751072326,0.03758689542967017,0.03392989202780654,0.021927229699748557
N:GACCT,0.06950236212143684,0.051303277077017,0.06928544628899551,0.06133965838439095,0.06035625551152087,0.05859065261389327,0.05234454972143945,0.05156311618372234,0.05329039472932851,0.04487053459021878,0.04254041398731541,0.04428838768301315,0.04167045119642878,0.04803459309310863,0.04730872986582261,0.04553277939314922,0.03830940552414875,0.03361965456728549,0.03385573257573754,0.03294322975410713,0.01945037513791976
N:GACGA,0.058272055480452715,0.04801193023721046,0.06808055334962021,0.06136070175013185,0.06121521105244333,0.057774962263350285,0.05278584375511491,0.05224025363878297,0.0509914584836232,0.047654265605392855,0.0431137434150304,0.04854236507253318,0.041683084887759986,0.04741784322164901,0.0506610733576222,0.0452172964191102,0.03966137040112998,0.03496020223206979,0.034811680478179424,0.03469043823010566,0.02085366666868737
N:GACGC,0.04917003971847478,0.04160963015066064,0.06586611967770332,0.06515430395794812,0.05660409146621403,0.0607696876013495,0.05761495402681313,0.05093483727218738,0.05147396397117357,0.047607414676881996,0.04596476301590845,0.04810442210250989,0.0486182772374811,0.047944368863748366,0.051217036403687966,0.04348814974244064,0.03902350676646126,0.033830200361383365,0.03881291039966978,0.0335648489392261,0.022626473648076625
N:GACGG,0.056054992713289904,0.03549710580068946,0.0681234234076051,0.0642225460760042,0.05927987404819179,0.06133419954465378,0.05664612341170205,0.05332174483053278,0.05223312790078369,0.047369468392065975,0.04500201920882131,0.04770015041642524,0.04535318596035327,0.04760065317015785,0.05096014842648031,0.044451857964754565,0.038920981628126114,0.03325256498048098,0.03679934917095383,0.03415096658648359,0.021725516361444232
N:GACGT,0.05084919593042337,0.041293544001125226,0.06881182896525857,0.06288972760091893,0.06091764733461484,0.05785257161610952,0.0540607857846125,0.051909958272774157,0.05063235500961133,0.04744127713441793,0.044402573960335694,0.04960968634253833,0.043998194945848376,0.04854599371747386,0.05270699517089409,0.045319752449716345,0.03991338084298373,0.03548572366261897,0.0360981527497773,0.03504911153828121,0.022211542969665713
N:GACTA,0.07894597210507345,0.054939063326203776,0.07152397488980901,0.05876807470849015,0.06539691629875345,0.05657020113402043,0.04945284154635157,0.05213145708268762,0.04873973334601894,0.04433803981696127,0.03999398043366493,0.045307757190088394,0.036502083062696804,0.04657845287996912,0.04624225369636136,0.04708938415628185,0.03796077584708472,0.03534985756132548,0.031815878115674476,0.03408876756240497,0.018264535240078237
N:GACTC,0.06353820401893598,0.04477652948946969,0.07036808549093448,0.06205966282907094,0.06165868795353843,0.05843328726844667,0.05248177260088017,0.05234739879355504,0.05259725679950784,0.046334492897721784,0.043248617731418096,0.04537713318419129,0.04210923087953023,0.04908464820035693,0.04875708521317138,0.04581331142138725,0.03903322982686386,0.03410132471967177,0.0340502369143309,0.03406354550227684,0.019766258264740443
N:GACTG,0.06864116043658268,0.04587368030777752,0.07053125755049822,0.06133579286811203,0.06260828170522659,0.05811435594311465,0.05235480729085099,0.052364615786512206,0.05245485394659535,0.04528615141767092,0.04271240215616891,0.0450138021881446,0.04056074515795438,0.04841636933301902,0.04773631363384166,0.04609012111203493,0.038488210024740295,0.034224456960811465,0.033757245617482404,0.033954069430417386,0.01948130713244379
N:GACTT,0.07101539514970015,0.050013230598675185,0.07137970689521116,0.06060836926287381,0.06459322493021016,0.05707498426123096,0.05052176214017161,0.052546796188584315,0.049758024264040114,0.04569698292186798,0.04104025111801694,0.04608198707288994,0.038487560729074964,0.04733293704241567,0.048038046436266135,0.046512765333072484,0.03793889846173912,0.03498584137828978,0.03270309282487704,0.03449706167841744,0.01917308131237506
N:GATAA,0.08095073524408773,0.05552899537473185,0.07202391675176749,0.057642453073655696,0.06729463926295448,0.05644289872518126,0.04955490299106269,0.05255828494301518,0.047183370256147716,0.04454776771088642,0.0381417518349255,0.04596403315230114,0.0342304613068788,0.04635848930487294,0.04565829966018622,0.04761859087433484,0.03832429271404117,0.0365273591010716,0.031677586647719184,0.034056313111860394,0.017714857958317735
N:GATAC,0.08112039403409449,0.055693825591879145,0.0715063223839605,0.058058243213012575,0.06563183649831833,0.05660802187873148,0.049973319801162305,0.051935355476122914,0.04962371719570289,0.04455399520240635,0.03863108790326564,0.045509349690732434,0.035117145925677,0.04632573472231772,0.04638093513370605,0.046989592301382624,0.03777741838328648,0.03521447296680906,0.032120344644252716,0.03350083914309593,0.017728047910083373
N:GATAG,0.07644228033286592,0.05337754132734879,0.07248464588127315,0.05845508892912956,0.06484880807679905,0.056653013697230935,0.05053763127060166,0.05251626610011951,0.049090134404169726,0.04561110778744559,0.03931989534831123,0.04625606102833563,0.03645080188699894,0.04695208522721469,0.04625387227299324,0.04613020759614837,0.038543616786877975,0.035119309053713514,0.032582541611886985,0.03387025933832467,0.018504832042210876
N:GATAT,0.08888448964960059,0.065019983841713,0.0717773045623084,0.055697401298013385,0.0677671601543063,0.05550826373320635,0.04869235584614315,0.05208238586203391,0.04793018763944548,0.04313433314963537,0.03599258430934024,0.04456985248875073,0.03180962113632351,0.04548343775581725,0.04383898427509751,0.04766293385268137,0.03746395150373727,0.03594978090004869,0.031397370800584266,0.03268147307933077,0.016656144161882495
N:GATCA,0.07888385466098331,0.05661773665435871,0.07108396876021239,0.058653412971763234,0.06471945265161466,0.05674517602843016,0.05003448688324653,0.0521927583879888,0.050663113269382616,0.04391702429806803,0.039547195234512666,0.044877663790337634,0.036333263651570316,0.04652841357728658,0.04651574416582918,0.04631415147175709,0.037739568323341265,0.03455917341778614,0.03222203963364534,0.03365181997958734,0.01819998218829801
N:GATCC,0.07982185724625984,0.058480483795657436,0.06994355254456172,0.058886655522980814,0.06208005054581495,0.05737566198180559,0.05113163956251486,0.05185111896839324,0.0532675126841876,0.04389258320011248,0.04051779952127281,0.04372811836607876,0.03832594760384717,0.04573901557165199,0.04570256426278964,0.04575941094684879,0.03710222509203955,0.03291162640532814,0.03290555118718441,0.032289350489749374,0.01828727450092083
N:GATCG,0.06429230485329397,0.05933198007012364,0.06681306514116996,0.060723380697545674,0.061158885403210926,0.05780402288245064,0.052725595128252443,0.05189518361321277,0.05170326628529249,0.045901457833548626,0.04135449344897583,0.04719689979701052,0.03981177338992434,0.04650673556006643,0.04920834102232884,0.04369071784462078,0.03804022882450637,0.033947222734821925,0.03429045949437166,0.03350802731131205,0.02009595866396014
N:GATCT,0.07947580615046815,0.058078868688276865,0.07007434782283983,0.05891159417764313,0.06362103646316963,0.05762298571296986,0.050376469094557286,0.051769946202697086,0.051752831142190675,0.04368728108281698,0.04019456400783683,0.04459220100922844,0.03783175210919782,0.04579865718347096,0.04605040416437429,0.045584252152763426,0.03719569422419609,0.033498841154812255,0.03266984986046558,0.03293933426771191,0.018273283328312916
N:GATGA,0.07242476101822348,0.057836812144212525,0.07068819591135297,0.05954444882030718,0.0637642762521929,0.05653761054025993,0.05056431921520891,0.051851491174680464,0.04979184418746196,0.045325695463821564,0.040464573413053595,0.045265260821309654,0.03718764097239626,0.04770641939064122,0.047005262969460455,0.04660055135870538,0.038308689269986755,0.03472843793634313,0.03210712111990262,0.03399262468225269,0.018303963338226342
N:GATGC,0.06876953828539083,0.046903945607986414,0.0707482922091288,0.061171718211290076,0.06318826223434364,0.05740798512838985,0.0521475228991921,0.05248481963670046,0.05135232272423198,0.04630654042093346,0.04158760227448155,0.045662902665568876,0.03950392052179283,0.04794357536149848,0.047934328847836154,0.046851682704677614,0.038945913523388054,0.03472829722636752,0.03325890559872382,0.03407420689034117,0.019027717027736323
N:GATGG,0.07248008492015694,0.05062951197924033,0.06985519820794739,0.06088857884274039,0.061578766994492794,0.058163315572774064,0.05301338901451408,0.05210894061150776,0.05288308488148945,0.0452555258751697,0.04193038687085218,0.04426526743334228,0.039902197743407856,0.04724345844119179,0.046386417436176136,0.0454870011033476,0.03845587483599424,0.03376783935089473,0.03342459919561034,0.03320477718258098,0.01907578350656897
N:GATGT,0.07265696621723658,0.05387974757882823,0.07043234066180475,0.059716796502590874,0.06423285959873148,0.05641311162330243,0.05100012050563554,0.05239615541260977,0.050122717447843176,0.04552733418653357,0.04043375927245104,0.045666754630695985,0.03752667521900755,0.047136923384347384,0.04766562279295454,0.04689835273372373,0.03819021890840199,0.03501954784455078,0.03244499832970037,0.03408387497311504,0.018555122175935176
N:GATTA,0.07829698865623755,0.0548742023115921,0.07180800257645333,0.05831352444307553,0.06678877981920012,0.05674083970958692,0.05025906952208386,0.05211279427073344,0.047283463415616026,0.04481524847165502,0.03859742802812071,0.046332104985915716,0.03595109447995634,0.04663555224552871,0.045905987557523,0.04754057705110789,0.03779874268773758,0.036392403260519915,0.031934500965980106,0.03361732300270748,0.01800137253866864
N:GATTC,0.07549316371698811,0.05434432222912359,0.0711594556132999,0.05939350101030749,0.06461289891421428,0.05672621059997327,0.05065807577699329,0.05237835032903789,0.050900235083222604,0.04467917823082185,0.040072254676111925,0.04534629567022305,0.037272091139957074,0.04649773172208289,0.04707875681073049,0.04675168450101817,0.037768596340878535,0.03468932061734899,0.03225436161932243,0.033556361006061845,0.018367154392282353
N:GATTG,0.07760296447566796,0.06133965473573869,0.0706435893932748,0.05828881106980468,0.06466294509280365,0.05636570495381589,0.05013578391541849,0.05219910819649079,0.050381864797730304,0.04414794893981485,0.03917759449545829,0.0449101605038586,0.03594019275803138,0.045856133765732596,0.04595240891611758,0.0464517613558737,0.03740029929187829,0.03464826812589434,0.032140719914414986,0.033446626414865205,0.01830745888731493
N:GATTT,0.08077855701731315,0.06079602627430551,0.0711057725755573,0.058138942952991664,0.06659019447805185,0.05624799557456802,0.04916441973050341,0.052022794029060564,0.047529275216732475,0.04402545471822657,0.03840542760227448,0.04552866773795605,0.035256676751719354,0.04574650317908237,0.04562199548293714,0.04702042689807422,0.03733088588392404,0.035522448716404136,0.03175434101279269,0.03363786459332011,0.01777532957420489
N:GCCAA,0.07034144524177849,0.0497126038597631,0.07030244932234178,0.061226243723739276,0.062209092334008,0.05731075053136673,0.051311057955508305,0.05186457285081373,0.05160182364606546,0.04584784322277422,0.04194825127910402,0.04537497037445926,0.04003896563134394,0.0473967005666145,0.047910083739004475,0.045960666368328955,0.03823833851638321,0.034322845324010656,0.03349143717757379,0.03395938821081421,0.019630470124203898
N:GCCAC,0.06184118030035279,0.0452718121313454,0.06847117707749777,0.06366587861733031,0.05779725430056476,0.05940435582914975,0.05425817015376695,0.051562652085230455,0.05431094710840689,0.04610413066189655,0.04417690662156112,0.04493741388596285,0.045497195683537266,0.04818449439028558,0.048871459996582475,0.043970989978867586,0.03875212784135767,0.03327154392059231,0.03553835738217653,0.033656123532681693,0.0204558285008533
N:GCCAG,0.06637454913525567,0.039882050729592916,0.06912683319977578,0.06370608659483555,0.05872691523541174,0.060378861767072946,0.0538900388344257,0.052244429325205045,0.05448975159448126,0.045127665077994344,0.04454350682756559,0.04435282006139998,0.04602147328858627,0.04870001745561636,0.04744240654764202,0.04453371324743019,0.03863970628477081,0.0328208794519743,0.035391118144565914,0.033279161393015795,0.02032801580338178
N:GCCAT,0.07072930558098477,0.04819284062258411,0.07036023906275703,0.06102647948057495,0.062310677052688015,0.05718126168162867,0.05200310772605966,0.05240616299401125,0.0516311553705912,0.04565170060785352,0.04194853013086631,0.0453079653276275,0.040067284898509914,0.04778016589716351,0.04753551102886831,0.04631383993030382,0.038606089308967036,0.03438250618290629,0.03330833343219998,0.0339823367521954,0.019274506930658783
N:GCCCA,0.06621034190702867,0.04601451239873386,0.06909674246942618,0.06314407884035426,0.05892011449875013,0.05901883321211623,0.05327706865250826,0.052301473488977346,0.05409486344846154,0.04549810882616345,0.04412202979136323,0.04409099322617616,0.04389766907916755,0.04832692347243074,0.04792494386308013,0.04462983286996614,0.038265841268535467,0.03275030709372482,0.03505636128057616,0.033489949574929935,0.019869010737529752
N:GCCCC,0.06711004842371758,0.04435441740842693,0.06754907673451345,0.06331853161606622,0.05737909140227853,0.06057586047539633,0.05616498221784645,0.051321103498161505,0.05490516184773654,0.04510387992525468,0.0435949084771645,0.043920914625570136,0.04526713415981836,0.04837499246518918,0.04665303703108361,0.044242902208201894,0.03911872852578915,0.032203279149671485,0.035917438566175734,0.0327071068335711,0.020217404408366654
N:GCCCG,0.05371353152883373,0.03786177333399879,0.06485717613003045,0.06622136452111997,0.05453426275599328,0.06487658531445652,0.05785046055221903,0.05279298163891153,0.05455921742168394,0.046221586340370546,0.04541749155700477,0.0456642654732791,0.05112379177826948,0.04834550566470911,0.04913573674491341,0.04226488545808448,0.03964187281993268,0.03150665180477688,0.03834145746338596,0.03234956495699479,0.02271983674103157
N:GCCCT,0.06610080232007946,0.04505923359318641,0.06877443879793671,0.06309148144513088,0.05870085173709992,0.06002373086283874,0.05328521984272861,0.05208454664084557,0.05451835399313584,0.04533419692186191,0.04379020145264654,0.04362216830734484,0.04470560020102875,0.04884570776515535,0.04732653537422318,0.04460172516575133,0.03858957560555899,0.03279892428235526,0.03545881259377873,0.03318730998410941,0.02010058311320355
N:GCCGA,0.0646064397174352,0.04217262695903489,0.06829969062660837,0.0626834606835625,0.05947943826388928,0.06023449032571871,0.05424780412761794,0.052398350762687416,0.05315905864520471,0.04610625024744216,0.04375060093094808,0.04693200006786985,0.04310018155184408,0.047096018867817814,0.049273509832644266,0.04480823939957808,0.03819092919478081,0.033779389058249294,0.035484618995639365,0.03379352860996895,0.02040337313145824
N:GCCGC,0.05351866601577555,0.03321012894250992,0.06579995375247295,0.06658175718580127,0.053474620751926064,0.0642326764471622,0.05811772564939236,0.05158801528370656,0.05518137472609352,0.0471064096870217,0.04663292310063976,0.045847449228657314,0.05151093607196996,0.04757989627340364,0.04998036315320044,0.042433941280322414,0.03937646588143749,0.032391621122640366,0.03954530605952718,0.03275866498805272,0.02313110439828664
N:GCCGG,0.05918483863723074,0.026844638783887265,0.06673142643768044,0.06576002987247376,0.05584312621931916,0.06550838675112496,0.059428364238536036,0.052763880282814396,0.053562103087092874,0.04726020169331468,0.04553928744409058,0.046221159127745416,0.050363800189949966,0.04914617218342348,0.047725606175809246,0.043003915350500986,0.038536573486556036,0.03254854953446022,0.038685394687353714,0.0330139540169548,0.022328591799681254
N:GCCGT,0.04915564160481876,0.034809616005162955,0.06761253630203291,0.0655688663009573,0.0583689631063784,0.06082607292675057,0.05724965042486824,0.053148865225341506,0.051021162740669035,0.04805313542002797,0.046342234053995915,0.047831289663332256,0.04682289986016995,0.04839598795310315,0.05154216413896956,0.04506157900397978,0.039347370119393356,0.03394240077444337,0.03765999784876842,0.03499448746907605,0.022245079057760568
N:GCCTA,0.0746863675266703,0.04970924898955672,0.07055285644440626,0.06013609035075718,0.062328256459041914,0.05743485809250792,0.05166226006280604,0.05221852088709019,0.05143530140428019,0.0446954776896457,0.042064242027016564,0.045097958114461406,0.04001259938721162,0.04776843429281697,0.046910975996470476,0.04571042832613747,0.03766347121602116,0.034075615413250354,0.03325262513747437,0.033520945420684845,0.01906346676169235
N:GCCTC,0.06466544812870156,0.04170759413039465,0.06796215325304732,0.063952287419732,0.05784052675433709,0.06077865573863192,0.054625981469131016,0.05229357340416155,0.053992652182807306,0.04528271134121779,0.04443550036838875,0.044103867333480797,0.04689164713845929,0.04856345018103438,0.04719467391358581,0.04434702054162294,0.03882002504710885,0.033072827878463315,0.035535959898015355,0.03296871439809602,0.02096472947958228
N:GCCTG,0.06154691143512946,0.04243482835690705,0.06829310471335377,0.06432753167206523,0.05749030527757641,0.0605762974730851,0.05413912965642762,0.05215284186208087,0.05455349778765171,0.04533205623106458,0.04545444858136001,0.04392971999857513,0.04732686886573042,0.048964247124160344,0.04802681914764384,0.04451214926751832,0.038515228561625,0.03257341485922292,0.03602232168545836,0.033178982980460764,0.020649294462903093
N:GCCTT,0.0681200612550067,0.04814309496388442,0.06967937245459194,0.062044725286674755,0.0611907237955515,0.05783209183204497,0.051481600968929724,0.05219772462522161,0.05271138714714239,0.04507043184299109,0.04262768118319008,0.04514673025267991,0.04211071439943239,0.04789076951451983,0.048558230405577114,0.046051497221115796,0.03807380759703866,0.033748528852513976,0.033845854382983175,0.03375573815106725,0.019719233867842745
N:GCTAA,0.0744904379059277,0.042987072855647644,0.07242406633263986,0.060690190471496375,0.06659564765568923,0.05768858798770863,0.050608500660833,0.05277469094511752,0.04857402137280135,0.04570412988526647,0.040715679448569964,0.04660664013946455,0.03775508133154019,0.04728714695343768,0.04748885530304505,0.04739483518936769,0.03822932375515506,0.03562078333251187,0.03256989277151,0.03497465391693178,0.018819761785338413
N:GCTAC,0.07054118883813333,0.04023336666718635,0.07059074417641255,0.061415768174559515,0.06277269356092412,0.05827930502257273,0.052650598116228985,0.052129988663520366,0.05084266347136815,0.045510731793146,0.04243106239963652,0.04639827346974229,0.042120923934226145,0.04843728075938823,0.047799742980402814,0.04612933831930564,0.03860583572572401,0.034776154639381905,0.03394262271349442,0.034493856251656484,0.019897860322989444
N:GCTAG,0.0733969416863857,0.0439885702194761,0.0720852647457142,0.06188434360382761,0.06221274155320741,0.05831744401078256,0.05190698199890949,0.052488619766397036,0.051104656979725015,0.0453299274412869,0.04266444670929457,0.04517434532241163,0.04106362638462102,0.047443929401142886,0.046783303788687884,0.04579667379791271,0.0381659692598456,0.034035144325154185,0.03316388445945267,0.03364355609980042,0.019349628445964415
N:GCTAT,0.07993571079452942,0.044825153751353104,0.07255624555837754,0.05943603014156219,0.06642193389366494,0.056798043737049955,0.050305403711622135,0.05233168312378371,0.0488522247843283,0.04523408287430321,0.03962114647084047,0.04608080229570036,0.036792001631218645,0.0472086370628469,0.04647136521606151,0.04755272224604414,0.03867210106359054,0.03600750240634736,0.03213935524883581,0.03413377492181245,0.018624079066127324
N:GCTCA,0.060822978275332784,0.04039094709490856,0.07039202101744993,0.06313846004746214,0.0604994918512853,0.05938726170706536,0.05426484763396529,0.05226990554720282,0.05274007407446212,0.046951042228729784,0.044392618223155864,0.04501176076148966,0.04429963224701266,0.0497013316639513,0.04861300284458507,0.04560241815924438,0.03868118382934585,0.03398211788002452,0.03437010513963613,0.034362247169821204,0.020126552603869266
N:GCTCC,0.06742203821570232,0.03948409475553972,0.06991091685797972,0.06278449005683626,0.06096592444438124,0.0596005967320462,0.05337054050958761,0.05221891951976993,0.05385708821409297,0.045842524718494725,0.043494370643058874,0.044514623752660104,0.042622701717064275,0.04873823209523161,0.0481016031372596,0.04584664166060977,0.03870674123072616,0.03374021197012148,0.03532074347483388,0.03362156918371517,0.01983542711028839
N:GCTCG,0.05266540455813115,0.040186815327930114,0.06774963721649814,0.06462053863535241,0.05914461611834739,0.061636844263367734,0.05632377446062309,0.0521448574893346,0.05251127609642044,0.04698300806411744,0.04557840340362173,0.046741637076910106,0.04595936243162367,0.04852138459704131,0.051228810971620006,0.043580549569748946,0.03936673558826181,0.033326644739711926,0.036313247195879826,0.034012952606952064,0.021403499588506087
N:GCTCT,0.06400542466367862,0.03995332524333824,0.070427089566904,0.06319133652566168,0.06134249878705586,0.059257733698530365,0.053110577205976235,0.052402795156217215,0.05278583014785151,0.045833745049689074,0.04397547021708647,0.04497413681121704,0.043388705019756835,0.048855558059777884,0.04849250750248973,0.04618902388250929,0.03886278576353307,0.03391469533174716,0.03482481977926082,0.034009898956479455,0.020202042631239446
N:GCTGA,0.06788409028507723,0.04404456026438336,0.07075174803696727,0.061935921834683834,0.06218877399274129,0.05841284843241662,0.05242210939270055,0.05291038548097195,0.0520815446781192,0.045980236389625465,0.04265687333592566,0.04470283300129226,0.04127975762763534,0.04822419215164044,0.048257334355408424,0.046307372797507705,0.03847152727560514,0.03413161283391842,0.033959616224708715,0.03404447169470087,0.019352189913970266
N:GCTGC,0.06229023989329477,0.03780091933110449,0.06971157949763415,0.06377428020061858,0.06025158125025844,0.059330884464503096,0.05356922695232672,0.05276309565041898,0.0535487417333606,0.0462745922208519,0.0445902519947482,0.044592148774282095,0.04450906983069725,0.049795773747584926,0.04929312717110127,0.04572035324104616,0.03884376871884303,0.0337774705837946,0.03527706448329639,0.03424407834913414,0.02004175191110022
N:GCTGG,0.06261414692585027,0.03535256634897886,0.06907659821932825,0.06479418576929312,0.058033251004574134,0.06112930666592339,0.05533120434968624,0.05220727579845682,0.054991317459497036,0.04569232605219483,0.04550749902512538,0.044607177620937896,0.04758768256404608,0.04881841948807514,0.048009023239224895,0.044279738817491296,0.03867620550925258,0.03271790172884982,0.03599337220564131,0.033691287990004724,0.02088951321756793
N:GCTGT,0.0647463115821416,0.0385993070416794,0.07070496053987341,0.06283926084445803,0.062229808530633965,0.05883295401791275,0.05311548173058415,0.05259661220376598,0.052364776883272755,0.046154194549180794,0.043229502813727824,0.04551728432804556,0.04256485161407204,0.04861068650429702,0.04918900098508781,0.04610069409060543,0.03888775660405132,0.034477224090492205,0.03489107419862541,0.03455337024581904,0.019794886601673518
N:GCTTA,0.06682441042330885,0.04616966102483618,0.07213063589629336,0.06116424857144603,0.06491841836972109,0.056912781709620816,0.051165663376891476,0.052384464214117875,0.04813722766757807,0.04614756937834577,0.0417513317267536,0.04705473698954783,0.0394603809821946,0.048795746747005056,0.04818094092552718,0.04663781591642025,0.039035469313527936,0.03620256817740626,0.03247049002562161,0.03501431961724107,0.01944111894659509
N:GCTTC,0.06966614385490477,0.04354011791065112,0.07109985378785981,0.06161500565479882,0.06317274845218594,0.05841489665251796,0.05152251868588708,0.05248820313039398,0.05136854685417829,0.04566272959063656,0.04264958638400208,0.04521059008482504,0.04046954076679194,0.048082592445726456,0.04846568902700189,0.04635376983532957,0.038681451221173814,0.03434121746504931,0.03312166279802256,0.03447991431345365,0.019593221084609355
N:GCTTG,0.06552352861541652,0.03967150383238328,0.07168148156682691,0.06304097668885542,0.06206307806194606,0.0582998245831329,0.05266142528364821,0.05205653953504449,0.05172457247539411,0.046584843867466655,0.04354601308281462,0.04592271000337008,0.04250042486022819,0.04837285733625599,0.048462149994383204,0.04579309162866928,0.03879802000731624,0.03449324976308642,0.034169563877375256,0.0346592332929116,0.01997491164347458
N:GCTTT,0.07055547353110096,0.049107766240194445,0.07167752097451645,0.0609506061293225,0.06493770105312335,0.057173085649307544,0.05022274937651603,0.05232979670572522,0.0486405800643841,0.045568783863050404,0.04154307072713619,0.046182907626414006,0.038629515004706,0.04769396291380062,0.04842606060563247,0.047110451147843936,0.03790377518925867,0.035019183125913504,0.03241739882322772,0.034765809978145386,0.019143801270680466
N:GGCAA,0.07137661233602759,0.056406655229406175,0.07002619760752377,0.06051523178711212,0.06216837604777649,0.056935427681237855,0.05055656221950046,0.051623236481793504,0.05064639510841661,0.04497414200461727,0.04182086153392214,0.04513116697304794,0.03989566238609299,0.04678723262847381,0.04731490955726993,0.04556755031554715,0.03790874877392714,0.03402658031023752,0.03307311009495263,0.03384034139419183,0.019404999528925094
N:GGCAC,0.06342741818393008,0.04654410331080773,0.06894007276226982,0.06306962195976919,0.059627000029038535,0.05924794344952895,0.05290198665057102,0.05235751413554358,0.053620171825154835,0.0461837143603848,0.04382329637142774,0.044378139791503325,0.043933227964938044,0.04860324650811627,0.04823611646941205,0.04475823346151772,0.038487465724158815,0.03339172152875437,0.034518001816982564,0.033912340962171085,0.020038662734019472
N:GGCAG,0.06163729675816865,0.04381859712145708,0.06843720833876166,0.06372871473635426,0.05772649997971052,0.0599543379970655,0.05423911255961369,0.051851094457128336,0.054221225783440796,0.045584315593210925,0.04504424173951301,0.04447827210538568,0.04677578845977237,0.048699284315379635,0.04764209575351916,0.044508439354751905,0.03883779737432804,0.03311589776666247,0.03560990169214242,0.03345841618203292,0.020631461931600967
N:GGCAT,0.07315778231030015,0.05312767013037127,0.07052072710234007,0.06028672032193159,0.06258372150712495,0.056879289435241585,0.05121275598798269,0.05180328546622199,0.05152662550646344,0.04504182630026736,0.04102905101843941,0.04478825004823461,0.03952413108789725,0.04717724153138006,0.047177586064331194,0.046337614729472724,0.03808708414872798,0.0343478680300984,0.032900829635346324,0.03365673493012872,0.018833204707698243
N:GGCCA,0.0669539590747331,0.04716240825177936,0.06841046207740213,0.06284683607651245,0.05837133007117438,0.05908793927935943,0.053372442170818504,0.05189473976868327,0.054184274911032025,0.04512830849644128,0.04354356650355872,0.044090232984875445,0.04422333741103203,0.04831516903914591,0.04773722475533808,0.044942726868327405,0.03840601367882562,0.03301719584074733,0.03532619272686833,0.03294699455071174,0.020038645462633453
N:GGCCC,0.0716281052125556,0.04913549913299365,0.06769202304601439,0.06292940767690205,0.05783089273845703,0.06004507662089439,0.05319162409644392,0.05231222801083028,0.05467619006188812,0.044249537036782104,0.04278975054776409,0.0425546208492312,0.04324459160394247,0.04837449387919399,0.04653916065856139,0.04419061694839096,0.03854089632322129,0.03221001542384744,0.03559599321372739,0.03247653245918682,0.019792744459171407
N:GGCCG,0.06572074073876957,0.0340937818498245,0.0665483372229481,0.06482661720602363,0.056811438394622486,0.06295587660030816,0.0566597567238888,0.053740549832751,0.053889570421541994,0.045781253742146484,0.044876485881629756,0.045422007679882484,0.04664610537352277,0.04753224566044062,0.04835718106267646,0.043993006676654595,0.03791775660147903,0.03299741608943364,0.037553188375329644,0.032342789931530364,0.021333893934595928
N:GGCCT,0.07069021845664626,0.04554483479624507,0.06811106513042783,0.062989059017417,0.05857926948794459,0.060116597332636364,0.052779169298455775,0.05281764787024735,0.05468168056977327,0.0442416454308511,0.04333739899374905,0.043304365502871374,0.04436434125411104,0.04837736588765709,0.0471271753098251,0.04491284240483814,0.037921358511387476,0.03249950994271775,0.03521987236730338,0.03236846499538983,0.02001611743950515
N:GGCGA,0.06358604673944675,0.04793804185286669,0.06702912643737773,0.06272743774364471,0.05893284698031826,0.05945146986368862,0.05471759543381364,0.05255954799134476,0.05329714498102705,0.045399670962592883,0.04363059068265178,0.04612862423755233,0.043866852218409386,0.046704871885741614,0.049528485361869115,0.04360177830024231,0.03841554946653874,0.03348286959803845,0.035514142557905685,0.033171695868016236,0.020315610836913273
N:GGCGC,0.0578788343986379,0.02777932843944511,0.06479052111535992,0.06652454852485555,0.05408281463700561,0.06528246852932146,0.05960588383063053,0.05287911351773802,0.054742233511039164,0.04551734725207246,0.04521031624194043,0.04706994724649008,0.052830267675217014,0.04858416836464119,0.04828411533201217,0.04274360119462975,0.03936277109442599,0.03142881067351439,0.039565132442013005,0.03245108437770396,0.023386691601306277
N:GGCGG,0.05973749699865136,0.028884754944090766,0.06522856251668974,0.06554272237468949,0.05400632358914174,0.06551355038787522,0.05927298920860888,0.05137860077687245,0.05459200732441269,0.046015443201019676,0.04580675129534841,0.0465607349545478,0.05195530851620055,0.047824106383503914,0.0487037539859032,0.042077224981094306,0.04005313789598167,0.031824393615374084,0.03945174616781073,0.03232031739121654,0.02325007349096678
N:GGCGT,0.059509795572831876,0.03580105294267924,0.06692096918815214,0.06404065500849067,0.057881791906066696,0.061804028432457886,0.058360174521993075,0.05265715244626336,0.05360890843606454,0.04681136697206346,0.04364552599546163,0.04782323386648366,0.04771303054134879,0.04684142242437297,0.04862721721576308,0.043372522303650234,0.03810279966538263,0.033539380156388535,0.038045193381789404,0.03295580345737886,0.02193797556491727
N:GGCTA,0.0756319804681076,0.04266375371472222,0.07042095676559282,0.06109684835259772,0.06247174105986966,0.058545439087572766,0.052004178780708045,0.052282420652760585,0.052480796802279524,0.044850185215480724,0.04220946374461175,0.045399798789905486,0.041290578549870345,0.047373684416179423,0.04675794545858168,0.045657430152917095,0.038059881257704785,0.03360844069046923,0.0339274741949986,0.033832150590684305,0.019434851254385637
N:GGCTC,0.057719521487637426,0.03521068899490799,0.0688602862515906,0.06506954010979776,0.057560200877431154,0.06071783527500114,0.05628104822951844,0.052063222755654316,0.05513911149982004,0.04699749466255102,0.04591436475494447,0.04458141012086261,0.04741748381039847,0.05010716604919503,0.04862364926777165,0.04480996429466639,0.03928337422701352,0.03308196544911521,0.03598059958768493,0.033554505374151104,0.02102656692028673
N:GGCTG,0.06034106099701275,0.03693989040151256,0.06854342536252568,0.06483013364910961,0.05770736242959329,0.06076639808725487,0.05550550112057247,0.052188437048697564,0.055206210769365556,0.0459392319062167,0.045527743000308055,0.044556391784917916,0.04769032068438292,0.04900815912411647,0.0484909718316626,0.04423675308122101,0.03897218210645015,0.032785435101473276,0.036290721433880575,0.033697436955434285,0.020776233124291693
N:GGCTT,0.06468066623618828,0.044688231829365585,0.07062648782480818,0.06271193649541618,0.06096972344985893,0.05829953304694921,0.05231762344998782,0.05206758510647896,0.051778558825386886,0.04611918580297752,0.04368711181224956,0.045679363201315666,0.042516507041672626,0.048594436517971185,0.048928250595129924,0.04555885503060392,0.03871888859245168,0.03385377396791518,0.033848296323791924,0.03427684142284706,0.020078143426633725
N:GGTAA,0.07613099714677009,0.057113906641677765,0.0708940786706072,0.05908091614311549,0.06433338234568993,0.0566097160851891,0.05041239233754736,0.05220970951072194,0.048913591511474445,0.04479166712939662,0.03988880266070463,0.04576406636125009,0.03666109465766794,0.04690127149306594,0.04675290176102434,0.046598757159172735,0.03754065175180676,0.03523381337308813,0.032316615677527714,0.03363017644892594,0.018221491133575848
N:GGTAC,0.08089328109015809,0.05429869888093923,0.07070511475462914,0.05913034165816252,0.06315567291521774,0.057328437766759915,0.05016751977953762,0.05252543617094801,0.05168799293185453,0.04393059121002142,0.04015431370436946,0.0439592323914328,0.0376457197933601,0.04753502162720514,0.0460967362128513,0.045784796389218715,0.03771919065002406,0.03344978671659364,0.03273437981568777,0.032914943785455134,0.018182791755573666
N:GGTAG,0.07265004770771383,0.053753161215018205,0.07054766602747593,0.06014228941444571,0.06189867437400995,0.05702739256500755,0.051624841360271984,0.05172025678792763,0.05110515150673003,0.04498050005094999,0.04141863287293074,0.04495919369331814,0.03958999157009328,0.04730196666944576,0.046964770400837436,0.04596059250201484,0.03841397326515299,0.034140195833217535,0.033067003862935276,0.03360800007410907,0.01912569824639413
N:GGTAT,0.0855156335558227,0.05689763244165895,0.07182393993975908,0.05766391718102308,0.06545315797272915,0.05662344989789474,0.04933819782825237,0.05185814143857083,0.050349345012770094,0.0441132770123295,0.038337613803585455,0.04458834185333136,0.03494044454024104,0.04538870130189162,0.045510736306919625,0.046558335505926224,0.03745087892938848,0.03479186295944396,0.03215820491262215,0.03309327832777176,0.017544909278067854
N:GGTCA,0.06695214684427331,0.050362860125391457,0.06981736665437338,0.06193039398921108,0.060873614661924376,0.05816583739115759,0.05240336231630401,0.05171108395476906,0.05235257440039005,0.045491126960413554,0.04253253552028704,0.045007860406678375,0.04112336619181268,0.04789730214590665,0.04832040455309759,0.045733736927971794,0.03864139980872489,0.03352119653204483,0.033878274648547625,0.03374896080110514,0.01953459516561549
N:GGTCC,0.07123270924883901,0.0526113800185076,0.06818100972124871,0.061337607349330164,0.059173711394698326,0.05876638390891095,0.052897461192412384,0.05184131563270784,0.05458739429150319,0.044539481957596855,0.042186201267875686,0.043693262863507214,0.04198429108734394,0.04835523365717455,0.04674295831982673,0.04532908603828678,0.038094388750747145,0.03263579962694213,0.03450459608695064,0.0320130344795452,0.01929269310604493
N:GGTCG,0.06222468276285079,0.047348590455403586,0.06576148864478201,0.0623202721110111,0.057612496714116154,0.0585285613006524,0.056768124138700145,0.05248253502951321,0.05373714522411719,0.04515401833722329,0.043166556473390315,0.04736850490293698,0.044851318734715664,0.04806551056660586,0.04973832415941117,0.042979360666576386,0.03812820124744099,0.03304205134741152,0.03667046368799637,0.03288273576714435,0.02116905772800051
N:GGTCT,0.0709525475565627,0.05221107955202773,0.0694121433213976,0.0610920673739298,0.06037725530394763,0.0585237921288639,0.0518980206121091,0.05141248127080194,0.053429310029314656,0.044710636081077004,0.04228118652493358,0.04441019765833315,0.041590914349457914,0.04783351294198979,0.047065414243936364,0.04490625409728596,0.03782404054271028,0.03310291540958136,0.03420054983386491,0.0331232484650296,0.019642432702845016
N:GGTGA,0.06755022938717528,0.051193293627228374,0.06970255353337758,0.061295571779555434,0.061664905508785416,0.05784057300217743,0.05241555175184267,0.0522914701738452,0.052696463711414634,0.04519516831429536,0.04205346642447107,0.04425818865639664,0.04048079610158242,0.048313218290425126,0.04811417833979576,0.045520109220898684,0.03842635449051594,0.0339394045248658,0.03382551146353675,0.03384188586532528,0.019381105832489143
N:GGTGC,0.064359507903479,0.047128828532836856,0.06892445584812248,0.06255276663775185,0.05928058321005424,0.059375034405151586,0.05417210630221253,0.05240187071311811,0.054741131293535195,0.04597223598428286,0.043764511730780484,0.0433716411155903,0.04415390561486279,0.048368862627979924,0.047878643541769156,0.045167952187993805,0.03796474478765575,0.032830192396504955,0.03461839109632341,0.033293756544221995,0.019678877525772718
N:GGTGG,0.06791280076688168,0.042287922051204234,0.06869573210499975,0.06300744266260853,0.059029462788875546,0.059600538684774565,0.0548396274729235,0.05162794565878726,0.05425016742707985,0.04575464746933422,0.04313767831531152,0.04454129357298872,0.04464284411554,0.047890418793853855,0.04756446489721655,0.04474351922237964,0.03877100498560638,0.03331237151157107,0.035125982494203886,0.03309584707888989,0.020168287924969323
N:GGTGT,0.0684602161604689,0.05255092821008672,0.06931605590882835,0.061468304855828604,0.061331816173421407,0.05792725919235608,0.052889016247375985,0.0519266317622395,0.05310593576048743,0.04535323932559271,0.042056968008375946,0.04502594503614687,0.04091805351818729,0.046895700710959796,0.04793015957685723,0.04477629609409084,0.03757930358042543,0.03363018461138852,0.03430044153392388,0.03338506207971844,0.019172481653240057
N:GGTTA,0.07411055262104936,0.04901259325376626,0.07144795190934941,0.06040358075521641,0.06472539414587718,0.05667650798235666,0.0510993941316716,0.05214445188922483,0.0492384621030426,0.04483425630195398,0.041151220851909115,0.04629790538604869,0.03818367351770608,0.0471369821175323,0.04724305050796815,0.04666725067417353,0.038291635986542574,0.035368599494754585,0.032902982936721205,0.03412134886793301,0.018942204565202465
N:GGTTC,0.06958455677320952,0.050530922512861516,0.07012343024544948,0.061029324482011794,0.06130032901293879,0.05795107136377991,0.05197777314905025,0.05193656254269441,0.052411828339906874,0.04554802267479232,0.042216234739197334,0.04520758723098321,0.040845534136492216,0.047794000721185614,0.04793286254694985,0.04524252665811099,0.03785866105844067,0.03363457390696706,0.03385675282818985,0.03362695890361869,0.019390486173169654
N:GGTTG,0.07078521332473149,0.04793047539674409,0.07018516767854324,0.060612521216182165,0.06196924934170998,0.05786583897021567,0.05222295750118368,0.05183611198900694,0.05199749539285981,0.045042187124847866,0.041847745042701334,0.04575496382519804,0.0407963796323069,0.04721018329278311,0.047722417380992595,0.04624425615501667,0.038328162867498294,0.034075235518905,0.03386282648001041,0.0339727887012631,0.01973782316729961
N:GGTTT,0.07524095434502219,0.05513676833730332,0.07034020062732031,0.05943954222894312,0.06380387651778649,0.05718737495544318,0.05044477386979579,0.051937365274574265,0.04937689956024032,0.04460919573326873,0.040718231111631836,0.04583097103583311,0.0387202487040047,0.04648107861759178,0.04746033574246307,0.04624501435250874,0.03720581328731528,0.03449417708146128,0.03295268487729126,0.03353899801517365,0.018835495725027577
N:GTCAA,0.07436172915905208,0.051062048799992064,0.0718783884114326,0.059990477157004056,0.06541765831154195,0.05658957080821315,0.05042681107610415,0.05210399127683164,0.04957830134761963,0.045231215085770445,0.04021531697408612,0.04597442414651138,0.03699296393146911,0.047027430823947204,0.04738415591213651,0.04694425855739611,0.03819400198239953,0.035661444618334676,0.03234790730183826,0.03419066898735095,0.01842723533096839
N:GTCAC,0.06258836093641403,0.04686689495007713,0.07007509620111542,0.062285348612500215,0.062413334237426045,0.05818175653913309,0.05296570663321524,0.05245164516621179,0.051893509179366346,0.04609135291824176,0.04269888627078707,0.04508272448339577,0.0410613483412724,0.04816243155735621,0.049173178959502295,0.04621976233662762,0.03886228407723212,0.034291247817463684,0.03453111491583462,0.034484497635232494,0.01961951823159465
N:GTCAG,0.06585973866985226,0.04708352461673388,0.07041664404174833,0.06184879314571928,0.0615348415515264,0.058181088200981675,0.05254707217102134,0.052309798481909114,0.05200078323353687,0.04569279145419811,0.04287742888782483,0.04499610851404472,0.041730222119107444,0.048174786132817324,0.0484252234107846,0.0459929212800932,0.0386351332895644,0.033921910300014645,0.03399661366676704,0.03400714453785108,0.019767432293903448
N:GTCAT,0.06807040890610774,0.050721814705308926,0.07139481681414188,0.06031011828424349,0.06415073415647576,0.05645483538045743,0.05173777493976679,0.05184151735807411,0.048500653756101575,0.04596969648187996,0.04085734165419075,0.0464483425360013,0.038057369557323945,0.048307478218563814,0.048064220134257,0.047800571298765644,0.038852966585997996,0.03602115629868515,0.032637007067005085,0.034894656728858456,0.018906519137793183
N:GTCCA,0.07371887327674194,0.05847908039118234,0.0693367573331466,0.05979124155258197,0.061813141857256046,0.05715588307152268,0.05064416914092261,0.051681568017365585,0.053117790819895226,0.04479386359156168,0.0409057108693981,0.043967293393603446,0.03858355094861489,0.04711145682616833,0.046682188325571236,0.0455721030274846,0.037994448431838024,0.03377597207623626,0.033400362138213804,0.03282724302305492,0.01864730188763973
N:GTCCC,0.06986856673061112,0.056,0.06789849273773636,0.061625650863250205,0.05888078925733078,0.05884001096190737,0.052135708413263905,0.05189279254590299,0.05411016716908742,0.04465398739380652,0.04199024390243902,0.043502987119758835,0.04166094820498767,0.04829991778569471,0.0467889284735544,0.044507536311318166,0.038145245272677444,0.03249460126061935,0.03483474924636887,0.032432337626747056,0.01943633872293779
N:GTCCG,0.058810877496276635,0.04890084693832,0.06627789478810309,0.061395926417414384,0.05726877609905161,0.06064516652666009,0.05522346266694262,0.05217172516506572,0.052910310571105075,0.0462833327246091,0.04396612246719991,0.047184244593514245,0.04460731199551979,0.04838546041872111,0.04998843423952081,0.04315449015287095,0.03886501337164238,0.03285081792246476,0.03679129280853188,0.033110540263050034,0.021207952373415793
N:GTCCT,0.068722135862759,0.05106222139748158,0.06945383415812578,0.061345473184065635,0.060435979041226565,0.05832667375985065,0.05189742671593974,0.05190084586685267,0.05292192866221369,0.0447762678600125,0.042468962657587886,0.044017527189243476,0.04182181063934081,0.04845465257852158,0.04767166701946087,0.045947482463641214,0.03813658761900588,0.03354218128773305,0.034101678709848676,0.03337433206109836,0.01962033126599036
N:GTCGA,0.0719473420389227,0.05814621438580957,0.06837631855285736,0.05834013266937665,0.0636308088587726,0.0571473522836622,0.05214572410184735,0.052153041772925346,0.052632349228534527,0.044996359458638696,0.0401630377116179,0.04670869449089133,0.036957897779452714,0.0468843185967634,0.04782098049474774,0.044348745568235454,0.037290851813501835,0.03352956887940844,0.03382959339360655,0.03393204078869859,0.019018627131729055
N:GTCGC,0.05665349143610013,0.04245950698189263,0.06662552468274142,0.06337334881055585,0.058406923608151994,0.06052769492239348,0.057094298406727695,0.052984997869432976,0.051716453365071434,0.047166345857149156,0.04383090644606727,0.047798169181715325,0.04565780644655705,0.0477295992085066,0.050668312346023675,0.04335581448883534,0.03875672842862111,0.033594389017049434,0.03689064558629776,0.033080114217983944,0.021628928692125717
N:GTCGG,0.06259202056669913,0.028715335504116948,0.06823540213602484,0.0642086313242108,0.06045402824642001,0.06052944822090838,0.05665351735807109,0.05324978111811752,0.05423024078646638,0.047271928357582496,0.044527297112070804,0.04738997701330343,0.04515033168393128,0.04762607432474529,0.04992146485265232,0.0450224456402336,0.039264294544512544,0.0335553303886752,0.03669345715325667,0.03381766073472171,0.020891332933279556
N:GTCGT,0.0574783968456026,0.04706420489399651,0.06803442321262043,0.06265535300813066,0.06068030877352235,0.05763086884217021,0.05440413589155341,0.05216315212804811,0.05049305188657502,0.04761026739333166,0.042954552707441696,0.04898251536244012,0.04181633152376258,0.04670607299508189,0.050978834759360186,0.045543030788705724,0.03950443055255142,0.03518557260326432,0.03506501335016435,0.034288469925785145,0.020761012555891623
N:GTCTA,0.07205776799557632,0.05598031030781408,0.07074497728529454,0.060079582786698615,0.0635504331515434,0.057258839218917716,0.05037872298901671,0.05156400776311652,0.04922292938382973,0.04480228990252735,0.0407463867896911,0.045662304431264976,0.03884507378213399,0.04761045635415424,0.046668473723585346,0.04621352907373876,0.03800631024276003,0.03505068794656894,0.032866606672376966,0.03397426028125034,0.018716049918140323
N:GTCTC,0.06888081017325004,0.050240289191149964,0.07004090562731848,0.06124151886951721,0.061641620620268935,0.0581413719469071,0.05241447005197045,0.05235287206325885,0.05210762081190712,0.045194672458398547,0.04202922026071919,0.04511339733440407,0.04100800545712552,0.04793606813193833,0.04729071512983487,0.0459170229463915,0.037900443961800125,0.03389087117807294,0.03359599932470353,0.03360398424916614,0.019458120211897082
N:GTCTG,0.06488644589214622,0.04859110081015618,0.0699667422998042,0.06174627866403111,0.0613399825533376,0.058682092578672386,0.05275527343931253,0.052029682526425196,0.05230634668745418,0.045688157149883536,0.043011706896071714,0.04516469927707713,0.0419749413031172,0.04857051050047793,0.04827267602104736,0.04552198465064915,0.0383321965162356,0.03358482511576974,0.034277065527065526,0.03374229748415416,0.01955499410711137
N:GTCTT,0.07254302730549596,0.049250034690776906,0.0713032585571215,0.06033111556692059,0.0645190316508791,0.05754043529152764,0.05068922801457796,0.05233163725554376,0.05034244662359534,0.04533661174866033,0.041134035809980984,0.04601500916367298,0.03849728400915685,0.0469211398390904,0.04769128772416624,0.04635193306613642,0.03826752869982507,0.03487958572261583,0.03278499579034689,0.034332115975627235,0.018938257494282025
N:GTTAA,0.07330291445594864,0.051225997290630376,0.07216710391291441,0.059574864041782756,0.06722453863112038,0.056416067556428875,0.05079578314796202,0.05223183946306864,0.04638476966590971,0.045297555991880935,0.0397209710935275,0.04721468363814997,0.03656857884672472,0.046722687429459196,0.046989781849031756,0.04737290600235375,0.03855803671662977,0.03711218568373911,0.032053213948280875,0.03457949769673444,0.018486022937722172
N:GTTAC,0.07268025663355075,0.053299447278155936,0.0717099943128299,0.05958643609931221,0.06552408605399257,0.0563563012067464,0.05089295235217801,0.052554672365685035,0.048368159845024614,0.044677608544973074,0.03976298274299323,0.04649650327900901,0.037333161533403235,0.04674753852169122,0.047509530453018645,0.04691582099632111,0.03832452858691596,0.03591192439618249,0.032475185277338406,0.03408914194821121,0.018783767572466987
N:GTTAG,0.07444084613794529,0.04755736236477641,0.07184822802544845,0.060033992512460096,0.06590872551046188,0.05720893911206045,0.05016238315073842,0.05315556168033257,0.049076460185121386,0.04500562713888698,0.04109143526493489,0.046295964537541055,0.03759755621396908,0.0470176163899033,0.047365350605204526,0.047203656491880845,0.03800087278072533,0.0353329199108845,0.032502354211167,0.03440409747582627,0.018790050299731277
N:GTTAT,0.07968553213828275,0.054183511145917,0.07253034594847203,0.057902785970160894,0.06768866190666677,0.056293378165275104,0.04971113148996372,0.052507145349577664,0.046871974594619406,0.04450808138088087,0.03818710892995262,0.04671148250170242,0.03435048504852211,0.04638946288301093,0.045720573257047245,0.048197328652256434,0.03835795535144489,0.03690903963947609,0.03171634385896852,0.03396426859266382,0.01761340319513871
N:GTTCA,0.0719730052936225,0.04923059793505829,0.07140169197572496,0.060406496422599064,0.06420338754117152,0.05730747151875341,0.05166187377991295,0.05222041012264984,0.04967505414243224,0.04522501622219525,0.040834908399735574,0.04589945798246086,0.038967036316726614,0.04765781313552142,0.04723373924566564,0.04698154609309,0.03818033970326388,0.035187485378729316,0.03282070283706649,0.03405185565790318,0.018880110295717005
N:GTTCC,0.07439858395130984,0.0505871497316549,0.07038015152385017,0.06003819568614241,0.06260059915073048,0.057993529836143136,0.05158146879774893,0.052310520829514574,0.05162781271248166,0.0447526583768701,0.041154779683104464,0.04491002017689542,0.0399024564349909,0.04743887618081874,0.046775881520052735,0.04594791635684261,0.037887879544556906,0.03394138393996596,0.033416729323178254,0.03330847823876523,0.01904492800438261
N:GTTCG,0.0649151132638583,0.05171485884828025,0.06657207625943866,0.061930622828905525,0.05896244108485412,0.058469918619632404,0.05464389973416834,0.051264738979402126,0.051163625095813556,0.045605623236622796,0.042624394539850285,0.04755288093024773,0.04438573315719947,0.04646019863985518,0.04942838038390658,0.042774434496142995,0.037676337720371184,0.03344260156237259,0.03534745665965393,0.033498051111437284,0.021566612847986694
N:GTTCT,0.07424791551120119,0.05703714814259287,0.07112667622432832,0.05951074539296291,0.0642574848001786,0.05679343939779755,0.05007354283448618,0.05215390393271034,0.0500514509158263,0.04470590423967174,0.040338215647357165,0.04533819820636875,0.03726302056990174,0.04660859980256801,0.047112528094525506,0.04619466701083551,0.0375304490589424,0.03446199783034104,0.0326579019886215,0.03394853513138297,0.01858767526739942
N:GTTGA,0.0783674295771521,0.05492280615135429,0.07142326879940611,0.05884137299023377,0.06565020255282268,0.0564345375206682,0.04977276077454921,0.052289708256447326,0.04978767917622007,0.044696597006018864,0.03948261562205295,0.04571033791955785,0.035672739995346876,0.046161086770041715,0.04675569163663746,0.0467610196372342,0.03779506023304675,0.035122179933684154,0.032202790806712574,0.033990867806977194,0.018159246833835647
N:GTTGC,0.0699873750629228,0.04783585966669089,0.07065280884660836,0.06065461240904796,0.06272305625768869,0.05701572329583539,0.051629801312024375,0.05192213994029401,0.0508706899568491,0.045636051867225504,0.041499164169944036,0.046332173131226666,0.04016991173311583,0.04746491801866552,0.0483058626546824,0.04668642509697513,0.038540245015303363,0.034787220010390675,0.03314247874084423,0.034754917399532154,0.01938856541413293
N:GTTGG,0.07338172167321785,0.050189498657927274,0.07040388562007494,0.06054550337421066,0.06315496954665373,0.0572054010348824,0.05141416694551716,0.05201411438279734,0.0521383404829164,0.04506535154550194,0.04166170001622838,0.045454186419574015,0.039042539899556375,0.04686662999722825,0.047266594955415034,0.04612989023582853,0.038048731098603926,0.033934549360845945,0.033266744313963155,0.033632241914891475,0.019183238524165206
N:GTTGT,0.07630634109846028,0.05835088240795268,0.07083906688465243,0.05857071984053513,0.06494748278752682,0.05706258777615231,0.050250877650717916,0.051800967934760286,0.04944214774080103,0.04416339003504102,0.03970754529936451,0.045602084200691485,0.03714573005677065,0.04571643512328477,0.046608785992100624,0.046627105778149165,0.03733572396691919,0.034635623887700896,0.03265324574899706,0.03382689397778401,0.018406361811637732
N:GTTTA,0.07624489079371873,0.05350808021206451,0.0723253346352624,0.05890119901586554,0.06766770631669865,0.05624608983826954,0.05016136902202427,0.05265899603253943,0.046409048024602786,0.04474243346952146,0.038854493648936395,0.046506864816906184,0.035458730636362776,0.04651145446111983,0.04666520754227708,0.04820503317595635,0.03795750505793135,0.036602986309378166,0.03208276046446052,0.034259112380020246,0.018030704146083786
N:GTTTC,0.07601914122483001,0.0561203049299321,0.07070023244333419,0.059173821472604186,0.06524017077266943,0.05679679689612487,0.05016682832682971,0.05217248932670816,0.048873133569332365,0.04445075649514151,0.039829425788062284,0.04551300020589964,0.03720011212848138,0.04634031986385816,0.047148289916623044,0.046783376208420054,0.03757147570508225,0.03492231629658479,0.0324951812040912,0.03401338099620698,0.01846944622918367
N:GTTTG,0.0730530956006869,0.05641413303285159,0.07097918479352118,0.05987363080170131,0.06457889616968294,0.05689685365176085,0.050754657818469544,0.052486125793417576,0.048777932928880996,0.04466518076122245,0.04026797641499487,0.04578854911510388,0.03819223191127109,0.04637418595333426,0.046705855818273335,0.04704027622804951,0.03740282554302631,0.03481845945651068,0.032618252798908585,0.03365360371800314,0.018658091690328994
N:GTTTT,0.07905954320882254,0.06359664589218303,0.07082349360247364,0.05821789822606449,0.06625691812576791,0.05625606437986496,0.04902164431460908,0.051852665728783484,0.04657354649760023,0.043873630758608916,0.03850587043106744,0.04592380874606999,0.0359274093266172,0.04537369942947502,0.045928708505165165,0.04705595005215274,0.036831489118451674,0.03547588910211914,0.031799733482800734,0.03368242879573573,0.017962962275566905
N:TACAA,0.0799587288056046,0.05871882463284017,0.07182807565626127,0.05761522140296799,0.06709020990503713,0.0562154086885969,0.04948729258834832,0.05199888153676254,0.04696728296897008,0.044151063865092925,0.03792670202192693,0.04572176666667492,0.03466592102450836,0.04644668736995945,0.04577650102794102,0.04805949352636153,0.03771445158027512,0.0363190968681791,0.03205551302566348,0.033703983200266095,0.017578893637762053
N:TACAC,0.06647376272682469,0.053561915750804975,0.07127187990284128,0.060204107743951095,0.06311295381970072,0.05650366206207377,0.05308469617297149,0.052365875875719524,0.048725913455099655,0.04585927273198571,0.041096714396378714,0.04701177795199025,0.03973052380830528,0.047192895410151287,0.04734510054012882,0.04622350160197561,0.03783626782386876,0.035384037138051716,0.03354295325142393,0.03431394866965073,0.01915823916610199
N:TACAG,0.07514703694958404,0.05147557304033778,0.07053797286596995,0.05942717811291004,0.06465502218133568,0.05739509580658131,0.050832984384948404,0.052250213909859886,0.05050113569813158,0.044682002068654386,0.04008864679861743,0.045425716211446525,0.03833613228391913,0.046986534110461435,0.04674059299789453,0.047215293708178355,0.03766629865498193,0.035208114780373605,0.03296126353842008,0.033809539471584965,0.018657652425808992
N:TACAT,0.07647734776271417,0.052282626970980406,0.0727529274739889,0.058553482945033146,0.06653326990069196,0.05596195895615942,0.05133766883357402,0.05230411765771741,0.04648962273731512,0.045119064725313206,0.03835265879826608,0.046947037256001696,0.036039670964944474,0.04732565258998593,0.04594371715559384,0.04812923571954401,0.03840638551510858,0.03711315183675843,0.03212478419768735,0.03386932229751454,0.017936295705107325
N:TACCA,0.07922727728982021,0.05535406486419653,0.07143151528607505,0.05900948121538772,0.06427290850557353,0.05656256585100605,0.04999424998155341,0.05191036884540294,0.050054409134087104,0.044282786571945364,0.03950927414824944,0.045168555309527146,0.036504640231649295,0.04671540998296266,0.04680980334936913,0.04671208627287793,0.0376646150512217,0.034779302326663535,0.03220442412401959,0.03361999224910808,0.018212269409303598
N:TACCC,0.07863874226515045,0.0515355073644483,0.07103509622853851,0.05971228064857163,0.06309231043224214,0.05733924964854511,0.0512674164371,0.052094424845492475,0.051457353648878566,0.0445158827296393,0.040579777418218055,0.04443488706077612,0.038387210452325286,0.04712905878296192,0.0460230652929296,0.04543051803124633,0.03818211615631501,0.03410580781575048,0.03325180085107028,0.03318548860755657,0.018602005282243855
N:TACCG,0.06696440465723497,0.046355873497988434,0.06893267258146164,0.061309381077984705,0.06250166520128954,0.05800895212213252,0.053103269123171606,0.05277688967042336,0.051328164548530626,0.045919590760131086,0.04241600724695601,0.04799110116430874,0.03896904057762502,0.04706191884474995,0.04911344683345323,0.04601284203234487,0.03901566621373192,0.035262302507127065,0.03390682865744811,0.03372032611302054,0.019329656568886047
N:TACCT,0.07996249969951683,0.059669708891898175,0.07088550389025552,0.0581235426565918,0.06402358993261165,0.056697249176676096,0.04982315563425989,0.052060994078478195,0.04996706704380644,0.04449939502720374,0.0394862138318416,0.04458529315138743,0.03656375451726376,0.046290114504122626,0.04576607184352439,0.046442359313776556,0.03746856945969118,0.034399634612456834,0.032246091715478487,0.03311436790358897,0.017924823115569838
N:TACGA,0.06099002898849669,0.04603535344233794,0.07009912076821358,0.060916360636052554,0.06544328089374445,0.05592164634034042,0.05202459049604585,0.05230084681771135,0.04765605719610884,0.047092494299911226,0.04156736786660135,0.04986242435181058,0.0392468147646112,0.04751977074408719,0.05000976105669885,0.046889906330689866,0.03985089525465308,0.037401422535885694,0.03329072846950314,0.035515512713315926,0.020365616033180226
N:TACGC,0.05357961889671851,0.03717216361589459,0.06926260267689613,0.06273714714589501,0.06213255222449235,0.06086081807947296,0.05497122962098153,0.05230788475169912,0.05089542592669808,0.04754409373306092,0.042603093858149525,0.049566359504649125,0.042707334361839634,0.04712191969311596,0.050827669599299505,0.04663198932577242,0.039684359754826336,0.03612454655380895,0.03529583454947254,0.03610891047825543,0.021864445649001377
N:TACGG,0.057375725682747285,0.04455380143998943,0.06839215858966173,0.06244724809359197,0.061353678138142104,0.0580729682717925,0.05412070370125724,0.052028975934121584,0.05070421501493567,0.04719965358052418,0.04332078296673052,0.04926569346280027,0.04322170112512936,0.046344613984484515,0.0511592575467336,0.04504554095015816,0.03897586072762769,0.03517405376841271,0.03508231132248571,0.03499790827223286,0.021163147426440907
N:TACGT,0.061547845164462316,0.044829113645165855,0.06993620026299129,0.06134376021874195,0.06482711917865086,0.05746614625005508,0.052816256293585474,0.05253795864033043,0.047558749794175695,0.04693258007435186,0.04110456338576925,0.04961815242826298,0.039230692520518654,0.047025345958770205,0.04960191839848977,0.04773268582746009,0.03976873465014506,0.03683965184963578,0.03398246260955071,0.03491012145373418,0.02038994139515252
N:TACTA,0.08715407778213485,0.05969735551934608,0.07232588224038747,0.05724735478196355,0.06779268130818468,0.056261152910827006,0.04891455400268256,0.0524471835579577,0.045872378368751014,0.043356958565530054,0.03682185858969351,0.045501040087517854,0.033011670685716595,0.04548175469816664,0.04449214952302694,0.04833637046703541,0.03760613108997617,0.03633216095812839,0.031084266185263013,0.03316406307608011,0.01709895560163041
N:TACTC,0.07864547886296866,0.05476035106710566,0.07182521999405572,0.058660409644245896,0.06575521021196186,0.05642656359948076,0.04981860048865125,0.052415616558409574,0.049361855440192164,0.04428736848483899,0.0392132937542588,0.04519137741197868,0.03610470674123538,0.04661602622738895,0.04640414269407851,0.047096268087907754,0.038118424757230526,0.03524934033730704,0.032130859929732164,0.033840356063269905,0.01807852964370176
N:TACTG,0.0756475836862223,0.05287586460917988,0.07120709358117142,0.0593534112310693,0.06542745457168567,0.05655363906875741,0.0502369726897646,0.0519744141793463,0.04862035421660929,0.04455242888458211,0.03967847399553248,0.04571767080580485,0.03693471681657731,0.04759449841676255,0.047250918140940866,0.047587333709589015,0.03823478550006562,0.03544836574657714,0.03234018550729546,0.03435216554902663,0.01841166909343983
N:TACTT,0.08003319389136214,0.05669591341142186,0.0722465966412673,0.05820212204536379,0.06761080980969535,0.0562909663551158,0.049797743910253704,0.05230749474374628,0.045734203803227964,0.04447561914307268,0.03799979177074932,0.045765156799951294,0.03493621252481036,0.04643409966302163,0.04573497123289879,0.04806028313550276,0.038241787926949905,0.03645930461151047,0.031203434605910796,0.03402859903411302,0.01774169494005479
N:TATAA,0.08359456655157912,0.053523017350467675,0.0735085689115541,0.05702671632170465,0.0695370518919196,0.05621676835317225,0.05000014239591571,0.0523718887679051,0.04452815214718801,0.044320254110258105,0.03654486752907962,0.04695894535888992,0.032925922796731726,0.04616665448390499,0.04443436070404338,0.04926898683407364,0.038974901295897764,0.038347409960689235,0.0313115328350742,0.0334300043383289,0.017009287061622306
N:TATAC,0.08206232682986928,0.056282094634445556,0.07249389890665262,0.05725623805666743,0.06643933376847039,0.055737845652168216,0.05041364233306858,0.05192515380522112,0.04613566839410835,0.04459761618290436,0.037450293455381416,0.0465426263928973,0.034659256230192746,0.04604523328326636,0.045453800764897544,0.048164232782596614,0.03812069286401443,0.03687098448448055,0.03221128263200249,0.03360254161981079,0.017535236926883867
N:TATAG,0.08430493567630797,0.05497204432366819,0.07264332277269751,0.05748710127836556,0.06718513943258742,0.05634866314751463,0.04970762500163954,0.05206319926453141,0.04660769881082551,0.04418475428933916,0.037796205563948686,0.04564662928114145,0.03479137279123924,0.04675406516909935,0.04496219514957986,0.04745191373268197,0.03802305851434867,0.03634267732984836,0.03168637892610615,0.03350269302175284,0.017538326522776513
N:TATAT,0.08789444104488378,0.052544766429494,0.07359694867932874,0.055740536410561314,0.06853260958368732,0.05538764639204156,0.05073028347353724,0.05254818639736911,0.04430923045529526,0.04479549922094399,0.03545886025643932,0.04781609084751997,0.032956077099249116,0.04601693441426274,0.04325170038902768,0.049484908505092774,0.0392138583178242,0.03854316461787369,0.031321205789473616,0.033226127895905296,0.01663092378018929
N:TATCA,0.08411229780808366,0.056065738298132044,0.07245578717144094,0.056902769521622966,0.06785659359767074,0.056259962296490225,0.049416061326675295,0.052378041275286544,0.047610724951949394,0.04424136080651835,0.03715640712727865,0.04554514377309928,0.033241475703191956,0.04619665141449576,0.045509062635064365,0.047804437161115584,0.038041546534816124,0.03654533083204896,0.03171864696244158,0.03366139873521537,0.017280562067362205
N:TATCC,0.08659883570014439,0.056321146396184664,0.07114885162543164,0.057655503063688524,0.06539785857503055,0.05646356196059228,0.049562370300110986,0.05232474116146558,0.050287426880481774,0.043661244585753115,0.03829996506258568,0.04457116077805201,0.03437161061480028,0.04602478171131593,0.04510644686496339,0.04693083935384024,0.037649624036941054,0.03493986976342179,0.032084893707477025,0.032982883473199914,0.017616384384519217
N:TATCG,0.07054836516801515,0.05247724031297069,0.06951201631499673,0.05936179571598043,0.06501339589192648,0.05653932793943191,0.05184410114231636,0.05228729856177439,0.04873838689468563,0.045912586806712605,0.04011436492808872,0.04842848193220746,0.036322194527011714,0.046895618676939074,0.04785865667861856,0.04645242125748104,0.038721458752649186,0.03608893272729696,0.0330132092824867,0.03479266358316783,0.01907748290524239
N:TATCT,0.0793563133912729,0.06101986795619112,0.0721950230151745,0.05726066748568447,0.06636636474717318,0.05603836221878061,0.04958984130354896,0.052200356861707375,0.047613082938410246,0.04474707364275173,0.03793646501187465,0.045863614456632014,0.03458373185102724,0.04629911514555263,0.04520621579764232,0.04686630294755161,0.03814986034944575,0.035667713803878696,0.03180938508132249,0.0335549133187724,0.017675728675605077
N:TATGA,0.08139480013395439,0.055640038156706345,0.07235059518373063,0.05776123643965456,0.06751326858870926,0.05585923625698948,0.04994976710201845,0.05209075410235334,0.046349489045169015,0.04438127276971007,0.03747551780477162,0.04603540658203185,0.03417562232979166,0.046949239402888136,0.04562948417410012,0.04823702824205153,0.03845886483798622,0.03707035650135477,0.03148587897423408,0.03378822013172182,0.01740392324007266
N:TATGC,0.07802265404633488,0.051827622121773616,0.07292010893297612,0.05857950454969256,0.06608966907035206,0.05642046594516765,0.050511324072653456,0.05280166054926768,0.04772825176145685,0.04530256045603144,0.03877639234754694,0.04588934392371151,0.0358601780930238,0.0472974767204447,0.04571821411289847,0.04754273819499357,0.03808007104837663,0.036490481641902016,0.032054383873670794,0.03408470630583848,0.018002192231886795
N:TATGG,0.08058562423843411,0.05538312008946549,0.07125329103803259,0.058593650890718996,0.06458826812843944,0.056557061899163964,0.04972549473726668,0.05217746851435371,0.05011062832071999,0.04439445225482051,0.039179535354547344,0.04497182734825769,0.036042192945419674,0.04667500255346168,0.04605469026997734,0.04677941799289455,0.037821809360177316,0.03546514313372528,0.03210595857602062,0.03347181661396018,0.018063545740142826
N:TATGT,0.07582988083821199,0.05246421281197787,0.0730517480098244,0.05877112349153453,0.06619165997598242,0.05613879527883889,0.051574268891264964,0.052222353186998055,0.04674415614334928,0.04544856158580315,0.03858981296444128,0.04731417182595598,0.036282005261212225,0.0466370031449405,0.045883105263278746,0.04775579525511216,0.0380932736236006,0.03670487691564686,0.03240880705801493,0.03397802445078348,0.01791636402322771
N:TATTA,0.08525287811862771,0.05850663037989248,0.07301548047481767,0.056593344690262656,0.06951811089306376,0.05597109736063258,0.049578230172783004,0.05208899315388107,0.04458407110758826,0.04401196312939868,0.03585482999763486,0.04665476639456913,0.03222402182320266,0.045959007983942625,0.04386534048415037,0.048858300999111474,0.038341422215687905,0.03807254744660858,0.03116250583294447,0.03321482334967623,0.016671633991523854
N:TATTC,0.0823652882448164,0.061306854415003345,0.07215995786505976,0.057047146209791726,0.06767382599199126,0.055771738092103056,0.048890730571326035,0.05214018129384215,0.04633010350427417,0.04406354320767723,0.037199059192878366,0.04554265517250282,0.0335326481241948,0.04567897409682258,0.04503791370082643,0.04786498230177602,0.038189178652663,0.03691686869234523,0.031406795808193076,0.033674647003694554,0.01720690785821799
N:TATTG,0.08437769935352793,0.057922450807086905,0.07245777656691862,0.05726351815127151,0.06788722325356447,0.05606682675351061,0.04934761443146995,0.05195324957285535,0.04714826829541303,0.04380846179352176,0.03691184452568465,0.045393754501122506,0.033139349472959476,0.04576414012456362,0.04506904009140578,0.048302984415820295,0.03789443560939655,0.03675476722992737,0.03178663676126152,0.03361744524206271,0.01713251304665539
N:TATTT,0.08169079190952645,0.05643710550294979,0.07284629829575057,0.05758553948684068,0.06928149713224062,0.0562454411826653,0.04996508139913845,0.052207631543357814,0.04402836498916969,0.04429751534755647,0.03669423942853216,0.04659815230717727,0.03382758857685085,0.04614265855816109,0.044377994408589756,0.0490211706488652,0.03832000514356533,0.03805783850535086,0.03155854463705717,0.03365100022392246,0.01716554077273201
N:TCCAA,0.07908465098772839,0.0605416854548097,0.07044505539551991,0.058821871634438014,0.06423076063098349,0.05646830735290281,0.04958066728030916,0.05154294131018883,0.05077596583477117,0.04411890751761738,0.039386624581226264,0.044668810067711846,0.03638976049310025,0.046128695363769505,0.046277292495052975,0.04625446723037307,0.03751052757105645,0.03440862068323004,0.03213680811498716,0.03312970712856307,0.018097872871660522
N:TCCAC,0.07572508339469991,0.04943890371618985,0.07035830988633349,0.05993351126094489,0.06368843654979348,0.05797460487725974,0.051688964373330155,0.052659762394275667,0.0530888318498938,0.044853082021223616,0.04101075369511948,0.04408887299742757,0.03847351162985381,0.046950754915356684,0.04681056952443383,0.04608240006470095,0.037958458017455066,0.03388371706955778,0.03339760861884756,0.03331729998396665,0.01861656315933602
N:TCCAG,0.0719141778772362,0.04812308947388787,0.06977833866453419,0.06133917400781623,0.061159004140279374,0.0587035347151462,0.051852041441487924,0.05207977292953786,0.05357897163715159,0.044778258051618065,0.04241851646438199,0.04422243199494396,0.0417713962801976,0.047787941275102865,0.046965891062929664,0.045818567734196645,0.03799951793476158,0.03327983322799912,0.033877174936477024,0.033260486128129395,0.019291880022184675
N:TCCAT,0.08005547001694216,0.0534882410028752,0.07125563589089845,0.05903149791908599,0.06487591382438015,0.05716659847228825,0.05055686819879331,0.05220043155610111,0.05096366934635097,0.044656280623414875,0.03946345609109823,0.04452205989595036,0.03583969354313551,0.046655597891256374,0.04590881031950446,0.046774445319539934,0.03779032869690398,0.03492419386755154,0.03240908270283097,0.03355656152118401,0.017905163299914147
N:TCCCA,0.07143501919708728,0.04962530202336288,0.06950591177747037,0.061445758494094005,0.06073703512363618,0.05821364115875342,0.052137541496259425,0.051924573325189176,0.05299375203853505,0.04503874017036214,0.04209312802733429,0.044482048394383175,0.0416384791965626,0.04796348928208244,0.04694326639467609,0.04549008396647125,0.03824420859808899,0.03359154605183658,0.033867723010828736,0.03314763858371828,0.019481113689267665
N:TCCCC,0.07085806828160246,0.04465892546154299,0.06974611987290912,0.06162762347733222,0.0606886386712853,0.05827904813009741,0.05379610829126628,0.05213593444762482,0.05297114109208388,0.045178646494774974,0.042583362229785884,0.04485983998237708,0.04194021436970541,0.048033791276380064,0.047422745460950766,0.045407788675560966,0.038751872503962254,0.03370991430137787,0.03431265786388014,0.03310772422240407,0.01992983489309604
N:TCCCG,0.0623802578012984,0.04342177788254143,0.06672952485941092,0.062247333991453886,0.057928196330239455,0.06135940294169253,0.05549480445135255,0.05202106222074923,0.0540007408287002,0.04570806741186708,0.04396410702670705,0.046925649510042834,0.04512143033108663,0.048215896624266924,0.04936613065878812,0.04338101458085578,0.03862943145828053,0.03287826128567454,0.03655227538977692,0.032903073730178846,0.020771560685036147
N:TCCCT,0.06941370337123802,0.05071804485694194,0.07012320103959738,0.06089973135092569,0.060938821573590075,0.057597518965846896,0.052188282817153354,0.05253442370074632,0.052345858947893745,0.04534769639089899,0.04229562092286952,0.044848435256869344,0.040513876421425815,0.0479434492078255,0.047488949416846796,0.045978811073915764,0.03835317955415272,0.033988037176624616,0.0335489304266951,0.033531511985507856,0.019401915542434565
N:TCCGA,0.05355246193080807,0.04799756902437224,0.06702506517627413,0.06322808572029012,0.059113034686841495,0.05823549792401497,0.054926985533423074,0.05107888743106082,0.05216657862899791,0.04672244278971493,0.04408699257643658,0.04767381759731002,0.046100499258779626,0.04696383639761219,0.05104764825827412,0.04467769693458517,0.03941815620722363,0.03378942525601922,0.03629991877815075,0.03393710134555637,0.02195829854425455
N:TCCGC,0.05838583514151023,0.03373501294125984,0.06595824376811692,0.0640077748794455,0.05807537988587395,0.06366694900097523,0.05676269407671619,0.052956242681523526,0.05285500727207691,0.046213964412379065,0.044722429379865626,0.04735117551182936,0.04850863369316897,0.04743216383938665,0.05068856950991938,0.04377081653106746,0.03919497602408053,0.032128744444706904,0.037821548969254805,0.03343468122656822,0.022329156810274718
N:TCCGG,0.06542159501381117,0.042655287201643174,0.06729628514767334,0.06169213471209009,0.05832123379842765,0.06026453714852326,0.05558113180820171,0.05233196402011474,0.05322836249026135,0.046552960549614,0.043082459805935266,0.04657730717472909,0.043934591684963525,0.04746263899709611,0.04941258233585948,0.04479557688221546,0.03838356115872229,0.03315125008853318,0.03646681776329768,0.032929917132941425,0.020457805085345986
N:TCCGT,0.05347207557415412,0.04805268125342079,0.0676874808758948,0.06288005792179696,0.06058085563940234,0.058585484211569706,0.05524765446889936,0.05201756616401695,0.049944620900976996,0.04767989587867452,0.04399513870632701,0.04856337566853562,0.04369561750927654,0.04720798838116335,0.051265530928257134,0.04390894555609666,0.039291147532505594,0.034210061326426386,0.035658106250296286,0.034632407762555106,0.02142330748975379
N:TCCTA,0.07617214646888255,0.05776618179203911,0.07084192048695152,0.05925135996549163,0.06401213784178869,0.05674950274389513,0.04981577559970284,0.05230265522777924,0.049801097558053155,0.04447236933547413,0.04000635049965252,0.04482074816075152,0.03708422200388219,0.046738179683193944,0.046488353423278776,0.046609072827050735,0.03792356634474826,0.03471147163842891,0.03243667473459704,0.033631886697500536,0.01836432696685758
N:TCCTC,0.06859400280003976,0.04815757662912898,0.07073157760868479,0.06080476146182869,0.061867772713574735,0.05794516758112457,0.05227776601522952,0.05253351014999473,0.0520702228778266,0.045942521704889196,0.042123289785790385,0.045364707269566866,0.04057010227574436,0.04773771009012192,0.04753176037411941,0.046360994000170894,0.03835305557475407,0.03405340710343277,0.033774359180686615,0.03366520981475879,0.019540524988532346
N:TCCTG,0.06870153113826352,0.05075389142220353,0.06946180851310686,0.06117553974505617,0.06059523870162735,0.058214797035182356,0.05205994607878926,0.05183525864617427,0.05330299015393636,0.04524838903261213,0.04274739718191777,0.044304928200951686,0.04183657356758932,0.04801613825502571,0.047829181709499714,0.045786054173630374,0.03793689773250574,0.03331599599071594,0.034278133611485434,0.03338032715320268,0.019218981956523832
N:TCCTT,0.07494671407546137,0.05376203445209685,0.07131775818892465,0.05921565709723652,0.06425161729672248,0.057060683162437675,0.050101959238104087,0.052398154892424276,0.049973216842791005,0.04503946072890943,0.040392097207301005,0.04516346414034596,0.03778028522680224,0.04684501358587694,0.04716252550560614,0.04692715597307057,0.037867798462389295,0.03467056400700674,0.03245271955277893,0.03399178354975483,0.018679336813959023
N:TCTAA,0.07682321450018857,0.060945815033804245,0.07159670834152525,0.05814258600364295,0.06682333945081395,0.05601842537221899,0.04922901639122704,0.0517614340659775,0.046106525763161446,0.04440974727078509,0.03864901343831226,0.04572121883470027,0.03538142708404256,0.04659434320468774,0.04614044093290687,0.04746644756957009,0.03782331930571312,0.03626806652167294,0.03174179386767831,0.03421148122846355,0.018145635818907272
N:TCTAC,0.07588570763851074,0.05548886863210913,0.07071421193605677,0.05907358325386057,0.06458068633045091,0.05689882072783345,0.05067838484605683,0.052067277913324383,0.04960370585417592,0.04466185384298856,0.039662841611704275,0.04548817000719684,0.03736974740196772,0.04661466089448725,0.04630245244085839,0.04699673183934568,0.03808508582891177,0.03496600972525991,0.03261909799835606,0.03380609180867304,0.01843600946787178
N:TCTAG,0.0759792808549969,0.0581685801678999,0.07132056536483679,0.05950768916139141,0.06374483330174865,0.05658056957136572,0.05018964587700465,0.05166621713343116,0.04959754784467438,0.04469421687993728,0.040528406163330276,0.04470983063363368,0.03785478045684619,0.04683452574447755,0.046184564977860616,0.045811671801346515,0.03764047403356222,0.03440965162653983,0.032228318389542335,0.033643965391349555,0.0187046646242244
N:TCTAT,0.07815316038710086,0.058979981524286754,0.07236817336115255,0.057921552453392214,0.06639217562265132,0.05629668515585134,0.05000545592959575,0.05207807105555966,0.04693567129311062,0.04479350104130617,0.038159175735598634,0.04620034386182396,0.03497218964853816,0.04692099452343784,0.04555477870302875,0.046911635423936365,0.03820767288756084,0.03594255810139606,0.031771803032646026,0.0337033935456672,0.017731026712358926
N:TCTCA,0.07215986196283256,0.05074768577890736,0.0710686221932054,0.06031384801921328,0.06392333341105697,0.05758724088884744,0.05094560123114231,0.052449833282812976,0.050555926038193394,0.04493837293352298,0.04117033133583604,0.04537319001095903,0.038885629677991,0.04759540187003054,0.04702403991885653,0.046640893510854105,0.038224543567980974,0.03491631496723949,0.03265399771492527,0.03396385851190337,0.018861473173688997
N:TCTCC,0.06729428023427694,0.04956199164393466,0.07064838631885734,0.06125113098472397,0.06146696503631301,0.05771018653003575,0.05193575782153403,0.05232066528345014,0.05210483123186111,0.04571210024501351,0.04269675356590728,0.045303301975116395,0.0409555833124544,0.047814287152401505,0.04819674427503751,0.0462136030176745,0.038282671547742515,0.033898401990818984,0.033572098476685325,0.033691552516590326,0.019368706839570773
N:TCTCG,0.0620054099294365,0.0512917717427335,0.06753987396366154,0.061607998051399826,0.05988465898581221,0.0588682369014327,0.05357185371580106,0.05169467779419925,0.05183020073878319,0.04571884849450491,0.04319519149941487,0.04722608340521543,0.043180540370270665,0.046821345962606654,0.04980651352573929,0.044568734856684486,0.03797938952407638,0.03364814947081953,0.03511143099409743,0.03402358465513989,0.020425505418170696
N:TCTCT,0.06694043642721777,0.056483433046227646,0.07126883955446756,0.06023711383927089,0.06226877364125533,0.05709821426290379,0.05145808711682836,0.0529508936349808,0.049515844463213526,0.04573436771090567,0.041681165018580886,0.045996181121331914,0.04012622635618989,0.047113946571465504,0.04665694830002672,0.046117890634141304,0.038041835984424045,0.03456723888532072,0.03270879287360656,0.03390994620153399,0.019123824356107114
N:TCTGA,0.07101224497432204,0.057655400791386424,0.07015257107042965,0.059994200241344796,0.06312083142346657,0.05774613895099204,0.050777822471258456,0.05175985257387677,0.05057670180821508,0.044861507375983385,0.04099699722172852,0.04482914098090757,0.03913808102824108,0.047377105920431054,0.04681827111065378,0.04593801741798487,0.037761293159091124,0.03414374047015463,0.03289043133366386,0.03358808617318828,0.018861563502680048
N:TCTGC,0.06571105168699867,0.04740223984471156,0.06983228298655288,0.062014075426709156,0.06200346302095154,0.058369196431047946,0.05221930729450946,0.05250174200228601,0.0522943177079326,0.04564130406206714,0.042823710333420084,0.045025543337085465,0.041870523343554206,0.048182975241016175,0.04764970185169597,0.045936280703920876,0.038623368372763645,0.034061963425308324,0.03417701155136248,0.0339418502874153,0.019718091088690527
N:TCTGG,0.07386185067350395,0.0471562826739605,0.07037214430859097,0.061188277423707256,0.06191161394333558,0.058709081755981433,0.051697466385946605,0.052385950681045075,0.053266020303968466,0.04468972348530398,0.042190554028081514,0.04432571136243664,0.040778937027533255,0.047468525995479405,0.04700118008409373,0.04579541540386799,0.03785216542373987,0.03322904841198183,0.03380197006784974,0.033149968510709414,0.01916811204888279
N:TCTGT,0.07091262165908047,0.052916001816292524,0.07063019945659711,0.06042023592202534,0.06373283156618999,0.057653032890753096,0.051520075882777266,0.05235739386374658,0.050449187909953945,0.04494670654432529,0.041045805555134846,0.04534717588191604,0.039030095040565156,0.04718826572870422,0.04692648321399436,0.04661169085370797,0.03797435273790655,0.034494560774080356,0.033156247781976,0.03396268047476628,0.01872435444550662
N:TCTTA,0.076126690957768,0.053244024851453915,0.0723310346974531,0.05889470453075278,0.06668355964893728,0.056679160148676556,0.04996797658238945,0.052385870508194925,0.04747065359360429,0.04478219726883052,0.03951538657690038,0.04639000631312264,0.036385606812861924,0.046185596649604296,0.04644883417821135,0.04734658860186079,0.038325324045397714,0.036164945093229574,0.032066451223917165,0.034295271933523136,0.018310115783310193
N:TCTTC,0.0727618489708437,0.05240197619400755,0.0714832742085787,0.0595690842363734,0.06419116931445445,0.05714610421814625,0.050712964008058255,0.052468827744077344,0.05006870162785079,0.04540868218182316,0.04060858541809115,0.04568013056885072,0.03839564364206001,0.04672550224947693,0.047187555288563936,0.04655293196906421,0.038270646790301614,0.03455898654293844,0.03279146265283741,0.034215711606766126,0.018800210566835847
N:TCTTG,0.07655550502446824,0.052895853753211056,0.0714699735364669,0.05940249351713615,0.06438873176769823,0.0570586284671198,0.05031716229144492,0.05238221025489663,0.05027002942557186,0.04466436057773582,0.0403951703266559,0.045189525443263656,0.03746518190458255,0.0464430501960832,0.04696800558220716,0.04663619020646081,0.037880370083073246,0.03457813676030466,0.0326718741849942,0.03368198387050486,0.018685562826120154
N:TCTTT,0.08019015894566063,0.05698826576745375,0.07180694672174238,0.05877145070872867,0.06648478237778481,0.05700649014185357,0.04915555905425202,0.05245136707071219,0.04815602221216946,0.04426312330191157,0.038705551802245046,0.04550615503982133,0.035751801274520004,0.0455936104696335,0.04602463309966953,0.04694771383850077,0.03719594815003729,0.035233323214671805,0.03198399274475793,0.033728572206535,0.018054531857338733
N:TGCAA,0.07832708196538615,0.05326267291723093,0.07109039019948388,0.05880625795820438,0.06601830323380706,0.056429479024095425,0.05048137006624816,0.052315926213765976,0.04989039009232522,0.04490644111913283,0.039102996343478844,0.044721056648618474,0.035997538565729646,0.04723419496927628,0.04658320614940649,0.047801867936068075,0.03790121204473981,0.03541191652448053,0.031863893507873345,0.03380962675837304,0.018044177762275494
N:TGCAC,0.06120613795875984,0.04796075258642321,0.0700435898216668,0.06253052231853602,0.06177466733322721,0.05746849094573609,0.054106266041682644,0.05279961208951697,0.051454413772980635,0.046561592159767934,0.04352198358549699,0.04509960441918846,0.04213708457365886,0.048533907284615055,0.04897524025665921,0.04613991681355282,0.03778889482900371,0.034603974001055346,0.03367235671421628,0.03414413973411327,0.01947685276014266
N:TGCAG,0.06673454608397278,0.04842695814088458,0.06936326136842359,0.06164257159475479,0.06243370620345752,0.05764464361396806,0.05221921148723379,0.052848708233476344,0.05272194342165718,0.0456959146348448,0.042534685321627526,0.0442024826048387,0.04065230423045741,0.04904550933108653,0.04798888135144526,0.04670112395587668,0.03826540937015961,0.0340943888752423,0.033632384591202574,0.03395693305519742,0.019194432530192554
N:TGCAT,0.07145681030524388,0.04886574299002208,0.07230989656269589,0.06030429124774463,0.06481502651188224,0.05628845080297756,0.05193752036261167,0.052794417167277306,0.049060080897917344,0.046257423422290556,0.040337738325912295,0.04576181412531747,0.038079512783433266,0.04826224757506302,0.0470978872420974,0.04718243375839987,0.03818382651340646,0.035973947288700396,0.03223699126813106,0.03436780163815425,0.018426139210721355
N:TGCCA,0.0699702842277057,0.053432714605601235,0.06993593713817835,0.061059153443960505,0.06157103587498103,0.05724385657984978,0.05087690335504586,0.051724777879587965,0.051912301908701004,0.045211018546320376,0.04187048709712803,0.04476201344854751,0.040656151286741694,0.04761863872512467,0.047449950196720186,0.04562179865736119,0.03832415010342906,0.0341772930283164,0.03324936762576298,0.03396844056457751,0.019363725706358977
N:TGCCC,0.06832430805613858,0.05105753712273735,0.06892337821367263,0.06183509452827861,0.059731573778699205,0.058786255333685644,0.05260477844032085,0.05186271594161348,0.05393735295145464,0.044927052510638846,0.043184400213097815,0.04378917580070362,0.04263168667489675,0.04801190723255975,0.04716144156248908,0.04470703686349687,0.038422505639461035,0.03300413001819319,0.03451499921906926,0.03304335484993649,0.01953931504885631
N:TGCCG,0.05675461827040438,0.037587641680623604,0.0682363336386804,0.06423520543534421,0.05893864021545688,0.061000356931586446,0.05572625593741966,0.05303304487603491,0.052666129189266095,0.048238180697239647,0.04503578051952266,0.04672558949872328,0.0452828870024486,0.04729218719189691,0.04966590704303397,0.0441097552148204,0.03895047137433637,0.03410069464377978,0.03675396930388357,0.03445013815498818,0.02121621318051004
N:TGCCT,0.06534395643736238,0.04698130201246532,0.0694763981268457,0.06254706941306483,0.05993484893232293,0.0586401831287668,0.05305685351765321,0.05188752096387491,0.052217965188023206,0.04559241404950175,0.043676193104760154,0.04503419219942742,0.044318414898834514,0.047933079155725006,0.047670857108317484,0.04545819191676095,0.03829953002253554,0.03371375530194091,0.034326421560163405,0.033774421928163156,0.020116431033490423
N:TGCGA,0.06000716287658495,0.049752420756570624,0.06714703939910693,0.062484598172480754,0.0618373107012719,0.0585713018363907,0.05417171846609298,0.05219699882042537,0.05055413721837245,0.04739655721922674,0.04185025645069608,0.047186270934163964,0.041363969416488414,0.04759370061147309,0.05025842213000292,0.04527726575257847,0.03868281928193805,0.034769522945847994,0.03477609439225621,0.03389880629675995,0.020223626321271445
N:TGCGC,0.05195223873334104,0.02791953820232237,0.0671924136714497,0.0656747830001034,0.05688529875122414,0.06194305387436816,0.05815658055607934,0.054211957348191314,0.05256050753949185,0.04732331311853334,0.04595470830469401,0.04935188958704631,0.04933060017883103,0.04785858966794606,0.05013959769101161,0.04410557113399553,0.03979902798644777,0.0348902987208107,0.03837872032408562,0.03437935292364402,0.021991958686382686
N:TGCGG,0.05600562661178984,0.03744706961774351,0.06715175932920599,0.06512282164161609,0.058795777725679524,0.06047739369784747,0.05676973438571813,0.052726330748680904,0.052807372482279354,0.046656883771682284,0.044755297379747094,0.0468913259295921,0.04569017166375785,0.047577286317550455,0.051212586938966895,0.04491159215168697,0.039406542962249026,0.03315475208465388,0.037047649645008264,0.03388991638229701,0.021502108532247374
N:TGCGT,0.05215919927759446,0.03660975753841999,0.07011384638755032,0.06454600693711865,0.060746204417138565,0.05928198290194357,0.057035014726608324,0.052235153131408606,0.04970124817499768,0.04783404926873317,0.044576472871815216,0.04884043783177065,0.04482754255525643,0.0483488476112513,0.0507266252014887,0.04594786189901513,0.03862886415231279,0.03543880229211852,0.03584599934173327,0.034911344973964704,0.021644738507759952
N:TGCTA,0.07475286460946821,0.0468488734743111,0.07255300613658232,0.06024040371458977,0.06577099091744776,0.056941096953768346,0.050538389790809844,0.05239805735278888,0.048109599828397576,0.04546534493466635,0.040150863927803856,0.04626275755994943,0.03767301721763593,0.04756260105930512,0.04731475226182067,0.047540477427964335,0.03859355266081555,0.03600380526459061,0.031980190051612185,0.03453146156724446,0.018767893288427706
N:TGCTC,0.06495704269725854,0.043934897504004256,0.07015392616744846,0.06223257953852155,0.06239289250601174,0.058649113206387944,0.05247606378798682,0.052115145288984845,0.05238347661959676,0.0461221264757866,0.04312790317211069,0.04490249056625341,0.041947131012272085,0.04881086927634841,0.04831278460195376,0.04619385295500235,0.03873201301364089,0.034230962120703375,0.03436698524463445,0.03423324822362659,0.019724496021466507
N:TGCTG,0.06757381878673525,0.04203650324407268,0.07050034724996466,0.06221285296063886,0.062085630407214605,0.05853814935231223,0.05246731855421095,0.052904300368146424,0.052687960567154454,0.045913820548593484,0.04308521862407067,0.04472722951891027,0.04213442978277927,0.04836587649373823,0.048540218511393694,0.046037355491773554,0.03812292443881742,0.03411408236892082,0.03434087039893797,0.03414091997680903,0.019470172354805467
N:TGCTT,0.06973234323869845,0.04542383290560301,0.07228289676876465,0.061024332846543176,0.06521451379912575,0.05724410821343133,0.05082251443701146,0.052619634731293614,0.04894348202098177,0.045884835909641035,0.04166715306110941,0.04616717551769351,0.0389684058615048,0.048070148433074535,0.04816432758754754,0.04706721958008364,0.038449629090437115,0.035528690314208175,0.03259212096402257,0.03502277414196558,0.01910986057725886
N:TGTAA,0.07442977549178542,0.05702279520498741,0.0717360075250097,0.058802569284800356,0.06671810991298806,0.056112474742337985,0.05038009610137182,0.05208732005099631,0.04705977970015215,0.044748047861963736,0.038441696672038284,0.04648006742570327,0.036110449767185256,0.04695669423035906,0.04635654853316723,0.04782706620360092,0.038227260527747095,0.0365792705451752,0.03196843426487547,0.033906624768201186,0.018048911185554076
N:TGTAC,0.07684903091498269,0.05279936353699255,0.07150925838936684,0.05896193002784153,0.06529561678604076,0.056924890505397556,0.050950220778697874,0.05224611195366406,0.049542113480698084,0.044525568126743825,0.0395101412059095,0.04496697639807868,0.0371610588430033,0.04715425876963409,0.04655142331798843,0.04754608317265178,0.03767479245609404,0.035343977834146806,0.03259263235910352,0.03360705119888574,0.018287499944078345
N:TGTAG,0.07393108529492484,0.05173782452858088,0.07034909181522579,0.059578703528948986,0.06388725618050682,0.05731955860395061,0.0510924356392032,0.05213998638269177,0.05007213086465934,0.04465216972989879,0.04048523935441812,0.04547863078788814,0.03931536556285489,0.04747553326179375,0.04649155644584282,0.04688321724942294,0.03776518345477183,0.03520349474961664,0.03344215638221213,0.033767121324313025,0.0189322588582747
N:TGTAT,0.07561527703958354,0.05349734438551455,0.07256744582282584,0.058356233060798304,0.06580590077915616,0.056048732127846446,0.05167686317083008,0.0523808177558644,0.04681232024185128,0.04538085168138657,0.03884340355916423,0.04724147809730594,0.03605152155966934,0.04661140576055366,0.04621183849943646,0.04766517017418871,0.03793080701278238,0.03666689283681447,0.032535141186714765,0.034119651547192285,0.017980903700520568
N:TGTCA,0.06908999245013113,0.05238640427560995,0.07114559326074862,0.06038901692760073,0.06426204998807915,0.0566702098068823,0.05126162282444568,0.05215419613764603,0.04957035285702933,0.045592018993880636,0.04074793372009854,0.045284808869109114,0.03822667487880474,0.047873619168719704,0.04797072439005007,0.04737294365413653,0.038391828260351264,0.03540987840737503,0.03308630692203767,0.034427650401335136,0.018686173805928633
N:TGTCC,0.07009157546453985,0.05687719077675791,0.06875021581281525,0.06087293738285238,0.06026880906446288,0.05817546164759103,0.051195669400443226,0.051693551409785224,0.05305675058059181,0.044675982697198316,0.04149567651304336,0.043741605434852865,0.04029597860671542,0.04780877317091814,0.047306759360668735,0.045386652453271545,0.03819200655893881,0.03362518604171407,0.03422400204465119,0.03323089418369338,0.01903432139449461
N:TGTCG,0.06312699378777703,0.04222370298858294,0.0690139145399597,0.06277283411685695,0.06298008310946944,0.05831042226326393,0.05366699546675621,0.052969169744795166,0.052746180322364,0.047234406480859636,0.042444069006044326,0.04774597044996642,0.04040568334452653,0.046982559603760916,0.0498709284754869,0.04547147834116857,0.03864275520483546,0.03443481363331095,0.035053937206178644,0.034088524177300204,0.019814577736736064
N:TGTCT,0.06848555391962641,0.05176762857189053,0.07083349099037906,0.06078350023311018,0.06305226151878492,0.05778865532680514,0.05202065771241321,0.052208846052103665,0.05051848471215602,0.045413396776195394,0.04144760671604013,0.04562358764984434,0.039850589459552756,0.04766782307762444,0.04734928639281624,0.046258494103237555,0.0382095671351484,0.034564147304297875,0.033211324837577126,0.03399691531141336,0.01894818219898325
N:TGTGA,0.0687282368842479,0.049770144940193,0.07124603072248721,0.06061187041191123,0.06449122671619527,0.05710438476325487,0.05187788588181175,0.05225828661255485,0.050147296118511174,0.045600156790904504,0.04148662961499912,0.04532232005857318,0.03893004424468723,0.04776212463861423,0.04768352608933629,0.04678461864979066,0.03827566562511742,0.03521966466649945,0.03335320299243159,0.034485062721439225,0.018861620856439852
N:TGTGC,0.061462516522851104,0.047013204514893776,0.07050413697337393,0.06292874107663528,0.06188311150072447,0.05790561860412259,0.053408239853951614,0.05272491946162671,0.05083897861028507,0.0468567994186651,0.04354593198838619,0.04526638804690161,0.042117783581623984,0.04828377625167279,0.04908308244569536,0.045764013999134795,0.038056230268135156,0.03475122070662885,0.03380810383423872,0.03424217191028908,0.019555030430163805
N:TGTGG,0.06657379430724106,0.04858122925147898,0.07026232206675984,0.06180858056640355,0.061354529737015086,0.05793732772858587,0.05279252307539343,0.05223573081745721,0.0525633986422665,0.04559642504018516,0.04259748007313422,0.04507233327993725,0.04149096593514033,0.04802973977695167,0.04841750581372869,0.04532244789739114,0.03804305197280114,0.0339141722410336,0.03423388589072952,0.033776741771019185,0.019395814115346587
N:TGTGT,0.05996414692587862,0.045206910682427735,0.07246815756417141,0.06168163254376557,0.06215434992275188,0.057293671487720875,0.05490368969159566,0.053345912352670305,0.04918393372967127,0.047676937885433694,0.04316073203771984,0.04716568012535666,0.04207605461258071,0.04820588788000649,0.04800974316135366,0.046230956341781454,0.03784904507359731,0.03530777076410848,0.033564464047227745,0.03498414632338631,0.019566176846794334
N:TGTTA,0.07740203606542288,0.052782930441303576,0.0724636370335236,0.05891496212005332,0.06779578054716631,0.05649471032129122,0.04984127904641334,0.05261773189579563,0.04697278320710231,0.04475789900436619,0.038580909911460494,0.046600886964557865,0.03506385681941458,0.04630427443920946,0.0465681664796988,0.047872995571029656,0.03834149172956493,0.03689301172909673,0.03163485641426581,0.0342522291827886,0.01784357107647469
N:TGTTC,0.07630992079722237,0.055368227811154344,0.07150020472984502,0.05925177958805553,0.0652094984543643,0.056482702222679475,0.050101055937521455,0.052201862019662794,0.04953497734192915,0.04462582434477838,0.039644562350055194,0.04521142289194283,0.03624005314938343,0.04694318706612602,0.047087864354249,0.04716272910969042,0.0376702914833992,0.03491981548363895,0.03233215884463933,0.03401477867015852,0.018187083349504272
N:TGTTG,0.0798532143208186,0.05794615288148346,0.07083491504512962,0.05834567633431512,0.06536529916383936,0.056420083446595194,0.04963051494887116,0.052095655150675,0.05026560047993655,0.044154543975542214,0.0392352790648016,0.04534040414995984,0.035925123458254674,0.045596090686316045,0.04642521836096245,0.04674657418171835,0.03735840854937822,0.034554541941912764,0.03234678296767546,0.03368474167821881,0.01787517921359549
N:TGTTT,0.07651046316064311,0.060692312726938584,0.07139347944434776,0.058817405335448734,0.06620998798277895,0.056288700956853746,0.04965496463280263,0.05222738081571162,0.04696410356078473,0.04428781309020483,0.03881267459017539,0.045904092306170166,0.036383026800388754,0.04570868174011053,0.046070479174204114,0.04747571967901905,0.037194280286904545,0.035521951257343025,0.03201137634958727,0.03389744670185624,0.017973659407726203
N:TTCAA,0.07930629493400597,0.05733458126520777,0.07169196644790474,0.05838306087630763,0.06682940625472578,0.05662107677678413,0.049999897189554984,0.052114427651448664,0.04704101258194226,0.04429111356983848,0.038270720837677075,0.04594804408736196,0.03557054469534555,0.04601272120368226,0.04570765457410212,0.04767544649174311,0.03793574571500085,0.03613899299225314,0.03171870464073264,0.033607052123587125,0.017801535090793772
N:TTCAC,0.07080850099487553,0.05261954227420122,0.07149696435414958,0.05991618603757153,0.0655143631076186,0.05655010150459351,0.05087509892396826,0.05255102222422608,0.04911641764127292,0.04509657470939787,0.04018300489191629,0.04552341605967592,0.037419362876252193,0.04784835178134333,0.04744316395335179,0.04732540438694429,0.03838665241291428,0.03569123382363236,0.032387440245177194,0.03455664858053746,0.018690549216379793
N:TTCAG,0.07273811908875738,0.056782653156574055,0.07085288100624583,0.05949307305707235,0.06433296925193074,0.057066882449436154,0.05048552098527099,0.05220591778262916,0.049215950471924015,0.04490198576200469,0.04031822756407693,0.04500576749419593,0.03784502305144433,0.047372849333309666,0.04682623953330994,0.04691480514687164,0.037875845445591354,0.035014824986349384,0.032360197520826084,0.033869714520254314,0.01852055239192508
N:TTCAT,0.08007921902556245,0.05748724086976525,0.07190876198422508,0.05798028849215477,0.06758765038358618,0.05618793448298718,0.04960968823144874,0.05229099004612391,0.047163132319361,0.0445242309756722,0.037791491053987984,0.04559837624066052,0.034190862552293914,0.04682912707664835,0.04581882619900734,0.04791318203025802,0.03816968376071708,0.03630617493817004,0.031444254265065,0.033701876277700014,0.01741700879460497
N:TTCCA,0.07868873499505914,0.05412131698045666,0.07095081552978477,0.059283940800621146,0.0647330056808582,0.05708516307169767,0.05009309334452359,0.05223120706830917,0.05083844172720951,0.04439953414054897,0.04001217290946073,0.04475733478793251,0.03740863424267507,0.04648701096748393,0.046378551079510125,0.04625906137242034,0.03763909061481047,0.03445230848264951,0.03241630414492246,0.033551372803039686,0.018212905256026334
N:TTCCC,0.07185471229966915,0.04885617726329686,0.07045022675910297,0.06047763749659389,0.06242799960070973,0.05733277696490832,0.051617485316639886,0.052398754286300114,0.05151181728333332,0.045319895357171444,0.04185016182946888,0.04519286889160078,0.03998703205923165,0.047560956965681724,0.047717885236422106,0.04617625607816017,0.03836401603276338,0.03436099617526685,0.03335400230041557,0.03382973327589789,0.019358608527365324
N:TTCCG,0.05839892569460722,0.04934487963354444,0.06719666316889421,0.06222164777942565,0.06048006379235937,0.057943265984783596,0.05391900210523549,0.05166041960125394,0.05013352143900841,0.0470271489941531,0.0431759481774707,0.04825392513598595,0.04332491385183611,0.04676207772064993,0.05119380653302109,0.04506649783890239,0.03888661302441942,0.0341262834597716,0.035372775646741045,0.034509651004094366,0.021001969413841977
N:TTCCT,0.07268999515784942,0.051978571072270406,0.07160154474800286,0.059788295775202956,0.0641910149858635,0.05723824345407109,0.05036318885241583,0.052466506621234414,0.04993863945214525,0.045322198683607484,0.04074806127952382,0.04551208153773694,0.03831306859786807,0.047135869312092175,0.047346283766559284,0.04695094711307786,0.037956039225553545,0.034777361664553336,0.03267762659109568,0.03418759488975357,0.01881686721952249
N:TTCGA,0.07249676398389095,0.055251348923561996,0.06674095666039136,0.06004885534057694,0.061147200220869356,0.05744603805594957,0.053024649740018366,0.0510340246837507,0.051840277847244036,0.04514817652742961,0.040708782557723124,0.04730085246767485,0.041569052682542317,0.04514817652742961,0.047775001350424035,0.044313914569174724,0.036929595893110435,0.03436479054423089,0.03415472458351922,0.03362655873944419,0.019930258101043728
N:TTCGC,0.06508670480128488,0.054305407646118145,0.06825726644858937,0.061773918835009385,0.0625682936897498,0.056893196474224444,0.052366300467952695,0.05266462464920892,0.050402911088987326,0.04578235516534444,0.04086000617461678,0.04707278069356903,0.04001706691827652,0.046313094697114233,0.049965831474588676,0.04498798031060404,0.03786288881874031,0.03495943138023498,0.03411996100972329,0.03379041685601002,0.019949562400052728
N:TTCGG,0.06957698349393548,0.061767208722063115,0.06670858541982816,0.05940539063315833,0.061287290841344925,0.057787889627774806,0.05160450322944741,0.051828909275523964,0.051742257435949846,0.04477456079737467,0.04140847010622627,0.046334293909708786,0.04011091435465487,0.04528780630869829,0.048405050691326154,0.04409689897506427,0.03790462520857542,0.033300968500945397,0.033496490600497246,0.033227647713613445,0.019943254154289155
N:TTCGT,0.06917409907195372,0.05050771363143305,0.06975036157647342,0.059963315053633844,0.06532104977702784,0.05655282029649271,0.051227100156683136,0.0529860190430276,0.04944934916234783,0.045790270579727614,0.040423119802338196,0.04811791912739544,0.03724802639508256,0.04637218271664457,0.04901621067855851,0.046481408942991444,0.03842691635530915,0.036142581656020245,0.03299196998915271,0.034349764975292275,0.019707801012414126
N:TTCTA,0.07984472806807069,0.05738544959188932,0.07221804776241038,0.058257207747266775,0.06699154277122424,0.05615878746470698,0.04955714993816621,0.05207055560284185,0.04656578895172189,0.044441371905085236,0.038532596283348555,0.0457311965405432,0.034991837016079864,0.04625652374351862,0.04594725853531535,0.04732258363929278,0.03780603486955594,0.03609910659713142,0.031742048937849245,0.034126048488008945,0.017954135545972486
N:TTCTC,0.07253232631888694,0.053252131209837954,0.07150973815725944,0.059606625328749385,0.06480290481966265,0.057065599931527135,0.05020383386900157,0.05221602866721979,0.049600352403572884,0.04510006353367921,0.04079010219607082,0.04568649113738157,0.038005817941016484,0.04683022607146115,0.04713639115509506,0.046998351406404626,0.03826661331703885,0.03493998408198982,0.032541664112609545,0.03423353590425125,0.01868121843728386
N:TTCTG,0.0754483083093407,0.05599674831983971,0.07091322266882287,0.059612591163796726,0.0646170034133371,0.057074316419999806,0.0500770043288137,0.05247549506714557,0.05041871465927178,0.04426343824038445,0.04033673894489584,0.04490470641882359,0.0376162380053735,0.046402930220403885,0.04664107001831533,0.04660413227593855,0.037552067731362083,0.0343622401828172,0.032538674540537944,0.03374139640310404,0.01840296266767562
N:TTCTT,0.07995142767505684,0.05696577295890136,0.07203608810028804,0.05850893927748667,0.06659525668504035,0.05684464673888213,0.049137749854557156,0.05243293130528986,0.04785886815517558,0.044310570470991135,0.038442396004560765,0.045476448412718556,0.035477595710527624,0.04569920694308083,0.046195590924366675,0.0473000427444582,0.0373922631515357,0.035398198640908984,0.03202301093588027,0.03394742533172644,0.01800556997856685
N:TTTAA,0.07655950497522657,0.05131055088880886,0.07264717467404891,0.0593137456262128,0.06896907903106614,0.056277335962291675,0.05048301925018056,0.0523538389691229,0.04427845954420488,0.045077276831998844,0.03849012498851758,0.04769254268368311,0.03558904499658419,0.04658358381951648,0.04607935450139324,0.04848524487824384,0.03811072333443804,0.03780948852429639,0.03166807380279436,0.034231095488377265,0.01799073722899336
N:TTTAC,0.07648400304068922,0.05717404788622836,0.07192950129920606,0.05852047552547285,0.06737554389879392,0.05611067760393036,0.05011176683041353,0.05228913111461727,0.04616474972422321,0.04450151558162707,0.03814415621282321,0.04643011599636054,0.035044678154259185,0.04703025202719419,0.04619550499473758,0.04823596749957201,0.03792723629600941,0.03682494562713127,0.03184014226898233,0.03381746120957485,0.017848127208153576
N:TTTAG,0.08200620924443673,0.06234445271838345,0.07156224989157375,0.0579185270459957,0.06715187169572613,0.05641413465182123,0.04879563909526682,0.052004452611639586,0.04631570056117108,0.04362134608195469,0.03797621978655403,0.04528771069441296,0.034233918978154865,0.045628594918852614,0.04556338833813951,0.04739613415476608,0.03733088348419413,0.035724852362787135,0.03131563442638281,0.03375194720541071,0.017656132052375966
N:TTTAT,0.08154405582327565,0.054458037644459716,0.07269331836462779,0.05776454941096309,0.068753594292406,0.05673122000011388,0.050170746682812115,0.05235436828709547,0.04542272200152977,0.04444372215906179,0.037232717503326206,0.04642556516985938,0.034360960907384455,0.04619709628622999,0.04474988944288705,0.04833789480277181,0.03820851451097695,0.037394401349840664,0.031625739973466294,0.03368884008981223,0.017442045297099702
N:TTTCA,0.07909081141738393,0.05992604486253537,0.07165694724652906,0.057829306290066496,0.06771550849379827,0.056086824167034754,0.04938788544414865,0.05231833538266859,0.046363872407988824,0.044346819153127125,0.03779023959315721,0.04567565389711939,0.034217531963661105,0.04652443683073287,0.04579965857676651,0.04799428772667041,0.037938866140604294,0.0365346735588,0.031390344646459824,0.03381821003497797,0.017593742165769335
N:TTTCC,0.07754518055225985,0.0536383567493524,0.07138919017856474,0.059230083910216405,0.0656083646276541,0.05650148190902883,0.049573459458502,0.052651374856999326,0.04948808592375521,0.0445006757275381,0.03985412136350631,0.045519253806582505,0.03649503181879619,0.046185646107708846,0.047099861024651565,0.04714693615128765,0.03775600690584129,0.03503873485038647,0.03228890914803755,0.034115264484817,0.018373980444513664
N:TTTCG,0.07302176364800195,0.07085568628646326,0.06710839150181364,0.05819642149541256,0.06273051482915232,0.056276099612887494,0.05051513396531228,0.05130383759563508,0.04906536714725516,0.044272182765873136,0.038941765476879935,0.04618107416100223,0.03761201877648063,0.04518662175755174,0.04707836742158686,0.045325692687536195,0.03665947816014875,0.03511064711799311,0.03255402810375834,0.03306458987411223,0.018940317615143108
N:TTTCT,0.07857489464574212,0.056687172958880705,0.07184853399913933,0.05881738482783737,0.06672051647648178,0.056837610619347924,0.049263453017789505,0.05239162581327794,0.0475317321742548,0.044300469896457105,0.03878518259291213,0.04555013337315811,0.036088343489776034,0.04602060457693582,0.046114023718426676,0.0474200671066915,0.037420843470845885,0.03557618034492281,0.03199131201984135,0.03398613911734055,0.01807377575994054
N:TTTGA,0.0795072876128218,0.05718054403247626,0.07160752451540446,0.058854521571119256,0.06655526128039174,0.05639791182207445,0.04971171428147871,0.052115330645495214,0.04737216709035815,0.04420057263527243,0.03854800169783308,0.0458307582126541,0.035775987589664895,0.04597968496028989,0.045802301957671064,0.047672065346466834,0.03763024487544595,0.03589526530516266,0.031845616467276926,0.03364602838434756,0.017871209716294547
N:TTTGC,0.07754661610668548,0.05284375398061868,0.07133611609198781,0.059589249145085586,0.06596901731385402,0.0566284037351676,0.050171962726711546,0.052440792890247605,0.04879577099072087,0.04485875540139334,0.039704037939582784,0.045546116385941186,0.03656951507490912,0.04676161360808176,0.04688164457117101,0.04700290034000607,0.03772867123274249,0.03504218230988565,0.03216731826332344,0.03394255171129859,0.01847301018058536
N:TTTGG,0.07897401795013,0.060787302389114506,0.07038020738003074,0.05900631667456617,0.06410269731515354,0.05655633733583879,0.049566273130034935,0.05197129321982555,0.04950273072487098,0.0441138152378684,0.03970521119657143,0.044876723737604235,0.03675648392297222,0.045901594794478286,0.04634079670186943,0.046313621333623205,0.037040226738484235,0.03430830295420231,0.032194418978637764,0.03330321396686044,0.018298414317262833
N:TTTGT,0.07949594530131976,0.06097663082366036,0.07127685740976308,0.05830803287486087,0.06624873290666243,0.05672354507870886,0.04920769398950549,0.05212958638098267,0.04754544144538082,0.04390267232469391,0.038644607648274765,0.04541883646048656,0.03583725055652727,0.04563275162982986,0.04568815590713945,0.04723525202734934,0.03698459115121641,0.035231406026395296,0.03207547404197806,0.03358294243917952,0.01785359357608523
N:TTTTA,0.08142106522611274,0.05872199051927263,0.07222851056507948,0.057878261515739805,0.06883910850907887,0.056090064698422724,0.04951561329920378,0.052195420464552986,0.044619552308323124,0.04406001511856217,0.03742021066022292,0.04643672120937881,0.034057237337098374,0.04591865169672465,0.04511462108274206,0.04824404844840116,0.03759603361115571,0.03726617206233023,0.03127138349882807,0.03364786842870014,0.01745744974006954
N:TTTTC,0.08080463537857575,0.05885391972049959,0.07179086546012503,0.05818699954039912,0.06748692675075478,0.056312872532632466,0.04883336394464932,0.052533699240186485,0.046743294735974626,0.04399357322503949,0.03798316143570398,0.04566296780958357,0.03467221193427424,0.04577765245821186,0.0458000720135828,0.047846410770847135,0.03751148848232298,0.03600112491966839,0.031643970562384695,0.03380942860560344,0.01775136047898025
N:TTTTG,0.08439222632261696,0.06279830714067823,0.07085998219015857,0.05773356929147849,0.0663718302539289,0.05643352276403809,0.048766766055305,0.05197810950690157,0.0478060463076419,0.04323880799368131,0.03800832255738641,0.0450819314331376,0.03489686417376818,0.04507050499219921,0.045173214573667936,0.04696292903076049,0.036779915963020444,0.03510446591531184,0.031804920610629006,0.03311652196598464,0.01762124095770522
N:TTTTT,0.08236857389886969,0.06873990496934812,0.07024496181898267,0.057412327867959086,0.06535603334362838,0.056406086187703854,0.04916304829664452,0.0512882502615213,0.04603546047606323,0.04316916903253635,0.03768451566409445,0.0455031638968351,0.0362238650605358,0.04451388784460307,0.04448741118268807,0.04590551918870367,0.03680776542500119,0.03566612003927286,0.032172614468827396,0.03284899035876777,0.01800233071741343
T:AACAA,0.05015555199381902,0.006550444463623026,0.0771159797309793,0.07905329042810703,0.052962063396170586,0.0561487216790574,0.06122008655019788,0.060606097966933385,0.054545529267200105,0.047409042153151934,0.05270808418301298,0.05199916162201482,0.05191861158030141,0.040713114450924064,0.042216852219441325,0.04493870388407369,0.036942879335215575,0.03719110497396508,0.03614231055328837,0.032587423508283093,0.026874946060239924
T:AACAC,0.041933953748265855,0.0034686398030707726,0.07638558534068934,0.07840032071017534,0.05197674027486894,0.057001565796040134,0.0638605899227536,0.06060406365602736,0.05575085102833878,0.04942657267771716,0.05384800726540346,0.05180444092981239,0.05243940863569809,0.04052054995754297,0.04211311760906171,0.04690386314352261,0.038235352667928366,0.03710682628038664,0.037664224958418195,0.03315629747241666,0.02739902812186163
T:AACAG,0.04242101153922034,0.003012682168627449,0.07643781515779702,0.07898756129255098,0.05139429497300639,0.0577512702257173,0.06314999187463309,0.060496504892910065,0.057061063781431824,0.04893749583987211,0.053927250681661314,0.05147165086467696,0.05475178053473909,0.04067420756684539,0.04172600783033514,0.04513566364458985,0.03811066929636721,0.036621118638152525,0.03778325598743596,0.03287025737924235,0.027278445830187625
T:AACAT,0.05200013870542044,0.004801693776379383,0.07877421047500718,0.07949390841124064,0.05451777294053529,0.05458385429649854,0.06030087299359665,0.06272494649700115,0.05355992041449367,0.04809872162018399,0.05155916015176467,0.05317259207062985,0.04745164774842501,0.04014933077905993,0.042518445530970235,0.04640416011577977,0.037042198507084775,0.03813483082845738,0.03560018555121338,0.032926180582680535,0.026185228003577553
T:AACCA,0.04385064858635638,0.0034505711829095316,0.07509730291546333,0.07899274442432516,0.051000492748746684,0.05786306638675523,0.06329327727124921,0.058893117410522215,0.05759508022627874,0.049743019226510816,0.05427284981004902,0.052111006118463185,0.05591933550071851,0.040556347248885995,0.04159105311911287,0.044320123100739524,0.03769162174185684,0.03619475611596951,0.03745089968207398,0.03225609103283728,0.027856596150175987
T:AACCC,0.03935638749115063,0.002481834973517066,0.07289776043223037,0.07864258166991896,0.04829500444223391,0.059703423227568726,0.065664840972037,0.05771795524875507,0.06137302130066202,0.05178060378281788,0.055163921439644784,0.05095733650473404,0.05937251189776645,0.040127511165750473,0.0395338762953173,0.043937002504898494,0.03847897108637187,0.03538946257994517,0.03917889868698395,0.0316411396987303,0.028305954598965552
T:AACCG,0.031081576055674742,0.002603212809376799,0.07084270838783946,0.07613416357071844,0.04939563602113966,0.06125398984877819,0.06825911778556852,0.055890586573177754,0.056675474857411964,0.05525613521008843,0.05396761027680393,0.05478520223954791,0.05976924284443514,0.03989848778190571,0.040938464758516036,0.0420830935063576,0.040637590916226256,0.03474438804876773,0.041226257129401915,0.03293260425932709,0.03162445711893674
T:AACCT,0.04264038326341911,0.0036594393515436223,0.0751674915148496,0.07855596474646975,0.050632487068584225,0.058403907126595184,0.06362303118903845,0.059967316457699954,0.05856685926056977,0.05035314055319921,0.05422860787664058,0.050889485862738434,0.05563558315912974,0.040104848058774505,0.040760381214877996,0.04540312030057685,0.0380060245731818,0.03677969337064161,0.036769450665077495,0.032183512037506926,0.027669272348885176
T:AACGA,0.039018726969865226,0.003548533642925647,0.07299480086820453,0.07758820857099591,0.05366715461107466,0.05822018070768765,0.06463076068850639,0.05813436979455858,0.05390439654737267,0.05040633991217001,0.05290495179445762,0.05578718893543991,0.0535359143909949,0.040790469940941904,0.04263792842360305,0.043501085255666046,0.03922568270152945,0.037302508707283834,0.03836252586946646,0.034354651456261674,0.02948362021099389
T:AACGC,0.031924189280659654,0.001218386560827026,0.07123253953602855,0.07583533321026398,0.05035997784751708,0.06083317949664636,0.06715894406498062,0.057633376407605685,0.055061227001415296,0.0548335487046951,0.05445818718848071,0.05539351424527721,0.05605808873300105,0.04121592517383545,0.041929727401390685,0.04397267860439358,0.040225216909728634,0.03642237400775337,0.04122207864131438,0.03287797673989293,0.030133530244292658
T:AACGG,0.0283621799456444,0.0020426262337290804,0.06927192104133886,0.07655557144900586,0.04910313259905593,0.060300386210842515,0.06837934487197826,0.05610642254326992,0.055482763553139754,0.05559147475325418,0.05492776426834502,0.05549420683736232,0.06057502503218424,0.040326133600343296,0.04092690602202832,0.043570304677442426,0.04137319410670862,0.03509083106851667,0.041401802317265056,0.03382062651981119,0.03129738234873409
T:AACGT,0.03458878895930476,0.00171789060357148,0.07498568424497024,0.07619350088781741,0.05465490609345902,0.05658933752941346,0.0655348799160784,0.05956316496080611,0.05241250547367104,0.05223927280776467,0.05320167650724449,0.05707535139765077,0.051964987753412926,0.040964713468358574,0.044054029343688794,0.04478064413679606,0.03963178434457902,0.03775990914909077,0.038770433033544584,0.033732249666767716,0.02958428972200969
T:AACTA,0.05292708273194388,0.004258739391490099,0.079206598926159,0.07918043848507592,0.05483589284683332,0.055663104035563765,0.05978653080076208,0.061875757750707236,0.05244266352981929,0.04634186825241037,0.052278484209918596,0.05281432221003406,0.04903819785231799,0.04127305727152012,0.04281291495872063,0.04575010103342763,0.03752219127071185,0.037697195600715896,0.03468152820275965,0.03309205588591883,0.02652127475318977
T:AACTC,0.04314889116784906,0.004136494960989947,0.07522703468141725,0.07925652439133929,0.05100479492873216,0.05884976384644044,0.06363766303655909,0.05955584229144325,0.0582803709411229,0.04928411924915118,0.05475388401724268,0.05150545453409367,0.055954373585792826,0.04007698129595075,0.040492505336594,0.0437760825299478,0.03707927214559587,0.036423181555106536,0.03738466669426413,0.03231636688273396,0.027855731927633208
T:AACTG,0.043504297256510074,0.003056912846255008,0.07601143990004311,0.07952860376180441,0.051929589618020834,0.05746354279495635,0.06317765762138482,0.06064518293701417,0.056402266681546416,0.04909951998226101,0.0544708170950794,0.05164950025200749,0.05365388977754048,0.0407493557579882,0.04140727400836329,0.04518337465380881,0.03757719780800895,0.0372628266706346,0.03706443003637515,0.03256914159173911,0.027593178948658308
T:AACTT,0.050205267403416166,0.004874443644972263,0.0784402381192008,0.07916201629220825,0.05462982017884476,0.05545975241731847,0.0607345163184957,0.06213075526086911,0.05314195070878466,0.04728135228633188,0.05285729521703667,0.0527311154739927,0.05048166112627438,0.04045112262417814,0.041970537029999234,0.0456440199063566,0.036970664711882074,0.0378809614295564,0.03486992220417985,0.0332032980981408,0.02687928954796107
T:AATAA,0.055782753168339486,0.005180247866429432,0.07882044880967423,0.07991626226440224,0.05577208104665339,0.054831653683674896,0.05967124742588425,0.06255058585679207,0.05203811911112325,0.04644336603840598,0.05144987176378582,0.05390616729105693,0.04750929755241293,0.04076579730140462,0.04141338164531673,0.04488224807816433,0.03708604974403983,0.03841152725745255,0.03439966327321656,0.032811651566325956,0.02635757925544449
T:AATAC,0.05529892282842416,0.004409884501243466,0.07885883599625511,0.07911229913513887,0.055207264571558445,0.055276475908375415,0.05973031896138101,0.06186184107767663,0.05247902849730029,0.04638656028073615,0.05115933665610103,0.05342928144603059,0.047260119585966556,0.040931023420555206,0.04297275785665584,0.04584970477623694,0.03738628062952387,0.03777723115370622,0.03501158354603349,0.03311388351357898,0.02648736565752173
T:AATAG,0.0585420047935607,0.004635940624041742,0.07957711967948675,0.0790622274486278,0.05543354594529533,0.05415634573628156,0.05858976845133982,0.06274711722443474,0.05405317623547865,0.04675775514629531,0.05064189579689364,0.053975799109876474,0.046199875623435145,0.039785216383698835,0.04173683944055383,0.04587317220422594,0.03671496846165677,0.0382558240616113,0.03433251721163408,0.03280216961639096,0.026126720805180637
T:AATAT,0.06265918666720764,0.006087166718764555,0.08046752091963534,0.08012350342388841,0.0579149453886512,0.05295240729385666,0.057666932775438294,0.06419640770302032,0.04998025613874077,0.04592633568221469,0.04893277429537845,0.05522223701662542,0.04222214729777686,0.03997974754144639,0.041732408105326496,0.045673751407928745,0.03678358499375111,0.03968487540223474,0.0337062856339551,0.03302853687987561,0.025058988714283182
T:AATCA,0.05342558466303252,0.004704523552044022,0.07915737900289113,0.07910367607571377,0.054872621070674525,0.05443122714866883,0.060033987331994436,0.06258892248387073,0.05391332494684881,0.047638910345537876,0.05212200128004237,0.05286354306901194,0.04796259922167538,0.039904953175461444,0.04212810722929679,0.045871863344441745,0.03677914855112445,0.03796649820131977,0.03526958133786498,0.032787476183119627,0.026474071785364848
T:AATCC,0.04594335664264619,0.003497920855349848,0.07496400991975,0.07827601165905888,0.05060454191256925,0.05876161613493461,0.06329275961877438,0.059473798104031396,0.059350867978124534,0.04929091668283723,0.054212185524926876,0.0513644735999935,0.055213913658349746,0.039897429541226805,0.040708158801339836,0.04525758941134757,0.03716655203347763,0.03627962641433142,0.0369755531601678,0.03174441912467655,0.027724299222085972
T:AATCG,0.03933499610047644,0.0027566928951452863,0.07345775773534204,0.07756577067712717,0.05399874906372825,0.056662780012818235,0.06409117935491841,0.05894071952001112,0.0544852242805186,0.05219956294448777,0.05304896411666139,0.05618402662486583,0.052678316332440175,0.03971336571353559,0.041705597553724626,0.04447773410654579,0.03953576365026293,0.037543531810073895,0.038871686370199915,0.03293359999382254,0.029813981143293977
T:AATCT,0.05048094400691594,0.004319267881697122,0.07827734237987985,0.07996797701503913,0.053576179629131006,0.056413345786716376,0.060131783212061994,0.06194146537115263,0.05487691364899836,0.04751034874532699,0.052897848435723524,0.05267014008457967,0.05103303688635596,0.03991287958382903,0.04136541917112562,0.04585966294370171,0.03675452480463023,0.037764431316369994,0.03495123445890504,0.03240649376278862,0.026888760875071208
T:AATGA,0.05301240719732326,0.003581070407972773,0.07845505981015839,0.07975585297088233,0.054636304455007154,0.05563972217834389,0.06042465451795262,0.06319676800168493,0.05480443825361039,0.04705592333577457,0.051875559448760475,0.052406886185983506,0.048058742718191,0.039814203177429626,0.041998147536510766,0.04549186017012029,0.03733168669912068,0.038099956440781,0.035263820478577,0.0326795860438177,0.026417349971997645
T:AATGC,0.046644557066218735,0.0034083241209998134,0.07723333285477055,0.07879727602065477,0.05306016969836188,0.056681932819356906,0.062101177743002216,0.06220071880129595,0.05506917624988634,0.049188596806072,0.05288788709746888,0.05197287506161496,0.05070085519168832,0.040440469182949766,0.04209342502596203,0.045953512411525704,0.03754899286462895,0.03795864260453007,0.036328657774970206,0.03288204863154973,0.02684737197249221
T:AATGG,0.052050851523147035,0.003840157204273299,0.07736667466218917,0.07899038077138341,0.05237067242344287,0.056414561691606545,0.06107964155457559,0.06183460339133162,0.05742322760792418,0.04944077470462695,0.05199396030530595,0.05236452202151411,0.050001230080385754,0.03902891303946713,0.04107007767957636,0.04497404530386061,0.03742365813605919,0.037399825328585226,0.03629429058188953,0.03204666924983548,0.026591262739019995
T:AATGT,0.052153775823119766,0.004018245946550188,0.07932248409152337,0.07964348995438514,0.055235031683478875,0.05426600774818725,0.06069279872398501,0.06304528451730662,0.05368606160509605,0.047885932802327794,0.05179406239259484,0.05336238625480925,0.04719787241852224,0.03989348745174067,0.04221594151153052,0.04523780127668236,0.037433554789560966,0.03861346823143121,0.03537004101000057,0.03280132673525025,0.02613094503191706
T:AATTA,0.056614113672081995,0.004820934411093519,0.07991842391483685,0.08067737654726373,0.05790685651913136,0.05380023046796903,0.059057902327390034,0.0636103240850674,0.04953120278787306,0.04610071100856588,0.05071459951823007,0.054465365426310745,0.0451457117882231,0.04059523108587164,0.04211831249826114,0.04569826553766262,0.036971927810858396,0.03911549990909391,0.03380994868496737,0.033472852076702746,0.02585420992254542
T:AATTC,0.05338616446462139,0.004704579498996742,0.07891320173607617,0.07970693614557184,0.05513206330546813,0.0556731018301044,0.0594136346461109,0.062205171631203426,0.0539810691966885,0.047019654036361276,0.05183592670076609,0.05305979861959922,0.04880832898310898,0.039862577799042606,0.042079013804799954,0.04560962684184802,0.03657277839521478,0.03751702132547309,0.035466936842663936,0.03242349612282129,0.026628918073459247
T:AATTG,0.05971404541631623,0.0048232123486422,0.07946930519847198,0.07904715171521613,0.056052843171069,0.05445779934000437,0.05883492166768034,0.06356565193880516,0.053794104430761935,0.047630445970338275,0.05015901477210784,0.05371903074430664,0.04520197541717577,0.03872822999095852,0.04122198201060388,0.04623995073425329,0.036916669296059065,0.03869123715995156,0.03378859902708854,0.032371991204410415,0.025571838445778847
T:AATTT,0.05835368760812926,0.005620820766899117,0.08026353943914516,0.08101562491515281,0.0582749494175003,0.05390633739260382,0.05815602759855035,0.06391749106457292,0.049657733230665975,0.04598744750334773,0.050085634570084046,0.054002995309375926,0.04555846011992098,0.040080997162167,0.042139593580611076,0.04560570303429835,0.03661923188451442,0.03891947309488875,0.0335288936578288,0.03295654846525691,0.025348810184486297
T:ACCAA,0.04607051801012579,0.004464015998260008,0.07590262086298771,0.07913414251018017,0.05157898234633091,0.05729135199797001,0.06229005304559021,0.05960227890622168,0.05763723582933578,0.049392664241955556,0.05344433838011576,0.05172926811585447,0.053688269553764545,0.039964686620186325,0.04147660677388562,0.04569064995952102,0.03760920262448797,0.036280797254679246,0.03686532582558997,0.032473054290167835,0.027413936852789426
T:ACCAC,0.03580440802304443,0.002572203305973731,0.07291538731563191,0.07942472538049533,0.047194225303407625,0.060394079315844444,0.06661422960638234,0.057666829552551604,0.06177381857648189,0.05213916203487152,0.05589511891105124,0.050733291348843204,0.06060051757643224,0.040142224637927326,0.03975983477970773,0.04331457968037782,0.038556047116702075,0.03525651913734938,0.03965618012565732,0.03161728262791551,0.02796933564335134
T:ACCAG,0.03750822744383452,0.002634403198246541,0.07254416880931461,0.07933606554719391,0.04725714044854565,0.060788245860339346,0.06546613535482575,0.057899318783862216,0.06298006932128046,0.05227952882280275,0.05531192955038438,0.05001961617150694,0.06034890846543177,0.04006157208213502,0.0390078108028364,0.043944277103550686,0.03882137611496049,0.03508862942944501,0.03901186373083371,0.03141262373589176,0.028278089222778104
T:ACCAT,0.04443910767688171,0.0034016050036286124,0.07531912506617397,0.07893196088811603,0.050590219224283306,0.05796226243106513,0.06328510375727914,0.060205165601455654,0.05927347116217268,0.050189669498269834,0.05387788229272209,0.051734897434728803,0.05435819137336844,0.03986477721722241,0.04110937374006514,0.044813363110159064,0.03787605220994766,0.03670770913603966,0.037062682087977195,0.03190724775884978,0.027090133329593702
T:ACCCA,0.039107330129186,0.0028467447374852213,0.07239127291835001,0.07838125243558497,0.047765720026801524,0.06007739564321093,0.06588096805466571,0.058240478376408784,0.06371673752338346,0.052827333446351814,0.054940191940608056,0.050484034671721675,0.058515685717619656,0.03943611116615258,0.039135217806428695,0.043699990239312966,0.03881744506311055,0.035172232092992195,0.03941849789631508,0.031263553961554634,0.027881806152755487
T:ACCCC,0.03420648796946895,0.002199188122926111,0.06967052273851167,0.07797883676313529,0.044741935601453654,0.06277892327263493,0.06830848412757236,0.056384267421275745,0.06667306577759526,0.054483974479697606,0.05593227958606663,0.050759934923471896,0.06490035004756807,0.03825979823360238,0.03699496130765427,0.04173840353522528,0.039816240214524116,0.03364393321758233,0.04159867611305042,0.030258884537763462,0.02867085200921958
T:ACCCG,0.0268454833278746,0.000976826234105026,0.06675745404607172,0.07689346273407917,0.0463647698999615,0.06572316744525464,0.07146345807978946,0.052553251394850405,0.06320640338326639,0.057764906655634274,0.05611004809432694,0.052536013284836786,0.06709647020967288,0.03863060454051818,0.037205587446059084,0.039900478644854714,0.041474892692765164,0.03375221940666425,0.04402038693810944,0.03000580349703792,0.030718312044267466
T:ACCCT,0.03750684043336449,0.0023741856458172465,0.07197317321442243,0.07859575236260771,0.04667656540777489,0.06097460698815837,0.06606984377820645,0.057908580620709665,0.06353782015354706,0.05324054602489303,0.05520643222843598,0.05008945727363718,0.06146796881423982,0.03934796847399029,0.038428349591275245,0.04305668840798187,0.039392389941089574,0.03531601148153154,0.03973263947631816,0.030819046790927056,0.028285132891071946
T:ACCGA,0.030703140981533483,0.0020208406945245137,0.07038228602954395,0.07719487475126922,0.050167680186462844,0.06074299989461874,0.06898753401645187,0.056267395657052174,0.0570546556822197,0.05587066619555043,0.054525505365146075,0.054153571494988194,0.060891773442681894,0.04042301278832624,0.03993949875712098,0.041284659587525335,0.03998289104197274,0.03502377277320092,0.04120407391565779,0.03292234640680887,0.03025682033734402
T:ACCGC,0.025076971130248538,0.0017922746270432675,0.0671470855086044,0.07688188835839543,0.04683711867684024,0.06441777103505719,0.07208513676319664,0.05379798610801243,0.06019365490161081,0.05754614549402823,0.054504484404979694,0.05306174051433076,0.06700578584921095,0.03915487930034358,0.03808397661862478,0.03916231612452219,0.04265762348846549,0.03287076286942424,0.044345782577008316,0.03179986018770544,0.03157675546234736
T:ACCGG,0.027009763002213916,0.0014299713279860632,0.0660472543824629,0.07741443762929627,0.04572278880702646,0.06567705875948172,0.0695096722679926,0.05337349834863717,0.06150328457881175,0.05796102057852139,0.05421551192247668,0.05253874351250318,0.0660472543824629,0.03919718360977026,0.03848582731462999,0.0411715602656698,0.0423982869379015,0.03394185751097884,0.04355242623307807,0.0318005298878525,0.03100206874024607
T:ACCGT,0.026523982419262373,0.0008726670488566151,0.06954583094464616,0.07682017962927574,0.04994585642397605,0.06064080514682464,0.06913816166634817,0.05472323077903051,0.058519650933180456,0.05756417606216956,0.056073635263392575,0.05495254474807312,0.06176189566214409,0.03995795910567552,0.039136250716606154,0.041817950187910055,0.04120007643798968,0.03518695458309447,0.042722466399133706,0.03214854449327983,0.030747181349130518
T:ACCTA,0.048503091950345995,0.0038087151869962504,0.07612740134261119,0.07865411766969647,0.05106708967016791,0.05787515303410406,0.061899138198514995,0.06057985794586742,0.058486086824755805,0.04938100861801485,0.05340379115685364,0.05114886820907405,0.052718294580728645,0.0399921107762467,0.04115144182779845,0.04551817528027189,0.03770952744030768,0.036854460658509655,0.03611725118278225,0.032125736908819334,0.026878681537532742
T:ACCTC,0.0374559180635268,0.003361819653527165,0.07256385016819267,0.07821874402580446,0.04737155733804083,0.06091442308083417,0.06553412867247782,0.058514576020240065,0.0633173207944714,0.05218548784009697,0.05571509341099618,0.049735813446465105,0.06081781906780178,0.039194790298109815,0.03874227676337915,0.04391313367148127,0.038863286000756565,0.035389609068981365,0.03913072658420413,0.030819730810375475,0.028239895220236812
T:ACCTG,0.03538528173797234,0.002191420041849805,0.07214893010317798,0.07926106912367308,0.04682539220682483,0.061213444810881944,0.0671550529440764,0.058346142942771184,0.06340320216681229,0.05315024944445507,0.05586125883613648,0.04967606721574098,0.06063233608203027,0.03938237868835696,0.03835068207533131,0.04369704864935866,0.039320027966377166,0.03535535339142204,0.03987453372051746,0.030691519387333492,0.028078608464900283
T:ACCTT,0.0431111419432497,0.003882974534736779,0.07579487544857637,0.07933286335154513,0.05026586469774296,0.058692725656880794,0.06309224267559632,0.05954769252691458,0.05930770182655422,0.05017118086674141,0.05448820108220807,0.05102333534575535,0.05669405310544216,0.03976252170228404,0.04006813485977418,0.04420516204997056,0.0376344791639324,0.03658733224087567,0.03719480870116283,0.03167596005654781,0.027466748163508664
T:ACTAA,0.05177456341989347,0.004414849883241,0.07916342336110789,0.07871263050407584,0.0551162707932768,0.055855425073025704,0.06038434197474647,0.061951166540584586,0.05244162734396316,0.046431664274301065,0.05204923680039276,0.05294260968912631,0.048910112451829496,0.04116176802053571,0.04248129529030969,0.045985434098008204,0.03717398505448297,0.03777534637590831,0.035168230601534706,0.03339791047472868,0.026708107974927158
T:ACTAC,0.047969362832676846,0.004315883431912034,0.07637992665800687,0.07947951566819825,0.05216333657024591,0.0570313167788376,0.06114822116940823,0.06041396048164138,0.05568190257593783,0.047584016097684693,0.053526763381690844,0.05154678179425847,0.052593523652582595,0.04124611325270478,0.04251005054347902,0.04499868982110103,0.037839648115374214,0.03730857025151231,0.03657430956374546,0.032650779171098154,0.027037328187903477
T:ACTAG,0.04919540800564897,0.0037457522397281433,0.07666241890639482,0.07949793680215367,0.05133445871397679,0.05746336996336996,0.06095260161525222,0.06159528222781235,0.0572964936669756,0.04787694734983892,0.05338248598790767,0.050613166953528396,0.05321285140562249,0.04060886402753873,0.04097157862218103,0.04518348117745708,0.03804779557791606,0.0366755483472351,0.03583565029348162,0.03262086808773556,0.02722704002824485
T:ACTAT,0.056121115571035135,0.004060786855545317,0.07939775407250066,0.07905519025827645,0.054674850714021686,0.05535789588767239,0.059293735455354775,0.06220604848995996,0.05293912464012578,0.04697185041727188,0.05156366324623466,0.05323795690359796,0.04818279788214347,0.04074843425429897,0.04195729926437284,0.0456817696700871,0.03705103576095501,0.03785590454027207,0.034906107319308,0.032710158735116956,0.02602652006184891
T:ACTCA,0.04128666098025064,0.00334361262384358,0.07444327800013123,0.07948559805787021,0.0499206088839315,0.05945213568663474,0.0644537759989502,0.059248080834590905,0.06002755724689981,0.05030575421560265,0.05502657305951053,0.050667279049931103,0.05661767600551145,0.03985105964175579,0.040307722590381206,0.04392887605800144,0.03773768125451086,0.03612361393609343,0.038232399448855064,0.03179843842267568,0.027741618004067974
T:ACTCC,0.03920384046182875,0.0027091743783215706,0.07352634234188879,0.07874645882694742,0.04866864479399052,0.06092653134429799,0.06478524312821013,0.05920012753991653,0.06205718948592813,0.05143760350818678,0.05539176045989887,0.050644674421848765,0.05796353575050843,0.03924474553374301,0.039082174094083766,0.04400441774776674,0.038480135343345635,0.035798231012966905,0.03856928742315877,0.03161962058972528,0.02794026181343721
T:ACTCG,0.02940279049124851,0.0018085490000277385,0.06961804110842973,0.07690771407173172,0.04827050567251948,0.06169593076474994,0.0699065213170231,0.056336856120495965,0.05886660564200716,0.054578236387340155,0.05547696319103492,0.051571384982386066,0.06324373803777981,0.040137582868713766,0.0403539430251588,0.04156888851904247,0.03990457962331142,0.035244514715264484,0.042561926160161995,0.03173282294527197,0.030811905356300795
T:ACTCT,0.04093228979066062,0.002929621919280102,0.07540475943370309,0.07961566168704709,0.05065292641681064,0.05858328093235084,0.06324137215279516,0.060396456676088665,0.058772534966208996,0.049963064938553486,0.05498898053125439,0.050911624471157074,0.05551171848767712,0.040249296402341865,0.04055683420736137,0.0452904744171281,0.037880568494697835,0.036894616027985175,0.03725023046257349,0.032311310675759,0.02766237690856588
T:ACTGA,0.04230561815457634,0.0028363129561634792,0.0752478717464923,0.07941404599771519,0.05122139405868505,0.058615776039947456,0.06401740365976742,0.0606241518568477,0.05782655294247093,0.04956348219901191,0.05497529772456521,0.05139323006872082,0.054249239642635436,0.04002352727030687,0.040979152828094716,0.04490421331029508,0.03765789555902397,0.03718313915185006,0.037562808438846074,0.032069489667426,0.02732939672655797
T:ACTGC,0.03559143572656384,0.002256947452103629,0.0730904492143513,0.08033577988362044,0.049475752973492174,0.06013682202549725,0.06520893847436127,0.059086788050979104,0.05941690872307784,0.05109170810017959,0.05555555555555555,0.050286136664183544,0.05848814356688168,0.04040272797094168,0.04001101043874288,0.043876213410021424,0.039221800668710914,0.03621510393507691,0.03963372967063004,0.03248271919338912,0.028135328301639825
T:ACTGG,0.03928021719432762,0.002711579398695963,0.0738968192955923,0.0789632354049532,0.048676116160778736,0.059628786622651656,0.06517337192183818,0.05911209592191187,0.06191495455299136,0.0519839415544937,0.05539644496699712,0.05050086338429897,0.058206840415429374,0.03963444760990773,0.039612674581999734,0.043447239766258174,0.03861697726728402,0.035711115465716696,0.038659685898949706,0.0315390683488843,0.027333524266039605
T:ACTGT,0.03898604083811637,0.0025909671800882494,0.07546014831516301,0.07970933449050774,0.05136228953517676,0.057256273868586144,0.0642388372186657,0.06082174294921406,0.05706912774996682,0.050745676626419066,0.05501275725135289,0.05179250192738134,0.054340224187629266,0.04040044795772138,0.041380169072724536,0.04521703730545378,0.03879442110709977,0.03718392064408089,0.03751496796147921,0.032969032163781935,0.027154081649391065
T:ACTTA,0.0497736179503491,0.0043234455622835335,0.07864665551445468,0.07979329139473333,0.05498060143408022,0.05555293766541793,0.06091110430459675,0.061824093490092595,0.05294944592355237,0.04702385159704388,0.05263431739823607,0.05255185385890096,0.04992774623220162,0.04072618963472579,0.042247838277218855,0.045753520407762566,0.03726173927384963,0.03770350823457343,0.035381766918769486,0.033136598889491005,0.026895876037666203
T:ACTTC,0.04418066040878441,0.004159551452205044,0.07626837829213814,0.07880443358217591,0.05203603249797501,0.05739479709804444,0.062027722161248584,0.0611283123003503,0.0568583070055788,0.04943247763747997,0.05400491607261201,0.051346134290833734,0.05299329913355097,0.03994922629713136,0.04175330572571681,0.045760325681044364,0.03809079656506082,0.03718788023296995,0.03663648763793581,0.03265050650976377,0.02733644941739981
T:ACTTG,0.044518651003094045,0.0027107877603316727,0.07536866527039805,0.07986985980741937,0.05085594498975179,0.057722900981180214,0.06343168758893752,0.06064256953212568,0.05818449022829551,0.049752793314322696,0.05463631429844962,0.05156744518278002,0.05518089635969272,0.03939734161893803,0.04065808639085699,0.04467064907840676,0.037557512155183506,0.037146278098662604,0.03674903159508459,0.032279542178067146,0.02709855256802147
T:ACTTT,0.0513080575159249,0.003650737175844065,0.07818011962419198,0.08038011249489684,0.0549305465411821,0.05593806391211328,0.06021160555089611,0.06273308927827993,0.05328677320703271,0.04791626172046034,0.05206604955667218,0.05266329616907998,0.04975844468373169,0.04048968841617328,0.04204737214853416,0.045494991670158455,0.03693243916727142,0.03817199491802319,0.03450444336682981,0.03279610283133903,0.026539810051364555
T:AGCAA,0.04430798191594352,0.00324560971182592,0.07640766300473739,0.07925538500744687,0.05109851867968597,0.05752602798677234,0.06301892190461994,0.06067967875676319,0.05671763075299347,0.049315837493523806,0.05415960946900623,0.051300467728421804,0.05405683182813174,0.04040303260154852,0.041766188680515404,0.04542952038303003,0.037544491899799616,0.03682024010299401,0.03725599325874842,0.03239539219587134,0.027294976637620462
T:AGCAC,0.035019782351324906,0.00185486300244954,0.07201040529106871,0.08000585336541269,0.04796879658076282,0.06090613521429778,0.06730124827687664,0.058141354104477905,0.06080728183565275,0.051084623940731565,0.05659784032610718,0.04936986808911749,0.06034570661095591,0.04064975469573008,0.03994299195707117,0.04362625327792355,0.038922544875152856,0.03586509549469889,0.03980911179071728,0.031875155188128876,0.027895333731341426
T:AGCAG,0.03477709590415422,0.002231323716468741,0.07204153117004929,0.07966247544590355,0.048050033432291375,0.06052256087306536,0.06563882838456439,0.05900553814430845,0.06228346306526434,0.05208444702065405,0.05619630100736088,0.048945221320613075,0.06038097208504805,0.03982863711255962,0.03966797718166651,0.043464290440791906,0.03972981391765774,0.03560351209543893,0.04027305253290783,0.0315326899615861,0.0280802351876456
T:AGCAT,0.04406350264205061,0.001859984942608292,0.0773555981342537,0.07952778649334835,0.051585969998886656,0.057421293207278935,0.06271084435842197,0.06155935095946105,0.05748513530242078,0.04998291056111752,0.053908420850205425,0.05188649498333488,0.05272422784153769,0.039739368539394075,0.04126457176357559,0.045429879190513375,0.0377805062055295,0.03747998122108128,0.0368376674589834,0.03253377597185965,0.026862729374137254
T:AGCCA,0.035379265012880745,0.002428046623215548,0.07165481260672489,0.07973079659990866,0.04682973227171936,0.061025691860526865,0.06733684293754108,0.05781996226054386,0.06288080208735303,0.052639342733974595,0.05628937831385586,0.050183563865001786,0.06147589831824581,0.03953261135086719,0.038724835937214194,0.04254716546945972,0.03914376986248346,0.03544062998221596,0.03967068253187143,0.03097691851086101,0.02828925086353493
T:AGCCC,0.030658864334215982,0.0012849482118279958,0.0684858360634517,0.07963157203419675,0.04381958946380539,0.0637800701676905,0.06939957701408493,0.05538126792978662,0.06779101221557433,0.05475021558575554,0.05740291978306267,0.04871762168459566,0.06639850907934888,0.03902244947298087,0.036680036473492945,0.042062541760816884,0.04025219250237477,0.03361329340793013,0.04138009148831268,0.030173439454192073,0.02931395187250268
T:AGCCG,0.024033740523979732,0.0016104324600337797,0.06539926941356691,0.07728602851643819,0.044876075258258374,0.06590989433991909,0.07252837896225303,0.051101771475706034,0.06299835028869948,0.05749931262029145,0.05602144624690679,0.05223594799481519,0.06996543462037001,0.0390677167210024,0.03707431556620448,0.040147884834439686,0.042293491496131035,0.033136611807219454,0.04464531207038768,0.030671864566557995,0.0314967202168192
T:AGCCT,0.03451243094526479,0.0020474155204297097,0.07082746188965523,0.07997817061601706,0.04604571929860353,0.06233833796491269,0.06658982179470178,0.05785879681914691,0.06419777013862679,0.05283935001479094,0.0567323539740991,0.04926839504481727,0.06309755752800442,0.03959745333568434,0.03827428373244578,0.04337460709294683,0.039013830619718436,0.03474704581984783,0.03950637613281825,0.030983007179798055,0.02816981453767026
T:AGCGA,0.02877906151531496,0.0009311039827405115,0.06860646663070939,0.07800266840775541,0.04940528571834105,0.06257132313282425,0.06839640048826184,0.055667527748601925,0.05743889630113266,0.05684276265364635,0.055565333409032844,0.053799642319811505,0.06156073466375223,0.039770630482300506,0.03922559400459875,0.041655548301019106,0.04095722031396372,0.0354160161239958,0.041167286456411274,0.03284980270815,0.031390694637635906
T:AGCGC,0.022632964147409375,0.0003794243590438506,0.06478520365451906,0.07769767707975742,0.046506585722803404,0.06546575845724852,0.0719822212586048,0.05225215458832457,0.06197866791936931,0.057521937352822496,0.05596208165453111,0.05177034587842762,0.06732072199035179,0.04007443944567908,0.03805686547298559,0.03973717334875121,0.0423088273378262,0.03317252967640522,0.045247860468197613,0.03303400967230985,0.03211255051463193
T:AGCGG,0.02418052439824282,0.0023315162572274247,0.06591080710147883,0.07819122842796276,0.044260225875972156,0.06639033881395823,0.07099274088200765,0.0515524150209175,0.06257613254917956,0.057367426017075736,0.055531977048620104,0.05262171562115892,0.07286126100304806,0.038803485699482436,0.03619637650404846,0.03876490268813352,0.04278304772718504,0.032696346188825255,0.043984632937765604,0.031026252983293555,0.030976646254416377
T:AGCGT,0.02570320968601297,0.0014820530721980317,0.06825405574234324,0.0772259885967652,0.04945892814492275,0.06199513739611849,0.06849902319229333,0.05642212790975399,0.05884118147801111,0.05568110137365498,0.055283029267486086,0.05482371529882967,0.0628402750984463,0.040842198092928404,0.03983783154813304,0.04206091115643009,0.04063397576047083,0.03493235836288253,0.04136887811032109,0.03328495226196819,0.030529068450029704
T:AGCTA,0.045827325079657075,0.0025990468634625495,0.0766952436617886,0.07951507667050828,0.05145324922083561,0.05767007404122929,0.06294145777487875,0.06086002158390698,0.05676402633309942,0.04931867777498868,0.054000993079591116,0.051272772579276885,0.05444164924502132,0.040758404989583656,0.04076298561500393,0.044774697358078486,0.03764357970379844,0.037055427399835465,0.036120063689015845,0.0323456283427114,0.027179598993728207
T:AGCTC,0.035352056039040666,0.0022530461216661453,0.07255503538846222,0.07978579927286929,0.04764079676580731,0.06170102913652814,0.06585050629413215,0.0582962238516746,0.06176225771273207,0.0521890870819288,0.05580819238349609,0.049558740544735747,0.06099441827060714,0.03984739191087767,0.03922931425649478,0.04375195476366597,0.03917387757263447,0.0354041830701332,0.03945188840512798,0.03136144221429009,0.028032758943095485
T:AGCTG,0.03474574574509927,0.002068598952073475,0.07250106723689301,0.07947604965412483,0.047819962787177143,0.06091872143405638,0.06616416654449683,0.058229478213190335,0.06248098832917525,0.052935595724852444,0.05625646235350115,0.05002612389247935,0.06097878378264922,0.03969346243939677,0.039246546899329694,0.043328849108526205,0.03910704725098506,0.03553882707920674,0.03938927570620082,0.03119625469277463,0.027897992173811396
T:AGCTT,0.041969159115476495,0.0018933580665394419,0.07600539815568574,0.07990304672173809,0.05147681929190077,0.05809439766191131,0.06287283306420402,0.06101033590007073,0.058174469192478616,0.050754507359908184,0.054949087851814286,0.051222425366660884,0.0554445304471995,0.039628735003269584,0.04086150294262875,0.04464321460504717,0.03784714344814701,0.03669027664713811,0.03690880519931138,0.032157894385651184,0.027492059573218743
T:AGTAA,0.05076756147493452,0.004119376878740836,0.0786315593237521,0.07999580759975636,0.055349133298568484,0.05553040306320129,0.06029839924193156,0.06256899634109987,0.05246170354060228,0.046655916481888916,0.052458267146959954,0.052737474130399115,0.04949094123680962,0.04109325427337027,0.042216095896000984,0.04547207887210688,0.037359612580980764,0.0378836626114358,0.03501942851055531,0.033023742902773254,0.026866584594131843
T:AGTAC,0.05141916122841997,0.003952284063612175,0.0765020108470055,0.07996570332010915,0.052269773328887464,0.05738977768402142,0.061113417215027936,0.06177349220499071,0.05672425877661565,0.04798541030125278,0.05265493048797915,0.051240872932161986,0.05211870461984444,0.04028362809877988,0.04103624968527352,0.04437473205718835,0.037715460045048416,0.03698189216960525,0.035612746932692764,0.03208644940899471,0.026799044592488754
T:AGTAG,0.04966480507561935,0.0032355746793066727,0.0769651925486512,0.0804286925408125,0.051929586755730395,0.05687399830442862,0.06077525961175516,0.06132638060632957,0.057883381832784825,0.048030737356476394,0.053652895073557166,0.05139173125555493,0.052914851203361236,0.03955288048151333,0.04085531084068262,0.04417409634849177,0.03759802898872312,0.03726156781260439,0.03610264598375097,0.0321242036181033,0.02725817908176248
T:AGTAT,0.0555846428987394,0.003979583950607877,0.07856412779515157,0.08015443746469153,0.05482595307008139,0.05491521069698233,0.05955660729583134,0.06297669831684063,0.05350232777359912,0.047378383762078355,0.05155172207351998,0.053001614256837734,0.04725102836759774,0.03990251325530185,0.0426183398299098,0.0452351122088106,0.037370644472721454,0.03869318126155859,0.03457753385530903,0.03259862695645643,0.025761710437373256
T:AGTCA,0.04177091680157861,0.0023267929271101745,0.07563167210597342,0.0795805231546266,0.051038374172909996,0.0579611282298074,0.06367999277354808,0.06100667278734686,0.058541269036600264,0.04996920192092798,0.05476295602376942,0.05141682844418695,0.05459241798794709,0.040011805281383865,0.04092445632240566,0.04431029823909744,0.03828851453583674,0.03664153761453887,0.03761181337999379,0.03237029959405718,0.027562528666353624
T:AGTCC,0.037577955660341486,0.0027046811423356277,0.07291468608586531,0.07934602806403772,0.04783221470129673,0.06112508080769669,0.06464734570483326,0.058646185876715974,0.06270320759021941,0.05172524432444765,0.05500389778301707,0.05002234095143933,0.059520810358596035,0.03965994219872989,0.0392416435334829,0.04445017492489638,0.038905340913412176,0.03555895159143629,0.03903843594326349,0.031335561090618705,0.02804027075331787
T:AGTCG,0.03548562366001939,0.0030544215689153865,0.07044993979265177,0.07685981967164968,0.04885606038356486,0.06011923991894035,0.06755705013363095,0.05740990924843608,0.05876090340391788,0.05462715498252518,0.05373138711856442,0.054524361948955914,0.05837910070780346,0.03840788275720285,0.039553290845546124,0.04212311668477782,0.04012599488971776,0.03616112073776029,0.04103644747275985,0.03284237422538107,0.029934799847278922
T:AGTCT,0.04124689305624219,0.0022208617558384072,0.07593366274835271,0.07972048392756968,0.050634111104564936,0.058806301748597765,0.06328559462484855,0.06057376958196397,0.05904452567396452,0.04997067028015646,0.05471380255761988,0.05134195208710628,0.05547031294426841,0.03986878045573347,0.04055783675598783,0.04405776460573087,0.03810643571753644,0.037178301642720464,0.03700582410535816,0.0325282389274971,0.02773387569834191
T:AGTGA,0.04258407049934493,0.0025920672212993603,0.07509669700283167,0.08004352414315659,0.05099207424132245,0.05778699876462855,0.06370365735572517,0.06141909766759733,0.05916048154306212,0.050357219979290935,0.05422281095459342,0.05074484734120441,0.05460051871866266,0.0396295564337367,0.040478826618401464,0.04431618489214727,0.038108805779615534,0.03687648650896541,0.03749150157530844,0.03216696667091429,0.027627606088191328
T:AGTGC,0.03682017673406839,0.0013586909308249096,0.07251448169937139,0.07985813089070125,0.0490379703728929,0.060329120580634776,0.06634303644836105,0.0586820118818854,0.06075421825464393,0.05184685827336213,0.0554457096988293,0.04985804980940103,0.0602665721490367,0.03964180598171501,0.03948890981558637,0.04359046530241587,0.03875801980931995,0.03624334119821945,0.039269990304993105,0.031948348895151454,0.02794409096858563
T:AGTGG,0.042130523993880085,0.002935576490685742,0.07367209741069107,0.07914053278756256,0.04868534012241572,0.059421286974129524,0.06548205645178827,0.059368229147186764,0.06274392466136494,0.05156611918527532,0.054392970620750485,0.05095551927521269,0.057468584982547456,0.03893313757024726,0.03929497455398808,0.043062950067366046,0.03827904763810039,0.03572705314219759,0.03837472568668571,0.031047526765934093,0.02731782247199025
T:AGTGT,0.03936590237786608,0.002176841836843112,0.07504621857668034,0.07933020251174058,0.05185150555685416,0.057203085488429416,0.06456830786884549,0.06067787245797828,0.05802078242206592,0.051947555196668015,0.05435304617607684,0.052358103657111285,0.05477294460145774,0.03942540215474192,0.04063239762850889,0.04421258420280924,0.03855925540279224,0.0374542595465267,0.03825240655347543,0.03250982808814467,0.027281497694383646
T:AGTTA,0.04914309952770683,0.004168705000345141,0.07798189459488931,0.07957854762597903,0.05563075297796799,0.05557673088293112,0.06070983032060113,0.0626456220594223,0.05269855370846676,0.04744740598904952,0.053091714511235094,0.05327078775219064,0.05008048291751326,0.040527575778493405,0.04239333887560012,0.044504202218707455,0.037203216115391194,0.038195622009401846,0.035481511938382795,0.032778406368204595,0.026891998827520455
T:AGTTC,0.042372852348361544,0.0030087232436706423,0.07413302390377562,0.07979192231401282,0.05046286075156469,0.05967985678614276,0.06433156883181784,0.05919466165555082,0.058354341341192294,0.05020100941124523,0.055043547760486464,0.05138960912269532,0.057937604077350546,0.03974492598848881,0.03974492598848881,0.044264000917335414,0.037600483312539255,0.036452958321139275,0.037269318382135236,0.03160271846188865,0.027419087080117952
T:AGTTG,0.047261990988533426,0.002780808774421733,0.07641051086925849,0.079832140270344,0.05233682002464514,0.05641573149968488,0.06206083210264418,0.06237830287181706,0.05800896443386731,0.050279139113339415,0.053631395272272335,0.05166777977405488,0.05301997008719864,0.03886665287040608,0.040438721086643654,0.044610522157108055,0.03769436265979362,0.036868938659944124,0.036348051434967873,0.03220564580609356,0.026882719242961556
T:AGTTT,0.04999095901372094,0.0037666030238183716,0.07815897043811053,0.0805751206295374,0.05476773207927023,0.05611035413614444,0.06063938993987388,0.06252945439427528,0.053580301755375113,0.048214796748662005,0.05251745195107332,0.05299228170289468,0.050119810865414595,0.039962583130801005,0.04165616630858666,0.04474789886055097,0.03703458497601647,0.03781766252774586,0.035056246324874675,0.03304943212639726,0.026712199066856315
T:ATCAA,0.05357894015261752,0.005108542904593794,0.07890587755076604,0.0790040288783017,0.05501381908373399,0.054933584268367544,0.06004758002449109,0.06220301433632565,0.05443581682157958,0.04754107555159488,0.051678231905101686,0.05281086706571154,0.04749122090903709,0.04017427313489108,0.04225726241925885,0.04562712466464963,0.03687685591696709,0.03797287907444856,0.03518880887911184,0.03268205513300284,0.026468141325447992
T:ATCAC,0.04406002022919469,0.0033242614779825028,0.07588659138069467,0.07907842462539494,0.05160947226827666,0.05704320080082585,0.06363958665707344,0.06194617365825174,0.057336211301237734,0.04965745925485657,0.054022377243198715,0.05150519806884182,0.051951491642422916,0.040048591776936635,0.041779543487554874,0.04606312760033785,0.03808198037559567,0.036882827082095074,0.036669064973253666,0.032432404250216366,0.026981991845757603
T:ATCAG,0.04555282611914034,0.0034236647751701857,0.07676739380389369,0.07883471287579863,0.051860276889553567,0.05725995118928469,0.06282451457451081,0.06092031158718156,0.058478889321304114,0.050210499534144006,0.05351537324772103,0.05147996819236351,0.05315545406110293,0.039288813871249995,0.041056495787793065,0.04516808491965203,0.037573435481826296,0.03645555840220703,0.03711777424556595,0.03200266659338263,0.02705333452715395
T:ATCAT,0.054103461967584816,0.004070313749234177,0.07923412344073116,0.07970754108492592,0.05447806378471804,0.054346009906735826,0.06030011265004285,0.06303551440824591,0.054401706100170505,0.04825536165694379,0.051517182275674596,0.053427022715063666,0.04684409198136513,0.0397778620207657,0.04118464006784156,0.04653596626607329,0.037029883702754805,0.038636988381055386,0.03463404905936316,0.032592154741991876,0.025887950038717838
T:ATCCA,0.04737663049999143,0.0034517912339684337,0.07604714808910829,0.07809504220261664,0.05075741065868078,0.058264179156861835,0.06255749244385024,0.06058224184413314,0.06005006688916804,0.051472418727008126,0.05263553116692418,0.05192705285264549,0.052269864940199695,0.03933850326610135,0.040326944785215986,0.04559890496024604,0.03768484305328034,0.036080155995824224,0.036638449966983934,0.031847242933785845,0.02699808433340598
T:ATCCC,0.04085498753328697,0.0037368336245059957,0.07263980528181556,0.07777066336482522,0.04723463710840104,0.06031620503078515,0.06624849466560374,0.058196015740285295,0.06356115473989518,0.051853469477754974,0.055503375341350476,0.050479586817511066,0.05936636022864121,0.03879416354292111,0.03847401496005563,0.043469180928473294,0.03867119256407212,0.034970402157504625,0.03853656054412538,0.03117950370609088,0.028143392642095085
T:ATCCG,0.030364648932457244,0.000971183174251506,0.06742135692499128,0.07863548764017664,0.04873366818919862,0.06311931895779906,0.06815733167422874,0.054226923018558706,0.059014552572876675,0.05647278410901531,0.0559947798904384,0.054196573544363344,0.06500098635791135,0.03819481327486001,0.03924187013459992,0.04166982807022868,0.03981851014431175,0.034628750056905265,0.04119941122020061,0.03185177316802986,0.031085448944597034
T:ATCCT,0.04479643077806308,0.003521613641176975,0.07605862821596664,0.0784854260854954,0.05057331239968565,0.05836742052302614,0.06230385644698589,0.06052029566151902,0.06036889427982826,0.050526929317433564,0.054071296923488915,0.05126555802348559,0.05490356694654044,0.03939761503441975,0.04011524008058404,0.045591069243815736,0.03768056583859738,0.036366961943118586,0.036787035140873295,0.031433727326986724,0.02686455614890895
T:ATCGA,0.0411522633744856,0.002164304221917391,0.07537722908093278,0.0756058527663466,0.0544200579180003,0.05679774424630392,0.06531778692272519,0.0598079561042524,0.05547172687090383,0.051874714220393234,0.052049992379210486,0.0568129858253315,0.05198902606310014,0.03898033836305441,0.042379210486206374,0.04442158207590306,0.03854595336076817,0.03690748361530254,0.03824112178021643,0.03285322359396434,0.0288294467306813
T:ATCGC,0.03018666771961344,0.0018459473065950663,0.07065930920110955,0.07555551168277347,0.05012684718122859,0.061074203133174736,0.0687146481348035,0.056878868345458675,0.057954848326308206,0.05427282508908917,0.0562273575313663,0.05396681243398517,0.057885748694510526,0.03946576113244425,0.0405022556094094,0.04383878068764005,0.04053186973732269,0.03596142266270495,0.040995824407964225,0.03338499353424874,0.02996949744824931
T:ATCGG,0.03060490342575682,0.0014112568487464718,0.06956666113232608,0.0760049440109211,0.04876676444001697,0.05990923681443356,0.06783256774955264,0.05584149648569373,0.05825815854040991,0.05538030143708377,0.05522349512055639,0.05575848137694394,0.06321139336248086,0.03909089232018005,0.0384821148560149,0.04212555574003358,0.04177504750309001,0.035631929455605366,0.04167358459239581,0.03227442950172487,0.031176785286033168
T:ATCGT,0.035557829933396914,0.002713746287982756,0.07361230645173795,0.07930342009567894,0.0527784885208532,0.057438378575360736,0.06492831833019314,0.059221697564606546,0.05416637590813581,0.05246059252711808,0.053468555434083104,0.056383894303458866,0.054398982732820046,0.039550913757142966,0.04221038511936607,0.04396268986532065,0.03911671435106573,0.03797694091011297,0.03864374714087444,0.03305342978762997,0.029052592403061107
T:ATCTA,0.05130583984869019,0.003770475712284861,0.07852216228051961,0.07932061596076817,0.053711582674876454,0.055962542518130376,0.060026539618780836,0.062008516839255984,0.05463461778041202,0.049338963407037716,0.052038227621589585,0.05378803036766621,0.04963909138613824,0.03930072068466931,0.04147806423116272,0.04517114845198141,0.03747541404447934,0.03827669912075715,0.0354707856557702,0.032360025218300635,0.026399936576728945
T:ATCTC,0.043226055796714104,0.0040258127157838195,0.07505381952962463,0.07890317477122934,0.05041433075705421,0.058739680465641146,0.06325957410912647,0.06035534231458838,0.05967189239020687,0.0506940804112406,0.05470784237269024,0.05099190619692826,0.055903449356274525,0.03941371358627867,0.03988024993264489,0.04446384042046803,0.03791167313533944,0.036590393999412954,0.036645483162083506,0.03168401544906706,0.027463669127602855
T:ATCTG,0.04187248884142922,0.0029638393165807527,0.0752721462099271,0.08026027702448356,0.05024929130591769,0.058986394610083814,0.0628736488718512,0.06000660679578087,0.0593812658928009,0.050508185512679674,0.05457520607825212,0.051646705436778344,0.05561308760150266,0.03958546197635382,0.03989505949957363,0.044916992525101986,0.03780393181172168,0.03680523012391583,0.037596509153485086,0.03191005538953207,0.027277616022248
T:ATCTT,0.05052240456234058,0.00407954068927671,0.0781384396126655,0.08002289749451415,0.05362199756972975,0.056383601074762243,0.06045648551563368,0.06227438091342957,0.05554121585991703,0.04837983215899855,0.05271083112136338,0.05295637272920237,0.05083228990476388,0.03957731343460199,0.04147730256272959,0.04527580165267252,0.03677725160545014,0.037702470133783195,0.03452374172868688,0.03229241934660786,0.02645341032887044
T:ATTAA,0.05458091512367866,0.004270804169787954,0.07977443495236726,0.08047688229403915,0.05701741110951369,0.05441886039584232,0.059849270186217905,0.06273724938267869,0.05038199515223055,0.04676823777779459,0.05085176469401293,0.05471648619949505,0.04668500344287476,0.04051683477480068,0.04204531983423756,0.04554494527973042,0.03707017663334771,0.03880674753008417,0.034188503068320254,0.03318464654413564,0.02611351145481006
T:ATTAC,0.05268964200093483,0.003333467358908764,0.07871154513059955,0.08010750526469214,0.056075881930169325,0.05552553941105812,0.060843004116260486,0.062192474128875644,0.05138163615071846,0.04659064065900376,0.05222725376569984,0.05401398221815678,0.0484816577623425,0.041057059713419816,0.042087381324541255,0.04638206335724015,0.03661536837767067,0.03793468263581398,0.03428583634472048,0.032805691396060654,0.026657686953112828
T:ATTAG,0.05392229174237327,0.003374865527079878,0.07972310271752231,0.08038272462224653,0.05633890653877197,0.05479059403150115,0.058998981783641616,0.0636870945573997,0.05272297918832925,0.04749997301546753,0.05140613400398891,0.05345096190863397,0.04741362251157637,0.039805183668721086,0.04197474007898672,0.044982615964529134,0.037617637570144795,0.038562695862731484,0.03444305723959026,0.03288155229422495,0.0260202851725391
T:ATTAT,0.059012005694550555,0.004346801339430676,0.0797850022584103,0.0811699659888517,0.05703598789579644,0.05362027913805345,0.05885658036547573,0.06388272903527571,0.04976164467726624,0.04688445184843039,0.05014838375900172,0.05547370794486122,0.044231275808448864,0.04024056630276708,0.04155256039514518,0.04524847256305124,0.037415181916956176,0.039952336232417056,0.03304575998972587,0.03301146425983612,0.02532484258624829
T:ATTCA,0.052116254748410605,0.004065394194450334,0.07839468681154785,0.08013556105818129,0.054434305716780894,0.05630168445037035,0.06007238069225268,0.06316383409224045,0.05452415265353943,0.04790710545514661,0.05216369393101911,0.05258992779900162,0.04825499279427567,0.03946796237929064,0.04168107212552695,0.04584350101167651,0.0371103787587466,0.0381058828180312,0.03517399757772659,0.032290270295524545,0.026202960636260066
T:ATTCC,0.04797960257890961,0.003912881078411424,0.07731665773467494,0.0784744731319002,0.051989923566988505,0.05751342903460932,0.06136517134617056,0.06125913379741479,0.05809520261291805,0.049028514547682985,0.052994892047088314,0.05210264816836852,0.0524360455063484,0.0393437517613219,0.04052736007581207,0.046097674911802555,0.03737107123717161,0.03706060093676054,0.03639762743372892,0.03167465769455263,0.027058680797364155
T:ATTCG,0.03996398661916626,0.0036323841013342025,0.07525554753533426,0.079027638717489,0.05329825133303839,0.056806451362532116,0.0636055292957987,0.05959283147445301,0.055743125247397954,0.051645050876661935,0.052188356190964055,0.05666674428171157,0.05211850265055378,0.03980099502487562,0.040305492816727594,0.04379040833275122,0.03876095342321156,0.03756568173174688,0.03830302465829977,0.03267593390302776,0.02925311042292438
T:ATTCT,0.051143189074700474,0.003847511564926922,0.07862635538836026,0.07993564210371026,0.05404166534947681,0.055792869261003804,0.059950579036660026,0.06293335546212289,0.055245576876468666,0.04815250951011075,0.052196940958281965,0.052589463534916066,0.04899353523219423,0.03952096439372385,0.04172659880504537,0.04558069631924467,0.03682796973624591,0.038180065121866405,0.03516370035511438,0.032945552640175346,0.026605259275650956
T:ATTGA,0.056551495273358746,0.004002700288439902,0.07895388825624555,0.07963236982132182,0.055443422365570864,0.05469447872840963,0.059144954120099194,0.06363861594306665,0.05549797364718504,0.04839494218700634,0.05045198009787409,0.05428761708637059,0.046082195143572154,0.038258632172072926,0.04097142194734438,0.04593672505926769,0.03719942812073108,0.03862230738283408,0.03455141799237646,0.03234209108700248,0.025341343279850347
T:ATTGC,0.051636984823200775,0.002671821854226129,0.07838255990321864,0.0793157218022487,0.05496080416062543,0.05579669836985431,0.059989847684877,0.06292003684013751,0.05597299605761895,0.04928584238378791,0.051583791555340756,0.05378143342178614,0.04811711029852062,0.03894659091945323,0.04100289067415628,0.046060810543817575,0.03728240153926119,0.03842833650973133,0.03504524467383408,0.0325922751216606,0.026225800862642822
T:ATTGG,0.05481800772857996,0.004594592739527637,0.07742170179761554,0.07902644602005587,0.053151489776447736,0.054753488499790656,0.06083751449966711,0.0619549326323159,0.058801726918932276,0.049874736603680345,0.051394370354100744,0.05313227128276581,0.04874770922419059,0.03793044278036693,0.040640250389517685,0.04480105427165341,0.037658638369722636,0.03718778527451559,0.03521926242166748,0.03195074574619233,0.02610283266869376
T:ATTGT,0.05546850614571138,0.004414459350575684,0.07899984548873779,0.0797267743129693,0.05585530279540946,0.05427908052318135,0.05926077249409176,0.06442601140064978,0.05389332086182027,0.04904436339804486,0.05033126592425215,0.053630962812561245,0.04604850409247447,0.03841315896720109,0.04135302090257391,0.046268345619916815,0.037219585391323105,0.03872529245663574,0.034361645534572674,0.0326889833470043,0.025590798180292865
T:ATTTA,0.054621789047001254,0.004060875628438404,0.07945529939723331,0.08093167147709379,0.05711480071534148,0.054276279337780634,0.059705555261948075,0.06333795338914906,0.049611329990754204,0.047272320182938296,0.05105246917263495,0.054722373288007914,0.04670461590742613,0.040591708107942236,0.04189475706064434,0.04462360183642956,0.037269018519434066,0.03939833575701575,0.034016794726885374,0.03327008459873423,0.026068366597166933
T:ATTTC,0.053140090376720406,0.004121540215702551,0.07898046790463609,0.08057998727361407,0.055908240819398373,0.05558136004367024,0.059222269237353554,0.06348722354833604,0.05196499920863844,0.04766193034080228,0.05120141605268853,0.05337846785941543,0.04814837544776529,0.03994599361096666,0.04167729890533701,0.04587248419699412,0.036819307930088856,0.03860810806445882,0.034929084313921825,0.032763014667644294,0.026008339981847133
T:ATTTG,0.05490209049515921,0.0039638897387651575,0.07924020810984929,0.08073615739491333,0.05513512782097321,0.05506596835653809,0.059305744219734655,0.06336886275529803,0.05344447960885813,0.048191367245025214,0.051271970345624425,0.05311146175293684,0.04754713179914588,0.03890746087791926,0.04129722106747633,0.04556556279641784,0.03705368653773438,0.03879244568163042,0.034766913811520916,0.03249667921810715,0.025835570366372265
T:ATTTT,0.05763082026776194,0.004299198293906244,0.07961217961375933,0.08109987757197583,0.05774811421349868,0.05375419612179614,0.0588622092334426,0.06384739939180917,0.049830575411713596,0.046884009320327,0.05030251569843213,0.054574858812843095,0.04629872437897398,0.04011215986730382,0.04191264168081829,0.04535247423087556,0.036673907033687454,0.03905019548990956,0.03353659018206232,0.033161012598238615,0.02545634058686466
T:CACAA,0.04405851665853291,0.00349130746288348,0.07599701687444914,0.07949382149743862,0.05086583325647489,0.057594968021798074,0.06403702887047408,0.060306900340762845,0.058008476620883466,0.04910368804471512,0.05347270873785815,0.05173621693992642,0.05312699844674687,0.039965575561825034,0.04161655598032994,0.04565574706711238,0.03759263478273085,0.0366739982494599,0.03777953822633518,0.032366667908617655,0.02705580045064497
T:CACAC,0.031040486062042967,0.0030179350027569655,0.07441051453749013,0.07695306697763421,0.04799305263697969,0.05867443325435628,0.06944290927794108,0.05894015342093337,0.05879605011247976,0.05475957392293862,0.05716910792451014,0.052895098808946564,0.0576093356140717,0.03884170077375559,0.0395460650770541,0.04442752506209902,0.03822031463928092,0.03644990256399375,0.04095194328853884,0.032389039660714304,0.027471791381481998
T:CACAG,0.031851100153571656,0.0020708557320653852,0.0726060545475139,0.07936430782014003,0.04750678783037509,0.060622971733002684,0.0680181644679492,0.05874700388537658,0.06175515570166287,0.053013631605037005,0.05568061498362254,0.050139379229353694,0.0591390724528956,0.04002401018736292,0.039970817258904195,0.04395799409466782,0.039557196384164835,0.03568236668178385,0.04070359570439589,0.0315273569855384,0.028061562560615864
T:CACAT,0.04090661565170682,0.00283772610907179,0.07565467712685779,0.0790728084156475,0.05061645289357588,0.05732582296617774,0.06560342507338995,0.05996040726234826,0.05821634659976454,0.05148421553972276,0.055073054234311844,0.05246179995026724,0.05375746916028458,0.03975547871193296,0.04068355797479562,0.04459218854291556,0.03791980507490356,0.037186332254652205,0.03814855299867474,0.03212315059864242,0.02662011286035622
T:CACCA,0.03627027898027247,0.0030040175434082905,0.07241666000912647,0.0790705893344852,0.04734391227754224,0.06045746102630834,0.06642284272001366,0.05793414045288425,0.06303359056263211,0.05257470775655339,0.055408111727516585,0.05024908227501012,0.06058745231959985,0.03951599908464464,0.03922148756078109,0.04385987480213565,0.038943224948578964,0.03522222417810974,0.03939887151308511,0.031247334162930546,0.0278181367643813
T:CACCC,0.03156567193385384,0.0019221784564335865,0.06923493926833629,0.07804905908755977,0.04460989514624192,0.06330268271696601,0.06942406739702582,0.05663076665240403,0.06679125404120934,0.055588689388882076,0.05636018234947695,0.049892374859441285,0.06499734565225329,0.03823571544268622,0.037233898127350645,0.04107263737302902,0.040226242183250174,0.034086131945894375,0.041710242598957545,0.030381280434882342,0.02868474494386546
T:CACCG,0.023014755088001722,0.0008844629344514691,0.06687756505950236,0.07731797144448241,0.046488120586459764,0.06346138547140938,0.07166957587896429,0.0533251594607116,0.06148655288760769,0.05912798506240377,0.05595982947180248,0.0533251594607116,0.06719110482991637,0.039042720963643425,0.03761541305354978,0.03908015854817047,0.04227639232716705,0.03392313127956984,0.04507017207249788,0.031826626546055246,0.031035757572921395
T:CACCT,0.03552258020022758,0.0029736932416211965,0.0720993354756185,0.07926509875912756,0.04610291835726026,0.06154773262047891,0.06678002059089633,0.057959103918345765,0.06415936105824728,0.05315948749357561,0.055749769707080545,0.04940091000596052,0.061085504764313056,0.03937064762802398,0.03834767088063027,0.04263990397483116,0.03938214174878121,0.035025869981790025,0.04016784700340062,0.030846936077910433,0.028413466511879173
T:CACGA,0.0298978104925806,0.0014384309389158822,0.07006611159787655,0.07760030361669329,0.049328341774939444,0.06050312284762471,0.06967721984566151,0.05679693759458738,0.05761689008419741,0.05521325792894057,0.0552413705857272,0.05344684599418068,0.05981436275635229,0.040365089702802365,0.04132560547634554,0.0424219990910241,0.040402573245184537,0.0351455064260848,0.040899230181748326,0.03343063436210039,0.02936835545643241
T:CACGC,0.023219858975840942,0.0010439544561322391,0.0652525719569992,0.07652655762339614,0.04641081955843255,0.06411831002196278,0.07331883597271992,0.05402193388047625,0.062250751358224485,0.057218818633683964,0.056210987169113394,0.053501762801988206,0.06516948907640735,0.040009825453704774,0.038767194543983356,0.04014709282163912,0.04129219165414403,0.033850855392440184,0.04478889723731361,0.03196884753207722,0.03091044387932031
T:CACGG,0.02192342924976584,0.0009469274605532664,0.06654910127663663,0.07614874995282517,0.046039201424508264,0.06419893710823449,0.07219292617739793,0.05345679986550885,0.060267129608980716,0.05939225097694781,0.05611231383097345,0.0530176451011943,0.06489540911726462,0.039709197204505456,0.03916368464570846,0.04084482397785013,0.04242646730870178,0.03388696568074135,0.04544565631336437,0.032583224974182506,0.03079915874415461
T:CACGT,0.026667760167852432,0.0016129142490038887,0.06936898147198928,0.07674328009349435,0.04905719694639794,0.06130099303576432,0.06985763981437818,0.0570226696464574,0.057566003048134556,0.055300405278876974,0.056226464095572005,0.05551568832482453,0.06059705164742788,0.040257929592192404,0.04068507849288199,0.04158379977993289,0.04013832789999932,0.03605478440940684,0.041669229560070804,0.03294172322118112,0.02983207922416091
T:CACTA,0.04667600625269938,0.003812568101148155,0.07629959462688793,0.07850404386536088,0.05215150299371003,0.05704053511881663,0.061869276489017216,0.06086844995757723,0.05716988619297865,0.04831920337277445,0.05357546100503592,0.05116821559096998,0.05297913062923817,0.04087932421737119,0.0414219410115254,0.04557652212232227,0.03786040168989505,0.03685957515845507,0.037038255032085646,0.03262935655513973,0.027300750016991032
T:CACTC,0.03522542111101479,0.002141602282960418,0.07217491609625092,0.07919947773565145,0.048096265066848776,0.06115729675123976,0.0665223598847197,0.05890512020749039,0.062042775431637685,0.05222555026175139,0.0558975003140309,0.049646958500153035,0.0590811544306664,0.03964308397805499,0.03956523969845957,0.04462777165442094,0.03869302992935632,0.03561287332081928,0.03955904753985539,0.031580008881324624,0.028402546923293307
T:CACTG,0.03355175730919686,0.0020404074297142704,0.07294230251620075,0.07937251285740322,0.048260071381067964,0.060128954232351775,0.06669313986175199,0.05938545173208322,0.0615664728651762,0.05230829765688084,0.05638428457799595,0.05000718155824123,0.05879885722700121,0.03999705495762881,0.04014853152221274,0.043770088749576046,0.039213721966274435,0.03597658932711817,0.03966875515231542,0.03201767991010379,0.027767887209705123
T:CACTT,0.04340017543061118,0.0024385935001184195,0.0750455741572349,0.08014031363043389,0.05175665907290245,0.0581397412051327,0.06306475889091441,0.06108441421682267,0.057658348499003656,0.04962819356615562,0.05436728874844839,0.050895706733094744,0.05432408683892399,0.039983367264833106,0.04113978980728091,0.04534889013522969,0.03787495978750832,0.03722230236862183,0.036680735574226665,0.03266372945112746,0.027142371121374992
T:CATAA,0.0519828938349684,0.004424559205076343,0.07878591642873062,0.07955628256289711,0.05456984386629606,0.05504922017249137,0.06051999714056239,0.06295640619152346,0.0540122535311952,0.04690739206674264,0.05216791626893852,0.05391385523676564,0.047708875610258654,0.04052664112796404,0.04187982792913641,0.04594191136584402,0.036928795798308725,0.03802211018085943,0.035387222518912236,0.03271028430379001,0.026047794658738736
T:CATAC,0.04494110985161706,0.004024134586194878,0.07554681518929378,0.07784252417598254,0.05095329162352417,0.056220339000375125,0.06491050721267608,0.06019030057842463,0.05703497838701401,0.0510790138877106,0.0543222394508288,0.05331646133733737,0.0523382807940332,0.04049585678700911,0.04070641602621565,0.04504332307453286,0.03711259910849627,0.03711873190187122,0.03811020016415444,0.03233310880495366,0.02635976805775456
T:CATAG,0.04922617698501961,0.0031613631601229908,0.07636343809202058,0.0801192273316256,0.051417855875196185,0.05662015318231775,0.06102596230739953,0.061762580236829616,0.05936670102078781,0.049158822950833694,0.052845119932945314,0.052114916673437706,0.05208070510051788,0.03912627919209371,0.04030657845782782,0.045507806653295645,0.03777599117341419,0.03774819427041683,0.03607824186726765,0.031686331193684546,0.02650755434294536
T:CATAT,0.05725590078246708,0.0047504459547427986,0.07939877384541721,0.07946871246083245,0.05431079337289348,0.054508312319725534,0.06028554937550965,0.06284407300976605,0.053679040165516265,0.048737223713648255,0.05069550494527496,0.05420319550302388,0.04584898946386287,0.03958448776881214,0.04113389709493437,0.045436274777291626,0.037148164572479075,0.03855154821806399,0.03502771797983462,0.03189047151692245,0.025240923158981233
T:CATCA,0.04320559139259973,0.0032703421844390602,0.07622559639690221,0.07867053381260718,0.051226206677692405,0.05722297829231229,0.06383155639909922,0.061129538200526065,0.05801710617054907,0.05051675525909471,0.05378023178464411,0.051599240810697,0.052767165672926115,0.04017249586534764,0.04106884577594151,0.0463195491245522,0.038215783081795934,0.03681442581731855,0.03679764309558828,0.03194209655862663,0.027206317626740063
T:CATCC,0.039112234947777436,0.0037243568115501407,0.07317276640552295,0.07768871125019002,0.04776964973619912,0.05956375527879842,0.06550159244524695,0.05874343278546296,0.06342993055529808,0.05380481330016203,0.054650162581429754,0.05117607364920229,0.057625569591154974,0.038902751463603634,0.038987101008116094,0.04396465105242278,0.03891294756239085,0.035005987890742316,0.038938901268394686,0.03131685396591166,0.02800775645042286
T:CATCG,0.028839599060772086,0.0012876511727724898,0.07046102961597697,0.07689297346428661,0.04963137829171611,0.05948443456964678,0.06852324084126543,0.05685232408412654,0.05844926401898654,0.05505339965157674,0.05503446360491832,0.054756734920594845,0.06043123690256773,0.039443785189486706,0.04078824450223446,0.04375489181205342,0.040377963491302044,0.03563132779559169,0.04107228520211074,0.03301815335672987,0.030215618451283864
T:CATCT,0.04078325195759875,0.002992334259737535,0.07501483884417687,0.07945122169830737,0.05013803112771232,0.05909843564721926,0.06375325159907634,0.06061485265392894,0.05979556255485725,0.05086503490282051,0.05509227968465962,0.051261401344591825,0.055739611813180615,0.03930069540068863,0.040149198436842296,0.044147387234743214,0.03817865304458558,0.03675983380494522,0.037223257215927424,0.03219199273394583,0.027448874040454607
T:CATGA,0.043996704908480844,0.0028586928130839243,0.07663096984187578,0.07886279158546142,0.051514335657310485,0.05650840851098029,0.06335898414739508,0.06153141387555002,0.05887765968134054,0.050245323582005584,0.0534777279942135,0.051702396978159974,0.05170802274416829,0.039282312993510274,0.041551104056579136,0.045825882542042555,0.03789435615117237,0.037945791726105564,0.037363123103815475,0.03265596431656989,0.02620803279017902
T:CATGC,0.037388764891735995,0.0027066001913098933,0.07430831328444303,0.07862999652163831,0.04858474158671266,0.058822357169773035,0.06728455897272384,0.05941385982202382,0.05995010724948549,0.053260601756572656,0.05648895620162903,0.05106216846865127,0.056596749181135685,0.03933266181628453,0.03944226644250558,0.04426577581958897,0.03793225890605525,0.03666048291254819,0.03881634250268124,0.03190128699382591,0.027151149308675612
T:CATGG,0.038208054403104146,0.0024255026937557047,0.07326287788642949,0.07911102577938532,0.04808812633981347,0.05887011676941312,0.06601578860578884,0.05973100377721916,0.062050443952926825,0.05299255007583083,0.05515947699565918,0.05079775271330372,0.05707402157327101,0.03911306961184989,0.039990214377896884,0.0445594186225653,0.03882275250040451,0.035962935407926507,0.03926867958358462,0.031436311006270076,0.02705987732360139
T:CATGT,0.04217447208241128,0.00275269645664,0.07602329514296413,0.0792934697846644,0.05084366912157359,0.05651939860410259,0.06501107187700118,0.06115729683770518,0.058023678939284715,0.052734620656147965,0.05501943058712931,0.051645760308417,0.053496463539708904,0.039129975426973405,0.04062778728484227,0.04471442750741539,0.03732742641568016,0.03759047782641913,0.0374287658935878,0.032097303148064166,0.026388512559267423
T:CATTA,0.051691437439276074,0.0028758092962340004,0.07930414532524283,0.08010097623658376,0.05507915598606163,0.05510005024118619,0.06071490643647529,0.06294014460724023,0.052466424356623145,0.04745940103768469,0.052247034677815336,0.0538359478061507,0.04819734813912915,0.040491166953646095,0.042081029820850754,0.045629254236547664,0.03733898364644641,0.03845967551221791,0.034395742890492256,0.033153484449450626,0.02643788090464527
T:CATTC,0.045723467582178795,0.0030634581082990653,0.07712680157021114,0.07950771374663504,0.0518494950670948,0.057489386321886174,0.06170819561695309,0.062208551553991784,0.05848387707418865,0.04980007980810505,0.05325902351495158,0.051781062727570853,0.05195525413726816,0.03926327698478225,0.04102118825203364,0.04568347465648299,0.03745204181660311,0.03731517713755522,0.036257586435821575,0.03227606849988313,0.0267748193875039
T:CATTG,0.05026535006633752,0.002636100659025165,0.07760293190073297,0.07988015747003936,0.05387476346869087,0.05523631380907845,0.060721665180416294,0.06267916566979141,0.05794201448550362,0.050391500097875026,0.051469212867303216,0.05299606324901581,0.04897883724470931,0.0383931095982774,0.0408573852143463,0.046379711594927896,0.03796245949061487,0.03777323444330861,0.03565587141396785,0.03219870804967701,0.026105444026361006
T:CATTT,0.053048623964764854,0.0039232151449615,0.07858485732487651,0.08075275846193337,0.055727842148529286,0.05502737936503153,0.059924902906920555,0.06304476830166875,0.05216369212478215,0.04822592730775986,0.05146270971013935,0.05345601478246682,0.04761120366319172,0.040038618986698485,0.04174976434727573,0.045555023222315874,0.03697383449332326,0.03865951792779414,0.03477319659412962,0.033198714224694746,0.026097434996741914
T:CCCAA,0.04178883341295639,0.0037180844254181772,0.07314236290002779,0.07886741668462088,0.04770201618065378,0.06021376448437046,0.06413168716570027,0.05858149185502984,0.0625275167910972,0.051024327185184494,0.05454881830018828,0.05059186470950075,0.058647063782750836,0.03935720775996927,0.039194058558853925,0.04470131986923084,0.03819720913385728,0.03517543613138116,0.03849150219041463,0.031181793485897353,0.028216224992896374
T:CCCAC,0.032877749610809845,0.0020772485627791547,0.06988256098880168,0.07846198948677068,0.04563362352103822,0.06266157466415202,0.06821057186261,0.05671202123339965,0.06600790451868191,0.05473589156292182,0.056195452628542496,0.05010950627329066,0.06328474923298577,0.03853100117109787,0.03769383080692876,0.042184607039442636,0.03995215273499168,0.03428949476611749,0.041446203965428315,0.030249442278357578,0.0288024230908518
T:CCCAG,0.03176318185552716,0.0017540542456891458,0.06879696751763902,0.07948336152650552,0.04366734082675211,0.06389664529387865,0.06888194095077955,0.055793218557297415,0.06835352999899832,0.05409994001213263,0.057084139455472235,0.04890024118949301,0.06614984811702249,0.03881260037838501,0.03654645458198136,0.04250416144727202,0.0400376809343251,0.03370687879637101,0.04110857128708303,0.029955667502895286,0.02870357552449992
T:CCCAT,0.041927496941503495,0.003333549614408457,0.07348478650707004,0.07837085809986731,0.048367030865190126,0.05933624278397,0.0641884616867479,0.05974905753170633,0.06324904953871008,0.05250928363006156,0.05474732258134284,0.050533603026430486,0.057074695020175266,0.03835227673445668,0.03882245298472586,0.044408146837923664,0.038638143894620336,0.03577477053048106,0.038303378404428684,0.03145291043800679,0.027376482348173036
T:CCCCA,0.0348154386004375,0.002659185612983405,0.06975248415594933,0.07864103876239266,0.044756279979980544,0.06260087050897782,0.06836068201116816,0.05640524217357319,0.06778357617234729,0.05427114555157541,0.05616624584568148,0.04990243326379009,0.06420987813998999,0.037821168888863894,0.036818790172471,0.042131537955428594,0.03976406844854831,0.033776507504484694,0.04090703324017163,0.029881570290225895,0.028574822720959136
T:CCCCC,0.03485787243850439,0.002290700624837624,0.06846930451053712,0.07617742113206707,0.044788959348656565,0.06298112547600779,0.07057804303807962,0.05388908601449429,0.0665829641019109,0.05568141267285136,0.05422470499394976,0.052609285930185185,0.06727543097217294,0.03767323044387632,0.0370060360871275,0.04025810312600774,0.040568449591949995,0.03244485284826282,0.04170672360058511,0.03051908731855599,0.029417205729379902
T:CCCCG,0.026778374338702383,0.0007512734281275198,0.06422011131433517,0.07749129742167679,0.04399472928589691,0.06790961118650068,0.07163451137726906,0.05086632446358684,0.066934135740555,0.058532460125474466,0.05441815643007454,0.05357248215233937,0.07124510787263752,0.03709953389580506,0.036273526461738155,0.03828347788463429,0.04201231144413633,0.03146301650048184,0.04567034436643263,0.029850335319684545,0.03099887898991091
T:CCCCT,0.03735435196567599,0.0021973148215103525,0.07131679803311881,0.07724058138694048,0.04573095186443946,0.06258635235133897,0.06763564490081231,0.057199604695446764,0.0658683443006243,0.05407477041000795,0.05532239014631089,0.05038590401812616,0.06294791139393063,0.03833490008918456,0.03702364596138549,0.04204787041723913,0.03990744088509653,0.034241087569600114,0.040069419336177595,0.03038156530961506,0.02813315014341842
T:CCCGA,0.02766565510739224,0.0006285416850809739,0.06580045765691445,0.0773008063011304,0.04551525686730896,0.06603616078881981,0.0709711951130884,0.05316087720848924,0.06333048525382282,0.05732496587215069,0.0566129459945199,0.05224261709044126,0.06874183632381682,0.038311579898451235,0.037226363395303615,0.039671783388821776,0.04058513302495507,0.033018080394409906,0.043850603498227315,0.031211023049802108,0.030793632087053022
T:CCCGC,0.02394155485603447,0.0004672213543755988,0.06274452430730895,0.07760593890254895,0.043399672473111175,0.06957350713338462,0.07226356947675927,0.0501484253696476,0.06802082202641925,0.05909170280946335,0.054669617869565014,0.05335290314359742,0.07201344087290164,0.03750041294816674,0.03620257585267897,0.037236126121449234,0.043121227423533796,0.031284953112685296,0.046745732475659656,0.02909986738464588,0.031516204086063114
T:CCCGG,0.027352697356272614,0.0008250598168367207,0.06431930600682835,0.07717059486812794,0.04386568026181898,0.06930502461428453,0.07197664687832725,0.05014006372604871,0.06550582060056497,0.05816278823071815,0.05552259681684065,0.051094775799816916,0.07207486828509353,0.03768951820435553,0.03598439458289297,0.03913140845568447,0.042415932297948745,0.03211840001257234,0.04449429726512315,0.029442848892258976,0.0314072770275845
T:CCCGT,0.0250717581025647,0.0018941814928009483,0.0658373328065262,0.07609264058196692,0.046070444958339625,0.06488443168744844,0.07117706529696814,0.05414686297979152,0.06315294062961198,0.05949821621558807,0.05562269763982662,0.053501911612610836,0.06537831336501923,0.0386041160680046,0.03704112581780995,0.03963836240456463,0.04148025054326984,0.03451942407586023,0.04425179831034363,0.031608427364531164,0.030527698046552705
T:CCCTA,0.043474608812518,0.002313259309035444,0.07424162426802343,0.07877481253933208,0.04769314048617111,0.05919677236995083,0.06339263810224739,0.05937276673813105,0.06216334410632193,0.051179695583074676,0.05433692788497435,0.05075437585997248,0.058540793361279105,0.039441404541721334,0.038733427196996364,0.044779900376521284,0.03899608545859866,0.03569485776455154,0.03789745394814033,0.03127233261868954,0.027749778673749108
T:CCCTC,0.03335074829753712,0.002075055766100107,0.07076726292446928,0.07724874137304164,0.04576832747557265,0.0630877550418778,0.06798059569004203,0.05687405214007527,0.06636657244024592,0.05407592050915023,0.05611003200204394,0.05029266966487931,0.06443727828676059,0.03795042794954355,0.03699560749837042,0.04102861840920034,0.04039971437275011,0.034484085779890136,0.041461808819724,0.030382288490073472,0.028862437068652082
T:CCCTG,0.03215442538530576,0.002345775631750592,0.06921214461326186,0.07937094462793161,0.04462232666344209,0.06371721709357707,0.06894642843550605,0.05651866137171825,0.06609759118597296,0.055260661342655545,0.056631452353421895,0.04902740267280028,0.06463476826989013,0.03883262025905943,0.036924169169865295,0.04251804828699562,0.04001657958234122,0.03410854644255168,0.04073622756376323,0.030122803776214388,0.02820120527197504
T:CCCTT,0.040737848828549895,0.0021763561605502722,0.07483650248462062,0.0783271575127616,0.048759043703145384,0.05946570501392381,0.06343297391712516,0.059654364672801864,0.061564430884218035,0.05258278683715241,0.05492613838953255,0.05102115425409477,0.058674056588870885,0.03901102620924974,0.03857954622387312,0.04367967575813651,0.0387925781831804,0.03630209015043125,0.0381264019714483,0.031434851486936,0.027915310769397416
T:CCTAA,0.047320804252051596,0.004305888611005058,0.0770695076594412,0.07889696324926751,0.05169640214318501,0.05716804440802879,0.061159705033224515,0.060544118467168,0.057425432519271936,0.04889945133434287,0.0533179472440168,0.05194628310118356,0.05272488213769406,0.040411005915636754,0.04140945729716745,0.045578072248842826,0.037418869122435236,0.03688478879160571,0.03602575597033173,0.032596059388016865,0.02720056110608251
T:CCTAC,0.0403653205897674,0.003184947795166806,0.07331466718003307,0.07829875659638076,0.0487226236042851,0.0602266550404276,0.06351493669739315,0.05934053178719453,0.060991042511267635,0.05112336647566417,0.0549000067945553,0.05021601023712998,0.05754705229542727,0.04002134622788939,0.03952874096890358,0.045386213847303694,0.03902339591873712,0.03630274273548796,0.03819106289493353,0.03191742350463162,0.027883156297420334
T:CCTAG,0.043074234043327955,0.0020509302601486395,0.07339417211604084,0.0791088202922282,0.04685306717442657,0.06052006235015934,0.06460782712983704,0.05927141466027503,0.06371627153564871,0.05072117332944917,0.05573808234496741,0.04904260555066773,0.05964142785153896,0.03953267921265891,0.03872922199734295,0.043656857988937196,0.03826288791184524,0.03545313694834264,0.038221775335038136,0.03083795654048238,0.027565395426636954
T:CCTAT,0.050744054897595786,0.003347156437261307,0.07702954407551989,0.0788564675337723,0.051057355085443706,0.057373592627795414,0.060708851589568825,0.062239660102344725,0.058103304457719676,0.04913392988156724,0.0524665449598989,0.051694530994906555,0.05171568206244059,0.03990413278640198,0.04059286442297905,0.046426593237210545,0.037660797686073215,0.036952236923682984,0.03601630218530186,0.03182971275528347,0.026146685297231985
T:CCTCA,0.037146544119185165,0.002984822703118339,0.07211614408225357,0.07914540876129858,0.047211845230667356,0.06088951755945662,0.06570288679529727,0.05848391492173316,0.06511789616885238,0.05237721869055871,0.055256728654514344,0.04920268879292125,0.0602944284511742,0.039067419628707675,0.03852210160948161,0.04384183757746077,0.03926578266480182,0.0354240316457568,0.03945837513984594,0.030493808548653405,0.02799659825426102
T:CCTCC,0.03325800676243964,0.0023706354163542547,0.07076307598421142,0.0777537121047148,0.04539219150770065,0.0626008139442392,0.0680983931055976,0.05696566490585917,0.06674355801341274,0.05401541043418618,0.05682027114957562,0.05000893226215733,0.06525832493352962,0.03802274923293384,0.03635691494008864,0.04126379121717394,0.03994937950117554,0.03416688073669647,0.040822394028815344,0.030556160457331824,0.02881273936180617
T:CCTCG,0.026527591855060654,0.0016213384772721603,0.0656642083295225,0.07744593459770019,0.04519792801257161,0.06576814028319379,0.07055316743022008,0.05332956406781352,0.06388073600452313,0.05699628339333671,0.05658055557865155,0.05221957080260412,0.06733543414455688,0.03949829967323794,0.03688752899701508,0.0395190860639722,0.041181997322712875,0.0337529412742889,0.04394658729036925,0.03108396870401011,0.03100913769736678
T:CCTCT,0.037870027890496885,0.0022749308722663122,0.07265235034294538,0.07834895440562119,0.047259429501681806,0.06170981913072623,0.06548640787158401,0.058637076405597253,0.06323302330592165,0.052437725188829436,0.0560814450389629,0.04972109503118229,0.06203660478088603,0.03919153469553872,0.03757197064914234,0.04267485426317617,0.03875222944422499,0.0353227756430974,0.039616475742449815,0.03118289223255647,0.027938377563112723
T:CCTGA,0.03684884912193126,0.0027143076882892242,0.07318908298337314,0.07931495836755542,0.047893999065482945,0.06118111927281803,0.06623099404172822,0.05858580288655486,0.06318365581911001,0.05221178710424509,0.05600136985108674,0.04991830231336505,0.05906031698121969,0.039521074520479565,0.03913435278889492,0.04384103922940072,0.038524885144371274,0.03523230875050426,0.03923593072964886,0.03061631689995734,0.027559546439983398
T:CCTGC,0.029380945564744132,0.0016235756148907112,0.06895570003155414,0.07972602458060266,0.044532472698544004,0.06373226265388579,0.06931552804167362,0.056481925957676316,0.06634595841969865,0.054893937728401815,0.057152550468844036,0.04929880987874191,0.06511700736975215,0.03902196374357154,0.03734619329644371,0.04203502905907743,0.04044704082980293,0.03446994170786236,0.04114139026471479,0.03051657858129701,0.02846516350822029
T:CCTGG,0.03189334610051176,0.002099886633409159,0.06888756862151683,0.08000282796309756,0.043576058563642814,0.06446763594688391,0.06837344989171878,0.05607367091936088,0.06663760149038617,0.055187451781988854,0.05729788126027927,0.049014306020336525,0.06728567636691085,0.03866247268162841,0.03611544539178452,0.04209944011292007,0.039308687056115225,0.03378423633833354,0.04095957253105178,0.02971097721009037,0.02856180711803273
T:CCTGT,0.035194564966579536,0.002380096762357249,0.07226082713280048,0.07981343551761053,0.047387075908140064,0.06113580396354957,0.06671533785496238,0.05842887891087498,0.06324354381730904,0.05375795792842309,0.05586494123521424,0.05006600872298655,0.059747540276669224,0.03890315820531928,0.03831683430486573,0.043886533085690294,0.038825233867581584,0.03565984135210074,0.039746708075004064,0.031149308326934206,0.027516369785027178
T:CCTTA,0.04616170626685731,0.003024524721719174,0.07648411569187026,0.0782950893269468,0.052224785202626786,0.05724617433280996,0.06205010633186062,0.060628451108972914,0.05748233745371729,0.049960191315510424,0.05386974317845163,0.05213826999991816,0.05379491921935228,0.040092781709283196,0.041126287644343014,0.04504519250217165,0.03743536203689523,0.037567473089680024,0.03650590816995795,0.03181655035827816,0.027050030338777165
T:CCTTC,0.037925691627455606,0.003015430820141566,0.07420997352495948,0.078504591597722,0.048374526632978074,0.060495431932478305,0.06409056132362367,0.0596939790495653,0.061739680402837026,0.052284105064483444,0.05526388406599009,0.05062415638884155,0.058546703525893556,0.038978133313558455,0.039056567314555285,0.04404996103256223,0.03873142272860481,0.03629355137034895,0.038500398943850524,0.03159250256514835,0.02802874677440171
T:CCTTG,0.03880613656213415,0.002126400012742472,0.07371077597229928,0.0792254346820001,0.04802496108679128,0.0597144093466032,0.06453885082370348,0.05911091171502169,0.06331769725833326,0.052754718917880965,0.05504659408766998,0.05024427495776844,0.0597161791343791,0.03875038824719334,0.03905744642631179,0.04401904645604422,0.03865216502563095,0.03581254053920124,0.038246883624950115,0.03137568258502282,0.027748502538318117
T:CCTTT,0.0447221700468662,0.002842993336897983,0.07642900664739487,0.08004426797175593,0.051413414033156475,0.05841094735684737,0.06179518274936566,0.06045876645241684,0.05736642218058374,0.050478838875446914,0.05409606359299644,0.051656874788526194,0.0556392906391303,0.039590514716613644,0.040047985329526095,0.04437595838130012,0.03762646706375203,0.03709373304528174,0.03642617936120348,0.03213420185121799,0.027350721579719982
T:CGCAA,0.03214801319950502,0.0016327512718273065,0.07159184655575417,0.07583699986250515,0.049979375773408496,0.06082428158944039,0.0677419909253403,0.057146294513955725,0.0563041385948027,0.05344252715523168,0.053751890554104224,0.055728378935789906,0.057575965901278704,0.03903134882441908,0.04159219029286402,0.043706173518493055,0.04088752921765434,0.0363330125120308,0.041703904853567994,0.03303313625739035,0.0300082496906366
T:CGCAC,0.023573340992788485,0.001107885477467866,0.06635003026168665,0.07616199747648308,0.04580285793420391,0.06377009324702769,0.07322815260096632,0.0540145461259912,0.061246576326128656,0.05782546700450335,0.05662525773724649,0.05299898443831232,0.06501133530974632,0.03951971112911995,0.038442600248248415,0.0401249448621811,0.04157648000164131,0.03428802970774392,0.04488474913574675,0.03249797400572407,0.03094898597704215
T:CGCAG,0.02284543878997952,0.0006257174368092912,0.06496207432082649,0.07752594026424182,0.04569988070854622,0.06485403677778027,0.07035494834454974,0.05309595084291791,0.0648405320848995,0.0581827184946769,0.055540300254338384,0.05255576312768687,0.06576335276508587,0.03915910778995701,0.037588061851493396,0.041063269486146435,0.04293592023228072,0.033631186837426004,0.04589794953746427,0.03172252357694299,0.031155326475950394
T:CGCAT,0.029553008111762057,0.0011618409193330328,0.06990057458314557,0.07583652546191978,0.04874098693105002,0.06016223524109959,0.07095679360072105,0.05666967102298333,0.057521687697160886,0.05616268589454709,0.05600073231185219,0.055141674177557456,0.05812725326723749,0.03932655475439387,0.040164488508337086,0.042150180261379,0.04056585173501577,0.036355058584948176,0.04274166291122127,0.03345397701667418,0.02930655700766111
T:CGCCA,0.030384046353866864,0.0015555946700664576,0.06609612338196746,0.0772279017549201,0.04569737737204401,0.06476411571340904,0.07110066647955131,0.05402242530053423,0.06134846747760562,0.05708128576797378,0.054702700645548004,0.05350389374384541,0.06537303350475003,0.040340803676341165,0.03837133519497262,0.04004585912116037,0.04139213830045336,0.033100390563677105,0.041753683239062075,0.031863526300015696,0.03027463143823528
T:CGCCC,0.024372783804292322,0.0010785684628490434,0.061936555357764975,0.07701265170351776,0.043462491111355035,0.06892338823214993,0.07452144489994607,0.04948529376673332,0.06829820031784363,0.05868653268873755,0.05513107470279712,0.05250146752124923,0.07243589437664948,0.03743014360232322,0.035607076554498726,0.03752559213885853,0.04325727675780411,0.0314121133737717,0.0462066365367453,0.029584273899120443,0.031130540190992522
T:CGCCG,0.024998109068905528,0.0006177041575271664,0.05875753220885964,0.0792048004437385,0.04497894763381489,0.06717847868290346,0.07538511963290724,0.04844565464034491,0.06598088898973854,0.05965257292690921,0.05089125885586063,0.05208884854902554,0.07348158233113986,0.040617199909235305,0.038474144668834934,0.036104177697098054,0.04374353931876056,0.029775861634268715,0.0476136449587777,0.02997756095101228,0.03203237274033734
T:CGCCT,0.026214376158405668,0.0012983318958398327,0.06355403446314206,0.07788615051474501,0.0455287835134788,0.06760042574275595,0.07161011506064999,0.05185528416493861,0.06260895894885582,0.055860385737617674,0.056498082322500136,0.05141027287908539,0.06977960471987228,0.04024828877103481,0.03759657203677536,0.038229680876442844,0.041899877048428236,0.03343548712678693,0.04448277760446296,0.030655313526507993,0.03174719688767365
T:CGCGA,0.025183908807740737,0.0006958711644244151,0.06252899463185102,0.07220491748956193,0.04940685267413347,0.06686990522897475,0.07137649943667572,0.051925243554907546,0.06120352574723308,0.062164490688581084,0.055106368877990586,0.05557028298760686,0.06710186228378288,0.03671548810391676,0.04019484392603884,0.03651666777122407,0.043375969249121876,0.03055205779044337,0.044800848300086155,0.0348929683875671,0.03161243289813771
T:CGCGC,0.024723965777971122,0.00045574130466306215,0.06210511051726638,0.07674062105110517,0.044124044496923746,0.06776044579785802,0.07281503117684834,0.05185093116234748,0.0637519938682079,0.0608932529571396,0.05609761150125329,0.051674849294636754,0.07042238932736726,0.039390549582582396,0.038323700619393865,0.035330308868311476,0.043336854970687545,0.03140471899405465,0.045201251217036435,0.0317050939448553,0.03189153356949019
T:CGCGG,0.022421927656706357,0.0002546244289672733,0.058024413989365684,0.0792031753164083,0.04488878903617165,0.07133977383359545,0.07291245413015801,0.04959185201827305,0.06639706433011308,0.058593574477645474,0.05429491500037445,0.053051748670710705,0.07127986220325021,0.03963154347337677,0.03781921665543324,0.03822362016026361,0.04132404703062982,0.030509997753313863,0.04661124840859732,0.03127387104021568,0.03235228038643002
T:CGCGT,0.022361968228641154,0.0004223666611915433,0.0640354787995401,0.0745477157003074,0.04805594011779337,0.06577187507332755,0.07332754534575404,0.05209188821362367,0.05929558626839055,0.06004646033273107,0.05500152521294319,0.05455569373724101,0.06389468991247624,0.03845883098294108,0.04120421428068611,0.039984043926132765,0.04319872351409062,0.03315578290353615,0.04674191050519746,0.030926625525025224,0.03292113475842973
T:CGCTA,0.030119945811784947,0.0009591709598631451,0.07174005478151668,0.07900799968357247,0.04969889942548626,0.06192091289343314,0.0681505799523381,0.056986621048363974,0.054890288641240396,0.05397067112302109,0.053822345716856686,0.05617577549466523,0.05975536196343284,0.03925679083151223,0.0419266481424715,0.043498897447814176,0.03980065065411504,0.03407528997616905,0.04186731798000574,0.03255248247288117,0.02982329499945614
T:CGCTC,0.022402187631468236,0.0005048380311316786,0.06509781236853177,0.07888094236432477,0.046282078249894824,0.06543437105595289,0.07076672275978124,0.05332351703828355,0.061916281026504,0.05804585612116113,0.056110643668489696,0.05282919646613378,0.0668700042069836,0.03891985696255785,0.03889356331510307,0.03912494741270509,0.0418805216659655,0.033566470340765674,0.04533024821203197,0.03177324358435002,0.03204669751787968
T:CGCTG,0.023954475369967098,0.0009497544149671759,0.06586685953171942,0.0775579787318593,0.04716583745290966,0.06424552145093863,0.07230055157285689,0.053937308260876476,0.061892991686668467,0.05823305940137655,0.05572157492330435,0.05248287262958783,0.06569995708222727,0.039377056476609815,0.03746959991098536,0.04054139975520974,0.04207531274339941,0.03352354914084977,0.043899318084277786,0.031858498513773426,0.03124652286563558
T:CGCTT,0.02813393538704377,0.0007568798437075468,0.069510033509723,0.0803327683688916,0.049831157573326776,0.06051804220413761,0.06775691865805851,0.055362202585035776,0.057257636723551254,0.05543336222846127,0.055226352356678006,0.05388078819008681,0.06135255074976388,0.03999171960512867,0.04090385685267366,0.04159604611144894,0.04089091873568721,0.034712967874655526,0.042948079336533364,0.032481142694492246,0.031122640410914594
T:CGTAA,0.03329246588886692,0.0024362270120624877,0.0728178762111924,0.07667787225627842,0.0540083053193593,0.058524817085228394,0.06596005536879573,0.05736207237492585,0.05223650385604113,0.05222068420011865,0.05488629622305715,0.05680047458967767,0.055788016610638716,0.040909630215542815,0.0430057346252719,0.04425548744314811,0.038465493375519084,0.037271109353371565,0.03941467273086811,0.03386197350207633,0.029804231757959265
T:CGTAC,0.0322781681817205,0.0016977198977070037,0.07041239550426578,0.07617174908129715,0.05013646229557518,0.06053768293469151,0.06805922678529217,0.05668020544559775,0.05717447832720865,0.05528334730191477,0.05477832935766015,0.055132916424902756,0.05930200073066426,0.040906453484623816,0.04107837448692326,0.0422388412524445,0.04080974792083038,0.034824748028281005,0.04076676767025552,0.03243934412137623,0.02929104076676767
T:CGTAG,0.031447442710807204,0.003253183728704193,0.06916824247421202,0.07721606337883011,0.04738176962440515,0.06034969484598909,0.0659509065000941,0.05683661489653442,0.06253640787575168,0.05582391582947223,0.054533396664366435,0.053950870652339514,0.061093535753654234,0.039432530044899314,0.04029287615496984,0.04220176908668883,0.041153222265040375,0.0353996576539437,0.04014052319797819,0.03195827321366158,0.029879103447657797
T:CGTAT,0.037321221330706096,0.002421287289911581,0.07364887994589675,0.0787168847216772,0.053393559375808836,0.057434604370006095,0.06550834509188368,0.059471825400138595,0.05249183859197969,0.05259202979018293,0.0540948977632315,0.05528884287515342,0.05428693089312104,0.0400681300147782,0.04230573344131718,0.04208865251187683,0.038247989914086046,0.038648754706899,0.03938349016038941,0.033363669001678205,0.029222432809277703
T:CGTCA,0.0258605745418524,0.0013930163447251115,0.06871594848935117,0.07768078256562655,0.04977711738484398,0.06093363051015354,0.06809063893016344,0.05542347696879643,0.05801758296186231,0.05517582961862308,0.05495294700346706,0.0557639920752848,0.06122461614660723,0.0403727092620109,0.041747152055473004,0.0424962852897474,0.04151807825656265,0.03485017335314512,0.04239103516592373,0.03287518573551263,0.030739227340267457
T:CGTCC,0.024179437573868777,0.0016969184752824347,0.06561198011237958,0.07749040943935662,0.046133733022561754,0.06363114142527947,0.0709206277938079,0.053660920033542205,0.06377640292900014,0.05834890492634581,0.05505410991013595,0.053231738318003846,0.06726928181392001,0.03989409115819638,0.03771516860238625,0.0396299793332497,0.04132689780853213,0.033766696819433346,0.044014235627364624,0.03151514351176288,0.031132181365590192
T:CGTCG,0.022064208984375,0.000579833984375,0.0616455078125,0.076507568359375,0.0458984375,0.0643310546875,0.068145751953125,0.04827880859375,0.06365966796875,0.069061279296875,0.052520751953125,0.05352783203125,0.07025146484375,0.04010009765625,0.038299560546875,0.038665771484375,0.04144287109375,0.0322265625,0.0487060546875,0.03125,0.0328369140625
T:CGTCT,0.027248818595386425,0.0018155504489596895,0.06916728481836715,0.07590038334050908,0.04878643420704537,0.06321227934577936,0.06875748914560195,0.055659589478107056,0.05894832943422261,0.055644027617115975,0.05522385737035673,0.0543938914508323,0.06179096270859378,0.040274096244922945,0.039527126917350955,0.041275242635349284,0.04048677501180108,0.03558478879960992,0.04168503830811447,0.03378480021164131,0.030833233910332557
T:CGTGA,0.02622804083961206,0.0019131272991954045,0.0688430743808156,0.07646115712234179,0.05099541636338599,0.05998072118505695,0.07039718293234709,0.05682824149666555,0.056346271123089334,0.05658233824484095,0.05582987429425767,0.05648397694411111,0.058992190112722054,0.03979206421025712,0.041065843054708555,0.04322979167076505,0.04035272362441721,0.0355969547341294,0.040923219168650285,0.03313792221588338,0.030019868982747427
T:CGTGC,0.02450543665337032,0.0006175714256788224,0.06739121631198494,0.0770951869925284,0.04682406301253366,0.06316945754955758,0.07337963431672302,0.05443740255532833,0.060046165995099925,0.056857067649381414,0.05713548099702351,0.053136452912709825,0.0639692631664203,0.03972705367809343,0.03825905602688967,0.0407394658513374,0.040982444772915946,0.03514082653329824,0.04438921173588191,0.031784680178994475,0.030412861684248893
T:CGTGG,0.024828333510005535,0.00047112587305513353,0.06695876470796085,0.07687596433577142,0.04582876930143811,0.0634174685621631,0.07228641312242598,0.05420695774393523,0.06381399950531784,0.059660239724548404,0.05474875249794864,0.053621976451558445,0.06558072152927458,0.039429309525772546,0.03735242963538783,0.041533671758752146,0.0415415238566364,0.03363053523825228,0.042805711616001,0.031498690662677804,0.029908640841116725
T:CGTGT,0.02701496918109774,0.0008374914391938166,0.06986400547891596,0.07723314744154193,0.04934546521866745,0.05997847568731044,0.07018491341356031,0.057094217786909304,0.05711378534389981,0.058342627922903824,0.05599843459544076,0.055227472850014676,0.060432443009490265,0.038876822228744744,0.0393973192446923,0.041084042657274236,0.04072399960864886,0.036657861266020934,0.04266510126210742,0.03232951765972018,0.029597886703845024
T:CGTTA,0.03406467004643633,0.001840412388701913,0.0749542027009756,0.07710987091551996,0.05522089208878286,0.05792186767775742,0.06593106973970093,0.05856942018489328,0.05188940484812338,0.05238358965620074,0.052434712222553574,0.05747880543603289,0.053934307502236614,0.040420909129638305,0.042849231031397775,0.042397648361947766,0.03966259106207132,0.03796702594470242,0.03877646657862225,0.03391130234737784,0.030281600136326844
T:CGTTC,0.03153181167983084,0.0022016294545680703,0.0707382299894272,0.07759189004291311,0.051246968095030786,0.06109210771814168,0.06637850612600286,0.05769637415262143,0.05628459481311027,0.054176254742210335,0.054493438646682005,0.05492878910379999,0.057876733627713166,0.03979725107282791,0.040512469680950305,0.043211642515081784,0.04079855712419927,0.03500217675228559,0.04103489022949188,0.03336028359972635,0.03004540083338516
T:CGTTG,0.032144451207141406,0.0015013187259078921,0.07002637451815784,0.07763846622032866,0.0519780888618381,0.05899776831000203,0.06658551430310408,0.05789409616555082,0.057569486711300466,0.055792249949279775,0.05378778656928383,0.05523229864069791,0.05898153783728951,0.03818218705619801,0.04029214850882532,0.041834043416514505,0.04086021505376344,0.03507405153175086,0.04165550821667681,0.03336173666058024,0.03061067153580848
T:CGTTT,0.03659957452228098,0.003740618971023175,0.07283593635758996,0.07748222852210172,0.05387340386892267,0.057387604541573704,0.06598678283183253,0.058392335740600106,0.051996018811586955,0.05304792048944089,0.0526752737067034,0.05681684174776058,0.05408095397576381,0.03933546229427775,0.04223644674217088,0.044500629725892346,0.039160931522615884,0.03754770114671434,0.03909017580437459,0.03367500483497408,0.02953815384179965
T:CTCAA,0.0460111600886692,0.004000305755853951,0.07528291516367037,0.0789002981119576,0.05086612625532798,0.058480902998955336,0.06269305388218936,0.059939795216376865,0.05900942383221284,0.04903377510200962,0.053958628320999964,0.05081152699569394,0.05467424261727011,0.04005765681817355,0.041067379126339044,0.04462069894332233,0.037554826756549184,0.0363791226990962,0.03684649236156358,0.03211819647725577,0.027693472476513218
T:CTCAC,0.034880894325311426,0.0029364436669604603,0.07150516226498384,0.07935034352960826,0.04777872726269464,0.0611843606412155,0.06686262842280613,0.05818826347162506,0.0636338825929588,0.052170716393826456,0.05579242967224874,0.0499702478155633,0.06062585472284237,0.03914239141944018,0.03908273791681021,0.04338226411886557,0.03881429715497533,0.035226884640565274,0.0401930387345106,0.030860248248051194,0.028418182984136644
T:CTCAG,0.03448154911458198,0.0023916215539496292,0.0717006199221212,0.0799811778520303,0.04695499952512929,0.06201433677830445,0.06687744450488253,0.0577685609690816,0.06392623099437926,0.052440835427081445,0.056306714671778,0.0496833475794545,0.06187619257302216,0.03930850191243384,0.038537916267343576,0.04269303494184992,0.03913312352682156,0.035409705493822365,0.03946067638856511,0.030730070539884823,0.028323339463482443
T:CTCAT,0.043381992241585704,0.003626397360063085,0.07594506493528237,0.07934125470669878,0.05106171739883841,0.05767662781878728,0.06283578915998507,0.06112723029297473,0.059696594769348736,0.050580374258940845,0.05410129468747855,0.05111780433861778,0.054053578932740876,0.039194725483728925,0.040377573930120696,0.04498339994006231,0.03783691926996569,0.037329625456438864,0.03681479757637451,0.03210600599042002,0.026811231451546742
T:CTCCA,0.03727657806895797,0.002851692111769417,0.07276976037329433,0.07846630451544863,0.04775060814541764,0.06111177439173022,0.06601238179095717,0.05869660383741002,0.06362954616681839,0.051917461359758436,0.05586667562095503,0.04946560309619393,0.060205152695489525,0.038941205147720884,0.038729784450380805,0.04361795533799951,0.03901831151969197,0.03510951592122216,0.03940570885628865,0.031236164380835832,0.02792121221165948
T:CTCCC,0.03400706898066659,0.002335541326893588,0.07140194836299528,0.0774356663237049,0.046219767636313136,0.06300434512725016,0.067329631613706,0.05705636760966982,0.06540011734394531,0.05399026101941844,0.056506495015716716,0.05007100159009549,0.06380647885966628,0.03817292075882418,0.037067506781289596,0.04200147955409301,0.03972475191959389,0.034731256855692456,0.04061687768736058,0.03058170284771647,0.028538812785388126
T:CTCCG,0.02623094830236746,0.0008389335441648,0.06586287170026793,0.0764791145078403,0.0470637325954232,0.06526990820046559,0.07115561997628146,0.05328326086001669,0.062423683401414326,0.057780998814073004,0.05598893134800369,0.053155883515614705,0.06719374533315764,0.038626081609346864,0.03762902446523477,0.03914437563139632,0.04147669873061888,0.03308736328897088,0.04434488514077393,0.03155005051170554,0.03141388852286204
T:CTCCT,0.03629537812308826,0.002489154820682948,0.07335263343086232,0.07899550884080149,0.0470779577181897,0.0607935271294141,0.06551016399940426,0.058818224054788704,0.06380543413055513,0.052679891129886414,0.05616708132801602,0.05007087712594293,0.060719356842742975,0.038799960363398805,0.037928904516733114,0.043131505104992494,0.039040865454506614,0.03559046371856589,0.039485887174533364,0.03128265346870696,0.027964571524187524
T:CTCGA,0.03396852557621011,0.0019289103212257915,0.06894817349822406,0.07824012859402142,0.04769386326514739,0.06272069689663219,0.06801482979440512,0.05434652977625677,0.06065178501983355,0.05377615306836742,0.05565839620440227,0.051873168961136605,0.06420367633714448,0.03955303207072671,0.038816727593269554,0.04050193150294262,0.03983822042467138,0.035638173757486194,0.04197454045785694,0.03136553369111509,0.03028700318892432
T:CTCGC,0.025758718358282515,0.000522537394082264,0.06621973885006145,0.0783806091123396,0.04799030930650975,0.06508559518790563,0.07126103711796876,0.05408262028751432,0.06137439210493501,0.05750880297371281,0.05662405215873261,0.05258626320446057,0.06564376013158442,0.03901216680818721,0.03792552654549341,0.039320938904690364,0.041060750909986996,0.033127683199828985,0.04313308671151779,0.031975725762874906,0.03140568496933062
T:CTCGG,0.02413443938154769,0.0016357051057366515,0.06648751801222884,0.07691708532928301,0.04461580402695019,0.06611364255948904,0.07155430930404642,0.0539198504498189,0.06239825524788722,0.05717957705339409,0.05640066986018616,0.051400085679791256,0.0681426957977957,0.03921018810608716,0.0374070179538108,0.039615219846555284,0.041687112980488376,0.03403045527125443,0.04484947618491257,0.031019978969505785,0.03128091287923044
T:CTCGT,0.029664211564112974,0.0014730615322159717,0.06896711709099344,0.07735312880589225,0.048785014208664386,0.06080728411529316,0.0694890680276054,0.05609812677608305,0.059108043843878674,0.056985443368323375,0.05472945543118947,0.052769239691469,0.06163080670416981,0.04030621121614568,0.03999884010902975,0.04251580351446964,0.040607782868410366,0.03469233892014151,0.041245722902047206,0.03240735370875138,0.030365945601113494
T:CTCTA,0.04498692225104649,0.00282297766722871,0.07611000621393381,0.0794119375188065,0.05076641484507007,0.058567661548925384,0.06303314750881792,0.06056893994562363,0.05877776017064281,0.049376737097184854,0.054471628673832574,0.05050824280990882,0.0548766916945166,0.040113702525278606,0.040282849720729076,0.044912141385689434,0.0375667018611533,0.03696222319951713,0.03627406118855283,0.03213173539681042,0.027477516776731045
T:CTCTC,0.03749365962223518,0.0018181428753625333,0.075216108307769,0.07674169325325392,0.04894722955915755,0.060647599613297805,0.06544778887539952,0.06048647369850664,0.06145663668394105,0.05235813374327141,0.056812705484219884,0.05067093609775426,0.05806715105043387,0.038282738497994934,0.038554364662506925,0.043348225716474856,0.038062711569035394,0.03780130789458568,0.03917160834817217,0.03152421221110513,0.027090572235522276
T:CTCTG,0.03483860175669979,0.0018574528239857979,0.07201279814970238,0.0795610571140153,0.04716537808495744,0.06199454270497732,0.06613102536037099,0.058476888684331645,0.06293583907361354,0.05315447896562794,0.05668712024227141,0.04975382223373931,0.06179922491713498,0.03939424412016105,0.03807874981145065,0.04303034580917645,0.03877976662425112,0.035507226758150164,0.03966208088863792,0.031389599037721476,0.027789756839023332
T:CTCTT,0.04224252787186385,0.002907289825030162,0.07559437589169997,0.07946672862431038,0.0505668761367473,0.059050958951850925,0.06275571141775305,0.06062168202901602,0.05854936826195498,0.05032182881538679,0.05456689549851096,0.05150289639883297,0.05734893891484575,0.039430231699805536,0.03948771193568022,0.04420653677343469,0.03764652922234686,0.03706265103688295,0.037201813713211136,0.032054609854411636,0.027413837126423847
T:CTTAA,0.04872299997815974,0.0032210015943390045,0.07861882193635748,0.07931683665669295,0.054812064559809553,0.05595387337017057,0.06126105663179505,0.0619538296896499,0.0525450455369428,0.047684277196584184,0.053513879485443464,0.052947779937536854,0.051032825911284864,0.04103784917116212,0.042246052372944286,0.04506082512503549,0.03687771638237928,0.03820123615873501,0.034971498460261645,0.03317535545023697,0.026845174394478782
T:CTTAC,0.0428992657885486,0.0029611151907586184,0.07579929468663095,0.07976246026513678,0.052394349987052155,0.0577874076918939,0.06283143660999223,0.06029315916087975,0.056167363681740794,0.04906794301948682,0.054795017520244294,0.05216917012463705,0.05439845076254658,0.04056365021560972,0.04144185167902863,0.0441415080295386,0.03774389793847836,0.03720847026562467,0.03725100423963641,0.03252347812815486,0.027799705014380238
T:CTTAG,0.044043487346411676,0.0030427432453200686,0.07626870341766848,0.079081471882819,0.051813981360986326,0.057951433306760926,0.062330904961816445,0.06107710015069982,0.057337798676981626,0.04980501897844761,0.054096038794976375,0.05139051818403953,0.05394898761342566,0.03976905224960667,0.04145627106950435,0.045548274249347945,0.03747151574387443,0.0370226226633512,0.03686119805803988,0.03248725464289229,0.027195623403029695
T:CTTAT,0.05272369284620433,0.0034402735060333474,0.07915846277255159,0.08028877707285058,0.05527279824640423,0.05514518211572531,0.05980370708773555,0.06337588634228576,0.05366526396163366,0.04773486730067218,0.05181429386455961,0.053517272146224495,0.04819707362271095,0.03972507839276599,0.04185701845822556,0.04547316629561472,0.03687998936174776,0.038614067372737766,0.03425259843600534,0.03264291934231579,0.026417611454995476
T:CTTCA,0.04403058929374719,0.0043769680611785875,0.07611721611721611,0.0788477604267078,0.05168176852387379,0.0578086241244136,0.06225563909774436,0.06092603303129619,0.057592057065741276,0.04996465522781312,0.05377482166955851,0.051154810102178525,0.053501702975387186,0.03979050189576505,0.04134824240087398,0.04540453698348435,0.03794357689094531,0.036910224278645334,0.03693271640640062,0.0323803097487308,0.02725724567829831
T:CTTCC,0.03636491022926177,0.002890686625651854,0.07369922121785727,0.07899317614343991,0.04817649979283211,0.06056550189591837,0.06445035278939784,0.05923672826941731,0.0617873696442873,0.0523180455914311,0.05600660038099564,0.05052299321963058,0.05955804989182575,0.03900252587786637,0.03909735199575759,0.04388516496724573,0.038546514928771695,0.03646215229920117,0.03847645231937437,0.03183137621084497,0.028128325708991327
T:CTTCG,0.03371024485521656,0.0016708044570473827,0.07165633199590535,0.07765710856699103,0.05064184776853475,0.05975479179658544,0.0660261916247985,0.05624257256821471,0.05800750685382814,0.054883573168292364,0.05382461259692431,0.054177599454046994,0.060543129110826106,0.039275670969184245,0.04016990434056172,0.042982032968972454,0.040034592711998024,0.034869218369436045,0.04116415065479062,0.0323277129981527,0.03038040216969255
T:CTTCT,0.042775415347077086,0.0027335958358620433,0.0764397076155422,0.07937939762504945,0.05044543268384325,0.058425109105634136,0.062347112299576006,0.06113954543289098,0.05915317043263206,0.05062252868230221,0.05445701952612839,0.05134126916727597,0.055453831798156134,0.039034650748049356,0.04010240498437206,0.044534983191414884,0.038191114544863285,0.03708659476500086,0.03677072178529337,0.032125317685365654,0.02744107674367063
T:CTTGA,0.04490451433196491,0.003328690909356064,0.07598292997717677,0.07936084030304577,0.05138962819288178,0.05748463260439985,0.06252050809021373,0.0611350726624423,0.05880444214348736,0.05035419750475788,0.05434370465433386,0.05169405939872102,0.05476298116536995,0.038907037282796535,0.040319816830852916,0.04474956431701679,0.03756535244748106,0.036696720893095426,0.03658734441195558,0.03217218045661035,0.02693578142204009
T:CTTGC,0.039043857746245234,0.0019385285473052009,0.0738767593502367,0.07967214090965159,0.04895023840817351,0.05927665131156397,0.0649710124584753,0.059698810298552535,0.06121836997715875,0.05188089374354001,0.055949357935525586,0.050786683170211955,0.058479121739167424,0.03927779975414822,0.03975100063377017,0.04382478168957172,0.03816551184384584,0.03630141938996431,0.03790604888962616,0.03131739124886751,0.027713620954398322
T:CTTGG,0.038959339434669546,0.0022500084428084158,0.07323545304109959,0.07965367599878423,0.04732785113640201,0.0599338083820202,0.06456300023639863,0.05804937354361555,0.06282631454527034,0.05258772077944007,0.055284353787443855,0.05024399716321637,0.06058728175340245,0.03882594306170004,0.038868157103779,0.044116206815034954,0.03866130829759211,0.03590388706899463,0.03854226469892945,0.031567660666644154,0.028012394042754383
T:CTTGT,0.044142428354400506,0.0022824820425080016,0.07638479181108866,0.08017264266434608,0.05132542515376333,0.05710629950294252,0.06305126181802091,0.06100477145680615,0.058915876340359004,0.05089031549137893,0.05335071313736191,0.05206105547279458,0.05433524093275712,0.03874411864481777,0.04040804436643608,0.04463192672458296,0.037872977477543916,0.037381635422351366,0.03671053407867372,0.03226264399179929,0.026964815115267188
T:CTTTA,0.048570235814820215,0.003702272261680743,0.07743655485227166,0.08065870737969374,0.05425282598334787,0.05649925130888946,0.0612103382028175,0.06194530154968852,0.05324823527838145,0.04818022652922007,0.05280542690177046,0.05312433341147599,0.051365067698994495,0.04061517276918561,0.04153246897701409,0.044678590813380555,0.03726419045969705,0.03817515077660423,0.03518179431022916,0.03284173859662832,0.026712116124208804
T:CTTTC,0.044946959988608856,0.002840666381888082,0.07719279510180835,0.0799320091129147,0.05256953343775215,0.05780945939532014,0.06078302245004509,0.06183077032607148,0.05680620817314538,0.050060515449238216,0.05373415919122882,0.0519050500735678,0.05314027718448906,0.039542693056148846,0.04082360339835778,0.04521334662300062,0.0374780483174332,0.03776520005695572,0.036145521856756374,0.03241432910911766,0.027065831316151694
T:CTTTG,0.044639226686744124,0.0025986209284783166,0.07622928891314205,0.08039048856486157,0.05196958009777116,0.05708663512651423,0.06173321345520785,0.061584193685961415,0.057511696277840973,0.05078097003354364,0.053667695849231735,0.05219169051574323,0.054277967285193324,0.0393461864067005,0.040483703978614956,0.04461935738417793,0.03764948989113751,0.03727126352443108,0.03642752778331674,0.03225213577262138,0.027289067838766286
T:CTTTT,0.05107180355480512,0.003357136107069147,0.07800511976308956,0.08083597388012362,0.05441745334859969,0.05664109917752776,0.059983616340429265,0.06214774218238908,0.05391153345936952,0.048597025149282914,0.05268354214928762,0.05295347051124014,0.05131406034386889,0.040159283838809436,0.04135803726055605,0.044813851240756784,0.0363949057156417,0.03770277911349678,0.03459103242638448,0.03257309602610108,0.02648743841117138
T:GACAA,0.044947832394130444,0.004158816132258079,0.07586899514590191,0.07931450349572315,0.051200219743432376,0.05719767037626771,0.062448336688140295,0.06079682745419508,0.058084369460813134,0.049505791870351375,0.053281773741518206,0.051243138382568165,0.053333276108481154,0.04020360602406019,0.04112635676547968,0.04583109798754501,0.03793149326821145,0.03645766720028841,0.03748256430285109,0.032551212666148785,0.027034450791634298
T:GACAC,0.034820355029585796,0.0023214201183431953,0.07299408284023669,0.07837727810650888,0.04857940828402367,0.059936568047337276,0.06705704142011834,0.058751242603550295,0.06162745562130178,0.05316923076923077,0.054527810650887576,0.0520094674556213,0.05696284023668639,0.039541775147929,0.040418461538461535,0.044008520710059174,0.03891408284023669,0.03620828402366864,0.04039857988165681,0.0317803550295858,0.027595739644970415
T:GACAG,0.034562191443113476,0.00208452978381758,0.07206462679021888,0.07927516429838445,0.04728711882838475,0.06119947689380868,0.06701693218847612,0.05753340404859743,0.06189092446412813,0.0530472718382191,0.0563599805936262,0.05057690666985862,0.0613229951522267,0.039414421584369974,0.03883121166317972,0.0429563394791095,0.03940932804794037,0.035372063735421344,0.04043822240672143,0.03141183916140016,0.027945050928997375
T:GACAT,0.04289027169238044,0.002606757851210568,0.07596722185612025,0.07974405279917099,0.05128904226046451,0.05671987162396688,0.06340729711103621,0.06126836728020886,0.05810424013159549,0.051093862398197104,0.053737845274685475,0.0522518625088661,0.052839414259196846,0.039606420813819536,0.04149282412181638,0.045405476103042894,0.0376596525999668,0.037237098258975504,0.03733468819010921,0.0324048875452108,0.026938845319959152
T:GACCA,0.037979519436189255,0.0026872352537559603,0.07350232359810302,0.07902830958508568,0.047752267862051646,0.06036701378141511,0.065073733925831,0.05852718295927047,0.06270468117896359,0.05246656378044108,0.05478042160264416,0.05081396280078528,0.058253372842798364,0.039212206087026164,0.03929986861443423,0.044625637717830555,0.03889294132671283,0.03543730614135528,0.039082335676051246,0.03154768733265657,0.027965428496598478
T:GACCC,0.03308937208141757,0.002892156087262289,0.06915287583287912,0.0784348128727552,0.04514841175903781,0.06267824296124569,0.06801672301888746,0.05622374444327793,0.06720128169542763,0.054938022144912696,0.055158061867116144,0.050374714703399395,0.06327076822626411,0.03895709800684281,0.03730608100625747,0.04260860686092483,0.040235629464613155,0.03379263629159721,0.041354524261177084,0.030366919832194545,0.02879931658250986
T:GACCG,0.023964139012459307,0.001346491452335907,0.0659013822842631,0.07722725025992398,0.04754478362393687,0.06506621669990285,0.07079306642123025,0.05345911949685535,0.06065177003971298,0.05816331748223143,0.054728912068994905,0.05315232397606995,0.06706890968280751,0.03948287910552061,0.0385965809343628,0.04052257503707112,0.04258492270457296,0.033798639873191184,0.04314738115934619,0.031412452489304764,0.03138688619590598
T:GACCT,0.03718611379202898,0.0025067716678784284,0.0722342361056812,0.07873223640677389,0.04754580284964388,0.06126069141617428,0.06612952353832921,0.05856252749804815,0.06324813655136839,0.05243797549012171,0.05597523104195575,0.05011442689107797,0.06059198556622347,0.03895182400315564,0.038421994237226025,0.043776309140497086,0.03862739079846746,0.03555694561309123,0.03948865592458212,0.030738295605330507,0.027912925862344624
T:GACGA,0.03008760229280075,0.0025595731641371356,0.06895706406142976,0.07709001766465987,0.049446627491978805,0.06127834456901835,0.06657053246331879,0.05587800569595155,0.05821406683730488,0.0549983777353185,0.05596452647896463,0.05262626626770972,0.05905043440643138,0.040325894949349295,0.040780129060167994,0.04308013987526587,0.041717437542809765,0.03593496521143516,0.04212841126212192,0.03280579689246187,0.030505786077364
T:GACGC,0.02170480809922198,0.002067124580878284,0.06597708258732381,0.07771249064097138,0.04655099449851883,0.0652202220124353,0.0719912757576744,0.053232527100491554,0.05995475113122172,0.05723656369022429,0.05569028939744132,0.05382662196035027,0.06605032715908721,0.03992642989680654,0.03866499560532569,0.04011361046909079,0.04199355447768482,0.03430287444252743,0.044028125915557145,0.03231713271916403,0.03143819785800319
T:GACGG,0.023806138534293576,0.00040799925818316694,0.06688096930732854,0.07654931536488116,0.046808642166105155,0.06652242450468272,0.0711216888696566,0.05306463079158038,0.061410070163508794,0.058096621642506105,0.05593917101968905,0.053491175470590055,0.06570642598831639,0.04037338113930702,0.03890829289401292,0.04011992705467808,0.0409791982196396,0.03408030167217878,0.043946465551880816,0.031706487806385804,0.030080672580595307
T:GACGT,0.025880263751619337,0.0013391362571141614,0.06832506077058557,0.07614881879448625,0.0498027685186533,0.06152021076840221,0.06838328408611229,0.056578506863073315,0.05716801793278118,0.05603994119445132,0.05670223140856756,0.05502103317273402,0.05997729290694458,0.03962096621592116,0.04141861108280811,0.04288874979985735,0.04082182209865941,0.035967453166620575,0.04233562830235368,0.032823394128178626,0.03123680878007598
T:GACTA,0.04830967199675637,0.003620968768219525,0.07789300163069374,0.07926029837848077,0.051831496953177486,0.056979576374769525,0.06109478444359605,0.061423290805077344,0.05663479267105267,0.04832298982222183,0.052862888547557954,0.05179154347678111,0.05231093866993397,0.0398632111348859,0.04114912117149512,0.04532351957572368,0.0371966865250242,0.03751927385296529,0.036635858097089906,0.03294238116800289,0.02703370593649469
T:GACTC,0.03515183004982818,0.0021361970275464762,0.07314535620315911,0.07948869169936629,0.04788282559151727,0.06059165885856898,0.06565820108816768,0.058670928389996935,0.06258133862601285,0.05257876533967995,0.056473169488457764,0.050112596667532636,0.058865463911813846,0.039676627788291174,0.0391287271097562,0.044356561449215764,0.03896004757501622,0.03597429668637057,0.039198907646107874,0.031290669313006426,0.028077139490587804
T:GACTG,0.03702950014583885,0.002435169546135949,0.07317330790601582,0.07920357455368952,0.049276086983907334,0.05983656359106594,0.06574279454359225,0.05873574679663282,0.06109823917764334,0.0523275588903069,0.05578408486367217,0.05137209642612463,0.0582783651707768,0.03945885551876476,0.03954800617465195,0.04345028542745317,0.038741774156193884,0.03604593584447474,0.039018916412538844,0.03192853218290226,0.02751460568761804
T:GACTT,0.0431970869061097,0.0035425542762414445,0.07643297371677016,0.07909672224377189,0.05178226220998622,0.05728320776712909,0.06250453331315023,0.06085204211960378,0.057656384849641175,0.050350523656799026,0.05350308160173911,0.05228473726756586,0.05388046349644851,0.03963876458412831,0.04157718300709247,0.04504510186683149,0.037899023537487475,0.03716002779380862,0.036821540411924425,0.03244433091451512,0.027047454459255896
T:GATAA,0.05348650464946012,0.0042565479986172924,0.07890555723741983,0.0790633662048339,0.055385579910381684,0.05448274085191078,0.05956268666009666,0.0632266458831183,0.05421757884543953,0.04796641138113979,0.051690488306033455,0.053734490169682216,0.046951925162049414,0.0399525070155211,0.042016905956590724,0.04556277683664947,0.037162401530424924,0.03827565254544791,0.035218237993099345,0.03263747093416468,0.026243523927918875
T:GATAC,0.0497515947811934,0.002897513978946263,0.07775214606358123,0.07795067335205944,0.05222088047672801,0.05656058855957787,0.06129899194077652,0.06158775890583572,0.057397356469692594,0.04931024072664269,0.051892736198251646,0.0533218045310162,0.05070157246738246,0.03975796078019583,0.04144462237156433,0.04535610217100255,0.037606975034783295,0.03748228020896228,0.03678005145302286,0.03246167274827396,0.026466476780510857
T:GATAG,0.050094345788089766,0.003163399674343647,0.07724674378409345,0.07820202096047767,0.05231081131815736,0.05592751573704431,0.06168837940772815,0.062293249235569684,0.059150707141496436,0.05076039785139113,0.05227187716831928,0.052771068589457466,0.050530964468416754,0.0386657823052632,0.040093831301109766,0.04430150049432465,0.03780088797671738,0.037849555664014975,0.03697770880871235,0.031454621553111045,0.026444630772161526
T:GATAT,0.05916707812061744,0.005260815443779164,0.07983017962572758,0.0788971643289128,0.05529361585731936,0.05440000741776137,0.05845659566478209,0.06383215460469127,0.05517423626033561,0.048058980475061255,0.049447492680755774,0.05404998180330415,0.044592336061678686,0.039307181088417395,0.04133779326235463,0.0456713885353862,0.0369416106277976,0.038870228582952596,0.03416342719119512,0.03197286953780393,0.02527486282936599
T:GATCA,0.047039706947973194,0.0034771511643677255,0.07658903354055879,0.0790548142139533,0.051588936665990695,0.05704620400234049,0.06269463715307602,0.06114335240255387,0.059495193083930836,0.04953261250043593,0.0534528033562517,0.05161993652778298,0.05229418352176513,0.039070159145540476,0.04093531749670949,0.04488392489250152,0.037224375707991635,0.037044834841778,0.037004793353629634,0.03195181588148753,0.026856213599381035
T:GATCC,0.041775322093413544,0.002972235342718327,0.07383658325068686,0.07856299939097272,0.0486781374396858,0.06064149860197106,0.06479230043725424,0.05851673761859705,0.06292876810944874,0.05280008262115618,0.05499318831092893,0.05062823972892971,0.05810059429519142,0.0384203563948623,0.03857527106269943,0.04437090216531218,0.03821380350441279,0.03519752379534861,0.037982950273910396,0.03082650012833617,0.027186005434163545
T:GATCG,0.032766883573689766,0.0011981181850158284,0.07220585648962363,0.07551442138586001,0.049980214562082306,0.060543440028139286,0.06868844530425607,0.056982061202954626,0.05860886387618713,0.053893334505803726,0.05434400281392895,0.05635552233556103,0.05974103060147731,0.03805399226169539,0.04009848751319029,0.04327514948997538,0.04032931762223004,0.03564676398170946,0.04012047133309884,0.032569029194512836,0.02908459373900809
T:GATCT,0.04411360733911215,0.003692204884294843,0.07501802374537353,0.07945920915281109,0.05023775646696469,0.05941388910379099,0.06297266781704693,0.05924458362625423,0.06054632971512952,0.05043733510935901,0.05422596562986683,0.05167292872687887,0.05697745994692105,0.03905911003622689,0.03972624089142137,0.043994757136338,0.0374187529922781,0.03630537326251655,0.03724944751474135,0.030977296247585155,0.02725706065508886
T:GATGA,0.04362959546905057,0.0033003235974599695,0.07532635179207084,0.07917754180978631,0.05109212924008708,0.05711851037920084,0.06284264622578503,0.06204900858669126,0.059594971808314086,0.050589037075747544,0.0539137352935728,0.05160887119183119,0.053121072639293644,0.03909786605073626,0.04061006749819872,0.0452412453676034,0.0382291545809174,0.037123521801147946,0.03755544007402085,0.031786454925964526,0.02699245459251972
T:GATGC,0.03816218992449047,0.0021951592910302185,0.07394032327362697,0.07887881436705829,0.04935281074220583,0.05925448538453561,0.06509425110251814,0.06014217915857989,0.06044219249250584,0.05270604619464569,0.05447032213777402,0.05212330424562079,0.05691117136070245,0.0387819705567161,0.03996967766468633,0.04389207421564415,0.03877085895175588,0.036653480895447205,0.03892271755287889,0.03178536330009729,0.02755060718747994
T:GATGG,0.03983594318395143,0.0019828001602157897,0.0728514690628674,0.07780068359890341,0.047811263723667556,0.06015272405771575,0.06676551830932548,0.05931877145978904,0.06393665420639981,0.05319043099950603,0.055230327499413895,0.05110295421652143,0.058612853078141534,0.03814295020247573,0.03887482146580146,0.0434901089242444,0.038288286339873745,0.03544990618033273,0.039244217481688076,0.0307368628675685,0.02718045298159681
T:GATGT,0.04242859046009168,0.00265567705569278,0.07603185938888853,0.07873121534352362,0.05110977162487688,0.05635888330526964,0.06384435461150895,0.06180127411348215,0.059746181918246204,0.051751851439328915,0.05343894891097585,0.05215260533712466,0.05321837047131716,0.03879232212314392,0.040980634960153924,0.044969610406060886,0.03783247831888654,0.037389137494622034,0.03784012212620144,0.03205921985118599,0.02686689073941824
T:GATTA,0.05194810547052084,0.00421327091043468,0.07743241869499876,0.0806991804247065,0.054484035728317524,0.05579321315826348,0.060571092593050505,0.061477763216098075,0.05356500141495567,0.048374998969692475,0.05253194640202875,0.05344685948528583,0.05022405754336221,0.0396091425368644,0.04131395805686748,0.04539122837384502,0.03701276757086455,0.03824638911555654,0.034665040154518656,0.032464303278575926,0.026535226901192133
T:GATTC,0.04577746359712796,0.0035780991102535168,0.07616741456339743,0.0788432593025658,0.05145379600337854,0.05779487345250024,0.06261813981007686,0.06144605235605038,0.05875193766855784,0.050027334653454214,0.053703810408530096,0.05188665324059695,0.05256264132859064,0.0389571513496573,0.040815064556159714,0.04593908237076471,0.03724118158782715,0.03690951175671175,0.03622649676551646,0.03207219159273193,0.027227844525550524
T:GATTG,0.0496866960241173,0.004333468370591341,0.07689582664723534,0.07830407233788075,0.05300826182496716,0.05536352205228572,0.06121922860404796,0.06257310864536586,0.058941132524162027,0.05001639738132943,0.05278203057453969,0.05323975426726504,0.05021807640302834,0.03812259629296421,0.04046908786716543,0.044918302458905705,0.03718259667878494,0.03778763374388167,0.036077746385999615,0.032650956747741634,0.026209504167740826
T:GATTT,0.05172243145512907,0.0034325762837391616,0.07820181807942962,0.08054310302165689,0.05456627355150059,0.05577360525458061,0.0602752886930613,0.06252613041230165,0.052985223625135025,0.048545826557201924,0.05195280570235988,0.05369597083973973,0.04985640005255946,0.039440071125915736,0.04130695576643806,0.04511069055960464,0.03705783076195856,0.03848785757069503,0.035390603802369615,0.03255188113371433,0.026576655750909124
T:GCCAA,0.0405308650495152,0.0023700872985749286,0.07369914771747006,0.08002980400952348,0.04854581449915462,0.05929423587867914,0.06425114730340568,0.060236663676201646,0.06106802732824954,0.050998930333666884,0.05475354542631379,0.050293726924536764,0.057352230771885025,0.04003161554121666,0.04001544115109899,0.04390160795003623,0.03869992408819571,0.03573354094061627,0.03792355336254788,0.03214929609054208,0.02812079465856941
T:GCCAC,0.030704186667701007,0.001951968164678182,0.06888392917982743,0.07915744583602838,0.044439249446226,0.062293153749466666,0.06969323069600979,0.056137430299955236,0.06541609314934653,0.0545649532607408,0.0561950877913931,0.049605360679058484,0.06400820204023654,0.03966835410924942,0.038628422627315605,0.042229395047116654,0.040346615872163906,0.03477061229110953,0.04147670270434601,0.030937961587530885,0.028891644800499838
T:GCCAG,0.03314526719982934,0.0020036191064525424,0.069103748952822,0.08072548047971308,0.04448478842004449,0.0639054499180405,0.06813638238978058,0.055987265722854666,0.06568833760352341,0.05386217026392219,0.05693167029243951,0.04894385940741761,0.06662237224057947,0.03907612789682213,0.036893257099515055,0.041177520652831694,0.039635363543909626,0.034080042546351746,0.04075309412861827,0.030126876124489558,0.028717306010042538
T:GCCAT,0.040123356696651166,0.0027727893693525697,0.07350020066238858,0.07922211907589903,0.04910857254046692,0.05869678899640429,0.06570781123952603,0.06007102232419745,0.06094359968056169,0.05212458904748199,0.05518925098202957,0.05147902368626942,0.05611452755155402,0.039332868499248025,0.039380500480373594,0.04434638787431643,0.03827584389682305,0.03640907561526331,0.03849272142790545,0.03129319815309527,0.02741575220019215
T:GCCCA,0.03227779612264627,0.00155257263573324,0.06942118182505361,0.07990030116527488,0.044309488098600795,0.06337301129469242,0.06724598877294048,0.05644959161670453,0.06661541154612761,0.054274398564591396,0.056448597015400406,0.04946450665786113,0.0642950067036128,0.03892571123939258,0.03752232879927752,0.04336461685968562,0.04029826103907987,0.03429285836479589,0.04096563851414522,0.030408940272202485,0.028593792892181242
T:GCCCC,0.03371059406421528,0.0021937223569321496,0.06724527023744976,0.07872588185406955,0.04317077557471981,0.0649031992112577,0.07009277699519113,0.05443739751798235,0.06995755652675067,0.05513975626182359,0.055620248411815905,0.04968236318117311,0.06686586523376731,0.03743243899653284,0.03559711652197201,0.040769627644840156,0.04103744294155719,0.0325382457310373,0.04237914506530623,0.02929295448846622,0.029207621183139715
T:GCCCG,0.023614327579902384,0.0005458428502535784,0.06128278369254739,0.07694264410516219,0.042692330113037164,0.07025474432826884,0.07265539298035496,0.05067859395121331,0.06559653204309508,0.06085352863555186,0.056454989162634674,0.05116084345968977,0.07334432084960704,0.038341485646452816,0.03543209026014976,0.03750947275820222,0.042782420680554746,0.03206164314596262,0.04552753326726692,0.030095548996020117,0.03217293149407257
T:GCCCT,0.03236314790211109,0.0017110441455676308,0.06932086321286521,0.0799486162860388,0.044408563393504526,0.06361982757536767,0.06707439741488787,0.05609563406078031,0.06641847969588889,0.05487495651663684,0.05694958444573905,0.04889206486250875,0.0661240501766577,0.038764108517709776,0.03679635536071283,0.04187395482759632,0.04052544667367989,0.034090956717812884,0.04098752289425265,0.03004962342359711,0.02911080189608419
T:GCCGA,0.029060671652986435,0.001907374466899552,0.06774394033561218,0.0771236507290171,0.04711286370487845,0.06380774808369588,0.06875834922812056,0.054163719880271174,0.060907395898073334,0.05746412064322096,0.055721051842009386,0.05209918347227878,0.06496503146810684,0.0390118800140017,0.03813320188880078,0.04138359657958467,0.04149789617310674,0.03377552988577184,0.04361958237786017,0.031718137202374576,0.030025074473328903
T:GCCGC,0.023978052777843758,0.00029690506163749077,0.0614712239614261,0.07862639842284032,0.04360941545331465,0.06748652051020165,0.07458848958457044,0.04966034060948671,0.06566352343174746,0.057813353602052205,0.05433362627966082,0.05121018503123441,0.0725457827605045,0.039173653832450535,0.03784945725754733,0.038573905607942806,0.04287902900168642,0.03202417994821976,0.04701788556091304,0.029613310847723333,0.03158476045699627
T:GCCGG,0.024606644063411294,0.0011481303801766935,0.06335739196524345,0.0777656196939397,0.04358044189543928,0.06962090136320269,0.07283351031430743,0.04920789784334758,0.06572911669424696,0.057217859087209395,0.055358211288331655,0.051919210431276584,0.07386305445803394,0.038351866924681566,0.03547884583250233,0.03864833251580701,0.04355888076153925,0.031446913793196384,0.045423918843892,0.02951180202566853,0.031371449824546274
T:GCCGT,0.021766041633440418,0.0010176725676486447,0.06621706803976518,0.07764689799731152,0.045810454686989736,0.06371845404904575,0.07301420944309008,0.053693619800566555,0.06128819120092958,0.059275629779833375,0.05589604550667183,0.05326072923074586,0.06686260660879603,0.039484176710487345,0.03787412757361038,0.040084147851116025,0.042073925558011135,0.033605978446606365,0.04365359640928664,0.031859227024522874,0.03189719988152469
T:GCCTA,0.04335135286844284,0.0023357309138196374,0.07382967875124154,0.07872878858516764,0.04830815432040054,0.05984024099504008,0.06454756517983413,0.05992755803854736,0.06224457815732972,0.050243162373838565,0.05498167121702807,0.049978092777477195,0.05756220169925204,0.04011438532699453,0.03949848832368428,0.04395165754255537,0.03811388949092604,0.03605570203682596,0.03778489134485399,0.031420102566341465,0.027182107490399024
T:GCCTC,0.033763667748542954,0.0018192344897508105,0.06825664002691716,0.07992640735640083,0.044390932283850694,0.06415016335526616,0.06810362030348018,0.055707233000716776,0.06667096195714911,0.053877260284759865,0.056982397362691645,0.048885774803289116,0.06687230369851356,0.03947282468145499,0.036151133375033444,0.04150771854751173,0.039863875085793955,0.03401333150783488,0.040804364731011906,0.030258531744433794,0.02852162365559645
T:GCCTG,0.030342169432863997,0.001650279241721073,0.06846299063950287,0.0802462046723826,0.04406434358530638,0.06515220640289468,0.06905293793754425,0.056027688193188076,0.06618028789428144,0.054659010461732084,0.057889561865806655,0.049030913238417365,0.06630928970345316,0.03918115315031857,0.03665381892550932,0.041666011169668844,0.039421851647919455,0.03407299614567765,0.04128923149531975,0.030133721387556045,0.028513332808935737
T:GCCTT,0.03783469913369234,0.002035120580660267,0.07298150316085227,0.07960009365488176,0.04842800280964645,0.06036619058768438,0.06467993444158276,0.05887801451650667,0.06195176773589323,0.05220229454460314,0.055461484429875904,0.05043128073050808,0.059997190353547177,0.03923858581128541,0.039691875439007256,0.043659096230391006,0.03842004214469679,0.03590072582533364,0.03856988995551393,0.031510184968391475,0.028162022945446032
T:GCTAA,0.04516477000956633,0.0022122130102040817,0.07730538504464286,0.07939552774234694,0.05253009406887755,0.056842414700255105,0.06230070153061224,0.06167042012117347,0.05490423708545918,0.04916194993622449,0.053338498485331634,0.05270448022959184,0.05314667370854592,0.04038534359056122,0.042075643734056124,0.045587033641581634,0.037632533482142856,0.03716542769451531,0.03614153180803571,0.032879264987244895,0.02745585538903061
T:GCTAC,0.039179617759826736,0.0022536365498873182,0.0731100184388445,0.0795592238124506,0.04889220592969825,0.06011063306699447,0.06581935785992332,0.058442356659935024,0.05848333186993298,0.05119998829279714,0.055634091374718295,0.05088974741709837,0.05916966663739866,0.040926917786167936,0.039691807884801124,0.043558111628179234,0.038373284163081334,0.03624989024497322,0.038324991951298036,0.03203383381625545,0.028097286855737993
T:GCTAG,0.04275246939819451,0.0025418050562323936,0.07350773420557785,0.07960720178099266,0.048292855135843915,0.06055230945467907,0.06425550616358908,0.059024920928825136,0.06087651928328014,0.05113149230181774,0.055859192069107125,0.05005223380571906,0.05953645199172905,0.039704897009344445,0.03933313640588189,0.04329137817995807,0.037801425082313274,0.03567028580897557,0.03725963443540659,0.0316861072486113,0.027262444253921138
T:GCTAT,0.04918856126333708,0.002259427807575473,0.07766016314397846,0.07956304097513224,0.05230549815399125,0.05652914572414789,0.062026916328327575,0.06223522330379975,0.05590294684082663,0.04937130910071451,0.05311572283159467,0.052429459973750765,0.05188632828923743,0.040235195188747845,0.04114126663420656,0.045060760461035736,0.03768439320689228,0.037253721729995824,0.035238383691225166,0.03232719786223369,0.026585337489249187
T:GCTCA,0.03452050293928823,0.0027649591919178375,0.07133410328660533,0.08001535436568534,0.047149301091400385,0.0617460059372449,0.06770001324230228,0.05738610362855845,0.06264111852195792,0.05220819581174475,0.05623368808176032,0.050113732937964006,0.06203599559483919,0.03935645763385202,0.03897092225092319,0.0425388007838102,0.038918120665869894,0.035457521543884825,0.03936400071743106,0.031136172773491257,0.028408928999468633
T:GCTCC,0.03278408785680504,0.001655847131181645,0.07031346281664654,0.07890764649559757,0.04556634290571678,0.06293483103933901,0.06763903796545684,0.05718149959499159,0.06479818573085322,0.0543195806029938,0.05564362630521729,0.049431039549676994,0.06360264724873416,0.03915046194132276,0.037948603431985445,0.04238736921493675,0.04038181391101191,0.03441992156846222,0.04135720477836191,0.030831199446365615,0.028745590464342934
T:GCTCG,0.024654971911667888,0.0009967819939331664,0.06695052392584434,0.07848735255933006,0.04660878767928232,0.06593528300609759,0.07119607686296708,0.05311248254093267,0.059622330377854214,0.05823175796656473,0.05679196175310571,0.05139580244026999,0.06599065978353832,0.038985251318274954,0.03907139297207164,0.03985282083151308,0.04238169366797315,0.03415516573038893,0.04300314417036358,0.03128787925401328,0.03128787925401328
T:GCTCT,0.033718147925284804,0.001630801087829165,0.07214959379227238,0.07972464913424572,0.047495117808882055,0.061895814120097974,0.06636244946951832,0.05793271610078288,0.0622775912533759,0.052979039964053246,0.05654779205557921,0.04975671527124244,0.06223281492292972,0.039525716539119585,0.03877551661673189,0.04296956623519042,0.03913844055824301,0.03584777304527751,0.039351324515276585,0.03159323610323379,0.028095183480833372
T:GCTGA,0.03629638348735571,0.002692886460962885,0.0731872343632636,0.0790870268077694,0.048702291239904855,0.05980324992442135,0.06562005404402954,0.05927991538578139,0.06154346428834548,0.052505358251283565,0.05625168834666086,0.05067030008747647,0.05905974227891021,0.039402517933522965,0.03945248029238989,0.04401091042426511,0.038681027598698944,0.035707843836296216,0.038920677557331806,0.03136535271308311,0.02775959467824664
T:GCTGC,0.030701123647910698,0.0013632635927971488,0.07053212948963608,0.07942297900787836,0.04608277915324132,0.06205132789453023,0.06826229074924112,0.05732508832548866,0.06349232569076557,0.05415839121292564,0.055974456540750214,0.05029985968976279,0.06391306206687473,0.03997578579562901,0.038444421987896785,0.04211541974526502,0.04011473568427476,0.03529910178127927,0.040690940467260295,0.03150081426578102,0.028279703210811274
T:GCTGG,0.03048870636550308,0.0018976877064547809,0.06866886885099545,0.07975645031693598,0.04461173109543791,0.06425711990000893,0.06991661458798322,0.055241496294973665,0.06619980358896527,0.05509508079635747,0.05760199982144451,0.049364878135880724,0.06811391840014284,0.03889652709579502,0.036587447549325955,0.0408684938844746,0.039097937684135345,0.03400339255423623,0.0407570752611374,0.030152307829658068,0.02842246228015356
T:GCTGT,0.033640275904721816,0.0018957712361596674,0.07279349235936332,0.07941709544138742,0.048991126725478236,0.0601286753652817,0.06701340869460645,0.05849918826288257,0.06109073417112621,0.05435546354913801,0.05619024712885575,0.05087315426441155,0.05965795373527921,0.03924426844876607,0.03923052475153972,0.04331927467637888,0.03880704708075281,0.03596639666028158,0.03976738792444402,0.03159761890445553,0.027520894714689437
T:GCTTA,0.04312377238632189,0.0018788455586058069,0.07610698571845954,0.08037235565866627,0.05276967002322884,0.05778426398141693,0.06309536551428878,0.06124978665918407,0.05508966099782754,0.049645492650951285,0.05476133309805578,0.052075408384944934,0.053533357825341125,0.04005745015056799,0.04100048887590362,0.045005510701753876,0.03772878090549074,0.03768683593151109,0.036492127362297545,0.03283568273400233,0.027706824881180012
T:GCTTC,0.03736736786909517,0.0021022578306935428,0.07402145247605682,0.07942698292746873,0.04930522354682994,0.05959963603275705,0.0646928640829105,0.05967289215157077,0.06062618559244922,0.052772358538578985,0.05546837649018368,0.05049274378865224,0.05836681266482627,0.03933178852886291,0.040001696457488314,0.0438958375102173,0.03890767415678352,0.035936945759627394,0.038407411976989866,0.031658210083126415,0.027945281534831355
T:GCTTG,0.037309667609771835,0.0018911680279339131,0.0741182271758443,0.0801669902512748,0.04848735159822576,0.05918108877735358,0.06581562198605821,0.058720023613858495,0.06136170962504991,0.0533096584571135,0.05619274583182219,0.051154207419831295,0.05876006649406278,0.03870201575858948,0.03899718898980966,0.04366046841017181,0.038216924866971834,0.03646533487860715,0.03848349604090323,0.031450822194738826,0.027555221992007443
T:GCTTT,0.04229064305317338,0.0020796281670293704,0.07608906523067882,0.08112741497023826,0.05257920160785615,0.05706801650390316,0.06188801340313048,0.06166966056279836,0.055721372035089055,0.05041515449883965,0.054443723816937524,0.052491535783484894,0.053990783724352676,0.039979674516275404,0.04133118930866569,0.04498961403497379,0.03744304765368103,0.03743574216831676,0.03680503526520129,0.03290309436008413,0.02725838933529012
T:GGCAA,0.04122537092066441,0.002874470207588897,0.073828386844786,0.07912974174104433,0.048945165495801246,0.05935575131557418,0.06414407186703332,0.05986139627680631,0.05970621922189791,0.05085901583967149,0.05509629950227223,0.0502288069840231,0.057831427048310735,0.040148632172320425,0.03986044621320483,0.0447300499839017,0.03790014831548445,0.03624809327513314,0.03782836573226152,0.03212903974960546,0.02806910129261431
T:GGCAC,0.03182090559349004,0.0015924930005841238,0.0700004531995891,0.07959191894777126,0.04588268173303523,0.06270016315185208,0.06785027292686366,0.057366255765705886,0.06430524502991117,0.054804419199548815,0.056172830181078416,0.04978775152577195,0.06272156424355953,0.04005151368662759,0.038194654259069025,0.042129937357745686,0.040323433440087014,0.03457031643402421,0.04077285636594356,0.03088681088484702,0.028473523072894635
T:GGCAG,0.031125089042108516,0.0017438812951090681,0.06861551281534346,0.08029850946870422,0.0443651465666707,0.06412308643468677,0.06836149080010215,0.05576388048868997,0.06561563377820787,0.05425587677916213,0.05719930647957744,0.04897315968442133,0.06625942502318455,0.039341155598564576,0.036936010644732065,0.041717403868123594,0.03999905917772133,0.03455371423195301,0.041638778006263186,0.03032942220071771,0.028784457615956344
T:GGCAT,0.041497006323406686,0.002224674168127566,0.07446385464565959,0.07926381879995295,0.04924079913522233,0.05926863556678223,0.06399018723780826,0.06017485983768616,0.06051763440739766,0.05162229826988456,0.05465462101566569,0.05114062158695664,0.05671238861226707,0.03930593750525083,0.039978044504685145,0.044746643665671576,0.03842883787098906,0.03605181944965639,0.03760774715334681,0.03182314624488219,0.02728642399870059
T:GGCCA,0.033690713387690883,0.001722261842617985,0.06876364759250954,0.08045003051178931,0.04400590384742635,0.06293516060964761,0.06810102710770294,0.05671149081337813,0.06659933241675428,0.05418048274797262,0.05653044194304956,0.04912765691514782,0.06480722430944101,0.03898156793835884,0.03723541132097667,0.041650430473557674,0.03982431826369538,0.03400594060861829,0.04143813459007595,0.03050443707586775,0.02873438568372141
T:GGCCC,0.03292253546752213,0.002071213049661081,0.06669655346073064,0.0799825919128082,0.04212436884767487,0.06598916797785272,0.06752911415251289,0.05525757710283435,0.06928738917991316,0.05572916742475296,0.05605666070386311,0.048975528246659204,0.06766447804121176,0.03821337133225722,0.03583795341444493,0.04138205074835853,0.0410210803784949,0.032787171578823264,0.042032670729524026,0.02936086411648863,0.029078492133611435
T:GGCCG,0.02501383003598661,0.0005589045470877081,0.06329879151149462,0.07889679086134034,0.043645882641451327,0.06865400956981459,0.07284009056534906,0.0504667993589707,0.06579675265051926,0.05790365169981123,0.0559018609240175,0.05026719059215366,0.0712375173231894,0.03811386824680769,0.036516998112271375,0.039254489771476477,0.043126899847727024,0.0323423233319836,0.045744626246841905,0.02943944155170152,0.030979280610004392
T:GGCCT,0.034430017083172115,0.0016961943218404972,0.06858019746166893,0.08064853419109513,0.04413034935137489,0.06456347999672682,0.06707695913474895,0.05652701434440928,0.06753762894461153,0.05380542559930011,0.056025934902102614,0.0484753950799252,0.06571818524381656,0.03903065373693127,0.036579809529197475,0.04232605926274646,0.03978025241876906,0.03404208461170889,0.0411188214934794,0.02958995335718175,0.028317049935193052
T:GGCGA,0.03041728267558907,0.0030063593342151986,0.06715853063303318,0.0776277349027708,0.045724957026745984,0.0629001110584507,0.07052565308735419,0.05483599425608523,0.061216549831290185,0.05740377881683844,0.055663627296328,0.05385273790913014,0.06442097519223015,0.03919585193149745,0.03833284995791097,0.038820941238054144,0.040921855878670414,0.033374125503123075,0.04259126953249344,0.031145882702469457,0.030862931235719794
T:GGCGC,0.025475712770443828,0.0005367343548325261,0.061091871030402166,0.07968588260852896,0.04249785945227537,0.06822916001073469,0.07404378218808705,0.05098976370908998,0.06506626113404301,0.0583762507827376,0.05539865305235716,0.05004408889343267,0.07205658713626663,0.0393349605755837,0.037354155218463664,0.03900908614586395,0.04322628464811951,0.030676924256559022,0.045232648784041096,0.0305874685307536,0.031085864717383803
T:GGCGG,0.02740843748217881,0.0005044766822103975,0.06151983470711839,0.07892647362025627,0.043292872841168804,0.06779289258156072,0.0728815269412482,0.04949574265547752,0.06572673156137726,0.0598616417864616,0.05443961414113942,0.05191284397632907,0.07257884093192196,0.038985080650467845,0.035554639211437145,0.03801560806987221,0.04290245175667554,0.03116349869932751,0.045995113156313196,0.029974688430814314,0.031066990116643784
T:GGCGT,0.028123885276576572,0.0013454907286301653,0.06505917030157767,0.07737510404085285,0.04580300764113572,0.0640140682007347,0.07270030602091455,0.05249291270581315,0.0639201967545512,0.05784358513827264,0.054426664497193245,0.05379459675955768,0.06697414780372106,0.03894413397332799,0.036778832614695264,0.039419749300657725,0.04099053150012829,0.03330558910590577,0.044964422721896456,0.031428160182235765,0.030295444731621535
T:GGCTA,0.041267611030923884,0.0018252883546858434,0.0732427288635696,0.0796625324119608,0.047787045434224476,0.06068924114498844,0.06536039545785487,0.05796855241477091,0.06102262131333904,0.05134820983790826,0.05607428885284012,0.050643129941626536,0.06049892066573848,0.039879165655456066,0.039506188608872256,0.042933234554024195,0.03786994341478368,0.03529997828558291,0.038140734969152754,0.0313990471202851,0.027581141667411768
T:GGCTC,0.03009847352282073,0.002044270793525593,0.06837199206341928,0.07974694251074363,0.04410162655065481,0.06435682410405195,0.06983233106996073,0.05549390132673786,0.06672312359685675,0.054948694509920216,0.05711117837026982,0.049145044375758576,0.06694833987071974,0.038314281667089584,0.03695890771126255,0.041483614751767844,0.039874490333534095,0.03411364148218804,0.04085993891645495,0.030298212842626817,0.029174169629636423
T:GGCTG,0.029218577505683883,0.0018003211265387312,0.06862512049536904,0.07985871598968078,0.04415635741587928,0.06426614127526027,0.06992523089173136,0.05576839222354607,0.06635594295556,0.05557224545034278,0.05768902642658496,0.04952961232939241,0.06763271990678289,0.038772164949957055,0.036703509204314935,0.040961133772099326,0.039373001162297236,0.03410474675191152,0.041049363361532774,0.030132956887085085,0.02850471991844961
T:GGCTT,0.03579047308812255,0.002153109097481816,0.07257507081027613,0.08056382061661549,0.048028832593781406,0.06018376905322788,0.06576318183443305,0.05871393442948568,0.061609905890858824,0.05295873737233295,0.05632545316590461,0.05076193048873987,0.05993151365158563,0.038994315315279526,0.03925252950593694,0.04384377644212625,0.0381958375872466,0.03619269134664659,0.03857620695271502,0.03152298702175752,0.02806192373544566
T:GGTAA,0.046095298301950915,0.0037930229077884244,0.07634997069917776,0.078798932023491,0.052165253840225904,0.0576785636862812,0.06158906960448785,0.061045011377670114,0.05617645948164818,0.049186220361763754,0.05349952517283289,0.051759657732829645,0.05568834554550579,0.039555410722003026,0.04091345837814704,0.04440997654535613,0.037222533800841125,0.037271485055182046,0.036808546049843564,0.032463073271636105,0.027530185441337517
T:GGTAC,0.04452794647149431,0.0028334003747780274,0.07448075583505842,0.07879757081048201,0.04864069382989787,0.058891167207903695,0.06396734918127679,0.05927771836706663,0.061045650318365105,0.05095215203037468,0.05426432642969969,0.0509737361052518,0.05712519744523041,0.039283016276354644,0.0397676768667772,0.044610358393752395,0.038802280063182475,0.03591197621827386,0.03747780274117751,0.03131064389219736,0.027058581141405122
T:GGTAG,0.04308983232845419,0.0034102435208347584,0.07317374246340644,0.07883566879738721,0.04783859271311419,0.059094032296924684,0.0641759346565812,0.059004797839336334,0.06277197919052449,0.051483820305598275,0.05482118901940255,0.050215203766883904,0.06034777642604099,0.03845112777481982,0.03886458076164584,0.04272843277522138,0.038819963532851665,0.03602395052841671,0.038217630944130304,0.031351039432706805,0.027280460925718262
T:GGTAT,0.05230456129162349,0.003165284101833051,0.07755962066610082,0.0789554718774277,0.05217951303081033,0.056131038072506106,0.060764076135633595,0.06148935604834991,0.05794736406081722,0.04988644054814905,0.052120115106924075,0.05309549154126671,0.05110253488455701,0.03905413495520928,0.041112741948845885,0.044901704251484556,0.037412876532036586,0.036718858684523556,0.03582320051644932,0.03208425751813591,0.026191358227315855
T:GGTCA,0.03542660451310669,0.0025336090405458354,0.07236274068996924,0.07896491899270547,0.04755255909539061,0.06044599378849681,0.06581488703363159,0.058506488327714004,0.06260626536549506,0.05329132227345178,0.05595900916468343,0.051214271431361966,0.05953865660928674,0.03943738159827733,0.038849057236216275,0.04409080769190759,0.03909294022323962,0.035473994098262886,0.03963734253076567,0.031321048257623656,0.027880102037867747
T:GGTCC,0.03343797462115027,0.002603195923610833,0.06988425790431946,0.07942366166462826,0.04485198751698239,0.06310054497675607,0.06794341360624274,0.05579773321708806,0.06632604335784548,0.05501215338215224,0.05610118268273973,0.050149260168637806,0.06431896389721535,0.0383871275812459,0.0366218834815666,0.04292346603984584,0.04010462074978204,0.03356736424102205,0.04097029892082896,0.03004149709951602,0.028433368966823885
T:GGTCG,0.028142742108106456,0.0012129613585167215,0.06619303413619823,0.07646753034951634,0.04568481351993232,0.06347151579398004,0.07071870508730264,0.05205540889029325,0.06239106281916683,0.05812021568287686,0.05549043391399187,0.05462403294362278,0.06702885624878958,0.03914093795549757,0.03784643297624023,0.04114894961623534,0.04254538412141845,0.03281111439550695,0.04319773308734341,0.031761240278471464,0.029946894716992672
T:GGTCT,0.036047437399005754,0.0019516664963543813,0.07132903098298636,0.07976678820600525,0.046280772716196475,0.061519043346535345,0.06603886938095789,0.057484326590838394,0.0644544036580833,0.05312844952561478,0.05643213354878773,0.050123467049064535,0.062318575305916425,0.03907150982402436,0.03853362245247445,0.04309948895085012,0.03855832709166881,0.03480995956299739,0.03975201034001444,0.031024535075534435,0.028275582496089368
T:GGTGA,0.036519385803570614,0.002039467061977837,0.07289579158316634,0.07891582251260512,0.048209432563757655,0.06004474702830318,0.06648456730813225,0.05944194324722504,0.06232670821094243,0.053712447726503236,0.05505074075090821,0.05055773647752125,0.058978687969546396,0.03867781224549556,0.03920397873372315,0.0433218034242,0.039211985615065746,0.035798766482737165,0.03922113633660014,0.03149563968118886,0.027891399236829824
T:GGTGC,0.03168996859376376,0.002183434596431495,0.06924863107293226,0.0793146069980791,0.045739611971548494,0.06225805294380469,0.06969216670417151,0.05640892680683697,0.06475783280663477,0.055693073343182437,0.05712314962478842,0.049798289126528325,0.0645849843621077,0.038636519288908024,0.03769726736393077,0.041814647764221675,0.039296930798657655,0.03447348080893072,0.04096671199861721,0.030519164978948365,0.02810254804697564
T:GGTGG,0.03532796464313792,0.002262499203195716,0.06913371438284852,0.07831119988101055,0.04505025179015362,0.06261309308798844,0.06887193761553662,0.05592333680385866,0.06597879438199859,0.05547797632960075,0.05537173575845144,0.05048296963644477,0.06499883135371735,0.03842169007500584,0.03693857170176147,0.04125448866413106,0.039851263200390966,0.03401993073114761,0.04110235216624525,0.030378003952149246,0.02822939464122559
T:GGTGT,0.034607258176060134,0.0022595353584493505,0.07245179260446327,0.07867475568401322,0.04800707789017823,0.05954442043812331,0.0675547415663886,0.058485598592053115,0.06275784935159086,0.0548333786432772,0.055910085993503986,0.05196096667572866,0.060380269665708,0.03840733162586387,0.038793658515646236,0.04250311207772325,0.038118778825470864,0.035958209923354655,0.03979047728064025,0.031514258323913635,0.027486442787849303
T:GGTTA,0.04429167081909453,0.0029495632717488098,0.07632376721114373,0.07903543655143813,0.05191713575706529,0.05806380058058978,0.06283936051539399,0.060417021632273846,0.05673609526044563,0.049872533859700446,0.0542510681116044,0.05207305272565364,0.05462398292307346,0.039649524372876235,0.04069915097584734,0.044045739930496396,0.03782513510124959,0.037174141572607476,0.03709055721831269,0.03239536685494578,0.02772589475443881
T:GGTTC,0.03758245774856261,0.002765996948265559,0.07285435800442096,0.07906080841953807,0.048043060785212435,0.05994830617134967,0.0650901305979891,0.05890398640063588,0.06260987114254385,0.05276860774769234,0.05525756986789355,0.050948300369573166,0.059843874194278286,0.03881388481152929,0.03871960594333985,0.04393540302040485,0.03837585068547989,0.03560405196071037,0.03940276512668179,0.03148624108702085,0.027984868966877657
T:GGTTG,0.04083239481505302,0.0021125673966680557,0.0732505706816022,0.07813038506407641,0.048312181222232,0.058968749864810106,0.06491710516259559,0.05905959747299447,0.062141206023629034,0.05298578595438296,0.05452154314035667,0.05226477319101503,0.059512393488389534,0.03837229926644162,0.03930384775671299,0.043051672100699524,0.03862032765704018,0.035945370304945136,0.03818050987138574,0.03127753367490111,0.028239185890068626
T:GGTTT,0.043153936886285924,0.004048326902397368,0.07577124720468237,0.07996840965496199,0.05164686533731717,0.057698890803079404,0.06245697722444028,0.05991561024435076,0.05714168772069521,0.05046641339817602,0.054175209206966994,0.05315196481527648,0.055267290039553045,0.039269329086559036,0.041170703210754854,0.0442376457193036,0.03686749543260912,0.03696702920525538,0.03707214431094723,0.032387545441353215,0.02716527815503455
T:GTCAA,0.04535608056064764,0.0031005587618337382,0.07675352394667333,0.07953325079871226,0.052442547209435884,0.056074560356196894,0.062214450416163074,0.06148584359811762,0.05697827772042805,0.04937505127800085,0.05387894350786834,0.05219151460826056,0.05155964718286317,0.03986642616518925,0.04111791552324378,0.04642388752759828,0.037887554538363295,0.03703281914509317,0.03700955270888668,0.03258280708328282,0.027134787363141313
T:GTCAC,0.03347066559594055,0.0018889005272162286,0.07266622441022776,0.07979120840752767,0.04827345413917112,0.05989199632228856,0.06653748123319717,0.05897489612792849,0.061325838250526635,0.05377139997439568,0.05506209047635674,0.05132153206941099,0.058202111192579405,0.03977049218486319,0.03994506709495711,0.04368911700010474,0.03951095748519023,0.035990363464962816,0.04005912270288514,0.032193941086787005,0.02766314025348277
T:GTCAG,0.034861137514135145,0.0017883285350600584,0.07239643862946421,0.07986430261066568,0.04863077728107429,0.061123599469282884,0.06574091676090096,0.05887667490441016,0.06192516261540843,0.05234756091585939,0.05628384350508473,0.050597448716617054,0.059930073904514033,0.03922759885782151,0.039286393220618006,0.043226595434029784,0.039112949850368346,0.035415764336515415,0.03941084128853725,0.03165880455381938,0.028294787095813255
T:GTCAT,0.0437474849214343,0.003038333964335293,0.07578214478756665,0.07890500920310406,0.05188026678286627,0.056238942583583945,0.06307519400333836,0.062420380648955755,0.05748189738717566,0.05023966168770403,0.053603021189760146,0.05237435322299133,0.05256246324115942,0.03961263623094195,0.04122704879192889,0.04608338274197735,0.03817561856050594,0.03733269518795524,0.03668978753092505,0.032525174597051676,0.027004502734738683
T:GTCCA,0.037352493877104334,0.00274602593566777,0.07272754718120375,0.07984482374740083,0.04807620945271942,0.06062012637002542,0.06525428099531176,0.05861878543386077,0.06313343824334847,0.052570735640598915,0.05455320786900588,0.050750534298908,0.058179773500032075,0.038850669273064166,0.03914502111408398,0.0436521264404686,0.039327418622408225,0.03546436518748577,0.03938654057338229,0.03153590023233669,0.02820997601158287
T:GTCCC,0.0330018872027253,0.0018348549967920238,0.06980368259558829,0.07931754669014708,0.04469824890136882,0.06310183109669834,0.06762521173985057,0.0570348635871885,0.06648295745874597,0.055489934471381896,0.05568187614258984,0.050029663712823046,0.06407898869557514,0.038337328762526546,0.03660716922275704,0.043309020721646996,0.040272852467994065,0.033980387051051116,0.04088626046619008,0.030145580375239255,0.02827985364112008
T:GTCCG,0.02509962471466708,0.000928541029906759,0.06692266027005069,0.07674004720083569,0.046069176306728056,0.06411769257554069,0.07067551359925717,0.05278175416876233,0.06298603319534182,0.059068750725422677,0.05502572832437033,0.05367160598908964,0.06759972143769102,0.03897937865129415,0.037499516384880256,0.039965953495570083,0.04235501218710102,0.032682709792238945,0.043979958989437844,0.031609084226409255,0.031241536735404495
T:GTCCT,0.03575319054402454,0.002583030144770509,0.07216699762450868,0.07942403591883186,0.04760239069134787,0.061399337824486463,0.06564267855646518,0.05794522923783559,0.0630274945094776,0.05289024606504442,0.05569153300062164,0.04997106148800465,0.06106708083491017,0.0395220176281333,0.0384628875763168,0.04349351173227687,0.03885750364898072,0.0354793951948429,0.039731505172880814,0.03142800351549331,0.02786086909074611
T:GTCGA,0.035685659939467165,0.003313753873024608,0.06997164766541852,0.0786567931954397,0.04900049048342525,0.0603892763575026,0.06774652773623954,0.056405593903649916,0.05873838092617626,0.05525714490794464,0.05425225203670252,0.05498199566939024,0.05739852376452011,0.03866444952207774,0.03992056561113039,0.042193537581797086,0.039501860248112836,0.035912957136533835,0.04082975439939707,0.03173786651673027,0.029440968525319713
T:GTCGC,0.028769648192881428,0.0007441413181604827,0.06554167763798097,0.0768411773460486,0.04660614317278961,0.06229035249401825,0.07258239934057631,0.05284548191736597,0.06198124763878236,0.059027579022083825,0.05329196670826226,0.053818589794960445,0.06414498162543361,0.03970280140585467,0.03844348532896771,0.040046251245005667,0.042209985231656914,0.034024430731891604,0.04436227089033647,0.03247890645571214,0.030246482501230694
T:GTCGG,0.029683274284633913,0.0006822796360079243,0.06845813022498788,0.07735242620282612,0.04626349146328431,0.064438434538146,0.06947743956071056,0.05348085917912718,0.06182439930621203,0.05891443555745535,0.05474677561220212,0.05385076982515557,0.06429047027973465,0.038807736886667596,0.03741851690491652,0.04183278394752201,0.04140533164544476,0.03303713080862467,0.04209583151803109,0.031138256159012258,0.030801226459297497
T:GTCGT,0.030016323075992987,0.0025895250186405497,0.07043105011788889,0.076577393547347,0.049865989561292144,0.05749350099752131,0.06682385184289544,0.05668742317070713,0.05680833484472926,0.05752372891602684,0.05359409951030772,0.05529693891945267,0.05962960723857889,0.03929629405719122,0.04081776595530298,0.042288857989238864,0.041774983374644824,0.03637426193498983,0.04171452753763376,0.03507446143925196,0.029321080950365758
T:GTCTA,0.043178627642829794,0.002659468627738889,0.07462979455673464,0.07997343275921928,0.05071104420508922,0.058560456253936716,0.06330166580442065,0.05960475740239352,0.057986845373444014,0.05030210630464227,0.05435855071310262,0.05164693564168257,0.05564986133162805,0.040473873945578324,0.03996887680677135,0.043781056294830506,0.03823020459245496,0.03734783187437647,0.037509760304754794,0.03245429981735022,0.027670549747021135
T:GTCTC,0.03766965658924301,0.0019935935576336577,0.07308751604417152,0.07873244496334632,0.048241034909871985,0.06096504522304673,0.06635738368677287,0.05859537254285618,0.06226728934891536,0.05270440180967029,0.056236926105130015,0.050673387443822014,0.05971799678929465,0.03867627633021618,0.038412459632303136,0.043070414734817444,0.03805134883303209,0.03584913426960196,0.039166488917827647,0.03146528658725971,0.02806654168116723
T:GTCTG,0.034871218749231846,0.002017456093473038,0.07305175739908396,0.07941730478426602,0.04804568044988543,0.06087509889267516,0.06629382572857385,0.0583651140326999,0.06223888464539294,0.05339157493583925,0.056181053938727965,0.05112375763943071,0.05976713676913875,0.038577474957051675,0.03888610203994308,0.043203239582925546,0.03873133329631022,0.036153068108261646,0.03970728678557155,0.03142442778809064,0.027677203383426816
T:GTCTT,0.04276455409024494,0.002572953562883361,0.07603735102223257,0.07954088742483031,0.05144498574546165,0.057750600042819955,0.06260634561715202,0.060584605098579804,0.05855535230683129,0.05083743065232824,0.0543437841573671,0.05212860260450511,0.05469686099665328,0.039344591726733553,0.041127817571958186,0.04377213773001641,0.037612073725448954,0.03721580131539903,0.03716133733487084,0.0324877643850641,0.02741416288861928
T:GTTAA,0.048496970820894894,0.004218332103036645,0.0778591151738331,0.07942096979491176,0.055382618255997246,0.055937757022625816,0.061241078342001605,0.0615264750615048,0.05208550341211648,0.04767570262384351,0.05325237860704725,0.0539616556863189,0.050764489904542624,0.04028910567265117,0.04205447103464138,0.044259371428777866,0.0375182286617784,0.038008340327760674,0.03561197124838787,0.03313853301269353,0.027296931804634505
T:GTTAC,0.04393464871999389,0.0033254755945264663,0.07675773235250752,0.0797652271076001,0.05389331121086748,0.05661835371193778,0.062844738305322,0.06098659328829493,0.054284125650395164,0.04957481165408659,0.05350604962988096,0.05286653509247202,0.052305183442968625,0.04079569819887836,0.041513375624192835,0.044664761150202424,0.03777399200962114,0.037841496321903194,0.03689821237922501,0.03263300570056153,0.02721667285456196
T:GTTAG,0.044464977091537634,0.0027304365712617403,0.0767441783310165,0.07949783854261704,0.05325512495977334,0.056683929572651844,0.06195237826665384,0.0618793896827319,0.05569526602680008,0.05017135728907129,0.054014869765142644,0.05234774415510737,0.05266789862549226,0.03977214291164732,0.041611786992770815,0.044486541900423664,0.037696944764230286,0.037622297348855575,0.03682274058861975,0.0325960380469582,0.02728611856663692
T:GTTAT,0.05249735555118926,0.002824782724549367,0.07994579216381856,0.07996059569405678,0.05587659777193412,0.0547017357812092,0.06021672368268768,0.06353944333343202,0.052446216083093564,0.04807917466281596,0.05123232660355877,0.05453216807120767,0.04743858553614349,0.039716525853692675,0.04212546395609542,0.045302839855409886,0.03713263693938358,0.039012685279638686,0.034393983845311185,0.03294189210648852,0.026082474504283602
T:GTTCA,0.04356067678290315,0.0022326210302681306,0.0753391677590656,0.07999897802558474,0.05098571397687587,0.058367513791741266,0.06430282674192592,0.060641406865702734,0.05759513697405168,0.05004235297817102,0.054191176037058364,0.05174728144978863,0.05507852497646511,0.0396054392622917,0.040300185331129536,0.04496294360076963,0.03750744370788041,0.036924721757638765,0.03698859515859274,0.03203791525080628,0.027589378541288748
T:GTTCC,0.03967952616775942,0.002771023016456484,0.07357233454938272,0.07935674411143183,0.04889972728332412,0.06064743377416566,0.06478261722604554,0.059164399798261214,0.06133182221596437,0.05204814493800687,0.05472799310302643,0.05074169010475875,0.05872583722172916,0.039026298751135356,0.03866159934538765,0.04441138554613159,0.03860966430342991,0.035717459522405355,0.03843885572099111,0.03109177845203568,0.02759366484817079
T:GTTCG,0.036027651018840645,0.0034066778114128227,0.0675461979849094,0.08115483666922695,0.04896760493380924,0.061067184746758235,0.06856729770026657,0.05478696968327836,0.05833822798536122,0.053657434599918674,0.05475082456061085,0.05400081326526002,0.06349794424614828,0.0390186599195771,0.03858491844756698,0.03950661907558849,0.03928974833958343,0.035747526318167445,0.04204581394298107,0.030904079880721094,0.029132968870013102
T:GTTCT,0.042088409019602493,0.0035364971967206406,0.07567063854747841,0.07931370810427381,0.051839353677002195,0.057915683359024375,0.062124865292536864,0.06100031374902806,0.05816037349775601,0.050734411447747145,0.05445336052491576,0.052099390235584596,0.05480462302372215,0.03945820317295756,0.040429290517958724,0.04494284311184471,0.03751432332519405,0.037013006943402406,0.037264517713178825,0.03257874418541203,0.027057443354659174
T:GTTGA,0.04787518480072977,0.002595823016696849,0.0768216820873233,0.07932763240869309,0.053111767181787,0.0560371234146831,0.06092919379698657,0.06196872130626967,0.0581131826767384,0.050454531156616654,0.05267738248770616,0.053340942554871026,0.05143414353568171,0.03852093509543731,0.04080070580023397,0.045065165193503405,0.03809104403612283,0.03753533120335045,0.03596555479163765,0.0323421872917013,0.026991766163229784
T:GTTGC,0.042783953930808964,0.00259670300280535,0.0742232178252565,0.0789272524833699,0.05037110660518544,0.05759597273936044,0.06394452273964496,0.060706705335854795,0.05956863243469832,0.0521578810600011,0.05418744440039681,0.05248223183683069,0.05610889081518265,0.03869637542748863,0.04004499181535905,0.043684928310891165,0.038559806679349856,0.03671612857947637,0.0372548164193571,0.031909667360258874,0.02747877019842301
T:GTTGG,0.04155518784695639,0.0023887338475765533,0.07476284167400712,0.07922885469747735,0.04997818445251208,0.05816107283099948,0.06373569984001932,0.05990906072405665,0.062282702054503196,0.05270581391200788,0.05410392981705125,0.05178928650811292,0.057554628051775567,0.03799060971025111,0.03931600712366808,0.04356386467225913,0.03790417074850653,0.03571575576465552,0.038232089984331225,0.031557081271832696,0.027564424467439952
T:GTTGT,0.046079796086292125,0.0032579174322710765,0.07636865321677586,0.07856245785309057,0.05212791625679764,0.056810012559005675,0.06307590465054412,0.06150695694673868,0.056838471389595205,0.05118630016642229,0.053242760011631,0.05301385202645434,0.05325265873531432,0.038955189715226095,0.04084460859827886,0.04434999412263281,0.03743821031075806,0.03723033711340844,0.036229328680933204,0.03247523772403596,0.027153436403793686
T:GTTTA,0.04858932319907153,0.004291615314233983,0.07837641574500447,0.08013017506486764,0.05563332164160453,0.05513347341955179,0.06087314688780124,0.0631278270653868,0.05231244160839573,0.04881886723237472,0.05229956998036004,0.05378838828982187,0.048834956767419335,0.03971969884680939,0.04224146530613558,0.04534460029840724,0.03710461308422443,0.03859879457203446,0.03506124213355816,0.0333418071551235,0.026378256387813572
T:GTTTC,0.04443417274985561,0.0035722556362307264,0.0764505487658001,0.08022369146722891,0.05255986853057622,0.05743137986162973,0.06202946157616363,0.06117755161449028,0.05616281524621221,0.05023571679015951,0.05369636850128019,0.05246407516152343,0.05357918437991464,0.03941943638157754,0.04109070516010048,0.04457925785249867,0.03724129977651314,0.03741428586043371,0.03645542213719657,0.03258090587045946,0.027201596680155243
T:GTTTG,0.045061269338403195,0.0046138373554561385,0.07617801496560406,0.0797590250399622,0.052094976736536874,0.056831705177058045,0.06296451248835472,0.06117988092215301,0.05649014024945083,0.0508642586640474,0.05354888670616651,0.053421477566503506,0.05362569363433215,0.0387179206828407,0.04025496285707315,0.044043803442938324,0.036938710782156575,0.03767153923794877,0.03642094172522818,0.032290536211755795,0.027027906216029875
T:GTTTT,0.048780473061236576,0.004386174362520696,0.07745925893238727,0.08050286255908128,0.0551868506651498,0.055827609323401174,0.06096335041821592,0.06170143185380547,0.053181759656263206,0.048503012472427734,0.05261233073543982,0.05411690460373006,0.050748085733508475,0.040074013669921034,0.041634805043133334,0.04442150071722655,0.03702920106462656,0.03786823221335571,0.035244748650326514,0.032876964061297635,0.026880430202945192
T:TACAA,0.052096571179567064,0.0042634405418577855,0.07805983088959845,0.07960547991795003,0.05408632859769549,0.05589312854242867,0.06104782250240274,0.0615040774464299,0.053365886098724155,0.046615438574116,0.05235088965918287,0.0522552355444617,0.04911914706896054,0.04104928008891278,0.042449929625901314,0.045742404987375175,0.0372944765062866,0.03793141144478708,0.035614456221541003,0.033092527895320994,0.02656223666649965
T:TACAC,0.04028563669070874,0.002714032570183466,0.07519698695776489,0.07823817338796056,0.050745597091647,0.05752619695737947,0.06607611660301357,0.05931344297618589,0.056516949707040444,0.051098743998071135,0.05507299116326053,0.053344901732839886,0.05482560906637459,0.04047386219920891,0.041031368229147526,0.04422134244225286,0.03786649075050888,0.037012305466696184,0.038611325977002425,0.0325271604927206,0.02730076554003243
T:TACAG,0.043326309185465095,0.003011282688791522,0.07512013906941417,0.07909863384922819,0.05097759582443213,0.058414672578375404,0.06359927793115366,0.060032501811707335,0.057351610640494814,0.04960011734344888,0.05403026821982146,0.052263581269778106,0.05478690110183756,0.040737637185093316,0.041266989748423195,0.04450264821508706,0.037810586179904355,0.036863705874579024,0.0373930584379089,0.03227888819986726,0.027533594645188557
T:TACAT,0.051258226059599996,0.003679149744735496,0.07749252650957546,0.07984089034588601,0.05377085008126007,0.055111380237968466,0.06241121423773878,0.061757653585013346,0.05372630494625003,0.04917434896241156,0.05278598498689747,0.054132779303216645,0.04925230294867913,0.040442110464974645,0.04090009013429662,0.04431614517537907,0.03743044172765522,0.03817657273907339,0.035666036770616916,0.03241215386168039,0.026262837177091273
T:TACCA,0.04721840622883362,0.004125519405653427,0.07626265736106894,0.07993591962137796,0.05069951228419584,0.05756830038367543,0.06211210456694786,0.06054725237859656,0.05829233647082305,0.04892020952457795,0.053691203917014,0.05089379176212548,0.05278881289930803,0.040684033624150955,0.041191495867049135,0.04555163693730612,0.03719337284036597,0.03661265767955989,0.0362347150886148,0.03253172700654605,0.026944334152208947
T:TACCC,0.045392564184510494,0.0027880503431797774,0.07460926204933875,0.07791626717801214,0.04895067646745499,0.05897670029980672,0.06300963338355477,0.05941651828516641,0.061869759089318056,0.051744814256798916,0.054042825183764784,0.05109650124031716,0.056669558203594636,0.039015964327565475,0.039225981220228585,0.04426486478260208,0.03842243832656105,0.0360057221993943,0.03846657231125112,0.03076595291360392,0.027349373753975864
T:TACCG,0.03496746122540838,0.0014628382813525627,0.07076011327619512,0.07776485812344104,0.05126498002663116,0.06067965717072073,0.06745934997468164,0.05666622906547139,0.05662872039159055,0.05501584741471465,0.05408750773616399,0.05372179816582585,0.05873858329738752,0.041128260910335515,0.03923407287935335,0.043350649837774986,0.039862343166857335,0.03508936441552109,0.04050936779130174,0.032754449466439114,0.02885354738283228
T:TACCT,0.04787508616681896,0.0037950806093931186,0.07680148768014877,0.07899560215243377,0.0510011382035621,0.05780364118266297,0.061629715128488756,0.06032265131962145,0.05898566291006054,0.049243067912812535,0.053870693662931436,0.051145417528334854,0.05448521671288949,0.03974200719259152,0.04038217990028695,0.04546508707524434,0.03755109892752369,0.03673672229436188,0.036232279025526754,0.031264795310387575,0.02667136910391852
T:TACGA,0.03543205317577548,0.0021510339734121123,0.072147341211226,0.07574778434268833,0.05366506646971935,0.058068685376661745,0.0646602658788774,0.059527326440177254,0.0536281388478582,0.05214180206794682,0.05247415066469719,0.0567115952732644,0.053637370753323484,0.04087887740029542,0.043316100443131465,0.04338072378138848,0.0398910635155096,0.037647710487444606,0.03987259970457902,0.03530280649926145,0.029717503692762187
T:TACGC,0.028219000716746434,0.002866985734433886,0.06974405216064368,0.07640285773739336,0.05087743635985295,0.05998705232248965,0.06768629627060646,0.057478439804860004,0.056611407828720726,0.05483110217104807,0.0559177822478093,0.05535132135673164,0.05717786871979839,0.03946729555386003,0.04109731566900187,0.042530808536218816,0.04069270074680354,0.03654250768768352,0.04186030380800444,0.0339529721856142,0.030704492381679035
T:TACGG,0.02976289245011135,0.0010916553862276757,0.0688266887908825,0.0764158770359373,0.049561154534736473,0.061237500545827696,0.06810182961442732,0.05721147548142003,0.057761669796078774,0.055045631195144315,0.05537749443255753,0.054242172830880744,0.0600585127287018,0.039675123357058646,0.04114230819614864,0.04314222086371774,0.0405135146936815,0.036103226933321686,0.041369372516483996,0.03294179293480634,0.030417885681847955
T:TACGT,0.03694882649689531,0.0019171252281902469,0.07285075867122938,0.07887040102595644,0.05378419582158304,0.057795109694895735,0.06598705776893733,0.057592273919899496,0.052377431575641384,0.05294668036353405,0.05337852427159056,0.05594995845138157,0.054261841356251596,0.041201834682300285,0.04359006235564309,0.04388450138386343,0.038846322456537526,0.03755733382188402,0.03801535008800455,0.0335333337695393,0.02871107679624165
T:TACTA,0.058422222918167295,0.004870502019980583,0.07898030127462341,0.07964423287714134,0.0550762581817043,0.05572641007171714,0.058796780558078354,0.06234568287870721,0.05139832764398234,0.045793742757821554,0.051242992703015876,0.05310951739688704,0.047528733832325955,0.04150324136419154,0.042380132159969934,0.045367824371300616,0.037127556293257334,0.03783032163101688,0.034008330462559896,0.03288716294510037,0.025959725658451036
T:TACTC,0.04781142792717824,0.003124614120893575,0.07731675104556461,0.07898106440892716,0.052337286524967386,0.057553029855634236,0.06100648008461154,0.06112190826948991,0.057288618780970996,0.04855902675249513,0.05311844005519078,0.05201247698147243,0.052952008718854526,0.03996902229643032,0.04128705110515776,0.044588834067957675,0.03781078367684403,0.03728598809210632,0.03637598449504196,0.03245679496196239,0.027042407778249036
T:TACTG,0.04561722157298178,0.0031927088665072677,0.07661487721247123,0.08036808385776532,0.05252360830834067,0.05737753934380204,0.06184125040669029,0.06147434227663454,0.05568388330699771,0.04885249989104248,0.05363548184058146,0.05168032774423462,0.05259253027752242,0.04009332845473904,0.04114540204313096,0.045526001319652995,0.03837230634193608,0.03749456479323916,0.03663709441194864,0.03262948461570428,0.026647463114077008
T:TACTT,0.053465763705709636,0.003916732135725039,0.07876388565810667,0.08055371461927731,0.05483776108987329,0.05566376847214968,0.05990791904952094,0.0625079550392156,0.05271524690247232,0.04712367726899663,0.05218417945690673,0.05246858582444929,0.048765158464381175,0.04046295036494428,0.04214042125498699,0.04559104295501727,0.037050073954433535,0.038070074568891735,0.03469055446074709,0.03244514863304995,0.026675386121144822
T:TATAA,0.05827651998818051,0.004674315465486144,0.08043606442960917,0.08018804225602573,0.056789055470058844,0.053737914768617376,0.059286658813745376,0.06294949840690879,0.05050493570810665,0.04640621887188017,0.050250228300733904,0.05503551864712261,0.04488399113805409,0.040644884392252084,0.042379034037199316,0.045462932384208406,0.036749398663220655,0.03913201598573104,0.03350706027540489,0.03295820258130247,0.025747509416151792
T:TATAC,0.05563109380974659,0.004080161365780331,0.07859460134610265,0.07916871642549816,0.05401831251800957,0.05481265112976864,0.06049901995049901,0.06131417571208348,0.053024567523712374,0.04802297336829154,0.051802929520800164,0.05452888050846436,0.047915600700771,0.04043019187933942,0.041943269979807365,0.04458814364709891,0.0372232551667618,0.0381698876640857,0.03532341633532703,0.03261061302123678,0.02629753842681512
T:TATAG,0.05840075696400171,0.005405447724969746,0.0787531120749627,0.07961207831803672,0.05465955633498789,0.054476131251831456,0.05941966093202311,0.06252782133502144,0.054638305868036835,0.047409791767792794,0.050654402537529446,0.05308366644372317,0.048395142366944116,0.03995647009611922,0.040774053850920144,0.04520980921554461,0.036649226371158417,0.03816472019845699,0.03436536039673503,0.032033401260264535,0.02541108469093992
T:TATAT,0.06267212420374461,0.005446214386920028,0.07955322719854493,0.07956660856067496,0.05637670798934226,0.053127610330617435,0.05984093677769595,0.06318267463578248,0.04950846654222,0.04868139542902963,0.04869735013003081,0.057598529285368356,0.043029313932416914,0.03917754031006675,0.0412521661079948,0.04459133062721018,0.03788984153893899,0.03996240866577012,0.033212026138946915,0.03217857324828963,0.024454953960394255
T:TATCA,0.05479984453944812,0.004583969862201922,0.07892701434931679,0.07989383275676966,0.055388593659210464,0.054970120020163694,0.0599225390863999,0.06310678677661781,0.05385611433277024,0.04779161359587183,0.051107656432180334,0.053171164376445416,0.04621295786788162,0.03985023453763954,0.042018601393757724,0.045867596864622336,0.03708734651156526,0.0381926941236681,0.03456688459362842,0.0329564825895726,0.025727951730268248
T:TATCC,0.05108573298066419,0.003449059826216182,0.0778270368583612,0.07832055184957219,0.05206444529469499,0.05721030947271528,0.0605623298343675,0.06235340109460516,0.05823199640676725,0.049667570519965176,0.051963246995935436,0.05247616988005922,0.05070450651273435,0.039235828079339466,0.04045575277671497,0.04608126916529425,0.03774280660311968,0.0369609457743472,0.03506313110308918,0.03218799039586556,0.02635591857557156
T:TATCG,0.04084906282273836,0.0033399986815794676,0.07516095717330638,0.07632556197675185,0.05394537344261575,0.05794458239029642,0.06432793513370981,0.06018589729504054,0.052813729152475335,0.05155024280911468,0.05356083412072337,0.056725043398009184,0.05189083477993364,0.039552615966072645,0.04140939154892439,0.04259597002790657,0.03903623459096003,0.03844294535146894,0.03825616910940693,0.032949526467292184,0.029137093761673515
T:TATCT,0.05177163523131382,0.003949479305218046,0.07847060493946036,0.07977376990855813,0.05386388005333429,0.05544448778354242,0.05975709070256667,0.06240503705492877,0.05456156699671475,0.05000008160081209,0.05178224333688569,0.053734950770230064,0.04897925544155016,0.03956496975057896,0.041307147088727826,0.04575602336394452,0.037378883994653514,0.038302605187526824,0.0348761870878139,0.032333505783049554,0.025986594618589643
T:TATGA,0.054786958675753755,0.004072862489400352,0.07884560789560112,0.07957297103721613,0.05452625836606777,0.055055081058313374,0.0595834732703323,0.063639636095767,0.05412453867178295,0.048043077710958504,0.05103510083813758,0.053710758109078494,0.04660412333258494,0.03972107850140927,0.042289115715682654,0.045184651895504635,0.03710015901791132,0.03893248325858687,0.03523072441286765,0.03244744708525921,0.025493892561784116
T:TATGC,0.05128688529810773,0.0037552465813626146,0.07781946027884107,0.07923086231824059,0.052294483685440776,0.05557204455852287,0.06214372607590744,0.06253096995675352,0.05472494856917207,0.04986656645882031,0.052881718649486965,0.05322310470233811,0.04965128943295522,0.039659378244282104,0.04099307674180132,0.04534574891565344,0.03724419930321578,0.03798556752246715,0.0355334475532938,0.03264822587527945,0.025609049278057665
T:TATGG,0.04986490220947338,0.0036613371724678063,0.07640175271130827,0.07848584278937416,0.05140594623361359,0.056247503496613206,0.06163693388957339,0.062059303042626704,0.059004970681546934,0.050137632005444945,0.05298560686603295,0.052307402683130215,0.0508423851065396,0.03955306102992908,0.0409070558577171,0.044975074186124814,0.03718296669679567,0.03735553466504316,0.03620427703072072,0.032488635252860346,0.026291876393063976
T:TATGT,0.050555039547772525,0.0031027099808597206,0.07760630137123219,0.07967596456371086,0.05366488876006542,0.05455015345777966,0.0629937224738008,0.06199351615001239,0.053811956927588916,0.05137248154687155,0.052999512390493116,0.054874274564846,0.049107917336267085,0.03857612312604099,0.040867816416091544,0.04422039949711254,0.037262504542336,0.039145833794408696,0.03633440445602269,0.03169961540960269,0.02558486368708463
T:TATTA,0.059212866225047796,0.003697975878209729,0.0806489002927895,0.0808743672634661,0.05798629414865577,0.053890575480625716,0.05866428285625369,0.06375475544772659,0.04935027405351506,0.046579570787102016,0.049353449644651354,0.05603727508875777,0.044211373697213736,0.04053562695695804,0.04179316104692889,0.045208509314008806,0.037450540168052285,0.03957580453601438,0.03319048465871922,0.03264428298327734,0.02533962947202622
T:TATTC,0.0548792421413846,0.004188016593874949,0.07958752599764538,0.0801158447979865,0.05528993141996071,0.05524632737309955,0.058859378976967934,0.06387688650880649,0.05270918027434044,0.04741179560450927,0.05115971553936685,0.053433210261756105,0.04629735729054593,0.039560025026694805,0.04121596475981776,0.045858274679129986,0.03737171030282504,0.039556982883890535,0.03449384320998796,0.03269695086026728,0.026191835497141908
T:TATTG,0.058071298467273984,0.0043267236019365616,0.0795552575897132,0.08025001551342124,0.056271741603588894,0.054335909980787696,0.058595712942086875,0.06438860694344233,0.053722673564765185,0.048678073999627675,0.049625913618837066,0.0548956098843003,0.04490374986767964,0.038119213645970346,0.041341138307929855,0.045289456105535066,0.037171374026760955,0.038766518751771874,0.03387401155171931,0.03251491417732023,0.02530208585553172
T:TATTT,0.056973568962852286,0.003477096013279362,0.079919893729265,0.08105204443478708,0.05739739744224441,0.0539315019701752,0.058965473211665585,0.06423868801340481,0.0497631085534053,0.04721968965540415,0.0504069156621648,0.05488623610292849,0.046255099046385924,0.04009928159728678,0.041640924089452004,0.04500825479887188,0.037054078453070856,0.039602425589204474,0.033580566612978736,0.033031740093681324,0.02549601596749155
T:TCCAA,0.04739466663139409,0.004342416798873975,0.07583784679617407,0.0785385328217773,0.05101269890424197,0.05799589022656663,0.0616816147161323,0.06073703596790922,0.05785039086419619,0.049398200631949635,0.05349474685056126,0.05102359190463334,0.053223977983690066,0.03984114893143557,0.04095067882844225,0.0461964365883434,0.037738799855901166,0.03672964117678639,0.036313372947544754,0.03222849780078103,0.027469812772665417
T:TCCAC,0.03795218346595734,0.0024011610404432084,0.07366496075198037,0.07902264118728068,0.04901711456287996,0.06017819993799397,0.0655179076110155,0.05964890208888429,0.0624463625375743,0.05228995457384334,0.05466864966143809,0.05043965869724432,0.057515535206394706,0.039000894144923366,0.0394681859641713,0.0437942298446704,0.03881577469345207,0.035641784875021905,0.0389640499822519,0.03159791336229943,0.02795393581027952
T:TCCAG,0.036842386582156696,0.002812993718931833,0.07196378783339819,0.07934680868783725,0.04721304791536407,0.06196355165628523,0.06555468681050267,0.05759116747319079,0.06395365459221536,0.05187443830245835,0.05590125807818954,0.04986071765523362,0.061746641623605776,0.039097256492073774,0.03833651758089998,0.043304938214824215,0.03901956665228887,0.035117672138931806,0.039470167723041315,0.03095411824517919,0.02807462202339148
T:TCCAT,0.04662201177091146,0.003466039247975432,0.07707018275410873,0.0789553145809006,0.05125651490510393,0.05743181627267588,0.062241134923523886,0.06133451592372595,0.0594698170794003,0.051508521688854114,0.05278444792730096,0.052277407251287086,0.051640200909192045,0.03894526458063574,0.04012432334665009,0.04506305088645089,0.0380136719356013,0.03661666135661382,0.036497847347458326,0.03212670265394171,0.026554552657687757
T:TCCCA,0.038118374035961716,0.003019942700757413,0.07193899367193787,0.07886394884271837,0.046713882835932835,0.06167791053824317,0.06548271468699216,0.058336803279861925,0.06399266051848158,0.05191973624671911,0.05583657454347641,0.04970706182355493,0.06123911012521061,0.038995974862026835,0.038028746717555066,0.04403875634626767,0.03868912577887074,0.03503681255379973,0.03913601754703722,0.030830552708020962,0.028396299636573672
T:TCCCC,0.03652115400790647,0.0024542810470536674,0.07169741158346282,0.07751880331664386,0.046564936186036625,0.06209897694020568,0.06730148611498465,0.0572337986019806,0.06517745284230005,0.054307608536860695,0.055536519825933744,0.050693476057036356,0.06234068643726399,0.038075000774709926,0.03758095718731601,0.042393897941927744,0.03950400857050524,0.03461403951463316,0.039712073522185476,0.030454511246574674,0.028218919744478533
T:TCCCG,0.02686136570426755,0.0013270899447415726,0.06608819156254854,0.07690907880428752,0.04552051663300859,0.06678058631632676,0.07094827012272253,0.05280841525931515,0.0641885444175673,0.05693171478662258,0.05579103881405206,0.052142651072989946,0.06761501076318768,0.03816160316016067,0.03731386342957325,0.03994141275160338,0.04158363107787222,0.03350569228379308,0.044020327999822466,0.030922527240851292,0.03063846785468587
T:TCCCT,0.03771959982938567,0.0024724158812372385,0.07375000932411364,0.0782011716511683,0.04812802313193926,0.060530111462149865,0.06537525997324149,0.05941393029360447,0.06270958064544566,0.052729049394746354,0.055488987035074266,0.05081811468456354,0.05939562112498313,0.03856995899424346,0.0380803582629617,0.04366804527925212,0.03908939688920444,0.0359273356565634,0.03895580777000429,0.031272738122604976,0.027704484593512723
T:TCCGA,0.02856879792705223,0.0014534310179278413,0.06777197574545885,0.07839320241493154,0.04779880831809752,0.06302366264616518,0.0684756731161298,0.054375419258947476,0.05893958725189735,0.056479934760019466,0.056506241203782864,0.053533613058518684,0.06500322253936101,0.03916371815276152,0.03940047614663212,0.039854262301550765,0.04049877017375406,0.03467846949110184,0.042866350112460046,0.032363502439922656,0.030850881923527168
T:TCCGC,0.026200746938421008,0.0008251063952983411,0.06482151645870125,0.07762514113662025,0.046908022350250426,0.06579137836194668,0.0699748125416172,0.05255348716018644,0.06367071017052199,0.0571422367621088,0.0554630728699227,0.05319764917055094,0.0680133754089343,0.03820821632263108,0.037404823253524795,0.04012622680292985,0.042362699400712196,0.03259170261428447,0.04493934744217017,0.031115196433224284,0.03106453200544281
T:TCCGG,0.029465455907133495,0.0008483898146414529,0.06622706422018348,0.07669443924358735,0.04595347313237221,0.06431964987829994,0.07045731136491294,0.05294537539786557,0.0630441396742183,0.05818198839168695,0.05518629470136679,0.054209183673469385,0.06824564688260626,0.037452022093240965,0.037750421269425204,0.0392599700430631,0.04093919677962928,0.03328028459090058,0.04296948137052986,0.030852134431754354,0.031718077139112524
T:TCCGT,0.02749949182565264,0.002613468072131719,0.06939628887533757,0.07697534628451956,0.050747742253971016,0.06181142375932863,0.06843220954206232,0.05560879286813602,0.057577605482475244,0.05638121787612161,0.05540552312919244,0.05509190696053663,0.06143973052240323,0.038696750588030314,0.039242675029764494,0.04124052617823852,0.04061329384092691,0.03542701164445219,0.04212329761593635,0.03274385109039696,0.030931846560385633
T:TCCTA,0.04586694483757573,0.0040465662790050315,0.07625965613465503,0.07901890058027154,0.050712471101187595,0.05848133139160662,0.060961232859720015,0.06112239226981797,0.05827035907293294,0.049221014015008335,0.05393175240835646,0.05090488566960758,0.053775476616746316,0.0402712947742352,0.040646356674099535,0.046125776617430024,0.037581397711145687,0.03675606618670464,0.036791228239816925,0.0321898829005959,0.02706501365948091
T:TCCTC,0.037677991196080965,0.002710732633126981,0.07396219415655607,0.07813892173521336,0.04825130584841228,0.06009916829794211,0.0651576126739337,0.059628831013113136,0.06350215792071173,0.05248169162435287,0.05570515814263144,0.050082971471725114,0.059824915289605214,0.038733931522866014,0.037858176747452066,0.04320014838810113,0.038598129912457646,0.03559459575835263,0.03933212105554286,0.03146490190817824,0.02799434270364445
T:TCCTG,0.035157694463094434,0.0025353932574102797,0.0728827535951249,0.07997256490950583,0.04729054352002828,0.061007485532936286,0.06584723335691979,0.05835084220540003,0.06400797234291933,0.053167854133149464,0.0561333533607081,0.050316969399739765,0.06067027762646654,0.03877348013640331,0.038581651667248786,0.0437308586254344,0.0384272237172376,0.03536279408420304,0.03942678275305221,0.03083129892606219,0.027524972386955424
T:TCCTT,0.043825167829752446,0.002890484289079503,0.07642244454775902,0.07917847380995349,0.05138572338597198,0.05831762699426684,0.061949705453854434,0.06111249881978365,0.058164647052566534,0.05096980916947429,0.05393260038412307,0.051692878425167114,0.054423211837779116,0.03926505089570951,0.04028511636634394,0.045233061355713026,0.0378649258824134,0.0374077787910043,0.036449861421685624,0.03215805696351548,0.027070876324083226
T:TCTAA,0.04924149753131624,0.004144301831275687,0.07837886209031097,0.07968257669175031,0.05417886504583526,0.05599322856547061,0.06087641146809101,0.06194122118979556,0.05368627766493878,0.04745997317040732,0.05284149030670132,0.052628035774979515,0.049645419183651354,0.040619576407691586,0.04179686024803417,0.0455988138495868,0.03720594585807901,0.037779810156823405,0.0357257207784851,0.033291518137888346,0.027283594048887656
T:TCTAC,0.04483576583248292,0.002848389829357739,0.07622236868630422,0.07911358359193761,0.050797852061296264,0.058552324409353415,0.06294868406896717,0.060120140006664,0.057677021630841575,0.04955488033524723,0.05442127131983752,0.05136920124965662,0.05425310455690147,0.040322420598652785,0.04081647574690589,0.04457254829049607,0.03789601444771842,0.037133519187200946,0.036949684713432344,0.032259816604222134,0.02733493283252366
T:TCTAG,0.046176993149911166,0.002653767548859517,0.07590863809553153,0.07955346047591172,0.05040515143112426,0.05846607306076758,0.061773012498587875,0.06073985067422539,0.0591952429368087,0.04926004662579207,0.05430877776750778,0.050267533454519314,0.0555904735496195,0.04018650316829446,0.040513089112774854,0.04466833040638383,0.03747214262973575,0.03702437070585698,0.0366371917716774,0.03201671955715767,0.027182631378952667
T:TCTAT,0.0511382164159082,0.002872061585453945,0.07832002146409923,0.08020803665407715,0.05372298928858894,0.055554042061379066,0.060248900996842304,0.062472086351722286,0.05458980868057706,0.050287907869481764,0.051760675293583476,0.0541357604276309,0.04951354921263905,0.03912657626978722,0.04110457556807628,0.04532887540503168,0.03739871628175758,0.038731967060863105,0.03491053185561266,0.032631209625822964,0.025943491631065158
T:TCTCA,0.042255482536124725,0.003414584447363614,0.07496110062474115,0.07924621119180693,0.05073828934383189,0.05878101023229905,0.06310651224674713,0.06064142824157944,0.060080770837616135,0.050239123397077465,0.05446455107920522,0.051073478071362644,0.05530855147226826,0.039381058340321455,0.04047464170676171,0.044511977872721126,0.037961931965128315,0.0367453656842703,0.037178820171850535,0.031898994855817604,0.027536115681105304
T:TCTCC,0.03714699425350365,0.0029929111392181665,0.07421644155767755,0.07805902659860361,0.04866472175352371,0.06060828896667353,0.06508194573317967,0.05887551575406386,0.06238117267031583,0.05225527920912808,0.056298416705217305,0.0499923790067038,0.059335449384571366,0.03862506584805611,0.038796872451312546,0.04381335786312696,0.03860701612709143,0.035953038637099,0.03923407680356823,0.03142723823225044,0.027634791305115158
T:TCTCG,0.03143931531514137,0.0012357538339745416,0.06849744884413572,0.0778814545208799,0.04826680697621657,0.062086975830392785,0.06917807888550451,0.0554737619532634,0.06073537007448313,0.05576339175810119,0.05479313191189461,0.052838130729239575,0.06391647076428478,0.0393124188433151,0.03802839337520093,0.04083780248212743,0.04014751811393071,0.03451421840983583,0.04226664285266049,0.0323757850174502,0.030411129507967233
T:TCTCT,0.041445062027871044,0.00220719165585507,0.07633018558636162,0.07790815556749632,0.05025908126829006,0.059572242702597845,0.06390305751063419,0.061475789523837254,0.059469767297640384,0.05127891952353096,0.055810525623199825,0.051326186776740126,0.05593455489562067,0.03850050122195303,0.039020819145279495,0.043944554377571575,0.03728932512572144,0.03814353892571743,0.03767880729216494,0.031800651683073444,0.02670108226884328
T:TCTGA,0.03984469686717131,0.0033063567821816423,0.07466038717516112,0.0798975071501394,0.05008556107918234,0.059576976400780725,0.06366887110501608,0.05983140407385019,0.05938510304922243,0.05101004177305413,0.05489141712604997,0.051102068803738826,0.05687450941472613,0.039598689968151426,0.03990424376937906,0.04451521904538496,0.037847770449699406,0.0367939707257805,0.037940398964244795,0.03180646655298622,0.02745833972409935
T:TCTGC,0.03626422787329816,0.0020196986189982818,0.0734530580364624,0.0792680705466447,0.0479882431973607,0.0603680048262928,0.06518045409703005,0.059131558738110955,0.06138514020584605,0.05282255067826026,0.05605100831923479,0.05034674407387492,0.06018366725392391,0.03993859300158399,0.03883111035335982,0.04334920239391118,0.03907446509316698,0.03574181665041873,0.03912473897654031,0.031726463443600715,0.02775118362208029
T:TCTGG,0.03777602144256211,0.0020102401979313427,0.07262637022782722,0.07993608467062988,0.04748702793718429,0.06142675509432666,0.06480120958042679,0.0583911205800488,0.06369884196419368,0.052484107075358236,0.05595821449434727,0.05003264492629119,0.06088588021030205,0.03882753169994158,0.03849352255936222,0.04334215319061201,0.03858080478334078,0.03545788804508436,0.03901859042644583,0.03088966014913577,0.02787533074464795
T:TCTGT,0.040252551050712154,0.002592897771144644,0.075082263218541,0.07989872471762685,0.05063008171785687,0.05913178421820514,0.06424198507328904,0.060198749231903985,0.05899139408482372,0.052089059180920765,0.055420625038472296,0.05181421849672405,0.05599406473713028,0.03859594747681133,0.03939779112323986,0.04388919546734255,0.037437188914363095,0.03715154898913704,0.038108901706388074,0.032060786767905955,0.027020241017461293
T:TCTTA,0.048587512061736345,0.003063454810339736,0.07833691586440182,0.07990401613660837,0.054184651301680375,0.056411496675361814,0.060666112217541486,0.06274406249974293,0.05409004944797762,0.04804704755840842,0.053261666259467384,0.05311194854317258,0.050801195438380874,0.040258435811819634,0.042325691971428596,0.044595313835479974,0.03668988936518865,0.03814511266258151,0.03503723611224222,0.03300782069411436,0.02673037073232529
T:TCTTC,0.04312723544665061,0.0034664576208959567,0.0764271645588911,0.07942257648142717,0.05071534292819555,0.05834847683678959,0.06202967587899667,0.06070601437612999,0.05868963861096936,0.05022178401631111,0.05430071649745197,0.051750373488439756,0.055495071338023776,0.03897152713477218,0.040088528882721165,0.04451439575689424,0.0376876967019874,0.0373782843314961,0.036687879116743136,0.03245885854543859,0.02751230145077457
T:TCTTG,0.04536369230168981,0.0029692982848299175,0.07602801691028785,0.07970042031868138,0.0511722347444477,0.05741889702720651,0.061837485988699925,0.060957994955525556,0.05919820005088368,0.05036508631936254,0.05338884476983265,0.05175422696233389,0.05508198693443728,0.038831723778039874,0.04036880099036218,0.04484103727920264,0.037896146902639045,0.03681832332593921,0.03657528467629122,0.032167262612608584,0.027265034866698585
T:TCTTT,0.04980249896281046,0.0035731523143751266,0.0779275075488166,0.08043278965979267,0.054093212430155704,0.05673861816130335,0.06003198115566269,0.06246033265164261,0.05502324861501997,0.048986027019131,0.052647557956686235,0.05312883222073958,0.05118999755470545,0.03973008344224205,0.040956394078907,0.044653642801996164,0.03678886117962108,0.03803989951396337,0.034885744299120884,0.03238687307272782,0.026522745360580205
T:TGCAA,0.04803035762744287,0.0034859667151570153,0.07619924639770094,0.07921098640045911,0.052286831533852045,0.05661448393367944,0.06206141814250824,0.062240254107221504,0.05654419517142895,0.04975198743699591,0.05293188663045461,0.051944285034276894,0.05046288264001032,0.039902663410250595,0.041533540640695414,0.045858523847019626,0.037656092211738226,0.03757245748197182,0.03665959330388323,0.03249921036358864,0.026553136969664617
T:TGCAC,0.03335112086679424,0.0028022930786992437,0.07369284325820538,0.07891410638828,0.04838747098597744,0.05953309237782335,0.06821233271228277,0.05903779867672856,0.059807470965802544,0.053707591107309265,0.056699528210052946,0.050641006888718296,0.05810874470787255,0.03968704701053432,0.03944696574605253,0.043266073591968775,0.038988995602881375,0.03623209604057575,0.03990190965479744,0.032301017520888584,0.027280494607754623
T:TGCAG,0.03433092463932535,0.0023578443496896444,0.07228599822569251,0.0797327578929284,0.048306928537470026,0.060062085951720474,0.06625661107268588,0.059421528363001394,0.06193932697761973,0.05310999965935666,0.05545081184194741,0.05036559916942267,0.05889649329895304,0.03929024738111918,0.03958794004084758,0.0441081290830918,0.03932727383133415,0.035911213534500504,0.03991081068672217,0.031619847954584834,0.027727627507986605
T:TGCAT,0.044094088180138206,0.0024829852411485877,0.0767297902765687,0.07879961449021636,0.05204140934531661,0.05614247464163907,0.0646564855429812,0.061759535459103086,0.05661190273514208,0.05189511497371122,0.05409837251530665,0.052385442263157854,0.05163950173101609,0.03920287251410093,0.04061517587075294,0.0454083260789009,0.03747627740306591,0.038235078978865286,0.037439301902550265,0.03221450291664356,0.02607174693967447
T:TGCCA,0.039355294801443924,0.002600012734756252,0.07324280771987454,0.07998896321124838,0.048219828015484155,0.05965988404841167,0.06508358408286082,0.059768456008764126,0.06197499742855883,0.051700661390994565,0.05493414661622832,0.0498590197176476,0.058050896575819966,0.03970141894572545,0.039521009898824,0.04449164648969709,0.03859529107897671,0.03609650332981223,0.0380720232099096,0.03141974572936684,0.027663808965594932
T:TGCCC,0.03482482717374827,0.0020444270931756214,0.07058932246294801,0.0793027974075543,0.04547474525130152,0.06265769292268972,0.06625542775146245,0.056904432118583,0.06531264471408131,0.05432631506812334,0.05581213282857754,0.04990001100605748,0.06344680647820697,0.038199325930894416,0.03741228898999695,0.04279487408447253,0.04048671693458456,0.034708536755040466,0.04064350133837812,0.030293654073383407,0.028609519616740006
T:TGCCG,0.025564242337302156,0.001129680103285038,0.06716516042652895,0.07673456701573184,0.046018027064505335,0.06466073734041027,0.0704884521589442,0.05409314780280208,0.06124181131353704,0.05741643953521733,0.05579663367283508,0.053674747764548364,0.0672488404341797,0.038923157844403006,0.037512552001147614,0.040734232295701236,0.041875866685793524,0.03347798020370105,0.04369889542389901,0.031738631473246307,0.03080619710228088
T:TGCCT,0.03778658522523235,0.001996501181098471,0.07224830412709081,0.07923474043837367,0.04712269916417104,0.06138153928264329,0.06652368291871341,0.058062603160797414,0.06332400973870873,0.052519841465945814,0.05674478059901625,0.05011481529069518,0.06137890363751972,0.0393996000408525,0.0380699170760153,0.04243454540063453,0.038269567194125144,0.03565237158642775,0.038803944242927414,0.03124820858495508,0.027682839644056125
T:TGCGA,0.032492091871819555,0.0010744739375601706,0.06904999312336679,0.0764251822307798,0.049614908540778435,0.06006739100536378,0.06737381378077294,0.056551712281666895,0.05740269564021455,0.05643996699216064,0.05474659606656581,0.05569213313161876,0.05943989822582863,0.03955783248521524,0.039454682987209465,0.043082107000412595,0.04070107275477926,0.036308623298033284,0.04173256773483702,0.03267260349332966,0.0301196534176867
T:TGCGC,0.025725998640093478,0.0008449904608498755,0.06485961935820334,0.07731002567978823,0.04617740838785062,0.06467477769489242,0.07130267162218364,0.05271948297146177,0.06148625900277923,0.05941339177850687,0.05565054363253477,0.05469332787610327,0.06566500089120088,0.038447065968669335,0.038631907631980246,0.03886295971111889,0.041886441203847345,0.03362797974663489,0.04529280899914841,0.03185878096923046,0.030868557772922016
T:TGCGG,0.024601759430455124,0.0008158914601167251,0.06541607174581034,0.07837821832992282,0.04546620959198847,0.06504102486495023,0.07222613352984912,0.05313822122502155,0.06378428882557688,0.05881656259664037,0.05594778294655253,0.05270395641560458,0.06616616550753054,0.03865614780794968,0.03825478184773096,0.04006421855363499,0.04186049571985972,0.032892269428415395,0.04398576137806699,0.03051697251630138,0.031267066278021595
T:TGCGT,0.027384302916001742,0.0010271289714202814,0.06998984477005658,0.07697664297113013,0.04861743798055999,0.06089656172929059,0.0706804004062092,0.05655012331350646,0.05784418975772523,0.05785579573480342,0.05442042651965762,0.055726098940954594,0.06073407805019585,0.03871173654432032,0.03904830987958799,0.042077469896996955,0.04084723632670825,0.03531698824894821,0.04249528507181198,0.03314667053532569,0.029653271434788915
T:TGCTA,0.046416272290965684,0.00251772284380088,0.07647899753090923,0.0794881069257135,0.052094066583384245,0.05698158972161179,0.06215482627712378,0.06233922287976835,0.05546589017459927,0.04972021361637199,0.053570252572687216,0.05222881794685528,0.052861034870208094,0.0402683679786181,0.04126329909838167,0.045369669595735775,0.03788337016199546,0.03747202389455757,0.03557132045191352,0.03281651626185533,0.027038418322943295
T:TGCTC,0.03566655675989265,0.0019065347228888509,0.07298004566000409,0.0792522443937111,0.04832614765627283,0.06073531805490052,0.06633972879460093,0.05849989774496342,0.06121028226563772,0.05237210816496033,0.05589969824330021,0.050286940153674714,0.060284561158946065,0.03975341928321306,0.03936443277670421,0.04269586013180465,0.03927261192752831,0.03633100581392922,0.03915908796854718,0.03176083172994654,0.027902686594573387
T:TGCTG,0.03519302915106105,0.0022067783095591495,0.07296967972702582,0.0793273475173588,0.04864333358913744,0.05977642721531031,0.06682227042985696,0.05879251729329313,0.061451632123754284,0.0532315856921903,0.056061028619487654,0.050750285907876835,0.06028242020627793,0.039476188069671056,0.0390038863506051,0.043361914762329916,0.038520354207571925,0.03602220878730762,0.03922350353040856,0.03170161512214022,0.027181993387775934
T:TGCTT,0.04244982240781894,0.0021259507083336727,0.07663190798310093,0.08047544235241126,0.05223163772823105,0.057112370129782035,0.06269383867737918,0.06154267774820169,0.056043967970999156,0.05088714688460714,0.054571947218898305,0.05216380267053055,0.05366160074455759,0.03976558917461015,0.04070917482722411,0.044853896852724666,0.0378601024038031,0.03766338073647166,0.03683782808425657,0.0327317720416453,0.02698614265441294
T:TGTAA,0.04846712419850199,0.0037770702260141367,0.07815932888466383,0.07956250545400909,0.054470588507852614,0.05621587141744001,0.06182394420037084,0.06202009546543066,0.0534898321825535,0.04817753079536249,0.05277472953906769,0.05337245032314763,0.049916635712349576,0.03998242361105212,0.04203120040712971,0.044673064492837006,0.037278779599341734,0.03846572642767617,0.03585166330867027,0.032917889072598364,0.02657154617393057
T:TGTAC,0.046793483106536894,0.002526609523763624,0.07647060241021922,0.07950205189128229,0.05097317239501377,0.057164992300889436,0.06357609829800256,0.06093623112272069,0.05679148302460583,0.05027434858777347,0.053757623806276404,0.05170573252398291,0.05304795618133755,0.039594393023328664,0.04106433275579963,0.04512112544369287,0.03801360537660579,0.03719068010014868,0.03688223373005641,0.0318988970632532,0.026714347334710096
T:TGTAG,0.044495595266312096,0.002294844929374511,0.07474014401788273,0.0797463571568121,0.050828732569244514,0.05767954880611535,0.06291385802704823,0.05978695825940872,0.05987621324801879,0.05082674912505318,0.05466273019109493,0.051392030719583634,0.056653116437099534,0.03869005411827476,0.04003978789047818,0.043823207685449554,0.037846098614861746,0.037291725963383635,0.037625936309623575,0.03166866168094912,0.027117648983931125
T:TGTAT,0.04964896190875442,0.003705680278484019,0.07821203072710026,0.07912986620920354,0.05369373339418852,0.05457007670328947,0.06305379531767981,0.061873414533992824,0.0534998647927466,0.05147819443232269,0.05278949017565497,0.05540564322168123,0.048872772120693575,0.038746535761245454,0.04126038913935218,0.04401532635024831,0.03693948008876464,0.03896687350753369,0.03612823656833976,0.03225444145096698,0.025755193317757077
T:TGTCA,0.040516929725989054,0.0025518427209645263,0.07493049146026282,0.08015658701032896,0.05123352665969745,0.05736708914475322,0.0639201102670254,0.061599214616746195,0.058738898423276203,0.05136980991342341,0.05398530589061922,0.05140898114802728,0.05379026578498746,0.039177763142969294,0.04056589376924389,0.04599274189665486,0.03849471473956433,0.036958875916137654,0.03773169173217648,0.03257659404482985,0.026932671992322438
T:TGTCC,0.035597395279308705,0.002018454159971738,0.0721582763919694,0.07974937689716687,0.04747260147987531,0.06112685020909589,0.06587226124285779,0.058701590919486644,0.06367570818641796,0.0539590995397652,0.05513669333608429,0.0503533267997964,0.059973586863113965,0.03863772835344164,0.03818420875915676,0.04327121931565256,0.03940851702012323,0.03549618060590607,0.03988344741070481,0.03154004938108201,0.027783427849022744
T:TGTCG,0.03020806617081303,0.0010259040779687098,0.07039465247499359,0.07870607848166196,0.048922800718132854,0.06019973070017953,0.06984964093357271,0.05574345986150295,0.05830020518081559,0.05807578866375994,0.05358745832264683,0.05447710951526032,0.05862080020518082,0.03955341113105924,0.03960951526032316,0.04223839446011798,0.04148499615285971,0.03528148243139267,0.04108425237240318,0.03323768915106438,0.029398563734290842
T:TGTCT,0.04096933130813081,0.0025408790879087907,0.07497409897239724,0.07930988411341135,0.05048825195019502,0.058815256525652566,0.06467463152565256,0.05967315481548155,0.059548337646264625,0.05227788403840384,0.055273496099609964,0.05169481791929193,0.056203471909690966,0.03859370312031203,0.0394152696519652,0.04340766107860786,0.03771412297479748,0.03719668841884188,0.03844779009150915,0.031736962758775876,0.02704430599309931
T:TGTGA,0.04012557426408093,0.002456767011271408,0.07563550965763584,0.0794727325248732,0.0510532572647531,0.056775066245215625,0.06515779415931072,0.061419175281785206,0.05894296523028893,0.052680223094998695,0.05436760122880014,0.05189208557159761,0.05389124674329076,0.03903745840578181,0.04031792148344842,0.044284996083616184,0.03812919066956275,0.03750076383372312,0.03811530278368785,0.03199491147861543,0.026749456983662292
T:TGTGC,0.03396246050133213,0.0018176222044467805,0.07318905828473259,0.07829974274604705,0.04901847519047111,0.058780367563601346,0.06761889727391945,0.059119022064575415,0.05972313230719844,0.05538764916451994,0.05698391126546544,0.05104687454526373,0.05781908265198223,0.039103129996587,0.03933948261705848,0.04416354543041311,0.038885297544137526,0.0364168237206312,0.04017200826528641,0.03215277551175193,0.027000641150578666
T:TGTGG,0.03609942388743479,0.0020220207865188932,0.07286317417331295,0.07905992369321915,0.048161122747915355,0.05894644367564899,0.06721168052797613,0.059199105518991386,0.0627980847070611,0.05486537407384551,0.0556720042691139,0.050904101035695745,0.0589841977441944,0.038263022430998994,0.039218490781109894,0.042845785520588674,0.03847647812623654,0.0360551354608719,0.040026573055937736,0.03115073674886647,0.027177121034461477
T:TGTGT,0.03546516399975851,0.001532378361108115,0.07575369069834803,0.07764796540989934,0.05014757366642721,0.055960300614782875,0.06763357774055932,0.06073414422536205,0.056518916630884035,0.057327841462943105,0.05749980158447515,0.05380689861950279,0.05401854184600378,0.038070682054214586,0.039484350272253235,0.04374706192395903,0.03763518541506832,0.038029642261896285,0.03962103652270179,0.032211827735980504,0.027153418953871952
T:TGTTA,0.05013482802303225,0.002901527051090672,0.07929207539171115,0.08041489237254328,0.055553944707012755,0.054658090731210814,0.06079808991134445,0.06285075532688172,0.052286477304199414,0.0488570363030826,0.05198752603325658,0.054248157550319295,0.0482201401171609,0.039981483018268024,0.0419461627754676,0.04550658242706439,0.0373559109865092,0.03876468135693882,0.03499929511489627,0.0331136024827953,0.02612874101521452
T:TGTTC,0.044881520341699115,0.0029777681449313963,0.076958028353645,0.08003850817384735,0.05235074818491931,0.057219107505176926,0.062059612811801744,0.06225720222100941,0.057461959686537896,0.05023210227297455,0.053368290120442495,0.051963403307838205,0.052203644175421095,0.03926806615676413,0.040514533266831874,0.04557438893081498,0.037439276074185686,0.03753241293227035,0.03655229982756625,0.03235678902412593,0.026790338487196294
T:TGTTG,0.04656453202062981,0.0032507633799298,0.0772218324311784,0.07905431996490941,0.0527382586014673,0.05629334077223711,0.061817102528194105,0.06162173737851904,0.058242295991351334,0.05127114146784975,0.05274107636804916,0.053422975880857315,0.051915470759566554,0.0384352754319871,0.0407665076507059,0.044862601005191266,0.03734761753139227,0.03750447320444869,0.035949066051266444,0.03237613802547824,0.026603473554791
T:TGTTT,0.04779636418267784,0.004703555161559511,0.07753787570537678,0.08032784280264088,0.05463067605901016,0.055563393744098286,0.06147606305498989,0.06249497406255131,0.053900681216163704,0.04951541536273184,0.05278209413177563,0.05372684999039354,0.050633520920178726,0.0394211660945324,0.04105498700599549,0.04457976421551798,0.03698801046069127,0.03839069844038239,0.03520491619745879,0.032675455175379335,0.026595696015894243
T:TTCAA,0.052282428193615844,0.004308383049388031,0.07761485946245157,0.07973061073866781,0.05443016175656559,0.05634294852081924,0.06066240236176887,0.06172027799987699,0.053561104618980254,0.04707485085183591,0.05249707854111569,0.05263484839166,0.05005473891383234,0.040308137031797774,0.04173688418721939,0.04561227627775386,0.03706378006027431,0.037773540808167784,0.035222953441171045,0.03258687496155975,0.02678085983147795
T:TTCAC,0.04367993564459207,0.003007391974850974,0.07671768884011981,0.07921535336160622,0.052514902577182006,0.057708561938373024,0.06242585782496515,0.06199675998695098,0.05640643998932353,0.049664135947092146,0.05328227408879267,0.05129062991191909,0.05254641300157181,0.03962621222456182,0.04181711349684154,0.04512941516652332,0.03818136658857024,0.037337072570360924,0.03712113348557193,0.032852397757940625,0.027478943622290104
T:TTCAG,0.043525614978381116,0.003371862852139429,0.0761383635252401,0.07996208411515879,0.051867912946092366,0.058120954618086494,0.062413268417554034,0.06123843829932797,0.057539229619375125,0.05033427431312603,0.05406896219323044,0.051551277820211495,0.05410042488015729,0.03949772163287329,0.04060895695837487,0.0452928807972511,0.037561092839694936,0.036948574572927495,0.0367591290324956,0.03177664437724967,0.027322331211052372
T:TTCAT,0.0533068002487795,0.004656658193649502,0.07861954115842887,0.08027722235272323,0.0549199201206466,0.055289779096792925,0.060141870518802015,0.06363866114870177,0.05401341550441189,0.04826436832097393,0.05134228252005737,0.0530508909399829,0.04687596483220434,0.03964238902161797,0.04154452089894192,0.04620563522483415,0.0369254215341954,0.03839021586141174,0.03464515500656006,0.03255777534600275,0.025691512150281152
T:TTCCA,0.04490655178620376,0.0037415754261843222,0.07591204209669393,0.07972420218741876,0.05094448163210567,0.0583741057805311,0.06189804515771555,0.06054340780407579,0.058368811930690566,0.049913945529814374,0.053867274949620195,0.05146680814970537,0.05463253035434678,0.03956741011925279,0.04025796342067401,0.04506595548695772,0.03795396232896454,0.036996951918902926,0.03658050239811398,0.03206720130628686,0.027216270235741014
T:TTCCC,0.03969428413680007,0.00252942769547516,0.07400652070150658,0.07869056293793662,0.04922396470023177,0.0603935463309458,0.0641371890958549,0.0598376857045814,0.06104741199372169,0.05154391598200298,0.054809503645637726,0.05107034966102227,0.05823743552989303,0.038984308720353474,0.039077076846422365,0.04450999726184402,0.03834316126840961,0.03636360915890731,0.03813218859460778,0.03141622514524945,0.027951634888595953
T:TTCCG,0.030300720133236377,0.0030201027421360043,0.06879969974900894,0.07802420773615444,0.04951795641669208,0.06162182449391288,0.06695831671788136,0.0552356266566583,0.058349557833501445,0.05530013370551946,0.05518871243930473,0.05541741924890338,0.06262461588984541,0.037777673523961434,0.03961905655508902,0.04035795547840773,0.04066289789120593,0.035736905069081185,0.0425277380310103,0.03215969599587155,0.030799183692618047
T:TTCCT,0.042983340604087775,0.0031860329884989434,0.07652547806661271,0.07939265904174275,0.05131627184894871,0.0582792835231108,0.061997565582287945,0.061601612068026404,0.05858371009437721,0.05086460628242927,0.054226729150386226,0.051428690811540556,0.05436004013257479,0.03915811130173697,0.040243998891728104,0.045368512841379334,0.03734746960335506,0.03712760596855154,0.036829645974779356,0.03207770637460287,0.02710092884924269
T:TTCGA,0.0415868639674039,0.0029216937284227734,0.07155404828419114,0.07944079148012151,0.05019945591841216,0.05931221255779342,0.06627792077879302,0.05569516792114477,0.05625632830322179,0.05218791553316336,0.05419467385602576,0.05441425835336025,0.059147524184792556,0.039378819855318214,0.040068071194173695,0.04203213253144328,0.0385980749759067,0.03637173215570981,0.040257157844656166,0.031217596037719737,0.028887560538226
T:TTCGC,0.03413243752226803,0.0009365297500890721,0.0707792538301013,0.080439761795694,0.05059296584720314,0.059632513869802006,0.06592355066931338,0.05757622028808469,0.05686364330432127,0.05371812490456558,0.05365704687738586,0.05511273985850257,0.05663969053799562,0.0396192802972464,0.04115641064793607,0.04242886954751362,0.04020970122665038,0.03643304321270423,0.04067796610169491,0.03329770448414516,0.030172545426782715
T:TTCGG,0.0359284332688588,0.0037164962696877592,0.07140784747167726,0.07881320806852722,0.049882564244266375,0.05970571981210279,0.06563277148383531,0.05520862116606797,0.058220502901353964,0.05480105001381597,0.05315004144791379,0.05493920972644377,0.06045869024592429,0.03916137054434927,0.03903702680298425,0.04235976789168278,0.03958966565349544,0.03533434650455927,0.04012158054711246,0.032543520309477755,0.029987565625863497
T:TTCGT,0.038821575012854825,0.0032301870871623136,0.07332524687858452,0.07807823644969478,0.05447150183922898,0.05722045697258955,0.06416206310071591,0.05971890780123142,0.05501206375993777,0.05312009703745699,0.05256635067965773,0.05642939074716205,0.05426714306432687,0.03925006921829473,0.04068058064260947,0.04378551557741242,0.038821575012854825,0.03685050166783129,0.038821575012854825,0.03270399620288212,0.02866296623465661
T:TTCTA,0.05069459973552204,0.0032673242726165923,0.07878295966849151,0.07998663806550109,0.05375762996827921,0.055714987728553954,0.06005623607556671,0.06256504970694848,0.05397986875488304,0.04812781076850448,0.05252979518142139,0.05276100634139742,0.049501274077018854,0.04031287356131444,0.04203280851850932,0.045828812637518875,0.03701034997777612,0.0381291359190333,0.03532906524433843,0.03320192257255889,0.026429851224245838
T:TTCTC,0.04314475909308228,0.003306628186158752,0.07643353543732946,0.07953509690709432,0.05181216818259187,0.058426005480451564,0.0618627609880614,0.06141602924611549,0.05849397376888807,0.04988407630805552,0.05409694834003431,0.05151589615607378,0.05437288797257567,0.03909164158520638,0.04046727326911782,0.044907287188093815,0.0376131860803269,0.03733434182007458,0.03709209586898038,0.0322570525813136,0.026936355540374036
T:TTCTG,0.04305165622297896,0.0032451935907426583,0.07605121854884336,0.07986592226480353,0.05137547103344471,0.05813273268785294,0.06251534528219307,0.06079880867235287,0.05822133501286335,0.05113421650992239,0.05457422846589878,0.05151958324882308,0.05528518206176543,0.03909177279374873,0.040140055723389946,0.04426166508321146,0.037391782401229756,0.03713077916671115,0.037115834196227465,0.03190164074425953,0.02719557628873683
T:TTCTT,0.05002657135302726,0.003542847070301081,0.07843043148561352,0.08035063714526808,0.05407248525486247,0.056216954879311956,0.05943562271645617,0.0627869291631289,0.05504894975527304,0.048698003701664355,0.05241101214603162,0.05307856830582973,0.05046506412465935,0.03943817077395501,0.04138368248411173,0.04498455894608153,0.0370179524612752,0.038228279773222885,0.03472033760016615,0.03289917458644241,0.02676376627331756
T:TTTAA,0.05102712215366229,0.003956144018176286,0.07895433820938189,0.08080436195850361,0.05650058333096207,0.05487732538923388,0.06076097877025516,0.062197745912852764,0.04931193212785564,0.04691600690803946,0.052100976450064465,0.054250436130184584,0.04906415327267275,0.041382570990174214,0.04258863237891779,0.044720581185880105,0.03703593450057895,0.038676703315464946,0.03458222339934203,0.03357578596459739,0.02671546363319974
T:TTTAC,0.050128340063074275,0.004690596515583748,0.07842617177910648,0.08137766403214475,0.05555445822998878,0.05565697979008476,0.060401188497645295,0.06260775345163758,0.05214867319230505,0.04753332185844312,0.05206590349241105,0.05351531380532755,0.0485679431071181,0.040499778496996305,0.04190027944179362,0.04505023086162317,0.037172060335348964,0.0383581125122391,0.035019107573333486,0.03295268677029809,0.026373436193496747
T:TTTAG,0.05164008915768911,0.004100107333136725,0.07837075509462604,0.08026040997375376,0.0557679311514784,0.05518180532302097,0.0601842136160543,0.06315644474932026,0.052222517031392864,0.048144597426778186,0.05201173361043341,0.05393374559365579,0.04906631264913158,0.04006271731262232,0.04168981740423915,0.04513168879122179,0.03704148827887016,0.038384770343142464,0.03424953243984583,0.03298852986884279,0.026410792850744075
T:TTTAT,0.05472406056708288,0.003603913328255451,0.07896749068643287,0.08078327815828965,0.05698490367336374,0.05452450176984943,0.05983997755457489,0.06373038618578925,0.050999127671198234,0.04794992852436149,0.05106926962468127,0.054641569678127465,0.0470973580193493,0.04000610531369754,0.04138572838467033,0.04484145448725738,0.037124357731866085,0.039292336843394754,0.03385337170394563,0.032904479502248986,0.025676400591563404
T:TTTCA,0.05293609738849769,0.004357122193391494,0.07870363699441699,0.08039117668900833,0.05589940600819551,0.05534188057871805,0.059745555591270684,0.06333898987032822,0.052455051590499235,0.04754760857059569,0.05146192478172824,0.05311122466058007,0.04770278463446616,0.04014183092237761,0.04187093563407711,0.04594541571113311,0.0369784560203325,0.038334029778286656,0.03469404268006797,0.03276653428670551,0.026276295415323194
T:TTTCC,0.046199301475538905,0.003262732785884905,0.07694080739140298,0.08002884840514904,0.05304200245296364,0.05738139459838483,0.06061865150083282,0.06229702696440291,0.05597840130339472,0.04997883075400123,0.05316088990900257,0.05243422066239723,0.052349907619594106,0.03940512599037497,0.04105014017801577,0.04536951555787939,0.03724088903554371,0.037680651309157126,0.03599317731578813,0.03256060530699046,0.02702687948330056
T:TTTCG,0.04287946144201047,0.0031514224984745772,0.07235531953412588,0.07921469233399714,0.0522331516236531,0.058133687365477846,0.06416162103809198,0.05724190184995206,0.05420446697376273,0.052977423745633266,0.0529170773573646,0.05606179470158711,0.05506272671802815,0.0392184472203783,0.04118976257048793,0.04366396448950308,0.03854793179517095,0.037039272088454395,0.03826631531658386,0.03310334654248721,0.028376212794775344
T:TTTCT,0.049169113918078995,0.0034486342568021797,0.07820995353170812,0.0806741587941832,0.0541741853306443,0.056603745768908705,0.05991011510927125,0.062288076873179304,0.05447751182346767,0.048879792779723784,0.05281714019507247,0.052774755569708336,0.05115640000471759,0.03967864345610869,0.04142157296347403,0.04489158381393813,0.03670840262298176,0.03821545247614667,0.03539779629433063,0.032628790291193435,0.02647417412636073
T:TTTGA,0.05203630258710211,0.0035079119185028357,0.07762944898200232,0.0804969519126586,0.05436580734886382,0.0557558635314391,0.06079993773422208,0.062389353644357264,0.05446548721264378,0.048987873876297286,0.05193320902935709,0.053463909403293125,0.050385440185595716,0.03933872651463895,0.04098276152821521,0.04473372845703081,0.03701058723046326,0.03803332994239733,0.03500947982814099,0.03247993260002635,0.026193956532752003
T:TTTGC,0.0481738721644169,0.003712535803175891,0.07706852789472587,0.08061898975806436,0.053151722059305795,0.0563249591971748,0.06113694394895524,0.06236813721122879,0.05551838070125887,0.04989413064865592,0.05263517061362521,0.05257735476374169,0.05135563950964577,0.03926928348153779,0.040851163046383476,0.045198725397460275,0.0374419235048916,0.0379707963612031,0.03551978344646916,0.03243374398383431,0.026778216504245198
T:TTTGG,0.047678514559701,0.0035394954016466453,0.07628142019525018,0.08031558816730279,0.05181533517299799,0.056943117504134395,0.06111388623500827,0.06131110863235967,0.05763420418337803,0.050243214013782934,0.05296795459358445,0.0524942975245356,0.055077587614433446,0.038933641129599364,0.040172747421155494,0.04467006471157841,0.037022038794615506,0.03708104385611818,0.0358087977354989,0.032135126440572204,0.026760816112746548
T:TTTGT,0.05015662756493235,0.004215977856215136,0.07818194838831484,0.08042963803678985,0.05444693162965366,0.05593291327270774,0.06057803004080889,0.06217251709774059,0.05431835271420868,0.04946490555146249,0.052477015840705375,0.05346875532354687,0.050615605465634705,0.03896646423173284,0.04072479446361976,0.044307100702789565,0.036915711909445724,0.03819282063078537,0.03555234138407336,0.032535890878275374,0.02634565701655684
T:TTTTA,0.053857660432935495,0.003993363899716975,0.07923083428799889,0.0810572995821683,0.057399106586807934,0.05443174119892326,0.06001108864336685,0.06307626987605153,0.049595196174161756,0.04686574967515742,0.051433194340862166,0.05462182002397129,0.04760812495141244,0.040903681720055325,0.04212146763064395,0.04501451006221771,0.03683599486402743,0.03872268738141431,0.03386777518928861,0.03320954716816722,0.02614288631065116
T:TTTTC,0.052670817606176375,0.0040162183658640875,0.07838278811968818,0.08071607195006114,0.0555293643919558,0.055558268805061664,0.059323317788074835,0.06291942546000377,0.05292049193317699,0.04811289067055248,0.0518978737315697,0.05347465930168931,0.04867901848586724,0.03988460162243461,0.041987148499910795,0.04528225159397871,0.036508765512450324,0.03830133747696368,0.0346344638281204,0.03283491493630564,0.026365309920094247
T:TTTTG,0.052833699727256975,0.004084304049184964,0.0777420252310106,0.08074254061499449,0.05469740574858383,0.055895787534092876,0.060006886989519004,0.06205588039442838,0.05422763096682387,0.048898195699964425,0.05174535014184462,0.05356800788127013,0.05150305125562133,0.03933223567186916,0.040681697939376246,0.04441652147737327,0.036678350223941183,0.03775757796893101,0.03460484187289627,0.03255755881306612,0.025970449797951236
T:TTTTT,0.05047172773079767,0.005928686731510077,0.07591649183249088,0.08027624108862325,0.05405310172474499,0.0566007043527815,0.06104788173570795,0.06103648958585296,0.05231328200154244,0.048416371949983696,0.05269770082571892,0.05445103216851692,0.053383879154193806,0.04080933011774449,0.04083052481514912,0.0434631711665217,0.036631855259291954,0.03757978810071402,0.03478023350727998,0.03228323321929703,0.027028272931536625
U:AACAA,0.0505786213987815,0.004993417385789241,0.07765202475447329,0.07999077473044916,0.054629691914435625,0.05596002863677423,0.060536026599527205,0.06243993965136169,0.05430356422132959,0.048977412504084106,0.05206151140666141,0.05378824643001288,0.05061645941842363,0.03924463300724568,0.040603798696930676,0.04484586112125464,0.03685423113144087,0.037860842574618976,0.034898065576291055,0.03255631258288328,0.026608536257231266
U:AACAC,0.04209668551680804,0.002705780710021992,0.07681530788564248,0.07970566289663839,0.053260485391140436,0.056072298146402764,0.0635141768771599,0.06225651900722589,0.056525879673264216,0.052066643103989944,0.05342640590637763,0.05360018064718819,0.05212849513038014,0.03894910461828464,0.040840991203267354,0.04460709236569274,0.03736255105246623,0.03823338831291235,0.03663210807414389,0.032653942821237826,0.026546300659754947
U:AACAG,0.04227354590843621,0.0027877940747379573,0.07685008679930747,0.08036462674749877,0.05221115721316563,0.05760796123402843,0.06238172965517882,0.0610721939598827,0.05710488901065817,0.05091013504780347,0.05432793033765434,0.05242089963244769,0.0533542920961162,0.039413773807892974,0.040786773999060416,0.04486707670922658,0.03766308247056447,0.03737826619641023,0.03646886640801015,0.03267183205746478,0.027083086634454565
U:AACAT,0.052348138590842974,0.003703343050678287,0.07920726549044191,0.0799855152728667,0.055249648532356324,0.05400657898740802,0.06047525728648721,0.06351065966368655,0.05359653340311969,0.04839679023315542,0.05155239150148195,0.053641417799173516,0.047387271698182104,0.039515765834302025,0.042028531260840725,0.04574480710360231,0.0371642799325669,0.03899769339849432,0.03487061121896891,0.0326575822677727,0.02595991747357146
U:AACCA,0.04415132503685419,0.003371730261579074,0.07569594432445405,0.07913966882649388,0.05124704309369536,0.05760310603723131,0.06247471630840961,0.06081199218348247,0.05814649113785183,0.05022198224142069,0.05385169186465083,0.05286948472693613,0.05538414069731564,0.03930114162295588,0.04020792622304501,0.04421903390585896,0.037389008879289656,0.03717045493503377,0.037251876992697726,0.03216599814871953,0.02732524255202441
U:AACCC,0.03867786414784596,0.003268586409884166,0.07308500407348194,0.07961482624915008,0.048489748914248613,0.059449559267630826,0.06546606146363575,0.058284482177750827,0.06206271324524811,0.053256641613221356,0.054661839743707544,0.05156721857752786,0.060058437620596504,0.03833850941188722,0.03940925323581479,0.04332959675591574,0.03803223257437933,0.03492168501264924,0.03882977745924987,0.03158571769851333,0.027610244347660965
U:AACCG,0.0312985555619497,0.0010502388214306266,0.07083357311388618,0.07684007596247915,0.04885768544627957,0.06109368705760488,0.06738073315301836,0.05582091270069632,0.05667692927432814,0.055151924958278184,0.05390746388904874,0.05509437762559705,0.06197847729757726,0.03957098463486217,0.03965011221729873,0.04290153651378258,0.040865799620187604,0.03588795534326984,0.041700235944063996,0.03234879438338033,0.031089946480980606
U:AACCT,0.042527932742154245,0.002935013108889926,0.07531320902075392,0.07914303046629224,0.0503974431660971,0.0585989828211417,0.06308868626056777,0.05978614393989227,0.05907823256037346,0.050799428241487574,0.055277646393045346,0.05163889837295236,0.056001219528748196,0.03924522864597853,0.0406453896488321,0.044028328984585696,0.03763728834441664,0.03703170043863358,0.03717683271260573,0.03189568852734595,0.027753676075205666
U:AACGA,0.03766713357952375,0.004552400356551636,0.07377435375015917,0.07847319495734115,0.05333630459696931,0.05823888959633261,0.06475232395262957,0.05886285495988794,0.05258499936330065,0.05304978988921431,0.05178912517509232,0.05619508468101363,0.05401757290207564,0.03843753979370941,0.041315420858270724,0.04324461989048771,0.03953266267668407,0.03806188717687508,0.03953266267668407,0.03387240545014644,0.028708773717050808
U:AACGC,0.0326633573421582,0.0018331062228278503,0.07077736681591071,0.07579002011550191,0.052689637272078385,0.06072772694828369,0.06679482188047499,0.05819706703004347,0.056947959249886444,0.0543280773473493,0.052689637272078385,0.0551148530270586,0.058180844851080396,0.03965511647524495,0.040125559665174226,0.04337810654727143,0.041042112776588154,0.03482901823372916,0.04067711374991889,0.033442021932385955,0.030116475244954904
U:AACGG,0.030233390607101947,0.0016752577319587628,0.07018900343642612,0.07772766323024055,0.05063717067583047,0.059879725085910655,0.06799828178694158,0.05588487972508591,0.057481386025200455,0.0554410080183276,0.05584908361970218,0.05589919816723941,0.06013745704467354,0.038380584192439865,0.03944730813287514,0.04109392898052692,0.04073596792668958,0.03470790378006873,0.04230383734249714,0.03275343642611684,0.03154352806414662
U:AACGT,0.03423208067512121,0.0019299525531771779,0.07305879370204223,0.07750855025896548,0.05485101076737604,0.05715350107880726,0.06571669538311886,0.05915589152942272,0.05145677785883923,0.05279687896144752,0.05315906844863894,0.05689479430224195,0.05333498905670335,0.04085497415519302,0.044047415778008886,0.04465796377070301,0.03928721108920727,0.03747626365325013,0.0384593494041983,0.03401994111833766,0.029947896455199748
U:AACTA,0.05458109684947491,0.004255542590431738,0.07866977829638273,0.07994515752625438,0.05575029171528588,0.05487047841306884,0.059299883313885644,0.0633220536756126,0.052477246207701285,0.04782147024504084,0.05184597432905484,0.05272928821470245,0.048599766627771296,0.03976312718786464,0.042110851808634775,0.04525320886814469,0.03710151691948658,0.03846207701283547,0.03391131855309218,0.03289731621936989,0.026332555425904316
U:AACTC,0.04332091250298505,0.002399758492198307,0.07485209900017573,0.07999855816237796,0.050908582989019506,0.058990984009119625,0.06392116752801445,0.05923339295932666,0.05836919153461086,0.05075538774167677,0.05491869387534413,0.05192417736405048,0.05718598353601665,0.03946399686400317,0.03981364248735013,0.04324701832485503,0.037432808113941216,0.03662808249113495,0.03736612312392144,0.03165734728911998,0.02761209161075791
U:AACTG,0.04293481689362798,0.0032820873052272995,0.07577018227945652,0.07977773875267043,0.05249719956966294,0.057717849610497224,0.06317719690989348,0.06152166092372429,0.05679204524336038,0.04954246850474922,0.053960925258773405,0.05205134719027752,0.05421326236068179,0.0400815321636031,0.04077886915468776,0.04455795825184948,0.03802021083787853,0.0368011498387941,0.03698187776313389,0.03226504943590723,0.027274571751543433
U:AACTT,0.04974193483026458,0.0040359943048761575,0.07790661337294255,0.08023594084490139,0.05466555174824248,0.05601140271648367,0.060731622354374175,0.06272974735875773,0.05382312853071572,0.04765029383503623,0.05305941460548331,0.05283497622745583,0.05027965177762209,0.039937562490112634,0.04177515171021265,0.04516900287795462,0.03682581789475243,0.03776097780320027,0.03526643874741565,0.032985427870726614,0.026573348098469222
U:AATAA,0.0551967567289163,0.0030880990383387826,0.07932787272385568,0.08109547518973234,0.05703668514813944,0.05451842695434862,0.05964863832694728,0.06408846559942051,0.050477488273058965,0.047571299965864344,0.05081007807367494,0.05485375637440954,0.047152686114677184,0.0398505044461284,0.04096607748410884,0.04491880041927136,0.03728731649344053,0.03979187659000664,0.033654581109447246,0.03274393160594848,0.02592118334026457
U:AATAC,0.05460003839910635,0.003768930468527278,0.07967698206296289,0.07996090272808197,0.05635010676115174,0.05400892488320272,0.05973388255691504,0.06349234054189284,0.051957481716789135,0.04763350962013975,0.050939323593923634,0.054781561447297226,0.04668516805427074,0.03959413308199373,0.04229952466560778,0.04510033221045037,0.037199425177014064,0.03892273052554413,0.034447489222069014,0.033006940929374735,0.02584027135368486
U:AATAG,0.055382192047481515,0.0034403441933266855,0.0799105351602382,0.08024622694353624,0.05538815107322054,0.05555401062295655,0.05867753328115875,0.06320341332994331,0.05227356695362686,0.04769405567319114,0.051036075941824015,0.053874558535509834,0.04720541556259162,0.03999698076029223,0.04168934407017349,0.04580305817200926,0.03721610208208359,0.03846253163249497,0.03428326824752998,0.032841184018687505,0.0258214516981237
U:AATAT,0.06229103437981989,0.004824866908801433,0.08091322951390617,0.08096609284043982,0.05821807055077367,0.05318299417881486,0.057469898999950246,0.06493295686352554,0.0497076969003433,0.04666898850689089,0.048505522662819045,0.05562590178615852,0.04213891238370068,0.03971590626399323,0.04173341957311309,0.04538534255435594,0.03717722274740037,0.039990173640479625,0.03299853226528683,0.03272053335986865,0.024832703119558187
U:AATCA,0.05272723389119668,0.0033637107431646186,0.07898498031644141,0.07983380185682033,0.05491336726762117,0.05502202385429988,0.060104737520048065,0.06382506475282484,0.05377386614065734,0.049014336168620165,0.05138992205515111,0.05400603833441526,0.04755350872549539,0.03912658678085824,0.04148638495821365,0.046059248486469466,0.03705561081253767,0.03858423253623976,0.03422311004869115,0.03302974497277549,0.02592248977745831
U:AATCC,0.04645873057495868,0.0033495848911533226,0.07451788165749278,0.08001627924360843,0.0506436352547666,0.05807252331835532,0.0633929408358656,0.05955569055673352,0.05918786508161573,0.05000765314295003,0.054280361323269945,0.05207459500635389,0.055421806829925806,0.038829318300741225,0.03984024509041981,0.04454722463813686,0.037210886210222935,0.03693086423561713,0.03709460589873409,0.03171130209031658,0.02685600581876171
U:AATCG,0.03945055496961478,0.0034737917064269334,0.07220464399912946,0.07808916344399243,0.05404885071903303,0.05776538931578859,0.0639596203103812,0.05893727085530611,0.051177740947215104,0.053747509751728526,0.05311971606984414,0.05677766058962382,0.054249744697236035,0.03960959603569216,0.041350677180118194,0.042589523379036716,0.03910736109018465,0.03750020926456063,0.03827867343009727,0.0341603468769357,0.03040195536805451
U:AATCT,0.051364676509775706,0.004593275801394002,0.07840521324110014,0.07978485926034866,0.054414604638622036,0.05564280474332106,0.05987103461195705,0.06255241516840261,0.054785778440754884,0.048029364750044205,0.05251934218197671,0.052765332366880795,0.04955257799464599,0.039322537778314695,0.04149880681629173,0.045490676009041234,0.03688189494730908,0.03816437046647093,0.03533154399547588,0.032251851929666064,0.026777038348206546
U:AATGA,0.05262346878713504,0.003258859655942161,0.07869365192185955,0.08027206445809225,0.05520695667625468,0.055486684139799874,0.06034269737791944,0.06353769865508702,0.05379929589196273,0.048105488488833115,0.05186896815965705,0.05312878291482958,0.047735526359628175,0.03963592394744733,0.0412337716424375,0.04589682151860778,0.0371940350721322,0.03868707173239452,0.034221149895050144,0.03295439401174994,0.026116688693179926
U:AATGC,0.04744142534818125,0.002373482116403724,0.07781808947170217,0.07963699940635816,0.05363179662937322,0.05598465864508574,0.06117549767698287,0.06262216053073968,0.05539861367807248,0.04927661430969872,0.05274079122582157,0.052469474111463583,0.0505149056196286,0.03975012779036086,0.04162547168480331,0.04598173927293525,0.03758284668086921,0.03813524832570209,0.03611122265259146,0.0331766567436954,0.02655217807953064
U:AATGG,0.04950436059062257,0.0035877730765909678,0.0775520248683188,0.07941628529487954,0.05264571280545721,0.05681720058716864,0.06109748726362145,0.06206286158362836,0.05700198601157068,0.04975736119506088,0.05228650375615232,0.052928935325101456,0.050651066401865126,0.03932130213280373,0.0406640186512391,0.045441671703652535,0.03752180295311286,0.03704861410931699,0.035757706588377514,0.03235989983593818,0.026575425265521112
U:AATGT,0.051489698996209976,0.003602853507936402,0.07855139844535772,0.08100791975008492,0.05539162464780758,0.05464494341608329,0.06023406225229966,0.06266593841378529,0.05335673511799695,0.048485655860548454,0.051550312726885185,0.053515929421638436,0.04786153426007953,0.03988050435952602,0.042303721416629476,0.0457100798635858,0.03719018723648014,0.03850770327247537,0.03511067001485369,0.03276405272728484,0.02617447429245126
U:AATTA,0.05583665254282911,0.004219924157648155,0.08032140044919689,0.08093655183601514,0.05834678603139784,0.05383471879972982,0.05926125845474259,0.06405685520542252,0.04907716525033503,0.046617995295563375,0.050541469601687684,0.05514900373469389,0.04475244284009007,0.04052462292368462,0.041848957006157976,0.04558867547211254,0.037194048320608,0.03944505736268737,0.033444280707144156,0.03327775197699032,0.0257243820312629
U:AATTC,0.05407953232347508,0.004049247217805336,0.07888050641308175,0.07967332879869672,0.05599951047208405,0.05565098787974995,0.059145968888372556,0.06285112764351726,0.054186838261572855,0.04786731665095507,0.05114059117590458,0.05330533328248865,0.04790278968834276,0.03912143928301897,0.04187237333243468,0.04523166997304936,0.03684584393459836,0.03831176720464484,0.03497464121239747,0.032661799174719786,0.02624738718908991
U:AATTG,0.05627085912215551,0.005582081201223455,0.07924945989668565,0.07949179295587386,0.055309012076420055,0.055139659629651464,0.05963732378222959,0.06265198446448604,0.05234768338016256,0.046966766687531636,0.05118935007022045,0.053006380189693454,0.047091207988195855,0.03982963705244406,0.04202934756268146,0.04657192286136397,0.03650527659184283,0.03807061716335587,0.034677018685843726,0.03270467085275974,0.025677947785178762
U:AATTT,0.059789369397147615,0.00593425312571872,0.08006389178833823,0.08065327331683807,0.05779578384963189,0.053594797671791324,0.057836727163361294,0.06361731649434249,0.05060745218857176,0.045457187699819795,0.0502071175654398,0.05376261471078098,0.04553957980028762,0.040086536979141656,0.04207355137754032,0.04568111224280901,0.0365335671988455,0.03850743929901003,0.03372162084975067,0.03283047193487486,0.025706335345958363
U:ACCAA,0.047048511969310175,0.004061069249090189,0.0764808178647252,0.07953109672746664,0.05189950992584221,0.056200343429961976,0.061466203188765105,0.06083943355943467,0.05820799598867437,0.050397252560304195,0.05287050541509062,0.0522904947898531,0.054908999019055785,0.038993029923772876,0.04051418986543356,0.044721505361367514,0.03733855707682604,0.037276874986320506,0.03628598204852192,0.032090605021718066,0.02657702202846529
U:ACCAC,0.03779761936582711,0.0024698037094099522,0.07189480988391922,0.07849592161634218,0.048153688079829185,0.05949126320302535,0.06733369186472318,0.057686488890694616,0.06235345564029394,0.053386250570674344,0.055013541153237956,0.05153122484087942,0.06129069161988117,0.038789817565971024,0.03905818151881167,0.042459240219951525,0.03865510100000321,0.03534171498465193,0.039305161889752666,0.03160600322678251,0.027886329155337824
U:ACCAG,0.037778750473142546,0.002809255834228791,0.07313303781731943,0.07935161083734121,0.04748108775246976,0.06046716884058101,0.06518244914726708,0.057948525678858644,0.0621695850517452,0.052832307518436865,0.05574650681773742,0.05032891255249416,0.06095959586899468,0.03920221439680829,0.03879051311075751,0.04310395861101494,0.03866583668644148,0.03559377371318682,0.03921118392373749,0.03129288555063029,0.02795083981680638
U:ACCAT,0.04527191944131324,0.003298901557992356,0.07577499722425568,0.07894969598542687,0.05062204900741265,0.05694792327278134,0.06341681894055014,0.060763395553916244,0.058721576848598675,0.050558065748444174,0.05399057940604717,0.0523919388621142,0.054575838039552946,0.039287602867202745,0.04029533919595626,0.04432628451097031,0.0374414976599064,0.03719121020570618,0.03748289859218012,0.03201138902009639,0.02668007805957594
U:ACCCA,0.038979843032412614,0.002161723378817758,0.07265772860224731,0.0789540788190814,0.0482267250773147,0.06058384177949539,0.06610903026853898,0.05913857529194295,0.06362172487878909,0.05458748582747683,0.05514512222560451,0.050894027025953914,0.059075929430760885,0.038484852495467,0.03827485651009613,0.043292701757172286,0.038150447123804984,0.03492550877703809,0.038731906595903316,0.03101234829334145,0.026991542808740422
U:ACCCC,0.03455169443973223,0.0019456369971161248,0.06968277373977268,0.07774066002896925,0.044840995393629374,0.062226455965445696,0.0689428836141088,0.056257747967585765,0.06668667545313377,0.055125076664100325,0.055960226012292356,0.051994571529236755,0.06454008064410893,0.037900121357639656,0.03686270927668237,0.04118852191614578,0.039583469262589224,0.03353124632991009,0.041495178317435044,0.030424229770464422,0.02851904531990135
U:ACCCG,0.02633215450039888,0.0010050440649007205,0.0654911838790932,0.07623259232271964,0.045314924276211234,0.06554143608233824,0.07218100843608861,0.053581411710019664,0.06286550625954007,0.060145605758902494,0.0553779279760297,0.05302235594891864,0.06727513709429198,0.03893289446409166,0.036715515995904446,0.04092413801767621,0.041231932762552055,0.03309735736226185,0.04355609716263498,0.031200336689761743,0.029975439235663988
U:ACCCT,0.03661874696751002,0.0030820778697654263,0.07111869254798327,0.07947386998107014,0.04618336023794048,0.06101395275978204,0.06594629453882249,0.058101745188449225,0.06421300718236034,0.05366070493122287,0.0557662828818547,0.05037417239088885,0.06260890262770025,0.03824217808306963,0.03797364060530789,0.04264761678074423,0.03908644363815389,0.0348081533674498,0.0401392326134698,0.030950978686872077,0.02798994611958259
U:ACCGA,0.0301805124493744,0.001690999429374678,0.07061836300121084,0.0767699823245327,0.04938692572128432,0.060708967168167455,0.06854462707547564,0.056561495316697054,0.05757052789801116,0.0549679197227596,0.05466868937105955,0.05503750817664333,0.06180846473953042,0.03919917607270602,0.038948657638724585,0.04248375109601815,0.04047960362416668,0.034989074612740256,0.04147471851470404,0.03272744986151898,0.031182586185300135
U:ACCGC,0.026877383684049776,0.0007204893062157865,0.06565850373166472,0.0779773045868542,0.04493660477245851,0.0636066754900502,0.07008324784048993,0.05304994087288846,0.06359884408454786,0.057130103139610464,0.05453790791833411,0.05320656898293537,0.06963685772685624,0.03840521258350236,0.03724616456915523,0.0402534242820559,0.042524531877736096,0.033228653546451985,0.04455286590284358,0.031513575741438316,0.03125513935986091
U:ACCGG,0.02681657584745438,0.001379532338537236,0.0672368733665954,0.07515385617608963,0.04475816031698587,0.06594164578207988,0.06905325761233609,0.051816767449168064,0.06292200277439282,0.057948022287111337,0.05490538707378199,0.05446853516657853,0.06725986557223768,0.037691889116256254,0.038849163466918045,0.041508595252875945,0.04333264356716406,0.03280987745154393,0.04310272151074119,0.031215751193678677,0.031828876677473
U:ACCGT,0.025600256299205593,0.0010145176887981823,0.06833458912033603,0.07827804904095448,0.048821438953919535,0.0611261739630858,0.06849477612383048,0.05555522595266771,0.05734101439903176,0.05608918263098254,0.055620487324461745,0.05343126494337093,0.06224748298754695,0.04041458769645156,0.04064596892372132,0.04243769022206665,0.04147656820109995,0.03521740936085386,0.04317929671972614,0.0334078895065647,0.03126612994132409
U:ACCTA,0.04803661397638553,0.0028503177228226266,0.07667653808186864,0.07862945442269315,0.05084562274670348,0.05826271639124991,0.061544641445414494,0.06131815442995782,0.058429376647906706,0.050086392688600295,0.05348369792045035,0.052298558317557586,0.05385120515307816,0.03887172430689988,0.04006398614298311,0.04496978036457287,0.037947258438778,0.03701709478410375,0.0364174027494669,0.03208566052302832,0.02631380274547845
U:ACCTC,0.03715696214073426,0.002756026025395819,0.07203442264565472,0.07927021212390936,0.04730834275889168,0.060455639812690094,0.06571260477566447,0.05830205350533078,0.06401383331849848,0.05279000145453914,0.05606597094829439,0.05089692961984425,0.060873548445922625,0.038417200902248455,0.039025068005132134,0.04311405974899431,0.038613672233716215,0.03541477160479086,0.03872221993065973,0.031182496900963252,0.027873963098124947
U:ACCTG,0.03492912849900514,0.0025780005489473806,0.0720873937910802,0.07962216687145311,0.04683666934299891,0.0612264442147188,0.06703913002955936,0.05745050709228045,0.06402504978576516,0.05334195232024325,0.056332090933732135,0.04963698503049565,0.061654828385538915,0.03936004022193891,0.03867513858356185,0.04279138887962576,0.038964148263676016,0.03541309145446259,0.03937201103709157,0.030568331550536933,0.028095503163287905
U:ACCTT,0.04305340037769334,0.00277490842074128,0.0746267434188073,0.07970603626766172,0.05000477804828104,0.059151327614843804,0.0634415599190007,0.05997588223248618,0.05884644262929171,0.05024140520124684,0.054724579645514325,0.05066824418101977,0.05597870355623308,0.03969238470114446,0.04055880412277309,0.04469886919524015,0.037856704056790515,0.03667720870969944,0.03780027758185252,0.0317462628836659,0.027775477236012834
U:ACTAA,0.05229781874068817,0.00406665507339014,0.0786423646524132,0.08018043211588263,0.05623169946467262,0.05490160598213069,0.060586228127482177,0.0632276151846856,0.05186894584216537,0.048200613816992297,0.05190184568095616,0.053213139255617645,0.048436787659740466,0.03991925439565346,0.0420824187961479,0.045086879074292534,0.037155667937227105,0.038214337749745024,0.034482556035475426,0.03289748880230487,0.0264056456123365
U:ACTAC,0.04986703471799782,0.0036002624387321343,0.07588485776298548,0.08060801981890257,0.052528178164288855,0.05642065179636371,0.0610243564461973,0.060923277102588186,0.05738366227002152,0.04892424011306184,0.052803849101404635,0.0515964103968375,0.05357205211283395,0.039029491276852644,0.04121831851755197,0.04416248412594854,0.03794334778461646,0.03744714009780805,0.035953003618640504,0.03217079836141195,0.026938563974954376
U:ACTAG,0.05046388939421503,0.0031820386877690864,0.07671457158450064,0.07978291189133467,0.05142047177248196,0.05733430355951731,0.060402643866351344,0.06159117094172579,0.05652173913043478,0.04832484385422352,0.05398550724637681,0.05047753319992723,0.05319871445030623,0.0403629252319447,0.04117700563943969,0.04484264144078588,0.03795403553453399,0.037215754047662364,0.03557091747013522,0.03238584682554121,0.027090534230792555
U:ACTAT,0.0581704096367229,0.00460390066879465,0.07991573567411461,0.07974473704210366,0.05530143258853929,0.054863248594011246,0.05892921606627147,0.06282774737802098,0.05423625360997112,0.04686312509499924,0.05041015921872625,0.05312001253989968,0.04748299513603891,0.03950543395652835,0.04112279601763186,0.04570532185742514,0.03702001633986928,0.0383250683994528,0.03382922936616507,0.03229499164006688,0.0257281691746466
U:ACTCA,0.041059786917201135,0.0019368337276432495,0.07413207775936628,0.08020450228347412,0.050405864595736476,0.05929649100444881,0.06509844276081192,0.059489241712496775,0.059640022508308486,0.05137894478313991,0.05552697110915597,0.05159656655029084,0.05741794882157813,0.039394980398496544,0.03909652768926099,0.043372018193179734,0.03769364451173448,0.0367889597368642,0.038013859397685125,0.03137095495540308,0.027085360583723756
U:ACTCC,0.04164376110653323,0.002673122451090576,0.07389672681967,0.07892800816348353,0.04917615528284541,0.059731502283195244,0.06391203335127037,0.05983494049978092,0.06204665877127021,0.05199920503662759,0.05491058405401102,0.051112425719157105,0.05726758071958132,0.038842793668651364,0.03915891945417164,0.04286758629827165,0.03839417398772921,0.03591514347113086,0.038369767217523595,0.03155679164870057,0.0277621199953046
U:ACTCG,0.02913223013725526,0.0008896742565084274,0.06944367748387849,0.07760413790564544,0.04930022517962217,0.061313895484749754,0.06995293929967297,0.05509231137371841,0.058743043667666785,0.05664463955921242,0.05580405077892515,0.0531534350629828,0.06300734441437959,0.039973984697602785,0.03971015026291408,0.04041575398359318,0.03981445689988403,0.03507157276001497,0.04157539835931796,0.03332903835416398,0.030028040078291334
U:ACTCT,0.04161575347467322,0.0021890644143157346,0.07535071278468791,0.07921119035448564,0.05078418486154046,0.05854246281917095,0.06325974247255556,0.06081509789126078,0.05917613936015708,0.0503428019699957,0.05471768533618934,0.051506300253957436,0.05541789385715097,0.03969768517391622,0.04017395678666764,0.04454802878725182,0.037889151230435944,0.03728468385139028,0.037627080138581244,0.032112228091100134,0.02773815609051595
U:ACTGA,0.04279549885227278,0.0028011400912883373,0.07578739697336619,0.08009624390099469,0.051816806217206406,0.05792399287520862,0.06422675287477228,0.06111472129630063,0.05847019571359336,0.0502210524183306,0.054374843190697256,0.05161188275572968,0.05459768771534495,0.039355433900106436,0.04035355920106342,0.0438395955761466,0.037800197287530216,0.037069329580818544,0.036575331578627496,0.031776382532105976,0.02739195546849555
U:ACTGC,0.03643671541077225,0.002594978187619571,0.0725722279961958,0.08026889799484976,0.04929575910835137,0.05995370523607461,0.06508297972342299,0.05915711754412677,0.06015340381258785,0.05182012564460715,0.0553816008102687,0.050429958758382375,0.058770960075730995,0.03968043814529671,0.04013500065095116,0.04341623582526264,0.03906148288881092,0.03633741777604191,0.03967712822413903,0.03189771019654312,0.02787615598996432
U:ACTGG,0.039350223262424384,0.00249954923263485,0.07352192497109786,0.07902924154413454,0.04838589928973205,0.059839809652431845,0.0648300695419143,0.05901693824663869,0.0630411418025745,0.05186211114685824,0.05462593379553193,0.0505557696455024,0.058118055089075166,0.0394138610080926,0.03950489833870129,0.04368289311333529,0.038587454171984545,0.03565216315303817,0.03892508776705757,0.03160939858794913,0.02794757663929065
U:ACTGT,0.039249774282676786,0.0025168733536228526,0.07535596086898666,0.08015504741136928,0.05123389751932727,0.05810414618755929,0.06446000260415549,0.060635328087820135,0.05718768377539588,0.04962919401387643,0.0545398872200354,0.051593042039940876,0.0554720890335006,0.0405268120701176,0.041356707775121154,0.04469703798776047,0.03860445882930333,0.03639021123707402,0.037977744486559266,0.032684297657834004,0.02762980355796321
U:ACTTA,0.04908115199941689,0.0037952527452058235,0.07789632248208922,0.07996149068700249,0.054594341236651064,0.05615030375182347,0.0609386594426273,0.06253410311465835,0.053084946239824744,0.04729842591664617,0.05307482286627125,0.05329450007238212,0.04987077513658962,0.04075670192637675,0.04180244641445294,0.04476960720298275,0.03772070219768316,0.038320005912050155,0.03506027962782429,0.03323301070141818,0.026762150326023245
U:ACTTC,0.04650783457128663,0.003089834491128027,0.07620193629628111,0.07916314419320833,0.05205182719669523,0.0566758600505372,0.06201572786340974,0.06209402231205371,0.0580152543684108,0.049606057753340795,0.05335953090440341,0.0518271966952286,0.05242558998129322,0.039393292589150815,0.041289136738458326,0.04497550036211183,0.038024071814650943,0.03744432006397775,0.036620364199676944,0.03221257315637545,0.027006924398321145
U:ACTTG,0.04388989548958685,0.003088981970748107,0.0752567979993524,0.08014474382203605,0.05093074204460121,0.05783294179245348,0.06391014997967662,0.060422450793300865,0.05736016479163365,0.04943060081431317,0.05429701762967352,0.05095657685338918,0.055587896908779015,0.03996817151557322,0.041054094644960834,0.04445912244321509,0.037550894573312295,0.03661911913635957,0.03703764303872466,0.03252860774493121,0.027673386013378987
U:ACTTT,0.0515438363698696,0.00381797060557256,0.07838986708628169,0.0799714392121366,0.054850031199824394,0.05581315621369783,0.06000170180860326,0.06302796145526833,0.05407311857659742,0.047077205383634524,0.05228868593245546,0.05229176891905557,0.04915205536550656,0.040501811562926225,0.042322623448949444,0.0452045993227295,0.03714690554468974,0.03776411946203117,0.03520647377858237,0.032913348345422755,0.026641320406164987
U:AGCAA,0.04450878872027445,0.002907655152859042,0.07700763135949792,0.07999738501079064,0.0524229319350236,0.057050854698580684,0.06274377742793007,0.061251561201769986,0.05664644357666669,0.05036438810392758,0.054113552865731704,0.05279845654822945,0.053437000424935745,0.039390555479960745,0.04040842482628186,0.044047364752225975,0.03778811441794065,0.03775314653897816,0.03617579112925724,0.03237341437772759,0.026812761451410233
U:AGCAC,0.035923151545906945,0.001550056326662209,0.07205520299060714,0.07902425623528042,0.04913726249560022,0.060122153977349144,0.06720567291999134,0.05882392218621852,0.0604340730043144,0.05308728295634374,0.05658421002929368,0.0502132400565079,0.06079750159536566,0.039761567951130776,0.03936284576987244,0.04327757264040887,0.03847573661061345,0.03600900081938362,0.03912819108903619,0.03166216593901458,0.027364932861098736
U:AGCAG,0.033834551533296536,0.001535681519847708,0.07301394378996783,0.08005243246625249,0.04802489303194577,0.06063371177134885,0.06587509996797308,0.05892271848461252,0.06103451287798115,0.05282211678737161,0.055948613209586766,0.05008527090004318,0.06088583858804027,0.04007701328218938,0.039157091113180165,0.04365448838389188,0.039334261308693046,0.03602687783371648,0.03905549701505389,0.03197983976628402,0.02804554636872339
U:AGCAT,0.044165983842777076,0.002734670733493057,0.07643291761561014,0.07934829003243284,0.05162070716669107,0.05689143255932779,0.06309915849095402,0.06169560489888495,0.056694374258110546,0.05060893351735827,0.05399864785292129,0.05225004751208053,0.05280773029339099,0.039775400269806305,0.04111119073062675,0.045007181334139224,0.03773471746668702,0.037538438052035855,0.03703138289752034,0.03279112443180225,0.02666206604334971
U:AGCCA,0.035316574638964454,0.0019101575863592817,0.07194642365837531,0.08031263809900907,0.04691344405549635,0.061475030385885976,0.06724096155323588,0.05795414177190919,0.06260969945059167,0.05335374161720547,0.0566126319922832,0.05071603002407889,0.06203842509509748,0.03906203317199758,0.03821431455941943,0.04261115718515396,0.0383325092536596,0.03544002243072642,0.03904430396786155,0.031067475381030146,0.02782828412165911
U:AGCCC,0.03050207351776797,0.0014238285996503632,0.06849370105282962,0.07963542932400969,0.04365166469375436,0.06408012637091275,0.07014291201856367,0.055507757073086604,0.0669709001967686,0.05556361270294212,0.057599893384341606,0.04938323625559536,0.06747458078879909,0.038452191500537,0.0367020484317307,0.041158739740202725,0.039285126331715804,0.033873989699045946,0.04077754956452207,0.03030804869826985,0.0290125900549541
U:AGCCG,0.023307124712713196,0.001480585460263699,0.06580863674851821,0.07738236361437038,0.0454820370146365,0.06666505382847465,0.07235030845530423,0.05189790734244587,0.06241683803072457,0.05751058425063506,0.056799322607959356,0.052125317527519054,0.06948106931172131,0.03891617273497036,0.03804040159670981,0.038935526793274465,0.04195959840329019,0.032568041611225354,0.044015967098100885,0.031314866336034836,0.03154227652110802
U:AGCCT,0.03463248231534346,0.002444612014794068,0.07078099752235269,0.08021257495780817,0.04611871162339761,0.062200438076771156,0.06670113828144637,0.057315522999030484,0.06441667564364968,0.053012316420697335,0.0567589500520665,0.049198894035692484,0.06353334051491974,0.039128873568171206,0.0384523681281195,0.04287550719954038,0.03884950985672735,0.03522855398757586,0.0394448633703185,0.03064095658731014,0.0280527128442673
U:AGCGA,0.028074429329577398,0.0008557827738059156,0.06949074982022618,0.07874984399793186,0.04963540088074311,0.061747104304468496,0.0701860733239435,0.05536439111649937,0.05857357651827156,0.05629148912145578,0.05528713294941967,0.054009401724640006,0.06054068831083932,0.03907480373454094,0.03979389898197507,0.04165998086374631,0.04061996707613495,0.03456411536427226,0.04181449719790571,0.0328347210088728,0.030831951600729792
U:AGCGC,0.02391753349265876,0.0006863889079552475,0.06432088057456992,0.07939023705376921,0.046449809371080564,0.06459543613775201,0.07150924441061032,0.0532637792573272,0.06136316837119912,0.0582307389912579,0.05615285256990247,0.05159772618074492,0.0674033907612053,0.039099208156796184,0.03885585208943024,0.03989167535052634,0.04123325367062068,0.03309018526260615,0.044896074479436415,0.03250987464042581,0.03154269027012523
U:AGCGG,0.023887955182072828,0.0006610644257703082,0.06585434173669467,0.07879551820728291,0.04588235294117647,0.06579271708683473,0.07089075630252101,0.05315966386554622,0.06275070028011205,0.05738935574229692,0.05465546218487395,0.05240336134453782,0.06937254901960785,0.03861064425770308,0.03764145658263306,0.03911484593837535,0.0430140056022409,0.03258823529411765,0.04527170868347339,0.030341736694677872,0.03192156862745098
U:AGCGT,0.025537408682509026,0.000928919304727517,0.06927008984801411,0.07815517675707448,0.04942165589050298,0.06163405827525401,0.06873478041817113,0.05612352002687043,0.05702095054160719,0.05602380552523302,0.05572466202032077,0.05538878159375262,0.05986543790410614,0.04056805777143337,0.040673020404735916,0.04245213703921404,0.04081471995969435,0.03514148962969183,0.04318687547233185,0.03265912335208666,0.03067532958266857
U:AGCTA,0.04642142334684398,0.0021850927433377755,0.07622280559753054,0.07961226401254838,0.05190159491252961,0.05777980215164954,0.06233361749797648,0.060885095923519705,0.0574864047222624,0.050334072982097626,0.05420261041642944,0.05165641314461518,0.054715542985288065,0.04016467187190637,0.04042421575174884,0.044003459217244384,0.03758051758999659,0.03699269686608459,0.03608378035406709,0.03223576022248963,0.02677815768983378
U:AGCTC,0.037141029867588944,0.00206238632558676,0.07344712036296622,0.07929341749292669,0.04845833179113432,0.06023269846379763,0.06575620975398555,0.05868590871960756,0.06137234766875459,0.05235500244886857,0.055865190861115153,0.05019965380142732,0.059791988197228176,0.03968888609619362,0.039576126242833076,0.043355733236009816,0.038888377213557694,0.03583869659938662,0.03910184624892728,0.03124997310118002,0.0276390755069244
U:AGCTG,0.033369680193638,0.0016525482746116136,0.07202073904167257,0.08001997613404087,0.04726325708857885,0.0615031538952834,0.06683911557925142,0.058203076475216164,0.062378364541860166,0.052828843931433674,0.05611762831089992,0.049852500341928174,0.06190970335691906,0.03993721069425849,0.03884241314710691,0.04361309540988091,0.0394560016864274,0.03530329970098538,0.03960030164966227,0.030967399501349517,0.02832169104499524
U:AGCTT,0.041969712500332185,0.0029330812538675595,0.07621075969310084,0.07957890580807793,0.0510855741451507,0.05859480883341116,0.06258632013332878,0.06066914949754944,0.05796840654647335,0.04983656594877168,0.054818931775300006,0.05056850753011476,0.05509303023055401,0.04001761519158419,0.04128636455094549,0.04524598627989173,0.0377094176736558,0.03666617313759211,0.036924326807360415,0.03263442023621061,0.027601942226727256
U:AGTAA,0.0505069540937926,0.0039209950439072685,0.07837489663086954,0.08066917565345229,0.05596840701841236,0.055753699255367224,0.060525087055090826,0.06242276614855527,0.05187677087025088,0.04712882278265011,0.0523305636969489,0.053294404659439736,0.04955342660463581,0.04094823949010188,0.04184832443561861,0.0452545834013085,0.03721382455469235,0.038336117971133524,0.0348492263957411,0.03272465088892764,0.026499063349103572
U:AGTAC,0.051586181592390846,0.0032697355423216955,0.07659253196353476,0.07965764443566369,0.05187124269707318,0.057177330586209815,0.06151957325505913,0.061300838248991,0.0568273545765008,0.04872428099686715,0.05262340887923005,0.0515184443001891,0.05267280065479382,0.03958680251756936,0.04110524681775846,0.04534164996754255,0.03803448957127939,0.036662809404194065,0.03562417092376732,0.031710931105529055,0.026592531963534758
U:AGTAG,0.04712633376155337,0.003622719341050146,0.07745581975366836,0.08002292692264709,0.051728315966632035,0.057907077359553236,0.06064126779685773,0.06124431667922557,0.056167640950228,0.04829702315154452,0.05375101937391354,0.051381977801162056,0.052581436495633155,0.04021948766294768,0.04126735425304374,0.045379151770252764,0.038044085639580366,0.03734808977350812,0.03621944782852609,0.03255800057759911,0.027036507140873325
U:AGTAT,0.05570653683286726,0.004095177789290731,0.07887585097390498,0.07944442929582131,0.05458654862859515,0.05561766491043629,0.059280601986085486,0.06241434715998663,0.05286162540686677,0.046632511571023307,0.05167296344435254,0.0526384356925799,0.04760707299313566,0.04088815367571241,0.04255248240487422,0.04532569034800427,0.037217137334387675,0.0380896980273463,0.035113498534118236,0.03311590009584029,0.026263672894770593
U:AGTCA,0.040610925757646105,0.00297155137533745,0.0762148206124845,0.07998066501727878,0.05093258956109921,0.05761858015560847,0.06390079130821223,0.06055447954736905,0.05817823338617565,0.05084221592831132,0.05478466201919569,0.05162904691469392,0.054851820406863754,0.03986720879791461,0.04034975425004809,0.0443295105563036,0.03813601480469346,0.03688487891591438,0.03759791858745183,0.03255772304875865,0.027206609048639255
U:AGTCC,0.039379776636088465,0.0025827177102299742,0.07295742632818027,0.07848469736857365,0.04811485961473784,0.06048801419508971,0.06513389077667088,0.05851531422872186,0.06276108411518434,0.05252763055655421,0.05452932376169877,0.050923724587426215,0.058514154499170794,0.03924292854906236,0.039796119544922126,0.044261078316536584,0.03884630104259686,0.03559325965184919,0.038355735442494814,0.031537685411761975,0.027454277662449116
U:AGTCG,0.03210859628070224,0.0017618456373511276,0.06928076466875221,0.07831889406036055,0.049754798254801724,0.06175477050920113,0.06727614502625427,0.05585189398406015,0.05807847843126374,0.05469351515950252,0.05448542315509097,0.054436868354061606,0.0599651792712618,0.039183724430694955,0.039912046446135385,0.042679670104809005,0.040917824467457876,0.03591667996143361,0.04154210048069253,0.032441543487760724,0.02963923782835184
U:AGTCT,0.04205659824210014,0.0031779804093397665,0.07583058504235851,0.07918176538400729,0.050796044367784496,0.05831991298689639,0.06275240116282303,0.06047458370442876,0.05906038242227256,0.049860129137233936,0.05490120056154914,0.05118455247282628,0.055060894077118464,0.039740645018793784,0.040693244646493376,0.04493823197826897,0.03767734123802994,0.03715456346069355,0.03772262745886303,0.03205628838901023,0.027360027839108386
U:AGTGA,0.04154550486969072,0.0026248344275671743,0.07513395058588869,0.07983005284312837,0.05105785766041085,0.05844513388424635,0.06371617881306771,0.06106554567587828,0.05905988027924523,0.04999273950600631,0.0543881025196494,0.050373086196437274,0.05477508316398323,0.04020765749927948,0.04054377783035801,0.04517796318450426,0.037969803716046135,0.036912793727522875,0.03738233024264792,0.03229408759914997,0.027503635775291763
U:AGTGC,0.036059600956136056,0.002155583911790084,0.07201069236395355,0.07975869145831616,0.048112507707829696,0.061215035667297205,0.06625446949786164,0.058550291567243055,0.06070378875695009,0.05154516553444604,0.056766144186235774,0.049117264390818004,0.060216539150558045,0.040228871678068864,0.039643546133773494,0.043856638019450334,0.0388714589630452,0.03576641650346761,0.039563207333576086,0.03181938168337957,0.027784704535803458
U:AGTGG,0.038461444391270354,0.0027058999053464964,0.07345552141362277,0.07927006739883856,0.04838579496306394,0.06053421752695913,0.06469375392860957,0.059033295042553315,0.06252675123249297,0.05154498813366282,0.055427330811957484,0.05006933919462179,0.058553912956279215,0.03926286036203131,0.03948216951374514,0.04381699018163526,0.03898566663867554,0.035853377564755304,0.03847367352612428,0.03159356225730263,0.027869383056452132
U:AGTGT,0.03861326431468762,0.002403229610539279,0.07446573695947103,0.07878329882630254,0.05107430208355538,0.057729769723157576,0.06505085288865449,0.06073741673789257,0.05779303070289137,0.050658292379871184,0.054863772293478684,0.05144080319440443,0.05440237971302894,0.040534472764429175,0.041904898118879756,0.045567158749990545,0.03834302991212912,0.03672712445153762,0.0384778033037359,0.03286751706843119,0.027561846202931596
U:AGTTA,0.04783049443881266,0.003518991799806774,0.07843439607456798,0.07976508326313435,0.05491321501829933,0.05575655468143939,0.06136676232765555,0.06231575741134701,0.05274965852358448,0.04742881347059019,0.05319417277040887,0.05316466540070532,0.049986436128442724,0.04099811057648834,0.04213652393666386,0.04509963496528125,0.03748578173113075,0.037958851497023084,0.035211810562686505,0.03363744961140698,0.02704683581052461
U:AGTTC,0.0440714689314186,0.004075831793620216,0.07511175733957255,0.07944017589223402,0.05079044073929192,0.058777266863651534,0.06328938487743392,0.0595555293127754,0.05811299649084824,0.049483222252565434,0.05481050662507186,0.05148013380537534,0.056603216544760755,0.04010716895347893,0.04025724485251968,0.04380658086917728,0.03739350146754547,0.03670954900962208,0.03704086410914372,0.0316332112223969,0.02744994804749615
U:AGTTG,0.044798389735299836,0.003400799418269758,0.07610417690055381,0.07905522289982203,0.05156312353749497,0.05789469318614354,0.06280235088324014,0.060639294993083195,0.056596122351362486,0.048734653777421824,0.05422846552059419,0.05155482890476748,0.05349024320784783,0.04058010818044328,0.04171094310895737,0.045143999432278474,0.037534134717738254,0.03701341610762378,0.036762733874081945,0.032794212926908616,0.027598086336067182
U:AGTTT,0.05057317804373582,0.004804178327689772,0.07844443919670406,0.07903941776192448,0.05439935675502262,0.05564115132096185,0.0607292836008817,0.06152700413605138,0.053643106168251645,0.04704765645833969,0.05272558355993012,0.05237769677058537,0.05022010751084122,0.0407649592759347,0.042239446330111154,0.045903777048341865,0.03692265336249285,0.0375164799847022,0.035421671619061665,0.03307343579098455,0.02698541697745129
U:ATCAA,0.053702191026261954,0.0029193718445328642,0.0788013536302136,0.07981130964859107,0.05513657641432568,0.055058093124554015,0.05976295981139226,0.06319144036457554,0.055184079458134846,0.049173911741409955,0.05076423103415159,0.054146241218391115,0.04779116009661706,0.03890705822943764,0.041052956599773434,0.04571651629199502,0.03718868725338433,0.038466106061904724,0.03460390206524646,0.03283906072024941,0.025782793364857455
U:ATCAC,0.044444722158000965,0.0027581121865568586,0.076296106525366,0.07914294819323031,0.05205671188537651,0.05588832582465305,0.06342533289176878,0.06304667045745671,0.057589182501546515,0.05137811881002518,0.053108968551022574,0.0517880240194455,0.05172553846922899,0.038916000674843944,0.0411079937764392,0.04528952679692821,0.0381911682923324,0.037478833019864155,0.036775245724426225,0.032589963570924224,0.02700250567056368
U:ATCAG,0.04418633165449984,0.0037311602814404012,0.07629260747363854,0.08004829004206515,0.05150057533057929,0.05752362628034633,0.0626940561749005,0.06126799087016392,0.059055326052100426,0.05023013223171675,0.053784920679833245,0.05219851734480222,0.05278516590270311,0.039116820402542773,0.040851300624375156,0.04551808047082791,0.037573802652179654,0.0369277347065814,0.036523116971308923,0.031505479787976534,0.026684964065417916
U:ATCAT,0.05391557761486271,0.003930604252993944,0.07882792222576386,0.07935886343973407,0.05428441327808388,0.054979281453485726,0.05990710805518874,0.06417831610582396,0.055299849733618685,0.048509630708984106,0.05065616319839716,0.053415600382496244,0.04672920176676836,0.03919220436227858,0.04188607076180502,0.045899549200856066,0.03740540048267383,0.03858385319429899,0.0351677974591321,0.03228268293793543,0.025589909384818543
U:ATCCA,0.048296890599843496,0.003440397916872791,0.07625990519792407,0.07841948569424081,0.05130825065884744,0.05786884213745402,0.06323316453646821,0.060971046690472125,0.060309950620171075,0.051342429775407226,0.05223828240944783,0.051972045080455845,0.05212854945628221,0.03830939296090089,0.04020723338040457,0.04511733330934799,0.037610519972296926,0.03686037830885329,0.03718238156486387,0.03106072189891976,0.025862797830525548
U:ATCCC,0.04226073944621022,0.002624759452635932,0.07244269386366592,0.07860937776191732,0.04772815451951116,0.05986586045084496,0.06642164464914826,0.05842507762550986,0.06347448780504074,0.052913193946488704,0.05524890746194321,0.051327888152562895,0.0590821012750261,0.0382585649313905,0.03826857036767755,0.042327442354790544,0.038253006355675474,0.035189119421552374,0.03910791530064669,0.030877888096977134,0.02729260676078447
U:ATCCG,0.03047587416879057,0.0018844357161938731,0.0683884103593424,0.07877085694894695,0.04794841988982188,0.06251850140430171,0.06934145830776228,0.05317574348570067,0.060265842617127426,0.05391218962766149,0.055522263055673884,0.05386886926636968,0.06469173952910767,0.03923380720995213,0.03837462004433117,0.040547858169137134,0.04082944051753391,0.035927019631343725,0.04228789268102496,0.03145058229785636,0.0305841750720201
U:ATCCT,0.04616172140508559,0.0034753364196438512,0.07522299212136227,0.07859301531616843,0.05029310742207901,0.057853215808378274,0.0622228514159881,0.060758824946113295,0.06105922660384704,0.050309508662012746,0.054016188887037755,0.0511425190060158,0.054686050054857833,0.03892014236276262,0.039918028329257484,0.045331300730545754,0.03753984853886533,0.03672928199687686,0.03745179977711578,0.031461031085529015,0.026854009110457173
U:ATCGA,0.04042286163061974,0.004635154800311064,0.07232997374438892,0.0774964004404167,0.05227253478290998,0.05804722930156995,0.06536184235853923,0.05776234437198272,0.05596833927485236,0.05214164170715369,0.05216474048522833,0.056430314836345155,0.05472100525882181,0.03902153576075826,0.04136991153167997,0.04322551337034271,0.03903693494614135,0.036811752658284375,0.038713552053096394,0.03253077912178446,0.029535637564772822
U:ATCGC,0.0317206278517252,0.003210831336918596,0.06954481743988389,0.07783532312096782,0.05063769297295148,0.059932204737715836,0.0659562412397984,0.056989771066731615,0.05664184816644632,0.05526009721959899,0.05591618040299413,0.055349563108243786,0.05910713043132499,0.03873872978319433,0.040160243347217114,0.04242671252621848,0.04025964989015577,0.03541855124904321,0.04077656391343678,0.032396592343708064,0.0317206278517252
U:ATCGG,0.028654885617049156,0.001292154257739276,0.06944874151455038,0.07648279250914518,0.048874369847307406,0.059693886836405995,0.06863887018399549,0.05610861375507307,0.059075108741150566,0.05747356543578357,0.055189546290061335,0.05436147560376363,0.06260578375525507,0.03885562451089231,0.03979289133164686,0.04143993302637087,0.04066646040730158,0.03498826141554589,0.042067810799497694,0.03278613937066628,0.03150308479079841
U:ATCGT,0.03551994956071218,0.002611055524335586,0.07157444592168204,0.07752984552968105,0.05402349264655491,0.05847804931536891,0.06594799819076468,0.059094834084897,0.054489507805753915,0.05306404967173344,0.054475801477542184,0.054468948313436315,0.05348894584629724,0.039405693608739155,0.042009895968968876,0.04368206801080059,0.039398840444633286,0.037020792499897204,0.039021916418810566,0.03456050658589071,0.030133362573500185
U:ATCTA,0.05191689478635588,0.004145927307862413,0.07876625518506067,0.07906216557618208,0.05411129836782616,0.055125242216973375,0.060074051840530815,0.06296951910849305,0.05538084940070191,0.049463702188994464,0.051770530506876467,0.05366584186506274,0.04781975557165327,0.039295627208058945,0.040794270156641596,0.04510459212623813,0.03747243737889151,0.039067595903072905,0.03602682496635212,0.031862867276235,0.026103751061936485
U:ATCTC,0.043430080172679617,0.002961798839458414,0.07542293891738851,0.07862476522860426,0.05029889552322485,0.058380112409945895,0.06364407254786533,0.06016630224539568,0.059744940150814344,0.050771066352703724,0.05510820508507835,0.051762712695876435,0.05646427269924032,0.038655811117652004,0.03987346872985171,0.044063437333557595,0.037404865023967705,0.03724981078126314,0.03733653603565722,0.03155134835870266,0.02708455975107224
U:ATCTG,0.04357945225812236,0.0031614692544101215,0.07569066726138857,0.0790857055026593,0.050630975316278776,0.0583613553330204,0.06286923677943025,0.060720402100312605,0.05954652957925184,0.0505804942771831,0.05383991181640573,0.051854575428090514,0.05488720501555494,0.03919136909852166,0.04022359333077663,0.044457219579711445,0.03781632586942288,0.03663567231325971,0.037577482744149286,0.03195901843763444,0.027331338704415432
U:ATCTT,0.051664488764165295,0.003933613247359739,0.07836900987553823,0.0788349381975536,0.05357640153381461,0.05579023050063195,0.06065503095477817,0.06244175895974808,0.05668392922173904,0.0479035903258285,0.05261977571174568,0.05279249052076862,0.049534339452882326,0.03989845975878837,0.04165841027398728,0.045453450011782096,0.03667244167862728,0.037467733124825944,0.03545339645680255,0.032144368158351366,0.02645214327028127
U:ATTAA,0.054438802942203546,0.004383789057086952,0.07983734181775853,0.08104778586434158,0.05704468734930076,0.054569062519053926,0.05971500867473352,0.06301514891163966,0.04991713273728029,0.04714010941804456,0.051058982644989995,0.054677150253036155,0.04652969086908081,0.04050102821921301,0.04166990006041827,0.04513355763847702,0.03715446568630168,0.03931760610612552,0.03376425233774368,0.033117804544119195,0.025966692349051322
U:ATTAC,0.05298408370900818,0.003975335253273026,0.07873881979431548,0.08016450412959185,0.05600805667944663,0.05516949878157673,0.05986651028082855,0.06217152518323917,0.0519280715750618,0.047759745687270906,0.051619558377628307,0.05417464565152687,0.04843793108603441,0.03998167948061056,0.041376104769450944,0.04540308540379213,0.036588034308842096,0.03876801302550874,0.03528874524828517,0.03326234358584754,0.026333707988860908
U:ATTAG,0.05382599813474264,0.004032281022999147,0.07915273132664437,0.0795831753330532,0.05525284030413488,0.05530294489747348,0.05979186096430845,0.06307712805025946,0.052407127150654265,0.047287348704056084,0.05163164469466375,0.053485514648191734,0.04753445544847597,0.04071567579139636,0.041681327953921994,0.04564186830918634,0.037201521813148584,0.038527016055105945,0.03430001036254089,0.033132801085903184,0.026434727949139283
U:ATTAT,0.05962574956679549,0.0051178261606327794,0.0801524005269516,0.08017836546608433,0.05724722448466429,0.053439261174489855,0.058824936180912765,0.0639810264623727,0.050779221489130257,0.046157462323506745,0.04986908204374136,0.055243141156341734,0.044223757645991284,0.04014521233853908,0.041584899884661006,0.04524800616598976,0.03730478465499429,0.03933073319521808,0.03355080108670103,0.03262289615664238,0.025373211835639203
U:ATTCA,0.05238689794205018,0.0036459408499623586,0.07868279547200392,0.07935350738588881,0.054503400754972973,0.056038978031498904,0.060692521562160186,0.06319886608246687,0.055088163316048815,0.048474667579366935,0.05101784753659178,0.05310749117676175,0.048054897079487034,0.03915760425387904,0.04161023042868007,0.04542806998426052,0.03745550010628558,0.03854598252005037,0.03504047677333851,0.03247504207297561,0.02604111909126977
U:ATTCC,0.04978910087475708,0.0038877000248694845,0.07668844630599689,0.07867603908735873,0.052267202458245315,0.05659626210667141,0.06116910168080361,0.061438439179366,0.05823391273661643,0.04940082236405583,0.052547352776093056,0.05207846961253736,0.05183763863754545,0.038923200476550436,0.04081151191720133,0.04562813141703963,0.03760108757302339,0.03718823447303725,0.03657976764234339,0.03188700407250094,0.026770574583386986
U:ATTCG,0.04370312341326834,0.0012621316969143057,0.07613410511961237,0.07712785249017133,0.05306030668349509,0.05770263016639828,0.06390448419433926,0.05831193512352933,0.054576315445880666,0.05332143737940839,0.05273389331360346,0.054866460663562114,0.05253079166122644,0.03963383673528601,0.04238296267281774,0.04286895591243417,0.03879966923445184,0.03741422582002292,0.03781317549433492,0.033526279903091497,0.028325426876151513
U:ATTCT,0.05282353292876147,0.0034546799796717586,0.07882175919005908,0.07926457106414357,0.05460163124171674,0.05553957031678176,0.060064846093290686,0.06305553894751527,0.05578246290594203,0.0475210008669397,0.052038803025320615,0.05228045001145955,0.048052250555538946,0.039538553904716355,0.04188900680597491,0.045787121461241816,0.03700375175630026,0.03798653254013333,0.03550217731408129,0.03250276523870736,0.026488993851703488
U:ATTGA,0.054081263127399144,0.004767509234446295,0.07864398493517781,0.07915821684652713,0.05487071775186499,0.05569276453972623,0.06007188382704425,0.06227728688346491,0.054371876584341276,0.04768142970956761,0.05174911276888535,0.052680705439269934,0.047826283769102626,0.04003947273122329,0.04183385239371333,0.04585626855942638,0.036983052075034405,0.037767980010139784,0.03503929166364887,0.032287969870355614,0.02631907727964076
U:ATTGC,0.04949993781414847,0.0036582868614486665,0.07826497705404893,0.07902125751098303,0.0534685257933093,0.05568837225078863,0.061178315102619216,0.06217328872702421,0.05535545809615817,0.04879767738985252,0.052688376019628114,0.05234289906670971,0.04943586754287997,0.0400313567445267,0.04189944484994366,0.0464057205958284,0.03746603333412898,0.03758286735820684,0.03619090930790288,0.03259669271772272,0.026253735862140876
U:ATTGG,0.05046661322347036,0.004376930128094547,0.07756704922524278,0.0786731204399931,0.0521229013116133,0.056829059568869,0.06114172256216154,0.06161865235200801,0.05763972746224869,0.04920043791851153,0.05184892036851001,0.052420559620169956,0.05050494800563296,0.03945212831328086,0.04118846844652805,0.045502258933413614,0.03777780032764964,0.037094539210280934,0.03591179843120541,0.03198022827235284,0.026682135878762867
U:ATTGT,0.053453664344380473,0.005245297292939816,0.07865310501136338,0.07938095105215998,0.054315607685558105,0.05522870953439557,0.06034378517147402,0.0626505687895897,0.0536652745351552,0.046820886313393914,0.05132283498745841,0.05262040077264849,0.04768050426785975,0.040247793208010495,0.0424894659981955,0.0460713366632871,0.03696667255764634,0.03800612041782549,0.03548540122222325,0.03291584890567301,0.026435771268761996
U:ATTTA,0.054527421898700516,0.004162315202623419,0.07904027907649575,0.08040100594921236,0.05669938135060078,0.0545737334442729,0.06019460215520404,0.0630778861329183,0.05062840604506166,0.04689122042370381,0.05130018363308351,0.05455656174759999,0.047153479063799096,0.0406667405569978,0.04163251840623759,0.04501534265080002,0.0372469711468664,0.0386524485018215,0.034425609348063525,0.03294259918085803,0.026211294085078992
U:ATTTC,0.05591927933251409,0.004737377269285915,0.07884132317752746,0.07937564071940466,0.05569709377719614,0.05446584031113126,0.05917105130699313,0.06257948494648187,0.053857659474724755,0.04694369770374505,0.051438636578890466,0.053182167732819786,0.04702470905903524,0.039580599448288845,0.041842960679113424,0.04582026082082373,0.0369727486140208,0.038237359696969876,0.03524947029891403,0.03275360574990008,0.02630903330221941
U:ATTTG,0.05470725471843087,0.005225457569199502,0.07822272487902121,0.07962399543721524,0.05446247273535666,0.05541183809402908,0.05927732826843169,0.06228577780234371,0.0540737370798542,0.046919786219685455,0.05183304046555954,0.05242829193804768,0.04826942782363306,0.040147282221478495,0.04222094398379944,0.04589388852883598,0.03672762325198027,0.03774380255144218,0.03496191301675269,0.033048604712326506,0.02651480870257653
U:ATTTT,0.059148106560079114,0.005979453395417834,0.07954662518542938,0.07993937489698368,0.056772292731168614,0.05386787642162519,0.058540632211142245,0.06291045564117356,0.051288927291082906,0.04547590963408604,0.050895211801549364,0.053782887959452776,0.04621247630624691,0.04043068547057854,0.0422099704343168,0.045343598050931265,0.03629458031152134,0.03834074192352069,0.03408520222103181,0.032868321967199604,0.026066669585462336
U:CACAA,0.046048965142566727,0.002746183908448853,0.07734617339338602,0.07947634987119048,0.052202029407125705,0.056162703072150856,0.06348644433150488,0.061790014195334815,0.057385079125847775,0.051962811727800075,0.05295122763358511,0.05292669248698761,0.05229315995163071,0.03831250766723331,0.04051541332959464,0.04417728395927166,0.037500219063808904,0.03774644678501954,0.03681411121431451,0.03196666725083682,0.02618951648236098
U:CACAC,0.0317833289593874,0.001042016328041876,0.07424885107629586,0.07693302980182973,0.04882707045307977,0.05675957741579137,0.06937322372021394,0.059702124110207165,0.05797899285317579,0.058652377087033386,0.058684113624943295,0.05312493006772496,0.05683200182281654,0.037988228999464954,0.038809310198210954,0.04308601212091621,0.038011827963551806,0.03728229447031515,0.04095885032357028,0.032184511348863895,0.027737327254565687
U:CACAG,0.03178149816463306,0.0019987686814640117,0.07284999266532886,0.07913628725177518,0.04813186775842822,0.059654381234116476,0.0674161058050382,0.05943972174693176,0.06183892382533401,0.055215064451652626,0.056410700803755355,0.050751393162727185,0.058536905856239316,0.039109939074086976,0.03933139516772609,0.043844341853445906,0.039056132606323,0.03633522448907927,0.0403248324778105,0.031489810470965184,0.027346712453138813
U:CACAT,0.04156102200622793,0.002396059986189105,0.07572474625737775,0.07919049914659092,0.05128727964456489,0.055806439004052064,0.0654714596552488,0.061162069549582414,0.05769436228843924,0.05362796575940379,0.055277455668330054,0.052630584617789994,0.05274198381780042,0.03866855154981694,0.040415108597933576,0.04434665346379852,0.03764055191463304,0.03792654167372412,0.038114812836314835,0.032070591914111865,0.026245260648069733
U:CACCA,0.0372153853375396,0.0028851959100628186,0.07225129449392935,0.07911344768366922,0.04778094848084117,0.059774946625898946,0.06715344062647194,0.05770958338256646,0.06268037532635491,0.05386535320786845,0.05528407647023595,0.050516421741994694,0.06081086549402809,0.03866890899938331,0.03877169157458049,0.042756741970414805,0.038682667296850645,0.03588892359936485,0.039374628728296286,0.03129769880335184,0.027517404246296187
U:CACCC,0.03289435723555213,0.0016397346630256094,0.0687566027383464,0.07769069127982182,0.04529570301394351,0.06283236624307728,0.06982772819640727,0.057251183640840406,0.06615065206467038,0.05674027463195143,0.05607095235747265,0.05116748478550739,0.06484452944441006,0.03804750929235431,0.03654100962753999,0.04104687039381957,0.03952043793399727,0.033898340647270306,0.04136159873605098,0.030283161089505593,0.028138811984435633
U:CACCG,0.02341355885064457,0.0006952992619527093,0.06686718754023722,0.07764175091805255,0.04527170750047641,0.06447226786017789,0.07118834369415072,0.054017027106370484,0.06277264744207127,0.058363935084800755,0.05560848986150669,0.05277063879975896,0.0662285422922214,0.03835476743527279,0.03854018057179351,0.04010074113750959,0.0429849454833875,0.03281297479926453,0.043829605327537456,0.032148577726731936,0.03191681130608104
U:CACCT,0.03578216322039469,0.0021577901942011176,0.0718974620957716,0.07936220151759814,0.046855127966961514,0.06073250546592549,0.06714871604338445,0.05808528272767544,0.0640915488932394,0.053938502979465265,0.05594356878492119,0.05025793452321411,0.06114870175338316,0.03879020849111876,0.03854817159433544,0.04283070635476357,0.03877502536475228,0.03536418068277626,0.039786936080824245,0.03093874590948713,0.02756451935580674
U:CACGA,0.03139190639632945,0.0006664071806848071,0.07145300355024002,0.0785593810079851,0.04992746187325289,0.058590755222155386,0.06810327542078011,0.05784768172864843,0.0581956288406874,0.05666819999292311,0.054067442765648774,0.05468077326822594,0.05852588372669049,0.039795713763372376,0.0403559675878419,0.04408902728141255,0.04003161011051744,0.035425733932510056,0.04033827536180602,0.03257138813205478,0.028714482856232973
U:CACGC,0.0240714538379908,0.0006941987973116378,0.06581181464449946,0.07641050583657588,0.045918818535550056,0.06318093385214008,0.07430137955429784,0.05342677750265299,0.06142111779271312,0.058825610187477895,0.05611071807569862,0.055420940926777504,0.06600636717368234,0.03906968517863459,0.03771223912274496,0.04001149628581535,0.04112575168022639,0.03437831623629289,0.0443800848956491,0.03145560665015918,0.030266183233109305
U:CACGG,0.021588654876967883,0.001160680369729456,0.06659350863124129,0.07673152407884185,0.0473388764614021,0.06358840163761449,0.07227451145908075,0.05466171443042249,0.06146963238087199,0.06044401299962014,0.05551850757607732,0.053285780610306845,0.06528088464947453,0.03877516566074368,0.037183978390241845,0.04042966276959439,0.04214746971679399,0.034596716329717635,0.044186046511627906,0.03208964673110201,0.030654623728527414
U:CACGT,0.02700285866145691,0.0010773849711979084,0.0698181374168618,0.0765338370706621,0.049681812305172886,0.06055621794779711,0.07066927154410814,0.056964934710470747,0.05689670032896155,0.056059931334664505,0.05702957780874262,0.05501845919583986,0.05910174823667993,0.0400248516800023,0.04060663956444917,0.04241305503282433,0.04026905894014049,0.03639765561030267,0.0414685475414075,0.032544208696651485,0.029865111401606022
U:CACTA,0.048254276019666226,0.0028003600858666298,0.07679523578699536,0.08023682570459109,0.052316321584377816,0.05670521432033793,0.061789349768021605,0.061569143411121116,0.057134547469011844,0.049623987258500105,0.053184682501211826,0.051748493871615536,0.052470050550515894,0.03935600027698913,0.04071601689633682,0.04496503012256769,0.03788518800637075,0.0373575237171941,0.036138771553216535,0.03229139256284191,0.026661588532650094
U:CACTC,0.037750991776257306,0.0014527426867612474,0.07278037679878498,0.07891542091441517,0.04915146620341446,0.059500480014629015,0.0661495715424978,0.05913069096708979,0.06203516043663553,0.053235400189974046,0.05579649411537622,0.05097298203373817,0.05857397558782744,0.039125509856808335,0.039137700704529405,0.0429971199122259,0.03844891780828876,0.03658371810696453,0.0391773209596229,0.031399560113578064,0.027684399270580945
U:CACTG,0.03449864017346403,0.002127876709060739,0.07268378864107472,0.07982950478987631,0.048666150657116956,0.059890683730324926,0.06720604685437398,0.059094138166858406,0.06206163486669459,0.05252031787601987,0.05556667391200623,0.050412984355368,0.05930487151892359,0.039328940183536824,0.03949659910829308,0.0432672682065664,0.03899759843500665,0.03582732058507001,0.03957545844444327,0.031668318957519336,0.027975183828402084
U:CACTT,0.04537425213799976,0.002991837259000619,0.07569901011681633,0.07946235680170027,0.05179700971977314,0.0572536288580337,0.06295392352636639,0.06146306525132445,0.05791926009832658,0.04956033304917497,0.0531111448468075,0.05147003297015559,0.05375731318533743,0.03972066843389815,0.040939824600329314,0.044491414914032364,0.03793008147170678,0.03713988766013102,0.037190491204714696,0.032437650594202394,0.027336813300168548
U:CATAA,0.05286327056005396,0.0039165304287710695,0.07851357779999782,0.08040458946156608,0.0551578035385259,0.05479878824922189,0.06065182538999643,0.06322921889943517,0.0531530542508696,0.048424536074113414,0.05163292615263194,0.05379295202546932,0.047923101496490456,0.03918805181292831,0.04174467584282054,0.04536351039809158,0.03709626851574376,0.038810245089748875,0.03474437221281002,0.03279401918110887,0.025796682619605004
U:CATAC,0.04563080946436073,0.0029204854064480246,0.07633732316449031,0.07908504079567844,0.050981877133711606,0.056280877802299234,0.06444593019471875,0.061198842692573946,0.05680628117363753,0.052787655387455404,0.05458160023193482,0.05380177856141244,0.05161733121120861,0.0383366959937993,0.0416121836781786,0.04339666179524652,0.036622034991391196,0.03792726003325188,0.03786809298693,0.03173720364705673,0.026024033654215947
U:CATAG,0.047150255829069516,0.00273016283061949,0.07651643305944901,0.07899347510874818,0.051381435309411506,0.056753220779653675,0.06177084548590857,0.061990633489441845,0.05769174680421993,0.05040436826052899,0.05335223579607007,0.052486625222912954,0.05196267562207296,0.040162872285461906,0.04063473942100965,0.045845069248845856,0.03756187396876719,0.03752854119098015,0.036467100548324194,0.0321848802519958,0.02643080948650856
U:CATAT,0.058120452543440844,0.004442831750768816,0.07894823462289614,0.07886672915419267,0.05439549588240642,0.053705050517716464,0.06051937792518425,0.0633070216961288,0.05362903099402189,0.048959708085029016,0.051031044179098865,0.05457182982912065,0.045582717078844,0.039327172355852875,0.04115791057596153,0.044635999711596035,0.03739611971272457,0.0393773295673627,0.03496898089950689,0.03216958153211472,0.024887381386031842
U:CATCA,0.042436528269857256,0.002668099857202739,0.0751094460127213,0.07934640250043049,0.05075825171626306,0.05764417566324197,0.06395264905442472,0.06221942773258474,0.05983918349882857,0.05139309946585824,0.053599412809314344,0.05169747852388332,0.05348548807616781,0.038622223845577196,0.04086419302154482,0.04507940814796649,0.03819783247324508,0.03707076030410077,0.037424709665861366,0.03192414526012234,0.026667084100803387
U:CATCC,0.03977241929548119,0.0023640549533417714,0.07306603473049679,0.07789589599679721,0.04827103519170622,0.059490311273575174,0.06637231678336375,0.059592062633192056,0.06372297764418025,0.053775118083879254,0.05446360391904396,0.05111341662997595,0.05729457398988002,0.03820145437877942,0.03909819766960858,0.043774005475554476,0.03877867938146585,0.03565101375735439,0.03972487193117424,0.030685167029136075,0.026892789252013393
U:CATCG,0.028867518814956396,0.001373790467088759,0.06972285270576992,0.07656791303309043,0.049755106916736354,0.060267590490980766,0.06891649743160913,0.05590729900848166,0.06081710667781627,0.05562059491100227,0.05526221478915303,0.0541572094134512,0.06027953649504241,0.03835264603989965,0.03983395054354318,0.04302353362800143,0.04026400668976227,0.0359395532194481,0.0413690120654641,0.03240950901923307,0.031292557639469594
U:CATCT,0.0423231788733841,0.0026672196559072124,0.07547588061152982,0.0787522118486179,0.05004530958079862,0.057716085096203226,0.06366938697502318,0.061066523825558765,0.06025654193638977,0.051023008426151886,0.05462697278694876,0.05181933893516635,0.055392100141324285,0.03908130111954319,0.04011815594556609,0.04441964082568748,0.0377480163244504,0.03695233588115759,0.03791183288630481,0.03174010892501232,0.027194849399274267
U:CATGA,0.04445400073053778,0.0031406216133831755,0.07670646629552584,0.07932897601228271,0.05187249957039888,0.05588182213045885,0.06315093204012603,0.06216651943653604,0.05807775305232671,0.05096839431078597,0.053448423255970594,0.052386293867886645,0.05158322042811586,0.03900173653837353,0.040880755683471624,0.04592371147730109,0.037747042228710136,0.03743962917004519,0.03711494571482603,0.03246489144260486,0.026261365000332455
U:CATGC,0.037498041273898816,0.0017991961199287873,0.07455053135755295,0.07836414747744397,0.048715170074063445,0.059012877562155334,0.06731976415993778,0.05950090714977505,0.0599181394084364,0.053789922613799626,0.05607054057064535,0.05124027480691209,0.056900285266037486,0.03909145315765527,0.03997877968060021,0.04388490431033018,0.03796624760941019,0.03691183939012349,0.03894891453535241,0.03168982840615389,0.02684823506978729
U:CATGG,0.0377899339803169,0.002724264060078378,0.07310121515390343,0.07873939246968334,0.04819654496473613,0.058738397588657114,0.06600025182925977,0.05981877620306765,0.06287725810789174,0.05331007798934544,0.05528118602254338,0.05033631642191039,0.05678438907309733,0.038785592257338415,0.04013179064594205,0.044678707836087135,0.038628587595388106,0.03646860761736876,0.03889984812519334,0.0316449891418063,0.02706387291638491
U:CATGT,0.04205333312379351,0.0029204613019233137,0.07591103986757083,0.07939267501159017,0.05035438422793742,0.05704525274431689,0.06513676402410756,0.060509862777607525,0.05807330750754998,0.05142893063969889,0.05517969349562193,0.051377855307512786,0.0536225506758969,0.03979685114028953,0.040657928855991135,0.04485527346256702,0.03763466207774451,0.037362915118036404,0.037877597311604054,0.03223835678869742,0.02657030453994222
U:CATTA,0.05235420320303389,0.0035312306190336297,0.07885524822968627,0.08070691873916273,0.05516830715573716,0.05527810172120291,0.060213911466014625,0.06322782174506097,0.05251246563974128,0.04798022510853341,0.05177159960790481,0.05354117147833931,0.04775470113622538,0.04002852680421651,0.041455856155271274,0.04553210304071598,0.037410272616938633,0.038806938620881345,0.034978965933021355,0.03297595696844346,0.025915474010835042
U:CATTC,0.04781374901492368,0.0024048230749930204,0.07719111010591116,0.07875132963215571,0.05205178585942828,0.05678810345863386,0.062689726581688,0.0622002805921413,0.05839249681064978,0.04953917864955314,0.052630462977033145,0.051505797372894235,0.051363557653910444,0.03900018729702127,0.04136348697578921,0.045251667120184615,0.037912627706530304,0.03770147681934319,0.036450474073498176,0.03220801984641644,0.026789658377301014
U:CATTG,0.047694316014785555,0.0037176906860898894,0.07739323675120018,0.07904204066538398,0.052213828139245966,0.05618544314907062,0.0621219893351784,0.06178455969692683,0.05679128272684048,0.04936186601998333,0.05281540724178538,0.05198035409661735,0.05038011960006067,0.039965813946750875,0.041831902097687584,0.045325491786655854,0.03822754005272764,0.03749388621804431,0.036754267718038344,0.032231347213393574,0.026687616843533195
U:CATTT,0.05464657349063517,0.004505817854155419,0.07885999988173706,0.07923207327207617,0.05533522766297429,0.05493859197058346,0.05981648321507798,0.06306780423481378,0.05386148953987076,0.04711367933732728,0.05153216456196546,0.052998170108497146,0.047069103307677856,0.03994239685311425,0.04230811042665174,0.045427067929775466,0.036745203869381314,0.03817209167560841,0.03517276168062548,0.032830245836803516,0.026424943290647995
U:CCCAA,0.042416903363102804,0.001706727075398486,0.07385798600406483,0.07955899564040439,0.048343092732493244,0.05957405272298351,0.064090211060094,0.05919134382045927,0.06314890178974399,0.052325778053963885,0.05440458322903871,0.05147434738950972,0.058794138368596996,0.03847384194315613,0.038611075943556235,0.04320841495695975,0.038174246590169984,0.03525270868024381,0.03811239464632769,0.03147297504950572,0.027807280940226862
U:CCCAC,0.03574000790592814,0.0018661465550569704,0.07086578600998232,0.07813228963498069,0.04607331662373429,0.061594999283253765,0.06862084993071453,0.057701981260343954,0.06532207969349325,0.05578023257329273,0.055199016537290355,0.05108532755302836,0.06219098463556712,0.03809962338243407,0.03751493221318205,0.04161385188113307,0.039202978189194944,0.034725268997033105,0.040990934246135,0.03013809310750759,0.027541299786713696
U:CCCAG,0.030845634945281166,0.0016636647537637476,0.06889646385312957,0.07996143240389607,0.04387456003936355,0.06421299732812667,0.06945121976957128,0.0562221001491208,0.06759761141398238,0.05559920573424659,0.05737924863135083,0.04920323181501061,0.06695481814558363,0.03854588826371649,0.036175512712050925,0.0413902183266029,0.03933279747127781,0.03365680025229334,0.04075586699606304,0.02980968857088243,0.028471038424686155
U:CCCAT,0.042000109547436874,0.0028425671119707016,0.07313991285312522,0.07833208361113682,0.04772774062188947,0.05977040368230488,0.06471609270735158,0.05976001556329103,0.06351768152293602,0.053362822999673244,0.05480488279368629,0.05123703609965795,0.05687684034972075,0.03819616923945748,0.038954501927468264,0.044023904006225315,0.0386031946299091,0.035277107796566634,0.03830288355296335,0.03142783751470863,0.02712621186852041
U:CCCCA,0.035401429152807494,0.0018976554406402919,0.06991617425387811,0.07853974504423189,0.044582019411560085,0.06252714048940412,0.06919015432091748,0.05661515562820807,0.06749484472798124,0.05546246636095013,0.05546398206018387,0.05104117169613565,0.06387156570972996,0.03780305458866575,0.03676328491432131,0.041351306494847,0.039305112529300364,0.03364700728975546,0.040722291312845625,0.03015635195445627,0.02824808661917981
U:CCCCC,0.036439601590187214,0.0013339111738981163,0.0681167087852403,0.07606295460386965,0.044428059787737395,0.062026869586262405,0.0713370442704669,0.05504775627135243,0.06555394835831369,0.05532635797222988,0.05466784486106499,0.05277485417968215,0.06533819619938501,0.03778945966278876,0.037106557177136276,0.04083250315654789,0.04066271558799968,0.03286186796343095,0.041855918832161706,0.030866629519773217,0.02957024046047139
U:CCCCG,0.02667081449745617,0.0011892198402822624,0.0636153858270197,0.07647234866980641,0.042811914250161454,0.06712397813725644,0.07263297998015342,0.05156567486257029,0.06627734811851245,0.05872462078850788,0.054987635263912295,0.053455825602091764,0.07084915021973003,0.03824404996298455,0.03606250098445351,0.038338557499960624,0.04289460834501552,0.031687589585269425,0.0456038244049963,0.03026603871658765,0.03052593444327185
U:CCCCT,0.03835210499141937,0.0018230071256737153,0.0708231803759963,0.0776480363670528,0.04581048828146885,0.06134871497391333,0.067459021127058,0.05751307350381969,0.065813574033483,0.053676570091822674,0.05499275537830199,0.05125882305280859,0.062303746602871475,0.038170235249803695,0.03729622615976438,0.04179556289546972,0.03998462295644349,0.033819152521481745,0.04095603148156608,0.03065065408461339,0.028504418745167737
U:CCCGA,0.02691965486560864,0.0017587783732334623,0.06584555856731983,0.07724658072792732,0.04418154731113824,0.06475408140040141,0.07055805003207184,0.05314097125949223,0.06285563533282294,0.05860870284922096,0.0559446709015291,0.05260816486995386,0.06856649216826337,0.038863829170891186,0.03712574230793106,0.039572513397752904,0.041419230689648034,0.033975459868815824,0.04438328953630326,0.0309338078586356,0.03073723851103892
U:CCCGC,0.02429842398291325,0.0012292625961001645,0.06155020257223198,0.07777646884075415,0.04307028821085951,0.06887968080147922,0.07455477645347497,0.05073269172655054,0.06661066692617766,0.059552650853569214,0.05543462115663367,0.05224878226174074,0.07214747053611215,0.03845030962051639,0.03590983358857605,0.03842982191058139,0.042629802447256955,0.03073156490250411,0.04473491464307848,0.029953031924974005,0.031074734043915406
U:CCCGG,0.027588856716193252,0.001212087603037349,0.06344842884134724,0.07701113456945143,0.04401937755736621,0.06836807852426353,0.0716042732029613,0.051161187845850976,0.06561909552913961,0.059590346078738164,0.054646929972232895,0.05233366474290671,0.07113290580178011,0.037404389658436885,0.03624379597317563,0.038818491861980456,0.04202299797589292,0.032258958951425394,0.04492250165374698,0.02960108058005918,0.030991416360013783
U:CCCGT,0.025317789170587822,0.001178854855377083,0.06727498921473217,0.07494005397650316,0.045704453563151504,0.06454104923098532,0.07201549065444002,0.05413201167818767,0.06050284430086383,0.06014667964243075,0.05489450503145285,0.05386614228527284,0.06481695143117996,0.040010835431862186,0.03783371625214451,0.04147060889107381,0.04162611740391079,0.0337553800929038,0.04462091037693257,0.031613375738665433,0.029737240777341908
U:CCCTA,0.044287212497147004,0.002773548437423258,0.07301944084107856,0.07962250850121487,0.04768914300242397,0.05907513716063757,0.06333657877022018,0.05908235994302669,0.06373672091457759,0.052002588645208264,0.05422431650810252,0.05060859164410751,0.05987831056230805,0.0387704513083348,0.03900591401422021,0.04357360159710164,0.0381131781109246,0.03522262059879755,0.03767547749814375,0.030991514675249257,0.02731078476975214
U:CCCTC,0.03428685629513477,0.0022883013762860648,0.07052995276583152,0.07853247397124442,0.04586595335001326,0.06181027160607703,0.06872052668596004,0.0572951616684538,0.06499483076024336,0.054595627092196945,0.056059924748167705,0.050849177341435015,0.06306318771066093,0.03814937373411276,0.03733613125641351,0.04166983738993747,0.03997263569734774,0.03407470608356105,0.041028774794095155,0.03056423501016553,0.028312060662661946
U:CCCTG,0.03322628214167894,0.0025893924244000145,0.06889966136260235,0.07883608788619946,0.04445549059032149,0.06351413350110997,0.06826220374013424,0.0562640899510772,0.06636514516996636,0.05481433647935792,0.05648487106956966,0.049518142018411614,0.06528102054476784,0.03872602913672668,0.03680536102498591,0.04203519353124085,0.040096020643672674,0.03378014922506466,0.041571936039837595,0.030040270220774736,0.028434183298099814
U:CCCTT,0.040729597060724786,0.0028232015262589197,0.07370600642022765,0.07846062380957623,0.0478859017651694,0.05952158137033012,0.06439258701201472,0.05997219264457702,0.06184462797438829,0.051375976521029314,0.05453261466208873,0.05099456907249573,0.058577892837875886,0.038773016170103,0.0394910058618786,0.04361571115581399,0.03887053065178994,0.03601194080556399,0.03866527839598115,0.03150897369153653,0.028246170590576013
U:CCTAA,0.04659530782779667,0.0026253942571580714,0.0764782083316266,0.07947737885552779,0.05206754597960103,0.05795196206938926,0.06196749682546184,0.06116234178511449,0.0567269487568099,0.049713523532544136,0.05340776430590259,0.05258212837422685,0.053606172940646374,0.03960492360627534,0.040899059927088026,0.04488003317904395,0.03755555441772826,0.03720353909802154,0.035951644615573666,0.03269518289435956,0.026847888420104042
U:CCTAC,0.04242428079416532,0.0032699807536466776,0.07337672204213938,0.0784383863452188,0.04804782465559157,0.05875519145056726,0.06315367959886548,0.05971276083873582,0.06214862743111831,0.051415936487034034,0.055524779679902755,0.04995821515397083,0.06050572325769854,0.03841356867909238,0.03919386902350081,0.0429814120745543,0.039045089647487846,0.03628475739465154,0.03836450314019449,0.03135604487439222,0.027628646677471638
U:CCTAG,0.0415111570396895,0.0018456879874070246,0.0729491354345658,0.07925884091755686,0.04644861272995999,0.06159743334014251,0.06447290948198171,0.059028370243087686,0.06400307614664567,0.051495415820526066,0.05537784934091155,0.04930486295526369,0.06114682592134197,0.03929657177875776,0.03856718857019262,0.04346378918782519,0.03836531644656998,0.035332428113096455,0.03785222479902909,0.03104504872568222,0.027637255019766646
U:CCTAT,0.052934508662613775,0.0035955975260122184,0.07657877879694422,0.07983039072159782,0.05131073411131862,0.056282274042765264,0.06026790248685338,0.06181719196698822,0.05911947811696323,0.04865093993388434,0.05222351480153791,0.052188303676989393,0.051493561104166696,0.03901528027378003,0.04041559961159421,0.04527879762135311,0.037204615907573506,0.03752016175448908,0.036111716772548326,0.03182002239969231,0.02634062971033433
U:CCTCA,0.037217502020028895,0.002311555789525232,0.07181355745451874,0.07906806273107907,0.04704524864719277,0.060770732841997015,0.06640768467961118,0.059200619475527044,0.06498065669302906,0.052859718175362995,0.056311366029235324,0.05002096545138464,0.06004076785583115,0.038603976396268454,0.038428754193090275,0.04317505692808697,0.038517513038368305,0.035430847677578904,0.03960786954286134,0.030643991332239662,0.027543553047182978
U:CCTCC,0.03472300109383725,0.0016847746779692495,0.0702709026026573,0.07861035635939126,0.04577594305775147,0.06142372505249092,0.0686548696259366,0.056529798321496495,0.06471428175173151,0.05467799336944082,0.05601664755164974,0.05130844401350232,0.0632073913006774,0.038509824636302134,0.03741236940584256,0.04189444892672496,0.039742351279741336,0.03441426643559807,0.04145003985812678,0.030855375902536328,0.0281231947765955
U:CCTCG,0.02713710824763221,0.0012072679972358847,0.06593227917564326,0.07816755416446486,0.04544124222592578,0.06579407341164993,0.07070850778423642,0.05363196618023658,0.06228202105605463,0.05762773870980854,0.05692858013901874,0.05221332466159912,0.0671192227958213,0.039238242347872036,0.0377139140685338,0.03948619974797772,0.04138043168976871,0.033405146132271045,0.044132352343400676,0.03071826348522418,0.02973456363562457
U:CCTCT,0.0379427382652802,0.0031026954903599644,0.07228702014724693,0.07893086487298898,0.046952935693811156,0.06045687853371552,0.06582320636736477,0.058345704829262546,0.06331034199392112,0.0518970287865698,0.056352389221498614,0.05038325506762784,0.06142515308036733,0.03865096811235661,0.038242249208242284,0.043022530359272566,0.03908725932349452,0.035301203125726474,0.03928675307431223,0.031061014812275838,0.02813780963430471
U:CCTGA,0.03671880571915481,0.0027537227433624997,0.0720577470974426,0.07917553481004343,0.047641355390142005,0.06144150028340522,0.06533785280195793,0.0581690146131988,0.06373651948363945,0.05297387792179518,0.05578315559509465,0.050056493357807534,0.0607087758020743,0.038931243266780026,0.038700014639474783,0.043717976148917245,0.03871202651621791,0.03517377807306975,0.03929535328055615,0.030848751703246587,0.028066500752619152
U:CCTGC,0.03000563425566781,0.0018745464348356245,0.06865450486419017,0.07959997543070207,0.04447042925748397,0.06356926684153334,0.06869317875908362,0.05639867174128833,0.0661983333826236,0.05496773763023055,0.05696133899640485,0.04910143859305887,0.06559850885594277,0.039169072410422535,0.03708219870950521,0.04216364517383916,0.040129853289442255,0.03446147359672531,0.042191702705428526,0.030377206971310796,0.02833128210028065
U:CCTGG,0.03184245657018297,0.0022012194663257978,0.06818398815368956,0.08005286630137842,0.043441100887489564,0.0644770975382103,0.06827194434687608,0.055072150118075404,0.06766666685955305,0.05443678235413594,0.057197565233694396,0.04878096766857643,0.06770717300115212,0.03892987403168622,0.03631086264772445,0.04167156115877655,0.040029326446517716,0.03379890320941733,0.04130874186188216,0.029778379326128254,0.028840372818527277
U:CCTGT,0.03542535699813395,0.0027521264856409833,0.07204307106309472,0.07852919100589688,0.04720460960704524,0.060820293766027024,0.06683123546972378,0.05826605317836893,0.062384474653904495,0.052950863166943224,0.05545657759490488,0.05049808636774132,0.05990207799099178,0.0398733782336856,0.03941962713003057,0.043603590431649644,0.03939756978471401,0.035350362024057634,0.03990993040592448,0.03147898281606758,0.027902541825453295
U:CCTTA,0.045658095298224094,0.003687777908056966,0.07625503954975513,0.07898564122915408,0.05094116692071109,0.057843207994732714,0.06171475471936359,0.06082296862175642,0.0581385910005141,0.049333471629702454,0.05326026174091077,0.051845354594896864,0.05370671849774066,0.039484364994182536,0.041478763991233215,0.04464567568298865,0.0380299982863276,0.03732536325345215,0.03697586427714592,0.03252933536568867,0.02733758444346234
U:CCTTC,0.03860397802693095,0.002691922409065389,0.07306032433333724,0.0786317504855621,0.0485757496414461,0.05939815050015176,0.06439185219632992,0.06023054267019424,0.06251278223500555,0.05145329941237542,0.055650431762730455,0.05082151505796133,0.058204273467532146,0.0387655063979564,0.03937449440968545,0.043788517677586763,0.038801980546252474,0.0360559982388197,0.03880458584255934,0.031947445962897975,0.028234898725619312
U:CCTTG,0.03862585729622809,0.003125545275070081,0.07279122165236347,0.07907507632898536,0.04719024756726361,0.06044143183804464,0.06546120079761598,0.05887561137479037,0.06218478814944404,0.05209572306236385,0.0551770748645051,0.049658986399839684,0.058992190708550905,0.03945867567400761,0.039423625678236464,0.04457826092588374,0.03887806487449435,0.035681657651452175,0.03908760289269139,0.03126383427142869,0.02793332271674041
U:CCTTT,0.046113507950244936,0.003377161503784187,0.07600754214895583,0.07923216941683218,0.050599084901626123,0.05799298128431686,0.062463037208184614,0.06068025987552136,0.05791430573105913,0.0487338855607881,0.054247061575127396,0.05116747563332482,0.0548266916715772,0.04005602555724503,0.0409134285254007,0.044803319144973354,0.037438323985928314,0.03676396210086206,0.03695984817223845,0.031980809587499257,0.0277291184645101
U:CGCAA,0.03532567216903988,0.0013519701694323905,0.06828539654157308,0.07924289670511786,0.04846376938005626,0.05925772476504067,0.06540700843891058,0.05675003816044833,0.058865217296495784,0.05773130683181055,0.052715933622625874,0.054907433655334834,0.06011906059879195,0.03806232146361674,0.04051549314202228,0.0425107394404588,0.040003052835866464,0.03560914978521119,0.04163850062147016,0.03208748555354456,0.031149828823131772
U:CGCAC,0.02473791100678869,0.00045553186508664594,0.0669188963475202,0.07773777814332804,0.046875494283707776,0.0631481047976363,0.07410617688555395,0.0530947696084324,0.060275723315006614,0.05985182560721765,0.05639104879885105,0.053853989383576814,0.06422999297721708,0.03799262291451818,0.03789772044262513,0.039460447813130704,0.04163687783521135,0.034095294735443545,0.04450293248638149,0.03257685518515472,0.030160005567611683
U:CGCAG,0.023409419214887088,0.0009289838084445115,0.06523314575318213,0.07641499798152733,0.04666319716343792,0.06575357123749398,0.07104051050335358,0.0537789213087485,0.062154366953468126,0.05843843171969008,0.055486111448874276,0.05434312089921742,0.06571466092090991,0.03967879533659856,0.03809806372537099,0.04092878925686159,0.04223714865200072,0.03295217435712861,0.04423130237693396,0.03149790127479925,0.031016386107071463
U:CGCAT,0.030503096371359846,0.001221001221001221,0.0702697169763038,0.07687189723117867,0.0483136291519525,0.06019462905690451,0.06930461421479385,0.05654624816301463,0.058125507227303634,0.05633421801086472,0.055025480175180774,0.055983271552133826,0.06000453305842528,0.038896565842673626,0.039832423065956,0.041616400897838024,0.04055625013708846,0.03635951540143157,0.04225980273884466,0.032235894511343614,0.02954530499440679
U:CGCCA,0.03250215575522866,0.001673580390536107,0.06684116803665549,0.07691326465530877,0.045895901258756956,0.0628102884374984,0.0709128666697281,0.05377907718369075,0.06309602167490701,0.05701908800073474,0.05485567920321246,0.05292187747146494,0.06550944705516182,0.03905361069866879,0.0384974513615699,0.039482210554781696,0.041706847903177253,0.033272615020384005,0.042778347543459515,0.03074183491762209,0.029736666207452536
U:CGCCC,0.025049610905048363,0.0008155928892767717,0.06077985225820528,0.07773067772132697,0.042566676017413166,0.06756433833078786,0.07618780454861869,0.050317405895126184,0.06645783332813847,0.06127336387910524,0.05504472773743104,0.05258755935126599,0.07258257228646531,0.03796922565429251,0.035304262901432744,0.038353645232677744,0.04169393967729535,0.030706812538312086,0.04676412222464649,0.02977693274735322,0.030473043875780526
U:CGCCG,0.02583965182164071,0.0003832151753209427,0.059001450743163715,0.08155640106205349,0.044220293980784496,0.07012837708373251,0.07222237429173624,0.048148249527824157,0.0642980319163496,0.06292940629020338,0.05276051788793693,0.05111816713656146,0.07281088331097911,0.03878685024498399,0.03598116771138423,0.03748665590014508,0.043686529986587466,0.02902854953056141,0.046150056113650674,0.03049297895053787,0.03297019133386254
U:CGCCT,0.02654839616453759,0.0014545843948973536,0.06409987551256252,0.0794711737960637,0.044106032955706566,0.06610773740735948,0.07116308746692605,0.05202593265185013,0.06327442117803489,0.05610858517127062,0.05553746001008393,0.05198131349863242,0.06918645897938148,0.04021078087980046,0.03693127311829876,0.038818663299407904,0.04233911448828524,0.03298693997385318,0.04468162003221503,0.031505584087025196,0.031460964933807484
U:CGCGA,0.028750211398613224,0.0009808895653644512,0.06186369017419246,0.076069676982919,0.049923896499238965,0.06555048198883816,0.07157111449348892,0.05110772873329951,0.06595636732623034,0.057669541687806525,0.053712159648232706,0.05032978183663115,0.06862844579739556,0.0386944021647218,0.037645865043125316,0.03876204972095383,0.04028411973617453,0.033214950109927276,0.04481650600372061,0.03121934720108236,0.033248773888043294
U:CGCGC,0.024537236332328884,0.00023179575482631874,0.062308906475931874,0.0765919401304679,0.04422883759947901,0.06980363588198285,0.07313707959424705,0.051491771250703665,0.06316986213671534,0.06069737408523461,0.05613872424031701,0.05239687848383501,0.06939523383776505,0.039703301433822315,0.038533284766603754,0.03539852312990496,0.04316919986313013,0.03039835756150866,0.045476119518306345,0.0317449805181187,0.031446957404770576
U:CGCGG,0.021966129456842846,0.00027786715025300535,0.057123636257275734,0.07904589195355231,0.04514609962268566,0.06929129252098629,0.07315218345081752,0.05042557547749276,0.06497703939863698,0.06072128462370938,0.054959197402673375,0.053555237064552924,0.07091462166193806,0.03812629793208342,0.03860890929831232,0.03667846383339671,0.04363976717657726,0.030638509462107697,0.04714966802187838,0.03147211091286671,0.03213021732136067
U:CGCGT,0.021448058761804827,0.0006505771248688353,0.06526757607555089,0.07280167890870934,0.0468205666316894,0.06575026232948583,0.07221406086044072,0.052151101783840505,0.05987408184679958,0.06029380902413431,0.05502623294858342,0.055362014690451204,0.06606505771248689,0.03882476390346275,0.04098635886673662,0.040104931794333686,0.04218258132214061,0.03303252885624344,0.04520461699895068,0.032948583420776494,0.03299055613850997
U:CGCTA,0.030977349894700648,0.0030945115399492844,0.0696587441440667,0.0781901405423991,0.0498345295912666,0.06039669918769072,0.06816521253277173,0.0557871663729746,0.059193278033265996,0.05422916577126402,0.054530021059870204,0.05537886276700907,0.06018180255297202,0.03937980831220183,0.038584690763742636,0.04195856792882623,0.04061546396183436,0.03579103451239954,0.04120642970731078,0.03236343318863626,0.03048308763484764
U:CGCTC,0.022603726246341122,0.0008188914184825536,0.06581912372810482,0.07733006551131348,0.04647353993402407,0.06554035218138736,0.07002392789109325,0.05320471123913952,0.06095804488221902,0.05783928820331738,0.05693328067648562,0.05283301584351624,0.06960577057101705,0.039829484737257816,0.03739604144403661,0.03882474562096362,0.04231519769548855,0.03309250569158575,0.043964596013566885,0.03319123728104818,0.031402453189611115
U:CGCTG,0.023074664840003915,0.0006419414815539681,0.06569723064879146,0.07807026127801155,0.046251100890498095,0.06637831490361092,0.07104804775418339,0.05275271552989529,0.06206478128975438,0.058545845973187204,0.05560622370094921,0.05268225853801742,0.06831196790292592,0.03991780017614248,0.03745571973774342,0.03989040023485664,0.04187493883941677,0.03298952930815148,0.043722477737547706,0.03163910363049222,0.03138467560426656
U:CGCTT,0.028522258192627537,0.001805206214723262,0.06827289904083376,0.0776419192952475,0.04857809923820298,0.06140709807083629,0.06928381452107879,0.055455934916298605,0.057213002298629245,0.05475792184660561,0.054763939200654685,0.05331977422887608,0.06295957541549829,0.04000938707231656,0.04031627212881952,0.042452432816242044,0.04136329173335901,0.03565282274078442,0.041658142081763806,0.033251898475202483,0.031314310471399515
U:CGTAA,0.034062347273615866,0.0015447182852754311,0.07211303497870558,0.07725336870767298,0.055444041052852056,0.05853347762340292,0.06584688961809677,0.05829784263073379,0.05178733505550513,0.05339314389443552,0.053035327794456466,0.05556622216016198,0.054117503316344344,0.0408608531732179,0.04339174753892341,0.043470292536479785,0.03945577043915381,0.03879250157089995,0.039071772673322624,0.03488270613698247,0.029079103539761224
U:CGTAC,0.031779015008639284,0.0010841455013608284,0.0699160916554676,0.07700821014353634,0.04962224305186959,0.06103965036307581,0.06805271657500367,0.0570531570091136,0.057538763848264805,0.05331511366587991,0.055765734226247615,0.05604806378389366,0.05878101390190742,0.04002303809190392,0.040519938113360965,0.04301573140295204,0.040124676732656496,0.0350653310596393,0.04107330404634722,0.03334876734915132,0.029825294469728626
U:CGTAG,0.029877704310187065,0.0008354617716563626,0.06873861186037444,0.0767351745319425,0.050453934229266625,0.060956882215803754,0.06850786527582174,0.056548826772969234,0.057535467341401504,0.05476650832676899,0.055816803125422705,0.05444028039688412,0.05881650872460793,0.04035678196039116,0.04161395300726454,0.04198792160981548,0.04046022008450099,0.03645000358055045,0.04088192935971801,0.03345825476014291,0.030760906754509505
U:CGTAT,0.03646126272057114,0.003907099522298964,0.07327498931359536,0.077264580380511,0.05265210315942616,0.05663419499501301,0.0642084186370897,0.05949890136261033,0.052967070875235285,0.052967070875235285,0.05241212775690492,0.05640171882382056,0.05344702168027777,0.040375861474198894,0.04372801787816749,0.04468042025692367,0.03943095832677151,0.037361170480025796,0.03925847600620937,0.033769038673535964,0.029299496801577837
U:CGTCA,0.026343862787058036,0.0010284582707847584,0.0682998498834201,0.07715353412756715,0.049595962822191704,0.06253154045162733,0.06871506595547607,0.05410584815867642,0.05759366316394647,0.05673767926155419,0.05659714459101217,0.05410584815867642,0.06119646108147817,0.040742278578044654,0.04125331374365199,0.04201347855249289,0.04106806349611933,0.035306142003896646,0.042160401162605,0.03300009581909355,0.030451307930626975
U:CGTCC,0.024182885466635155,0.001303039787425666,0.06480067962467344,0.0764833255619359,0.04620681285410426,0.06580350926499613,0.07116257976328111,0.05412086332773367,0.060993759461410224,0.05874537708310711,0.05614568495819414,0.052939185089136864,0.06483261687436524,0.03962773941759232,0.0384971607785024,0.04091800430514126,0.042450992290347926,0.0340131709217729,0.04480157386766481,0.03150929054593535,0.030461748756044123
U:CGTCG,0.022759813864693952,0.00041761126357236605,0.06198544326452691,0.07854074692757428,0.04656365588831882,0.06759336594678439,0.07242572485383605,0.050799427275981385,0.0590919937954898,0.057481207493139244,0.05598973869466651,0.053782364872926855,0.0672652428111204,0.03836057749671877,0.03764467247345186,0.03859921250447441,0.043133277651831524,0.03424412361293402,0.04760768404724973,0.031082209760171817,0.03463190550053693
U:CGTCT,0.02604025591930136,0.0022416289170130296,0.0698827814878812,0.07659832811843273,0.04873674870405828,0.06243870545930043,0.06843973287255406,0.05605473310605707,0.05923037407182553,0.05489655816560034,0.05565777798533601,0.05402325690001401,0.06161210479615187,0.04019053845794611,0.04038668098818475,0.042081912856675854,0.04046140195208518,0.03575398122635782,0.04188577032643721,0.03277915285107178,0.030607574837715406
U:CGTGA,0.027162567046116717,0.0011011851505182452,0.0683468916754991,0.07644060253180819,0.04958544967354449,0.06075789067984418,0.06949854781208276,0.05652291612180943,0.057293745727172204,0.0569817432678587,0.05519231739826655,0.05580714577397257,0.060303651805255404,0.03971607776202471,0.041670681404194596,0.042299274594282094,0.040895263527371335,0.0352654544453468,0.04173950547610199,0.03336591006070283,0.03005317806622711
U:CGTGC,0.0237991209136905,0.0004893522199987767,0.06597079615858507,0.07717783583980706,0.04659332208988352,0.06427117103733933,0.07286105018481785,0.054781233342363046,0.059945646949850134,0.05684787262860788,0.05657698122110856,0.05235631832361911,0.06509258369233727,0.04062934190864843,0.03896903973365258,0.04016620498614958,0.041643000078645895,0.03414105577741465,0.04494612756363763,0.032397738493669004,0.03034420685617414
U:CGTGG,0.024199359823029613,0.0007641903102009351,0.06664543915804998,0.07611067352650366,0.04551959913525833,0.06425566858272863,0.0716093244624692,0.05404970588728193,0.06279432220006369,0.058782323071508776,0.0558830922893868,0.05316820566104138,0.06509359655444018,0.03986526118214878,0.03870221715741315,0.040146804980643866,0.04182936434784066,0.03362437364884115,0.043786764089758845,0.03166697390692296,0.0315027400244675
U:CGTGT,0.025567966075437196,0.002320770593041941,0.06937099219018168,0.07706537950978277,0.04890325363531702,0.06133334953417517,0.0712756036585551,0.055777473336958275,0.05771549904161895,0.05513956518965617,0.05622704669791404,0.054401414333492305,0.06073493093884891,0.0400910082290151,0.040476790775240655,0.04208067411702881,0.04022466517416411,0.0357501951695165,0.04289172876145577,0.03337474673527723,0.029276946303322286
U:CGTTA,0.03348517040509922,0.002571560733522019,0.07250546848662083,0.07639417008365412,0.05473974707759371,0.057993398615434066,0.06494758876980611,0.05673113862123576,0.05205058448125818,0.05259939317438788,0.054128217390963476,0.05652729539235901,0.054888709437157485,0.040886247638162586,0.043740052842437024,0.04504935358176074,0.03915358019271025,0.037130828152317934,0.038894856094520536,0.034473026052732676,0.031109612776266376
U:CGTTC,0.0314719954967633,0.001131438221221503,0.07088094567970729,0.07665071770334929,0.05096538136785815,0.06002814522938362,0.06710385589642556,0.05773149451168027,0.056667604840979456,0.05376864621446665,0.053853081902617506,0.05658879819870532,0.056819589079651,0.04135660005629046,0.04149169715733183,0.04209400506614129,0.040225161835068954,0.03708415423585702,0.04085561497326203,0.03312693498452012,0.030104137348719393
U:CGTTG,0.03150480489225393,0.0017290331974373907,0.07055668802174335,0.07661133760434867,0.05023296447291788,0.05989735002912056,0.06745049504950495,0.05710662978062512,0.056002475247524754,0.05461924868957484,0.05464958260531935,0.05534726266744321,0.05770724131236653,0.04023490584352553,0.041745534847602406,0.04393564356435643,0.04019243836148321,0.03637643176082314,0.04096898660454281,0.03324597165598913,0.029884973791496797
U:CGTTT,0.03663286598089102,0.0029322399970714208,0.07415162719185855,0.07657136581615843,0.05286085587729253,0.05778452977999048,0.06576490829886152,0.05916096203829117,0.052264157850422814,0.051993264267672146,0.05310978511549584,0.05574916718526925,0.05306219570230992,0.040802430720796576,0.04297324010689314,0.04473770911886371,0.040300911520298716,0.036493758465424464,0.038876889848812095,0.0340776805652158,0.029699454552110406
U:CTCAA,0.045885432301032675,0.002884905817410243,0.07533859068844045,0.07943917804965404,0.05102495981237358,0.05779443573206005,0.06282548704410773,0.06099915930945548,0.05957120106531109,0.05077060182782396,0.0543306784718696,0.05193485069092793,0.05523028281428407,0.0387652790129414,0.03977148927535094,0.04437985746601469,0.03734106132739333,0.03654151692743036,0.036604171283918685,0.031784461532562966,0.026782399549636744
U:CTCAC,0.03584388896431619,0.0016032490726633044,0.07263732377250458,0.07927241154473426,0.04851651271117548,0.060053536618275866,0.06757615223574885,0.05880814815932256,0.062184776760347366,0.053225690201659064,0.05633664710585467,0.05063266739412103,0.05992782445889296,0.03891461797750926,0.03862631809199113,0.04241947298110463,0.038553405039549044,0.03606346620270499,0.03967978598761987,0.031209300688399784,0.027914804031505144
U:CTCAG,0.03429725964480877,0.0023700870468333565,0.07166335927246782,0.07953728482391535,0.047234825715417185,0.061719357692773445,0.06736992885920537,0.05787703475654924,0.06351560548223771,0.0525455662189775,0.05715482641362465,0.04980128361077989,0.061690993014652536,0.03926762401091822,0.03855577968499934,0.043084855116497005,0.038542142820518134,0.03554694190586636,0.03967509352161661,0.030643125438425192,0.027907024948916306
U:CTCAT,0.04295798491851212,0.0020157768688155594,0.0754935341990826,0.07941581379023172,0.05081082244524082,0.05789046260216512,0.06377470982333185,0.06172499174235143,0.059409538805153435,0.05048134433690875,0.05456422381000869,0.05122639533564961,0.05354019260396152,0.039317996872441474,0.04062431962356712,0.045078068927151396,0.038226083242064585,0.03740321580567745,0.03729890866585373,0.03191384561384338,0.026831769967987643
U:CTCCA,0.03896739629260731,0.0024978838694763895,0.07277721309859299,0.07913478306687652,0.048068287277041426,0.05969765678912462,0.06579415234100126,0.058830128259605874,0.06368448068967159,0.052624851700893024,0.05585088843487927,0.050383283078774446,0.0594746557251104,0.03839289660025359,0.038653291135367765,0.04313030944797038,0.038587342649973315,0.03563257855178486,0.03915776305457067,0.031117486886789565,0.027542671049634735
U:CTCCC,0.03563500957058373,0.001983148266303503,0.07081025580534987,0.07854714785881646,0.04634226766536736,0.06154327673195396,0.0675925826635712,0.05736050271032497,0.06433737782090945,0.05419912711987089,0.05610520135757524,0.051093378871797074,0.06271882322032717,0.038143601649250174,0.03755716882295224,0.04183243167890022,0.039948474336359105,0.03445946308221051,0.04045448208933617,0.030673452755631096,0.028662825922609634
U:CTCCG,0.026579001995331517,0.0006439286425391123,0.06665932362074298,0.07671223591512004,0.04676108129175475,0.06565530330309975,0.0703280223341566,0.05280638506085549,0.06204167743411382,0.05714443065269793,0.056144646707703,0.05328509517011154,0.0669601060787711,0.039402502001686074,0.03778420765004173,0.04062681369704005,0.041164833023372066,0.03355630774705466,0.043503310725224634,0.03187023143303778,0.03037055551554537
U:CTCCT,0.03769307634292373,0.0026475929611709964,0.07318672282772948,0.07825156489516087,0.04744484408225944,0.059721681455686036,0.06526899315775286,0.05872788113603629,0.06239377908227305,0.05284948417679299,0.05595776484778519,0.051637864609000834,0.059309458528576525,0.03914375253555218,0.038631332754297164,0.043197913291602795,0.03900707095734282,0.03565210998782935,0.04009671174617523,0.03170958159645172,0.027470819027600422
U:CTCGA,0.033737590407832134,0.0009130159777796112,0.07050573385034238,0.07886588015290268,0.04793333883342959,0.06262409592167863,0.06917471055743475,0.05474795808926656,0.05919203586062756,0.05419244836784644,0.05583697714710007,0.053075928828754504,0.06255259467040673,0.03923768665951654,0.03933668839204686,0.0411572202513544,0.03927068723702665,0.03510711437450156,0.041949234111596956,0.030949041608228145,0.029640018700327255
U:CTCGC,0.026352493010967405,0.0007004393106202575,0.06635126417007157,0.07604067463365181,0.04705231790113975,0.06424380203373169,0.07159227059076526,0.054382353844735956,0.05940831310866026,0.05956191822063838,0.056213326779515224,0.053300973856409944,0.06617308224017696,0.03952566741421155,0.03832140333630303,0.0396362630948358,0.04159012011919757,0.033885287702374735,0.043064729194187586,0.031906853860096465,0.030696445577708825
U:CTCGG,0.024113049909056387,0.0015550358777557914,0.06563530611021166,0.07740400951410126,0.04552377525933921,0.06602706322080311,0.0716755611520857,0.053470848074194,0.06248126161779696,0.057764186204553175,0.05750034978313446,0.05145209969818713,0.06820171493673922,0.03925166396833963,0.03748875697067818,0.03939957226519558,0.04101457096600108,0.03285962703124063,0.044512402310567446,0.03176030860866263,0.03090883652135676
U:CTCGT,0.02873050991412304,0.0010905011062294877,0.0698549843240466,0.07777684572555023,0.04885235244156906,0.06159234132684625,0.06904235128815443,0.056674600761253656,0.05804296993782047,0.05422097327223731,0.05521710409042771,0.05391689123300024,0.0606538812402353,0.04103534691566442,0.040699808113747654,0.04219400434103325,0.04105107529700427,0.03563002652853653,0.04136564292380124,0.03274648994956433,0.029611299269154547
U:CTCTA,0.04717897387074104,0.003406496792447222,0.07558913794442415,0.07938201757035188,0.05095843076796225,0.05709741161852221,0.06194014038256694,0.06148185007387295,0.0600475356349478,0.0493237341647755,0.05353942974495857,0.05149917498156772,0.0538145956834422,0.039418719145700845,0.03979839061482809,0.04511858501429041,0.03773033162768802,0.03696427732508027,0.03678019418853373,0.03206210504819239,0.026868467805105815
U:CTCTC,0.038167875582693224,0.0021571924317999396,0.07486365981365804,0.07765293406293985,0.04873392306121235,0.058072228832981486,0.06511687520141557,0.05992744198655339,0.0614304228217036,0.05335628068489822,0.05661719585269497,0.05235951854821272,0.05812663120676913,0.03859202968341046,0.03913605342128691,0.04333932835198152,0.037917532455856856,0.03600238448370534,0.03885528184809474,0.03158518835438813,0.027990021313743563
U:CTCTG,0.03513077289264009,0.0021964877045335296,0.07202542487725382,0.07939714513063391,0.04698407513838263,0.061756182480914835,0.06631464371466596,0.05778843180246639,0.06302490713682594,0.05238386456744351,0.05654967702031697,0.04971698014865057,0.061321402138372214,0.0392640093957726,0.03879578441149592,0.043203527584445546,0.03928355496561717,0.0354795527278666,0.04006537775940012,0.031164325252181286,0.0281538731501204
U:CTCTT,0.042823146266370016,0.0029720854202465994,0.07547893482132953,0.07889003074643297,0.05017591815462798,0.05816392097601611,0.06322431500756626,0.06016432283545321,0.0589838607389609,0.04954696627520255,0.05484491783858227,0.05169701891460278,0.056249856105019265,0.03942303868524988,0.04031989685607781,0.044322270338378204,0.0380395538523041,0.03696531241431708,0.037767461525098425,0.03193265086996289,0.028014521358201178
U:CTTAA,0.04819463484629459,0.0032067524052865628,0.07761549909585051,0.07985053528850103,0.05422140905074083,0.05636576358402367,0.06135592195687465,0.06152839491684847,0.05288518812888175,0.047947482872723844,0.0533225937799494,0.05368798752504859,0.05142183507673269,0.040498251266431605,0.041786464250978386,0.044705169032391134,0.03724882513908966,0.03820898388533571,0.035405853767822945,0.033487314347083165,0.027055139783110808
U:CTTAC,0.042632262668998396,0.002891441406760791,0.07688472241062623,0.07897570138229475,0.051889519074836514,0.058046358384752354,0.0626755976276982,0.06144129677358645,0.05605558997747707,0.04891742038453971,0.05418947373566653,0.05199950627965835,0.05425546605855963,0.040357971689293476,0.04176825207112017,0.04446782690946953,0.038097123590177896,0.037235557152406826,0.03691537217836992,0.03263686991080038,0.027666670332906828
U:CTTAG,0.0426314980892209,0.0031839917039540645,0.0765319839456148,0.0792109154456244,0.050902579071687826,0.05810400783515449,0.062488237666353,0.06057265761527087,0.05727056247959595,0.04942964684193344,0.05405104372707545,0.05177635242832178,0.05477022641292032,0.040267509073800244,0.041400533865919,0.04504061605822595,0.03774124786357613,0.03701054289170971,0.03718433737253471,0.03253509496284063,0.027896414648666296
U:CTTAT,0.05261544009804706,0.0041396148509285444,0.0787770731100532,0.07959766762161626,0.0543212352695571,0.05467705122110442,0.060057682683527264,0.06319252728645498,0.0546693370541332,0.04744887676907545,0.05195202173852252,0.05335503585641235,0.04798019001921792,0.040354735968171344,0.04219649333254906,0.045603262321212125,0.037021251565734825,0.03820248338320221,0.034885391585579524,0.0327900309820231,0.02616259728287754
U:CTTCA,0.04419329452293965,0.003934894435381737,0.0758040474688987,0.07928877434553064,0.05170737936030603,0.05735890406675249,0.06211725985417438,0.061680121747197364,0.058822111500836494,0.04961875824112825,0.05383574030739083,0.05164027768367618,0.053296321003997435,0.039335914902044584,0.041050590755343376,0.0451607313170691,0.03779843959285569,0.037232961385916724,0.03712025662808212,0.03190196119308084,0.02710125968739739
U:CTTCC,0.03779995824136825,0.0022329112875372876,0.07339891192455233,0.07846928305579144,0.04853909162101299,0.059568184400744045,0.06536401379938056,0.0599135607518121,0.062168862726614746,0.05200572977687121,0.055599435082960294,0.05057440509343354,0.059084545555812426,0.03873085106442528,0.03926486895570394,0.043508463959669896,0.03878346917949886,0.03624268594206298,0.038806979401127484,0.031793096615255784,0.02815069156436455
U:CTTCG,0.035022404992964364,0.002139248459169951,0.06816517905821144,0.07691428986816622,0.0484654007715833,0.06151377790239419,0.06628554813049416,0.05639412018214766,0.06054280833476123,0.054457373397510785,0.05571911460037073,0.05334101801226433,0.061358007383522595,0.038044353059073374,0.039446287728917756,0.04179323021324984,0.04019917857013049,0.035468947147062946,0.040422449647179774,0.032872771832536306,0.03143449070828855
U:CTTCT,0.04460203393799041,0.0030155110865992224,0.07598548310829041,0.07880983804775611,0.05033168792707164,0.057425501693423954,0.0621101992322657,0.061389933845339126,0.06013872997319241,0.04980806642355995,0.054388954284412906,0.05140682692685854,0.053891399528237606,0.039315057342271024,0.04081641052657573,0.04452154713919734,0.03820379074529861,0.03664618826411011,0.037591450838571835,0.03215081762697478,0.027450571502002568
U:CTTGA,0.04470721567315053,0.0032730538505873954,0.07582507390440807,0.0796389212906939,0.05108760936114418,0.05789643440028907,0.06281207788396947,0.060510674003351465,0.05829657311504352,0.04952423910996216,0.05403731879576839,0.0513729608082317,0.05395324924761796,0.03970911936339951,0.04082708268159224,0.04502166811767473,0.03787575652488823,0.03698009249267019,0.03705688679146144,0.032074149341468676,0.027519843242627143
U:CTTGC,0.03840432058088147,0.0024149665346510246,0.07366074603218249,0.07907190190703658,0.04860558675532606,0.05927050374855524,0.06541174373478793,0.05923636994594533,0.06062258159638106,0.05164539150997513,0.05619656519129626,0.05031512136937231,0.058697814393655665,0.0397687245240942,0.04030253927046582,0.04385435106426352,0.037857231577939326,0.036261476305926105,0.03870014687016734,0.03185631944688069,0.027845597640216446
U:CTTGG,0.03847937869615875,0.002843354540876897,0.07261212983280223,0.07975727102652597,0.04711676645606142,0.06053889948653486,0.06514722151775443,0.058670283343073365,0.06230680736420005,0.05150676472858387,0.05593498803629908,0.04938821566270817,0.059712650648906726,0.03931885927673823,0.0395018983875651,0.045184931985165745,0.03865580193550996,0.03498546346017429,0.03861316631933341,0.0313952505393773,0.028329896755650136
U:CTTGT,0.042680411778485826,0.003512448064201342,0.07572746047418048,0.07923990853838184,0.050198976446190126,0.05818893348912276,0.06390528462470413,0.06055236263870505,0.05832618340325175,0.04949260646928548,0.05365321904942578,0.05118631352479337,0.054622591479582816,0.04028680201951392,0.0412956966762526,0.04532265227195316,0.03830925351855605,0.03686705154129498,0.03730970047900939,0.03214234899994395,0.027179794513165212
U:CTTTA,0.050212853951171706,0.0038563523209718138,0.07840436278353502,0.07909792823010446,0.054428190609766045,0.056100453964272386,0.061004218547609734,0.061875670687419684,0.05404672961415285,0.04735189648407272,0.0526666628135253,0.05275721163571631,0.05043312519948034,0.04069238381654937,0.04219510895078318,0.045042580423087765,0.03678337189685654,0.037695924211278015,0.03574880343905711,0.03278509553542931,0.02682107488516033
U:CTTTC,0.047728826913831325,0.00386038249465796,0.07687410553505947,0.07891649359082077,0.05211617903361487,0.056811183940321454,0.061472682107858195,0.06210931015208506,0.057988996589927774,0.04864924688526937,0.05392148152585629,0.05176029684940193,0.051592763153552754,0.03953033705241216,0.041135614465366975,0.04458477788839514,0.037585930824829306,0.037329045824527236,0.03661778913396756,0.031848663258794374,0.027565892779450013
U:CTTTG,0.04476811363987492,0.003447885681210383,0.0754313393115544,0.07984754883507378,0.050995306349375595,0.05822944705444591,0.06194878981279798,0.060688336811320465,0.057790437312455256,0.04921097926916574,0.05403355840515975,0.05093981812919834,0.05378005339925189,0.04034864010340393,0.04104169885346105,0.0456134929943402,0.03775755782198944,0.03665812945945769,0.03735662823110082,0.03242252865259369,0.027689709872768774
U:CTTTT,0.052375116431225804,0.0042269772358824115,0.07778169910625941,0.07938313205637688,0.05339801913823166,0.056249979856189306,0.060692898742703914,0.06141807592766277,0.05500186934563234,0.04671349699776645,0.05268895700182745,0.05185500323912476,0.05124706303240092,0.040739648498560925,0.04232254914284057,0.045210365843832284,0.03659687239137652,0.037124640231541016,0.0352758412861098,0.03256126135708047,0.027136533137374342
U:GACAA,0.045771649728500764,0.0025432423934898364,0.07665307958345874,0.08028276648380235,0.05198262136345989,0.057308549121054084,0.061421597532170955,0.06145740208852453,0.058181285182172464,0.051375062797835165,0.05312501048961612,0.05163688361617068,0.05310263264189514,0.03865996972277203,0.04019956564597574,0.04473443648663315,0.03792485742513771,0.03736429233972706,0.036663865706060256,0.032678371026953,0.026932858624590345
U:GACAC,0.03469844340658362,0.0018135529853004883,0.07328510643348427,0.07906283937356462,0.0489849206867289,0.0593143392934502,0.06613533995216872,0.059389112747687066,0.06158840180643171,0.05434012426635966,0.05514957658047938,0.052246467547727424,0.05714116159967717,0.03880623586870731,0.03946495439412732,0.043765021452860084,0.03915399177492004,0.0367766706822781,0.039836447904859684,0.03152116504162982,0.02752612620097443
U:GACAG,0.03518340592783412,0.002158013589575223,0.07175719536077532,0.0796079248255894,0.04802120821371398,0.0612064261810151,0.06727322657629053,0.05799751619411166,0.06209442642896322,0.053341281127760314,0.05643342484829395,0.050506455660893464,0.06073647799784775,0.038764958875930074,0.03784884823052256,0.04325397311636912,0.038773608228994505,0.03577156193621535,0.03995712803997731,0.031681138716162106,0.027631799923164915
U:GACAT,0.04263648621212043,0.00298715699493464,0.07587732769705709,0.07966411403047546,0.05149696234557939,0.05712560323599998,0.06366111542045615,0.06159020037586744,0.058579096148139664,0.05116898937471693,0.05369698421044412,0.051544856811165655,0.05298064959471911,0.03901316577211605,0.041078874896532336,0.04508430987719234,0.03801779383514933,0.03709426359656201,0.037679409023942026,0.03218924561010782,0.02683339493672204
U:GACCA,0.03829477485743175,0.0028718448033535284,0.0733806668905785,0.07926595927691302,0.04770375294176849,0.059475507985343526,0.06531633007724959,0.0582081045941325,0.062100425627528516,0.05297933418607073,0.05544158417232005,0.05133159275040579,0.059260178138637314,0.03927078079304578,0.03894895629389247,0.04364642371062477,0.03870085886181792,0.03556219229189365,0.0390297049864073,0.031499011706219875,0.027712015054364936
U:GACCC,0.03167469284722934,0.0022091402206345805,0.06876123587656138,0.07904778759962865,0.044142440641970246,0.0633944068233402,0.06814180724126047,0.055900717543647206,0.06796327517845444,0.05581843754948443,0.05698277708952374,0.0504500560435432,0.06491270558355146,0.03836576407065523,0.0364158834542694,0.042686239990561085,0.03964032775381826,0.0332255931145617,0.04170974722964812,0.03011913522173682,0.02843782892592006
U:GACCG,0.025262576008844666,0.0013819789939192924,0.06526889362710259,0.07761983732132986,0.04585011450683092,0.06426597172865829,0.07084419173971412,0.05163073521282476,0.06153360183210929,0.05719023927979152,0.05652688936271026,0.054568427702756064,0.06649293216457396,0.03911395403932717,0.038403221985311535,0.041569928137092316,0.04202005843796888,0.032567322119560926,0.04487088367685382,0.03211719181868435,0.03090105030403538
U:GACCT,0.03519784330459334,0.0019222026368472687,0.07146674202035233,0.07967968606682246,0.046658136204065684,0.06206652165639859,0.06621743108499052,0.05793954006146035,0.06391238310968406,0.05282695960411969,0.05616888037108652,0.049669624982481404,0.062048290925995765,0.039253041398570485,0.038523812182457706,0.043717291505960876,0.03924392603336907,0.0350804829776252,0.03944674290910044,0.030723338411351366,0.02823712255266687
U:GACGA,0.029133604891180647,0.002378093287184196,0.06889406889406889,0.07632659147810662,0.050332383665717,0.05961715052624143,0.06763831006255248,0.055944055944055944,0.06001742365378729,0.05650129892554135,0.05460196369287278,0.052977325704598434,0.061649910134758616,0.04017643411582805,0.04005870672537339,0.042578072881103185,0.04071798011191951,0.034972883457731946,0.04141649596195051,0.03303430576157849,0.031032940123849214
U:GACGC,0.02318824985204713,0.0015960976309607074,0.06590627858180449,0.0780115134233604,0.04630476497910726,0.06464195405390864,0.07085597460590735,0.052841591793547464,0.061781531895052096,0.05873280608310468,0.05374724269650831,0.054697727802586034,0.06677606212227184,0.039355463495991824,0.03876365201484909,0.03955273398970607,0.041426803679991395,0.03313247610336974,0.044726601029393305,0.032845537203421746,0.031114936963110417
U:GACGG,0.023897183232041583,0.0012655829126003329,0.06630436253874579,0.0769975229767593,0.04697545987357706,0.06480190581897427,0.07092678569011492,0.051807685539869246,0.06169547503350072,0.058670258124771585,0.05596312889995804,0.054115513204022796,0.06623668430812545,0.03995722735824794,0.03754111452510186,0.03967297878964252,0.041601808362322176,0.03399477524059611,0.04419388459508115,0.032167463013846966,0.03121319996210019
U:GACGT,0.026261362139375577,0.0012053747859307074,0.0689303122118298,0.07653800553286787,0.04886707943617442,0.06186273218284811,0.06734949282044526,0.057390330654722696,0.058147806613094453,0.05481491239625873,0.055078382294822814,0.05571729679884073,0.06061125016466869,0.04102884995389277,0.041858780134369646,0.04210907653800553,0.04064681860097484,0.03612172309313661,0.041819259649585036,0.03290739033065472,0.03073376366750099
U:GACTA,0.0496389147997139,0.0035251540091828697,0.07737045594628714,0.07959365966689849,0.05257736715986961,0.05685732272875596,0.06132845074507813,0.0610878371474434,0.05685732272875596,0.048475399731699356,0.053081666891898575,0.05160337650095092,0.05234993786895458,0.03989900821052701,0.04070984307378927,0.044933765339116846,0.03789004947411097,0.037250610598204954,0.03595030834797341,0.03192909479846139,0.02709045423232726
U:GACTC,0.034793380462300565,0.0014091147405023421,0.07311813188627242,0.07937792932767927,0.04824666243183886,0.06088511422809698,0.06603822174209899,0.059406005971899586,0.06232592414551784,0.052462120962001445,0.056199510573643086,0.051171863134943534,0.05912867317386257,0.03934427961485078,0.038627176237069356,0.04312260883001216,0.0384739828819632,0.03618532698197205,0.0395423744705915,0.032013449320072426,0.028128148882811045
U:GACTG,0.03682038308213567,0.0021339907680216156,0.07358211318851261,0.07927731713468483,0.04857737207297212,0.06022585305865493,0.06513999487764012,0.05926687690499977,0.061451700252012284,0.05159115747737462,0.05543488248876307,0.050773926015136375,0.05884848567792087,0.03957414029400782,0.04012645581573581,0.043733613824897405,0.03883609034904386,0.03586140692848051,0.0387285598934862,0.03179773325799685,0.028217946637522653
U:GACTT,0.04231650323547859,0.0027650721289908062,0.07593144303874926,0.07963445975921309,0.051263787116217166,0.05804069972005079,0.06275145711269868,0.06096639844574645,0.057866687573620526,0.049465342899539536,0.05404702534840674,0.051316373204424115,0.05388448653031253,0.04033639798681332,0.04154779023696247,0.044917124324985847,0.03837923939482017,0.03704737719714238,0.037001483883798134,0.03285100735822791,0.027669843503801497
U:GATAA,0.051954250992397616,0.004362136285401709,0.0791003035842452,0.08011302532036615,0.05545464469958632,0.05517939808093877,0.05961934670156995,0.0633798891116154,0.0530285257698195,0.04814376932242877,0.05169758642395412,0.0538705249196907,0.04764321534505706,0.04003734992091015,0.04187813426924926,0.04548885889952453,0.03696318199027694,0.038521751451141985,0.03393198505074061,0.03329903396566502,0.026333087895420222
U:GATAC,0.04888368971833796,0.002938135915991077,0.07709523550428932,0.07867130964687959,0.05251464533797631,0.05645029653408782,0.06121841957306346,0.06146689156102073,0.05596967553548434,0.050795291727877834,0.05272140305058309,0.05328545259988755,0.05048334149482199,0.04027422601882583,0.04121370404628471,0.04553929303371602,0.038043419119647426,0.037530152166421825,0.03582168054119738,0.03239022797758311,0.026693508896022636
U:GATAG,0.04767578905832204,0.0026635099141757916,0.07663821435803181,0.07944450501809422,0.05169312004485911,0.05682154483575022,0.061661812121306524,0.06113871538864919,0.05765875920935811,0.05099998442391863,0.05282498195770575,0.05290416037133378,0.053142993618998664,0.03904014994574331,0.04073145278110933,0.04535495293427413,0.038214617633162515,0.03712948396442423,0.03594959580068846,0.03204648941086068,0.0262651672092335
U:GATAT,0.058760984772254644,0.005555555555555556,0.07996243375595358,0.07902998591265849,0.05536213412043559,0.05502113101227611,0.05865253460343016,0.06368596408845956,0.05446099148051251,0.047760559915923165,0.04992620916348024,0.05323449833411596,0.04422083584893003,0.03919076049283334,0.04146374186623734,0.046563135886943496,0.036769079403412265,0.038383533463026316,0.03441224480669037,0.03228684510632589,0.02529684041054538
U:GATCA,0.046049388031158815,0.00402053737710974,0.07664574691029688,0.07996633581139166,0.051854516264774955,0.05716384766121383,0.06209681787312878,0.06146491994339306,0.05910676019681885,0.05030324156694021,0.0528349996458594,0.051935065890983026,0.05251557871434464,0.03892907883169711,0.04039008239671246,0.04560914266033195,0.037519460373055875,0.0369097830298603,0.03658064059173422,0.03131575036837566,0.026788305860818578
U:GATCC,0.04265475476783968,0.002733065586061516,0.07408125273268996,0.07819662746618226,0.048271136934248664,0.06023412109929637,0.06510826335393274,0.058701560957579633,0.06357420070227315,0.05199736159254034,0.055086522035059565,0.05102223263962449,0.05833494853152191,0.03829146589377555,0.03854689258406167,0.04357278834292686,0.03760481884988874,0.03548026979068534,0.03850632481560447,0.03080746386839215,0.027193927455814938
U:GATCG,0.03246341772522105,0.0038702633143882156,0.06835840393070572,0.07662536436043167,0.050420659602055044,0.06144652309972021,0.06807568948204763,0.05523655400333408,0.05924330015500551,0.05424217904598497,0.05569474638564201,0.054437154527818124,0.059789231504138354,0.03875137701434045,0.0403404271912807,0.04177349698275442,0.040398919835830646,0.03456915292901917,0.04106183647406338,0.03303859539662887,0.030162707039589773
U:GATCT,0.04461727119479463,0.003169768668362818,0.07536801779988503,0.07892281791248246,0.05036901543037779,0.059355239501422026,0.06317966947692885,0.05920208973928949,0.06025148916573285,0.05026439904356895,0.054435033763051435,0.05130193475604429,0.05630950056999753,0.03920310354757403,0.04022014739046826,0.044226847153301836,0.03756483250053656,0.03639032481770325,0.0370406720470407,0.03147119759878429,0.0271366279226529
U:GATGA,0.044413145991261005,0.0045925406065383855,0.07598409867665226,0.0787903842178885,0.05111112179317705,0.057449539255791146,0.06265063715852773,0.06127104834329169,0.05906851316858383,0.05024202890887503,0.05369340441180005,0.05111881288064874,0.05333576884436604,0.03979368657857167,0.04058875274595857,0.04569851898496873,0.037814192940543084,0.03679416246460898,0.03665091596044858,0.031761307100315814,0.027177418967183092
U:GATGC,0.036573764672143676,0.0018886970012039655,0.07439318502534897,0.07886920741683101,0.04921729616916661,0.05909284430188327,0.06504192402005682,0.060020137679063,0.06045851751813844,0.05244387285215987,0.05504762169462233,0.05175787788784298,0.056716497105050716,0.03910550299349,0.04055834684056997,0.04501920912234335,0.039171196802227526,0.03655228785005641,0.03804429531388376,0.03212300913017607,0.027904708603741262
U:GATGG,0.03892011192866919,0.0030455167554236623,0.07316269631556839,0.0783534561025516,0.048021091643291734,0.06048094773500278,0.06583516267598954,0.05838482594143393,0.06283622640486741,0.05322455519872082,0.055648434218193155,0.05092940769949998,0.058701573234684334,0.039075944821605216,0.03836792146022196,0.04347737712915159,0.038750728349390896,0.03508780844749786,0.038433981056140494,0.031384236486578045,0.027877996395517433
U:GATGT,0.041972971571960935,0.003020011173849353,0.07554635707552332,0.07860476635711393,0.0511069214509109,0.05735141372233176,0.06414115912367839,0.06107603017323306,0.057888987230709274,0.050855413845205706,0.05377462998623428,0.052276143831631976,0.052957710244039176,0.039920592713191094,0.04146899640785702,0.04518305337912948,0.03828195346533323,0.036859303573519894,0.03763110553911903,0.03249727853411384,0.027585200601314367
U:GATTA,0.0519265130108091,0.004423944455062139,0.077951979230934,0.07976439834227143,0.05413399587748406,0.05607596511638347,0.06059611016121936,0.06121051126124104,0.054128865179362794,0.04762698798518768,0.052679442960104975,0.05262043993171041,0.05055405126337028,0.04049146957303613,0.041246964871392636,0.045357936741057515,0.03690382891174045,0.0381480232061476,0.03461040685153427,0.03241703340469279,0.027131131665257862
U:GATTC,0.046223509554830684,0.003051763531158104,0.07685893223077221,0.07867258994336837,0.051507879037730776,0.05732898412413717,0.06239919476274546,0.061679085648814296,0.05873975551090938,0.049807993211164636,0.053856933861056416,0.05182376333306117,0.05224806554331429,0.03892470844281089,0.04106094291462156,0.04596116497057324,0.037414888590553724,0.036990586380300595,0.03669477947662256,0.03182801974009147,0.026926459191362974
U:GATTG,0.04703212560418121,0.004390590954413061,0.07696833035692059,0.07902015531502589,0.05207521261806838,0.0573580722803165,0.06176569626439455,0.06144206870075981,0.05793064412367028,0.04911015522330957,0.053026441813205316,0.05185640369852586,0.052284849906252824,0.03957427907701943,0.041222552255369665,0.045385162658882136,0.037002291597606464,0.03700753252981108,0.03620435966945441,0.03213084511342033,0.02721223023939268
U:GATTT,0.052418570640888285,0.004545559105164064,0.0780140904664548,0.07906177875583704,0.054378019597277824,0.05537063977297996,0.060264034178477845,0.06138909665290428,0.053767390893685776,0.04716479376991427,0.05262978125411704,0.05317697706726744,0.050100830413213004,0.040260367617997374,0.04196678207735049,0.04580900286981549,0.036748555507612995,0.0375181149696742,0.035603278156012844,0.03280386619981918,0.027008470033535785
U:GCCAA,0.04089469036821394,0.002551190098878181,0.07388929974005512,0.07948078846903812,0.04908954077273931,0.05924212959158785,0.06348498306380193,0.059437773004078515,0.060886838545925984,0.05258634069865567,0.05505927343253759,0.05092598027131828,0.05825869537146815,0.03853001365591019,0.039295631543456964,0.044324971533883484,0.038466103474496575,0.036053168053778464,0.037618315353703725,0.03187813763122782,0.02804613532524413
U:GCCAC,0.03147601028929317,0.0014224668207575306,0.06924768863704145,0.08060645317626007,0.04484440240083507,0.06231359976140769,0.06943292387414256,0.056077346779003875,0.06470534782284522,0.05545057597673725,0.05655616239188786,0.050277969355800776,0.06411352706531465,0.038894739785266925,0.03751304801670146,0.04191908365642708,0.03964150574112735,0.034791604533253806,0.04114785266925142,0.03101117469430361,0.028556516552341187
U:GCCAG,0.03254199116497215,0.0018772885262355718,0.06954021920286488,0.08057703388412855,0.044793157500170384,0.06401445450208484,0.06791772767544593,0.05647044974380897,0.06540538279957622,0.05413855380631091,0.0570249623612944,0.04933381040005452,0.06629833398387887,0.039381238266946714,0.03698893453033711,0.04162329696474043,0.039227120933315984,0.034199333345724676,0.04035783101924995,0.03021241860436299,0.028076460784495952
U:GCCAT,0.040460521875946,0.0024179133831698577,0.07358439269689894,0.07938719200044733,0.04883452332977909,0.05905377447076812,0.06526437973965976,0.05965632465596794,0.06098675546488916,0.05190897539474268,0.05535267021319672,0.05116374132568753,0.05673323319752656,0.03947715997369989,0.03984254640600506,0.0439119293367706,0.0381968613401873,0.03595923097242923,0.03872903366375579,0.03153121017143276,0.027547630387039675
U:GCCCA,0.03211356187725881,0.0017860052727623943,0.06991104506668652,0.07954036533790032,0.04411163234406987,0.06307782126781554,0.06793618727263505,0.057326992205247077,0.06688832556879681,0.05558415322306504,0.056923387388320715,0.049584038832395004,0.06446345919544509,0.03845792743530722,0.03683595406675019,0.042273827522611045,0.039583488462190106,0.034091657143103804,0.04093675167188439,0.030311369245528783,0.028262049600226193
U:GCCCC,0.031190872778433625,0.0008934780147807947,0.06650953312741563,0.07914355482963274,0.04238158384138946,0.06555675943744575,0.07105912856919536,0.055132849265003156,0.06996485383616066,0.056616588773711535,0.05571637261402289,0.05006037377837433,0.06807008748807349,0.03790206510665136,0.035584143258351256,0.040008409204845,0.040870891753049685,0.03233500978378641,0.042237387540361486,0.029451083763226978,0.029314973236088428
U:GCCCG,0.023696658044703677,0.00125207390842857,0.06234606704520863,0.07872092663774359,0.04265295396696174,0.06928142293304754,0.072347200610064,0.05077340038541205,0.06522119972382238,0.060625109492059896,0.055498304805284476,0.05050546687414339,0.07266665979657663,0.038283576706272734,0.03642865239748967,0.03827842413874834,0.04196766248621688,0.032543616484094026,0.04562083286101464,0.029838518533785385,0.031451272168921775
U:GCCCT,0.03300671706743998,0.0018002599399718202,0.06893678306721361,0.07971199743963031,0.044529356433904606,0.06366480233243434,0.0679249296483785,0.056025650532955,0.06594513158973198,0.054267347870716943,0.05649010783996128,0.049041227416251325,0.06644374016931225,0.039095401092060125,0.03719561458630124,0.04236514150335853,0.0398545350938477,0.03405955201336388,0.040932739556540844,0.03008434388575131,0.02862462092087443
U:GCCGA,0.030997174557232443,0.0022396802425745984,0.06964371855833505,0.07638343325752878,0.046440631245262216,0.06469574805320102,0.06903728206188409,0.054689545861760044,0.062221762800634,0.057356488181379645,0.0537867824409069,0.05225001722830956,0.06408931155675004,0.03839156501964027,0.037840259113775754,0.04122389911101923,0.04166494383571084,0.03384329129625801,0.04240231548480463,0.030563021156364136,0.030239128936668733
U:GCCGC,0.023568941440480037,0.0011586284278631842,0.06237079768518236,0.08061614640184893,0.0431863501375109,0.06857860684078616,0.07240208065273467,0.049388061248757525,0.06502954502491051,0.05997426625281272,0.05474214419435687,0.050979650825980105,0.07237768847530597,0.039734857031350046,0.03638703067926116,0.0383262087848427,0.04280827138736607,0.030917084890875496,0.045838999432881875,0.03030728045515803,0.031307359729734675
U:GCCGG,0.0235630741964586,0.0005925467231098561,0.0628740117548458,0.07886209676127841,0.0438057514399953,0.0702941914406359,0.07388150133189557,0.0496671595658928,0.06484916749854533,0.05750906169425657,0.05573675978369375,0.050494589674739895,0.07437262113843707,0.038675684765143305,0.03570761289082727,0.03781622510369568,0.04294095351978092,0.03175730140342823,0.04508159528524986,0.02935508495838827,0.03216300906970165
U:GCCGT,0.02115539599970694,0.0005433853517962244,0.0661892202114929,0.07639753828119276,0.04582753315261191,0.06591447480889931,0.07231298996263462,0.05317849903533836,0.0599250250323589,0.058618458006691576,0.05649376022663443,0.053086917234473834,0.06469948958409652,0.04039367963464967,0.039697657948079224,0.04016777785918382,0.04251227196131585,0.03305492465870515,0.04514372237282341,0.03292060468410384,0.03176667399321074
U:GCCTA,0.04316977616595826,0.0020328888814952215,0.07335534797834026,0.08008783677000242,0.04791096545586119,0.060351180722490703,0.06456834382772016,0.05944785939462499,0.062201076333147566,0.050516124202523646,0.05497450571022184,0.0498007868710646,0.058579473145737505,0.039178859286492604,0.03914059705713549,0.043366078038312134,0.03806260033437861,0.036355772190013555,0.03805095530805253,0.03146486113306106,0.027384111193365663
U:GCCTC,0.033449535052307675,0.002128299540206189,0.06777776463491088,0.08027128003825701,0.04444420036263047,0.06406443534582544,0.06854577745033263,0.0560708498158966,0.06528362400661049,0.05362233371128464,0.057338197696130536,0.048568995263498525,0.06676557612789737,0.039241314864976756,0.03694065601305875,0.04119725509347113,0.03958011919829263,0.03439582146954901,0.04135018173768602,0.030020091688394642,0.028943690888782618
U:GCCTG,0.02975483451347889,0.0017543591011206462,0.06794313426534572,0.08048833307448151,0.04392824773358825,0.06467941384281205,0.0687000024062282,0.05577199456629924,0.06659929227724708,0.05449013118318615,0.05725583528565939,0.048968931219060825,0.06698647626839214,0.03945193413351358,0.03682549960224319,0.04173493427715811,0.0401482819895278,0.034094795182585326,0.041410458051057246,0.030149310105210506,0.028863800921804145
U:GCCTT,0.037410593278041124,0.002575205400392968,0.07240161207695948,0.07994403771455992,0.047687908125879475,0.060622296723320646,0.06489647301424671,0.05825540979566957,0.0619151681786643,0.05134604535344431,0.05590068153374273,0.04990078528769024,0.05982306709638093,0.04012602862312027,0.039933921704677355,0.04429807212196277,0.03865483007048784,0.03577890033784879,0.0386426714047636,0.031878400373514214,0.028007891784632744
U:GCTAA,0.04548758105612633,0.002744525795148934,0.07761309680356775,0.07923209836742427,0.053227681109009,0.05692522616532763,0.061567306631826316,0.06187131129228846,0.05569930969732448,0.04994160282568797,0.05402799105236516,0.05251645160104408,0.05216437178497397,0.04003953474561173,0.041268279163944765,0.04487391583454228,0.03772202945027474,0.03757073410762613,0.03589800148750187,0.03278584214946849,0.02682310887891565
U:GCTAC,0.0418589662242942,0.0020855179230979876,0.07335880258878061,0.07936990308770196,0.04910568182577159,0.059473160436272314,0.06407499181822432,0.05831602359022996,0.06090914555545908,0.05148006652284552,0.05520694883217675,0.05090066322475505,0.05948818818751962,0.039377717518350557,0.0396348590396933,0.043016103070336556,0.03810035866232977,0.03614508125004175,0.038360839683949696,0.03175864763596775,0.027978333322201666
U:GCTAG,0.04269540476775418,0.002454011306568872,0.07395385415651597,0.07941636254585831,0.048315749454778525,0.060226213726816934,0.06441367932879771,0.05906371508215036,0.06073952481666971,0.05071211620045484,0.055629746240408014,0.0501274356542589,0.058853724181756044,0.04019747379574336,0.03932457044508463,0.04333635738529762,0.037769539790530646,0.03579864480382321,0.037632290836024554,0.03155902459913012,0.027780560881577484
U:GCTAT,0.051535044163193024,0.0023923598252693166,0.07643250072719025,0.07983587924669497,0.05296123403224753,0.05587768339610021,0.06115445777235037,0.06185537947798632,0.05768444684207222,0.04894919406817777,0.052751085659808225,0.052007878001181444,0.05188230153472381,0.03984618164251456,0.04106350453164463,0.04492177739392953,0.03731286864060912,0.03737950105138256,0.03584567421107866,0.0319463967883178,0.026364650993527687
U:GCTCA,0.03344798694712704,0.0014947229939292382,0.07210958974585116,0.07943896899942673,0.047504997721626904,0.06076182181652482,0.06828688392056563,0.05843935117813938,0.062270325292881186,0.05319358086754568,0.05679120547985477,0.04994138701474328,0.06116972409636783,0.03930561067748527,0.03913013920124649,0.043411275741941174,0.038724993017888905,0.03584303479296203,0.039436984609957225,0.03139010157134248,0.027907314312592787
U:GCTCC,0.03461795812648392,0.0019210015109000647,0.07138571120224477,0.07847938700625945,0.04645478091949061,0.06192100151090006,0.06645154327649472,0.057053744873731924,0.06445283833369307,0.054559680552557735,0.05576084610403626,0.049992445499676234,0.06256529246708396,0.0388398445931362,0.03779948197712066,0.0428620764083747,0.04006691128858191,0.03471077055903302,0.04089251025253615,0.030986401899417225,0.028225771638247354
U:GCTCG,0.0247156058434231,0.000872243740278752,0.06679679160694135,0.07656836134069353,0.04646070328463814,0.06516209704474062,0.07165207844094056,0.05447558632468206,0.06074598188416847,0.056823934856201776,0.05721430967702583,0.05267620238494617,0.06539998170118028,0.04021470615145323,0.038756900179938394,0.04059288175912654,0.04080026838268932,0.03374912318155479,0.04373417914544512,0.03146787032236421,0.031120192747567783
U:GCTCT,0.034483321305101476,0.002197717429760936,0.07194984190230505,0.07939597260678363,0.04721198442090554,0.061375134714960575,0.06642476693291956,0.057760731395613614,0.06215913313657965,0.05220376245070341,0.05628099927533921,0.049748668055661666,0.060977572601443236,0.04016193238922221,0.03918953699589903,0.042976761159368264,0.039837058871086774,0.03556400787113647,0.039960184451019384,0.031740439409976284,0.028400472624214055
U:GCTGA,0.035729922192165774,0.0018496062548792713,0.07268087023091926,0.07989441865976236,0.04838892656449714,0.06080507032453405,0.06592531153806398,0.058824369759904134,0.061737016411158814,0.052466295736997924,0.05569575363681666,0.05033517285541054,0.06001430272533305,0.03954678344144412,0.03907870952778317,0.043803987115782324,0.03915854260102875,0.03554672629777064,0.03928795621450054,0.03127859809761988,0.02795165981362759
U:GCTGC,0.030038502849617236,0.0015755783508515605,0.06949722796106678,0.0793884613359907,0.04619141337505322,0.06242559640627756,0.06812575442588825,0.05705422261462886,0.06436967168678315,0.054253091818536964,0.0565933705647608,0.048709937503290154,0.0640371932540126,0.0397228607552617,0.03848991990040424,0.04226170300994572,0.0408468225682666,0.034708901278841346,0.041666936035767294,0.031142146536175037,0.028900687768580235
U:GCTGG,0.02963872734999343,0.0016037882492489748,0.06834246082760544,0.08054499446612998,0.043789289976790435,0.0645111147729312,0.07007834145345646,0.05536338412663256,0.06641911576829396,0.05390036098578272,0.05777306929979699,0.0488828520745508,0.06793550956635674,0.03935485549560993,0.03650753093329935,0.04148701325126705,0.03995861105533136,0.03359682871554841,0.04122216136484782,0.030021661815496304,0.029068328451030086
U:GCTGT,0.03276085504944152,0.00171611742819522,0.07251861554046606,0.07983308937886256,0.04776769525082703,0.06113538329049396,0.06729052446628749,0.057982580888068236,0.0605349155358204,0.05224762846439039,0.0556028980543042,0.05005099815630051,0.06090379411028499,0.04075622881288357,0.040096823691989164,0.043460413851251795,0.03934797245059488,0.03567513446386758,0.040447674366197964,0.03172217064239649,0.02814848610707602
U:GCTTA,0.04224751667647765,0.0026859225979140875,0.07660488824714183,0.0794584335329847,0.05166474406523294,0.05705902694369726,0.06334553767286914,0.06135518323667532,0.05590414621977842,0.0497245444490493,0.054254316614180086,0.05202506685109562,0.053574586816673576,0.04052641443191747,0.04197034530273713,0.04563428689084991,0.03769002737397282,0.037452451910766654,0.03635828491633384,0.03272074060191064,0.027743534647741583
U:GCTTC,0.03882284117015299,0.002969480145380058,0.0738689303470202,0.07964341344409909,0.048978641080535144,0.05957097235360641,0.06416655405165117,0.05973989487684659,0.060867230452996864,0.05163339189314139,0.055373692184043755,0.04984814754226619,0.057914642559940825,0.039302047696608035,0.040238234101723364,0.044109227081658924,0.03883262089518268,0.03595115827506988,0.038792612929152114,0.031535167891206785,0.02784109902771752
U:GCTTG,0.03581770736893947,0.002332679852098171,0.07336488114213503,0.07970244015110879,0.04795260574847145,0.06058286453849399,0.06613490983295187,0.05873886393528054,0.06065349396118436,0.05156329637060213,0.05637755053344303,0.05033491708678447,0.05894597994506176,0.03974623039317682,0.04015282679947543,0.04492794844433924,0.03859325279033942,0.03577284814101451,0.038362275489108755,0.031935952475943045,0.02800647500004772
U:GCTTT,0.04350620035281469,0.0029938361812507177,0.07607762445068424,0.07942636298159728,0.051937740733395264,0.05779623907892402,0.06216205989499066,0.06079986117055146,0.05642816880825879,0.049058073506539596,0.054367908476947,0.051190749574639094,0.05396211939332575,0.040777888539785596,0.04200830367115166,0.04547316833853509,0.037574633876473106,0.03680872329098861,0.03719298337178109,0.03275278963685139,0.027704564670514922
U:GGCAA,0.0429344953605536,0.0022032819485298272,0.0739323498284453,0.0793608348116037,0.04985568817094957,0.059331683696592384,0.06311555366403905,0.06051806628426229,0.06098634216278173,0.05140112411319471,0.05465394663663675,0.05084998976823483,0.05729160781832402,0.03902131596820746,0.03958374919495467,0.044310448075988745,0.03783869967446666,0.03651673050534877,0.03692725654362184,0.031321755745795245,0.028045080027468836
U:GGCAC,0.032315028403193786,0.0013536468063583393,0.0703691684281617,0.07926142925221978,0.04613508985817407,0.06209671996468239,0.0677481222901482,0.0570329699244823,0.06454088568847412,0.055653010329231464,0.05621581164720982,0.05001330257660676,0.062377389712869,0.03846491189601186,0.03808045281386041,0.043440952639903635,0.039735234870877295,0.03506471484245949,0.041099114428471605,0.030889752338183658,0.028112291288420327
U:GGCAG,0.03259358147770892,0.001975431652979037,0.06977221822864771,0.07958276552105045,0.044766736700703025,0.06340115625546418,0.06805004704399932,0.05620578349768666,0.06568882684200154,0.053654444478366696,0.05738604666653715,0.04941007657486379,0.06560139994060521,0.039367778607331094,0.03694411061862165,0.041448677633423164,0.03998184850999581,0.03442538322125112,0.04065975392796579,0.030688230118706306,0.02839570248209136
U:GGCAT,0.04215155089365871,0.0029907764244821067,0.0746506205466866,0.07918041162334509,0.04866503093797897,0.05917322114505213,0.06475530297774106,0.059885961537248567,0.0607343118270753,0.051118623969522464,0.05446577059010279,0.05071810171373066,0.05652725128198659,0.03952450334189042,0.039603346305628964,0.04434864148317281,0.03828088699385446,0.03644332031898812,0.03769744906218923,0.031633899530936926,0.027451017494728034
U:GGCCA,0.033798508926628223,0.0018553020550812927,0.06942694491968328,0.08028256025827835,0.04481418188596675,0.0626079046993503,0.06785857542861772,0.0565140035778734,0.06618187425521968,0.054773864932839235,0.05625244600251213,0.04946463653744616,0.06423483185654152,0.03882568456351604,0.036999661341497576,0.04249529830739066,0.03959181402866007,0.034487537464706806,0.04093278458293766,0.03021575572083999,0.02838582865441315
U:GGCCC,0.033068540370148676,0.0014783688913887643,0.06629950580669612,0.08021391982819037,0.042065084325680305,0.06565431734850102,0.06813280354688218,0.05578549062897603,0.06998414851666812,0.055287687879179814,0.05598401015457452,0.04888242530702849,0.06860955119547857,0.03824358345790935,0.03548987700813028,0.04072056572049052,0.0412228802776867,0.03270308397075146,0.04239745413747778,0.028943244470780033,0.028833457157380865
U:GGCCG,0.02581787678255196,0.000554053914106109,0.0651505266101221,0.07813713611085221,0.04324209567009455,0.06853180890835844,0.07214610453495718,0.05053282381085531,0.06569422437630099,0.058346537421940535,0.054773666387050675,0.05064156336409109,0.07060303849380184,0.039104814573171366,0.03664005136649372,0.03898571887200837,0.04293141123227804,0.031871045246010296,0.04560329739750003,0.02926129596835161,0.031430908959103575
U:GGCCT,0.034167865000061456,0.0019693321194003324,0.06790555903789192,0.08080974247413537,0.04341323168062595,0.06497850563334874,0.06704143539068505,0.05646490230392004,0.06753116848614803,0.05341967006359912,0.05658308113969778,0.04816023915614639,0.06569041494007388,0.038975380039500095,0.03702968368725531,0.04196199557727525,0.039884884359645614,0.033715003701361136,0.041360701660838085,0.0302169101623399,0.02872029338605055
U:GGCGA,0.029351371818022953,0.001230558629929516,0.0664210403681482,0.07693539931263471,0.047227238306052306,0.06451331042115688,0.07097920428729539,0.054261082309081374,0.06112745383584785,0.05597949554377585,0.055986776955787264,0.052717422962660916,0.06424389817673443,0.03974194675831537,0.037877905283392556,0.04070309314382245,0.0419919030698433,0.03382944020504456,0.04226859672627716,0.03211102697035009,0.030501834915826878
U:GGCGC,0.02519948235385926,0.00043570717876350207,0.061057532856873445,0.07834925507078616,0.04441611986499581,0.06932946616115963,0.07278911122238624,0.050503014183244134,0.06512846858681302,0.05911310828298856,0.054437384976556355,0.051218354327482715,0.07187867831153713,0.03935021102534255,0.03705461947155873,0.036976582364914516,0.04386986011848634,0.03098723442997145,0.044663237369369134,0.03089619113888654,0.03234638070402476
U:GGCGG,0.02592534946428797,0.0009254546295867845,0.0617572700771072,0.07788542030363325,0.043639392396969554,0.06882858476954076,0.07372928769439806,0.049301492085259614,0.06652756803143181,0.05798814576751738,0.05438728593603426,0.05261630230396137,0.07354840338043336,0.038528358874478905,0.03606328427021593,0.03751035878193344,0.042587739408802755,0.03101955653896795,0.04684483070490197,0.029400010937191075,0.03098590364334661
U:GGCGT,0.027215472195080505,0.0022781341603296656,0.06478609966438677,0.0770582862483538,0.04525468371638557,0.06503037512213773,0.07268787968902672,0.05277411954628489,0.06301775776371128,0.05652852712519648,0.05533370151663197,0.052928119291388756,0.066947406431879,0.04063469136326947,0.038781384085984964,0.03872297038956625,0.04106482858235269,0.034033943667955306,0.04316772165342623,0.030847742045116616,0.030906155741535324
U:GGCTA,0.042407938413156356,0.00234915540014804,0.07330555664563343,0.07900117593090018,0.04800342088989146,0.059858807099970365,0.0644353298898901,0.0581037065504358,0.06238658491533704,0.05138506797800779,0.05556104353380091,0.05103729554837758,0.059511034670340156,0.03939300855628433,0.03924415654360214,0.04299252086296278,0.03801951043926229,0.03580296865041293,0.0381643028515986,0.031199381858187335,0.027838032771800393
U:GGCTC,0.02948874560499676,0.0014743841684282087,0.0687883069013501,0.07895497179762272,0.04434199764183512,0.06407091490423938,0.06997482499654774,0.0557281099627155,0.06654805026502798,0.055132195324035224,0.05749248467723946,0.04915605315431109,0.06605517256030848,0.03917315516087571,0.0366460946877556,0.041842555315962225,0.04034586418244973,0.033923582711039825,0.04146333690952932,0.030366152898312106,0.029033046175417725
U:GGCTG,0.02914610413604526,0.0017100087861195734,0.06828949853427818,0.08020139647296147,0.04406745331176491,0.06420846916236256,0.07003029979553796,0.055446983569135265,0.06635299398657174,0.05429466072166613,0.05739443655244711,0.048700694404528275,0.06725555564679252,0.039293935387807274,0.03659309317939833,0.04146377846935396,0.04042915130464296,0.0339538359212698,0.04160884524112561,0.03041406983459651,0.029144735581594586
U:GGCTT,0.036227523085086366,0.002525924632511871,0.07221347284122445,0.08000400079337767,0.047569602785637155,0.06020685457963698,0.06557571586229811,0.05896423528055564,0.061886001122256444,0.05233495455878539,0.055878877675742476,0.05029048133273886,0.05963046909302353,0.039744322179144,0.040070658079653085,0.044289291266234154,0.038676313777477905,0.03543329778956166,0.038971287526509496,0.03126128401733903,0.028245431721205732
U:GGTAA,0.04635648730097924,0.003970583308693189,0.07701562452206616,0.08040067060035044,0.05253667254631497,0.057167077659424165,0.061327013803821724,0.06073128065149028,0.05722679663068477,0.048917120263812196,0.05411121420321055,0.05169769382811715,0.05347615392346358,0.0396854412430868,0.04088419034912293,0.044792141566006215,0.03715248292547218,0.036885932395211415,0.03636011413606312,0.03188264785179208,0.027422660290816823
U:GGTAC,0.04421264117056144,0.0029933739891020894,0.07496220231149354,0.07916104352061369,0.04824710048604276,0.05913892299418575,0.06420229119948047,0.05968889204574281,0.06126371117492466,0.05146573855161287,0.05425617193128431,0.050739211169851146,0.05663666527990584,0.03939686050877211,0.03963430102180597,0.04403405343426246,0.038372010431147324,0.035989487676431495,0.037509512841067065,0.031033677994135016,0.027062130267577193
U:GGTAG,0.041741050739676565,0.0029014825770001086,0.0739448207864361,0.07852808863491961,0.048430580014426815,0.05969397418486474,0.0639575416382899,0.05883293236456054,0.06107755152482312,0.05085385527781024,0.055108019778439564,0.04997669410985604,0.05820696436415218,0.040229861897489005,0.039423894514988976,0.0453880531454892,0.03845270381907644,0.03600256297627635,0.037901959441034756,0.031689294200930355,0.027658114009459372
U:GGTAT,0.05315072005708058,0.004269895287228498,0.07721068811648006,0.0780886365600029,0.05185470092616593,0.0567294051411546,0.06050040274142886,0.06083346572238434,0.058313893046369615,0.04908289226875814,0.052049800580282114,0.05211529832130683,0.05051408758859614,0.040306194971445775,0.04123849260432954,0.045872109389588925,0.03710656064394034,0.0367916140594385,0.036188198700636304,0.03182075358634971,0.025962189687032282
U:GGTCA,0.035631525890520356,0.0025695926380397303,0.07224613817243526,0.07948122554929654,0.04804864492371559,0.060255102587326276,0.06578109546292539,0.058680498112974,0.06252000985466746,0.05363652701523784,0.05577170496458628,0.050913401514619545,0.059016128091634125,0.03929251104782013,0.03868314030642303,0.04407226280065365,0.039074708614859836,0.03543157611599943,0.039661465988900406,0.03125881475010444,0.02797392559726069
U:GGTCC,0.03546975302410375,0.0024005772074324363,0.07104045796540319,0.07784283567997055,0.04498298663277849,0.06294352037150305,0.06763481534706675,0.0570200181713451,0.06603294595509421,0.05437893786706414,0.054819860211286424,0.0500409746016853,0.0627416165371117,0.03866903804699608,0.03757786658907225,0.04303372387869143,0.040073457365630026,0.03435928193495134,0.04041936614072697,0.030073279215187917,0.028444687256898877
U:GGTCG,0.026334806806130397,0.0010323694756501581,0.06749819335341761,0.07569145291925933,0.047357603401188164,0.06498296590365177,0.07105517545588498,0.054480952783174254,0.061547991102852154,0.058028549708590255,0.054800048802920664,0.05296055410085311,0.06595902431699374,0.04016855777984252,0.03806627812033674,0.04048765379958893,0.04153879362934182,0.03363647455209243,0.04330320691499845,0.03107432121706976,0.029995025856162778
U:GGTCT,0.03713591085737303,0.0030014940679132986,0.07180773997052967,0.07891637946447838,0.04738784728858528,0.06118074522545629,0.06575748421158632,0.05765519707516169,0.06412572365703435,0.051953283147448265,0.05521372158547939,0.05038112090030436,0.0603556169349618,0.03903380868121276,0.03887762001352265,0.043973275296912605,0.03879849812265332,0.035118816418717155,0.03966472869411888,0.031297331845430765,0.02836365654111975
U:GGTGA,0.035815294245621666,0.003020693002200671,0.07266189157301961,0.07974817796149244,0.047448309332351536,0.06049858169677597,0.06555259436527792,0.05920683797872964,0.06377553154992512,0.052895597821084606,0.05573011237647374,0.049792275058782184,0.059823946313666755,0.038763816951024606,0.038854814281769574,0.042790710323071905,0.039750144340593596,0.035041293961124265,0.039597436176354917,0.03089725460007196,0.02833468609058732
U:GGTGC,0.0315399472969965,0.0021081201398711865,0.06965699966252845,0.07918805781533844,0.045277193385557656,0.06287741166502718,0.0685440615777872,0.056186858714305205,0.06469401382915323,0.054746501425278774,0.05629887054735013,0.049272282097493375,0.06434792598602725,0.039781433320648235,0.03767762132820185,0.04223276920536221,0.040032741920428515,0.03493620351688435,0.04124907554336509,0.030764480760531624,0.028587430261863563
U:GGTGG,0.033368081040722836,0.00217502720761307,0.06946483257826934,0.07854616435929235,0.04453032067019311,0.06325690946824934,0.06884396117536888,0.05608485611601832,0.06613189997722153,0.05466515653868543,0.0559448634557465,0.05003828047885399,0.06570480372554478,0.03879299435600213,0.03717714687049176,0.0413389625673863,0.039799043304396244,0.03392488800587178,0.04120292450203741,0.03022338715800663,0.028785496444028245
U:GGTGT,0.034978730871227666,0.0030151313176482353,0.07284240278418509,0.07785001136806395,0.047610961266506095,0.06021866305907525,0.06741969476984151,0.05792901233694375,0.062341330601224355,0.05339499446691327,0.05535633927585904,0.05084213296955529,0.05904978079919848,0.03932878422093856,0.03967407147446148,0.0437269513682715,0.03894764747114823,0.03548911448913996,0.04020521006389701,0.03188529670646904,0.027893738319432218
U:GGTTA,0.045772656581365756,0.0028453273010038173,0.07627745181205524,0.0789180687120034,0.051732821999151704,0.0571392384183986,0.06259720062208399,0.06051916914086432,0.0566988901456242,0.04948100758753947,0.054052382298883074,0.05242648098402375,0.053523669824214144,0.04038244026579952,0.04106284462038739,0.04466663132098591,0.03776685988972148,0.037487039917055466,0.03645317875488949,0.03252833545407418,0.027668304349875113
U:GGTTC,0.03749440431443912,0.0026408987002116426,0.0737875573143888,0.078513097215269,0.048166601769958385,0.059388434611930926,0.0658012889280918,0.058119637743925534,0.06203860427046829,0.05248819277236089,0.055286697764109737,0.05062605457150955,0.05879641770170294,0.03979492640183512,0.03982936138990207,0.04432710060049321,0.038890345753768644,0.035230966060345995,0.0389737843787001,0.031382193932555105,0.028423433804033133
U:GGTTG,0.04006952824861885,0.002667094759917186,0.07252748469382106,0.07855474242441017,0.048882344474829226,0.0600865781694585,0.06515062608637888,0.05780919588587624,0.06084386036779115,0.0515217607918249,0.05433942628123512,0.05122172647055567,0.05956400916710029,0.04037288398303865,0.03996435016551709,0.043516047961205895,0.03849739269067679,0.035557942052411896,0.038631356354416925,0.03171395989947189,0.028507689071443597
U:GGTTT,0.04325935983281351,0.004068194942551219,0.07490886653630992,0.07867214462264022,0.05115627492281792,0.058055737938344947,0.06356797308677258,0.058876280704731894,0.05686339796755656,0.049765451338074404,0.054355025339022235,0.051865350442237314,0.05584293330015685,0.040447508635115925,0.04167221006470134,0.0449853043019885,0.03761192570096718,0.036215348967993076,0.037473130999904354,0.03252758095218918,0.02780999940311087
U:GTCAA,0.04650341962436207,0.0033241526159258445,0.0771889067617141,0.07942526008818118,0.053263108560054624,0.056053487322509345,0.06140858435652043,0.06172682351035145,0.05729895964727529,0.050381597676275564,0.053182102229988544,0.0529130454908405,0.05144046613356787,0.03895102588730862,0.0408069387707868,0.045398261835603436,0.037855993889808245,0.037312094245078864,0.036363162950019096,0.032390959693564626,0.0268116487102635
U:GTCAC,0.033630218863914756,0.0019935851080053325,0.07285379064035774,0.07973110583095973,0.0487007875952518,0.05899831264727441,0.06703168582771292,0.05951730889377549,0.06070411310674597,0.05451059391864303,0.0549127545172351,0.05165980410966317,0.05787300088057183,0.03968599497237759,0.040013134786522825,0.043654717454507885,0.03934409697112807,0.035867314059140974,0.03962696222396041,0.03178052608017631,0.027910191512074658
U:GTCAG,0.03478872017819092,0.0021719478052954753,0.0730727651694325,0.07945537671088951,0.048377477196336394,0.06126520206983317,0.06625200853757005,0.05832605326950126,0.060726015356538335,0.052370856734603004,0.056133539470166346,0.050342870887583595,0.05916210563588712,0.03984527219093111,0.03946435421437456,0.04392985744189436,0.03876242789607198,0.035552344478611816,0.04011263011344381,0.032013205156520626,0.02787496948632406
U:GTCAT,0.04280136710070637,0.0027149556103135877,0.07592360930156118,0.07974573916315358,0.05174525909931807,0.056123138536259415,0.06286890040513496,0.06128706844261453,0.05780011828599911,0.050220732054100166,0.054327224052495626,0.05171606602823943,0.05264916307790117,0.04024967644346221,0.04159255771307969,0.04535197653309575,0.037992078946714,0.03781908296995168,0.03726333339460274,0.03279787474442548,0.02701007809687126
U:GTCCA,0.040130931935943165,0.0030262108513022246,0.07337521589580245,0.07835733262876686,0.04848298031617421,0.059466144113200343,0.06463296490378265,0.05920682450912756,0.06277858509352631,0.05299171645113782,0.05346509704913862,0.05076915173132532,0.056532896893546854,0.0387523791350468,0.04034010010715282,0.045273288612933685,0.03884534276669553,0.036014844824127486,0.03867898679427148,0.03137889529848665,0.02750011008851116
U:GTCCC,0.033880072573100224,0.0024696065421846926,0.07002900146333026,0.07864863534037264,0.04427489397484183,0.06351156333922116,0.06817427139662816,0.05680726337040689,0.06640287161202431,0.05600931279031449,0.05450179223235513,0.05088955076139889,0.06283860818227616,0.0387144915148309,0.03736226830078192,0.041825488713165805,0.04016519597135963,0.03391037449386323,0.04130783090013118,0.030179450499918565,0.028097456027493944
U:GTCCG,0.026963233520554082,0.001989938320526515,0.06672754212466835,0.0772113297267496,0.0468367733710072,0.06502188070707418,0.07058681644326523,0.05206574549464181,0.060706040453464734,0.05620068226456704,0.05550291168464216,0.05348713000930361,0.06600392818993144,0.03894593570173323,0.038721959960028945,0.03956617621722201,0.04243478860135764,0.03351883119120637,0.043313462664966745,0.03187347093484029,0.032321422418248855
U:GTCCT,0.03637875106591763,0.0020714154100622624,0.07179335553013065,0.07869493115993263,0.047057210316797146,0.06120488329541023,0.06641470302142119,0.057671393127563024,0.06290949448722398,0.0521084814905278,0.05589136424601593,0.04995907733312765,0.061017196090278406,0.03964827931969816,0.03905007991704054,0.044037931669859066,0.039416027116087535,0.03556372580527667,0.039800828737567864,0.03135747556424002,0.027953395295821602
U:GTCGA,0.03683064381037467,0.0016751354067787146,0.07367245519012787,0.07568261767826233,0.0519515327488972,0.058830755486068455,0.06689374057736333,0.0580378580601932,0.057769836395108604,0.054721089954771346,0.05302361940923558,0.05370484114132559,0.05620637668211514,0.03947735775308504,0.04073929309285834,0.042604277179071975,0.04014741191579653,0.036517951867775976,0.040381930872745546,0.03222960522642247,0.02890166955162209
U:GTCGC,0.027014374328364562,0.0010746167023098939,0.06650919808058561,0.07729792418100376,0.0469533020524115,0.06428548629065722,0.07128645450966622,0.05387979188611191,0.06089139987445072,0.057848425846127656,0.054145786119356935,0.05513528466702842,0.06339174566695394,0.04012257014267931,0.038622362667177376,0.03965442029216806,0.041452541308904425,0.03457925032185302,0.04314426463234277,0.03189802845074319,0.030812771979103492
U:GTCGG,0.027170729509304735,0.0006608690427912705,0.06694303008456119,0.0787485543489689,0.04768019946229291,0.06459243905736042,0.06968413463704771,0.053793238108112165,0.059808648372609984,0.05699244506526082,0.055993631625587646,0.053913396115892395,0.06692801033358867,0.0394268463028883,0.037541867555835925,0.04035807086318509,0.040440679493534,0.03434266059868727,0.04378257408492167,0.03095570675438201,0.03024226858318689
U:GTCGT,0.028528769586437196,0.0016937451836629848,0.06970845106601592,0.07644329565887491,0.04921493706652967,0.06206652966863601,0.06726014641664527,0.05575712817878243,0.05635917030567686,0.053782430002568715,0.053782430002568715,0.055660801438479325,0.05985904187002312,0.04125995376316465,0.04179777806319034,0.04387683020806576,0.04181383251990753,0.035745247880811716,0.041741587464680194,0.03409163883894169,0.029556254816337016
U:GTCTA,0.043996780383735924,0.0036401716757322815,0.07578770585630373,0.07963815523786447,0.05155285211767753,0.05765508328946745,0.06279087255499946,0.0598177407540475,0.05870786438619798,0.04952248857398294,0.05429760283415356,0.051550066982500996,0.05515681703611485,0.039727168158106556,0.040534857359301936,0.044243264846859344,0.03784859448153316,0.037209405958518196,0.03725118298616623,0.03207500926057446,0.026996315266161443
U:GTCTC,0.037957548422691514,0.0030566570471787626,0.07294469918958875,0.07852422992141855,0.04812761607225975,0.060183433584965924,0.06611398025599396,0.05867175910228741,0.061877021437593896,0.05202893191230238,0.05601906930386963,0.0514883161227343,0.05872727257199029,0.03884063961765738,0.03891152604820106,0.043900905894420215,0.03836236972483254,0.03563366917559081,0.03965882275573988,0.031237856428502495,0.027733675410180486
U:GTCTG,0.033821353040863866,0.002913178866381262,0.07246921476446358,0.0789281618183714,0.04782235211182125,0.06127090540416466,0.0668498296755198,0.05809473122345731,0.06184046922098921,0.0523990930552119,0.05574644761802498,0.050761208035518375,0.05905956610441692,0.03988036047476101,0.03952321595027677,0.04415753574946662,0.039132613442017315,0.03548413702522732,0.04004453802305333,0.031735286657111686,0.028065801738881443
U:GTCTT,0.04268838665232829,0.0032962040179908276,0.07599487240762294,0.07901079951202314,0.05108194264354235,0.057775397882581674,0.062444958777166576,0.06024847285960634,0.05845322547097585,0.04997706154733508,0.054038126511098225,0.051684538007762196,0.054969678463374444,0.03997781386957683,0.04127298823869562,0.044898148844742816,0.0376301259328427,0.036702261834692676,0.03758070868755172,0.03253203638879423,0.027742251449695457
U:GTTAA,0.04806273214248005,0.0038855635826961026,0.07843512211603663,0.07950857944640104,0.05546665477846891,0.055614475132158434,0.061691534117172264,0.06220421264544467,0.05151656643820992,0.047241507955316016,0.05276482720269925,0.05316722705440962,0.05002076524016115,0.0408676350855129,0.042892539295577355,0.044957331537589774,0.03737391275783507,0.038053182478360745,0.035388896579718575,0.03353762262636881,0.02734911178738271
U:GTTAC,0.04387822054305268,0.0034343644690370064,0.07643857396196417,0.0793820788317211,0.05301448944817134,0.05731653502704686,0.0629242340854889,0.060370772533678424,0.054475499164547046,0.04907769629838975,0.054173050320546194,0.052636015211689396,0.052333566367688544,0.04064053045891241,0.042170954664075194,0.04461533630493454,0.038168052477353526,0.03786890908519967,0.03654177016862763,0.0330892257144321,0.02745012486344352
U:GTTAG,0.0442904003310641,0.0029549850664177518,0.07693802728634533,0.07885380955088193,0.0528023438915104,0.05705170496688698,0.06204410926701827,0.06090839017437717,0.05550083360988115,0.04871428401439018,0.05368421191804312,0.05227745392669257,0.05280366603247971,0.041022067854918826,0.04188013734400389,0.04618635048106099,0.03799039861228084,0.03713232912319577,0.03665106981036532,0.03315797336943659,0.027155453368749083
U:GTTAT,0.05240280877118566,0.003983549416299356,0.07931827822141896,0.07976896335503385,0.0553213119893772,0.05465047120225734,0.06022236873651403,0.06233286612692031,0.05273016063294174,0.047504057318849935,0.05211349427364771,0.05358196706194788,0.04701994541061911,0.04059854674215739,0.04229063312616417,0.04574857532781292,0.03703456097965808,0.03813994983678513,0.03508082363572654,0.03339795843092415,0.026758709403758553
U:GTTCA,0.04339102152680979,0.0033353784792219776,0.07589093434893204,0.07915374313533116,0.05101743651801189,0.057990724273808275,0.06371713276201194,0.060650356392588846,0.05777678504951232,0.050058008631081126,0.05423877690851223,0.051895812540231415,0.05416432228860307,0.04001228972460273,0.04098114224696503,0.044751938883124155,0.03769288694490076,0.03704070217303819,0.03701054333965726,0.03203999061306311,0.02719007321999267
U:GTTCC,0.04144478206745856,0.002980436785231925,0.0740064241210197,0.07827612720901873,0.04844108772193308,0.05948604916557289,0.06455638768523288,0.05867589495070857,0.06101963090389308,0.05158651674935669,0.05428562060880022,0.05110211644856314,0.05798419670459726,0.03982658892288622,0.039872067553746754,0.04373880881946993,0.03849395927441489,0.036198874879825364,0.03854155319043172,0.03152409468439417,0.027958781553444265
U:GTTCG,0.033671386553946546,0.004066282003889487,0.06770439897780421,0.07844870537938572,0.04959096096047831,0.06000578601391858,0.06784101319532619,0.05405904948649126,0.058221765055690385,0.05377778492100484,0.05474212057410116,0.05374564039923496,0.06256127549462383,0.040293158038541284,0.03966633986402867,0.04011636316880696,0.040719072951992154,0.03513396229447596,0.04179591443128305,0.03290795416191196,0.0309310660730645
U:GTTCT,0.04331091262861588,0.00377185947930078,0.07632052241209317,0.07901723560708959,0.05140034441486632,0.057570933820110116,0.06256233052643947,0.06036815443602243,0.0578059230014064,0.04938594920411571,0.05401990754732873,0.0514095457984713,0.05404043371075522,0.0403332033342983,0.041597331881874054,0.04525169677052669,0.03808948133216216,0.036736170143492036,0.03730736372573931,0.032205550416150266,0.02749514980914207
U:GTTGA,0.04754896487791345,0.0037633626440301024,0.07729272465425445,0.07839117092793899,0.052769404098535366,0.05623729146155382,0.0622381463098859,0.06126149900700006,0.05650006146336952,0.0483914077592711,0.05297014684670359,0.05200816053104351,0.05117248425917468,0.040314331566120486,0.04200034509708393,0.0452314011279938,0.03778474738555126,0.037281762746882566,0.036589313042527015,0.03304586520688345,0.027207408986282954
U:GTTGC,0.0405065280034152,0.002628099467561574,0.07403591884167961,0.078534667789254,0.0493024345124453,0.05892101175159198,0.06488870969654567,0.05910926253127631,0.057969381825943626,0.05066021178953859,0.054159897544142584,0.05155551471024203,0.056567135860735925,0.04055692584994486,0.041240261357302944,0.04468954926537727,0.038582516097665095,0.036806733152296364,0.03856028175360789,0.032411744476988934,0.028313213722444237
U:GTTGG,0.040256441323066765,0.00377371497328214,0.07329133121373035,0.07823486649425744,0.0492557018295154,0.059526097437675736,0.06414166523920736,0.05875631389621187,0.060742919453693915,0.05163712174069262,0.054263995019907835,0.05128722013093632,0.057489356724168904,0.04002352174403496,0.040060078628636364,0.04435394584567563,0.03856229084239596,0.035638784556700775,0.03830743713260331,0.03207709951410678,0.028320096259499567
U:GTTGT,0.04483981979304569,0.004755930348796369,0.07561279145165212,0.07862609083295058,0.05146080431199849,0.05780570340150758,0.06351315753924297,0.05946897036176479,0.056512238943074056,0.04889498284386567,0.053474454921243884,0.051893084862075486,0.05379191095020668,0.04066223353956718,0.041636553373139165,0.045212155188717476,0.037334855321103394,0.03666279415340556,0.03795372571799097,0.03278662226785184,0.027101119876800042
U:GTTTA,0.04862050541680403,0.004104686110438268,0.0790856011563777,0.07923163494002558,0.0550040181151848,0.055682594259560625,0.06101938576616581,0.061788030651354395,0.052471599926895665,0.047175033294828216,0.052587902281537396,0.052967415228263044,0.050938682425489976,0.04085972799240275,0.04266897289280683,0.04574792470253268,0.036950919531887394,0.037717815509487385,0.035261474801302234,0.03315141779565939,0.026964657200995827
U:GTTTC,0.04568499136635388,0.004413592473758857,0.07609553560358409,0.07849209061245967,0.05202565599078272,0.057099246105787115,0.06235503488234956,0.06083242864011758,0.056070315075162615,0.0494635345633129,0.05319218103138051,0.05229555193342264,0.052724210195262536,0.04023944381779529,0.041504250294088295,0.04509983881844546,0.03787842132797876,0.036974232119582805,0.037370381906538894,0.03279122301418579,0.027397840227650044
U:GTTTG,0.0436423292433938,0.0042960672654807795,0.07522618604984899,0.07921567092620496,0.051353854784316026,0.05770076254215508,0.06346712066952376,0.059854014598540145,0.05660815509155072,0.04941521040031832,0.05428073814602454,0.05166630790004109,0.05485933086762816,0.0404721368792522,0.04130447545057827,0.04566838222343986,0.03747023867765145,0.03645134146102816,0.03708798914567882,0.032432502951670876,0.027527184725673993
U:GTTTT,0.04886390031229975,0.005565115165649872,0.07711825805086517,0.07892086582056576,0.053675307376298574,0.055788620429755825,0.06159936945357671,0.06034405115734486,0.05326333199312053,0.04727762271242696,0.05323489017796389,0.052626838644842314,0.05203904113160502,0.041033782412357195,0.042698059535614105,0.04556421881753584,0.03700150870901308,0.03705322110020698,0.03610990089751164,0.03300801929906439,0.02721407680238153
U:TACAA,0.05336400712745981,0.0034148247566300268,0.07875683189808093,0.0799140947216623,0.05499796629546978,0.054782103799879474,0.0600007795034563,0.06317475767935825,0.05400260034358114,0.04825126394486712,0.05155116190986342,0.053461944741199856,0.048239271584000994,0.03873432623418882,0.041994249662964694,0.04544904895581515,0.037207298950568485,0.03884525557220051,0.034865790491456945,0.032829087871026154,0.026163333956269855
U:TACAC,0.04063395005632495,0.002604056729331411,0.07530212168410481,0.07898935047448491,0.05131902583393139,0.05662712440592178,0.06558023583155397,0.05988886099180789,0.055727258385973644,0.05338649578840484,0.05505846907238256,0.05415749210673078,0.0542841399169457,0.03892531556412712,0.040645059513361344,0.04326355853684007,0.0380232276527717,0.037938795779295084,0.03837428649512184,0.03220520500281069,0.02706597017777353
U:TACAG,0.04291502897200049,0.00284047165606386,0.07539689614652133,0.08007779893836865,0.05125815470643057,0.058700919810365085,0.06350581466023746,0.06002512257384821,0.0578451314883099,0.04991126058592325,0.05476072774423599,0.05139187163175169,0.05546091818955387,0.0397139268203736,0.040620770695733215,0.04454556505531018,0.03763442603022813,0.03695854775315045,0.037247052149600876,0.0322387454921188,0.026950848899874386
U:TACAT,0.05223431097792869,0.0037350125013697433,0.0785913953619954,0.07889005312097358,0.05347621158720484,0.054750341451046985,0.06228196014029037,0.06192314110612234,0.05441658961487473,0.049701091569041865,0.052386862782874376,0.054166633840574054,0.04908730332097401,0.039395608370152276,0.04140886247204112,0.04413330879135282,0.03704430519814904,0.038763198775001846,0.03586901171497593,0.03186971932616507,0.025875077976890908
U:TACCA,0.049528230685093114,0.0035728136400898255,0.07650372840578432,0.07885154419397464,0.0514905495189416,0.05594234266034699,0.061708541079809484,0.06071809257964808,0.05827970822989552,0.04969078964174328,0.052961708076625647,0.051765738609842245,0.05583319593231045,0.03917554741728652,0.04089867235777833,0.04424738686477185,0.03726547967664701,0.036730196255106096,0.036366760873452496,0.032057787386818325,0.02641118591403418
U:TACCC,0.04379412195323789,0.002350518482682233,0.07416625820373919,0.07855696943848549,0.04845855639652944,0.0596955306729135,0.06395574595939985,0.05988809176729708,0.06183598250717728,0.05240208029638494,0.05451229526458849,0.0511273576798457,0.05733387229220907,0.03848039059665294,0.03874615673518234,0.04309549120584622,0.03869045724507139,0.03588320294347934,0.03835785171840884,0.031522728574793275,0.02714634006607551
U:TACCG,0.03153059471385556,0.002079735240661537,0.0698519771048277,0.07594650559267933,0.049850349485943704,0.059697443734119414,0.06503241674277292,0.05643316363899413,0.057952274597390385,0.053946523677333595,0.05342206870360156,0.054253962799866176,0.06461646969464062,0.039478800264035954,0.03991283196643488,0.04339412791275963,0.041079292166632,0.03620547784177736,0.04123301172789829,0.03277843585825248,0.03130453653552278
U:TACCT,0.04743634647337465,0.003940303862565618,0.07596670923760994,0.0793795035857833,0.05052665524797219,0.05830368316967013,0.0620699302491468,0.06054506468932466,0.05882798918498712,0.049090419829232144,0.053744036152554894,0.05126239220225612,0.0543932786318069,0.03935391830650225,0.040545619962497705,0.044800934567463556,0.037880308731884214,0.03681461137284885,0.0363533075060119,0.03174560800276782,0.02701937903373925
U:TACGA,0.03676380805079572,0.0022385933493426677,0.0714009524197159,0.07769954007082096,0.052647645406813465,0.05697220074077089,0.06495990882819813,0.0591395661199072,0.05480483536163458,0.05310553950099719,0.05459115145101551,0.05667711343563027,0.05624974561439212,0.04070169726077577,0.04197362530017502,0.042197484635109285,0.039643453131995604,0.037008018234360375,0.03867678782205218,0.032968374781228375,0.029579958484268795
U:TACGC,0.029917638805892592,0.0011821559406583698,0.06972121904959859,0.07903556860401673,0.04901400400114318,0.060523786016784015,0.06708410195120684,0.05728909558575177,0.05852321442490062,0.056003013848112446,0.055340486892358855,0.052534490373873054,0.05971836109018161,0.04011535763464886,0.039816570968328614,0.043012289225493,0.040024422562290524,0.03585439995842968,0.041726207487853675,0.03358102314947128,0.02998259242900569
U:TACGG,0.029582526956040918,0.00323472491014653,0.0694590360335453,0.0757257395631739,0.04892636623352686,0.06183761865265874,0.06815040088471108,0.05657543083586766,0.05825269560409179,0.05580130863514884,0.05566307252787762,0.0543728688600129,0.06151506773569256,0.03984886185605013,0.04049396368998249,0.04221730716063036,0.039747488710717906,0.03611648695972721,0.04065984701870795,0.03118606580038706,0.030633121371302183
U:TACGT,0.036318467524693206,0.0026938042502244837,0.07408560311284047,0.07716252618976355,0.053391200239449266,0.057904818916492067,0.06544747081712063,0.05763543849146962,0.0537324154444777,0.05200838072433403,0.05349296617779108,0.05650404070637534,0.0544268183178689,0.040490870996707576,0.04332834480694403,0.043316372343609695,0.03917390002993116,0.0372044298114337,0.03919185872493265,0.03382819515115235,0.028662077222388508
U:TACTA,0.05931733876297532,0.005045292326037252,0.07917931036422286,0.08034501475058989,0.05550946484466181,0.054810604675754195,0.0584834874950433,0.06287210437061806,0.05287432609912284,0.046064306384797755,0.0505133880234772,0.05276886430301002,0.04802027116337017,0.03993627295200223,0.041969576381057375,0.04493938055959435,0.037035370480258956,0.03822357338313005,0.03360153439882558,0.032594725785268536,0.025895792496182284
U:TACTC,0.04791092234203529,0.003580408007383597,0.0767899870092671,0.079310015594666,0.05263127439378991,0.05742974443843289,0.060855363089537685,0.062257147073034536,0.057277848341149955,0.048716694972383845,0.05323741215342374,0.052028029893151945,0.05183273491093102,0.03971142634775237,0.04054179167956578,0.04515509314847337,0.03790313947533641,0.03738813937407235,0.03631618691610417,0.03218027318151439,0.02694636765799364
U:TACTG,0.04659639959327022,0.003004119569087353,0.07665238904433296,0.08072954935247711,0.05209967838365349,0.0571137768371138,0.06184778009765854,0.06076093184909181,0.05689778793835144,0.04864780100617294,0.053420268043209616,0.051469464199593466,0.052613514987558445,0.04030313400878355,0.041608929908150474,0.044595296965010786,0.03783947981194172,0.03727337192203491,0.03679701284394259,0.03252358865062168,0.027205724987943086
U:TACTT,0.05411396881295087,0.004006906609566825,0.07853504437756782,0.07996172749783355,0.05493177121693225,0.055135002430645313,0.06001336448461377,0.0630545163666161,0.05284174141510707,0.04646272007908133,0.05259705103379654,0.05255477894134422,0.04865030086348878,0.04078281411822854,0.04248020121516007,0.04497588051955653,0.03722382910368531,0.03811885936887766,0.034388347209960604,0.032671449916512614,0.026499724418474205
U:TATAA,0.05892046265470126,0.0037923471483122307,0.08020945290586416,0.0806696609315426,0.057507070601154016,0.053535591847909986,0.05883308138400282,0.06364997393125424,0.050193986420950534,0.046843642866921234,0.050282095868904794,0.055482737829973525,0.04414356160233949,0.04068035057365804,0.042260495218788136,0.04503339420895192,0.03715742900999933,0.03951162607806643,0.03316774582535979,0.032902689304241194,0.02522260378710427
U:TATAC,0.05603460362006727,0.004661930775692128,0.07857742840388608,0.0795685763433834,0.05453995740380196,0.05415227592193216,0.06098790506924016,0.06173400905321599,0.05337447470987893,0.04894417752398322,0.05120931020736083,0.05462529609477959,0.04796765907436779,0.03898149491442358,0.04140023724156092,0.04426639813425239,0.037294227081380193,0.03894126381724841,0.03480111818067664,0.032325077018168606,0.025612579410699766
U:TATAG,0.05646465372879789,0.0036378766553314774,0.07931413542640517,0.07926276749848464,0.05364352712740274,0.05537359893976597,0.060096366232778906,0.06261339470088456,0.05365688278866207,0.04738896822379979,0.05154257887545332,0.05285143367886826,0.04891767775871457,0.04036799983562263,0.04172924992551651,0.0453003482745513,0.03686881658567657,0.03803178647379722,0.03431994000226019,0.032528226676392324,0.026089770590833908
U:TATAT,0.0625871096273909,0.006522788143131853,0.0794853549983426,0.07927126437113403,0.05615813647820437,0.053160867697284515,0.05964324322763992,0.06244374107254112,0.05005294533376248,0.04792166111233792,0.04864716373218177,0.05726178568902783,0.04337331776485536,0.03964717864636029,0.04121268628891458,0.04498982227591326,0.03743699360951505,0.03940999509756519,0.0337300985923421,0.03216795866751918,0.024875887574035666
U:TATCA,0.056000963141473646,0.0037964506604252924,0.07978770076500369,0.07942040105047718,0.05552857489751318,0.05377165792969475,0.05907913880460267,0.06381016318310095,0.05467052195329988,0.04811422204900186,0.050288432303601784,0.05394816584806443,0.04532580504955485,0.039538793991792894,0.04204561454343625,0.04580737578637849,0.03738600955387369,0.03877562680716561,0.03474247188626768,0.03255295747689583,0.025608952318375393
U:TATCC,0.05350807211382342,0.004470030749000758,0.07699945344018644,0.07811529071235854,0.05252987704408693,0.0564921016093447,0.06037013725466614,0.06168909700033542,0.05882667372249996,0.04960865515550228,0.051257688920604505,0.05219980302465399,0.05028350284705546,0.03894739796102454,0.04053896944744006,0.04515332405918882,0.03768189149785452,0.03732375450510947,0.03620925356499986,0.031553472659314165,0.02624155271095004
U:TATCG,0.04022477945581886,0.004193954920149578,0.07391070801396607,0.07853852033964837,0.05348842013924757,0.055430448525917816,0.0633018614548685,0.061545771956283704,0.05203189884924488,0.052610375389955166,0.05270334483399789,0.05562671735223023,0.051959589281656095,0.03984257174142099,0.04306551246823544,0.043716298576534515,0.03904716649794434,0.03665062082928744,0.03855132946304981,0.03339669028779208,0.030163419622750657
U:TATCT,0.05270824117303427,0.00390965182288576,0.07886892146632367,0.07826625091132727,0.05381262340488826,0.055513510764066035,0.06044122883138942,0.06291202397118278,0.056243343264809745,0.048803213420902956,0.051851246726543246,0.05380337526337936,0.04805950870789591,0.03961826754565114,0.04098390977513144,0.04502688897143711,0.036970987038729676,0.03835666690814592,0.035757168465687085,0.03209336307124614,0.02599960849534279
U:TATGA,0.05468697173672817,0.005206562807116346,0.07858102869676611,0.08003990370498676,0.05438593403661915,0.05471661237181583,0.059651778113910814,0.06328646099153482,0.05445725681479883,0.04776125209452769,0.05110879131974001,0.05324476958574434,0.04678588994617446,0.03981570935134249,0.041682143092018425,0.04629959827676758,0.036919263541370456,0.03881163283774809,0.03460729400453316,0.03240740311912108,0.02554374355663538
U:TATGC,0.05096207464692739,0.002580790371793137,0.07795605448869118,0.07951135686855672,0.0529763808998752,0.055859380433284485,0.06197943207438139,0.062494072780564534,0.05573672650576663,0.049209514404249644,0.05274624672659428,0.052728544097880366,0.04947252488799926,0.03982079881847598,0.04060224342884745,0.045875097838635484,0.03712367688656282,0.03777740967549817,0.03652684540420791,0.0321871724223392,0.025873656338868775
U:TATGG,0.050251975783267004,0.003930145773909514,0.07687910799445315,0.07902907586331301,0.051479723559453884,0.05666016527807529,0.06103338256350128,0.0617537965478754,0.059185560152876585,0.049085108062097656,0.05243463849648812,0.05235121027294558,0.051055817991183666,0.03941532599014645,0.04062729004836582,0.04533534763638823,0.037646422169359296,0.03717967508089155,0.036509994475698714,0.03149415438730989,0.026662081872399913
U:TATGT,0.050047440347256056,0.0043662127538605265,0.07753125535298412,0.07877466624713444,0.05297647177451196,0.055171726767897035,0.06282171054949406,0.06120290740688997,0.05467849293983155,0.049273573479084336,0.05294306307926122,0.05461592756508925,0.04942421632312404,0.040373497064286834,0.04111456266803055,0.04488853036971884,0.03722093109426233,0.03780163496080249,0.03647318375146846,0.032361484512336315,0.0259385109926756
U:TATTA,0.060498968584844555,0.005523568472054558,0.08046384512168306,0.07976975283433484,0.05727757259173163,0.053495218392248904,0.05845633276938335,0.06345484436027578,0.05006140622499061,0.046125723449100146,0.04949596035296986,0.05580412236966697,0.044294007919233984,0.04030522109980718,0.041646285185168566,0.044837015462999945,0.03694994308144066,0.03944433723909834,0.03364253349668436,0.03301426030555019,0.025439080686732517
U:TATTC,0.05686330145939146,0.0045957116779691476,0.07931504128479415,0.07906061723841142,0.055454983968447634,0.054736165101344,0.058923285002222665,0.06316242468953645,0.05394641016182883,0.047115739295746674,0.050400552355550514,0.053501877441383155,0.0459306339793245,0.03994457528208911,0.041739730821250556,0.045854968835418855,0.03727548733081747,0.038495587776296004,0.03497526695608584,0.03263248493790729,0.026075154404184283
U:TATTG,0.056760961995182935,0.004801207437907058,0.07943866823628619,0.07882114359593366,0.055349610362473906,0.054898127090675375,0.05909020523832533,0.06286438151455848,0.05379087369475626,0.04658766331287977,0.05049896364067155,0.053169617787694655,0.045824619270873175,0.0404208122594499,0.04238159291507077,0.04643188292777574,0.037079462921469894,0.03790034159746722,0.03480432304560914,0.03277637958922485,0.026309161565714136
U:TATTT,0.05793518681969576,0.00545702293539836,0.07894410508762895,0.08023997479017342,0.0563420658344117,0.05420988055969316,0.05911142655814381,0.06260950883146327,0.051203812986270275,0.04605024166711649,0.05115238669072882,0.0541052043411088,0.046369011754373426,0.04063406798775106,0.041732985920136786,0.04518146552541626,0.03686499466771319,0.03858212232309719,0.034159460906532525,0.03304996593463827,0.02606510787850848
U:TCCAA,0.049251276159640714,0.004035965601039951,0.07652295222304492,0.08003297406276635,0.05174018378190865,0.056105330495972425,0.06161281959942482,0.06101507145934473,0.0591425624651469,0.050433717098207875,0.05243864455713484,0.05226706006762667,0.05284429267091773,0.03817008872037137,0.04027759386324343,0.04499430227591905,0.037420339103172634,0.03723942936966946,0.036112007370672855,0.031855033486951186,0.026488355567823432
U:TCCAC,0.041972263198662,0.0032177057688797233,0.07419569689823426,0.0779935961636185,0.04974369853619549,0.058498897336339555,0.06486129132521917,0.06008258876812488,0.06261156144081385,0.052867665559891655,0.0540349596183353,0.050897178463769975,0.05578935423871805,0.038669699197300324,0.03971957314335614,0.04345629554346271,0.03864009748829499,0.03595226231061073,0.03871903537897588,0.03106995377199777,0.027006625849199026
U:TCCAG,0.03799203562489158,0.0024366554133390447,0.07234380450145629,0.07898057501560875,0.047836348937070915,0.06131529294033732,0.06556112272765131,0.05793741596795213,0.06316204102924425,0.05231012592830559,0.05614389730853218,0.049988696574091294,0.060955837734154694,0.03890820804064975,0.03867650346523586,0.04358175194960613,0.03843603168967118,0.035477101638777576,0.03921067644585221,0.030930682132007732,0.02781519493556421
U:TCCAT,0.04926583335566844,0.0031055199682888538,0.07650525674320319,0.07807177044966913,0.05155812040925435,0.056764080637721315,0.06301673440081026,0.061951702569759584,0.05968903891809694,0.05056855772119865,0.052046201221894794,0.051579279982056685,0.05046558113356064,0.038798192690355046,0.04126398824092008,0.045367534726385564,0.0378058087259257,0.037274703448587174,0.03718794920009762,0.031552449643743326,0.02616169581280267
U:TCCCA,0.03938928491722789,0.00201777532721568,0.07240360757748808,0.07941133997610703,0.04725362004909876,0.060848988486734146,0.06552649889068304,0.058635605792078556,0.06350084675672482,0.05283827602956428,0.05552098512596327,0.05049952082758983,0.060855552492352936,0.03865805469129482,0.03829834718338519,0.042704764155278116,0.03869153111995064,0.035474511966182246,0.03885628766098224,0.030810129573470915,0.027804471400627518
U:TCCCC,0.039464469652572935,0.002259263551908376,0.07168346150518537,0.07740099805905754,0.04654670586641288,0.06072097278926001,0.06728328455130601,0.05754184289956235,0.06465264639097339,0.05396358733179995,0.05445820933774521,0.05174513417642171,0.06086952263262971,0.03812180760673143,0.037773286820364065,0.042062459495681444,0.0395738415152737,0.03427175479807832,0.04055247482406638,0.03090816191606444,0.02814611427890478
U:TCCCG,0.027428414498611844,0.0017850782902726107,0.06646412893757804,0.07577571521135584,0.0463734160648464,0.0650566633625554,0.07143316898598112,0.05322622863591698,0.06128053621005566,0.058916165686160926,0.055002724819024816,0.053621005565496496,0.06611655359740477,0.03902284127821904,0.03777843573932708,0.040928069068798464,0.041327137051960366,0.03349167321052338,0.04367005230794317,0.03070677943555481,0.030595212042412775
U:TCCCT,0.03894843259019909,0.0033388148799949995,0.07288593814988184,0.07854960198682025,0.047514551342618304,0.060176202874926976,0.06575031074118685,0.05926681909213086,0.06265852608903667,0.05265650657184553,0.05518270620111987,0.05071632755607165,0.05911054692853073,0.0387753311166728,0.03891657711069599,0.04319963648690559,0.0390626314789838,0.035511647084562475,0.038974878648654496,0.03097975434015882,0.027824258729002432
U:TCCGA,0.02870573110222776,0.001915054605840247,0.06889509384437169,0.07869133471270832,0.04828482084865042,0.06234641061181308,0.06802461447808066,0.05392954473929143,0.05909885297603503,0.05510134388622165,0.05585799133538231,0.05411033660767495,0.0634311618221142,0.040008570873760405,0.03822743617042647,0.041649089679462716,0.04101966613768305,0.034986574529773745,0.041950409460101916,0.032415312401652574,0.0313506491767274
U:TCCGC,0.027128674931344514,0.0011140993890193795,0.06492999623902754,0.07803663045252304,0.04660057762860042,0.06607248032585633,0.07058564727755268,0.051284052767153226,0.06136771666394646,0.05774157151879422,0.055591430659731336,0.05365417503423904,0.06889675775789272,0.03908572888355887,0.0373400699682801,0.03831224586825242,0.041739698128738796,0.03368554012531844,0.04474847609653636,0.030783204774306173,0.03130122550932792
U:TCCGG,0.030325148930674947,0.0009432743973992577,0.06713530934346978,0.07744395097219026,0.04621483074400768,0.06474343497863595,0.07018972167790548,0.05219451665609226,0.06266037068437927,0.05587777858879413,0.05550720650410156,0.052480867812445604,0.06803366591242146,0.03866863556481362,0.03689438134113406,0.040442889788493176,0.0414759998427876,0.03358169149312477,0.04307058275267682,0.03127403805663015,0.03084170395782216
U:TCCGT,0.027402071053655667,0.00156135804929905,0.0684482284043775,0.07618857788281747,0.04933227028104445,0.061937033134960184,0.06900822916370056,0.0552882105602855,0.05821160435471777,0.05542109209639606,0.05586719439619579,0.05490380325939425,0.061633303909564625,0.03933768045787181,0.041169547348538775,0.04246514232561671,0.0408515808157028,0.0359539470561994,0.041553954649430035,0.03313496018299686,0.030330210617234735
U:TCCTA,0.047060478285111194,0.003202666561428966,0.07577923963737516,0.07902035843556063,0.050661833827646954,0.05782103317112561,0.06132423431983559,0.06131613911209738,0.05865888717203025,0.04915308948543824,0.0539586071790326,0.051122248767757596,0.05519616206201131,0.0395086613663294,0.040476038691045386,0.04454286867852817,0.037952357678658705,0.03731182436637291,0.03640010159485711,0.032172379353577425,0.027360790254179403
U:TCCTC,0.03906032872302632,0.0023055562939995116,0.07369382019077632,0.07777023222317012,0.0480698820396198,0.05882431129360075,0.06568177039656052,0.05897475246687273,0.0627611574182603,0.05244113460436992,0.055752652960609786,0.05194449747814676,0.05816575354714911,0.03866277734948028,0.03868815296906833,0.0438043612231532,0.03884765686362175,0.035783248707655944,0.039899536713688094,0.0315412909665211,0.02732712557064935
U:TCCTG,0.03552725865125627,0.0026014201212739853,0.0717070258263089,0.07877802166091415,0.04704575689104454,0.061239970777093505,0.06570470113009955,0.057942972262465635,0.06347314351365073,0.05282950199924951,0.05563335050744382,0.050087566428544124,0.060914793261934254,0.03942238997936415,0.038940545813689435,0.044080396372009535,0.039141897453870825,0.035363054773568235,0.040217567446069795,0.0314323908030754,0.027916274327073665
U:TCCTT,0.04570489264357627,0.00400191691820382,0.07618999500760865,0.07834652798690572,0.05080633623505659,0.057378484293976816,0.062312847854122125,0.061546981003900866,0.05886769762716341,0.049175555090888536,0.05403288175035842,0.051379110593974514,0.05355215148055919,0.0393928691843393,0.04070799913158403,0.04493852555374024,0.03780210720935328,0.03689317182930624,0.0371958167962454,0.03222243454614761,0.02755169726298897
U:TCTAA,0.05019859932781766,0.0038732176598786894,0.07839758080818804,0.080240036110647,0.05547211994051712,0.055110275011376886,0.05954656768854013,0.06334132407551851,0.0535668956197379,0.047816145853044806,0.05215920807652651,0.053015820561838095,0.04906506470285793,0.03991648028268212,0.04220662637757226,0.04540784631190479,0.037306950653397786,0.03847648515651178,0.03552264900026492,0.032688812437865596,0.026671294343311454
U:TCTAC,0.04668158707475361,0.0028096821244456517,0.07619801231819444,0.08004818622558948,0.051284080239513884,0.05709831525365678,0.06243541215166851,0.060649687320999394,0.059754462835783,0.04959047613423643,0.05395085713610837,0.05208127882463403,0.05360481389841919,0.038944627176795026,0.04010086038395446,0.04406441364567771,0.03767265254542556,0.037469514535587535,0.03693922984711503,0.03174621921189538,0.026875631115546552
U:TCTAG,0.04692184967461382,0.0033090616704752954,0.07600094963328718,0.07936667666452055,0.05073503765804018,0.05781136882994823,0.06204368508518855,0.06100221483401446,0.059460526225803646,0.04851629568766835,0.05429127754009807,0.050101948799915585,0.05464787851728245,0.04021384334763319,0.040550904545245826,0.045073386527126585,0.037509537854903456,0.03667909722310422,0.036797312889513295,0.03211753568207997,0.026849611109537073
U:TCTAT,0.05450016605778811,0.005273347319989308,0.07873731277996938,0.07834606443042179,0.054132408809973186,0.05444508347441495,0.059985743331362244,0.06264347797911722,0.05601979732849471,0.04879020826076743,0.05114660877595159,0.05411701808814833,0.047132870531627936,0.039371896541947816,0.04063555580756738,0.04527383334278378,0.0372269159423577,0.038514876347700705,0.03553798673157771,0.03209046504281051,0.026078363075228227
U:TCTCA,0.04237907900254051,0.0028599264977924675,0.07527686653676344,0.0790999679352786,0.050796068371852104,0.05838369138938904,0.06381126211676491,0.06076388032459364,0.05960585057839824,0.050575931726808576,0.05497928125693708,0.05118639469205535,0.055132205312877686,0.03912204326270873,0.040238142219372025,0.04441333892410527,0.03809288903139876,0.036875662876452164,0.037414596847791234,0.03167932812076067,0.027313592975359496
U:TCTCC,0.038043608158069196,0.003002102037504576,0.07331531946315648,0.07824586165297386,0.04826761164007985,0.05922814591738024,0.0651964983652916,0.05933129796727564,0.06192456566068259,0.052102477787715595,0.056648086718167213,0.05179742446942737,0.05893504314145794,0.03854993376883625,0.03898895895680571,0.04320624246015123,0.03876818841099299,0.035900687219083634,0.03913110751336888,0.03160855558197254,0.0278082831096066
U:TCTCG,0.030396009317866304,0.0013741499799995293,0.06997811713216781,0.07755947198757618,0.048212899127038286,0.0623261723805266,0.06956398974093508,0.05593543377491235,0.05776606508388433,0.05464128567731005,0.05522482881950164,0.05333772559354338,0.06243441022141698,0.03976564154450693,0.039647991717452175,0.0417892185698487,0.04065978023012306,0.03504553048307019,0.04168568672204052,0.03229723052307113,0.03035836137320878
U:TCTCT,0.0423189071641808,0.0025272145514669965,0.07602812289962227,0.0781720315579615,0.050024424064531614,0.05747251165860934,0.06346316874440942,0.060562331114188094,0.06005014362284837,0.05143344050094207,0.05545948793938692,0.0523546434270218,0.055676850427563034,0.03872892026269142,0.03996164269947516,0.04434294925837989,0.03740504581473705,0.036653125195117056,0.038110555703394694,0.031686175311694806,0.027568308081777713
U:TCTGA,0.04114049891945758,0.0033682625871949215,0.07534978566677634,0.07973764003853501,0.0503452291625737,0.059270059861813655,0.06344133234549901,0.06000620157974593,0.05926414232388815,0.050282503260563396,0.054759120701204575,0.050870114776565604,0.05576214337957692,0.03951021722098217,0.040616796813050776,0.044502843968726995,0.038014855387208175,0.036304095172945965,0.03792076653419272,0.03179078899716668,0.027742601302331745
U:TCTGC,0.03560581334815083,0.0021909298605735125,0.07231147483498906,0.07992949103532732,0.048015013500281874,0.060613703123272,0.0654493934988253,0.058900880148246855,0.06199003056107765,0.05211971958255672,0.05595266674399096,0.04993081274124505,0.05940798364321493,0.03950552014522581,0.039418530316966655,0.04400201762454381,0.03935109634157197,0.035754842433773096,0.039796160579176926,0.031522686138002284,0.028231233798987412
U:TCTGG,0.03895216316071748,0.002831823689490098,0.07285397175376915,0.07899559025087897,0.04746191128856048,0.06124361877520211,0.06470611604393858,0.05827212820054427,0.0638792880837455,0.05168171344576207,0.05537512663130922,0.04973382595395586,0.06001703315257335,0.03922342728879884,0.03871814353534751,0.04431350932602348,0.03885470671195598,0.03512529050712115,0.0387771139979739,0.03117799396142463,0.027805504240907376
U:TCTGT,0.040446010291311396,0.002786192539791143,0.07521495806782338,0.07868957357874001,0.04995941638953175,0.05874176878696158,0.06470078503855549,0.05959776007172093,0.05899586481922249,0.05068667131243133,0.054804968632646785,0.051556169363025144,0.05554826283997479,0.03984833590313623,0.0406798461748206,0.04454531372207212,0.03822161479294761,0.036633725634533085,0.03884503645349473,0.032063795831727644,0.027433929755531758
U:TCTTA,0.04828110456766848,0.003258764001995426,0.07845796467980683,0.07935345891848194,0.053656229551741784,0.05622969571192152,0.06099726672699015,0.06183157365836031,0.05422995053906018,0.04786647057934302,0.05306451229756899,0.053372608386116384,0.0515009966332584,0.0405844611593771,0.04187803282087164,0.0449726708691549,0.03687435078467323,0.037631633693906534,0.0359637396818404,0.03296268222120004,0.027031832516662743
U:TCTTC,0.044114515598692276,0.003174777417458074,0.07610724618678587,0.07815786678538413,0.050801012554270296,0.05736249026145794,0.06257365844436415,0.06125130037805617,0.05988625281229783,0.04989436889927667,0.054201942677149985,0.05214166612034272,0.05400933172129652,0.0390720725802804,0.04065463330990493,0.04437624288698921,0.037882865095591446,0.037045845981368064,0.03750221705882562,0.03217975125235237,0.02760994197785533
U:TCTTG,0.04490602401407817,0.0034282366094155314,0.07610961160884076,0.07904256360367509,0.05064383715514823,0.05748323159416615,0.06229090811156647,0.06071768974031715,0.059258110942439914,0.04918622898571098,0.05408783879208359,0.05120349563210206,0.053970914837978216,0.039924275317813104,0.041208468184532276,0.04550969319285818,0.037846576065929345,0.036822506153287304,0.03718247428165667,0.03182630618179573,0.027351008994605075
U:TCTTT,0.05242450036328203,0.004726207151486482,0.07771154981920876,0.07894019372208995,0.053317834244252994,0.05610618315929315,0.060654290056269766,0.061576658173562414,0.056206386682208245,0.047223831301172844,0.05269961745623266,0.052256314238247864,0.050049004125694165,0.04018409122132161,0.04169457966215479,0.045073881509157115,0.036741763836938064,0.03732103225916101,0.03571140252357084,0.03217524498522087,0.027205433509474367
U:TGCAA,0.049229194390418674,0.0032367693725048625,0.07681031835397686,0.07991196642440372,0.05293274644282936,0.055791790357252534,0.0613798751151602,0.06281502712662504,0.0572064694441601,0.05001842563210154,0.052314464121199715,0.05250486231958235,0.05013102671716655,0.038907769474869486,0.04111986897328283,0.04616849216910636,0.03760466782679906,0.03769474869485106,0.03582352339031631,0.032202886682362576,0.02619510697103081
U:TGCAC,0.03367652268701458,0.002180133533178907,0.07315220057228505,0.07874642321842212,0.04875868646954626,0.05875568878593814,0.06831339419539446,0.05882436299223327,0.05962883226597629,0.05423954217195803,0.056799018939910066,0.05078512058863605,0.0580667665894536,0.03935359040741245,0.039313257937048644,0.04368006540400599,0.038853249761547894,0.036563019484943456,0.04052214198119635,0.03221801335331789,0.027569968660580462
U:TGCAG,0.03398753296339063,0.0021168609777875063,0.07251080077054847,0.0797611881574928,0.048033903024769904,0.06025919078555907,0.06654881698919472,0.059409952710046156,0.06179765552105189,0.05271233203130682,0.05546993136133695,0.050016382121114096,0.05895554799753679,0.03994743867441279,0.03973478281047929,0.04359930093714045,0.039475716709140116,0.03604967142244607,0.04018572407243599,0.031839500930629164,0.027587769032180305
U:TGCAT,0.04389029176605063,0.003463373242434669,0.07650111096207567,0.07837020988727088,0.051702746204941884,0.057008975173934086,0.06457357718124719,0.0615687309372321,0.056212931481924265,0.05155330576825506,0.05437372064406641,0.05225239542085343,0.051570801234013516,0.039537565680894365,0.04094886658540995,0.04546707061753162,0.03742207227960087,0.037759588973191115,0.037210668735019506,0.03232651787745009,0.02628547934660267
U:TGCCA,0.03931451862834305,0.002455349579466633,0.07305801352219111,0.0800587763251739,0.04814832261855471,0.06011515597792086,0.06432916725550429,0.05933334490347608,0.06149613515910186,0.0521540713266243,0.05553999095875988,0.050149130875669724,0.05869202841957635,0.03950459954496281,0.039473194871782157,0.04387067555584206,0.0385690708596864,0.03564760981511738,0.0385624593495431,0.03180219022802272,0.027726194224680603
U:TGCCC,0.033071954851547125,0.0017956771029874797,0.07052068693315584,0.07907219057749887,0.045087045274239415,0.06312503280849643,0.06713534532366262,0.057324985861395124,0.06583191947284546,0.055108369558865625,0.05561745837901762,0.049655968868327245,0.06337858677339704,0.03890171515391023,0.03751509190836005,0.0428298207195188,0.04008331624815406,0.034243651494037027,0.04087864372399462,0.030363087296847315,0.028459451669741998
U:TGCCG,0.02428410480395978,0.0014630265427187732,0.06650897305147824,0.07766321556147648,0.04564215652248202,0.0664822754868301,0.07158684984755691,0.05361404932642044,0.0606835644452513,0.057549270355558166,0.05499698317519476,0.052364603300886894,0.06609783055589669,0.040142458204962546,0.03779841202885473,0.040649711933277446,0.042272923863885134,0.03383115392213922,0.04392817287207061,0.03173272534079441,0.030707538858305346
U:TGCCT,0.036247103571897,0.0020466634605575715,0.07115463647094827,0.07996502426441657,0.0469018784884653,0.061461694282924556,0.06673486935105437,0.05786210816246229,0.062410119646162145,0.05188533788017896,0.056581413311182036,0.049570527113481685,0.0620510354275055,0.040153310307640744,0.03849196286742739,0.043091855025576005,0.03888310817703552,0.03576443842084554,0.03940249785044959,0.0311470583949052,0.028193357524883778
U:TGCGA,0.03045177635362063,0.0007500437525522322,0.06948738676422792,0.07830456776645305,0.04903619377797038,0.06042019117781871,0.06741226571550007,0.05713666630553449,0.05830340103172685,0.056219946163526206,0.05476986157525856,0.055111548173643464,0.058603418532747746,0.03953563957897544,0.04062736992991258,0.041452418057720035,0.04051903027676614,0.03605210303934396,0.042619152783912394,0.03346028518330236,0.029726734059486802
U:TGCGC,0.024682787845130446,0.0007304028684912653,0.06508432833118036,0.07701826610809963,0.04425275561082204,0.0635691951081117,0.07291352271492557,0.05231736910094047,0.06250075454841786,0.058166628436213494,0.05633156668397098,0.053083990293489154,0.06661757071627772,0.039351209088384784,0.03796283999951709,0.04044379519745023,0.04252634883075177,0.0337916963455711,0.04600934432760682,0.03207736234018665,0.03056826550446089
U:TGCGG,0.02479023646071701,0.0008760011441647597,0.06702302631578948,0.0758247520976354,0.04548650839054157,0.06542000381388254,0.07160564454614798,0.052428966437833714,0.0647823703279939,0.057744565217391304,0.055188072082379865,0.052863987414187644,0.0663079233409611,0.03819841723874905,0.03805539664378337,0.04034372616323417,0.04253670861937452,0.033639635774218156,0.044842915713196034,0.03073155034324943,0.03130959191456903
U:TGCGT,0.025700839882011214,0.0015851928576253631,0.06871270631149941,0.07559838778680958,0.049420188691990725,0.0617189435049875,0.0706311499403301,0.057211051316115376,0.057846029136925534,0.055495260183287924,0.05594559906329513,0.05425682826326811,0.05874220350813988,0.03989552137983833,0.03980545360383689,0.04311544437188985,0.04107991263425728,0.03593253923577492,0.04328206975749251,0.03373938889013983,0.030285289680484564
U:TGCTA,0.048686003542603475,0.0026688538507465055,0.07676797930770467,0.07981271409841138,0.052445804712495714,0.05671636758180617,0.061339008904113666,0.06199754437676163,0.05702183283116698,0.048809974828870034,0.05356154628889475,0.051089062955594476,0.052537047579187895,0.040022890058296255,0.04127847124560398,0.04518505441843582,0.03731734070681485,0.03731436539594445,0.03624622879347177,0.0323723740402143,0.02680953448286122
U:TGCTC,0.03532586337598723,0.002067325473555728,0.07282689184644596,0.07909676728768975,0.047913542978881805,0.060198472831205434,0.06620553912221744,0.05869271219841851,0.061368732421143275,0.05229103277605545,0.05584654501824886,0.05007992114127869,0.05899466313698268,0.03967459594091667,0.03985033458240904,0.044030517813907155,0.03932311865793192,0.03625807698790359,0.03980560111002916,0.03213141416085997,0.028018331137931667
U:TGCTG,0.03417578716336395,0.0018332947127654377,0.07219156222036213,0.07997767888810597,0.04759262499533663,0.06095218878784487,0.06687768734784941,0.05838063696088183,0.06188854051560297,0.05192338309869368,0.0561269823254416,0.04939701996341818,0.06095323968765156,0.04023054639959099,0.039814390076142944,0.04332229363086409,0.03930207642038304,0.035402187237767654,0.04040499576750103,0.03142085332013403,0.027832030480297993
U:TGCTT,0.0428504999224991,0.0029250341253981298,0.07649478132800439,0.07940981533673448,0.051450044694965884,0.05771789559767086,0.06301962411783693,0.06096182233237166,0.05666121660308259,0.0491677958465071,0.05476174999819442,0.05105670677269013,0.05379896098787819,0.04045491641846933,0.041759931643646955,0.04559219857565005,0.037830441355149146,0.03705432118930276,0.03714209999116656,0.0325209349664635,0.027369208196317846
U:TGTAA,0.047768656214749156,0.0035414285830370445,0.07763736332737678,0.0804046122785776,0.05451687275751999,0.056153139822899024,0.062084330914514464,0.06178441017928021,0.052629440544407845,0.047855825295433,0.05304534048021299,0.053665866139318355,0.04978167100172787,0.04101748478788734,0.042008848400410435,0.04524223031696303,0.037217503846889724,0.03794071172815657,0.03579915948322032,0.03303929774224694,0.026865806155171305
U:TGTAC,0.04690441568623876,0.0030939888867110043,0.07610756825009003,0.07944542955733737,0.05155850430993222,0.05720517647702357,0.0630717896588977,0.06101482835484121,0.05662968314818782,0.04955852254338422,0.05367016596999685,0.05151064149842509,0.053011482516398714,0.04020362207524034,0.04111301549387584,0.04453976487963642,0.038088541642925196,0.03733869092931347,0.036817897956485865,0.03226637250030769,0.026849897664750634
U:TGTAG,0.042759875793000765,0.0031533533713994422,0.0742452311164021,0.07903587269715064,0.05015525874904032,0.059013866051641016,0.0642792979009763,0.05926796820847877,0.0579228586259523,0.0498187870857047,0.05477416767944896,0.051077641807653215,0.056188436564601006,0.041113262733859464,0.04086226886028577,0.043932475654371334,0.03805937442691027,0.03687589557411546,0.03772911933010279,0.032172285924760895,0.02756270184414446
U:TGTAT,0.04976600237179302,0.0037613166343678592,0.0775605241084083,0.07839123015069563,0.053065108610765625,0.05511584184189975,0.06321522575420126,0.060823185722963004,0.05439967604778295,0.04916669077025424,0.05278859225407109,0.05467908483498684,0.04966881670667862,0.04033205102247418,0.041511005698088105,0.044933907962861196,0.03727706591849131,0.037769936077285744,0.03668006826136002,0.032660746825557516,0.026433922425013738
U:TGTCA,0.04085595155675892,0.0021974361014583392,0.07527427051442313,0.07958659943231042,0.0511731185522354,0.05743302281689743,0.06402310022167705,0.06110210901811416,0.05846295479676877,0.051237814640501686,0.05401825916955506,0.051454955534452895,0.05365536616870509,0.03978883791696443,0.04143672908475857,0.04527164548923256,0.03821679733541352,0.03711473293529127,0.0382294390997874,0.032474461776881784,0.026992397837812113
U:TGTCC,0.03631337987676934,0.002524945292851988,0.07171344620866547,0.07920661718996089,0.04668732177469488,0.060854514818845594,0.06638522832005307,0.05782791372853588,0.06351529050203912,0.053240513122215685,0.054829645357683914,0.05033640937779681,0.059980367092046336,0.03919748405451215,0.03914748513782201,0.043795717759448544,0.039458311736579044,0.035440065465248256,0.040410791099526173,0.031216823635487896,0.027917728449216934
U:TGTCG,0.03064350728348588,0.00109554837928904,0.07124249199039484,0.07680303696201887,0.049458913751043,0.06082841291982752,0.0678348269734202,0.05611500710195606,0.05712775240606628,0.05497487245141689,0.05363728431391283,0.05610863763463462,0.06005770737393232,0.04128051771030389,0.04083465499780253,0.04209580952744922,0.040216816667622085,0.03589831782368041,0.04140790705673285,0.03327409728724387,0.029063879387766802
U:TGTCT,0.039696828649164816,0.003361372764483174,0.07471748633617567,0.0790913496835367,0.049712327912589914,0.058842977586049706,0.06499517747376402,0.05939144997288828,0.05945575032270138,0.051109181034275926,0.055056454747429186,0.05162982192641929,0.05641491960057007,0.039754890905339325,0.04017284317912446,0.04435428533040303,0.038179052481561636,0.03608977096599279,0.03865218789138039,0.0319956621256544,0.027326209110495832
U:TGTGA,0.04005228718360778,0.0031068941424650057,0.07471597248129275,0.07910252047885409,0.05052143698392907,0.05862454487368323,0.0649794757577337,0.06045647039255798,0.05873230519832292,0.050690105318147716,0.054071085503718024,0.051383519581046595,0.05456596308154704,0.039565608760914396,0.04139753427978914,0.045191986145770434,0.03823383170531299,0.036632653838112365,0.03857585360525636,0.032196325255799,0.0272036254321394
U:TGTGC,0.03325834987167406,0.002168440647984494,0.07345122238965633,0.07949694493058239,0.04824852819624243,0.059592309997264115,0.06828778594682544,0.05901618224165809,0.06041958892271348,0.05293354699277235,0.056470652949614876,0.05076293500902552,0.05804704271306956,0.04019070118221994,0.03988092394679359,0.043131413583007996,0.03917379226686006,0.035983376253403566,0.03973616822930464,0.03221031847705405,0.027539775252273028
U:TGTGG,0.03408483642770597,0.002257507535313238,0.07214852988640151,0.07963828144887304,0.04708843256666261,0.06011319283876281,0.06767113994136359,0.05821665135206477,0.06346829583460466,0.05293267277722222,0.055788067073841076,0.05000908294047411,0.059390084956357794,0.03960632360782626,0.039689216462638545,0.043835622881014655,0.03896846015058281,0.03535762387925627,0.04054636385495279,0.0312429636605955,0.02794664992348578
U:TGTGT,0.035299545575832224,0.0031976587872079446,0.07580609815115615,0.07730689509284802,0.04929244158381889,0.0577810627174342,0.0678014250595804,0.05948426560123696,0.057290519995576494,0.05317569343058288,0.056057822152645535,0.053344365049008614,0.05527254797122284,0.03925229520221825,0.04016718020622071,0.045131198618566765,0.037901907688686474,0.03700249481810351,0.03987752157728508,0.032424518816650656,0.027132541904117412
U:TGTTA,0.04972925816983587,0.004185491439918512,0.07896480151997706,0.0796574823827895,0.05512775796031625,0.05544469212867854,0.06091507389548851,0.06199820458427304,0.05231047459258031,0.04728363729334953,0.05234314821818467,0.05271154334687383,0.048335728037809916,0.040815076264326365,0.043058937502705785,0.04613679303463649,0.037408850795071835,0.03794633193626356,0.03571635698876599,0.03335895490141142,0.02655140500674302
U:TGTTC,0.04524163144064892,0.0036120589742097407,0.07677870731831746,0.07877335138285023,0.05128017204523588,0.057052855912114946,0.06229526336702529,0.061136271696963555,0.057584569387530746,0.04945725706262794,0.05307434575890243,0.05148064239610211,0.05239677034360905,0.040101255490480534,0.04192920019515321,0.04555491127211012,0.03819930201828376,0.03725586986528249,0.03719766879567616,0.03250996783133474,0.027087927445540685
U:TGTTG,0.04589666653548971,0.005142996860139774,0.0764475645922859,0.0781674880279523,0.05146932168826033,0.05684134061128892,0.0628952646624118,0.06029602553176665,0.05722390422619896,0.04904233295421043,0.05281635849758946,0.05169898888372066,0.05221638520607792,0.04029433528442927,0.041609760597754036,0.045637968374311076,0.037771866929794735,0.0368744875228135,0.03777380232750929,0.03290434167769306,0.02697879900830221
U:TGTTT,0.04738427565346875,0.005216516961214484,0.07697307767651293,0.0792707150381718,0.053074429888669554,0.05616625729976753,0.06188483662082579,0.06098002846618237,0.054134034896416244,0.04786031022385269,0.0532925838608527,0.05232407611621545,0.05257339494156761,0.040771504776099365,0.04214926526290122,0.04563150951589681,0.037073503847318244,0.037137545908226016,0.03636390411362363,0.03275426068064039,0.026983968251576392
U:TTCAA,0.0536055677462494,0.004226375509914306,0.07794670883865953,0.08030982795304768,0.05468280812733314,0.05534929175248247,0.06002554370937257,0.06282984600606066,0.05445605880703778,0.04819401048552607,0.05160104579974051,0.053504146325031025,0.049169105006668455,0.03885092427514472,0.0413437179209478,0.04492606740612542,0.03729048326582772,0.03831918625247124,0.034806382884700504,0.03241428622139282,0.026148615706266178
U:TTCAC,0.04422185221402918,0.0032781942817093597,0.0764478038839114,0.07941472143179466,0.0525783600023101,0.05661027467724616,0.0625108286127923,0.062111454690147505,0.05746873283940176,0.05028000223179545,0.053303693523584106,0.05193329280862648,0.05164942408909954,0.03936476053715793,0.04131953927127963,0.04519190014868848,0.03796303637728698,0.037861235181318696,0.0368363712180611,0.03264196617263721,0.027012555807121974
U:TTCAG,0.0437154863265351,0.003486226639813862,0.07623080806369038,0.07902014614442837,0.051662513282208354,0.058042135594772386,0.06231444301538685,0.06135057240594829,0.05745644000544667,0.049700879019075835,0.054235411571561,0.0513176366915394,0.05369847439677814,0.040270882723526115,0.04106469349687619,0.045259106377184395,0.03763198219009717,0.037193751074023,0.03691547134224185,0.03207530677664662,0.027357632862220017
U:TTCAT,0.05394112899933392,0.004503715999125318,0.07871408366185163,0.07916764304038021,0.054662014374085265,0.05537674789536704,0.06013828248080762,0.06302741657387621,0.05500763668719335,0.04705440866986302,0.051319320902488086,0.05277898795299313,0.04736647541859169,0.03946469926664314,0.04227162222698214,0.04549687122325132,0.03710574309076948,0.03825558043017115,0.03567012419473636,0.03271220119468994,0.025965295716799983
U:TTCCA,0.04825103879032756,0.003475867423006008,0.07612032029736017,0.0788333789136591,0.05175572474188302,0.057097150788539636,0.06230095365804169,0.061138214251056436,0.05899858553956813,0.05004131635980815,0.05323076289702669,0.051279336820963424,0.053196063036120206,0.039120270306035126,0.04068411657976998,0.04446052008622033,0.03760229842468513,0.03707239037931653,0.03690594867361252,0.0316533307455471,0.02678241128745306
U:TTCCC,0.042094569634281494,0.0031030661248614704,0.07429161706960008,0.07795495902256154,0.04907167973292835,0.05909918045123069,0.06409924886097772,0.059995348137202587,0.06074306667213945,0.05139008605946175,0.05428723884579075,0.05096252514058203,0.0578322319364063,0.03914268905033589,0.03976179726087373,0.04404629971678365,0.038464748457360205,0.03625100904376856,0.03806523553475899,0.03150816128281957,0.027835241965275214
U:TTCCG,0.030013533954303,0.0015710001857601572,0.06828543374996683,0.07755751930578776,0.04929543826128493,0.0610089430247061,0.06764854178276676,0.05493723960406549,0.05763341559854576,0.05579704375978558,0.05544675317782555,0.05470371254942547,0.0629302337924263,0.03929092694318393,0.03973675132022397,0.04230024148820423,0.04089377172730409,0.035772098824403575,0.04163150492264416,0.032651328185123264,0.03089456784226309
U:TTCCT,0.04420919733328315,0.0036387649070464077,0.07572249242565508,0.0783437888660979,0.050586445044727556,0.05767066012704028,0.06265065290767596,0.06130215434727195,0.0593236721587439,0.049468897712556394,0.05406055027979314,0.05126604041817569,0.054554529295735614,0.039249305863252926,0.040625176421077124,0.04490718326749798,0.03804878716390181,0.03678839222019403,0.03746927065602124,0.0323036615178799,0.02781037706637196
U:TTCGA,0.041501546987923514,0.002900235423968626,0.07018687144442291,0.07883473941913098,0.04993219085192948,0.05944895526944596,0.06551361760337225,0.05590291843528189,0.058133868761411606,0.05181088586340713,0.05461718653680187,0.05393028867323036,0.05976011413072195,0.039282338505615536,0.039798979633771894,0.04194186613123859,0.03854260234484621,0.03666977825527943,0.040245169698997836,0.031644269099576704,0.029401576929625257
U:TTCGC,0.03645896841848555,0.0018478046767279788,0.06984138894881488,0.07791732715522497,0.04933732284055416,0.059927025784848,0.06576121110933938,0.056794199581664526,0.05820115745734573,0.055133989288360705,0.054636864172286685,0.0545430669805746,0.05827619521071539,0.03894459399885567,0.039601174340840234,0.04212431879789519,0.04059542457298829,0.03539906015213905,0.0403796910320505,0.033691951262979185,0.030587264217309333
U:TTCGG,0.03785296237918943,0.001973290324157228,0.07068411470742764,0.07728211331451681,0.04954608213286414,0.061581320332832375,0.06634043229109392,0.05524601981843286,0.05797685813081143,0.05473895140696211,0.05382256271153306,0.05362095719853867,0.060701587185220486,0.03907481397309483,0.040314993340908815,0.041585718998570435,0.04008284153806679,0.03503048519726794,0.04036386740466503,0.03272118568478673,0.029458841929059298
U:TTCGT,0.04005231488287448,0.004045278733898726,0.07268828542026796,0.07682988031449761,0.05321214394703625,0.05688229658280402,0.06457745086608505,0.05806850613635327,0.054803895228294645,0.052000588035505176,0.053389568452909,0.05440342277218187,0.05341998408248719,0.040533895684529093,0.043169916914638534,0.042870829890453044,0.03909422255116162,0.03700061338186316,0.039058737649987074,0.03434938433696462,0.02954878413520761
U:TTCTA,0.053540724530661304,0.004309345809504816,0.07877357473575275,0.07959623127631019,0.054632883623407916,0.05491720881596749,0.05969346779714004,0.0628594490289823,0.05501018719647275,0.047189896888323535,0.05205104917343567,0.052753103321888456,0.04840400588593574,0.039951058336522446,0.04195480981204892,0.045258237345507664,0.03692454467543808,0.03799446980762908,0.03518153691915463,0.03252087297266705,0.026483342047249187
U:TTCTC,0.04418134535600176,0.0029070952632358504,0.07603243684563907,0.07904584519679017,0.05145966321458781,0.05736468434044341,0.06228759961046059,0.06130188117396485,0.058494389920280665,0.049496483668813054,0.05457577207299684,0.05189472114231865,0.05358437672403961,0.03915263308102038,0.040972341566404655,0.044741811440836506,0.03830522487540467,0.03703720906468738,0.03744646284486598,0.03214680702058603,0.027571215576622062
U:TTCTG,0.04410098504560661,0.003175217310496669,0.07626910402310354,0.0794224294455723,0.05105411674720499,0.05785043104680754,0.06244281302719241,0.06054715423326566,0.058593861693306264,0.04938363165870815,0.05417572127069453,0.05081911403082378,0.053921507305635774,0.03989104094587253,0.041256379921653846,0.04564056557916107,0.0378930710834072,0.036562580419180514,0.03753788636948503,0.03203900151545478,0.027423387327366825
U:TTCTT,0.05212853837499206,0.00452521899756052,0.07807013698667377,0.07871747063466901,0.05335184605624293,0.055773655457430425,0.06045110829976883,0.062125000976947106,0.05623069679945332,0.047206763804092715,0.05262329837052019,0.052515239525343024,0.049380513592137666,0.040229152713313426,0.04193906500555076,0.045162480745646806,0.03692146466628676,0.037467195815200346,0.035722623138660904,0.03237857566888595,0.02707995437062349
U:TTTAA,0.05171960895653978,0.004022269699905031,0.07923425947804515,0.08016085779829188,0.05675548732185044,0.05468167203367919,0.060586829107970766,0.06202724207308952,0.049697752452681425,0.04671630792425069,0.052167856564064564,0.05422971308441777,0.04909940169047492,0.04139465624521907,0.04270104853651486,0.04493981234631437,0.036861870870874586,0.038361252932475436,0.034684138014077534,0.033309292086306015,0.026648670782957025
U:TTTAC,0.05134889084187717,0.004676365210366337,0.0783678898351049,0.07932997508917689,0.05550040262128802,0.055467106410309205,0.06065080073006324,0.06264331609232163,0.05262641388416949,0.046969562882084974,0.05212697071948731,0.05295411869748728,0.05031057478898526,0.040336607168674224,0.04216176525996017,0.044987562112767256,0.03684663852844767,0.03799535780721669,0.03523264851205367,0.03273368025648597,0.026733352551672654
U:TTTAG,0.05238051541541585,0.004795696763396271,0.07918907935731109,0.07909003383569804,0.05483334862712711,0.05543708934343015,0.060337657835593174,0.06172283858638736,0.05304543130683283,0.04653391653666942,0.0522166533392178,0.05275412094914741,0.048919748366113035,0.04075941697145013,0.042566269464993964,0.045961491683817565,0.03673933403539129,0.037270975438167195,0.035019874649153085,0.03341038492294113,0.0270161225717461
U:TTTAT,0.05488301935730894,0.005061647579024075,0.07886544061113393,0.07962735096045477,0.05556619125107686,0.055084111197225935,0.05993926331683428,0.06221959074529808,0.05226766751992392,0.04658923537240202,0.05164084765807131,0.05407402032378488,0.04771704795635111,0.04086525843196225,0.04169934569887327,0.04516229385191612,0.036765841096533344,0.0382556961868973,0.034687763426450566,0.0327057929888809,0.026322574469596148
U:TTTCA,0.054241846969283754,0.004445172154740047,0.07869004036088573,0.07975659780341886,0.05540218441508145,0.05488157866722901,0.059313064010681794,0.06319961149732702,0.053473357861450944,0.04723115807658734,0.05170116925921908,0.05274592918747991,0.0475185811136198,0.03968009359751245,0.042181231630525035,0.04544629650094135,0.037041580532690695,0.038447266743785936,0.03529777939090648,0.03307341909725848,0.02623204112937484
U:TTTCC,0.04910377742783451,0.004376697078730015,0.07674121695691676,0.07814889638963742,0.052393519105767776,0.05650363366921699,0.061268602767301825,0.06204308427204411,0.057067736709288934,0.048699005136740844,0.052903480629196614,0.05167524165163595,0.05222593822092007,0.03942739931998255,0.04146105781179584,0.04509111759434288,0.037589165921576274,0.037115298742576165,0.036539851765683765,0.0322363746427949,0.027388904186015813
U:TTTCG,0.04423400581408057,0.003934340233000371,0.07244650390155406,0.07832615680531572,0.052195580424471595,0.057632620052020724,0.06420624685799217,0.057097112631417896,0.05453432711853293,0.05130488951061179,0.052769338375117485,0.05456164892570654,0.054758365937356564,0.04060020545998994,0.04228869314331927,0.0434252803217416,0.03828878057310223,0.036567506721164565,0.0397477650761732,0.03315228082446285,0.027928351292867915
U:TTTCT,0.051106795933635214,0.00440958424592666,0.07774412227112278,0.07930894636747143,0.05348331550821025,0.05597579157967477,0.06071735280146776,0.06170151149588001,0.05558465913204502,0.047210481054650824,0.053068638594207004,0.052431760778803856,0.05012970057913501,0.04014302086098582,0.04183263062911403,0.04535900308020481,0.03700189474093141,0.03744394209709385,0.03590795997205272,0.032244146698506636,0.027194741578880143
U:TTTGA,0.05173418882837325,0.004774222298690522,0.07714469981175619,0.07956787811332994,0.054084698497308854,0.05623750673921418,0.060588006790242524,0.06132965430569663,0.05465108636934153,0.04723567987116279,0.05281032578523534,0.052328896094007565,0.05055118623527859,0.04039147019864719,0.04175080109152561,0.04567437292580479,0.0368237609330225,0.037322823454228646,0.03541740916020174,0.03260684292728488,0.02697448956964674
U:TTTGC,0.04771097857014118,0.0037690971737804166,0.07624239563152739,0.0794873786524912,0.05193933548358391,0.05735920370846584,0.06167730103080811,0.06215767616079973,0.055750663438022936,0.048925867635159236,0.05301471214821194,0.05149742052883495,0.05181943023135681,0.04032360843921822,0.041541513988569034,0.0461853916188491,0.037455685959849085,0.036998688583436336,0.03637276808438917,0.032645901691267354,0.027124981241238057
U:TTTGG,0.047972726241321186,0.004395593495017604,0.0758019788230349,0.07922731790060503,0.051148217056762674,0.0575159379012374,0.06151908983315964,0.06024008992057553,0.057882960658508266,0.048609436328681276,0.05340119121203686,0.05129825000821461,0.053774413678045405,0.04021503069785781,0.041067490649289294,0.045603817532652316,0.037265209280468004,0.03647102659117075,0.03651876434845091,0.032480274076723874,0.027591183766186664
U:TTTGT,0.04976642384672938,0.005519097409631154,0.0770012172016274,0.07964220972346817,0.05291588652851863,0.056015842232801906,0.061403541423939785,0.060493804183153484,0.055208096810336164,0.047508831225874654,0.05308376357254261,0.05180626021314057,0.051706501792301476,0.04066793474012559,0.04209470349787269,0.045292184225513586,0.037047597422659305,0.03692959958905486,0.036373855849081885,0.03267013835897398,0.026852510152652716
U:TTTTA,0.05487602100701185,0.005534097877048247,0.07917453489607747,0.07962951945308311,0.056267455260711655,0.054622564001332974,0.05978283858778021,0.06177679207343306,0.05068452306235214,0.045979920840252965,0.05184657356735749,0.053962956759959706,0.04810730895033378,0.04127428690714016,0.04252196942627582,0.04521748640118908,0.03646445016165192,0.03802577282892752,0.03443473069419364,0.03317810667960661,0.026638090564280584
U:TTTTC,0.05379832547943293,0.00458623368496441,0.07814283907098332,0.07938724904101517,0.05441101298857863,0.05540876170897383,0.059874837261076654,0.062353346602280944,0.05401365837099676,0.04654085356689219,0.052204148271170335,0.05234651384772911,0.04960032549767476,0.040066590606172,0.04256056584566541,0.04551732834934847,0.036682334811318024,0.0377189465581833,0.03531300797048948,0.03263582132049426,0.02683729914656001
U:TTTTG,0.05319477594663986,0.005776675026033957,0.07737187300107201,0.07935698746578884,0.053489598919762175,0.05559611107929407,0.060742405384411245,0.060910587572909194,0.05479190176546933,0.04672641638038052,0.052432511351289436,0.05202113045856063,0.05103704283281722,0.040683957032475696,0.04205724324790861,0.045389831793612626,0.036664927036355585,0.036921435122410015,0.035513060536714935,0.03256442749089114,0.02675710055520288
U:TTTTT,0.05170892854175761,0.006377044302086182,0.07518451020583877,0.07949006303406377,0.05281330860106069,0.056259374674293795,0.06192911726631854,0.05938200032325161,0.053639752697413834,0.04660128877697603,0.053258723639511014,0.0530064665427032,0.05400983047416782,0.041024443259524215,0.0416405472317427,0.04378511018499357,0.036844074903742016,0.03714485750495074,0.03611241603388402,0.03228324393563366,0.027504897866086224
