,X,Y,1,2,3,4,5,6,7,8,9,10,11,12,13,14,15,16,17,18,19,20,21,22
B:AACAA,2230,0,3092,3127,5873,3162,2182,3360,2607,1514,1383,2144,2516,2341,870,2495,2552,2272,1885,534,1776,368,1886,539
B:AACAC,1263,0,1720,1848,3326,1694,1314,2090,1410,964,754,1468,1449,1267,481,1430,1435,1445,1226,307,1237,250,1141,464
B:AACAG,1658,0,2331,2424,4485,2238,1695,2654,1959,1241,1121,1860,2081,1765,680,2038,1932,1831,1611,443,1594,386,1418,645
B:AACAT,2002,0,2664,2636,5038,2711,1945,3033,2413,1341,1115,2114,2240,1961,746,2090,2167,1889,1576,457,1560,374,1589,420
B:AACCA,1476,0,1936,1956,3676,1968,1487,2188,1521,1016,833,1473,1665,1380,497,1561,1563,1563,1320,271,1267,298,1114,499
B:AACCC,1079,0,1732,1584,2677,1305,1123,1738,1147,776,693,1167,1503,1328,311,1469,1178,1544,1419,288,1690,273,947,528
B:AACCG,178,0,250,253,408,183,168,259,160,129,96,190,237,201,57,227,176,265,279,36,236,48,151,76
B:AACCT,1400,0,1974,1840,3509,1742,1312,2155,1384,948,883,1455,1683,1488,479,1722,1438,1640,1520,353,1577,276,1126,491
B:AACGA,183,0,303,331,524,262,231,348,221,137,134,244,264,218,73,231,203,270,220,56,234,45,201,81
B:AACGC,130,0,257,221,386,171,162,279,196,129,103,193,207,170,50,202,154,259,257,53,258,50,131,65
B:AACGG,167,0,270,249,455,211,198,293,218,141,122,209,240,227,77,235,209,290,258,51,292,54,160,72
B:AACGT,223,0,388,402,633,321,269,455,300,201,147,286,297,298,94,322,289,355,281,88,286,62,225,76
B:AACTA,1300,0,1676,1808,3422,1802,1225,1932,1430,803,706,1253,1463,1204,509,1323,1408,1001,941,311,772,222,973,232
B:AACTC,1341,0,1918,1817,3179,1638,1241,1971,1461,887,773,1370,1612,1371,404,1535,1453,1552,1319,334,1476,269,1091,408
B:AACTG,1520,0,2234,2085,3982,1926,1545,2415,1670,1079,964,1586,1750,1502,584,1748,1646,1651,1469,339,1179,305,1182,515
B:AACTT,1653,0,2330,2320,4352,2290,1670,2641,1918,1171,978,1742,1804,1640,685,1820,1908,1581,1403,399,1205,310,1304,402
B:AATAA,3058,0,4076,4024,7894,4262,2787,4626,3643,1965,1671,3165,3458,3095,1257,3155,3581,2604,2326,776,2123,483,2396,468
B:AATAC,1378,0,2004,2071,3853,2038,1314,2230,1693,927,858,1548,1723,1455,598,1621,1760,1394,1164,386,1181,242,1172,274
B:AATAG,1448,0,1993,1817,3650,2011,1394,2150,1649,908,805,1430,1653,1465,573,1466,1631,1240,1002,296,908,225,1137,296
B:AATAT,2572,0,3208,3294,6556,3670,2337,3906,3302,1585,1379,2569,2691,2601,1135,2325,2884,1889,1521,618,1424,352,1838,341
B:AATCA,1738,0,2241,2271,4346,2323,1756,2630,1896,1085,979,1775,1865,1541,679,1827,1885,1493,1218,403,1222,298,1343,349
B:AATCC,1364,0,1973,1923,3312,1688,1317,1990,1420,838,809,1352,1756,1452,426,1675,1486,1658,1408,361,1709,275,1191,436
B:AATCG,206,0,269,310,459,230,214,313,191,144,121,199,233,224,72,268,226,268,260,74,280,53,191,59
B:AATCT,1643,0,2251,2259,4291,2092,1561,2516,1917,1100,1008,1654,2005,1624,614,1679,1855,1516,1371,407,1278,305,1249,385
B:AATGA,2266,0,2832,2803,5485,2878,2106,3250,2399,1404,1223,2393,2390,2047,917,2187,2352,1770,1664,495,1486,373,1778,437
B:AATGC,1221,0,1687,1711,3324,1701,1305,1940,1415,925,785,1431,1396,1235,511,1357,1363,1245,1051,278,991,281,1000,378
B:AATGG,1678,0,2136,2125,4039,2060,1643,2478,1644,1044,905,1627,1924,1715,509,1668,1794,1618,1401,334,1482,306,1185,489
B:AATGT,2017,0,2624,2628,5103,2760,1939,2999,2332,1278,1146,2150,2110,1976,824,2027,2235,1686,1474,450,1492,336,1572,377
B:AATTA,2236,0,3167,3148,6030,3331,2136,3500,2849,1536,1260,2431,2600,2251,947,2498,2671,2029,1726,598,1733,332,1975,357
B:AATTC,1668,0,2214,2218,4306,2265,1640,2501,1909,1065,951,1722,1814,1639,618,1691,1872,1407,1306,394,1257,277,1371,343
B:AATTG,1554,0,1845,1830,3585,2022,1339,2196,1648,920,767,1483,1515,1288,548,1403,1629,1222,1045,361,980,212,1094,266
B:AATTT,3095,0,4424,4363,8377,4647,2974,4906,3994,2067,1809,3321,3590,3179,1361,3365,3736,2670,2320,799,2275,474,2668,494
B:ACCAA,1276,0,1829,1846,3318,1801,1327,1991,1361,882,789,1360,1621,1252,475,1412,1441,1501,1249,279,1205,267,1043,399
B:ACCAC,1266,0,1874,1811,3187,1541,1298,1979,1344,936,837,1346,1635,1449,402,1602,1376,1745,1603,319,1867,278,1084,651
B:ACCAG,1306,0,2054,1837,3283,1587,1470,2066,1388,1004,936,1390,1845,1427,361,1772,1481,1931,1659,316,1786,344,1149,818
B:ACCAT,1416,0,1933,1861,3582,1710,1419,2203,1500,919,832,1406,1736,1488,433,1581,1544,1568,1357,309,1541,296,1140,457
B:ACCCA,1386,0,2130,1964,3308,1654,1423,2132,1431,984,912,1525,1886,1540,397,1822,1444,2026,1714,329,1989,337,1236,795
B:ACCCC,921,0,1612,1445,2245,1031,1084,1652,1078,767,681,1212,1508,1291,267,1428,954,1654,1624,182,2015,311,890,802
B:ACCCG,235,0,471,441,678,241,269,451,303,248,218,302,450,368,62,450,288,559,586,92,644,94,299,222
B:ACCCT,1097,0,1763,1510,2656,1279,1174,1758,1157,834,765,1333,1554,1340,316,1494,1108,1497,1490,240,1586,311,905,751
B:ACCGA,180,0,275,254,378,146,189,255,180,131,118,154,227,192,57,225,174,264,268,47,265,51,125,95
B:ACCGC,215,0,403,379,479,221,221,332,238,196,135,268,394,302,51,352,220,427,467,64,485,63,187,171
B:ACCGG,182,0,287,257,382,150,186,259,185,124,116,198,300,231,38,275,175,330,343,42,378,76,171,110
B:ACCGT,198,0,323,272,523,210,195,331,242,186,134,239,311,240,78,274,221,354,332,67,374,69,206,101
B:ACCTA,930,0,1214,1120,2291,1217,874,1421,934,579,540,909,1140,904,326,1035,1004,873,805,188,724,165,673,295
B:ACCTC,1363,0,2239,1994,3505,1555,1408,2234,1427,927,1020,1563,1908,1644,414,2036,1454,2079,1861,389,2276,318,1318,729
B:ACCTG,1422,0,2374,2129,3779,1729,1555,2339,1553,1128,1039,1733,2156,1774,443,2199,1551,2284,2041,377,2244,353,1352,907
B:ACCTT,1262,0,1858,1752,3230,1596,1313,2033,1319,864,821,1360,1625,1420,424,1493,1352,1410,1295,292,1303,273,997,523
B:ACTAA,1311,0,1737,1784,3334,1740,1209,1952,1479,846,772,1333,1511,1260,517,1449,1493,1229,1091,327,997,204,1051,267
B:ACTAC,842,0,1189,1171,2147,1064,821,1324,905,556,489,854,998,878,309,971,948,831,741,206,757,159,663,217
B:ACTAG,849,0,1154,1082,2078,1012,728,1172,812,527,459,818,919,775,303,904,894,720,639,159,620,166,577,257
B:ACTAT,1205,0,1601,1531,2970,1636,1087,1745,1356,707,663,1162,1342,1110,460,1221,1256,943,781,237,756,174,861,233
B:ACTCA,1366,0,1971,1849,3300,1664,1409,2102,1449,982,834,1495,1766,1395,454,1566,1486,1550,1308,321,1477,265,1113,490
B:ACTCC,1340,0,2149,1937,3213,1480,1338,2065,1441,945,914,1455,1831,1656,347,1813,1453,1925,1835,352,2156,314,1239,657
B:ACTCG,196,0,303,342,517,233,235,337,262,172,171,248,326,293,89,312,206,375,349,74,451,72,210,118
B:ACTCT,1475,0,2107,1963,3775,1696,1422,2252,1559,951,840,1538,1751,1472,473,1687,1608,1625,1476,339,1437,285,1110,593
B:ACTGA,1502,0,2269,2085,3970,1895,1608,2283,1655,1029,994,1680,1788,1481,553,1707,1638,1612,1474,324,1340,295,1190,537
B:ACTGC,1293,0,2237,2059,3561,1646,1419,2138,1502,1043,1007,1489,1859,1628,440,1980,1590,2162,1769,375,1947,341,1310,687
B:ACTGG,1276,0,1949,1815,3181,1526,1373,2038,1320,946,871,1424,1743,1356,407,1618,1362,1710,1546,289,1496,305,1012,694
B:ACTGT,1438,0,2095,2122,3980,1933,1553,2354,1599,1151,929,1579,1846,1514,553,1713,1605,1611,1454,370,1329,311,1257,557
B:ACTTA,1264,0,1720,1723,3371,1698,1233,1919,1466,900,698,1338,1399,1256,566,1324,1432,1157,934,281,839,213,977,271
B:ACTTC,1312,0,1932,1821,3381,1712,1382,2088,1479,841,821,1410,1611,1378,515,1494,1416,1348,1244,282,1284,273,1004,506
B:ACTTG,1282,0,2004,1899,3341,1681,1338,2076,1425,967,809,1471,1592,1354,466,1601,1501,1599,1350,327,1363,261,1057,530
B:ACTTT,2215,0,3025,3159,5811,3001,2109,3478,2495,1481,1371,2233,2474,2226,875,2473,2476,2236,1999,551,1859,422,1858,493
B:AGCAA,1709,0,2342,2363,4311,2415,1754,2649,1906,1176,1044,1831,2139,1734,650,1989,1956,1850,1663,401,1567,346,1437,585
B:AGCAC,1129,0,1848,1728,3001,1410,1289,1913,1345,957,882,1370,1682,1359,411,1667,1315,1732,1494,319,1570,302,1081,732
B:AGCAG,1726,0,2820,2549,4423,2098,1911,2856,1872,1350,1266,2027,2400,2010,552,2393,1906,2586,2287,350,1972,491,1644,1153
B:AGCAT,1411,0,1853,1870,3564,1756,1403,2125,1566,1012,871,1546,1622,1333,527,1555,1511,1465,1207,281,1105,273,1077,495
B:AGCCA,1845,0,2875,2679,4538,2151,1984,2872,1938,1391,1252,2094,2506,2046,530,2490,1948,2689,2361,491,2637,407,1655,1056
B:AGCCC,1193,0,2075,1697,2738,1136,1296,1808,1212,993,899,1481,1884,1390,277,1854,1151,2097,2006,261,2095,363,1119,1065
B:AGCCG,307,0,597,590,866,348,360,552,401,324,258,374,612,531,110,583,356,807,786,129,837,144,402,276
B:AGCCT,1906,0,3151,2814,4725,2121,2090,2947,2058,1441,1363,2119,2743,2299,507,2767,2130,3024,2713,538,3139,446,1837,1153
B:AGCGA,290,0,503,453,668,312,281,483,323,219,187,296,433,362,87,431,305,493,486,94,635,83,267,163
B:AGCGC,239,0,407,427,528,199,249,347,298,260,166,258,410,279,72,389,228,482,471,65,552,115,200,177
B:AGCGG,283,0,461,403,603,266,289,409,327,302,193,310,462,387,60,431,237,570,615,106,550,114,203,262
B:AGCGT,178,0,332,290,475,228,251,310,223,197,137,254,256,217,63,331,216,321,361,67,301,67,180,88
B:AGCTA,1219,0,1841,1775,3190,1597,1204,1903,1318,797,748,1307,1522,1330,443,1529,1394,1471,1221,289,1366,262,1094,400
B:AGCTC,1185,0,2035,1695,3042,1518,1352,1945,1293,952,859,1418,1736,1383,353,1705,1297,1772,1681,296,1592,339,1043,813
B:AGCTG,1822,0,3084,2766,4631,2164,2107,2830,2018,1462,1342,2178,2606,2247,550,2697,2085,2870,2744,483,2587,503,1757,1223
B:AGCTT,1476,0,2036,2000,3571,1935,1479,2269,1511,967,815,1527,1760,1460,520,1700,1587,1618,1448,336,1208,340,1120,542
B:AGTAA,1418,0,2027,1987,4048,2089,1471,2238,1764,1022,882,1556,1719,1460,630,1606,1718,1351,1036,351,957,257,1123,334
B:AGTAC,816,0,1106,1031,1985,916,723,1215,858,499,462,766,929,740,286,910,829,743,697,141,675,131,561,212
B:AGTAG,1336,0,1924,1884,3348,1642,1235,2011,1422,825,864,1322,1685,1414,457,1576,1469,1458,1305,318,1498,234,1075,360
B:AGTAT,1282,0,1614,1729,3407,1775,1157,1943,1370,780,738,1268,1412,1236,548,1316,1496,1084,912,293,759,215,957,262
B:AGTCA,1318,0,1885,1691,3280,1645,1409,1974,1397,1004,795,1489,1583,1299,493,1430,1376,1440,1329,277,1197,276,1003,520
B:AGTCC,983,0,1552,1379,2394,1096,984,1515,967,715,646,1101,1352,1074,273,1220,1032,1334,1232,191,1358,242,806,563
B:AGTCG,133,0,255,253,362,159,157,220,165,122,91,174,209,175,44,205,151,256,263,42,248,42,138,76
B:AGTCT,1363,0,2107,2039,3653,1743,1449,2246,1480,929,922,1434,1803,1460,480,1697,1445,1633,1374,355,1515,296,1161,494
B:AGTGA,1792,0,2827,2589,4461,2230,1846,2752,2002,1261,1161,1921,2253,2016,595,2259,2075,2211,2081,440,2164,390,1627,722
B:AGTGC,1100,0,1914,1751,3028,1349,1273,1908,1307,894,897,1371,1616,1393,389,1684,1362,1766,1586,360,1771,274,1079,635
B:AGTGG,1514,0,2305,2151,3822,1668,1546,2340,1563,1136,1017,1673,2019,1722,479,2052,1643,2118,1802,379,2084,346,1303,858
B:AGTGT,1295,0,1771,1824,3203,1646,1331,1996,1429,916,745,1493,1547,1323,468,1451,1348,1450,1231,285,1258,250,1108,511
B:AGTTA,1286,0,1742,1762,3256,1737,1181,1929,1375,859,728,1303,1369,1207,516,1387,1406,1113,1049,315,767,219,988,292
B:AGTTC,1281,0,1884,1777,3155,1595,1295,1943,1376,844,725,1347,1543,1318,446,1496,1375,1431,1239,311,1335,267,1009,439
B:AGTTG,1114,0,1590,1537,2940,1411,1164,1778,1250,800,715,1147,1301,1114,383,1261,1246,1216,1072,255,964,237,835,331
B:AGTTT,2136,0,2947,2956,5589,2915,2042,3312,2477,1439,1255,2156,2415,2081,838,2285,2389,2030,1778,504,1570,384,1718,497
B:ATCAA,1411,0,1774,1873,3488,2029,1379,2092,1636,882,779,1447,1562,1297,559,1412,1550,1153,989,340,950,229,1060,263
B:ATCAC,1242,0,1820,1808,3181,1599,1291,1933,1365,875,777,1343,1657,1353,468,1542,1394,1492,1305,333,1437,227,1069,409
B:ATCAG,1321,0,1822,1672,3244,1616,1371,1994,1374,863,772,1450,1533,1246,476,1480,1410,1352,1223,299,1181,249,993,475
B:ATCAT,1569,0,2058,2055,3827,2023,1584,2232,1674,1026,882,1594,1713,1378,576,1603,1623,1357,1208,344,1177,253,1155,346
B:ATCCA,1304,0,1872,1769,3266,1712,1305,1920,1382,861,819,1405,1846,1331,437,1465,1413,1402,1223,292,1402,262,1173,486
B:ATCCC,1186,0,1797,1622,2820,1351,1236,1767,1167,863,789,1244,1687,1400,331,1533,1246,1652,1458,294,1801,277,1059,609
B:ATCCG,157,0,270,256,396,184,180,297,219,136,105,200,268,234,55,242,181,298,327,60,317,52,163,91
B:ATCCT,1441,0,2054,1907,3433,1722,1458,2184,1491,927,858,1575,1884,1440,497,1647,1448,1548,1495,283,1597,318,1064,562
B:ATCGA,128,0,255,221,369,175,183,253,170,100,101,187,177,162,48,194,169,185,220,48,223,32,117,63
B:ATCGC,218,0,341,338,469,220,214,335,241,151,125,224,301,259,71,278,252,354,302,87,410,68,198,100
B:ATCGG,135,0,182,167,251,131,122,181,139,114,79,143,177,136,38,181,117,177,200,47,212,40,114,69
B:ATCGT,191,0,253,263,439,233,193,292,183,150,136,209,211,206,74,220,207,247,229,63,247,45,188,73
B:ATCTA,1206,0,1487,1454,2962,1589,1193,1756,1346,749,677,1145,1337,1045,466,1124,1288,995,813,252,728,181,932,245
B:ATCTC,1514,0,2298,2070,3784,1861,1536,2305,1669,1004,960,1608,1995,1714,470,1846,1581,1802,1640,389,1999,293,1236,545
B:ATCTG,1455,0,2197,2008,3935,1763,1569,2236,1647,1025,958,1740,1944,1505,511,1697,1603,1663,1499,355,1473,298,1163,619
B:ATCTT,1748,0,2481,2457,4573,2280,1738,2679,2022,1162,1024,1831,2105,1763,702,1888,1959,1692,1397,400,1356,292,1386,409
B:ATTAA,2005,0,2852,2920,5662,2975,1998,3255,2633,1396,1182,2236,2301,2049,927,2164,2422,1699,1442,464,1306,326,1708,300
B:ATTAC,1212,0,1894,1834,3490,1714,1176,1914,1547,824,730,1355,1537,1418,478,1567,1525,1351,1151,375,1331,220,1093,275
B:ATTAG,1315,0,1785,1783,3299,1772,1360,2021,1479,865,753,1349,1593,1293,473,1480,1477,1276,1067,327,1083,213,1050,268
B:ATTAT,2193,0,2829,2794,5561,3054,1918,3185,2568,1395,1252,2305,2418,2158,910,2156,2560,1645,1449,611,1332,301,1634,300
B:ATTCA,1989,0,2490,2469,4755,2536,1838,2713,2063,1174,1067,1917,2086,1767,728,1761,2011,1521,1439,421,1414,324,1414,390
B:ATTCC,1393,0,1871,1784,3322,1754,1434,2117,1347,931,870,1342,1608,1401,467,1431,1482,1324,1175,326,1260,279,1069,462
B:ATTCG,165,0,237,207,416,183,178,248,192,115,93,168,193,179,44,194,163,212,185,49,216,25,112,50
B:ATTCT,2264,0,2885,2937,5628,2957,2123,3348,2446,1444,1256,2300,2636,2158,811,2322,2502,2094,1757,505,1782,360,1714,479
B:ATTGA,1375,0,1749,1639,3056,1897,1286,1880,1489,770,667,1353,1440,1202,512,1185,1422,1060,925,283,914,224,966,249
B:ATTGC,1072,0,1442,1427,2664,1429,1012,1604,1162,685,592,1093,1343,1132,371,1199,1229,1071,916,280,1048,210,848,286
B:ATTGG,1056,0,1364,1276,2428,1322,976,1556,992,632,559,964,1183,929,341,974,1101,1033,814,206,854,151,788,275
B:ATTGT,1555,0,1919,1902,3711,1991,1407,2275,1768,1043,827,1487,1687,1437,558,1447,1642,1273,1163,351,1052,237,1125,289
B:ATTTA,2613,0,3541,3554,7033,3744,2513,4007,3465,1748,1430,2723,2792,2700,1146,2833,3159,2193,1936,629,1631,445,2142,390
B:ATTTC,2232,0,2956,2992,5714,3050,2236,3349,2601,1461,1324,2520,2537,2210,983,2254,2511,1872,1683,501,1588,401,1832,451
B:ATTTG,2102,0,2829,2735,5432,2831,1988,3217,2416,1334,1179,2193,2283,2002,869,2151,2280,1829,1572,495,1391,348,1601,477
B:ATTTT,4604,0,6307,6545,12448,6768,4327,7444,5735,2981,2700,4948,5088,4750,1971,5095,5476,4260,3589,1206,3623,763,4067,808
B:CACAA,1541,0,1974,2001,3860,1959,1479,2425,1566,1046,902,1625,1834,1497,541,1590,1641,1571,1402,334,1408,303,1178,491
B:CACAC,1533,0,2338,2133,4063,1976,1737,2580,1687,1440,998,1984,2108,1664,611,2108,1837,2307,1859,395,2512,449,1772,1003
B:CACAG,1762,0,2749,2536,4685,2172,2065,3029,1945,1542,1283,2206,2491,1981,572,2434,1967,2604,2290,434,2412,446,1713,1258
B:CACAT,1661,0,2121,2113,4090,2144,1642,2441,1701,1160,986,1821,1851,1614,596,1718,1660,1730,1392,356,1669,304,1406,552
B:CACCA,1619,0,2608,2480,4173,2016,1785,2773,1854,1243,1203,1863,2379,1968,486,2306,1862,2613,2311,433,2749,399,1540,923
B:CACCC,1169,0,1984,1702,2852,1286,1256,1977,1347,988,903,1525,1884,1551,328,1808,1204,2100,2023,256,2314,381,1195,1050
B:CACCG,303,0,545,510,706,302,337,481,408,264,240,353,556,447,84,482,323,633,635,110,738,118,302,223
B:CACCT,1499,0,2550,2314,3895,1836,1672,2570,1651,1170,1140,1703,2306,1870,449,2355,1688,2460,2151,398,2517,408,1522,992
B:CACGA,235,0,362,393,612,259,257,430,284,223,174,274,332,275,103,363,290,445,408,78,456,77,287,137
B:CACGC,352,0,649,603,917,386,400,612,461,335,287,464,620,544,96,649,422,842,706,131,887,130,483,241
B:CACGG,250,0,524,420,682,292,302,531,365,316,224,385,473,392,116,512,299,679,633,79,663,122,375,253
B:CACGT,261,0,453,494,755,385,312,522,371,304,229,394,425,381,125,546,399,563,542,119,591,84,328,171
B:CACTA,947,0,1319,1250,2275,1200,891,1428,990,610,538,999,1072,914,369,1047,1034,897,783,198,767,169,742,299
B:CACTC,1247,0,1905,1773,2951,1360,1326,1887,1324,926,815,1382,1695,1471,358,1627,1370,1681,1587,317,1816,284,1091,696
B:CACTG,1776,0,3032,2798,4844,2207,2016,2974,2065,1470,1386,2233,2576,2207,607,2665,2096,2899,2465,513,2752,445,1786,1076
B:CACTT,1730,0,2555,2494,4445,2127,1762,2705,1920,1201,1079,1844,2091,1864,597,2107,1927,2064,1865,436,1937,362,1496,654
B:CATAA,1463,0,1809,1891,3573,1942,1316,2064,1546,940,767,1473,1547,1327,528,1345,1508,1116,967,348,962,262,1112,246
B:CATAC,917,0,1123,1152,2227,1160,817,1254,900,590,550,897,962,849,301,982,915,770,699,179,795,159,628,214
B:CATAG,1035,0,1388,1311,2471,1262,1046,1513,1053,610,585,1081,1223,931,358,1052,1074,1000,850,199,890,191,770,337
B:CATAT,1586,0,1919,2014,3728,2086,1429,2212,1809,993,830,1588,1677,1438,631,1410,1682,1190,972,333,996,212,1113,243
B:CATCA,1401,0,1909,1885,3474,1853,1516,2147,1512,1041,857,1590,1795,1424,521,1576,1485,1515,1456,310,1378,270,1104,522
B:CATCC,1095,0,1722,1485,2647,1272,1274,1758,1136,843,759,1330,1772,1193,364,1332,1092,1463,1334,234,1529,290,994,670
B:CATCG,186,0,282,235,386,202,192,288,222,158,135,216,267,189,54,228,181,275,276,48,280,54,156,123
B:CATCT,1728,0,2548,2366,4495,2169,1866,2615,1860,1223,1124,1909,2165,1829,589,2028,1804,2057,1782,416,1893,320,1371,739
B:CATGA,1440,0,2017,1867,3671,1939,1444,2219,1677,1001,935,1633,1725,1422,452,1617,1480,1594,1304,313,1460,257,1218,528
B:CATGC,1157,0,1780,1656,3064,1405,1238,1857,1278,940,807,1388,1545,1264,366,1556,1302,1621,1361,282,1529,274,1212,600
B:CATGG,1456,0,2089,1972,3586,1713,1465,2172,1519,1053,1092,1674,2005,1590,384,1890,1494,2027,1627,309,1914,337,1355,810
B:CATGT,1559,0,2099,2100,4026,2037,1528,2545,1733,1146,988,1689,1879,1549,518,1788,1635,1809,1462,356,1586,327,1307,540
B:CATTA,1382,0,1860,1893,3765,1914,1378,2148,1663,909,816,1557,1565,1384,571,1398,1599,1122,1005,311,874,240,1076,257
B:CATTC,1600,0,1966,1929,3626,1948,1537,2210,1494,1002,913,1505,1754,1463,525,1554,1581,1467,1269,345,1451,292,1125,439
B:CATTG,1276,0,1656,1550,2971,1632,1234,1887,1305,832,671,1252,1449,1226,449,1212,1363,1161,1025,269,1101,230,964,370
B:CATTT,2924,0,3801,3900,7597,3904,2846,4426,3328,1911,1660,3289,3054,2899,1217,3081,3201,2567,2294,630,2027,533,2371,616
B:CCCAA,1590,0,2455,2084,3747,1787,1521,2454,1634,1067,1053,1679,2153,1767,466,2030,1719,2113,2001,360,2179,419,1346,838
B:CCCAC,1322,0,2229,1930,3305,1472,1478,2199,1439,1113,965,1655,2104,1654,352,1969,1348,2341,2186,270,2558,411,1280,1176
B:CCCAG,2391,0,4336,3852,5859,2568,2691,3957,2725,2017,1903,2998,3916,3258,641,3972,2626,4449,4191,690,4856,698,2552,1996
B:CCCAT,1336,0,1887,1708,3011,1495,1331,1908,1297,907,815,1400,1670,1386,341,1535,1266,1674,1381,256,1723,291,1075,725
B:CCCCA,1639,0,2748,2294,3849,1723,1786,2759,1771,1371,1222,2105,2605,2082,434,2356,1598,2725,2673,306,3158,494,1557,1484
B:CCCCC,989,0,1774,1495,2192,932,1024,1634,1088,832,780,1320,1544,1330,226,1498,837,1739,1847,161,2355,337,962,841
B:CCCCG,385,0,796,732,979,407,480,739,526,462,371,546,821,669,104,825,433,1056,1156,113,1264,180,418,430
B:CCCCT,1313,0,2100,1744,2903,1235,1444,1988,1334,1012,872,1554,1890,1593,313,1815,1171,2065,1923,226,2318,397,1100,1054
B:CCCGA,271,0,447,409,607,288,295,444,307,268,223,329,491,369,60,475,243,644,623,121,671,111,255,200
B:CCCGC,380,0,796,756,1112,384,438,709,526,445,369,497,863,641,106,823,410,1032,1086,140,1169,243,382,465
B:CCCGG,482,0,1030,969,1293,446,579,847,609,499,409,625,992,805,130,953,582,1231,1259,168,1519,186,537,455
B:CCCGT,223,0,406,379,546,244,280,457,308,222,181,294,352,347,80,445,275,549,522,55,609,79,318,195
B:CCCTA,858,0,1274,1187,2083,967,856,1200,765,552,508,872,1091,857,258,964,813,1030,931,177,982,207,578,411
B:CCCTC,1457,0,2352,1966,3148,1335,1542,2244,1427,1103,988,1713,2004,1796,342,1962,1232,2126,2145,247,2527,440,1197,1158
B:CCCTG,1574,0,2736,2304,3872,1670,1764,2654,1703,1354,1235,2241,2644,2071,415,2543,1530,2760,2627,327,2754,542,1537,1613
B:CCCTT,1441,0,2114,1813,3264,1547,1536,2185,1405,971,893,1544,1895,1517,403,1677,1396,1706,1603,275,1760,377,1024,755
B:CCTAA,1092,0,1489,1377,2799,1377,1109,1662,1105,695,600,1139,1300,1015,353,1171,1123,1059,957,257,870,214,822,349
B:CCTAC,851,0,1118,995,1908,881,753,1213,761,526,463,789,997,801,238,896,759,861,777,156,787,176,498,332
B:CCTAG,965,0,1376,1294,2292,1090,911,1371,875,602,621,994,1281,993,293,1208,927,1126,1032,190,1094,220,702,474
B:CCTAT,923,0,1255,1190,2306,1170,924,1431,939,559,539,955,1167,885,319,994,1033,877,838,211,802,168,657,303
B:CCTCA,1880,0,2983,2621,4549,2081,1932,2919,1959,1301,1364,2079,2548,2170,579,2560,1867,2651,2486,482,2889,440,1584,1163
B:CCTCC,2270,0,3886,3340,5213,2276,2324,3617,2419,1621,1692,2535,3350,3031,542,3361,2249,3780,3659,591,4552,629,2163,1630
B:CCTCG,388,0,642,613,917,357,376,635,439,333,288,463,632,497,102,608,401,824,782,124,984,148,390,306
B:CCTCT,1845,0,2899,2453,4344,1970,1955,2906,1821,1332,1182,2137,2492,2109,447,2363,1836,2517,2305,349,2472,459,1515,1166
B:CCTGA,1741,0,2661,2255,4080,1864,1757,2582,1725,1207,1159,1857,2274,1990,436,2238,1706,2288,2177,414,2377,370,1417,967
B:CCTGC,1432,0,2666,2274,3825,1650,1716,2489,1691,1276,1189,2010,2534,1979,399,2450,1672,2843,2560,384,2710,458,1632,1437
B:CCTGG,2060,0,3926,3336,5487,2417,2481,3579,2438,1846,1784,2778,3665,2885,601,3598,2280,4153,3720,620,4280,659,2225,1959
B:CCTGT,1692,0,2731,2479,4288,1889,1719,2705,1893,1297,1204,1977,2433,2083,556,2501,1826,2566,2311,461,2719,407,1726,1041
B:CCTTA,1094,0,1466,1340,2614,1316,1060,1586,1093,655,578,1065,1223,1022,374,1246,1133,1038,911,227,1012,201,768,339
B:CCTTC,1639,0,2447,2099,3771,1721,1797,2483,1676,1123,1048,1792,2188,1789,444,1944,1505,2034,1931,314,2101,441,1244,859
B:CCTTG,1390,0,2043,1812,3328,1575,1515,2243,1354,1009,927,1578,1892,1475,407,1700,1401,1852,1656,318,1731,341,1074,844
B:CCTTT,2009,0,2894,2710,5034,2588,2063,3187,2102,1337,1166,2111,2440,2068,680,2226,2090,2122,1893,389,1884,399,1539,661
B:CGCAA,165,0,233,279,397,159,195,255,163,131,112,174,224,216,44,210,194,268,246,41,285,53,159,101
B:CGCAC,181,0,329,378,513,219,207,391,256,206,153,265,374,294,61,361,238,461,421,78,486,95,227,171
B:CGCAG,260,0,593,508,733,321,327,499,415,302,259,412,520,402,88,493,340,679,677,104,734,140,316,272
B:CGCAT,140,0,254,239,385,204,183,266,172,140,107,191,205,184,56,220,173,278,226,36,263,45,144,91
B:CGCCA,318,0,645,587,760,367,364,618,427,306,261,405,621,480,105,602,394,735,697,108,807,124,356,250
B:CGCCC,446,0,836,838,1091,418,451,705,551,461,349,485,872,710,105,900,467,1102,1070,129,1285,229,432,391
B:CGCCG,175,0,384,410,461,150,216,301,243,263,139,154,396,293,69,386,182,453,545,74,560,124,115,177
B:CGCCT,491,0,916,893,1229,477,480,807,634,411,369,515,866,705,118,862,561,1047,1045,190,1344,172,531,359
B:CGCGA,74,0,159,157,215,69,111,121,90,80,68,92,146,118,45,140,95,185,204,36,232,49,60,45
B:CGCGC,167,0,348,427,629,196,224,307,262,227,177,216,381,314,70,411,269,474,560,53,614,127,142,186
B:CGCGG,156,0,394,440,557,162,242,321,228,232,168,236,401,360,75,407,192,480,566,59,544,152,155,171
B:CGCGT,60,0,147,137,211,81,79,116,106,70,63,90,122,102,18,132,66,182,204,30,200,48,75,54
B:CGCTA,146,0,208,191,269,136,143,194,128,105,72,147,164,147,39,173,122,204,163,35,203,45,83,45
B:CGCTC,299,0,464,426,632,252,289,437,360,261,199,284,463,373,79,439,279,558,597,98,646,112,225,193
B:CGCTG,289,0,575,540,747,351,349,504,388,410,254,394,550,403,99,580,329,658,729,117,711,137,303,297
B:CGCTT,256,0,456,415,625,266,290,415,295,202,158,293,384,322,65,390,256,445,444,82,478,85,239,155
B:CGTAA,144,0,249,247,411,173,156,240,179,146,90,193,181,190,66,208,196,219,181,35,178,21,139,41
B:CGTAC,77,0,158,173,261,105,95,184,104,91,69,107,143,107,42,149,109,147,142,24,163,28,77,61
B:CGTAG,143,0,210,237,344,165,167,266,149,125,90,188,189,163,46,177,162,210,205,33,209,43,111,76
B:CGTAT,154,0,213,241,434,202,152,264,196,131,130,175,186,217,54,192,201,168,170,36,168,30,144,47
B:CGTCA,185,0,292,269,466,212,230,305,207,169,131,227,265,213,64,260,204,312,307,48,304,65,171,106
B:CGTCC,169,0,324,304,450,194,223,319,268,200,133,228,291,270,68,377,183,459,497,70,509,74,213,169
B:CGTCG,60,0,110,96,138,65,58,110,78,57,54,59,106,75,26,115,47,146,180,31,179,31,35,47
B:CGTCT,273,0,487,472,708,314,303,490,369,227,208,355,414,414,87,486,334,582,540,97,645,82,364,175
B:CGTGA,315,0,484,543,766,370,349,525,376,313,230,413,506,449,109,556,394,609,555,125,698,88,356,168
B:CGTGC,222,0,431,408,627,289,243,460,343,257,218,314,414,331,89,474,320,583,531,102,598,96,338,182
B:CGTGG,328,0,636,578,858,355,401,608,441,365,284,460,587,494,105,623,400,830,752,117,849,134,442,275
B:CGTGT,233,0,437,381,715,308,278,501,321,243,182,330,342,317,137,417,296,505,450,63,455,96,337,176
B:CGTTA,137,0,222,201,396,172,154,279,188,115,99,186,177,168,54,170,167,189,138,42,182,25,98,30
B:CGTTC,152,0,270,278,454,201,203,304,196,147,116,201,224,208,71,238,196,314,250,58,295,60,169,78
B:CGTTG,181,0,261,261,407,210,194,289,208,141,130,216,266,213,66,229,176,252,263,56,254,61,161,101
B:CGTTT,236,0,467,464,741,382,308,503,343,205,163,329,341,325,103,354,316,421,366,92,340,65,290,85
B:CTCAA,1653,0,2497,2340,4029,2154,1592,2692,1777,1154,1003,1739,2105,1810,565,2098,1811,2095,1834,413,2075,321,1378,625
B:CTCAC,1476,0,2440,2156,3619,1728,1534,2341,1624,1091,1034,1658,2102,1785,463,2116,1643,2268,2077,406,2448,389,1391,820
B:CTCAG,1994,0,3413,2995,5082,2234,2276,3243,2213,1516,1540,2286,2942,2470,552,2892,2181,3102,2931,547,3180,468,1915,1320
B:CTCAT,1602,0,2139,1966,3843,1899,1582,2335,1608,1051,975,1658,1885,1503,480,1686,1552,1525,1434,340,1533,274,1197,558
B:CTCCA,1828,0,3005,2614,4511,2085,1974,2989,1970,1340,1311,2090,2724,2265,512,2414,1921,2745,2491,489,2820,448,1632,1093
B:CTCCC,2085,0,3379,2873,4586,2025,2026,3124,2108,1483,1408,2342,2898,2636,487,2964,1964,3230,3130,474,3883,595,1792,1410
B:CTCCG,352,0,698,586,904,370,406,622,437,324,276,423,620,543,92,608,363,680,895,136,891,154,367,264
B:CTCCT,2287,0,3598,3027,5338,2442,2318,3520,2437,1519,1546,2378,3092,2742,601,2989,2191,3341,3043,551,3508,520,1992,1371
B:CTCGA,223,0,388,373,588,238,234,422,283,183,187,305,320,328,61,383,247,429,484,83,491,93,235,115
B:CTCGC,243,0,461,432,617,270,273,395,326,243,207,286,436,356,79,428,263,525,541,80,635,107,249,199
B:CTCGG,421,0,732,729,1087,449,459,700,493,365,340,486,754,620,122,715,438,937,876,176,1100,162,460,312
B:CTCGT,229,0,334,360,536,258,217,370,262,207,168,251,360,275,97,321,237,401,351,53,445,60,230,147
B:CTCTA,1267,0,2005,1744,3260,1513,1306,2021,1397,854,783,1426,1596,1347,388,1493,1434,1450,1269,301,1459,272,1025,459
B:CTCTC,1731,0,2577,2198,3972,1907,1695,2622,1676,1199,1101,1905,2366,1900,543,2002,1652,2155,1993,312,2342,371,1363,950
B:CTCTG,2138,0,3360,2994,5217,2397,2418,3481,2249,1616,1475,2568,3075,2473,622,2816,2282,3089,2787,504,3032,562,1893,1362
B:CTCTT,2072,0,2859,2642,5004,2415,1939,3007,2069,1287,1197,2037,2415,2030,642,2239,2097,2161,1894,414,1921,399,1501,771
B:CTTAA,1526,0,2054,2235,3939,2082,1498,2276,1683,1036,831,1568,1624,1486,659,1632,1715,1398,1144,322,1022,234,1157,302
B:CTTAC,881,0,1244,1161,2324,1099,899,1414,1014,631,515,999,1099,891,325,1032,1000,959,811,188,787,162,704,255
B:CTTAG,1033,0,1431,1356,2653,1308,1016,1500,1045,669,610,1076,1223,967,401,1218,1030,1042,922,244,823,210,774,389
B:CTTAT,1296,0,1702,1643,3328,1669,1250,2004,1461,821,672,1316,1429,1214,496,1311,1449,1070,892,310,899,231,954,282
B:CTTCA,1762,0,2527,2364,4426,2132,1816,2665,1959,1147,1099,1895,2232,1832,616,1946,1960,1872,1672,395,1618,395,1334,653
B:CTTCC,1916,0,2905,2599,4495,2114,2082,2929,1885,1330,1220,2111,2527,2082,548,2384,1845,2451,2240,411,2474,438,1406,1008
B:CTTCG,203,0,359,330,516,247,240,348,255,161,135,264,314,260,70,306,205,367,361,51,316,88,164,128
B:CTTCT,2241,0,3152,2807,5392,2610,2200,3379,2302,1388,1360,2295,2701,2266,770,2479,2146,2387,2188,456,2117,486,1725,863
B:CTTGA,1505,0,2303,2198,3823,1988,1558,2387,1648,1061,986,1637,1852,1634,502,1929,1708,1888,1619,423,1790,307,1282,533
B:CTTGC,1087,0,1663,1507,2742,1343,1198,1693,1117,853,659,1268,1533,1120,319,1354,1147,1426,1245,265,1267,253,1000,613
B:CTTGG,1503,0,2385,2068,3619,1731,1641,2388,1565,1132,1012,1691,2142,1651,438,1927,1636,2118,1910,330,1990,409,1227,940
B:CTTGT,1334,0,1870,1767,3354,1735,1325,1993,1347,911,779,1373,1532,1299,452,1484,1467,1533,1302,272,1292,263,1059,533
B:CTTTA,1769,0,2482,2464,4726,2508,1759,2724,2021,1210,1034,1844,2012,1794,737,1844,1987,1597,1359,411,1207,314,1407,399
B:CTTTC,2119,0,2786,2629,4997,2491,2141,3082,2147,1384,1189,2028,2308,1991,646,2122,2017,2108,1841,449,1745,426,1640,620
B:CTTTG,2036,0,2864,2803,5203,2640,2057,3143,2108,1284,1260,2120,2540,2096,741,2381,2169,2270,2041,445,1975,399,1638,709
B:CTTTT,3176,0,4178,4423,8019,4282,2940,4809,3659,2066,1766,3126,3488,3140,1248,3382,3450,3096,2601,713,2437,566,2585,670
B:GACAA,1203,0,1625,1579,2951,1500,1111,1782,1271,808,730,1191,1408,1120,388,1230,1282,1259,1083,235,1071,211,966,403
B:GACAC,839,0,1281,1124,2051,1076,885,1439,973,645,525,999,1098,909,304,1091,847,1255,1074,174,1206,190,790,486
B:GACAG,1317,0,2310,2042,3536,1587,1448,2265,1560,1061,1016,1681,2081,1629,446,1952,1506,2079,1935,350,2158,344,1334,868
B:GACAT,1088,0,1458,1456,2717,1391,1110,1601,1195,764,678,1204,1285,1050,406,1163,1112,1145,998,254,1023,202,867,376
B:GACCA,1010,0,1608,1439,2521,1191,1111,1631,1073,767,669,1087,1379,1157,268,1325,1147,1524,1360,269,1456,266,955,602
B:GACCC,679,0,1241,1081,1632,750,816,1189,748,603,553,975,1121,922,196,1041,710,1322,1196,163,1461,222,671,649
B:GACCG,160,0,302,216,343,128,159,254,156,138,98,190,265,185,41,255,145,296,309,50,360,47,132,110
B:GACCT,932,0,1520,1331,2458,1115,1119,1544,1003,668,702,1237,1447,1162,264,1331,1019,1432,1342,248,1450,230,890,627
B:GACGA,173,0,234,211,356,181,149,245,183,128,101,167,214,187,51,211,157,283,248,47,300,46,139,91
B:GACGC,128,0,274,265,381,170,189,264,213,154,124,198,250,205,50,300,148,373,395,59,368,63,147,109
B:GACGG,235,0,432,429,601,253,282,437,331,222,183,288,391,372,77,474,283,557,594,90,646,95,338,191
B:GACGT,150,0,273,237,424,181,194,278,194,149,118,216,222,208,67,252,181,286,288,50,325,48,159,106
B:GACTA,797,0,1142,1023,1935,966,706,1218,860,534,475,810,946,751,268,900,820,776,661,182,708,156,555,216
B:GACTC,839,0,1366,1236,2216,952,951,1411,894,637,597,1054,1225,977,271,1106,884,1227,1171,210,1279,198,769,475
B:GACTG,1051,0,1621,1525,2622,1259,1135,1588,1062,806,696,1088,1397,1140,331,1277,1140,1371,1288,251,1237,256,919,555
B:GACTT,1110,0,1670,1577,2917,1465,1205,1739,1193,793,685,1246,1377,1138,420,1267,1158,1288,1077,222,1091,245,864,406
B:GATAA,1169,0,1665,1575,3145,1590,1181,1812,1450,779,630,1261,1348,1164,480,1262,1406,1063,848,254,781,186,910,262
B:GATAC,657,0,934,910,1755,862,636,1077,689,421,407,686,828,659,249,728,759,623,531,139,510,133,484,192
B:GATAG,803,0,1100,990,1841,979,806,1117,819,531,450,765,885,707,259,800,747,718,615,156,604,119,517,209
B:GATAT,1193,0,1332,1396,2781,1492,1085,1580,1274,704,562,1055,1228,1061,486,1046,1237,842,659,248,700,143,807,199
B:GATCA,1109,0,1610,1551,2650,1351,1079,1587,1204,711,679,1194,1433,1144,364,1362,1165,1305,1246,307,1386,213,951,364
B:GATCC,765,0,1136,1028,1753,874,769,1131,773,531,519,878,1129,899,235,1002,790,997,1092,173,1186,201,661,371
B:GATCG,169,0,312,295,417,196,195,280,192,131,119,220,249,222,62,248,205,297,307,82,410,49,190,90
B:GATCT,1002,0,1675,1458,2686,1313,1105,1615,1170,647,683,1259,1440,1140,324,1292,1117,1283,1125,277,1363,207,952,395
B:GATGA,1330,0,1818,1746,3262,1533,1407,1921,1328,883,809,1460,1635,1303,484,1419,1278,1377,1321,274,1181,266,971,493
B:GATGC,782,0,1189,1087,1967,1054,872,1241,841,678,515,1005,1107,830,275,943,837,1095,906,183,892,162,661,446
B:GATGG,1250,0,2047,1788,3142,1531,1448,1990,1361,938,900,1387,1984,1449,397,1646,1336,1711,1606,302,1914,285,1133,703
B:GATGT,1049,0,1411,1350,2631,1376,1122,1658,1201,766,653,1193,1272,1055,372,1155,1112,1125,1015,249,1095,221,860,413
B:GATTA,1229,0,1777,1796,3244,1597,1171,1859,1382,797,760,1280,1521,1291,446,1537,1502,1336,1156,346,1289,197,1045,257
B:GATTC,1044,0,1356,1345,2469,1229,1029,1547,1036,674,608,1024,1239,979,327,1102,1119,1116,942,259,1037,201,799,351
B:GATTG,887,0,1301,1208,2052,1131,870,1288,923,582,507,846,1135,916,279,979,902,929,831,213,888,197,689,262
B:GATTT,1791,0,2305,2415,4646,2378,1781,2754,2086,1115,1042,1833,1965,1656,740,1833,1932,1557,1332,427,1278,339,1441,359
B:GCCAA,1267,0,1870,1666,3115,1505,1274,1974,1320,852,826,1337,1601,1360,373,1566,1381,1594,1409,319,1459,248,1068,619
B:GCCAC,1239,0,2154,1988,3168,1379,1335,2156,1400,1045,1009,1510,1942,1536,376,2043,1400,2272,1940,387,2301,357,1258,909
B:GCCAG,1487,0,2605,2309,3897,1685,1774,2450,1688,1268,1232,1930,2445,1855,409,2415,1603,2677,2473,406,2535,435,1451,1319
B:GCCAT,1206,0,1639,1596,2781,1366,1227,1708,1140,824,765,1217,1507,1218,333,1395,1172,1459,1265,251,1362,251,973,514
B:GCCCA,1383,0,2358,2132,3383,1487,1531,2202,1478,1131,1056,1650,2223,1666,369,2159,1509,2464,2312,372,2445,440,1390,1159
B:GCCCC,987,0,1829,1493,2314,914,1133,1620,1125,946,829,1359,1780,1375,227,1737,967,2053,2107,186,2222,394,1025,1184
B:GCCCG,369,0,741,717,979,379,433,675,461,377,307,470,780,570,99,790,402,997,965,149,1079,195,391,383
B:GCCCT,1107,0,1884,1575,2697,1074,1214,1792,1071,926,813,1429,1815,1306,297,1681,1033,1890,1761,229,1750,379,966,1064
B:GCCGA,294,0,507,508,782,331,287,477,337,236,213,335,490,443,81,480,316,570,552,130,720,95,311,209
B:GCCGC,325,0,611,639,793,293,424,539,432,434,269,350,633,558,97,664,306,838,896,114,872,208,265,332
B:GCCGG,374,0,730,693,959,308,392,663,491,405,284,430,792,567,99,689,392,968,985,109,1094,144,404,332
B:GCCGT,158,0,298,302,461,191,205,333,207,183,140,206,285,274,76,355,191,405,397,68,389,85,204,156
B:GCCTA,803,0,1118,988,1903,882,750,1124,757,477,466,761,1036,735,222,945,758,846,811,176,758,161,560,330
B:GCCTC,1687,0,3143,2744,4406,1856,1856,2836,1976,1385,1354,2028,2765,2323,405,2730,2015,3294,2960,559,3642,486,1794,1361
B:GCCTG,1844,0,3333,2868,4714,2007,2056,2958,2138,1549,1522,2224,2976,2497,499,3045,2122,3466,3123,581,3700,506,2041,1486
B:GCCTT,1288,0,1968,1727,3196,1456,1404,2013,1274,954,778,1449,1775,1370,370,1650,1271,1673,1515,295,1643,295,999,677
B:GCTAA,1042,0,1471,1480,2601,1333,1025,1569,1140,687,641,1046,1276,1091,347,1329,1108,1202,966,242,1095,205,830,334
B:GCTAC,797,0,1173,1155,1926,962,767,1164,815,526,491,838,998,836,263,975,792,1014,914,192,1030,171,658,278
B:GCTAG,761,0,1025,968,1749,860,681,1025,678,480,424,735,823,697,216,771,741,822,708,159,703,167,523,311
B:GCTAT,865,0,1237,1137,2137,1108,854,1294,917,513,481,879,1000,851,328,917,920,850,641,170,694,140,669,241
B:GCTCA,1361,0,2398,2082,3517,1659,1509,2275,1541,1101,1022,1560,2074,1743,358,2141,1587,2226,2149,407,2320,354,1404,856
B:GCTCC,1029,0,1777,1413,2415,1117,1204,1646,1167,846,802,1224,1635,1290,296,1469,1011,1829,1791,260,1636,361,881,877
B:GCTCG,182,0,324,355,457,214,202,294,225,206,152,223,338,263,58,353,201,418,428,63,395,104,172,154
B:GCTCT,1294,0,2020,1750,3273,1500,1451,2084,1354,992,936,1558,1814,1437,433,1689,1403,1816,1635,296,1656,337,1099,811
B:GCTGA,1455,0,2392,2185,3740,1724,1605,2342,1643,1099,1074,1691,2109,1717,444,2118,1660,2222,2117,407,2164,348,1392,856
B:GCTGC,1182,0,2057,1947,3006,1461,1443,1950,1400,1211,998,1542,1952,1540,392,2042,1317,2320,2054,301,1867,425,1266,1056
B:GCTGG,1925,0,3579,3183,4970,2236,2246,3314,2278,1735,1564,2410,3197,2688,540,3335,2322,3754,3484,598,3974,581,2215,1616
B:GCTGT,1187,0,1902,1849,3258,1521,1356,2002,1354,1069,877,1451,1601,1355,419,1688,1426,1714,1594,313,1553,307,1150,774
B:GCTTA,877,0,1153,1168,2215,1096,867,1348,917,609,468,928,1047,830,346,976,976,855,757,176,608,154,675,288
B:GCTTC,1179,0,1802,1597,2796,1354,1240,1793,1234,828,759,1345,1549,1254,349,1493,1230,1581,1377,305,1396,292,904,629
B:GCTTG,1079,0,1730,1542,2609,1310,1133,1568,1111,779,683,1172,1460,1118,344,1378,1185,1482,1361,235,1360,286,967,599
B:GCTTT,1708,0,2226,2290,4206,2201,1721,2552,1837,1121,916,1790,1902,1660,579,1838,1744,1741,1567,380,1269,365,1312,504
B:GGCAA,1276,0,1876,1625,3116,1500,1273,1822,1266,821,705,1331,1625,1300,370,1502,1240,1470,1311,327,1327,276,992,581
B:GGCAC,931,0,1615,1401,2436,1041,1083,1626,1069,775,787,1158,1450,1191,277,1488,1078,1617,1496,270,1563,291,938,731
B:GGCAG,1709,0,3010,2713,4407,1872,2002,2836,1899,1496,1338,2198,2859,2293,467,2854,1869,3248,2785,429,2924,483,1768,1547
B:GGCAT,1136,0,1736,1658,2992,1443,1190,1847,1232,871,819,1366,1537,1253,368,1514,1228,1487,1344,288,1429,275,1056,582
B:GGCCA,1401,0,2298,2057,3598,1539,1570,2391,1505,1141,1204,1685,2245,1732,366,2198,1545,2508,2217,393,2472,411,1310,1138
B:GGCCC,932,0,1657,1417,2325,857,1090,1591,1018,858,785,1279,1687,1184,235,1584,899,1912,1970,224,1958,391,940,1167
B:GGCCG,453,0,782,765,1086,365,457,743,520,438,318,492,787,691,117,816,461,1007,1036,146,1219,150,428,381
B:GGCCT,1300,0,2336,1799,3180,1331,1391,2050,1325,1003,1019,1549,2160,1557,310,1947,1331,2256,2087,335,2377,392,1221,1182
B:GGCGA,271,0,431,406,561,278,250,372,311,220,172,257,403,327,68,446,267,515,466,80,578,94,228,177
B:GGCGC,342,0,729,796,930,334,398,595,472,406,296,397,768,606,96,724,436,847,927,111,1104,199,370,310
B:GGCGG,518,0,1045,988,1287,491,549,900,665,542,421,549,1016,794,140,1051,552,1234,1341,189,1494,251,483,501
B:GGCGT,298,0,576,540,763,308,313,564,407,273,229,355,569,462,93,532,349,741,625,121,818,104,353,189
B:GGCTA,929,0,1342,1225,2113,1018,906,1235,877,601,543,893,1132,927,258,1054,837,1103,925,214,1077,167,704,371
B:GGCTC,1235,0,2175,1856,2982,1251,1383,1966,1292,999,959,1475,1961,1624,314,1935,1306,2231,2173,375,2353,402,1223,938
B:GGCTG,1850,0,3416,3087,4845,2159,2146,3212,2155,1677,1520,2308,3075,2508,489,3294,2192,3685,3335,553,3845,499,2058,1589
B:GGCTT,1237,0,1765,1613,2926,1328,1294,1766,1285,872,750,1393,1573,1207,363,1411,1250,1598,1434,277,1433,293,1028,651
B:GGTAA,909,0,1273,1226,2433,1168,908,1378,982,602,554,950,1122,961,327,1006,987,899,804,198,790,189,726,245
B:GGTAC,555,0,732,744,1372,678,528,848,576,367,333,459,729,557,205,678,611,593,555,119,582,106,394,242
B:GGTAG,842,0,1235,1094,1970,951,832,1243,762,562,508,860,1020,882,260,960,796,903,860,159,824,191,561,366
B:GGTAT,844,0,1151,1102,2200,1053,792,1211,866,468,485,812,1000,804,292,923,940,717,615,181,666,153,549,203
B:GGTCA,947,0,1580,1420,2503,1148,1082,1542,1054,746,714,1216,1357,1150,278,1320,1060,1404,1288,259,1477,243,940,589
B:GGTCC,605,0,1100,861,1545,660,780,1119,686,535,478,935,1069,767,168,874,668,1124,1099,144,1177,210,579,570
B:GGTCG,147,0,254,222,335,160,181,249,144,106,100,163,221,187,45,278,140,308,328,48,336,62,120,140
B:GGTCT,1082,0,1735,1565,2571,1217,1162,1709,1097,789,730,1175,1566,1322,279,1481,1154,1740,1493,279,1738,250,1009,690
B:GGTGA,1330,0,2013,1874,3211,1434,1339,2038,1363,944,904,1427,1842,1514,412,1735,1405,1878,1739,321,1973,313,1114,687
B:GGTGC,766,0,1366,1250,2001,974,871,1433,954,682,652,988,1364,1052,235,1348,860,1518,1273,220,1494,274,800,692
B:GGTGG,1543,0,2788,2470,3960,1791,1800,2703,1834,1296,1267,1966,2557,2149,403,2542,1728,2884,2723,427,3219,485,1665,1252
B:GGTGT,951,0,1520,1415,2454,1239,1040,1628,1110,743,663,1063,1368,1121,297,1328,1084,1527,1388,229,1635,236,980,557
B:GGTTA,797,0,1060,1007,1944,960,739,1137,771,530,399,808,864,797,294,894,814,778,719,171,623,142,547,201
B:GGTTC,877,0,1303,1148,2160,989,945,1358,886,609,577,963,1204,998,228,1097,935,1196,1112,206,1231,236,764,449
B:GGTTG,953,0,1391,1319,2353,1171,962,1543,963,698,636,968,1201,1067,290,1212,986,1229,1194,238,1298,208,738,439
B:GGTTT,1505,0,2141,2164,3813,2078,1449,2305,1592,1034,894,1545,1823,1541,532,1777,1621,1811,1518,334,1622,313,1290,507
B:GTCAA,899,0,1244,1184,2286,1166,918,1374,1023,584,514,989,989,839,330,948,968,941,807,207,760,169,660,273
B:GTCAC,867,0,1296,1242,2072,1019,951,1358,925,765,621,1059,1149,974,303,1137,938,1218,1174,188,1210,233,794,500
B:GTCAG,1134,0,1795,1530,2949,1356,1233,1750,1182,891,792,1332,1541,1246,331,1451,1148,1577,1504,262,1539,275,1000,649
B:GTCAT,977,0,1417,1372,2563,1296,1054,1511,1125,675,575,1135,1209,1034,402,1137,1077,1066,925,214,889,193,828,352
B:GTCCA,821,0,1323,1163,2194,1000,909,1381,894,660,578,1141,1238,944,275,1072,921,1127,1083,191,1130,217,771,526
B:GTCCC,858,0,1512,1303,2093,911,985,1436,953,734,650,1093,1380,1066,242,1259,843,1602,1468,180,1708,249,826,734
B:GTCCG,124,0,237,229,315,133,158,231,188,143,104,183,249,198,47,239,145,309,380,50,326,65,143,114
B:GTCCT,1024,0,1580,1376,2507,1152,1101,1681,1078,748,689,1216,1399,1088,296,1294,1102,1425,1340,225,1406,253,869,663
B:GTCGA,97,0,154,151,263,110,117,148,114,74,67,113,127,94,31,138,98,165,157,34,167,29,94,58
B:GTCGC,163,0,295,265,366,163,165,246,154,123,107,148,260,206,48,278,178,334,310,67,402,57,140,110
B:GTCGG,150,0,284,229,346,152,156,250,181,136,123,190,256,203,44,268,147,317,389,45,367,70,104,140
B:GTCGT,125,0,195,190,294,142,144,237,155,100,77,139,143,156,43,167,127,218,226,37,204,36,140,71
B:GTCTA,708,0,954,961,1781,895,715,1019,733,465,437,701,877,710,255,728,748,714,593,139,563,118,579,225
B:GTCTC,1368,0,2377,2080,3396,1634,1383,2281,1567,994,1005,1473,2017,1706,384,1980,1429,2167,1995,399,2541,318,1382,720
B:GTCTG,1052,0,1711,1555,2769,1274,1184,1811,1191,818,735,1301,1584,1205,357,1448,1186,1580,1324,252,1516,265,1014,664
B:GTCTT,1343,0,1982,1942,3463,1764,1400,2171,1448,968,879,1420,1696,1445,460,1638,1488,1717,1347,364,1415,276,1152,475
B:GTTAA,1207,0,1528,1609,2984,1540,1068,1731,1315,808,637,1208,1189,1105,487,1270,1246,1036,966,245,711,175,839,235
B:GTTAC,642,0,902,979,1761,906,652,1097,698,471,422,758,804,696,246,809,785,694,640,178,542,131,551,189
B:GTTAG,772,0,1082,1019,1940,980,774,1169,816,504,429,832,898,783,285,813,849,815,741,169,641,152,576,231
B:GTTAT,1051,0,1359,1399,2688,1481,960,1564,1173,729,597,1010,1112,1004,450,1104,1189,850,723,274,674,170,763,181
B:GTTCA,1282,0,1816,1756,3066,1591,1271,1946,1328,829,725,1281,1502,1321,434,1457,1427,1460,1244,341,1461,261,1097,449
B:GTTCC,900,0,1374,1199,2277,1023,991,1458,954,658,586,1008,1173,981,285,1122,879,1168,1097,189,1042,240,749,473
B:GTTCG,140,0,243,269,439,171,173,257,172,113,102,158,211,185,45,213,173,283,241,46,302,39,142,81
B:GTTCT,1393,0,1926,1862,3435,1751,1437,2117,1469,939,814,1522,1712,1346,512,1474,1464,1426,1265,305,1190,301,1026,464
B:GTTGA,941,0,1266,1308,2374,1275,938,1520,1116,643,573,961,1071,946,395,1024,1043,1007,842,242,841,182,758,266
B:GTTGC,919,0,1281,1231,2171,1044,899,1330,946,625,563,904,1058,1020,263,1169,950,1173,1047,245,1159,189,762,356
B:GTTGG,978,0,1588,1414,2574,1220,1014,1576,1067,713,704,1095,1306,1104,278,1310,1130,1407,1273,259,1337,267,841,463
B:GTTGT,990,0,1379,1359,2706,1333,1013,1588,1141,732,646,1072,1265,1057,343,1103,1131,1037,926,245,888,208,798,309
B:GTTTA,1263,0,1834,1840,3417,1869,1275,2085,1607,933,725,1332,1471,1282,521,1429,1442,1160,1009,332,849,227,1082,284
B:GTTTC,1523,0,2120,2075,3808,1858,1486,2409,1690,1072,921,1631,1764,1603,557,1860,1573,1714,1519,384,1660,295,1322,497
B:GTTTG,1395,0,1988,1867,3544,1894,1407,2057,1520,916,848,1467,1701,1406,520,1548,1523,1541,1355,288,1298,259,1175,466
B:GTTTT,2416,0,3400,3726,6748,3692,2416,3914,3004,1796,1518,2519,2782,2534,979,2748,2910,2647,2107,586,2059,499,2160,578
B:TACAA,1604,0,2196,2162,4269,2142,1496,2464,1898,1109,928,1736,1888,1612,608,1783,1815,1657,1393,430,1508,295,1287,329
B:TACAC,875,0,1158,1209,2305,1181,922,1319,948,631,501,905,1044,943,320,934,976,869,850,210,799,165,806,251
B:TACAG,1635,0,2426,2378,4217,2009,1563,2519,1858,1184,983,1657,2064,1739,571,2065,1839,1953,1684,434,1868,281,1424,453
B:TACAT,1526,0,1997,2084,3952,2195,1400,2480,1806,1030,919,1732,1685,1518,612,1613,1780,1233,1110,354,1073,279,1155,279
B:TACCA,1159,0,1537,1480,3000,1464,1131,1646,1145,715,687,1079,1413,1111,420,1174,1269,1045,877,250,926,220,807,301
B:TACCC,712,0,1021,993,1728,864,755,1090,725,466,428,704,889,738,207,876,702,770,777,136,768,178,517,343
B:TACCG,133,0,191,183,303,115,127,183,121,106,68,126,174,132,42,160,146,182,187,24,166,46,104,68
B:TACCT,1146,0,1639,1509,2944,1404,1047,1759,1195,712,697,1170,1394,1222,415,1355,1216,1114,990,247,1001,195,802,344
B:TACGA,135,0,178,200,337,155,125,217,153,125,86,154,161,163,55,159,147,170,160,28,160,23,125,60
B:TACGC,82,0,185,182,273,125,100,176,112,91,74,132,131,96,37,149,129,151,129,25,135,32,82,34
B:TACGG,137,0,205,199,351,138,152,243,135,113,84,140,165,174,44,200,147,183,195,36,216,33,120,73
B:TACGT,164,0,262,317,488,227,193,319,228,164,136,236,242,244,72,219,245,240,215,39,204,34,144,58
B:TACTA,1163,0,1544,1487,2896,1484,1021,1614,1273,689,661,1103,1289,1153,443,1275,1329,1049,866,238,883,155,881,226
B:TACTC,950,0,1338,1266,2460,1122,885,1485,1033,599,574,928,1142,997,329,1109,1044,1015,890,225,950,183,721,276
B:TACTG,1161,0,1662,1671,3242,1609,1256,1838,1276,815,754,1265,1512,1130,429,1326,1310,1170,1015,255,943,246,882,328
B:TACTT,1579,0,2124,2206,4187,2207,1422,2468,1831,1023,957,1616,1800,1570,720,1696,1827,1401,1177,384,1109,252,1232,338
B:TATAA,1996,0,2610,2706,5174,3011,1703,3077,2561,1322,1161,1959,2141,2062,949,2044,2366,1603,1287,579,1171,273,1581,298
B:TATAC,1049,0,1265,1399,2832,1405,931,1540,1171,667,648,1121,1148,1108,434,1033,1212,852,720,255,619,170,814,158
B:TATAG,1119,0,1418,1480,2875,1516,1028,1739,1281,649,608,1153,1297,998,433,1171,1197,922,720,255,738,154,803,213
B:TATAT,2457,0,3035,3308,6168,3390,2115,3860,3464,1627,1369,2574,2768,2737,1052,2177,2728,2143,1542,799,1418,295,1954,353
B:TATCA,1295,0,1714,1699,3269,1740,1273,1886,1437,808,693,1275,1372,1164,515,1273,1442,1041,805,296,759,177,879,258
B:TATCC,865,0,1162,1117,2203,1134,819,1289,930,576,485,863,1028,864,295,878,919,784,671,161,693,143,613,271
B:TATCG,111,0,167,148,267,131,110,180,128,82,66,128,117,128,43,129,133,123,107,41,122,29,80,33
B:TATCT,1550,0,1989,1906,3782,1918,1505,2231,1737,970,804,1501,1772,1434,622,1556,1655,1297,1071,299,1021,232,1145,299
B:TATGA,1358,0,1762,1758,3294,1767,1304,1918,1484,822,728,1357,1514,1212,493,1294,1446,1015,898,303,1043,225,975,274
B:TATGC,850,0,1089,1145,2200,1110,816,1295,948,561,515,895,924,804,354,876,980,755,647,180,587,145,605,214
B:TATGG,1140,0,1282,1255,2468,1306,979,1475,1027,646,574,945,1169,962,325,1005,1014,927,819,210,862,180,765,255
B:TATGT,1652,0,2108,2209,4037,2268,1509,2354,1848,1104,912,1840,1800,1566,646,1613,1737,1378,1124,366,1152,274,1278,297
B:TATTA,1878,0,2556,2493,4973,2673,1767,2868,2334,1238,1081,1977,2165,1991,823,1934,2213,1484,1222,522,1157,291,1389,272
B:TATTC,1499,0,1947,1905,3721,1988,1367,2169,1609,923,814,1476,1716,1424,581,1364,1586,1160,1040,303,927,218,1014,249
B:TATTG,1340,0,1672,1656,3253,1854,1237,1944,1535,796,699,1316,1555,1270,505,1211,1500,1125,917,276,899,183,980,201
B:TATTT,3740,0,5104,5148,10007,5465,3462,5933,4809,2430,2122,3941,4091,3928,1651,4056,4557,3360,2834,975,2654,611,3162,657
B:TCCAA,1452,0,2084,1967,3704,1849,1523,2190,1503,945,845,1535,1726,1411,481,1516,1556,1579,1322,291,1325,283,1127,494
B:TCCAC,1181,0,1827,1668,3000,1344,1274,1963,1292,862,823,1417,1627,1383,348,1599,1261,1667,1481,314,1653,288,1220,640
B:TCCAG,1767,0,3016,2594,4540,2146,2017,2921,1882,1404,1296,2185,2662,2154,587,2465,1937,2656,2463,461,2660,487,1611,1109
B:TCCAT,1561,0,2096,1972,3857,2040,1559,2295,1612,1030,1056,1609,2165,1622,508,1699,1658,1580,1447,341,1543,270,1249,561
B:TCCCA,2232,0,3671,3185,5381,2458,2281,3424,2416,1618,1546,2452,3131,2775,600,3171,2408,3362,3061,569,3726,548,2069,1297
B:TCCCC,1429,0,2200,1833,3171,1420,1493,2217,1429,1132,954,1634,2028,1678,357,1832,1281,2142,2021,277,2501,368,1160,982
B:TCCCG,366,0,669,623,923,334,410,592,459,346,287,427,647,554,111,631,387,845,780,130,982,148,384,281
B:TCCCT,1812,0,2727,2439,4109,1932,1866,2746,1737,1209,1174,2054,2375,2002,493,2155,1659,2171,2131,331,2367,480,1365,1069
B:TCCGA,153,0,260,241,391,178,184,264,192,133,98,213,264,201,68,229,159,277,328,47,300,64,133,108
B:TCCGC,253,0,520,473,654,284,287,473,352,253,212,302,471,398,86,467,308,531,632,119,644,119,233,203
B:TCCGG,216,0,393,343,589,184,267,398,261,196,169,241,418,322,45,370,223,453,615,77,513,83,198,149
B:TCCGT,210,0,403,345,557,249,254,383,291,202,158,284,318,303,79,347,250,400,429,67,444,71,265,138
B:TCCTA,1240,0,1631,1561,3027,1452,1216,1932,1224,775,709,1335,1477,1198,397,1324,1268,1174,1056,273,1088,245,868,422
B:TCCTC,1877,0,2674,2323,3963,1938,1781,2766,1809,1171,1163,1910,2346,2043,509,2166,1652,2271,2270,350,2452,431,1343,1017
B:TCCTG,2090,0,3541,3043,5314,2414,2298,3405,2354,1594,1541,2425,3130,2594,636,3000,2281,3339,2976,594,3391,494,2070,1399
B:TCCTT,2141,0,2909,2667,5053,2601,2183,3267,2225,1335,1227,2194,2446,2047,707,2296,2110,2256,1970,386,2023,437,1604,748
B:TCTAA,1383,0,1960,1900,3719,1976,1450,2236,1632,927,792,1511,1622,1380,607,1463,1651,1221,1099,319,952,242,1139,323
B:TCTAC,1081,0,1556,1503,2740,1330,1055,1661,1196,719,667,1119,1379,1113,381,1212,1203,1119,1055,248,1165,201,858,323
B:TCTAG,1114,0,1618,1518,2869,1287,1089,1693,1145,695,681,1112,1344,1084,367,1168,1240,1134,926,246,963,230,922,396
B:TCTAT,1412,0,1805,1739,3424,1854,1409,2048,1589,919,764,1432,1547,1256,517,1358,1441,1209,927,288,889,207,1040,277
B:TCTCA,2118,0,3136,2904,5207,2611,2133,3315,2273,1427,1332,2206,2644,2260,669,2525,2247,2563,2331,496,2548,393,1780,813
B:TCTCC,1913,0,2873,2410,4497,2050,1858,2927,1925,1253,1132,2020,2519,2210,507,2332,1726,2464,2276,447,2760,413,1499,974
B:TCTCG,350,0,644,585,937,411,370,622,438,286,291,394,575,525,110,574,377,675,694,131,841,98,402,195
B:TCTCT,2592,0,3776,3411,6060,3065,2529,3890,2657,1681,1598,2702,3397,2731,842,2812,2618,2898,2525,547,3188,523,2057,971
B:TCTGA,1738,0,2428,2325,4391,2056,1866,2754,1866,1171,1045,1970,2148,1694,617,1919,1870,1917,1692,381,1672,402,1315,711
B:TCTGC,1508,0,2449,2132,3903,1817,1689,2485,1644,1190,1066,1825,2204,1785,491,1975,1616,2226,1865,339,1905,373,1473,919
B:TCTGG,1691,0,2559,2259,3946,1809,1855,2461,1648,1168,1145,1892,2262,1763,451,2072,1684,2097,2038,366,2091,420,1312,975
B:TCTGT,2056,0,3087,2928,5396,2663,2143,3402,2476,1512,1394,2395,2839,2160,742,2588,2389,2576,2161,516,2431,432,1756,852
B:TCTTA,1501,0,2094,2165,4045,2047,1503,2340,1727,993,883,1628,1706,1450,595,1648,1653,1418,1168,380,1071,269,1169,330
B:TCTTC,1991,0,2762,2582,4881,2317,1918,2958,2012,1234,1187,2018,2428,2020,696,2185,2005,2113,1910,412,1745,401,1477,659
B:TCTTG,1678,0,2445,2287,4260,2231,1736,2573,1787,1202,1017,1747,2115,1757,494,2015,1872,2032,1710,410,1884,344,1470,646
B:TCTTT,3168,0,4165,4161,7894,4131,3004,4541,3500,2005,1796,2984,3532,3067,1238,3192,3312,2971,2383,698,2352,519,2561,740
B:TGCAA,1531,0,2058,1965,3787,1992,1546,2287,1658,1104,872,1565,1784,1579,509,1734,1594,1685,1406,364,1548,282,1274,473
B:TGCAC,1015,0,1689,1606,2856,1366,1160,1803,1232,906,816,1342,1535,1321,357,1569,1256,1788,1437,280,1715,271,1128,576
B:TGCAG,1719,0,2983,2642,4730,2281,2026,2871,2049,1570,1400,2227,2771,2227,616,2708,2079,3034,2492,514,2799,484,1953,1127
B:TGCAT,1323,0,1902,1830,3616,1867,1454,2095,1511,1081,825,1616,1606,1363,554,1443,1570,1487,1188,318,1202,269,1201,470
B:TGCCA,1636,0,2449,2235,4067,1878,1692,2407,1678,1151,1114,1811,2123,1710,489,2129,1669,2069,1812,372,1741,349,1428,918
B:TGCCC,1275,0,2245,1964,3218,1444,1473,2185,1355,1067,972,1663,2156,1636,375,2029,1394,2291,2100,322,2157,425,1281,1167
B:TGCCG,215,0,383,377,582,259,275,415,304,233,191,301,404,327,57,404,208,513,463,72,459,114,239,196
B:TGCCT,1926,0,3158,2822,5083,2272,2105,3125,2129,1512,1370,2278,2785,2363,561,2794,2144,2949,2561,548,2886,436,1806,1160
B:TGCGA,165,0,253,272,384,179,184,248,174,129,101,182,231,196,51,209,169,282,234,56,273,57,143,109
B:TGCGC,210,0,415,411,544,226,230,401,260,230,167,250,348,311,74,354,290,481,478,69,582,104,242,171
B:TGCGG,216,0,431,417,591,264,290,423,327,252,203,322,483,356,65,417,264,544,561,83,583,115,226,237
B:TGCGT,155,0,310,305,508,234,208,339,244,169,160,288,261,233,59,304,222,380,297,51,329,56,235,118
B:TGCTA,1170,0,1515,1548,2840,1512,1074,1722,1227,703,674,1151,1278,1071,414,1236,1208,1108,919,225,872,209,798,348
B:TGCTC,1147,0,1843,1624,3006,1468,1341,1950,1342,933,894,1388,1698,1355,399,1572,1319,1729,1554,257,1417,303,1065,753
B:TGCTG,1789,0,2852,2770,4751,2268,2049,3062,2113,1564,1396,2213,2625,2140,657,2611,2119,2800,2442,468,2414,521,1905,1192
B:TGCTT,1869,0,2650,2569,4702,2432,1894,2809,2007,1296,1098,2022,2240,1871,669,2184,2042,1994,1736,400,1510,379,1471,672
B:TGTAA,1728,0,2568,2516,4657,2478,1740,2843,2120,1259,993,1925,2082,1935,644,2131,2136,1896,1648,489,1753,313,1575,388
B:TGTAC,941,0,1198,1247,2404,1136,882,1419,1027,655,580,880,1063,896,351,990,989,896,850,198,780,163,719,249
B:TGTAG,1249,0,1666,1608,3059,1480,1163,1842,1343,814,648,1230,1477,1170,428,1342,1275,1252,1119,292,1207,239,930,347
B:TGTAT,1722,0,2348,2463,4626,2434,1596,2681,2021,1226,1110,1996,2061,1813,688,1932,2010,1668,1418,449,1511,306,1448,327
B:TGTCA,1427,0,1995,1948,3621,1832,1435,2172,1597,996,862,1582,1681,1431,531,1662,1491,1646,1484,287,1420,285,1168,559
B:TGTCC,1071,0,1676,1528,2721,1246,1166,1776,1192,835,763,1368,1553,1185,351,1393,1129,1545,1443,241,1526,258,1011,734
B:TGTCG,195,0,308,264,433,183,186,302,217,148,130,194,249,222,51,252,211,324,312,62,377,57,185,116
B:TGTCT,1754,0,2695,2462,4479,2293,1768,2837,1993,1299,1194,1931,2390,1871,611,2130,1917,2224,1853,423,2136,347,1593,725
B:TGTGA,1676,0,2290,2183,4152,2167,1723,2593,1808,1239,1043,1875,2046,1685,623,1904,1781,1897,1608,377,1900,347,1394,649
B:TGTGC,1168,0,1770,1706,3152,1427,1351,1932,1295,1010,872,1464,1650,1391,393,1581,1343,1731,1460,267,1472,316,1157,702
B:TGTGG,1621,0,2355,2199,4020,1923,1642,2645,1638,1162,1065,1829,2146,1660,490,1998,1614,2193,1934,367,2223,369,1433,994
B:TGTGT,2031,0,2770,2697,5373,2733,2209,3303,2157,1778,1188,2469,2442,2022,814,2366,2366,2395,1940,509,2408,472,2085,961
B:TGTTA,1452,0,1847,2035,3778,2038,1380,2215,1668,1008,859,1511,1593,1416,604,1545,1682,1315,1164,338,996,242,1096,313
B:TGTTC,1405,0,1902,1883,3448,1750,1429,2173,1464,940,809,1458,1626,1309,531,1435,1437,1396,1246,306,1134,278,1072,501
B:TGTTG,1579,0,2273,2195,4126,2080,1544,2405,1849,1073,1005,1701,1932,1733,540,1904,1846,1927,1559,442,1709,340,1425,523
B:TGTTT,2720,0,3786,3925,7374,3938,2783,4345,3409,2039,1700,2919,3139,2877,1104,3168,3121,2800,2329,656,2333,518,2441,736
B:TTCAA,2093,0,2886,2890,5295,2919,2064,3166,2416,1327,1216,2107,2286,2097,807,2196,2356,1957,1706,537,1649,384,1715,458
B:TTCAC,1529,0,2058,1980,3719,1856,1483,2278,1635,1026,905,1579,1741,1551,505,1660,1680,1616,1425,335,1638,288,1237,498
B:TTCAG,1986,0,2716,2652,4904,2335,1957,2975,2119,1235,1167,2130,2305,1918,692,2159,2133,2001,1805,418,1648,423,1405,626
B:TTCAT,2246,0,2813,2782,5478,2898,2040,3229,2476,1357,1263,2455,2451,2068,888,2090,2304,1809,1621,487,1572,400,1762,476
B:TTCCA,2009,0,2823,2656,5131,2582,2185,3082,2043,1380,1311,2110,2373,2030,700,2327,2157,2208,1918,435,1828,402,1631,699
B:TTCCC,1709,0,2578,2281,4087,1858,1802,2652,1815,1224,1114,1888,2214,1908,501,2034,1682,2034,1937,359,2185,423,1301,876
B:TTCCG,199,0,371,332,576,208,248,367,252,181,152,235,335,250,84,324,250,372,402,64,366,68,156,129
B:TTCCT,2597,0,3523,3283,6079,3089,2599,3987,2608,1680,1547,2695,3023,2614,855,2855,2570,2726,2394,543,2442,516,1960,989
B:TTCGA,196,0,316,290,514,239,212,325,253,127,131,241,230,234,62,281,210,283,283,63,311,52,158,80
B:TTCGC,176,0,249,255,375,187,174,250,177,131,90,169,219,183,53,242,141,261,237,32,273,52,111,84
B:TTCGG,192,0,290,287,477,211,218,309,203,154,113,212,286,246,62,244,190,324,308,76,277,47,146,91
B:TTCGT,182,0,295,322,561,224,208,341,241,156,114,240,258,206,68,256,226,302,230,56,253,50,194,78
B:TTCTA,1809,0,2490,2502,4749,2450,1788,2841,2086,1192,1006,1902,2082,1731,763,1857,2065,1522,1332,409,1219,310,1423,390
B:TTCTC,2360,0,3176,2965,5548,2736,2276,3547,2379,1450,1287,2336,2761,2406,732,2415,2305,2476,2200,521,2454,445,1757,738
B:TTCTG,2347,0,3254,3086,5716,2912,2381,3574,2549,1582,1482,2473,2850,2217,811,2593,2487,2485,2146,491,2078,502,1787,811
B:TTCTT,3175,0,4140,4154,8039,4265,3082,4557,3486,2015,1781,3088,3566,3056,1219,3269,3299,2966,2530,724,2359,565,2637,719
B:TTTAA,3185,0,4558,4917,8939,4839,3195,5266,4161,2311,1835,3450,3449,3346,1541,3648,3837,2813,2468,871,1920,637,2798,563
B:TTTAC,1464,0,2077,2000,3972,2193,1547,2274,1783,1102,852,1511,1664,1541,618,1541,1725,1360,1066,332,1017,268,1215,289
B:TTTAG,1709,0,2359,2383,4563,2365,1645,2729,2014,1118,1012,1772,1994,1704,665,1905,2020,1577,1383,406,1365,288,1442,386
B:TTTAT,3146,0,4271,4361,8208,4602,2858,4827,3999,2063,1708,3228,3533,3272,1358,3233,3663,2822,2363,762,2132,502,2648,510
B:TTTCA,2818,0,3640,3713,7146,3750,2618,4322,3296,1795,1659,3176,2959,2714,1113,2939,3077,2530,2200,620,2013,515,2274,566
B:TTTCC,2305,0,3145,2970,5780,2847,2329,3585,2534,1547,1449,2465,2640,2340,840,2605,2454,2396,2141,476,2046,452,1823,747
B:TTTCG,238,0,311,348,556,259,221,372,255,179,118,272,276,245,86,311,226,307,270,81,280,49,191,74
B:TTTCT,3792,0,5096,5100,9597,5044,3767,5675,4285,2467,2127,3682,4209,3641,1433,3860,4044,3543,2997,879,3020,675,3139,851
B:TTTGA,2236,0,3083,3141,5845,3107,2169,3539,2596,1473,1285,2331,2575,2260,852,2516,2511,2193,1952,549,1890,390,1807,571
B:TTTGC,1602,0,2122,2065,4035,2251,1659,2387,1769,1068,917,1637,1837,1559,620,1713,1657,1600,1419,344,1254,305,1251,486
B:TTTGG,2051,0,2901,2809,5264,2668,2014,3090,2194,1269,1239,2162,2470,2105,738,2309,2231,2229,1984,454,1992,389,1728,674
B:TTTGT,2698,0,3719,3843,7184,3702,2522,4174,3089,1793,1691,2765,3162,2778,1053,3065,3050,2913,2370,665,2531,470,2335,631
B:TTTTA,3860,0,5410,5805,10508,5879,3698,6280,4863,2703,2218,4061,4365,4087,1779,4221,4657,3622,2977,999,2746,709,3472,675
B:TTTTC,3278,0,4329,4434,8559,4500,3073,5115,3932,2071,1920,3416,3474,3137,1286,3481,3700,3083,2563,722,2367,569,2633,671
B:TTTTG,3054,0,4146,4453,8148,4363,2912,4774,3603,2068,1846,3115,3520,3199,1133,3523,3480,3298,2758,784,3005,550,2707,710
B:TTTTT,7453,0,11336,12497,20775,11040,7074,12408,9458,5372,4755,7678,9408,9152,2989,9949,9179,9425,7981,2258,9396,1328,7380,1866
N:AACAA,459794,89577,473626,567446,430545,524642,468146,417949,330936,350813,287565,270018,284492,269495,282775,206659,157462,149340,122369,206623,77629,125583,103159,59451
N:AACAC,246260,52439,277290,321549,232276,273079,271243,223243,197315,195439,165513,163110,161195,158787,150577,116703,94375,101478,87853,126279,70568,90708,61625,47285
N:AACAG,303004,61668,339214,396819,286280,339423,324886,280871,238561,242762,201375,194618,204820,189035,184718,144600,115975,116862,98693,131319,68526,97407,72963,51454
N:AACAT,390424,73311,397313,486523,360858,450257,396951,355159,279577,305786,254322,225557,250265,237825,247536,177433,139221,125677,116892,200354,66656,114354,91734,54834
N:AACCA,268594,51243,280260,333272,245269,288546,266785,240059,194355,205313,166188,162403,168661,158934,152214,118998,95783,91716,75280,113841,46744,80098,56901,37845
N:AACCC,176443,34147,216714,230898,166697,179357,178943,164477,143476,141981,120950,122271,126607,116788,96744,84998,75122,83950,75777,73881,57981,65272,39439,39327
N:AACCG,22052,4245,26670,28696,21773,22689,23226,20432,17971,17561,14912,15764,14865,13949,13512,11235,9836,10435,12139,10121,8089,8641,6722,6227
N:AACCT,235112,46119,267039,302083,223627,253261,240572,214328,187904,192400,166535,158392,160657,155475,139222,113165,102647,97985,94488,117318,62212,84367,57310,46649
N:AACGA,45320,6292,49169,47795,35938,42153,46650,33800,33238,33300,27298,27899,28334,27140,25865,21624,17502,21771,25003,25619,19957,18498,14490,12654
N:AACGC,18927,4199,31423,28140,21232,21305,28428,21985,22482,16871,15201,21336,13758,18541,13048,10887,9736,14603,9857,18803,13116,8431,6690,6003
N:AACGG,39687,6512,38980,39262,29737,30957,33317,27097,28156,28232,24728,23002,31497,23052,19121,16213,14262,18915,26970,24053,14614,16429,11487,10685
N:AACGT,45406,7773,49478,54165,42989,47326,47374,39076,37923,37012,30150,28325,26628,25825,29064,22273,17298,17268,17636,22783,13433,15133,13469,10096
N:AACTA,266974,49934,258252,313913,248660,300879,271272,232192,187057,195755,164435,149734,176810,160066,159868,116518,95182,75546,75094,137660,42356,71723,60772,32858
N:AACTC,256212,48441,295511,297176,245574,253845,267979,215768,209253,185457,157049,167081,168144,170243,143957,117432,100682,113515,113529,105722,84946,86657,62897,50694
N:AACTG,270840,52000,295282,337043,259169,290770,284951,243432,200598,211898,171284,173525,178700,169011,162546,125960,103021,101690,90408,132809,59876,87459,65461,46051
N:AACTT,314327,61476,335982,399071,304983,377636,341005,292455,233427,245474,207708,186590,208473,198302,203339,147599,115683,105643,94538,160795,59640,96142,78248,44555
N:AATAA,621195,118389,651245,802943,614279,784533,669950,591587,466278,490069,396668,363623,390660,380876,423237,286807,206354,197404,155889,280853,94957,158122,145505,70306
N:AATAC,275372,52029,287924,345560,270379,325906,290357,256368,207447,210888,175362,168972,167000,170722,176258,123764,94975,92161,77570,124303,50913,73254,61793,34035
N:AATAG,294648,56012,301084,364149,279414,345078,306649,268897,207277,226615,178906,169830,177769,176614,186084,131709,97428,89413,77616,126915,43795,73656,65812,34211
N:AATAT,542985,104615,549463,692993,542778,702517,604757,514147,408253,429231,352894,306557,335275,330547,393401,259589,186669,170391,130660,270203,90788,140168,145791,73214
N:AATCA,342839,66498,363818,431636,327244,395938,361181,312507,261724,269760,214846,211104,213556,209649,213220,153694,121081,128134,98880,152065,61561,94186,77341,45026
N:AATCC,232698,46719,270787,306850,221239,250632,236212,215331,186616,190183,158877,159658,163564,155302,136542,113607,92670,99467,92603,118593,65550,84390,54706,47753
N:AATCG,29624,7967,38017,39714,27361,31947,31464,28872,32176,24241,21097,26733,23239,23088,18597,14863,13469,17765,14803,15235,10361,11752,8368,7760
N:AATCT,330606,61028,344933,403387,309710,377031,340984,293835,249004,255790,208199,199196,226052,202476,207139,155493,124838,116181,101590,158056,66126,94795,84273,54585
N:AATGA,399902,79926,445009,529022,399132,480799,442986,380867,313204,322372,261571,256762,261710,253249,259098,185608,140570,150027,105713,179167,71313,112036,90942,51663
N:AATGC,268024,52000,260601,319998,236050,286878,259888,224054,191605,200410,173015,154093,185981,147437,158700,121088,109497,89039,99472,138211,47452,93757,67515,47379
N:AATGG,312728,97649,336456,386083,284842,338120,314521,273889,232934,236843,193221,216428,193977,183665,176378,138066,110963,127840,106150,125923,60164,105806,74728,51392
N:AATGT,386429,78546,400449,503468,373106,469163,411148,363992,281584,313541,253780,230027,251817,237593,261435,183973,138607,123089,107008,198249,58994,115406,98321,55318
N:AATTA,437099,85082,481440,594195,455718,583027,499615,439988,347318,361466,290607,270693,281202,278223,315731,212500,151035,146761,123045,206512,73826,113685,108936,51743
N:AATTC,301405,61468,349144,401798,326059,372113,351128,303070,251267,246994,198824,207479,201043,200573,200289,144775,108465,117291,91605,152953,68095,87440,74120,41562
N:AATTG,296152,61181,310218,383493,284708,359118,318423,276521,225170,232928,184697,177926,189237,179369,190847,133849,102374,97126,76015,141243,48362,82739,67338,34713
N:AATTT,623125,122780,667443,818869,640761,801177,697727,614267,490192,500882,403560,376894,387084,386296,436468,296210,215271,201521,161740,288201,106371,158834,153475,72309
N:ACCAA,258388,49367,263791,309831,231943,273214,251231,227042,177794,190706,153857,149731,159025,150500,144053,112430,89537,84088,73362,105986,44331,70571,53021,35555
N:ACCAC,212464,40504,245054,266746,190961,208500,206503,186644,164948,165099,139232,139659,143957,136114,114447,97851,86400,90853,88767,89750,62833,72688,47147,44083
N:ACCAG,203361,40234,247880,275205,193322,213148,208064,189135,167927,166381,142537,143818,139121,132093,115000,100402,86579,89617,79076,87157,56561,75849,45757,44129
N:ACCAT,253504,51686,282837,324286,238734,277903,260395,231748,194458,199500,167240,162782,162516,160210,149901,118029,96508,101343,86751,107024,60700,83191,58009,44264
N:ACCCA,233768,48824,277591,306398,216954,236370,234660,212100,182479,189020,158183,161497,159735,150544,128326,112411,96383,103811,89279,96702,67701,87221,51938,51769
N:ACCCC,139088,25152,182985,192182,129463,135569,138738,127991,119354,115604,103420,105832,102370,94502,75175,71584,64520,72179,67193,60053,51899,60158,33879,39334
N:ACCCG,31471,4932,45479,43000,27599,30810,33576,29970,29733,25668,24650,25491,30033,22411,17448,16380,16099,22804,23416,13719,19585,15584,8967,11734
N:ACCCT,169465,34124,209943,231270,162899,174488,173810,158747,134532,142822,117649,121256,122792,115991,95000,83952,74297,78803,70305,73608,47924,65441,38512,39011
N:ACCGA,19783,4188,25612,27684,18597,21236,20715,20513,16997,17059,14472,15595,14224,13211,12104,10288,9234,10309,8974,9373,6898,8056,5615,5406
N:ACCGC,24469,4201,33000,32097,22551,22701,24498,23521,24387,19501,18278,18424,17037,16477,13330,12136,12075,13820,17801,10126,12686,10766,6941,8180
N:ACCGG,16617,3485,23243,24247,15729,18104,17528,16704,15416,15010,13325,14223,13037,11841,9946,9346,8699,9961,9269,9088,7676,8016,5437,6160
N:ACCGT,29239,5822,34711,38751,26979,28308,28834,28142,23934,23970,20538,20979,19342,20417,19973,16989,14045,15619,15188,17256,10478,12666,10842,10855
N:ACCTA,173440,34706,178185,208519,156315,185538,170509,152419,118324,130583,104760,98149,108773,100308,98756,76482,62588,55023,47420,68914,28698,46002,36395,23409
N:ACCTC,214023,38328,276594,282674,203637,214839,219294,198754,180825,173002,149667,154343,156765,153047,120596,105547,95639,109571,103690,88953,79020,81530,49249,51051
N:ACCTG,217031,47110,278378,305051,208639,234542,224529,204519,189282,188467,164733,163501,158196,149436,130017,112195,101953,105786,100077,111469,72791,91910,54014,56347
N:ACCTT,203475,43049,242450,276175,207383,232121,223799,193123,168730,174183,146580,145303,140727,141538,128473,102001,87685,85784,76309,102253,50408,72870,51117,38496
N:ACTAA,234839,44205,249597,300738,225279,280984,245670,221012,176302,186256,154180,138639,155455,142225,151147,108928,82895,78102,73403,114578,41290,63473,54035,30957
N:ACTAC,152424,29967,155190,183167,138898,163422,147098,132760,108662,110787,96043,89495,101204,94242,89163,69009,56778,51275,49775,71407,28762,44567,35678,24650
N:ACTAG,138244,26476,154855,176700,138285,157594,152782,127229,103393,108673,92855,87851,93483,89437,84500,65984,52806,47447,40404,77289,30880,44208,33404,21908
N:ACTAT,231120,42198,231888,280200,216794,269550,236401,206721,162346,174872,139551,125627,141110,134478,144370,100945,76149,66806,60808,95309,31306,55645,49650,24279
N:ACTCA,247565,50560,289529,320946,246044,272897,265349,228141,199524,200633,162830,168443,172005,165369,150519,120318,99423,105862,94597,111886,64150,84043,60520,47819
N:ACTCC,204518,52705,262630,269697,191047,208345,206731,191005,177839,165754,142725,147606,140269,145473,115823,101281,89831,99810,99525,95233,76334,79609,49556,49507
N:ACTCG,28589,6115,36760,37768,25365,28261,27826,27311,25548,22474,20543,23355,19038,19163,16214,13939,13746,18175,15789,14716,11971,12608,8312,8688
N:ACTCT,258860,54154,311099,336036,257420,281840,284675,233626,219214,211101,181770,180892,177534,172617,160875,130846,111474,114776,113529,138508,85406,102073,72861,58990
N:ACTGA,244094,49256,286943,331952,248943,284547,267910,235380,194299,204412,166484,165513,162926,161511,153904,117007,94535,96584,74538,112646,49502,78515,54983,38244
N:ACTGC,221221,44743,266833,284103,207382,221161,229825,201484,185226,177931,150437,160717,162756,146527,127815,108970,98121,103796,106691,110654,79515,84828,55700,55332
N:ACTGG,214426,45397,246683,276351,198270,221051,217342,191557,158536,167923,139151,140688,140577,132485,118317,99135,83677,85318,72301,92046,50448,73505,45995,39207
N:ACTGT,240505,49397,273434,330004,239878,275568,259976,228349,195110,200645,159994,158673,164039,156045,152490,117386,95166,93493,78798,111436,53472,78628,57646,41148
N:ACTTA,222142,44535,243622,293178,221451,277133,244770,212949,164450,180757,145921,134741,143006,142613,148758,104447,77687,72708,56467,109616,34793,63020,51417,25875
N:ACTTC,233200,48687,265411,304933,229001,270163,249485,217702,176301,192100,159876,151703,167399,148703,144578,113113,95288,88760,77733,116961,50661,83693,57935,41318
N:ACTTG,225882,42407,268372,293919,223625,253220,245431,208605,182731,185742,157740,155249,158888,144947,143948,114205,93752,94660,93292,121058,60729,81619,60541,47321
N:ACTTT,395047,76121,438588,508772,393653,465703,430655,376629,313193,315208,258878,249494,263250,256461,254707,185538,143426,141300,125106,181965,83879,113950,94778,56548
N:AGCAA,319738,61216,350991,415122,303091,356946,330606,297292,242891,252605,204552,202140,207019,196372,193823,149001,117185,114153,96455,136456,60017,100336,71662,48409
N:AGCAC,181320,37244,229240,253136,179279,199257,194186,176197,155523,158414,131205,135093,129354,124159,111473,93523,83561,83563,74148,86146,51300,70829,45013,42937
N:AGCAG,274305,52005,342342,384037,265017,285591,301806,254476,226527,233002,191722,204349,209867,186857,166622,143476,128726,126447,110776,152174,81317,120718,73463,72295
N:AGCAT,260764,48574,278973,336380,241570,294881,268210,229895,192261,211427,176207,158958,180564,153726,160286,122730,104468,93032,89126,135174,46038,89651,63462,44814
N:AGCCA,289782,56811,360128,403562,276974,303414,299680,270097,239439,240365,203785,208590,201119,192899,166910,143480,127937,134920,120559,133865,86172,112735,66159,65624
N:AGCCC,147875,29682,209965,223419,146064,150700,158218,144712,130340,136612,115576,125211,122110,104399,85598,83347,78050,82376,78338,69173,54540,71309,38445,47501
N:AGCCG,34816,5609,58497,54230,34752,37390,40920,36818,37432,31668,31246,32256,28188,27737,21611,20622,20035,26941,25638,16791,24339,18229,11012,14489
N:AGCCT,260898,51100,369487,376379,263197,277402,282677,259085,243560,233012,200626,211652,195905,192428,155898,138999,127655,145060,136866,119818,108311,112432,63139,70608
N:AGCGA,33251,5323,47242,47452,31655,34585,36038,33689,37566,30016,26022,30751,24343,28076,20652,18198,17581,20394,20090,18811,17342,16013,9327,11265
N:AGCGC,21117,3136,32902,35594,23278,26413,28390,21986,19061,22158,26787,18122,14943,20257,15867,15433,16326,18649,18248,31738,16888,18300,11212,12746
N:AGCGG,25518,4462,38154,34504,23863,24688,29056,24763,22333,22221,20219,21885,18181,16722,14920,14184,13412,16880,15549,17348,14595,11965,8246,10276
N:AGCGT,23263,4772,32499,36047,23705,26277,26915,25552,22101,21713,19136,22983,17997,18217,16336,13913,13024,13574,11781,21819,9249,10953,7938,8243
N:AGCTA,206387,38752,241749,277966,201307,234947,213484,194270,164727,170541,144721,135687,135318,134630,129961,102814,81503,82703,78902,93889,51037,69452,50515,39193
N:AGCTC,184313,34742,235634,257456,178811,197617,195304,176177,153141,160769,130416,139254,142684,125547,107214,94677,85153,85297,77891,82755,50280,73179,43360,42881
N:AGCTG,263166,54606,350034,379721,264328,283131,282423,256657,227674,230687,194493,205009,203864,189784,160979,141951,126948,130075,127972,119387,83523,111770,68084,69989
N:AGCTT,232841,47972,271131,333190,235429,270521,251430,223909,181477,198691,163607,156638,163310,154885,147695,116572,96264,88644,88708,110552,46509,81424,57680,41301
N:AGTAA,246918,50606,285470,337042,261457,321914,287297,247916,199549,208680,169086,159822,166857,166242,174455,121049,87752,87519,69683,117791,44318,66921,59946,30572
N:AGTAC,122179,23451,131488,154502,115916,140294,124754,111144,88334,98454,77524,73319,75786,72815,76609,57442,45669,40953,33889,55518,20443,33927,27999,17462
N:AGTAG,206681,37920,243196,271047,206253,232651,215153,196092,172723,168002,141567,135103,143294,142151,127880,100284,83342,82654,79165,100237,55824,69263,48550,37845
N:AGTAT,229760,43803,233736,291505,222657,276731,243230,214021,163963,179412,144145,128488,140211,137997,151201,106006,77655,67089,56565,110592,31009,56891,54391,28285
N:AGTCA,220373,45695,257790,307010,222296,259960,238664,211794,168859,188599,152756,151129,151194,140815,141805,108905,86801,84175,72028,110264,43264,75399,53375,37526
N:AGTCC,146690,32347,183850,205043,141047,155512,152044,137886,118658,123504,103058,109686,108110,96187,84788,72396,63849,66414,59668,66842,39575,57442,35173,32319
N:AGTCG,17253,3931,22027,24008,15989,17928,17900,17236,15104,14510,12462,13701,15864,11421,10507,8635,8498,8950,9201,7981,6187,7579,4868,4520
N:AGTCT,237843,47059,285521,312992,233855,264226,260636,223871,191786,191887,158456,161657,158434,159343,142086,114250,91988,98163,80227,107337,64009,75916,54075,40639
N:AGTGA,295879,60019,357468,398604,290169,331161,312097,283631,243008,246661,204490,207601,204076,197827,182205,143983,122671,129993,111225,135490,82186,103860,68779,56469
N:AGTGC,174008,37316,227343,242768,172962,190503,183948,170411,155199,150378,130638,133235,124696,122559,106939,90652,82044,86235,83727,80963,59599,68885,43642,43693
N:AGTGG,249138,61673,302720,321267,231941,252150,254501,224175,208187,202639,172058,173799,185842,159436,141831,123611,107736,116099,115242,122951,79275,96213,64427,60317
N:AGTGT,237595,51250,265845,315487,228408,265312,256497,218444,186992,193976,162286,154229,156444,147908,147114,116337,92184,94239,88568,122365,60599,89730,60408,47997
N:AGTTA,220199,44242,249228,284239,221494,269363,250438,211676,168513,176458,140127,134981,143634,141202,145249,101985,75234,81318,62232,97343,44966,57058,50090,25149
N:AGTTC,229690,40636,250860,281541,212096,243972,230978,204250,166833,176248,146781,140935,155857,142463,130476,103970,84756,81262,86846,97060,47091,68931,49683,35476
N:AGTTG,218648,40600,240813,262816,210999,231789,228763,185814,164636,165022,141029,136780,142325,139297,129203,101940,90963,85120,82191,121129,57422,73431,56371,40899
N:AGTTT,439794,86371,444054,518569,413773,477976,455012,382079,330329,320834,272524,264215,290275,274628,264769,199602,163598,148680,142275,221448,97324,142542,111226,72625
N:ATCAA,317706,59119,299586,371248,279019,347664,306305,272823,218380,232723,185818,171494,185530,180833,187686,136726,103253,95543,77667,128031,43617,81185,71559,41509
N:ATCAC,232304,46571,263172,296147,218902,252419,240058,212823,190153,189334,158989,155435,166755,153303,142919,113579,96548,100467,98479,114740,67988,83951,60291,49863
N:ATCAG,227181,45236,251988,298637,218772,257487,237947,211969,169318,182833,147634,145084,150778,140141,138355,106299,83863,81404,66088,103637,41348,69705,50628,34473
N:ATCAT,309617,57778,327553,383763,290785,351865,321141,277247,234516,235711,191305,185436,194364,187835,190944,136322,102269,122137,87186,137021,53764,81443,67715,42379
N:ATCCA,259163,52886,280177,324959,237359,279665,262549,228405,192585,209409,171912,161403,179683,156354,154130,126477,101249,101966,90402,115086,60503,91137,66651,54364
N:ATCCC,203690,36650,236527,255005,183517,194496,194824,176997,159805,156680,133939,138797,135669,134053,106862,93437,80615,91976,91979,92719,64970,75690,43716,44340
N:ATCCG,22403,3829,28554,29531,20304,22616,22258,22300,19512,18659,18045,16827,15245,15094,13196,11359,10315,12001,12205,10214,9639,9428,6355,6888
N:ATCCT,243125,46757,278645,320632,225234,263835,248888,222988,182889,198571,160741,158436,167316,152526,144017,117150,96855,94974,87789,117389,56209,87219,54767,46205
N:ATCGA,24519,7656,32025,34052,23517,26906,25893,23364,24038,19863,17621,20550,15848,16008,15630,11883,11340,19548,11469,11472,6652,9321,7186,6905
N:ATCGC,29733,4277,38142,37101,25588,27965,29986,27568,31258,23915,23045,23776,23094,23543,16685,14717,13967,16135,16950,13296,15444,12386,7612,9152
N:ATCGG,15944,3507,19967,22445,15193,17223,17088,15499,13856,14045,11765,12377,11679,10926,10007,8396,8025,8181,7339,7626,5444,6555,4383,4220
N:ATCGT,30150,5256,36365,37907,26301,31309,32547,27506,23703,23402,19520,20355,18644,18450,19163,15036,11965,14611,11531,13859,10881,11530,8333,7253
N:ATCTA,236516,45413,240208,294518,224303,281492,244871,215660,166803,186030,148438,133251,158338,138584,151009,108452,81600,73615,65383,109320,33961,62459,56062,31312
N:ATCTC,271212,53298,324387,353397,260235,296536,286673,254294,225673,223017,185948,183715,187027,185261,162317,130460,112885,116808,100022,121425,78193,90706,64056,51483
N:ATCTG,268628,53125,295385,349026,251560,291998,277318,239572,206041,218466,180003,174198,188628,173871,162011,129166,104436,105713,93891,139156,59714,97777,66897,51104
N:ATCTT,329950,60710,357226,424226,319884,389219,354155,306487,251111,263048,218888,205111,224741,206284,215325,160268,129852,117237,101736,160553,64818,98188,85188,53797
N:ATTAA,394397,76284,425580,534132,410843,528095,450294,395233,304913,325141,259573,243291,253427,247286,285286,190914,132620,125246,96058,185869,54370,99186,96597,42575
N:ATTAC,222272,45897,256059,302524,227381,277993,246719,218087,182816,185899,156223,146027,145080,149409,152464,109369,84965,86207,74606,104691,52337,66123,54602,33991
N:ATTAG,233729,43847,264188,313474,236115,288628,256743,230071,183783,193522,156229,149143,153114,150856,156613,114466,84530,85309,69940,105612,46185,66418,55586,33152
N:ATTAT,438941,83552,458752,568481,443149,569900,482990,420834,326918,345074,277564,254878,272648,269631,308323,201994,139022,139428,109200,197694,62208,104424,103239,46841
N:ATTCA,380549,72534,396825,468067,361113,437235,404145,343536,281810,294756,241632,229466,247028,234980,238538,174690,140759,137630,111738,179784,70152,110473,91790,56338
N:ATTCC,250416,86975,285009,327449,237198,285679,262098,226399,191937,199632,168693,182597,166550,151253,154310,123060,97946,110653,105603,139436,54960,98222,72505,54513
N:ATTCG,27855,9659,32862,35815,24501,29712,28094,24199,26073,21361,18664,25232,20885,16439,16375,12866,10641,22645,15538,12019,7009,11001,8415,7875
N:ATTCT,445319,84154,476196,539984,431203,498317,471967,399555,345318,343597,284877,272260,307839,275708,269541,201684,162556,156974,144032,212365,105556,133871,107616,69095
N:ATTGA,289112,57675,291529,358187,268221,336792,298250,259766,208532,220425,174121,165901,181851,172065,180733,128718,98069,92883,72343,127483,44898,81463,66786,36555
N:ATTGC,212922,43624,229782,267701,196630,235877,216093,193517,162049,166524,132216,131373,136049,127970,128889,97024,76172,77139,71069,95904,44403,64478,47932,32363
N:ATTGG,205137,41901,211452,253090,192513,221250,204109,180766,144324,153666,123940,123281,131127,120750,116722,89366,71046,69060,55168,83075,36115,58103,42632,26921
N:ATTGT,316642,64743,315801,388560,293888,364999,322397,283747,224042,240767,191553,179843,200760,181098,196461,137540,103830,97251,76555,137817,48381,80457,68954,35739
N:ATTTA,512867,98712,547404,678805,525408,668639,575121,507391,392040,415571,330490,308165,322551,317634,364366,243172,171443,160674,127715,236797,75780,129416,123697,55710
N:ATTTC,447645,89157,476532,574086,437913,536118,485003,419104,347536,356151,289735,281379,283219,279248,291582,210762,164751,158672,123625,229529,84409,133405,113000,65799
N:ATTTG,427128,80978,442815,541956,410894,494281,453015,388099,332007,334754,271416,260501,270753,268810,274996,199642,159269,148327,121459,219260,74284,127421,107999,63592
N:ATTTT,889844,172181,947174,1171816,895781,1130441,979942,867858,697920,715363,589146,542606,556278,552519,618215,420315,316635,295486,245685,409335,157556,235549,217608,111897
N:CACAA,308067,65821,336070,374074,285833,329342,329453,266787,239343,234006,196081,195570,204239,194278,181072,139827,118977,119564,97696,143419,85225,99189,74651,53300
N:CACAC,285442,61596,356656,401659,283254,311608,320079,278970,254395,245167,211646,222882,202431,208591,182206,147893,132778,145969,117105,151923,94910,115902,78848,71277
N:CACAG,305912,63237,371191,410355,292426,314811,326246,279475,257634,257757,212686,232718,238059,206786,180818,153750,142160,146341,141997,150096,97098,123888,80234,76514
N:CACAT,324792,68739,347568,417960,304512,360685,346398,296515,249628,258556,213597,207106,218045,206854,201273,155221,126046,121668,99396,150644,69578,108467,82350,59164
N:CACCA,286956,57832,344497,376748,263431,293139,285378,260559,235933,231511,197937,200701,197221,191760,161973,140664,123096,133692,124017,119891,90571,108141,69009,68902
N:CACCC,171680,34526,230650,244897,161544,170702,176682,162059,149680,149275,130122,134959,129003,123315,96262,90817,83098,94234,86411,76967,66998,77837,43329,52730
N:CACCG,33751,7261,50474,52420,32880,36150,36739,38680,34288,31142,29302,29935,27018,26259,23552,21691,19767,22579,22095,21103,18395,18248,13434,15792
N:CACCT,230817,49669,305222,326234,224273,242824,239841,221057,205359,200700,171119,179489,172241,164594,137761,120999,110680,118486,111288,107679,83374,96760,57804,61905
N:CACGA,34053,6566,44258,48203,33222,36025,36538,33227,30924,30505,25943,28376,24007,24208,21466,17759,16297,18685,21727,21461,13540,15782,9612,9795
N:CACGC,43926,6388,65353,63953,41273,44159,46805,44400,45640,38419,37129,39392,33110,34569,27300,24882,25184,29910,30670,21132,27349,23057,13890,17777
N:CACGG,32730,6489,48926,52751,32290,35728,37622,35741,33514,31974,29040,31909,30591,26012,21855,19679,19959,23070,22037,17087,16296,18150,11558,13968
N:CACGT,52501,8723,61553,67600,45754,51310,54539,46706,41085,43694,34961,37521,33408,32510,30822,25747,23618,27567,23461,23596,19309,21054,14598,13695
N:CACTA,164484,33330,178144,209297,155013,186999,169649,150643,119578,130106,106198,100134,107232,100124,101390,76358,57961,57703,49381,72279,29195,48007,37432,23711
N:CACTC,207887,55513,259361,279036,196167,218591,217488,193370,183359,172139,151722,153368,143088,139549,123310,107522,94969,102166,101417,110605,76011,89985,57663,56290
N:CACTG,287483,61234,363002,407310,283289,309438,305607,278360,246800,248051,206914,212608,204090,197250,171131,145936,128768,139315,124752,128823,92442,113699,68087,68195
N:CACTT,296782,60179,352885,382496,289026,324102,314311,274298,243659,243362,204641,202758,216655,190818,182264,144773,122941,127385,123225,150063,84028,107005,74078,60285
N:CATAA,281478,58166,287306,352026,270800,339049,296477,260030,205045,218768,177028,162884,174968,165787,186819,130734,94451,88540,73594,135800,42601,77011,70443,37655
N:CATAC,157013,31591,161853,198085,148843,177446,161946,141759,111510,120153,100492,93112,96665,93013,98282,71915,58406,53805,41496,71084,26475,44874,36534,22577
N:CATAG,195960,36548,208455,246930,183679,220833,200975,173312,147293,157844,130807,121056,125440,120735,117931,90352,73170,66142,59169,99631,39856,61297,45895,31651
N:CATAT,335459,65758,326119,408306,309341,393090,342926,295354,232211,246077,204778,184623,199234,191962,212859,146856,107062,100024,78961,147252,48637,83030,76257,38660
N:CATCA,294679,57369,301864,353487,254571,302897,285644,250077,218459,220514,184601,176555,196848,177891,166813,131410,106770,114883,96610,132591,58544,95790,69423,54220
N:CATCC,182952,36563,219205,251704,170176,190422,187308,166487,141394,155044,126609,128893,128088,117962,106057,90566,76929,83556,74197,84084,49457,75098,42801,43656
N:CATCG,26909,5039,32784,34907,21848,25225,26716,23422,22759,20563,19549,19499,16976,15965,15056,12311,11314,17986,11742,11329,8730,11548,6662,7846
N:CATCT,284524,58257,340923,389650,277467,318146,306635,273280,228732,240595,200520,198304,212635,197055,175669,140336,117764,123055,106868,136535,69296,100647,68344,54792
N:CATGA,271043,56575,302336,358684,257685,307248,285584,252711,211038,222301,177597,176926,175375,170137,165992,126554,101855,106318,83237,119648,56564,88037,62595,43085
N:CATGC,196698,40289,240883,272082,186370,212203,207407,186688,166308,169213,139267,143547,135278,131905,118630,96135,84628,91235,78741,88386,55821,73250,46085,41535
N:CATGG,249226,51861,295231,335322,232768,261690,256274,229176,196998,207240,171756,177481,168427,163262,145809,122225,103183,109889,91320,109482,65932,91730,58618,53290
N:CATGT,300573,59845,327290,386502,279448,333462,311018,276411,224287,242007,195024,192187,190848,187343,181546,138296,112251,114664,95164,130165,62648,95015,67403,46451
N:CATTA,264207,53568,278196,343365,265120,325122,287104,250345,194500,210440,168193,161647,165407,166324,177293,122984,89680,86864,66092,118256,37906,68615,61533,30918
N:CATTC,303806,93921,320853,366704,267185,323426,300520,255089,226576,233163,201132,202014,220975,176857,175971,140479,123209,123222,136012,160175,66025,124810,86773,65862
N:CATTG,258128,53279,265853,317325,234954,276609,257272,226218,187666,194472,156557,155663,164284,148810,149350,112209,88902,92204,71511,105153,48934,76217,55274,36585
N:CATTT,540909,107348,577557,711155,525844,649786,583637,511132,410565,435080,355685,337962,342804,329927,352982,253050,197835,187690,144709,257961,85047,157355,127923,72391
N:CCCAA,244635,45873,300345,326588,233655,250680,249720,226146,197578,199710,168346,171731,168620,164134,138109,119245,104004,109165,101815,110006,72966,93502,54820,51200
N:CCCAC,205539,40818,262971,282671,190972,204348,209908,189129,167461,172413,147033,154437,149944,136111,111699,104245,93233,100499,90580,89360,67911,87094,48781,55838
N:CCCAG,327219,63516,476503,480525,319856,324455,343905,317758,311237,289787,259822,275817,258403,241953,185557,180879,169775,199221,192730,144452,153880,158414,82659,109511
N:CCCAT,223755,44281,254681,285486,202137,226424,222335,198207,165379,179510,149602,147972,148569,139016,124663,106394,88832,91808,76849,103842,55050,83347,51002,46719
N:CCCCA,230226,42164,307905,328085,218595,227771,237034,214274,191875,198407,172592,179618,173886,157915,126959,121701,110271,119042,108634,101901,78487,103675,56670,66757
N:CCCCC,118087,19418,163412,169420,110237,112859,118565,111450,103192,101143,93180,94771,91683,83424,64929,64571,59195,66808,64710,50377,49276,56168,31897,40013
N:CCCCG,34816,5448,58648,56897,33812,36238,37755,36872,41396,33443,33982,34795,31474,28767,21511,22570,21812,28511,28722,17012,24043,21342,13586,18603
N:CCCCT,167439,30566,225732,240580,159222,164749,170759,157712,138047,142641,124678,129835,126471,113541,93675,89538,79324,84041,81971,73532,56398,73876,42069,49892
N:CCCGA,28923,4907,42034,42294,27193,29309,29943,28344,28276,25483,23844,25416,22288,21517,17079,16176,15430,19632,18961,13576,15713,14678,8660,11255
N:CCCGC,33171,5209,54613,51756,31593,34654,35465,34485,36431,31648,31325,33038,28590,26690,21328,21397,21358,25628,27227,22546,23100,18743,12853,17461
N:CCCGG,45787,6708,75648,70390,44291,45901,48271,48512,52157,41459,42886,43937,38935,37528,27170,28090,28085,36294,38594,22136,34120,25839,15874,23036
N:CCCGT,39941,4882,50525,49843,33274,34624,38123,32822,37090,31355,31565,29312,33763,29013,21541,20324,19980,25001,31858,25467,22209,21792,13213,15122
N:CCCTA,130052,26024,154907,173837,125405,139062,135188,121460,97591,106146,88444,86563,89116,84551,74974,62689,54049,50989,44561,59818,28678,44427,28423,23650
N:CCCTC,182520,32929,251520,270201,176757,185094,191648,176177,154810,161598,138434,145164,148285,127756,103287,100188,89442,96433,94178,84424,63777,86698,46681,56558
N:CCCTG,205595,43902,299160,323523,208781,216751,225454,207100,185405,193330,168119,177430,168925,149978,121516,117584,109181,118039,106142,98997,77060,102752,55115,70212
N:CCCTT,223171,41598,264259,294374,206461,226773,223540,203283,173289,178262,151547,151462,151115,142205,126669,109417,93664,90101,83352,106985,52356,82754,52822,47314
N:CCTAA,182449,37012,208247,240140,178068,208665,197321,172474,136000,147352,119337,114172,119020,116642,112624,86882,69227,65856,54919,81970,36455,55761,40898,26777
N:CCTAC,118716,23843,137615,155385,115245,128118,121801,110154,87684,96319,77823,76141,83210,75890,72139,58999,48395,44794,41400,51961,24738,38677,29106,23516
N:CCTAG,152983,30805,176357,195916,142465,157108,153092,139145,112309,119002,101811,99597,105404,95034,83534,70837,59923,57939,51156,66749,33870,49390,31107,26265
N:CCTAT,169354,33344,184905,213853,159162,191532,176068,156658,122504,136741,111710,102669,111342,107207,100061,78092,67672,58623,53769,79852,33505,51124,37830,25509
N:CCTCA,286176,53842,368760,392598,279060,298714,298637,266781,247157,241568,208496,211224,212983,199648,163531,145060,133898,141971,133897,138753,99979,118933,68978,73817
N:CCTCC,287015,51221,418320,421228,280117,288796,301697,285374,273495,255935,227000,239144,226158,217617,165788,157902,148910,169357,169421,129895,132600,138114,73706,93331
N:CCTCG,37754,6145,58116,57689,36441,38676,40750,39014,39260,34170,32884,34323,30614,29554,24018,22880,22000,25935,26194,18385,21623,19787,12310,16722
N:CCTCT,267526,51301,351772,379348,266194,284663,286515,259405,222703,231377,192295,199813,213110,192860,156521,136486,121379,131913,121982,125075,79124,110209,62886,61793
N:CCTGA,259736,53122,325762,359596,248004,274786,266768,243515,212794,217370,187425,185191,183133,170473,149832,128980,112554,117002,113224,130871,78916,103520,60262,60328
N:CCTGC,198861,43976,287317,311443,199034,217332,218018,199930,185613,190696,165179,173349,166250,146718,122485,113373,108909,114692,108339,107669,77511,100279,54883,67688
N:CCTGG,278974,57163,419831,427247,280804,288213,300078,278856,273407,257360,233937,245949,225868,212869,163853,159262,152473,174532,164461,129078,130808,140341,73090,98287
N:CCTGT,250298,52519,326042,349776,243298,264100,262053,240918,220452,214905,185415,189005,190409,174624,147386,127938,115510,125292,116913,111684,90339,100940,60374,62931
N:CCTTA,167810,33519,197904,223821,166441,195159,184712,160433,126277,137423,111419,107392,111583,106978,104486,80449,64312,61637,49184,79240,35546,50535,37553,23915
N:CCTTC,247757,50255,310177,337223,243850,259730,263048,235228,203374,208273,172410,184504,181110,173927,141468,121811,106274,114281,101894,112384,68910,93363,56517,51951
N:CCTTG,221533,42333,272181,294224,208295,228091,229934,204737,171490,181987,149817,152390,154297,143443,124507,106998,91557,96610,85436,94987,60889,80717,49200,45825
N:CCTTT,363781,72296,400054,454639,341081,386006,376001,322414,279955,278384,238863,234349,236134,235225,213254,171703,141554,138815,126181,184634,84432,126098,90812,66978
N:CGCAA,24193,4350,27042,29973,21426,23587,23354,21590,21194,18385,18389,16168,15275,14809,13174,11222,11026,10599,11132,10327,7545,9141,6119,5566
N:CGCAC,21238,3731,35546,36979,22508,22487,28103,23775,27355,19701,17971,22707,16782,20185,13411,12176,12055,18844,17782,10632,16253,11338,7128,8272
N:CGCAG,31437,5326,44505,43856,27151,29237,33665,29234,28156,27572,24413,26882,28300,20847,19162,17935,16220,19580,19098,14188,17206,15011,10713,13312
N:CGCAT,22749,4389,27623,31590,21081,24037,24200,22379,21820,21298,16567,17410,15825,15706,13837,11580,10764,11762,11104,10656,7544,9993,6362,6045
N:CGCCA,37573,5993,54928,54490,36467,38639,39519,38195,37650,32860,31490,32697,30095,28850,22724,20906,20615,24151,25149,17234,21133,18667,10819,13693
N:CGCCC,37999,5236,63761,62322,37623,38898,40508,40816,42630,34235,35861,35533,32148,31988,23323,23807,24540,28972,32070,18172,29285,21079,13052,18620
N:CGCCG,6238,1028,13602,12025,7333,7805,7609,7976,9025,6512,8097,7939,6172,5973,4640,4752,5252,6907,7451,3754,6051,4327,4102,4683
N:CGCCT,50995,6721,80563,74885,50317,51227,53587,54844,55911,44338,45537,44681,39976,41803,32844,30628,30152,36336,39569,23836,36194,27181,16795,22549
N:CGCGA,5085,766,8867,7839,5338,5816,5630,6048,6377,4763,4973,5108,4372,4517,3425,3268,3501,4029,4665,2532,4115,2905,2131,2468
N:CGCGC,10297,1295,20101,17351,10873,11745,12106,12881,13269,9855,11368,11190,9383,10023,7130,7252,7780,8782,10842,5629,10318,6363,4830,5605
N:CGCGG,8042,1367,17078,15241,8717,9787,10293,10353,11621,8342,10295,9988,8180,7955,6216,6161,6481,8521,9472,4906,8319,5516,4496,5479
N:CGCGT,4206,644,7816,7469,4437,4937,5255,5167,5283,4312,4346,4894,3765,3854,2943,2834,2994,3750,4118,2587,3655,2758,2092,2477
N:CGCTA,18246,2823,18727,21096,15433,16588,16159,15157,12677,12836,10749,12619,10559,11582,9457,7690,6862,7339,6288,6952,4608,5662,4086,4008
N:CGCTC,24281,4049,37591,41564,25666,26684,28583,27941,25116,24416,22607,22154,19764,18936,19013,17952,17991,16222,20687,26784,14520,18035,12133,14140
N:CGCTG,27090,5822,43151,45915,27996,30980,32729,30950,29128,27545,26296,27641,23508,21413,18779,17658,16467,19566,18144,23665,14597,15476,9640,12477
N:CGCTT,33532,4999,51322,45022,33406,37711,42928,31946,34139,31311,32512,31326,21636,31342,20527,18429,19021,26371,20551,32315,24348,18060,10866,11903
N:CGTAA,24639,5387,28242,33654,23757,29300,26347,23491,19516,20425,16435,16661,15899,15667,17096,12754,9879,9839,9283,15033,5190,8701,7143,5037
N:CGTAC,12888,2517,14908,17742,13022,14339,13733,12412,10492,12551,8985,9262,8609,8399,8961,7160,6057,5853,4872,5957,3501,4644,4252,3666
N:CGTAG,20507,3758,25017,27111,21515,21229,20928,18673,16161,16230,13737,14451,13563,14382,14309,12242,9973,10000,10453,11411,5835,8004,7360,6840
N:CGTAT,32508,5616,34220,39806,32276,35426,34191,29089,24895,24109,20561,22289,19171,22957,21284,15667,12484,15665,9221,14017,8359,10808,9138,6479
N:CGTCA,25560,4616,30823,34615,22708,26256,25561,23723,20989,20809,19130,19312,17257,16284,16794,14503,11960,12991,12207,12522,8204,10710,8817,8728
N:CGTCC,20708,3654,27523,29743,17728,20008,20430,20061,24473,18384,17828,17808,15756,14334,13221,12715,10641,13079,13340,10024,10033,11238,8114,9924
N:CGTCG,3480,736,5317,5284,2953,3679,3709,3649,3622,3437,3119,3459,2725,2667,2325,2110,2110,2808,2529,1820,2305,2705,1593,1840
N:CGTCT,45544,6662,55307,57657,41697,43567,43077,40956,41532,35035,33130,32787,29881,29759,26325,23064,21630,24030,23210,19786,19983,18897,13334,14349
N:CGTGA,49609,8325,65000,66759,45973,50344,51538,46867,44746,43956,37825,39245,33813,34963,29820,25033,23415,26908,34098,24939,22752,21638,13242,14521
N:CGTGC,30047,4995,44291,45239,28262,31192,34317,30493,29766,27048,24016,27084,23119,22718,19958,18005,16986,21128,18767,15045,17094,15956,10885,12348
N:CGTGG,43241,7527,62178,64279,40743,43728,47525,43167,42120,39479,35036,38129,33130,32672,26560,24385,23521,29337,26172,23699,22832,22809,13617,16639
N:CGTGT,40313,7319,48619,56232,37558,41958,42124,39546,34529,34107,30198,32739,31050,26943,25106,20643,21136,21854,18853,19594,13810,17636,11912,11727
N:CGTTA,24087,4820,25662,30719,22471,26285,24633,22071,18032,19339,15548,16768,15023,14629,15391,11584,8980,9348,7429,11009,4948,7968,6482,4640
N:CGTTC,26675,6064,41266,32889,25216,25611,37531,24693,29973,19890,17116,22235,16447,20463,14704,12309,11355,18403,13844,18432,19355,10436,7465,6553
N:CGTTG,30518,4805,39567,39872,30844,33728,36045,26906,28596,26915,23497,23957,24428,23440,20252,17450,14867,19111,20866,24985,16344,16101,11578,10986
N:CGTTT,68050,9087,62549,65878,51359,56115,57551,48285,45195,49268,41211,37600,44319,36017,36751,29652,23595,25692,37314,36832,20464,23985,20610,17257
N:CTCAA,294157,56966,344403,385267,286236,322822,308774,272208,243612,242956,203996,199930,199904,204294,174028,140516,129683,130057,114276,150415,84766,110721,71039,56814
N:CTCAC,239574,49562,314200,323383,236369,248906,258800,227986,220669,201587,172762,183448,181488,170418,140159,122488,111264,125000,117261,104766,93252,95547,60221,62073
N:CTCAG,322022,62891,423880,445616,320167,336483,342307,303971,283306,276742,239917,243902,247464,225890,189228,171246,154407,161998,166636,166875,118565,141127,84220,91107
N:CTCAT,266000,52224,310076,360365,259936,307792,285274,252332,205659,221453,182265,179002,181270,174974,167533,130470,106029,106239,85252,118977,56294,87869,64296,46783
N:CTCCA,305471,70917,379216,403634,281861,304689,310251,273837,252455,249343,209700,218414,220994,211439,172980,151164,138473,143148,137103,142627,97423,122983,76052,74253
N:CTCCC,267558,47452,374459,381660,257646,266947,275428,259076,242540,231826,204585,214440,203363,194020,149710,141431,130730,147705,146280,119245,111062,122607,65170,79522
N:CTCCG,33920,6379,55340,53807,36699,36990,38810,37358,36878,31804,31154,32587,28698,28154,22105,20885,20446,24212,27784,17131,20974,19370,11347,14298
N:CTCCT,310633,61752,427649,449209,307974,333583,335948,310122,279017,274754,232728,242042,234350,228972,184549,163488,148017,158401,150288,152690,115174,132855,74318,81014
N:CTCGA,34994,7018,43376,42756,28934,34073,31584,30047,30307,26417,23386,27913,21741,22742,18974,16911,17612,20776,19546,14422,14618,14438,9824,10824
N:CTCGC,25529,4053,36319,36768,23837,25551,26063,25426,24766,23691,20363,21725,19541,18691,15904,14781,14567,15976,16165,11619,12919,12423,8299,10049
N:CTCGG,47102,6811,69538,66744,43264,46079,47396,47684,47203,39820,39023,39968,35647,35371,27053,25736,25928,31211,33086,21117,28501,22892,13665,18427
N:CTCGT,31516,5230,38284,42291,28384,31509,31990,29303,26568,26613,22771,23380,21434,21188,19110,16557,14524,16851,14529,16713,11258,12609,8857,9446
N:CTCTA,218391,40017,263607,296631,217924,250051,237224,212495,179911,180863,152182,148734,147507,146169,136952,108659,88240,87312,77980,116109,60362,78445,54145,41742
N:CTCTC,280173,53698,348304,384184,267676,295326,293528,260725,224608,233608,190737,200919,201461,183778,160884,138185,121416,120262,121306,124646,79360,109703,68084,59765
N:CTCTG,340455,68444,454904,463746,333981,355188,377715,317330,295750,289037,251274,265045,270676,240069,202967,179500,162220,180411,168288,163430,126115,142364,91001,92550
N:CTCTT,348545,66100,395052,458496,341117,384740,361242,323973,269491,282083,234518,226190,239377,227137,209706,167111,139358,137130,128243,177374,76188,122475,84457,61185
N:CTTAA,246884,50146,276787,333649,252464,313315,277997,245479,189892,205037,165159,155001,160749,160211,167404,118669,88806,82862,65855,113533,38663,68274,58032,29364
N:CTTAC,139506,28807,166625,192389,143846,171028,158283,136419,108406,119248,96088,92389,94532,92693,94277,69476,52715,54148,41477,70184,27802,43377,33464,20412
N:CTTAG,159051,31565,191812,221385,163048,190945,179563,157580,128903,136999,109069,107994,114116,105587,102387,78816,64402,62596,49092,82677,33160,51210,37171,24352
N:CTTAT,239957,45480,257477,315289,237391,297462,258247,228058,175393,193675,155737,142908,154291,152132,157643,111517,83267,75906,59729,110864,35190,65130,54754,26841
N:CTTCA,326819,67407,348986,412897,308159,353106,333368,292981,245415,250681,211609,201972,225975,198297,192906,148281,123641,115264,103076,143919,62825,104448,75380,53541
N:CTTCC,287110,56686,364952,403841,280074,316467,309892,276473,233080,252643,208888,211801,221635,194688,175559,151973,129359,132490,114679,158535,80013,117888,75283,68894
N:CTTCG,28852,4811,44361,36032,36300,28397,39375,29285,32254,23716,19061,32236,22221,29321,16153,13748,12473,24207,21495,12526,19158,11277,7367,7027
N:CTTCT,380407,76305,439093,506938,373563,427653,404935,356348,293354,317809,263535,254935,263603,250821,232367,188048,160015,143354,152438,188912,83509,137033,97392,72908
N:CTTGA,253189,48676,310340,342478,253324,290973,274988,247212,211038,214128,182034,177317,174211,175587,158027,126563,102392,110361,93269,124840,71540,88075,61165,47812
N:CTTGC,191387,37002,226540,247854,181903,195191,197871,169166,156816,151243,127243,133007,140324,123208,109389,90402,79666,82767,84705,91634,51848,71304,45134,39131
N:CTTGG,223648,43986,285623,315198,220795,238325,237062,215995,184402,193074,160416,165593,160575,151691,132073,114858,100673,105556,95228,99802,63636,89573,52812,51168
N:CTTGT,232716,46564,264809,299099,220019,258921,246403,214813,173728,185695,152375,146609,148868,141316,141591,111430,89042,88525,76331,104740,52923,75292,55172,39938
N:CTTTA,326336,64943,354560,420321,324904,392077,358317,309200,250033,257713,206717,203193,211074,207455,210190,152060,110090,111345,85872,148265,57879,84263,74975,39252
N:CTTTC,360373,71922,405334,475476,346075,403803,375950,334000,282620,293676,248915,241231,252034,236225,225289,178245,143199,136587,129848,188869,77450,126530,95408,67653
N:CTTTG,397309,71085,421482,473230,364741,407929,396252,342483,295201,297733,253989,249140,265804,252905,220261,177056,156932,148796,149472,178064,92787,133486,90118,68620
N:CTTTT,607556,114420,629984,755717,575556,669669,629309,544629,456072,465190,383045,359254,374272,375204,371529,278697,222172,209849,179533,300064,125068,188921,150150,94874
N:GACAA,219858,43581,236669,284997,207993,244510,225324,199709,161697,172336,139556,137535,142883,131439,130681,100994,80485,76931,62729,98035,39753,66059,47825,33380
N:GACAC,154323,35018,174366,202607,140123,165360,156325,140785,115911,129241,104904,103922,102443,96940,89717,75202,63267,65496,55399,77782,38848,56656,37505,32610
N:GACAG,208065,43453,286440,303728,216737,230149,240513,206028,193764,190911,161378,166198,157551,163581,136290,118855,101285,115889,97702,118472,85169,97840,64538,63747
N:GACAT,208202,46309,224075,275527,196629,239948,216220,191308,156249,172967,137653,131972,136510,126878,132669,100291,77614,74766,65874,103476,40456,70461,52490,35638
N:GACCA,158340,32212,198908,213351,149428,163161,163402,148525,129974,130042,110952,113444,112324,107949,90963,77779,69706,72653,73232,68955,51958,59567,36264,35577
N:GACCC,98124,21137,134213,143268,94802,100149,103355,93769,85366,86340,75356,81060,75505,69178,55201,52853,47608,53929,47751,43744,37528,45469,25281,30163
N:GACCG,16047,2725,21111,20934,13478,14752,15296,14958,16234,12920,11758,12597,11365,10111,8674,8185,7557,8703,9846,6812,7058,7081,4697,5423
N:GACCT,154161,29560,196176,202298,146094,155981,160864,140544,126340,123347,105023,108498,109938,106022,85082,74298,66021,75008,68964,63750,51694,57304,34515,34748
N:GACGA,24380,3617,25219,27705,18464,21289,21208,19390,17330,17171,14271,15265,14251,13548,12510,10644,9616,10414,10214,9771,6951,8955,5723,5547
N:GACGC,13534,2653,20936,23153,14235,15482,15723,15204,14436,13744,12164,14197,11772,10754,10121,9292,8196,10069,9256,8245,7805,7809,6136,7516
N:GACGG,31053,4698,43641,43130,30294,31570,31068,30971,32825,25875,26867,25237,22933,22720,18642,17630,16480,19981,19964,14329,17375,16215,10323,12494
N:GACGT,26323,4700,29174,33312,22094,25171,24781,22822,26025,20874,19907,18667,16661,16021,17393,14828,12051,12444,11850,11808,8395,10570,9676,9285
N:GACTA,128801,24573,145696,168310,126965,148443,136162,121682,100165,102578,84581,80061,83350,81726,79479,60475,48238,45941,40350,54917,25964,36647,28438,18127
N:GACTC,126009,29508,170053,185233,128473,140960,138523,126000,110607,113903,94817,103179,97006,89452,77753,66619,58847,65208,57443,59375,42525,52695,32772,31432
N:GACTG,162705,35328,196063,223169,156147,174019,169795,150757,128068,133752,111452,114235,118795,104107,96360,79544,67543,67435,63091,78711,40709,58391,38377,33290
N:GACTT,204654,39624,237393,272355,201614,234201,224766,192357,155576,168274,135885,138709,134476,132486,125597,97551,76516,79122,60256,99422,43850,68605,47904,32161
N:GATAA,235670,43072,247433,299428,228234,283908,249856,221046,171063,185604,147625,139327,154107,142251,152146,107802,78923,75108,67828,102858,35018,63469,52638,27252
N:GATAC,125854,24487,127333,159990,117087,143378,126566,111547,88232,99675,82983,71967,76139,72299,77075,58026,45875,40301,31921,65573,19751,36337,30258,19398
N:GATAG,159904,29523,158905,190943,141083,169676,152090,137766,106452,122675,97227,87180,96379,90053,92548,71618,57771,49697,50017,69851,25712,47058,37750,25273
N:GATAT,256500,49931,248141,301860,241632,295144,268632,223867,189564,192808,164293,140122,165068,152578,169936,124690,93030,83391,69530,129415,50876,76732,74073,47377
N:GATCA,187663,34750,218625,241150,175198,201547,189770,171777,148665,151025,123306,124018,129796,120623,108851,86859,73343,78037,68053,80064,50458,60344,40008,33504
N:GATCC,122848,22896,147421,154748,109467,120098,121484,109426,96544,97853,80986,83530,80781,78185,66615,57274,50276,55407,52435,49291,40010,45596,26849,26853
N:GATCG,24112,3834,34740,32118,22430,24345,26665,23345,23023,20544,18401,18364,16630,17755,14585,12680,11848,15006,14137,10829,14920,10516,6751,7669
N:GATCT,184458,34133,214961,241020,175715,202359,191287,172910,145221,148821,124476,121796,123486,119921,109406,88493,73128,74333,68890,79178,46759,60418,41147,32274
N:GATGA,235461,44629,261504,299111,211468,249475,234861,209292,178651,183248,155481,150118,166568,143527,137410,107346,88269,103757,80295,100947,46135,74756,53829,42866
N:GATGC,128224,25236,152363,177801,122832,140685,135998,121067,105011,111959,88222,91517,88579,82551,79685,65613,52922,57422,48795,58061,29191,48538,32070,28781
N:GATGG,227851,44488,263657,287936,200879,223728,222127,198726,172809,177119,149826,152078,161634,147867,122268,104789,90464,99655,88421,92688,62589,84878,48627,49630
N:GATGT,197538,42880,217257,264891,188879,222802,213314,184172,154876,164395,137753,129541,137773,134927,124230,96870,81124,78644,71904,112841,48108,74911,52707,39232
N:GATTA,214916,40544,250218,288716,214590,259763,232054,208337,174477,177639,148128,142468,141017,141371,140645,104295,80802,84192,72496,98428,51281,64205,50167,33815
N:GATTC,197044,40309,211588,237440,176232,201176,195195,166788,154903,153457,125642,125068,138229,120225,110783,91606,81415,92023,74049,95214,50175,65152,48802,42415
N:GATTG,180396,37146,186289,214626,160189,185814,170995,156045,127743,134466,107678,108114,124327,107907,101843,79395,66236,62109,60818,77967,36442,54725,40787,28377
N:GATTT,343397,64213,369446,440795,334532,408791,371594,319367,272396,274408,221569,221029,222840,221016,222228,162353,123603,123217,100509,172338,65684,101037,84932,50510
N:GCCAA,197177,37884,240803,267182,192405,210307,206989,184413,163885,161641,135230,137912,133306,131513,114386,95129,81989,89955,75550,92774,55771,72376,44129,38168
N:GCCAC,175969,33580,239023,250640,171041,179743,184293,168936,161236,151453,134498,138907,131606,124827,102755,92267,87668,96377,94893,79831,71721,76909,43766,51020
N:GCCAG,202760,41904,283013,301962,200553,208689,215097,196058,181359,178152,157058,164111,155329,144122,117245,108725,103902,112735,102493,90256,74929,91831,50177,61376
N:GCCAT,194177,38934,222405,255949,182199,205776,199182,177299,149983,156117,129740,131852,130291,121989,112398,91947,76276,78491,66417,82474,46013,66679,43434,36214
N:GCCCA,184728,37710,259171,268262,180479,187569,194001,178434,168139,161568,142181,151633,141301,132393,105867,100352,92674,103318,97729,82642,74167,84214,46262,57533
N:GCCCC,105570,20063,164760,169366,105969,107108,116023,105997,101149,100257,92110,96920,92130,79056,61629,64716,61244,67914,65022,49703,48780,58674,31879,44592
N:GCCCG,34185,5080,54310,50973,32314,33636,35101,34649,36507,31974,30824,31355,27953,26831,19938,20179,20457,25043,26745,15784,23449,18097,11246,15945
N:GCCCT,136792,27126,195222,214599,137783,143376,150391,135921,117668,125082,109027,115125,113761,95914,80708,77002,74146,73287,69619,68436,45548,68006,36782,43750
N:GCCGA,32418,4987,47357,45878,30743,32603,33362,32314,32895,27504,26801,26924,24608,24575,18864,17679,17710,21279,22487,14431,19324,15202,9357,11998
N:GCCGC,18217,3435,35757,32319,18674,20296,23883,20706,22166,18753,19553,19832,16765,15373,11986,12491,12712,17940,15702,9773,15199,11484,7919,10284
N:GCCGG,28964,4573,50560,48026,29707,31288,32138,31953,34613,27660,28650,29775,26094,24801,18264,18827,18856,24096,25447,16956,21738,17459,11218,15106
N:GCCGT,17328,3269,26980,28702,18784,20336,20721,19075,17955,17340,16155,16650,14665,13376,12001,10743,9977,12301,10348,9589,8301,9363,6311,7500
N:GCCTA,121539,25829,140927,158660,118762,133251,125288,112545,93092,99755,85125,80168,84975,81340,71543,59005,53680,46507,43871,65099,27714,44297,29380,23166
N:GCCTC,231337,42935,347392,336937,238415,239055,253504,233412,238847,208090,190379,200816,189660,186586,137276,127841,125749,148896,144148,104721,120603,110424,61874,78062
N:GCCTG,253893,49185,362937,367270,244732,255104,261255,243898,239450,223076,202164,208535,195103,184189,144058,135275,131122,149544,147913,120482,116919,120194,63309,81259
N:GCCTT,198887,36272,243359,260240,189038,202529,209436,183393,158846,157707,131813,139031,135687,131046,114066,96210,79183,87980,73373,84796,57172,69004,46216,40743
N:GCTAA,168143,31599,199863,228062,167793,195381,180065,162748,136049,138656,115465,114061,111670,111750,108833,83695,67049,67703,60388,76981,41014,53843,40506,30488
N:GCTAC,116812,21318,139529,152749,112143,124504,118161,108573,94975,94877,79340,78612,76714,76629,68602,55770,47687,50348,47712,49327,33794,39509,26297,22568
N:GCTAG,112117,22293,136387,148918,111029,120252,121119,103785,92846,90441,73994,77420,74378,72019,63788,52580,42804,45763,37404,59296,28676,37409,23285,18444
N:GCTAT,166169,28796,172145,206190,152982,188568,166076,146556,116900,128496,106842,96065,101612,97106,100577,75528,57026,53808,46792,72904,26348,46780,36817,22601
N:GCTCA,201634,41317,282646,295388,204185,219038,220732,203067,187668,182458,155429,165384,154057,152046,124396,110668,103539,111677,101493,94022,78832,91403,52479,56845
N:GCTCC,142514,26130,188302,204568,133940,139882,147036,131248,118570,124283,104965,110542,114183,96942,81425,75720,70733,69976,69405,79523,44882,70243,37562,43642
N:GCTCG,18978,3214,25623,26875,17045,20907,19159,18289,16933,16271,14490,16895,13984,13365,10823,10356,12039,11738,10901,9173,8287,9095,5540,6886
N:GCTCT,202234,36481,262218,287057,199783,216598,224922,195566,171883,173978,146878,155017,155416,137618,124897,108042,94351,97445,89177,112009,63417,86680,55231,53616
N:GCTGA,228993,46480,298864,320451,225145,245514,246124,220213,196555,198436,164789,171101,174570,158822,136506,117502,104026,113794,108618,102839,78731,90755,55016,54595
N:GCTGC,165063,35089,217910,246984,160696,174869,177263,160967,140005,148393,125414,131305,127004,113607,102384,92203,82355,83256,75053,85054,49093,76293,46131,50355
N:GCTGG,268000,51016,388525,398110,264983,272244,283734,263528,258327,238302,212820,226194,206647,202292,154723,149070,141213,160846,155547,121880,123675,128062,67723,88915
N:GCTGT,187399,40720,232653,270743,185207,213369,204208,183123,157246,169654,135338,139295,133196,125897,119377,99223,88266,84114,71499,93087,47816,75407,50106,45598
N:GCTTA,137490,27740,160655,190266,140946,169857,154312,136131,106936,118532,94413,91255,93686,93036,90829,67597,52277,50761,41239,63663,24324,42900,32184,19282
N:GCTTC,192876,37480,222371,264494,181296,205329,197419,174912,145828,161764,139032,133139,144963,118587,116544,97530,86791,79211,90553,106424,43950,79268,52086,45320
N:GCTTG,163243,32305,207501,226292,160831,176528,175061,155477,140816,136665,117426,121679,112663,115834,97513,82713,72180,77982,67689,73286,49945,63016,39525,36701
N:GCTTT,287670,54025,313705,381004,274292,320893,303937,261363,214501,232677,193668,180607,200006,181129,174615,134708,115476,104265,97540,146418,58618,98601,68228,46684
N:GGCAA,200948,39019,237318,266133,192648,215335,208853,185765,155191,163557,135570,135038,134189,131422,117490,95921,80905,81655,70311,87463,47969,68371,44582,36218
N:GGCAC,131396,25957,181562,193333,129142,139273,140818,129267,119671,116912,100765,106845,100574,94894,78053,70770,64578,71461,64543,62550,47149,60651,33469,37933
N:GGCAG,230735,48919,333889,349112,232501,245117,255263,230584,212476,209620,183311,192673,182396,167882,137803,127406,118464,130940,120464,108924,92433,105910,59244,71113
N:GGCAT,189137,38737,227463,252642,180077,200554,193661,175418,158753,156344,130446,132616,127254,124171,110941,91827,80076,85939,73752,81328,51819,67860,43107,39050
N:GGCCA,194048,38209,265752,275962,191627,194520,203154,183375,174143,165628,148091,155192,147812,137479,109548,101893,95671,108789,98469,85314,77680,86246,47813,57515
N:GGCCC,97801,20263,152029,155858,98117,98142,107401,96698,92884,91007,85554,90015,84299,71986,57321,59120,56769,61641,60333,47235,43225,52906,30864,42713
N:GGCCG,33505,5007,55220,52543,32662,33431,35667,35348,38570,31160,31706,31818,28884,27201,20108,20489,20770,26773,27391,18432,23778,19352,12142,16641
N:GGCCT,190211,34474,249827,250066,182099,178815,193133,170022,170119,152289,143658,146801,152121,136807,98169,94425,95872,102804,100849,93863,77267,86957,48521,57771
N:GGCGA,25273,3889,35535,35665,23314,25381,25713,24932,24225,21642,20323,20948,18797,18652,15194,13980,13790,15624,15891,11447,13403,12066,7426,9253
N:GGCGC,29174,3975,50485,50048,30729,31254,32745,34033,34106,26652,28730,27780,26262,25137,19786,19324,19002,22827,25635,14355,23023,16089,11041,14741
N:GGCGG,42504,6033,72911,66524,43427,44066,45584,46225,49131,38977,41625,40237,36308,36144,26297,26231,27092,33595,36395,20338,32695,23842,15062,20746
N:GGCGT,35849,5081,53911,51482,34265,35864,37174,36637,37749,30673,30307,31879,27022,28680,22254,20554,20673,24319,26311,16854,23539,19259,11240,14805
N:GGCTA,139563,25237,164272,177425,130377,145210,141595,125208,109151,110392,92152,91070,90746,87839,78375,64481,54918,56559,51180,71019,38983,45799,29013,24458
N:GGCTC,156337,31242,232870,235910,157278,163039,169278,157854,149447,143201,127249,135984,124852,118009,92994,87945,84709,94858,90768,72235,69255,75997,40879,51904
N:GGCTG,252957,50089,376208,388051,253593,262800,275999,254243,248193,230124,205071,219012,200284,191584,150540,143308,135490,157397,148101,115863,120532,123229,66393,84911
N:GGCTT,184516,36633,224732,256208,179746,197858,194625,173407,143983,157946,126772,131647,131443,120028,108110,90716,78558,80486,71352,80531,44598,69678,42470,36944
N:GGTAA,152082,30244,169849,201759,151328,179395,162797,144336,114843,124568,100801,95228,100285,95821,97393,72334,56010,53539,43121,71380,26971,44496,33797,20098
N:GGTAC,97373,18987,97718,112021,85789,96916,90573,81045,64565,71263,56707,55145,57576,54587,50521,41395,32947,31927,26503,35804,16717,26143,18817,14231
N:GGTAG,132981,24196,148181,162524,123502,136402,132257,117007,93269,100450,83745,79826,83919,82353,72166,59242,49079,50765,43876,56691,28970,39858,27276,21044
N:GGTAT,165065,31612,160034,192709,147789,173961,159960,139233,109555,117770,97714,90874,100455,91539,91303,69374,53276,49772,42076,63488,24918,43234,32242,19119
N:GGTCA,147671,28990,199372,210401,145912,160340,165215,143437,124946,127560,109150,110610,106725,102219,88699,76222,67581,74887,65655,67159,53252,58988,35772,35303
N:GGTCC,95228,18865,116312,123556,85208,86974,89360,83293,79265,73778,64280,70543,74167,63912,48525,45414,41008,45701,51252,37827,29042,37794,21618,25473
N:GGTCG,15539,2903,20086,20307,13136,14262,14727,13895,13629,12565,11468,11933,10747,10711,8439,7936,7464,9036,8708,6468,7503,7341,4664,5249
N:GGTCT,168228,34876,214630,225580,159549,172468,173613,157171,140072,138743,118190,122509,117488,116412,94256,83542,74839,80660,74172,71809,58431,65295,38704,39883
N:GGTGA,199025,43407,252162,277421,189014,212302,207562,189609,169889,169056,144179,147344,145081,138362,122083,105904,91772,98393,92017,93703,68340,82687,53923,54104
N:GGTGC,119719,25009,159228,171550,113748,123599,124348,115714,106913,105397,89892,95755,89224,83942,69534,62496,57342,63597,58852,53724,44034,51939,30311,34840
N:GGTGG,235523,43552,319692,326881,221961,232983,238429,220606,211993,198580,178372,183890,176529,167831,130973,123997,115748,131165,128461,104836,96294,104397,59174,72055
N:GGTGT,168934,37321,199755,224437,157405,173927,168291,156424,136465,139591,116035,118091,114640,115787,96958,81774,71778,75831,64478,73377,50653,61953,40170,38320
N:GGTTA,125913,24913,143833,165211,125587,144599,135898,118762,101983,100384,81719,83216,81401,83844,77845,58945,46814,48518,37047,54983,26388,37216,28739,18599
N:GGTTC,136664,27508,163518,179514,129597,141597,138594,124717,110978,114351,99127,98762,98015,91956,78568,68982,64359,62644,66214,68338,41390,55986,34679,34448
N:GGTTG,158877,30303,184458,202424,147802,160007,156707,143900,122184,127149,104623,105798,107605,100888,86215,73746,64251,68386,59529,68744,43238,56982,34516,30666
N:GGTTT,280734,53030,298846,347786,254361,297641,278318,251891,208550,215369,183108,171038,183745,168446,159056,126717,107956,104536,94873,123095,63990,88183,62435,46330
N:GTCAA,168959,33937,188018,217651,162890,194400,183180,155896,122863,134916,108149,105083,109219,102166,106156,79622,60858,61859,47976,75280,35825,49307,39862,25447
N:GTCAC,128651,29453,166528,190411,128749,146966,140109,126957,109331,117357,99042,100066,92647,89509,83809,69377,60425,62828,56057,69112,40892,55848,36227,33249
N:GTCAG,168245,35032,220313,241869,170376,186101,184244,164177,140507,146337,123188,122779,120950,114045,102322,85259,74834,79144,71925,79525,51069,68917,39610,37821
N:GTCAT,177229,36541,198302,238327,173096,208689,189681,167730,134818,146204,117754,117735,119722,111015,113692,85443,66937,66467,53791,80089,32395,54844,42204,27658
N:GTCCA,153855,35538,169380,194333,134507,148624,144622,131446,119048,119367,100151,105539,114792,95352,85171,72340,61228,63166,66365,77694,36012,57674,38650,35658
N:GTCCC,119384,24851,162496,175884,115482,124275,125296,115010,108998,105972,91901,96818,91355,83706,68822,65255,58046,62957,59764,54065,43017,54671,31007,36996
N:GTCCG,13440,2723,19295,20363,13097,15610,14978,13734,13172,13421,13211,11950,10911,9979,9104,8420,7498,9790,8132,6468,7034,6945,5387,5962
N:GTCCT,154673,31951,191633,218556,148849,168822,162860,146651,124962,132189,110991,112532,110935,101285,91728,79517,68216,66413,61044,80830,38249,60630,37707,36031
N:GTCGA,14597,3563,16517,18288,12468,14502,14385,13376,11636,11286,9497,10423,13140,10792,9170,7648,6497,7460,6280,6161,4811,5633,4707,4176
N:GTCGC,14075,2357,21360,20836,13550,15012,14748,14502,14235,12783,11943,12377,10627,10769,8867,7857,7880,9399,9708,6694,8464,7208,4561,5318
N:GTCGG,14613,2937,20985,21422,13816,14944,15436,14306,13996,13619,11900,12666,11384,10515,8734,8255,7743,10329,8729,6811,7190,7304,4793,5498
N:GTCGT,18856,3104,18491,21459,14277,16308,16017,15393,13330,14068,10948,11696,10632,10449,9757,7884,7557,7914,8180,7661,4985,7234,4444,4039
N:GTCTA,138302,26451,158190,179032,143472,157196,158590,128488,112734,111896,93186,91197,90899,92767,89241,69926,55052,56144,43141,74980,39479,48712,38564,27564
N:GTCTC,217448,41925,283035,294788,209531,227871,223105,207152,189900,184399,158931,160750,152789,159203,126325,110206,99022,113682,105237,94173,86448,86367,52935,54210
N:GTCTG,180618,39041,227394,246255,172369,190127,198304,169053,152321,149074,123701,131883,127476,124901,105391,89927,75558,83221,67323,83666,57924,69692,44122,40490
N:GTCTT,251611,49291,278156,323580,237024,275688,257759,230914,188708,201377,162021,161262,160255,156446,148835,118094,93669,93204,80235,114389,52219,79332,57685,41015
N:GTTAA,199830,38742,219432,259593,202360,245768,221615,192333,156538,159422,128497,124891,126295,128071,132938,92751,68339,70830,52698,88770,36379,52299,46774,23240
N:GTTAC,111579,26180,130895,149306,114407,136985,128590,109898,91309,91735,74766,73838,73489,78230,73715,53591,41522,45659,32443,54356,26418,33298,26447,15731
N:GTTAG,126328,26728,148526,174135,125298,150662,141426,121455,95490,107078,89652,80299,86582,80589,83553,63990,51091,48410,38441,62087,27435,40434,32734,22662
N:GTTAT,200750,40193,206063,252429,193492,241139,210433,186074,148001,154211,124504,117015,126378,120668,130553,90440,65169,61112,51360,92583,27523,49938,45699,22579
N:GTTCA,238121,44036,268752,290198,217022,247630,246132,205262,178333,184315,155928,152174,171850,153341,137745,111001,94867,96327,99299,116590,70376,83375,58114,46903
N:GTTCC,150620,31490,173980,195946,142512,160378,156272,139875,116411,122445,102898,102000,103417,93899,85532,70845,59269,59242,55393,65249,34895,51495,34408,27897
N:GTTCG,25082,3537,27217,26152,18057,20701,21233,18900,18043,16212,14076,15409,13427,15147,11460,10072,9064,11011,13326,8684,10034,8806,5258,5687
N:GTTCT,246988,46430,264078,313832,229387,269781,253876,227032,179281,195593,159807,151966,159595,151213,145262,115898,91858,83994,77653,121480,42249,76334,54860,39580
N:GTTGA,214273,38026,220805,247049,195130,217811,216438,172531,154126,155211,132424,125845,133469,127052,121152,95535,86112,80657,78330,107167,55730,72600,54757,39915
N:GTTGC,139504,26315,167012,183201,132795,146399,142348,130345,115592,112605,94903,96563,91743,94021,81480,66760,57497,63653,56835,59787,41604,51884,31167,27391
N:GTTGG,173453,32107,205009,222398,161169,178484,175464,155063,139540,141203,117496,117037,118003,115435,98042,83630,71550,76150,71445,89654,51595,65369,41403,37237
N:GTTGT,191318,38604,209696,238772,180155,209146,200083,172471,142618,146882,120328,122199,121287,113213,112405,85141,67200,70939,54334,89126,42217,55955,41558,26521
N:GTTTA,248736,47988,266055,317423,247796,297012,271265,234615,190800,196765,154477,150346,163519,155975,161342,113918,83098,83795,75847,109660,45217,68445,57803,29649
N:GTTTC,302329,57697,328306,367041,278344,316836,313824,263999,239184,235438,207440,189160,213386,201483,182071,146559,128221,123743,137903,176778,94308,120280,86920,70127
N:GTTTG,289202,53577,291924,336272,254757,297188,280622,241214,211611,211871,182435,173892,189338,170602,162562,129248,106715,102687,99909,135515,62698,88545,67203,49898
N:GTTTT,501200,97721,504326,610022,462854,560148,512057,451181,365304,375031,315550,296950,312053,293472,304263,222893,182168,168156,141232,230480,97607,147815,118247,71634
N:TACAA,332514,62180,333531,396284,303362,365182,334028,291737,239598,246444,203103,190073,203254,192301,202248,146953,116617,108620,97798,156273,65891,93372,77858,48132
N:TACAC,173123,36186,184777,214932,163248,195095,183399,156189,129677,132830,112000,114295,109537,108257,109057,79894,65677,65618,46800,79852,39562,49321,41603,27243
N:TACAG,257449,53748,304313,338284,251043,296974,272277,245293,208997,211182,184342,172845,177835,171547,162236,126888,108966,106254,97185,115484,71546,83610,61880,48792
N:TACAT,310513,64359,316277,397082,299948,378278,330339,288907,222321,240862,194489,178984,188867,186146,205409,138994,102816,97795,77286,142409,45365,83371,71967,34945
N:TACCA,213826,40505,215900,252700,196833,227920,210628,185425,144867,154825,127790,119447,126414,120278,118251,91270,70440,67842,55422,87230,35150,54495,41759,25708
N:TACCC,127541,23223,134418,153786,113868,127028,121800,108501,87570,95520,77472,75787,83816,74164,67742,55659,45469,45484,40250,49487,24604,39830,25246,19627
N:TACCG,18259,3465,18309,20731,15728,16759,16314,14811,12240,13918,10643,10928,10392,11626,9617,7648,6894,7993,7153,7806,4195,5535,3981,3159
N:TACCT,187879,37846,207169,241807,181982,214972,196851,172889,137556,149789,123063,114918,121623,118237,115777,87768,68515,64686,52755,82841,33636,53879,41146,26003
N:TACGA,20329,3717,26469,27323,25446,23469,24803,20292,18577,17462,14026,17578,12988,17956,14530,11289,8916,12799,8430,10030,7225,6860,6412,5061
N:TACGC,13658,2525,16625,19836,13503,15667,14891,14084,11602,11661,9935,10133,9778,9300,8935,7109,6502,7374,5485,6636,3909,5594,3594,3089
N:TACGG,18782,4117,21945,25943,18396,19702,18870,17090,14368,15151,13507,12937,12220,13053,13522,11094,9346,8132,9174,11385,5112,7981,7077,6306
N:TACGT,37776,6919,37352,45211,33228,41457,36637,32199,26519,29044,22250,22018,22255,21096,24663,18333,13630,13052,10739,18369,6644,11725,10810,7569
N:TACTA,196372,35009,209451,249293,188622,235234,204872,183212,143907,152154,127421,111688,123868,118473,128447,91520,67253,64448,59572,93730,34728,51523,46124,27101
N:TACTC,149425,30068,175102,203015,149669,177951,160600,144947,118914,128470,104286,96672,100609,103386,98412,74807,59974,57734,51063,84645,34387,49004,37919,26594
N:TACTG,199218,40232,219562,254893,195871,228108,214703,184230,157715,157209,126422,125231,128722,126212,122493,91063,72171,70752,54083,86444,39925,55936,42399,26397
N:TACTT,260531,50471,289784,346908,272135,330304,290278,256792,204039,216721,174199,163150,172964,171140,180800,127392,95024,85285,74598,119321,42570,70547,64445,34073
N:TATAA,403610,75636,412517,524384,405055,524509,444524,386222,298927,316869,258987,230693,245629,253269,283234,186657,128977,124179,93190,185193,56735,95817,97666,43463
N:TATAC,233945,41892,215944,264766,206638,260742,229376,197720,154245,161105,131834,119297,135906,131329,140089,96496,69014,65790,52585,94003,31521,51276,48315,24015
N:TATAG,219673,38928,223329,269325,209011,258924,227139,199761,153698,167316,133686,120524,138549,127325,138114,98045,71587,65640,55435,91092,32539,53307,47672,24163
N:TATAT,603502,109625,542768,701880,533901,708058,596816,515497,411366,424455,339312,308041,338821,328816,386534,251969,172760,164487,130157,252484,79432,125309,132165,63337
N:TATCA,261626,50087,257990,323528,250469,309054,268853,240505,183518,199307,160995,145770,157234,153946,171019,120964,84736,78501,65875,118713,36156,65967,63419,35472
N:TATCC,189886,33941,186488,216826,165528,199459,183513,159449,130235,140239,118161,103382,125476,106572,108990,86976,69162,62481,63138,83440,36298,58388,47133,33534
N:TATCG,19701,3856,20958,24766,18956,21884,20668,18298,14898,15876,12902,12464,12419,12120,13246,10177,8660,7716,6606,8858,4411,5976,5733,4253
N:TATCT,306717,59128,316383,387106,293089,361706,324110,275982,226669,245342,200075,176982,196565,184549,198448,144024,113045,99802,83683,156686,54502,93269,78439,46043
N:TATGA,262667,50459,274507,335372,258945,320325,283660,240228,191434,205954,173562,159050,163263,162143,174611,123230,94998,85742,67693,130505,46499,70302,65076,36385
N:TATGC,163350,33117,171779,208326,156632,190572,171496,149387,117246,130330,102507,96484,101262,98392,104682,74725,56412,56205,44092,75640,26072,45517,37594,21091
N:TATGG,194501,37043,197222,239428,176584,215814,192747,173545,140359,148336,123540,114289,118562,113127,116925,89106,67964,63056,56062,91996,32710,59083,46358,29491
N:TATGT,349387,71444,340238,422231,320512,403716,354426,307307,247026,258227,213497,191862,213236,197835,219678,152798,113714,103510,85371,155630,52296,91317,80107,43579
N:TATTA,373116,70384,394723,492329,382057,496703,417972,365556,282134,300091,242661,218531,236640,231268,269017,176963,119619,118375,88173,170672,52086,89645,89387,40082
N:TATTC,301886,57635,309314,365377,284537,354231,319461,268745,212398,225736,188299,174998,182055,180724,191723,135442,98822,95368,75253,135265,53383,76172,70634,37991
N:TATTG,289138,56337,286201,352091,271400,337374,294159,259002,198366,219515,172897,158695,171936,165797,180764,127193,91604,84894,66787,119916,40061,70820,62904,31903
N:TATTT,770050,146689,799476,995843,768858,969724,840121,737694,596347,611470,499974,456762,480072,480969,537478,362280,275385,250729,211530,376422,134928,208566,195974,101786
N:TCCAA,295495,55525,306814,357764,273397,309479,290995,255117,215748,234400,189292,187112,210908,188238,173356,139443,118899,108172,110606,153613,61671,102401,77493,57848
N:TCCAC,212785,56785,257621,277343,200781,220061,224102,191826,182442,174515,151255,152863,163030,139181,127681,109364,100277,103079,105782,115699,71494,87762,63590,57925
N:TCCAG,282454,61587,358966,399377,274854,304869,297325,268730,232814,248077,204067,209275,202473,193441,167602,147422,127991,132531,120062,146178,84342,116049,70149,70872
N:TCCAT,312883,96140,332666,383070,272009,329262,303776,268097,233299,234418,191769,217677,201241,186718,174425,137820,110955,128805,111955,126754,59667,108287,75889,56616
N:TCCCA,352432,65791,449826,472525,330592,354195,360172,326425,299168,292425,251846,257207,250609,240363,198876,176295,156514,174523,166329,166413,129450,147244,82394,87208
N:TCCCC,187820,32963,244535,264011,176195,186084,190787,174873,150815,158625,135726,141490,137322,126665,105340,97510,85644,91497,87112,82690,58239,80060,46565,51322
N:TCCCG,47352,6246,64391,63409,42628,43807,45375,42672,46313,38858,40164,40061,34114,36743,28222,26861,26486,30195,37761,37211,28069,26033,16803,20591
N:TCCCT,267638,52637,338954,375486,257497,285072,280878,255642,220846,228798,195188,194404,194422,179046,157063,139388,118574,119433,106340,134650,72007,109310,65678,65083
N:TCCGA,19537,3742,24559,26470,17861,20954,20682,19321,16506,17223,15253,14942,13809,12894,12814,11078,9721,11241,10490,9282,6963,8832,6536,6454
N:TCCGC,27203,4268,40846,38800,27023,27788,28920,28319,30269,24038,24538,23040,20478,20666,16169,15220,15439,17645,19064,12683,16691,13992,8171,10351
N:TCCGG,18690,3648,29918,30564,19246,21934,21532,21007,19915,18644,17474,18464,16393,15005,12452,11886,11198,13231,13493,11949,11081,10938,6726,8121
N:TCCGT,35745,7843,41282,43796,31685,34690,33200,30861,29886,28570,25884,26148,29474,22034,19627,16565,16047,17181,20751,14543,12421,14956,10079,9977
N:TCCTA,198468,38445,233106,264284,194458,227568,217298,192004,149486,162927,132350,127696,136115,128573,123086,96634,74900,74696,65392,86703,43483,60228,44744,31842
N:TCCTC,250579,48316,321445,361047,243003,271860,263149,242223,208135,220355,182185,184177,188152,172285,148699,128750,115348,114271,109476,134008,69918,108387,60077,59992
N:TCCTG,311346,66583,418472,452214,308986,338031,335676,307702,278136,275452,236934,244024,243440,221082,187967,164509,147187,158151,148808,148354,110808,130223,76169,81408
N:TCCTT,375352,77484,430267,479128,356796,407569,396922,343024,280241,295923,242578,242845,255611,244795,214508,173338,143164,147492,129679,177216,89857,126095,83927,62122
N:TCTAA,246971,48521,280258,338415,261517,314931,284412,248887,201996,209379,165149,160487,170507,164014,170735,122176,90335,90361,66919,118108,43842,68223,61301,32341
N:TCTAC,199209,36512,216929,242664,188172,215040,203354,181685,152682,154904,129351,119377,134266,126726,118516,91412,79967,73949,73572,99830,49896,65555,47640,35066
N:TCTAG,195909,37864,228235,264039,198303,230294,221184,187724,157689,160454,139330,128823,144570,131233,124112,98859,79773,73751,69504,105620,47728,71116,51824,36743
N:TCTAT,303544,56673,302838,371102,284256,344865,308309,269806,212974,234342,182523,174233,184075,175936,189669,137159,99111,91653,80872,139422,50748,81770,72828,42913
N:TCTCA,386376,75925,451639,505700,373424,425354,410433,358509,318899,318085,272186,261236,271088,258517,232500,188676,164526,163786,153441,196372,109926,140885,97797,78299
N:TCTCC,283536,56443,367412,392816,279077,305187,304971,272758,240986,241754,203473,210192,206796,202554,166310,142061,128186,134319,123100,127038,90820,109848,66058,62609
N:TCTCG,53824,7638,67018,66227,45570,49373,49296,47846,47106,43625,37623,38412,34729,35910,29985,26813,24845,28966,30442,21596,25417,20873,14483,16450
N:TCTCT,458945,86323,536775,600618,437302,502207,473594,425930,355962,369134,307766,305170,312964,294058,268217,218082,184033,180983,171135,205967,114075,154027,106708,80844
N:TCTGA,315773,60853,354504,406132,300430,346096,333601,286328,234687,254659,210840,200016,224605,193329,192001,153945,126473,116553,117384,167389,71817,113263,79351,61487
N:TCTGC,265897,53537,327129,350303,250387,273079,284819,237952,223018,215443,182126,190552,194237,181203,153683,130655,113375,122385,110498,135284,85018,104674,66956,62655
N:TCTGG,254377,53662,311306,355350,244503,269647,263223,237741,203059,218796,177564,180188,182225,163943,148511,129958,110878,113394,102030,125030,64769,100226,61934,59476
N:TCTGT,396228,79470,469024,498665,378109,428320,437686,359276,326148,317411,279030,279400,290627,274396,244807,199543,169444,182447,168373,199164,130714,147773,111487,90829
N:TCTTA,257954,50204,290517,355446,267910,330600,290297,258021,204932,218244,174301,164905,175414,167996,177638,125986,94913,90406,69261,124739,40150,71537,62267,31897
N:TCTTC,349352,68789,399434,453056,343945,390397,377612,327246,278601,282712,231774,231599,239956,231909,214397,169595,137133,133062,121508,168119,81979,114319,88883,63781
N:TCTTG,290282,59183,339262,390191,283291,325570,305897,278364,230943,239744,197085,193206,198131,187577,175112,139337,114281,117956,103115,131684,68382,98891,65016,48203
N:TCTTT,645077,119927,659013,780325,602249,700879,649237,569907,476280,488043,401258,388367,403793,398971,384693,294111,231938,222199,195898,302247,126257,194553,156832,100188
N:TGCAA,316208,61348,335892,377955,289776,324887,315629,269104,249569,236039,198292,200665,206922,189894,180486,138872,119492,126061,126407,154275,81948,108688,72113,52967
N:TGCAC,192962,43406,234318,258280,182170,201967,205243,181682,168319,161202,136661,143195,132405,130164,117006,96911,85986,93280,84992,85354,66664,75378,51049,48344
N:TGCAG,314563,71095,378473,415829,292831,326510,319207,286048,266707,262273,223718,232019,229696,212473,182777,156389,139360,147171,150268,163375,100187,124439,80250,79316
N:TGCAT,283647,58942,291576,357600,259161,310873,288721,253503,207338,222846,179798,176655,187466,166688,176633,131428,108158,103170,97128,133141,53139,93562,70337,48880
N:TGCCA,248682,51288,304438,341724,241129,267942,263207,235044,205237,208507,173167,176305,171514,163223,147600,121793,105611,109701,95176,108928,63448,90150,56714,49945
N:TGCCC,177605,34798,247710,261594,174743,183946,189388,172784,157610,157024,137151,144277,136588,125810,101903,95974,89160,96575,88383,81984,64892,83695,43809,52987
N:TGCCG,22373,4620,33338,36126,23165,25898,25908,23909,22600,21913,20112,21165,18888,17216,14753,13876,13203,14992,13502,11769,10395,11598,7550,9074
N:TGCCT,303557,61927,394741,421776,295334,322494,320098,289297,260645,258990,219665,225423,217422,212125,180030,154280,136053,148731,132014,137583,100637,117351,72328,72304
N:TGCGA,24939,3962,28348,29544,20645,22383,23454,21143,18924,20596,17885,17386,19314,15015,13929,11747,11172,11124,12658,10039,8930,9011,6753,6704
N:TGCGC,20951,3315,30188,34055,19844,20528,21527,21838,20398,17961,17261,18246,17038,15716,12405,11625,11364,13312,15024,9677,11795,10891,6458,7860
N:TGCGG,26999,5251,36069,38715,23835,26897,27833,25682,30175,24403,21558,22228,20198,18396,15380,14673,14596,16031,18379,12529,12084,13659,8072,9776
N:TGCGT,26728,5268,40110,40084,27841,29538,36508,28320,29028,23996,20637,25305,19636,22422,17872,14868,12929,20320,13058,13557,15742,11923,9040,8858
N:TGCTA,199048,37194,223192,259438,196833,231965,214186,187032,154218,158706,128021,126788,127750,123456,124009,92590,71284,71023,55931,86649,35209,56629,43293,26444
N:TGCTC,200434,37110,252703,278966,193200,209088,218676,186205,167352,168604,141493,150438,150349,137485,122322,104214,92809,94465,81635,112951,61379,90212,54440,52066
N:TGCTG,306243,62788,368566,422607,290121,329092,320184,285989,247140,266433,212511,216239,213769,197835,182691,155082,136959,134981,116520,143943,80681,120043,74857,72097
N:TGCTT,330399,61948,357082,427660,308802,366530,341758,298637,248495,261707,221664,207076,234937,202343,203177,156840,132883,116730,116425,166395,61411,114635,81007,57847
N:TGTAA,319007,70696,372101,427511,323130,392831,363153,309707,258860,263594,220282,213289,209509,213421,215274,154544,120222,127398,100741,149607,81359,97651,78619,47530
N:TGTAC,162742,31043,168849,201380,151045,180535,163941,145949,116857,124983,101883,96966,99488,95352,101691,75598,58569,54407,43640,73358,30072,46027,38021,25364
N:TGTAG,226991,45766,232870,273292,203191,240807,222072,201407,161849,172206,143511,134243,154623,134602,134068,103427,90432,76947,78965,104185,46556,71184,55536,40073
N:TGTAT,364853,68968,365066,444388,340228,421352,370866,325053,263020,270532,228254,211693,215873,214875,227916,159156,124854,119533,95711,166867,64370,94809,81129,46144
N:TGTCA,249482,55662,285179,336235,244198,289601,267771,235811,192724,207850,167101,164612,167366,157418,158681,120069,96713,98247,79864,114062,55470,83820,59939,42618
N:TGTCC,178728,40196,215129,250789,167954,194841,185918,165601,143783,155281,131088,128801,129956,115888,108291,95007,79491,77129,71046,104366,45660,73449,47846,46928
N:TGTCG,25871,4391,29921,32407,22034,24899,24253,22797,20841,21243,17239,18069,16443,17725,15260,12964,11605,14308,12457,11058,9455,9754,7380,7422
N:TGTCT,336365,68111,391313,447427,327296,370621,360438,313611,270275,281080,228062,228140,225616,227806,207126,167298,134849,143402,118332,168277,93645,123996,87192,68412
N:TGTGA,329915,68091,362743,412320,313273,351033,347962,294101,268912,264307,219858,217304,254195,218111,202265,161803,138573,136508,130669,157481,91799,121734,91106,73427
N:TGTGC,203137,43019,249796,282166,198122,217687,225732,194297,178986,173404,142056,151766,142074,140180,123510,102224,89807,96185,80110,94948,60636,81407,51819,46600
N:TGTGG,278855,58934,320070,364963,259109,283788,284350,248579,213789,222779,186551,190056,193032,176291,157215,131727,120578,114199,110147,123153,75543,101032,66065,59852
N:TGTGT,412305,89349,478874,544591,395523,463944,464135,384767,339309,335002,285545,299153,273479,281933,262379,200934,170999,186637,135263,220501,118827,143269,107093,80373
N:TGTTA,268287,57868,286197,355292,266004,334308,291096,257251,202809,216265,180026,161077,172688,167882,182275,128257,95095,86828,68234,134460,41454,73727,66343,35825
N:TGTTC,267785,51285,278381,332188,240071,287310,270411,237410,184283,208073,169681,159620,177974,158718,156247,122554,94587,88266,78766,128175,49717,84656,60813,43588
N:TGTTG,310503,59345,337683,386308,279604,326315,312820,273789,236460,236813,196004,195107,190145,186096,177410,137929,112277,118782,98361,130877,74139,99292,66417,48512
N:TGTTT,552891,108495,585156,698524,524260,639454,586888,508758,422826,433634,363057,337494,359955,342437,349664,256648,205060,199471,180431,271058,118055,170374,135903,85097
N:TTCAA,444478,82338,468951,544875,422784,500821,473441,389923,347131,334206,291959,270576,285057,275905,279462,208143,171607,163830,158695,238817,107360,148788,118624,80434
N:TTCAC,273901,54257,293480,345168,254406,296559,280198,246441,206408,215698,175555,172545,196282,176040,169489,131282,108194,103508,96216,122999,62939,94570,70311,53334
N:TTCAG,331151,66552,369896,432024,313205,370870,349913,305322,245201,268972,218800,210066,226055,204064,202340,154638,124495,121396,109117,163707,67992,106316,75159,51255
N:TTCAT,416225,85047,447448,539740,403420,489499,450993,385803,319328,330508,276890,260684,271577,255235,264942,190508,150457,151001,110719,194182,78058,120977,98228,57181
N:TTCCA,385131,110696,427295,494630,367311,430694,398774,350083,300217,313291,254621,281569,262181,244438,230783,184068,157173,164305,154534,206838,83239,142707,105767,78983
N:TTCCC,264604,48684,324215,362882,250261,283438,281662,248529,205799,224225,192493,183100,186077,171035,164106,139928,117827,113011,99506,154932,68706,109678,71547,63344
N:TTCCG,31411,6570,33416,35925,25712,30147,28287,26115,27009,24590,20734,21230,25300,17371,16656,14087,14146,13295,15674,14644,9504,12972,8425,7753
N:TTCCT,427316,90368,505350,568279,421186,478790,465347,405191,329133,349144,289586,285732,310722,283947,253969,203077,167506,174822,154232,195371,104428,144232,98131,72110
N:TTCGA,44492,10337,42311,40680,29145,34198,30580,28166,31161,23823,21031,28893,30536,21177,18202,14991,17087,27273,25731,14233,10874,13223,9585,9730
N:TTCGC,19213,3253,24169,25793,17977,19640,20039,18317,16836,16626,13853,16315,13562,13257,11744,9839,9625,9659,10476,11223,6966,7978,5165,5175
N:TTCGG,23001,4568,29068,31710,22119,25855,24784,23005,19617,19787,17684,17864,16220,15383,15067,12831,10400,12738,11758,11104,7759,10014,7325,6966
N:TTCGT,43559,6602,51979,49372,44110,43812,48645,34508,36469,34357,28301,33688,28870,32763,26340,21836,18287,24294,31137,28647,20553,18721,14603,12319
N:TTCTA,352425,67689,366263,446040,346552,416393,376575,331461,265890,280293,222552,209740,236671,220392,225831,162572,124293,112646,104367,162570,58413,97050,84822,46445
N:TTCTC,413853,77408,467115,532996,397932,462383,434986,382868,322768,331580,285437,269628,284299,262797,247485,196777,168266,157300,151557,210733,96246,138856,99969,72738
N:TTCTG,442573,86911,484267,551421,415520,479829,465983,395345,332791,349731,294580,279025,304911,274027,268624,215498,177954,165431,168768,240611,108557,156088,117697,90294
N:TTCTT,612576,122010,657817,772726,599382,697812,649898,572177,481458,482234,388997,385518,392923,396591,377973,283556,215392,216060,179589,274469,123555,179317,145672,88076
N:TTTAA,568858,110964,627959,779590,606062,758141,662560,581262,460420,472161,378034,361083,361161,369863,413919,276649,200327,189946,148436,270858,91714,148640,142632,63192
N:TTTAC,269293,56050,302080,355748,274036,337439,306000,261048,210236,220382,179527,172747,179443,170818,183759,128246,94656,92277,74301,124580,51284,74970,64993,33101
N:TTTAG,313293,59197,333440,398365,308200,369720,329740,296021,242178,244046,199181,189929,202851,197606,200784,144405,109483,105709,98161,141263,55825,83239,71250,40397
N:TTTAT,662301,126038,676212,842585,644339,823500,709135,623919,491003,518350,422503,381726,412046,399751,448914,308049,221243,208783,170212,303560,104397,174926,162558,82417
N:TTTCA,520268,104221,565218,690644,507522,619784,570900,485708,412510,419636,354041,330266,334125,324630,347043,250602,195488,190517,160639,279414,113002,172359,137041,85425
N:TTTCC,420318,81163,466334,534475,404683,460545,445806,387168,320724,336527,276946,275227,292677,276948,250113,195282,170079,163035,148268,208562,96012,141981,101679,70891
N:TTTCG,48481,6753,43088,49559,34491,44695,35343,31610,27713,33304,29070,23884,32656,21672,27365,22813,23222,16101,28741,31977,9949,18852,15639,13601
N:TTTCT,748716,147127,796105,942426,725237,860673,796672,698923,584960,586839,483348,464746,487764,476071,472745,352772,271478,267118,230153,365628,155452,224076,188293,115973
N:TTTGA,468731,87981,478300,571328,434256,520126,482027,411346,358292,355044,301347,278023,290174,288491,287421,214193,178828,167385,154669,233056,99417,147859,118376,79927
N:TTTGC,317269,58992,327906,390427,295612,343281,322130,280719,234382,240214,202440,193072,195288,187303,185213,140832,115273,108904,91693,141197,59618,98871,70245,44277
N:TTTGG,393451,70654,409674,470667,356921,405627,382299,340890,286733,298510,244875,240574,262145,246504,223072,178398,151156,140618,139474,189849,83386,125806,92616,67445
N:TTTGT,579555,111248,589599,696368,533674,630618,588073,505156,431190,430252,362051,344545,363955,351888,346318,260322,213472,197736,173366,272669,124986,172503,137811,92063
N:TTTTA,725805,140606,771668,959734,734526,931069,802732,711040,570965,584888,487559,443782,458357,456969,511478,348200,261078,240899,201677,345540,124346,199650,184957,94494
N:TTTTC,627431,120484,660568,800495,609597,728941,673946,586303,476564,491041,397311,382352,398580,382359,398324,285902,224091,217773,176416,290405,118244,177055,147323,82309
N:TTTTG,645365,123232,649247,777326,590066,700254,644635,566319,471772,479658,402869,372681,385666,381860,384205,287800,235809,214824,188358,303931,137639,195582,153727,101602
N:TTTTT,1404950,271320,1583724,1816536,1371832,1611118,1488342,1330202,1157820,1116485,951970,899176,905007,918027,889914,665944,550755,563305,512537,635334,393177,437902,335617,239618
T:AACAA,112658,6468,232678,232972,219702,168671,159147,164116,169208,134213,108893,140257,129527,142812,77315,87424,92081,70116,81570,68103,48894,54255,28010,32083
T:AACAC,59352,3313,130270,127835,119702,88809,86181,89242,94065,74452,61963,80003,73477,78995,42929,48279,52254,45433,50235,38452,32645,33697,17684,22118
T:AACAG,74190,3949,166923,158969,149553,110312,108520,110722,115874,91026,78085,98802,93773,98651,52098,60735,65623,55987,62308,47393,38921,42002,20838,27411
T:AACAT,87229,4622,178787,182059,170947,134299,124143,130030,131775,105369,82687,108516,100479,111776,61545,67325,69854,53238,61988,53143,37596,41892,22195,23921
T:AACCA,62645,3147,133618,129711,123578,90345,88421,90783,94555,74105,62508,80485,76153,79246,41852,49656,52767,44670,49418,37797,30501,33657,17006,21238
T:AACCC,44373,1989,108322,93712,88420,60305,63492,63735,69667,53321,49948,62454,60789,62683,28117,38290,42418,43949,51174,27044,41354,30207,13729,22829
T:AACCG,5452,323,12857,11801,10514,7583,7784,8091,9200,6896,6340,7743,7480,7688,3917,4665,5027,6185,6519,3801,5252,3879,2000,3011
T:AACCT,53431,2715,122732,113647,106734,77450,77148,78983,83188,64293,55583,70388,69103,72971,36082,44748,48116,43582,51139,32919,35019,31006,14863,21289
T:AACGA,8897,491,18721,18295,16519,12555,12189,12800,13779,11158,9193,11704,10535,11499,6179,6897,7619,7633,8059,5771,5370,5036,2801,3497
T:AACGC,5594,261,13556,12475,11009,8476,8355,8812,10088,7982,6955,8685,7758,8231,4298,5096,5521,6597,6940,4151,5446,4179,2440,3274
T:AACGG,6782,311,16016,14519,12940,9574,9720,10079,11659,8927,8081,9544,9108,9740,4933,5813,6276,7564,7908,4440,6395,4741,2497,3733
T:AACGT,10057,634,21002,21488,19432,14594,14142,14734,16001,13243,10569,13767,12146,13321,7349,7847,8666,8672,9105,6702,5969,5817,3339,3922
T:AACTA,60042,3552,119930,123068,116393,92934,84998,87865,88110,70997,55001,71551,67235,74557,41492,45140,46989,31150,37314,35340,18669,25220,13694,14084
T:AACTC,53011,2488,122076,112494,107086,77783,76821,79021,82913,64959,55723,70116,68383,72465,35853,44229,47713,43513,49803,32852,35414,30942,14348,20733
T:AACTG,61996,3314,135496,132098,125666,92658,90624,93072,95946,76189,63910,80733,76439,80809,43315,50051,53972,43640,49304,39703,29510,33928,16773,20876
T:AACTT,65702,3583,139142,142594,135201,105417,97598,102283,101528,82440,64402,82663,79051,85915,47906,52310,54401,39409,46523,41646,24248,31910,17212,17412
T:AATAA,143102,7734,294260,302708,286391,234830,208229,218352,219595,175859,134147,177146,164825,186456,102900,110575,113039,79457,93196,87629,53664,63691,34742,34583
T:AATAC,65605,3992,138105,138910,129815,103523,95434,99123,100779,80427,63437,82486,76525,86324,46978,52197,54047,40168,47907,40423,29267,30730,16444,18379
T:AATAG,61407,3116,120066,121514,116956,93643,84313,86700,88473,70422,53615,71400,68587,75067,40344,44294,45568,31581,37080,34974,20236,25953,14031,13612
T:AATAT,110923,7106,219681,235226,222035,188638,162231,170995,170218,138696,100101,133209,124778,142824,82518,82699,83098,53083,63483,68760,32326,44950,26154,22086
T:AATCA,78718,4212,160778,161382,153939,120417,111150,115396,118078,94220,74214,97018,90337,99497,54746,60016,62648,47051,53303,47516,30671,36883,19893,20793
T:AATCC,56030,2677,130434,117669,110967,80908,80923,82602,87229,67148,59184,75022,71752,77915,36877,47357,50665,47403,55628,34037,41474,32954,15207,22908
T:AATCG,7802,388,17077,15590,14102,10419,10444,10944,12021,9378,8002,10200,9270,10687,5193,6211,6698,7265,8456,4798,6895,4540,2268,3453
T:AATCT,67881,3587,146083,145189,136315,106227,99310,103360,105244,83191,66150,85061,81695,89200,48091,53854,56490,42142,50041,42242,28493,33193,17146,19042
T:AATGA,94022,5186,191904,191748,183353,143296,132354,136659,140129,112568,89146,114149,109256,117772,64537,69790,72872,56302,62033,57150,35293,44438,22922,24798
T:AATGC,53998,2893,112481,112517,107327,80748,77353,79820,82451,66622,53599,68575,65042,68683,37397,41376,44424,36798,39562,33621,23666,28111,14870,16856
T:AATGG,68738,3142,138483,131940,128966,94216,91773,93110,96915,76807,64017,82488,79765,83213,42637,50169,54136,45450,50127,38859,32048,34632,16631,21004
T:AATGT,81422,4458,161898,170017,160346,127993,116363,122206,122976,99805,75728,98826,93453,102159,58084,60263,63628,46581,51970,50122,28583,37152,20160,19943
T:AATTA,100464,5627,211816,220263,205098,169271,149365,158097,159961,128500,96800,127293,117662,135757,75822,79620,81040,58316,69534,63637,40818,45995,25482,25259
T:AATTC,67722,3914,146079,147280,138151,108208,100609,104791,106244,85381,66745,87265,81583,91019,49816,54142,56267,41974,48644,43157,27553,33326,17597,18280
T:AATTG,57021,2993,107806,111045,107367,86794,77311,80535,81711,65928,48838,65297,62459,68745,37476,40134,40717,30028,34071,32779,19845,24133,13627,12441
T:AATTT,123864,7334,260513,274322,255746,213406,186757,197892,198657,158810,118575,155629,144217,167532,94181,97616,99613,69628,83577,79740,47723,55723,31245,29550
T:ACCAA,60579,3168,126342,122617,117405,86453,84066,85795,89178,70231,59279,76364,72184,75895,39781,47116,50285,40898,46846,35543,29368,30996,15472,19840
T:ACCAC,50772,2260,123533,110529,103173,71878,73269,75386,83200,63061,57765,71421,69501,71631,34031,44907,49440,50218,57717,32121,45007,34399,16311,26574
T:ACCAG,48720,2176,121538,105342,99477,67879,71461,71974,79069,60478,56273,69340,69889,68390,31232,42463,46841,49117,56110,30359,43585,33601,15737,26049
T:ACCAT,56458,2764,124194,116648,110876,82026,79608,81404,86530,67654,56417,72575,69866,74819,37345,45331,48719,43425,49413,33885,34611,31619,15120,21186
T:ACCCA,53950,2748,133811,113960,109153,74652,77443,77599,87269,66900,61923,76786,77057,75725,35331,46752,51911,55665,60828,33491,50291,38144,17493,28632
T:ACCCC,35818,1317,94458,75250,69525,45620,49415,50107,57968,42816,43679,51762,54921,51610,21651,31410,35465,42708,49922,21492,46373,28381,12665,24250
T:ACCCG,8725,312,24039,19135,16442,11511,12490,12691,15361,11166,11848,13467,13407,13923,5766,8331,9038,12780,15286,5546,14897,7547,3713,7087
T:ACCCT,40449,1706,100352,86023,81654,54568,57984,58761,64507,49337,45677,56471,58564,56193,25689,34573,38312,39741,46156,25002,35808,28613,12890,21475
T:ACCGA,5357,306,13040,11433,10235,7425,7789,7943,9085,6969,6429,7666,7865,7462,3747,4569,4980,6206,6696,3587,5823,3943,2032,3118
T:ACCGC,6396,273,17651,14008,12104,8987,9437,9661,11405,8412,8447,9775,10221,9929,4493,6224,6616,9118,10562,4268,10096,5415,2669,4966
T:ACCGG,4702,248,12620,10463,8977,6350,6652,6979,8289,6460,6338,7299,7615,7200,3403,4277,4787,6888,7459,3125,7300,3980,1922,3657
T:ACCGT,6272,349,16469,14515,12546,9226,9465,10000,11451,8663,7796,9540,9177,9760,4664,5880,6365,8129,8887,4441,7586,4963,2557,4108
T:ACCTA,39476,2208,83272,79348,75713,57443,55088,56259,57764,46043,37789,47577,47652,49758,26221,30554,32142,25225,28618,23022,17125,19392,9701,11824
T:ACCTC,49561,2090,128889,107964,101042,68462,72036,73874,81495,60762,56830,70300,71819,73308,32373,44749,49979,53586,62965,31055,51579,36011,15515,28111
T:ACCTG,51873,2715,133745,114734,107105,73172,77167,78049,86908,66156,61959,75889,76263,76245,34505,46771,51854,56735,65512,33389,53158,38503,17512,30694
T:ACCTT,45658,2137,103327,97060,92052,66782,66327,67712,69778,55455,47268,58328,59795,60987,31139,36950,40202,34471,40570,28391,25814,26418,12578,16928
T:ACTAA,57089,3200,123327,123448,114644,91005,84333,88553,88252,70294,56514,72552,68188,76557,41570,46430,48378,35791,43559,35443,26321,27369,14492,17006
T:ACTAC,37051,2021,79440,76642,72426,54740,51974,53689,55194,43317,36058,45751,43526,48179,25178,29395,31470,24456,29353,21581,18165,18275,8871,11811
T:ACTAG,33264,1565,69066,66094,63451,46887,45566,46481,46980,37139,30976,38882,39411,40576,21329,24745,26462,19587,23598,19072,12898,15715,7549,9401
T:ACTAT,52335,2948,105266,106027,101324,81453,73670,76004,76385,61475,47619,61113,59387,65298,35711,39025,40172,27556,32524,30498,16855,22405,11652,12239
T:ACTCA,56199,2713,130190,120165,114358,83362,81608,84904,89408,71289,59896,75982,75236,76146,38670,46194,50342,46026,51210,35353,36184,33902,16720,22712
T:ACTCC,50301,2221,129849,109258,102080,69723,72918,75181,82991,61803,58557,71893,71241,75258,33157,45508,50566,53670,63678,31501,53435,35745,15475,28397
T:ACTCG,7785,323,19244,16295,14479,10145,10656,11331,12667,9574,9228,11075,10847,11431,4844,6962,7477,9646,10972,4893,10232,5780,2720,5112
T:ACTCT,54470,2551,128418,118050,111977,80830,80292,82362,85800,67684,58110,71974,72202,74717,37503,45347,49478,43664,50658,34316,34019,32383,14973,21265
T:ACTGA,61016,3116,136540,130988,123888,90957,89569,92231,94761,75510,63426,79018,76864,79955,42758,49268,53434,44338,49595,38754,31069,34288,16892,21717
T:ACTGC,52335,2489,131613,116328,107991,75997,78450,79740,87295,66484,60683,75479,72530,76200,36376,47037,52247,52555,61156,34400,47023,36136,16054,27610
T:ACTGG,49402,2391,112245,101401,97713,68441,69928,70269,75390,58052,52338,64455,65986,64514,31532,40088,44340,41307,47083,30015,33017,30266,14086,21696
T:ACTGT,55130,2855,125209,119831,113717,84032,81273,83637,86796,69401,57579,72533,70786,73538,39304,45381,49094,41570,46765,35901,29578,31386,15488,20051
T:ACTTA,51211,2748,107780,108218,103260,82046,75337,77778,77516,62889,48692,62686,60792,66199,37156,39615,40944,29396,34114,31474,17257,23702,12705,12841
T:ACTTC,50738,2740,113378,109219,103744,76709,74105,77475,78439,63163,52295,65862,65401,67302,35390,40947,44125,36793,42230,32272,25068,28416,14137,17546
T:ACTTG,48756,2180,110951,103006,98365,71030,70699,72323,75052,59625,50495,63532,62267,65883,32425,39539,42452,38658,44324,30226,30261,28718,13199,18541
T:ACTTT,82507,4344,179332,178421,167911,131069,121748,128120,128563,102835,81889,104580,99510,110711,59561,66863,69274,54531,64451,51677,38643,41708,21556,24913
T:AGCAA,76395,3932,164053,157121,149821,111404,107779,110152,115398,91044,76286,98074,92979,98290,50953,60870,64502,55070,62020,46351,38124,41306,20297,26008
T:AGCAC,46841,2003,119083,103123,96757,68471,70353,71212,77895,61239,55111,67683,67965,67827,32543,41540,45825,47524,53441,31055,39144,33148,15377,25688
T:AGCAG,60391,2843,152741,134152,125762,86119,89805,91052,99431,77954,70928,86762,90513,84569,40623,53064,58951,60041,68560,39622,46908,42798,20169,32663
T:AGCAT,53477,2668,116841,112276,106977,80510,76989,78720,81577,65376,53048,67955,67405,69192,36425,41165,43678,36520,41094,33391,24256,28370,14577,17544
T:AGCCA,69828,3166,173055,149665,141638,96867,100925,100605,112173,84769,79995,98784,98551,99449,44844,61865,68041,71480,80743,42996,62163,48641,22010,37233
T:AGCCC,38195,1462,107707,85115,79566,50360,56506,55155,65062,48884,50686,59206,65254,57144,23981,35880,40844,49273,56428,24690,47945,33282,14633,28699
T:AGCCG,10767,462,31178,24240,20643,14700,15829,15946,19812,14108,14941,17140,17420,17325,7233,10723,11723,16259,19775,6939,18934,9878,4467,9282
T:AGCCT,64996,2488,178148,145957,135317,91658,97309,98532,110979,82162,79156,97802,98297,100448,42142,61153,68667,75867,89541,41613,74643,49764,20962,40468
T:AGCGA,9325,369,24805,20441,17732,12789,13215,13761,16152,11864,11366,13712,13294,14480,6325,8753,9499,12046,14086,5922,13287,7244,3362,6110
T:AGCGC,5220,216,16147,12901,10429,7864,8622,8591,10658,8309,8213,9069,9625,8732,4033,5507,5892,8845,9818,3893,9698,5248,2529,4863
T:AGCGG,6510,260,18946,15041,12609,9078,9759,9873,12353,9118,9383,10587,11714,10204,4589,6461,7149,10532,11916,4517,11649,6227,3022,5629
T:AGCGT,5577,260,14995,13181,11168,8295,8924,8976,10556,7937,7189,9041,8819,8680,4389,5198,5900,7538,7957,4035,6908,4763,2545,3768
T:AGCTA,50908,2526,115504,105876,101014,73516,72106,73913,77839,60343,51779,65689,63814,69296,33694,42539,44979,40626,47105,30479,32700,28959,12945,19652
T:AGCTC,41899,1788,111003,93278,88781,60396,64130,64549,70648,54566,50764,61926,65486,61610,27959,37728,42769,44771,51783,27449,38104,31084,14001,23987
T:AGCTG,60920,2590,161794,136552,128514,87374,92429,93563,103722,78670,73838,89729,93481,91291,41276,55868,62894,67471,79325,39968,59349,46158,20187,35939
T:AGCTT,49354,2290,111450,105024,101018,74172,72138,73987,75921,60578,51122,64071,65339,65897,33806,39566,43183,36878,42935,30961,25757,28223,13723,17935
T:AGTAA,59357,3446,128468,128695,122070,97377,88516,92894,92602,75390,58179,74800,71554,78971,44022,47347,49119,34832,41090,38002,21939,28074,14808,15694
T:AGTAC,29812,1553,63847,61476,58101,44021,41842,43644,43882,35072,28986,35781,36090,37866,20062,23415,24765,18913,22264,17665,12641,14745,7204,8890
T:AGTAG,46611,2058,105833,95557,90359,67155,65011,67344,70588,54063,45694,56845,58097,63286,29849,37765,40285,35450,43952,26827,31493,25552,11460,17118
T:AGTAT,48676,2655,98621,100946,95173,77282,69608,72692,72122,58703,44171,56425,55626,60621,34284,36478,37967,24983,29569,29176,15710,20752,11180,10727
T:AGTCA,50434,2923,112512,107066,102310,74883,72855,75832,77584,62027,51785,65498,65346,66326,34634,40450,43467,37605,41975,31848,26778,28418,14325,17871
T:AGTCC,32959,1422,83796,71365,67495,46826,48730,49512,53268,40997,37907,46148,48304,46862,21906,28804,32286,32083,37371,20960,29338,22716,10395,16989
T:AGTCG,4384,176,10648,9211,8127,5742,6067,6453,7255,5618,5009,6078,6319,6460,2930,3800,4183,4979,5608,2779,4957,3191,1539,2627
T:AGTCT,48867,2254,115563,105224,101118,73096,72539,74403,77581,60451,51703,64658,65864,67181,33514,40915,44265,39009,46321,30785,31448,28464,13475,19175
T:AGTGA,67641,3032,157488,143747,134842,98730,97332,100303,107572,82625,71920,89779,88597,94451,45002,56112,60840,58630,67145,42474,51333,41641,19249,29022
T:AGTGC,39467,1809,102108,87849,81550,57519,59229,60094,66550,50246,46052,56594,57160,58925,26600,35759,39316,41492,48477,25920,37893,28088,12432,21619
T:AGTGG,51539,2123,123915,107425,102196,70157,72483,73901,80277,61478,55808,68469,71031,70577,32576,43005,47521,48551,55543,31772,43424,34274,15256,25124
T:AGTGT,43387,2269,95063,92090,87121,65575,63222,64639,66857,53684,43612,55654,55321,56438,29917,33356,36647,31381,35300,27684,24152,24181,12459,15016
T:AGTTA,47292,2711,99942,100703,96329,76744,69553,72918,72186,58803,45027,57987,56661,62153,34354,36867,37481,26859,31865,29849,16465,22291,11646,11713
T:AGTTC,46168,2194,105249,97285,92722,68550,66400,68914,70670,56512,47308,59575,59482,62542,31247,37318,40321,34775,41486,28394,26938,25827,12535,16550
T:AGTTG,38914,1849,80183,77254,74802,55629,53393,55616,56397,44782,36317,46044,46556,48557,24561,28578,30537,25052,28952,22731,18074,19806,9588,11209
T:AGTTT,73339,3929,156767,156730,149892,117804,107192,112294,112728,91574,70791,90676,88903,97342,52495,57396,60178,45826,53710,45946,31030,36018,18546,19960
T:ATCAA,69042,3855,135061,138388,131536,103573,94885,97892,100611,80717,62795,82455,76617,83466,46474,51129,53219,37827,43131,40753,22602,30268,16743,16972
T:ATCAC,54863,2866,124256,115416,108185,80075,78627,80637,86670,67161,57618,73329,68739,75318,37246,45196,48600,45880,52012,34039,38665,32241,15375,22496
T:ATCAG,50166,2652,108699,104257,100091,73527,71533,73571,75871,60225,50120,64225,63683,64810,33835,38720,42362,34975,40202,30701,24934,26950,13700,16780
T:ATCAT,65507,3528,132077,131288,126065,99724,91700,94853,96107,78071,60461,79063,75010,83413,44954,48273,50080,39315,43296,38427,26368,30367,15838,17125
T:ATCCA,55396,2734,121304,113382,108496,79500,78724,79048,84236,66295,55868,71112,70554,73093,36695,43553,47064,43499,46342,33568,32649,31730,15544,19968
T:ATCCC,46240,2017,112924,95026,90028,61995,65292,66004,71975,54216,50754,63222,63055,65286,28891,39105,43052,45272,53166,27624,43826,30665,13404,23379
T:ATCCG,5224,245,14184,11658,10441,7404,7853,8011,9282,6882,6368,7694,7858,8027,3581,4821,5400,6879,7715,3525,7108,3962,1895,3501
T:ATCCT,52535,2507,124031,111708,106348,77619,76705,78862,82805,64390,55030,69499,70754,72617,35573,43828,47445,42262,48522,32691,34117,30917,14155,20625
T:ATCGA,5880,299,12802,12306,11182,8292,8138,8658,9270,7210,6073,7744,7217,7880,4081,4629,5003,5093,5978,3795,4422,3450,1809,2523
T:ATCGC,7946,301,19368,16171,14474,10506,10710,11110,12835,9584,8983,11127,10408,11799,4932,7008,7429,9323,11161,4682,10415,5373,2486,4860
T:ATCGG,3995,251,9756,8422,7540,5445,5536,5723,6478,5163,4540,5653,5597,5563,2719,3335,3620,4359,4732,2553,4059,2807,1417,2166
T:ATCGT,6658,358,14655,13424,12420,9502,9189,9637,10491,8418,6763,8705,8054,9051,4514,5195,5784,5973,6570,4186,5320,3949,2025,2822
T:ATCTA,52045,2735,105001,106229,100731,80068,72982,75218,76076,61422,47480,61638,59632,64642,35908,38439,40274,27963,32796,30819,17433,22685,12269,12379
T:ATCTC,59727,2771,140195,125621,119643,86698,86211,88357,93530,72555,62217,79068,78602,83077,39656,49818,53695,50047,58943,36376,44110,35113,16426,24415
T:ATCTG,55261,2712,127879,118106,112529,82377,81201,83611,86839,67976,58388,72997,72815,74856,38362,44546,48867,43326,48776,34811,31707,32654,15557,21059
T:ATCTT,64441,3109,140243,138248,130851,101758,94858,99171,100235,80469,63238,80446,79773,85301,46285,51228,53933,40764,47467,40307,27306,32060,16454,17946
T:ATTAA,90760,5065,188924,199095,186608,154660,136278,143416,142248,115440,86115,113658,105769,119765,69823,70988,71687,48700,56340,58016,27766,39882,22922,20412
T:ATTAC,51965,2973,115882,114231,105841,83815,77427,81493,83718,65589,52423,67740,63775,72650,38198,43150,45178,37042,43629,33070,29411,26270,13426,16433
T:ATTAG,51929,2550,110777,109516,103528,81265,75485,77823,79485,63332,49871,64972,62605,69178,36133,40774,42752,33381,39971,31272,25210,25341,12768,15396
T:ATTAT,88350,4879,179251,186433,176900,149862,128242,136937,136743,110688,81128,104920,101983,115853,64676,65679,66906,45980,52737,54416,27990,37193,20598,18240
T:ATTCA,79033,4365,162265,163180,156211,122878,112133,116629,118668,97072,74641,96873,92851,100731,55405,59711,61490,46502,51286,47939,29115,36801,19615,20602
T:ATTCC,52549,2882,115331,109847,104973,77674,75713,78453,80010,63841,52416,67883,66402,69304,35680,41221,44556,36787,42045,32488,26004,28055,13861,16712
T:ATTCG,5745,288,12288,11716,10531,8091,7711,8208,8660,7150,5734,7313,6951,7613,3897,4300,4770,4684,4996,3557,3794,3199,1704,2075
T:ATTCT,82439,4391,180243,178289,169531,131263,122469,127348,129672,103123,81668,105045,102009,111077,59256,65883,69560,53088,63175,52428,38777,41782,21226,24276
T:ATTGA,49765,2457,92339,95153,93152,76045,66321,69067,70147,57134,41649,55720,54995,59131,32201,33595,34427,25012,28316,28164,16345,20617,11556,10271
T:ATTGC,39799,2030,82825,79583,76434,58867,55480,56616,58717,47239,37129,48715,47052,51806,25584,29686,31392,27624,30984,23243,21863,20362,10194,12057
T:ATTGG,36133,1694,68947,67365,66247,49975,47725,48679,50124,39532,31074,40550,40847,42680,21784,24617,26448,20976,24272,19963,15839,16528,8645,9145
T:ATTGT,54330,2927,104594,107009,104024,83927,74600,77573,78224,64132,47066,62397,60987,66538,36305,38094,39194,28985,32565,31614,18741,23382,13120,11996
T:ATTTA,104516,5709,216240,228301,214315,178915,156951,165945,164677,133786,97830,129638,121897,138820,78892,80193,81632,55725,64943,66317,33594,46348,25776,22734
T:ATTTC,87329,4897,179723,185664,175300,140236,127732,133342,134936,108684,82961,108291,102694,112817,63430,66275,69471,51325,58738,55054,30763,41359,22658,21617
T:ATTTG,77122,4099,151613,155806,150038,118846,108025,112059,113071,91974,69660,90014,87615,96165,52806,55438,57851,42925,47839,45978,27112,34960,18743,17671
T:ATTTT,168099,9278,355941,372928,349565,286486,252775,269417,272142,217902,163311,211259,198276,229919,128438,132376,137509,102434,121509,108806,72589,79460,43397,44151
T:CACAA,70587,3900,149012,146093,138815,103274,99468,102017,106584,84781,71000,90735,86077,90560,47785,55364,59819,50183,55489,42766,36690,37860,19344,24414
T:CACAC,73921,3498,180702,161470,146420,104939,107050,109392,126612,96026,86160,109149,100968,104499,52080,62067,69606,74338,82554,49947,63484,51166,27008,39043
T:CACAG,71053,3436,182029,160337,149966,104610,108100,108906,122428,95831,87427,106992,107700,101759,51030,62543,71009,74406,81076,49047,61539,52704,25379,40850
T:CACAT,70691,4116,149571,145805,140390,105125,101020,103237,108789,86496,70602,90813,86692,90531,48460,54179,58264,49369,54205,44058,38292,38023,20223,23789
T:CACCA,67239,3134,167282,145850,137072,95041,97602,99619,112284,85044,77573,96687,94669,97227,44733,59858,65930,70228,81436,42403,65379,47520,22217,37898
T:CACCC,42624,1818,118313,93938,85685,56728,61711,62012,74092,54820,54835,65314,68623,64296,27797,39420,44296,55147,62983,27421,56615,36251,16509,31383
T:CACCG,9428,420,27136,21614,18373,13502,14300,14871,17873,13320,13051,15168,15633,15292,6841,9446,10242,14787,16662,6513,16247,8463,4161,8036
T:CACCT,56331,2610,150271,126300,117061,79529,84013,85800,96559,72848,68769,83801,84876,84904,38160,52439,58461,65041,74604,36966,62311,44127,19157,35013
T:CACGA,9647,481,24241,21351,18667,13553,14216,14637,16877,13012,11643,14469,13280,14213,6837,8679,9664,11912,13221,6395,11583,7252,3850,6261
T:CACGC,13619,498,38916,30923,26150,18719,20190,20468,25723,18783,18672,22338,21084,22361,9938,13494,14754,20812,24758,9474,23829,12230,6019,11746
T:CACGG,10121,502,29517,24449,20541,15037,15791,15651,20249,15137,15176,17552,17358,16745,8056,10043,11331,17446,18349,7771,17033,9910,5437,9426
T:CACGT,11978,512,28791,26444,22859,16882,17456,17599,21316,16566,14348,18075,16996,16984,9077,10274,11418,14711,15413,8291,12819,9346,4984,7376
T:CACTA,40532,2186,87549,84939,80135,60807,57865,59746,61144,48196,40218,50664,49462,52660,28035,32165,34024,26985,31063,24681,18736,20597,10231,13046
T:CACTC,47709,2025,122233,105533,98022,67997,69825,72560,80187,61327,56109,68742,68936,70549,32448,41982,47265,50101,57326,30445,46579,34173,15926,26596
T:CACTG,72043,3298,181835,160240,149603,104224,107625,108736,120348,91692,83736,104131,101936,103476,49802,64246,71664,73169,82913,47532,64176,50731,23135,38534
T:CACTT,66787,3101,155357,142650,134526,97936,96668,100131,104066,81530,70785,88989,86200,92836,45352,55711,60016,55881,63521,41909,45055,40250,18661,27255
T:CATAA,62479,3707,126803,131215,125121,100737,90547,94982,95668,77209,59209,77135,72210,80765,45005,47828,49256,34149,39583,38866,21474,27661,15312,14942
T:CATAC,38118,2006,77693,76920,73000,55277,52796,54215,55246,44399,36028,45941,43849,47112,25262,28427,30451,23130,26495,22196,16017,18308,9301,10828
T:CATAG,39365,1845,80510,75793,74549,56809,53285,55071,55651,44973,35785,45904,47113,48882,24992,28721,30129,24173,27891,22089,18740,18771,9582,10987
T:CATAT,67438,3535,129305,134770,129868,104768,93337,96908,97476,79310,58771,77198,73752,82140,47011,48158,49561,33360,38892,38921,21011,27781,15459,14010
T:CATCA,61811,3283,129347,124922,119558,88373,85840,87443,92545,73785,61083,78858,75450,78811,40827,46434,50485,44217,48475,37084,31862,33774,16852,21558
T:CATCC,41092,1797,102327,88091,83497,57363,60406,60610,67265,51549,46819,58429,60700,58783,27738,35024,38564,42134,44965,26747,36484,29140,13398,21606
T:CATCG,5878,269,14211,12793,11232,8443,8284,8587,10006,7958,6700,8625,8252,8147,4081,4848,5311,6664,7082,3822,5792,4204,2182,3401
T:CATCT,64873,3028,153924,138635,132136,95028,94870,97619,102350,80381,69610,87568,87377,89009,44693,53834,58557,54822,61440,40806,42907,39913,18776,26775
T:CATGA,57611,3091,127388,121731,116803,86949,83983,86167,90406,72266,58537,76324,73100,76664,39659,46320,49509,44579,48195,36825,33742,32961,16835,21088
T:CATGC,46146,2118,110757,100311,93008,65724,66940,67738,74527,58220,50967,65333,62930,64721,30954,39600,43014,44509,49236,29899,37499,31377,14095,22626
T:CATGG,55432,2629,129575,114710,109303,76343,78222,78879,86295,67617,60106,75458,74879,74647,35912,45418,50538,51671,57494,33975,44540,36477,17321,26639
T:CATGT,60911,3049,130446,125707,120177,89786,85885,88738,92493,74738,60227,76430,75556,79279,41268,46575,50213,44813,48976,37248,34002,33431,17147,21044
T:CATTA,59172,3446,120505,124529,117615,95024,85938,89748,89651,72556,55376,72349,68976,76004,42959,44743,46391,33056,37203,36479,19059,26431,14342,13605
T:CATTC,57754,2906,124862,118819,114198,85155,82552,84890,87240,70298,57336,74013,72263,75074,39055,44627,48229,40314,44960,35263,30062,30635,15272,19072
T:CATTG,44673,2187,87193,85544,83634,64086,60252,61308,62909,51344,39916,52582,51935,54942,27951,31003,32961,27867,30706,25489,20641,21817,11037,11991
T:CATTT,110300,5697,223812,230568,220612,172062,158625,165177,166496,135088,104760,134823,129054,140472,78687,82254,86419,65404,73420,68134,39388,52997,27948,27851
T:CCCAA,60794,2736,148141,128201,121241,82213,86314,87380,95704,71793,67763,84113,84067,84807,38574,52674,57904,58683,67652,36954,51889,40842,18161,29711
T:CCCAC,48356,1934,132531,106272,99576,65937,70667,71062,83361,62142,61845,73463,78165,71503,31698,44040,50050,59252,67024,31272,59933,40265,18231,33947
T:CCCAG,82997,3319,243336,188631,173922,111767,124371,123505,146776,106960,111389,132076,138253,133408,53030,81995,92682,114500,134469,53213,122126,73289,30192,64297
T:CCCAT,47992,2163,112671,97673,95160,65042,66901,67629,72930,57147,51706,64101,66730,64635,30052,38770,43864,44124,48253,28879,38447,31110,13947,22547
T:CCCCA,57782,2200,156810,123799,115677,74467,81894,82170,94947,70541,72971,85665,93591,84434,35276,51685,58676,70311,81296,35588,73522,47830,20699,40306
T:CCCCC,31879,939,85362,64634,58616,38170,42441,42922,50839,36624,39547,44585,51093,45222,18450,27473,30470,39983,48556,18390,48518,27161,11658,23282
T:CCCCG,12347,343,36761,26750,21595,15561,17526,17164,22814,16334,18268,19195,21787,19504,8316,11938,13103,20930,24604,8046,27657,12574,6082,11959
T:CCCCT,40007,1436,106761,85023,79242,50727,55871,56545,63949,48366,48369,57198,63844,56458,23838,34300,39657,45308,54040,24149,47798,32547,13972,26285
T:CCCGA,8273,315,23511,18344,15545,10681,11842,12158,14950,10813,11153,12785,13208,12860,5431,7938,8802,12465,14455,5446,14181,7477,3615,6713
T:CCCGC,11257,368,34153,25326,20206,14649,16264,16171,21056,15242,16561,17353,19804,17977,7322,11144,12254,18967,23095,7241,25531,11079,5255,10962
T:CCCGG,14697,385,45131,33188,27295,19116,21700,21375,27638,19060,22059,23612,25455,24967,9924,15069,16520,25027,30814,9485,32439,14646,6710,14380
T:CCCGT,8330,307,22646,17936,15433,10858,12103,11883,14783,10607,10935,12715,13118,12896,5742,7607,8789,11928,13907,5490,13769,7211,3421,6746
T:CCCTA,32353,1459,73494,64949,62658,43513,44317,45420,47044,37017,32618,40978,42624,41989,19767,25360,28022,24866,29307,18767,19834,18908,8504,12709
T:CCCTC,45026,1552,121592,96983,90115,58384,64439,65399,74422,55386,55701,65709,73383,65072,27742,39396,45473,51756,62210,28674,55264,36700,16137,30203
T:CCCTG,49945,1980,142296,113650,105659,67431,75409,74105,86940,66437,66706,79064,86164,74876,32257,46216,53826,64555,73778,32950,63887,44525,19508,37690
T:CCCTT,47051,2001,109676,95194,92551,62136,65414,66297,69319,54433,48973,59987,64550,61636,28841,37138,41743,39480,46119,27900,31744,29473,13380,20301
T:CCTAA,43963,2128,96721,93093,87839,66204,63921,66041,67333,53318,43798,56409,55355,58212,30518,35035,37526,29240,34172,27489,19360,22948,11495,13876
T:CCTAC,29460,1495,68076,60867,58527,41107,41371,42659,44138,34956,30937,37567,39286,38557,19213,23897,26110,23207,26555,17617,17470,17199,7830,11869
T:CCTAG,34487,1676,79143,69663,67363,46354,48079,48400,50952,39457,35138,43705,46642,44970,20872,27863,30757,27765,32740,19984,22249,20461,8810,14341
T:CCTAT,37204,1788,80570,75762,72259,55088,52254,53553,54851,43497,35654,45412,45744,47716,24839,28874,30667,23898,27796,21894,16755,18652,8870,10963
T:CCTCA,65930,2829,170780,142361,135589,90890,96436,97988,106920,80827,76180,92812,97220,95665,42866,58249,65625,68577,79481,41393,65513,47862,20514,36950
T:CCTCC,71757,2417,205355,160815,145508,95840,104592,107653,126283,91187,90345,109172,115927,113205,45245,67999,77804,93239,112939,46154,102696,60209,25408,52013
T:CCTCG,11318,379,31738,24700,20844,14630,16138,16255,20075,14703,15039,17320,18025,17441,7253,11030,11895,16844,19937,7053,19949,9908,4528,9464
T:CCTCT,59904,2472,154441,130039,123883,83576,88822,89902,97110,74171,68783,84372,90905,85568,38975,51512,59162,59137,69173,38265,51915,42728,18317,31804
T:CCTGA,57803,2742,147419,125969,119187,81493,85558,86863,94838,72625,66240,82923,84075,83374,37713,50539,56298,59255,68860,36549,55100,41154,18408,31507
T:CCTGC,47136,1935,138454,112719,102831,67640,74706,73544,86943,65869,64186,77175,82590,74700,32410,45593,54283,64143,73897,32832,61607,42904,19277,37142
T:CCTGG,70819,2604,207196,162462,148306,96040,107431,106024,125186,91932,94941,112110,118097,111805,45120,69356,79296,96848,113624,46020,102862,63149,26061,54839
T:CCTGT,57821,2631,146985,125683,117626,80599,84218,86089,95189,72600,67245,82706,82619,84377,38215,51178,56787,61800,72256,36711,60560,41425,18729,32858
T:CCTTA,38108,1943,83373,80313,76670,57083,55492,57151,57077,45859,37567,47396,48232,49778,26090,29902,32103,25090,29352,23067,17279,19636,9520,11754
T:CCTTC,53002,2115,131472,113213,108064,74010,76775,79098,83689,66028,58681,72282,77084,73235,34726,43913,49841,48269,57055,33697,39899,35863,16459,25418
T:CCTTG,45412,1829,109102,94783,90782,61774,64776,64959,69737,53948,49232,59880,64608,61608,28228,36957,42117,41607,47873,27625,34945,30545,13380,21568
T:CCTTT,67068,3230,147099,139017,133944,98292,96099,99485,100648,80160,66137,83491,85016,87022,45285,52089,57082,46164,54223,41407,31545,36094,17898,21473
T:CGCAA,6014,336,13885,12807,11466,8449,8634,8891,9899,7761,6993,8568,7960,8399,4193,5126,5590,6529,6937,3867,5715,4072,2057,3183
T:CGCAC,7247,274,19757,15702,13408,9945,10290,10436,13565,10118,9769,11514,11423,11281,5110,6790,7421,10947,12409,4962,12100,6480,3318,5887
T:CGCAG,8187,362,24947,19904,16447,12103,12842,13034,16807,12630,12394,14042,15212,13468,6316,8440,9213,14136,15458,6066,15697,8334,4240,7742
T:CGCAT,5794,295,13756,12141,10997,8398,8213,8611,9460,7577,6716,8376,7996,8121,4095,4833,5261,6481,6936,3767,5811,4070,2212,3181
T:CGCCA,11453,488,31584,25259,21572,15277,16814,16466,20401,14754,15018,17238,17081,17864,7677,11096,12118,16001,19650,7297,18940,9522,4631,9226
T:CGCCC,12409,361,37585,28354,23150,16674,18633,18202,23455,16401,18378,19361,21478,20698,8455,13115,14149,20695,25571,8104,28275,12147,5534,11995
T:CGCCG,3483,123,10811,8383,5835,4982,5475,5582,6927,5039,5394,5508,6338,5646,2640,3743,3886,6179,7416,2494,8842,3679,1713,3588
T:CGCCT,15927,567,45557,35470,29921,21183,22804,23430,27902,19731,20754,24230,23837,26182,10439,15708,17252,23299,28813,9844,28825,13599,5966,13275
T:CGCGA,1992,69,5189,4162,3317,2592,2862,2938,3453,2475,2538,2721,2865,3083,1282,1832,1986,2909,3515,1265,3871,1686,852,1552
T:CGCGC,4514,113,13214,10239,7960,6226,6900,6911,8376,6169,6486,6918,7467,7181,3059,4669,4849,7050,9135,3294,10380,4286,2015,4316
T:CGCGG,3735,103,11731,8872,6423,5301,5858,6010,7561,5610,5779,6091,6680,6161,2900,3922,4228,6769,8063,2708,9590,4001,1992,4029
T:CGCGT,1613,73,4415,3506,2611,2159,2461,2550,3225,2410,2232,2579,2633,2422,1263,1701,1565,2733,3122,1094,3408,1624,896,1470
T:CGCTA,4154,195,9644,8719,7855,5807,5858,6059,6876,5281,4559,5823,5540,5719,2873,3439,3820,4277,4549,2751,3533,2695,1363,2095
T:CGCTC,7182,274,21596,17135,14218,10109,11179,11498,14007,10482,10389,11705,12584,11892,5067,7336,8323,11455,13935,5067,13011,6789,3254,6462
T:CGCTG,8145,356,24306,19359,16273,11730,12839,12885,16239,12355,12118,13940,14665,13197,6059,8084,9151,13485,14899,6033,14373,8090,4068,7460
T:CGCTT,8285,319,20904,17407,15444,10839,11503,12218,13791,10322,9690,11900,11579,12275,5431,7254,8047,9978,11916,5230,10485,6008,2809,5002
T:CGTAA,5825,347,13397,13470,12359,9334,8919,9322,10010,8156,6576,8454,7567,8327,4604,5106,5509,5210,5511,4048,3497,3465,1974,2354
T:CGTAC,3547,218,8192,7753,6660,4934,5107,5196,5786,4676,3999,4863,4774,4866,2542,2939,3336,3684,3970,2287,3139,2324,1121,1791
T:CGTAG,4556,226,10516,9175,8475,6063,6184,6488,7125,5615,4906,5864,6320,6008,3033,3697,3954,4602,5173,2729,4585,2999,1507,2265
T:CGTAT,6516,372,13298,13638,12610,9574,9152,9519,10250,8199,6227,8304,7476,8299,4894,4876,5598,4746,5168,4080,3296,3169,1826,2019
T:CGTCA,5904,444,14646,13127,11304,8417,8873,8873,10648,8259,7325,8892,8867,8728,4391,5084,5656,7415,7815,4036,6830,4634,2426,3721
T:CGTCC,5588,186,15990,12819,10406,7533,8476,8380,11065,8263,7973,9187,9771,8882,4300,5331,5917,9077,10095,4080,10560,5476,2909,5152
T:CGTCG,1402,46,3451,2764,2113,1635,1796,1822,2337,1776,1833,1863,2154,1897,846,1253,1315,2127,2356,907,2788,1306,621,1168
T:CGTCT,10833,417,28363,23576,20844,15075,15754,15857,18519,13855,13357,16207,15404,16635,7551,9698,11174,13272,16426,7003,15025,8612,3950,7293
T:CGTGA,11295,574,29126,25402,22420,16270,16767,17174,20217,15166,13544,17002,16114,17430,7902,10654,11360,14442,16786,7550,15072,8722,4432,7775
T:CGTGC,8162,296,22071,18537,15565,11208,12012,12337,15197,11632,10726,13015,12801,13018,5763,7765,8657,12115,13385,5629,12419,7304,3640,6511
T:CGTGG,10783,441,30224,24690,21082,15035,16250,16670,20339,15157,14791,17598,17589,17089,7819,10587,11653,16867,18908,7474,17952,10040,5034,8989
T:CGTGT,8460,342,20670,18706,16438,12025,12285,12773,15092,11857,9883,12875,12349,12183,6447,7152,8159,10316,11006,6150,9654,6525,3781,5408
T:CGTTA,5334,398,11118,11176,9987,7856,7417,7630,8217,6735,5383,6845,6287,6848,3756,4074,4413,3996,4529,3473,2819,2867,1600,1820
T:CGTTC,5632,224,13462,12268,10375,7838,8129,8571,9298,7331,6512,8004,7926,7973,4001,4677,5298,6287,7046,3767,5540,4154,2074,3049
T:CGTTG,5351,240,12050,10472,9842,7123,7441,7560,8258,6594,5742,6966,7187,7274,3456,4112,4776,5499,6169,3323,5316,3685,1776,2604
T:CGTTT,9204,509,20078,19579,18022,13873,13159,14160,15071,12079,9643,12414,11412,12521,6802,7303,8187,8310,8892,6373,6203,5469,3040,3657
T:CTCAA,71271,3357,165438,150006,142898,102317,101803,105035,110569,85700,74589,94997,91089,98342,47441,60136,64690,59880,68256,43575,50347,42129,18861,28911
T:CTCAC,56166,2516,146426,123675,115241,79901,82834,85591,95165,71174,66133,81455,82676,83562,37738,50393,56645,61199,70288,35803,59017,41056,18965,32331
T:CTCAG,70344,2993,190453,157623,149813,100380,106784,107737,119263,90520,85770,104040,109104,105508,46766,64197,72794,78277,90922,45909,73997,54005,23152,42514
T:CTCAT,58201,2638,130609,121044,116592,85404,83695,85938,88864,71331,58812,74794,75923,77303,39234,45833,49530,44356,49721,35828,33742,33455,15980,21293
T:CTCCA,68914,2920,180798,152438,142373,97040,102149,103720,114859,87613,82000,100857,103652,102077,45708,62312,69204,72813,86823,44020,70912,50877,22591,39995
T:CTCCC,64956,2333,181103,142902,131319,86166,93845,96372,111171,80899,80934,97404,103521,100064,40655,60100,68877,80482,96855,41321,85314,52747,22350,44263
T:CTCCG,10379,429,30786,23901,20499,14047,15654,15934,19395,14302,14423,16786,17425,16879,7264,10151,11629,15585,19351,7020,18697,9528,4478,8825
T:CTCCT,73302,2924,195111,162624,150397,102095,108065,111683,123932,92214,85864,104935,111198,108920,47775,65288,76028,79531,95620,47096,78674,54029,23128,43068
T:CTCGA,8418,324,21533,17851,15992,11106,11775,12201,13973,10279,9919,11982,11922,12764,5283,7600,8411,10429,12320,5189,11302,6431,2795,5461
T:CTCGC,7392,229,20362,16496,13688,9690,10792,10894,13291,9697,9748,11399,11878,11441,4868,7029,7814,10744,12742,4852,12660,6343,2960,6071
T:CTCGG,13698,486,38809,30245,25247,17609,19510,19737,24285,17367,18023,20640,21204,21857,8592,13372,14658,20735,24806,8559,24272,11802,5253,11321
T:CTCGT,7032,308,18124,15527,13706,9846,10435,10676,12178,9385,8635,10274,10429,10534,4803,6447,7108,8466,9949,4704,8861,5424,2639,4597
T:CTCTA,51125,2351,120125,108622,103669,75876,74308,77111,79796,61816,53157,67049,66340,70317,34710,43070,45698,40287,48185,31782,32717,29475,13586,19832
T:CTCTC,60578,2346,147692,128189,121427,84005,87197,89497,96461,73987,66720,81648,87003,82781,39077,49425,55989,55340,63806,37798,49313,39724,17881,28717
T:CTCTG,70515,2999,185900,156329,149083,100786,106896,106429,117489,90298,84876,102805,108779,102692,47212,62261,70992,74195,85611,46288,66940,52604,22876,39831
T:CTCTT,66175,2960,152521,140959,135690,98965,96649,100930,102354,81225,67514,84640,87930,90138,44839,53343,58461,49079,57697,41049,36382,37402,17874,23169
T:CTTAA,57779,3182,124135,126126,119385,94749,87850,90484,90382,72871,56904,72913,69881,77156,42935,46234,47506,34679,40046,36685,19860,27579,14882,15111
T:CTTAC,33616,1781,75483,72359,68521,51652,49568,51732,51408,41551,33736,42299,42779,44674,23764,27075,28921,22314,26290,20868,15311,17632,8707,10481
T:CTTAG,34542,1598,77194,73390,70676,52233,50922,51709,52652,42390,34732,43834,44654,45562,23912,27436,29515,23628,27350,21325,15639,18619,9045,11088
T:CTTAT,48366,2617,99603,100164,96825,77225,69951,72712,72483,59486,44712,57407,57631,62190,34303,36226,37434,26423,30944,29425,16631,21628,11622,11487
T:CTTCA,67216,3643,149554,141501,134803,100182,96416,100574,102766,82420,68254,85568,86175,87545,45911,52735,57607,47332,55151,41759,33263,36749,18309,23185
T:CTTCC,61794,2483,154714,134309,126948,87616,91317,94162,99448,78458,69254,86151,91129,86962,41420,52084,59193,57553,67120,40418,46913,42488,19674,29573
T:CTTCG,6231,273,15229,13385,12247,8844,9079,9490,10289,8157,7198,8932,8823,8922,4420,5361,6037,6729,7847,4067,5990,4469,2233,3394
T:CTTCT,74169,3432,173208,159949,153032,111325,108628,113312,115576,92062,77190,96481,101120,100149,50924,60001,66207,56002,66323,46813,40138,43472,20904,27368
T:CTTGA,56570,2359,129391,118205,111726,80916,80255,82614,87077,67504,58398,73049,71638,77701,36636,46496,49601,47755,55138,34105,40783,33658,15139,22177
T:CTTGC,36631,1622,89101,78750,75716,52810,54011,54834,58012,45495,40100,49472,51488,50891,24165,30368,34184,33366,37403,23228,26632,24072,10917,16598
T:CTTGG,48735,1960,120624,103237,98900,66816,71091,70890,76264,59088,54055,66542,69920,68005,30752,41376,46710,47118,55384,30278,41200,34043,14692,24450
T:CTTGT,43486,2075,95357,90141,87127,63104,62221,63785,65698,52051,42946,54170,56142,57155,28987,33665,37029,31777,37022,26705,24543,24421,11745,15194
T:CTTTA,65498,3547,138836,140820,134870,106021,96738,102092,101406,81622,63123,80698,78458,85839,48169,51569,53491,37915,44475,41427,22269,30320,16588,16558
T:CTTTC,69492,3287,155653,147580,141125,104322,101354,105646,107258,85897,69780,88352,89605,91748,47908,54391,58561,49142,56832,43800,34033,37742,19067,22227
T:CTTTG,69345,3440,152050,142282,137321,101117,98967,100804,104358,82988,69323,86804,87744,90668,45590,54570,59200,51307,60105,41692,39810,38784,18380,24570
T:CTTTT,103974,5049,221177,222026,211634,165089,151883,160321,160849,128129,101119,128380,124848,136863,73793,81077,86202,65506,77691,65027,44113,51350,26748,28525
T:GACAA,52550,2886,109599,106727,101955,74792,72550,74414,78186,61969,51593,65439,63299,65653,34035,40560,43075,36181,40671,31732,25766,27765,13606,17526
T:GACAC,36361,1980,84697,76766,71602,51733,51948,52594,58827,45971,40534,50361,49427,48656,24956,29561,32532,33861,36550,23339,29658,24084,12050,17835
T:GACAG,52586,2488,135359,115566,107470,74276,77644,78634,88446,67293,62211,76080,76979,76585,35343,46852,51931,55441,63193,34645,52104,37668,17380,30027
T:GACAT,44737,2242,92139,89906,86877,65061,62729,63883,66684,53327,42731,55382,53913,55415,29741,33043,35596,30260,32819,27037,21758,23077,12021,13973
T:GACCA,38803,1594,96216,83962,78366,54167,56467,57176,63150,47571,44611,55283,54203,55144,24979,34173,37731,39459,45618,24278,37483,27093,12331,20749
T:GACCC,23629,963,65392,52504,48973,32140,34845,35149,41236,30820,31143,36594,38983,35368,15340,21947,24670,30449,33811,15425,33004,20431,9387,16898
T:GACCG,3907,160,10893,8734,7411,5311,5735,5850,7079,5329,5251,6137,6434,6026,2833,3546,3933,5637,6303,2565,6207,3456,1752,3005
T:GACCT,33550,1500,82666,70866,67217,45948,48407,48758,53398,40901,37555,45978,47741,46883,21493,28383,31860,33061,38522,20957,30996,23228,10511,17756
T:GACGA,5474,245,13157,11635,10534,7662,7694,8081,9268,7229,6253,7745,7884,7793,3938,4569,5139,6425,6683,3584,5587,3849,1967,3154
T:GACGC,4369,251,12775,10374,8466,6422,6866,6813,9300,6688,6498,7517,7567,7145,3616,4340,4795,7666,7839,3198,8228,4385,2387,3920
T:GACGG,8292,245,23527,18550,15871,11350,12427,12483,15487,11216,11216,12932,13152,13349,5730,7851,8780,12658,14771,5585,14464,7479,3555,6887
T:GACGT,5531,337,13091,12010,10505,7936,7819,8186,9990,7637,6522,8149,7973,7900,4080,4642,5082,6798,7067,3726,6041,4131,2340,3269
T:GACTA,30571,1477,66793,63611,60620,44998,43269,44768,45918,36234,30038,37601,37390,39940,20702,24143,26100,20690,24751,18125,15608,15596,7402,9939
T:GACTC,30981,1387,78813,67520,63523,43623,45769,46688,50899,39514,36204,44943,45488,44594,20992,27416,30667,31895,36809,20003,29683,22204,10168,16816
T:GACTG,37248,1773,89640,80221,76124,53363,54767,55447,59520,46007,41080,50400,51675,51091,25010,31214,34896,33303,38179,23698,27590,24303,11256,17846
T:GACTT,41328,1946,89552,85579,82900,61549,60153,60796,62285,50751,41181,52014,52049,53415,28036,32119,34264,28732,32627,25358,19847,22493,11453,13583
T:GATAA,51641,2779,104257,104739,100409,79613,72443,74885,75957,61564,47007,61489,59860,64810,35336,38431,39726,28673,32445,30739,17405,23047,12475,12537
T:GATAC,28084,1544,56324,55766,53921,40847,38412,39701,40409,32439,26244,33187,32644,34719,18649,20650,22454,17075,19504,16439,11528,13338,6800,7738
T:GATAG,29465,1321,57784,55218,54651,41144,38336,39434,40492,32353,25647,32255,34523,35427,17806,20563,21583,17132,19926,15896,12591,13609,6767,7575
T:GATAT,45501,2557,86429,89882,86582,69710,63020,64633,64969,52991,39171,51299,50897,55416,30259,31680,33192,22377,25836,26101,14183,18742,10271,9266
T:GATCA,44450,2074,101203,91668,85830,62639,62016,63736,68035,52641,45994,58541,56018,60642,28722,36498,39386,37677,43539,26611,33438,25866,11976,18458
T:GATCC,26469,1144,65961,55977,52311,36349,37830,38512,42649,32159,29068,36061,36988,38076,16866,22497,25183,26804,30668,16312,25700,18167,7912,13314
T:GATCG,6501,261,16661,13342,12264,8666,9060,9396,10823,7771,7529,9081,8710,9974,4045,5979,6391,7729,9537,3932,9247,4703,2118,4176
T:GATCT,39222,1664,90601,81856,77487,56319,56215,57264,60495,47126,40274,50825,50885,53721,25561,31954,35291,32269,38144,23529,27971,22916,10615,15631
T:GATGA,48881,2331,106901,99374,95556,70393,68885,70312,73849,59858,49233,61545,62812,63695,31953,37116,40656,37283,40534,30070,27820,27531,13729,17630
T:GATGC,28657,1345,66595,60962,58279,40698,41730,42193,46025,35873,31763,39701,39741,38440,19419,23263,26095,26379,28973,18500,20984,19207,9127,13464
T:GATGG,47018,1898,110755,95288,91492,62814,65334,65716,73062,55379,51026,62029,64499,64716,28788,38001,42574,46531,52015,27994,43618,31820,14108,23958
T:GATGT,37726,1937,79616,77071,74611,54885,53927,55369,57488,45859,37162,47780,47162,48376,25538,28382,31165,28030,30200,23493,21259,20963,10829,12726
T:GATTA,46318,2150,103851,99453,93822,72711,68074,70657,73230,56750,45940,58935,57111,64266,32194,38035,39898,34146,40252,28488,27875,23647,11642,15348
T:GATTC,36505,1789,81666,76808,73870,53963,52565,54268,56405,44805,37342,47333,46874,48868,24135,29223,31365,28341,31953,22639,21918,20639,9905,12910
T:GATTG,29923,1348,61366,58152,56513,42584,40554,41547,43317,34130,27173,35442,35213,37548,18369,21903,23440,20642,23457,17072,17006,15067,7800,9219
T:GATTT,62537,3138,127763,130332,125150,98512,90667,94279,95397,77580,58813,76562,73232,80471,44208,46651,49742,37100,41927,38768,23373,29579,16060,15328
T:GCCAA,49949,2279,117240,104487,99096,69298,71258,71472,76976,58884,54297,68047,65711,68258,31745,42413,46162,45957,52129,29897,37680,31880,14461,23061
T:GCCAC,44963,1827,122292,102164,92932,63047,67021,67052,79238,57858,57893,68762,69181,69397,30306,43536,47847,57225,66271,29566,57587,37068,16679,31588
T:GCCAG,50347,2091,142391,114049,105570,68638,75837,74111,86606,64495,65801,77583,82216,76652,32055,48380,54769,63546,73820,32566,60787,42726,18115,36450
T:GCCAT,42187,1963,94091,85843,82853,57953,59007,59365,64052,49982,43632,54690,55170,55288,26829,33382,36539,35745,40015,24920,28677,25842,12263,17741
T:GCCCA,46526,1912,132071,104678,98164,62699,69367,67975,80860,59498,61574,72221,77006,70996,29718,44633,50774,60656,69522,29666,60099,40042,16665,34488
T:GCCCC,29329,1025,88563,65760,58916,37320,42654,41398,51650,38306,42597,46856,55134,45077,18168,28279,32453,44797,52394,18516,52419,29908,12844,27086
T:GCCCG,10673,333,32561,24354,19872,13852,15794,15314,20065,13956,15747,16986,18516,17712,6989,10948,12109,18071,21792,6845,22591,10455,4621,10468
T:GCCCT,33711,1305,92805,74536,69984,44415,50159,49165,56080,43394,43688,50856,56751,48796,21277,30507,35282,40682,46787,21853,38460,28199,12505,24381
T:GCCGA,9778,405,26806,21075,18207,12872,13687,14191,16825,12018,12467,14605,14341,15223,6191,9338,10087,13434,16565,6025,15713,7947,3489,7588
T:GCCGC,7349,298,22221,17296,13036,10076,11245,11106,14089,10311,11258,11766,13134,11468,5274,7576,8206,12695,14550,4859,15984,7693,3570,7305
T:GCCGG,9708,301,30697,22984,18344,13311,14650,14453,19344,13455,15108,16014,17712,16560,6790,10147,11179,17164,20886,6480,21776,10058,4577,9908
T:GCCGT,4557,224,12916,10502,8810,6365,7013,6966,8697,6754,6387,7533,7961,7205,3457,4336,4935,7303,8011,3347,7912,4406,2294,3930
T:GCCTA,27621,1258,64391,57406,55312,39052,39236,40104,41682,32169,28848,35761,37069,36969,17732,22582,25089,22001,25868,16331,16908,16279,7023,11316
T:GCCTC,55829,2154,163333,128805,117437,77822,85420,85499,100518,72689,72476,87823,90641,91281,36491,55334,63050,76516,90808,36350,81212,47893,19719,41978
T:GCCTG,63342,2259,180873,143915,131106,86445,95200,94005,110011,81047,81930,98667,100465,99926,40267,61572,68936,84030,99070,40633,89015,53740,22517,47197
T:GCCTT,39495,1643,96402,85334,80493,56209,57967,59015,62365,48872,43536,54093,56913,54113,26110,33028,37393,35617,41284,25104,29118,26262,11888,18579
T:GCTAA,40832,2228,93250,87828,83137,61245,60099,61209,64768,50121,42390,54082,52324,56390,28244,34361,36717,32282,37649,25685,25106,23066,10795,15333
T:GCTAC,30206,1317,71089,63419,60189,42531,43010,44024,46984,36162,32520,40488,38892,42178,19907,25862,27936,27422,32037,18642,23532,18967,8501,13950
T:GCTAG,24930,1100,56193,49684,49023,34129,34648,34626,36255,28676,25155,30743,32694,32133,15236,19696,21460,19059,22323,14629,14090,14090,6067,9506
T:GCTAT,34229,1663,71456,68933,66914,51228,47968,49695,50754,40590,32035,41477,40921,43253,23434,26003,27176,21527,23732,20285,13912,16850,8065,9835
T:GCTCA,52235,2243,139947,116086,108567,73522,77802,78807,88156,66256,63024,77343,77976,79420,34489,47783,53747,60331,68936,33612,56817,39795,17015,31777
T:GCTCC,32151,1347,92718,74560,67919,45127,49713,49431,56874,43172,43125,50404,55639,48586,21456,30424,35593,40021,48281,21679,38914,27786,12478,23644
T:GCTCG,5262,165,14612,12062,9793,7037,7924,7745,9631,7239,7379,8102,8831,8170,3480,5075,5688,8006,9207,3517,8847,4811,2260,4382
T:GCTCT,42522,1740,110582,94532,89848,61574,64594,65786,70865,54761,50621,61113,65188,61174,28641,37571,42592,42837,50419,28099,35354,30740,13913,23007
T:GCTGA,53140,2352,135971,117235,110515,76068,79811,80440,88778,67163,62430,77259,76872,78392,35832,47512,53043,56178,65440,34464,51235,38400,17083,29550
T:GCTGC,37513,1642,102468,85664,78888,53588,57424,57467,66229,50544,49017,57963,62316,56639,25950,34948,39911,46428,53020,25938,40156,31625,14541,26316
T:GCTGG,64299,2573,185198,146220,133738,87704,97466,97310,114888,82870,83109,98921,104568,102652,41406,62927,71814,86769,103825,41852,91052,55007,22807,47049
T:GCTGT,38529,1696,95200,84955,80709,56533,58154,58795,64237,50303,44609,54911,57048,53854,26937,32517,37099,38431,41872,25888,30649,27375,13164,20057
T:GCTTA,30587,1557,66644,64319,62278,47430,45389,46005,46817,37978,30511,38289,38512,40279,21271,24122,25409,20426,23207,19074,12959,16066,7926,9511
T:GCTTC,38597,1793,94223,83791,79051,56066,56897,58360,61878,48742,43087,53081,55571,53098,26098,32187,36358,35056,40814,25098,27442,25994,12123,18068
T:GCTTG,35798,1559,85350,74415,70928,48519,51276,51528,55213,42386,38879,47819,49185,49197,22554,29838,32967,34259,39951,21777,30437,23712,10606,17367
T:GCTTT,53686,2551,116823,112955,109250,81383,78772,80789,82794,66023,54087,67663,67888,69900,36982,41760,45380,37300,42738,34144,24692,29051,14551,16941
T:GGCAA,50704,2410,113520,103146,99560,69593,70902,71614,76150,58630,52710,65849,65484,66349,31346,41347,44927,41982,47970,30083,32842,30599,13891,21469
T:GGCAC,35210,1493,95819,79009,72780,49515,52923,52184,60428,46003,44928,53212,55432,52680,23509,33265,36606,43003,48625,23121,39748,28516,12780,24301
T:GGCAG,59408,2703,166139,134410,123991,81453,89358,88746,102705,76460,77224,90789,97428,90246,38604,56926,63875,74907,88659,39160,71679,49936,21837,42984
T:GGCAT,42421,2007,101949,89779,85503,60105,61320,62071,66833,51549,45778,57752,57316,59522,27620,35803,38992,39201,44390,26464,33308,27433,12390,19428
T:GGCCA,49676,1991,134464,109567,101077,65814,72597,71539,83973,61778,63191,74876,77131,73655,30951,46496,52050,61910,71915,31154,61098,41453,17674,34807
T:GGCCC,26917,1049,82073,60857,55646,34068,39679,37926,47786,35392,40377,43446,51138,40954,16653,26311,30468,41951,47853,17063,46258,27329,11736,25954
T:GGCCG,11266,356,33591,25400,20405,14463,16113,16124,21047,14724,16431,17629,19021,18192,7506,11238,12268,18958,22423,7170,23940,10905,4991,10700
T:GGCCT,39145,1517,109343,87481,81222,51977,58424,57387,66589,49610,50254,58709,65105,57629,24415,36350,42070,49640,58274,24771,50018,33389,13891,29011
T:GGCGA,7827,281,20199,16128,13629,9894,10635,10859,13048,9322,9335,10933,11313,11576,4837,6965,7641,10112,12105,4653,11923,6179,2840,5659
T:GGCGC,10027,365,30388,23201,19322,13806,15083,15568,18900,13474,14536,15826,16794,17123,6886,10441,11512,16480,20456,6581,21662,9884,4310,9544
T:GGCGG,15463,455,43350,32658,26729,19033,21273,21740,26677,18829,20887,21876,24467,24075,9463,15077,15677,23693,28804,9552,31512,13775,6055,13507
T:GGCGT,10090,355,28439,22589,19235,13544,14628,14988,17871,12768,12996,15198,15315,16611,6630,10093,11042,14663,18662,6407,18579,8651,3864,8249
T:GGCTA,31563,1336,73791,65205,62584,43640,45296,45261,48115,36842,33334,41361,41583,42824,20078,26161,28838,26799,32011,19095,23114,18965,8338,13664
T:GGCTC,40922,1577,118007,93161,85112,55488,61484,61221,71309,52331,53713,63116,66502,63962,26237,39460,44975,54203,63683,26492,55829,35191,14646,30152
T:GGCTG,62847,2421,179738,143157,130700,85582,95742,94710,112267,81006,82424,97764,102258,99640,41025,61138,69887,85760,100676,41465,88736,54596,23105,47145
T:GGCTT,38200,1793,91500,80230,77653,53481,56475,55933,60001,46579,41706,51088,53803,50987,24712,31379,35110,34477,39142,24187,28266,25358,11616,17281
T:GGTAA,35413,2041,75470,73078,70557,52899,50386,52302,53250,42110,34233,43231,42697,45270,23806,27562,28809,23150,26287,21564,15034,18026,8976,10602
T:GGTAC,21946,1017,46027,41683,40726,29101,29120,29327,30492,24501,20804,25729,26591,26395,13282,16226,17723,15681,17875,11972,11887,11560,5119,7770
T:GGTAG,28201,1147,62341,54732,53730,37464,37934,38483,39536,31228,27657,33082,36134,35510,16536,21582,23639,21469,24929,15568,17038,15533,6940,10427
T:GGTAT,32877,1646,65061,63916,61640,46663,43679,44892,45406,36540,29722,37441,37668,38984,20715,23561,24998,18756,21915,18458,12518,14779,7333,8639
T:GGTCA,36050,1585,90627,77509,73111,49660,52490,53360,58083,44331,41641,50611,52293,51311,23144,31302,34894,36961,42990,22841,35069,25917,11593,20029
T:GGTCC,20341,833,55720,44808,41376,26944,29905,29722,34485,25800,26090,30193,33372,28936,12733,17963,20819,24698,28336,12955,26139,17140,7401,14161
T:GGTCG,4177,138,10412,8283,7015,5033,5481,5661,6696,5306,5040,5689,6170,5830,2467,3551,3892,5569,6456,2423,6908,3290,1619,3091
T:GGTCT,35483,1478,94040,78706,73939,50273,52770,53491,60080,44560,41523,50612,52885,52938,23676,32146,36393,38591,45108,22731,38422,26043,11033,19589
T:GGTGA,45333,2000,112321,96563,90431,62383,64448,66180,73852,55384,50608,62842,63226,64217,29576,38453,42848,47185,53378,28241,44685,31665,14683,24241
T:GGTGC,27013,1247,72759,60868,55063,38071,40499,40471,47293,35897,33884,41339,43218,40594,18188,24983,27763,33418,38183,18187,32948,22094,10187,18752
T:GGTGG,57582,2270,149806,120935,111129,74550,81145,81634,94128,68277,68758,81218,84195,84379,34433,51554,57733,69755,82538,35079,75141,45375,19262,38005
T:GGTGT,32490,1588,78954,69702,65398,45993,46918,48133,53857,40876,36178,45145,45760,45583,21775,27051,30721,33023,37253,20794,31389,22516,10796,17211
T:GGTTA,27225,1393,58766,55839,53727,40265,38774,40429,40499,32343,26679,33461,33572,35253,18271,21086,22598,18439,21380,16609,12530,14239,7066,8313
T:GGTTC,28429,1118,70802,60838,57919,39729,41828,42299,45555,35334,32212,39188,40107,40684,18571,24345,27324,28127,32805,17958,25518,19491,8887,14667
T:GGTTG,32360,1317,72215,63456,61107,42362,43543,44324,47197,36428,32333,40341,42072,43182,19077,25384,28176,28204,33233,18601,27248,19764,8871,14023
T:GGTTT,49815,2227,110461,104774,100252,74021,71694,74559,77823,60636,50191,63495,62223,66528,33927,39473,43462,38412,44822,31282,32356,27929,13866,17875
T:GTCAA,38089,2292,80897,79318,75054,56248,53696,56063,57483,45696,37294,48163,45848,48509,25772,29459,31215,25596,28839,23535,17713,19869,10234,12046
T:GTCAC,31739,1874,78044,69226,65078,45292,46589,48193,52581,40576,36549,45149,45215,44751,21866,27116,30094,32419,34703,20951,28708,22319,10541,16629
T:GTCAG,38356,1895,95670,83324,78824,54169,56703,57216,61608,47863,43816,53288,56129,53734,25104,32767,36688,37980,44356,24552,34710,26761,12326,19987
T:GTCAT,36386,1882,77490,75879,72525,54634,52243,53720,55758,44985,35777,46075,45940,47635,25062,28039,30170,25690,28096,22654,17611,19382,10007,11608
T:GTCCA,30580,1411,74583,65786,62422,42734,44821,45214,48921,38347,34939,42934,43853,41863,20445,25677,28624,29216,33194,19865,25904,20901,10100,15467
T:GTCCC,29024,1180,77662,63324,57984,38722,41897,42096,48796,36697,36573,43089,46163,42446,18670,25669,29843,34797,40189,18663,37700,23593,10704,19768
T:GTCCG,3554,139,10334,8103,6713,4964,5607,5355,6668,5049,4942,5680,5924,5508,2505,3486,3706,5293,5990,2396,6369,3301,1629,2901
T:GTCCT,33081,1392,82831,71615,67533,46969,48594,49404,53810,42162,37323,45618,48894,45289,22290,27662,31747,31273,36006,20953,27602,23106,10642,16898
T:GTCGA,3462,147,7906,6724,6130,4437,4520,4895,5345,4374,3707,4510,4551,4730,2189,2814,3099,3558,3948,2124,3757,2323,1119,1830
T:GTCGC,4294,151,11150,9056,7663,5444,6035,6015,7275,5362,5285,5986,6380,6535,2710,4085,4268,5699,6931,2695,7090,3344,1608,3281
T:GTCGG,4205,136,10950,8907,7392,5299,5810,5999,7225,5389,5438,6177,6822,6166,2675,3711,4124,6037,6766,2601,6991,3642,1722,3229
T:GTCGT,3564,163,8068,7297,6468,4693,4873,5136,5677,4639,3850,4715,4762,4769,2381,2831,3177,3821,4259,2216,3941,2493,1267,2010
T:GTCTA,26992,1421,59230,56648,54699,41184,39041,40684,41347,33226,26533,34152,34060,35183,18913,21022,22648,17985,20358,16656,12191,13887,7067,8246
T:GTCTC,49709,2093,129274,108066,100547,70061,72428,74359,82666,61369,57004,70812,70899,75149,32487,44900,49619,54325,65131,31360,56649,35311,15192,28066
T:GTCTG,35477,1570,88423,76889,74256,50909,53157,53096,57548,45134,40858,49424,52656,49710,24202,29722,34110,34069,38823,22883,30272,25221,11449,17834
T:GTCTT,45008,2204,103459,96941,92581,68645,66097,68062,71149,56719,45827,57951,58989,61166,31105,36495,39816,34537,40170,28553,27637,25162,12587,15963
T:GTTAA,44054,2525,90659,93729,88275,70797,65238,67652,67040,54652,41989,54120,51531,57378,32013,34368,35193,25522,29339,27854,15111,20798,11152,10879
T:GTTAC,25068,1489,54481,53089,50838,38986,36423,38355,38613,31082,24634,31625,30477,33088,17833,19664,20962,16979,19559,16004,11370,13229,6713,7438
T:GTTAG,25721,1215,55769,53078,51119,38659,36768,37626,38203,30886,24932,31474,32017,33449,17578,19785,21033,16574,19930,15727,11896,12965,6457,7906
T:GTTAT,37840,2277,77257,79802,75944,61557,54775,57694,57503,46688,35146,45206,44626,48257,27279,28081,29186,20513,23945,23440,12395,17042,9330,8717
T:GTTCA,46775,2276,107905,98712,93877,69346,67594,69755,72570,57601,49079,61408,60236,64431,32030,38489,41529,38002,43679,29218,30750,27301,13047,18111
T:GTTCC,30738,1324,71636,63379,61270,43025,44035,44815,47484,37446,32732,40347,42192,41066,20229,24481,27637,26111,30026,19362,20710,19208,9317,13108
T:GTTCG,5416,197,12385,10578,9373,6763,7027,7356,8066,6025,5757,7201,6812,7358,3203,4478,4800,5729,6954,3012,6347,3618,1694,2998
T:GTTCT,46240,2163,102590,97767,93722,69828,67368,70044,71077,57314,46812,58808,59678,61189,32045,36219,39649,33217,38384,29139,23097,25510,12688,15502
T:GTTGA,33904,1543,67949,65661,64072,48806,45895,47456,48624,39218,30492,39600,40166,42012,21550,24088,26019,21883,24779,19645,16603,16692,8558,9462
T:GTTGC,29741,1320,68954,61140,57487,40504,41152,42299,45647,35247,30652,38656,38258,41528,18570,24432,26838,27213,31779,17687,25767,18597,8052,12954
T:GTTGG,33246,1459,74837,65763,63285,44306,45448,46507,49378,37490,33423,40883,43271,43399,19664,25657,28987,28321,33482,19061,26275,20225,9059,14045
T:GTTGT,33792,1587,68190,67005,64802,49054,46013,48254,48840,39203,31331,39765,40148,42798,21857,24600,26608,22286,24874,20021,16343,16817,8662,9984
T:GTTTA,45837,2580,95894,99404,95382,75939,68301,72784,71895,59137,44089,57737,55337,60496,34431,35641,37064,27050,30792,29828,16470,21687,11987,11441
T:GTTTC,50927,2770,116065,110496,103749,78044,74666,78021,81365,64189,52792,66957,65430,70327,36004,41411,45350,40670,46887,32665,32915,29227,14448,18754
T:GTTTG,46784,2298,97195,93623,90881,67556,63875,66678,68881,54644,44520,56115,56098,59436,30380,34742,37426,32656,36449,27891,24640,24451,12301,14437
T:GTTTT,81403,3978,171358,174980,167645,132665,120060,127195,128533,103406,79375,101983,97729,107484,59464,63055,67917,52251,59855,52504,35393,40522,21415,22594
T:TACAA,76632,4193,156827,156718,147002,115366,107208,111364,114206,89935,72621,93990,86848,97137,52555,59031,62386,47225,55944,45434,35182,35638,18604,21873
T:TACAC,41411,2257,85340,85754,80063,60778,58542,59320,62782,50287,40639,51976,48559,52042,28926,31165,33744,27057,30453,25354,19528,20631,10895,12986
T:TACAG,60854,2995,143789,133473,124829,91806,89842,93252,98074,75901,65044,81932,78247,86021,42671,52467,56901,50674,59426,38654,42104,35952,16594,24576
T:TACAT,67021,3929,132627,138935,131712,106157,95361,100067,99653,81235,61768,80104,75413,84436,48289,49574,51361,35746,41215,40336,22904,29376,15830,15199
T:TACCA,47842,2493,98491,95612,91915,68683,65912,66984,67985,54702,45044,57242,56414,59119,30825,36130,38857,29300,33618,27429,19213,22346,11086,13762
T:TACCC,28320,1313,60636,54217,53700,37179,37288,38268,40114,31257,27204,34125,35557,35109,17183,21410,23344,21349,24230,15644,16397,15793,7138,10336
T:TACCG,3941,273,8896,8271,7567,5591,5525,5773,6080,4959,4369,5231,5331,5346,2716,3297,3546,3732,4121,2543,3103,2503,1268,1797
T:TACCT,43256,2325,93572,88295,84900,62934,61053,62353,62802,50373,41938,51926,53812,55541,28503,33453,35743,28334,33400,25015,19352,21966,10775,13500
T:TACGA,5451,299,11655,11779,10511,7913,7893,8136,8740,6942,5675,7243,6580,7074,3995,4373,4690,4389,4689,3646,3149,3030,1628,1993
T:TACGC,3845,246,9109,8300,7569,5812,5719,6080,6589,5159,4447,5500,5147,5471,2934,3316,3658,3950,4180,2677,3040,2533,1352,1870
T:TACGG,4679,287,11093,10344,9397,6834,6922,7262,8175,6186,5312,6678,6217,6772,3517,4037,4516,4829,5180,3206,3881,3221,1644,2335
T:TACGT,7798,540,16122,16413,15411,11930,10984,11475,12150,10193,7787,10051,9443,10264,5657,5975,6616,5780,6395,5055,3892,3998,2313,2577
T:TACTA,48590,2519,102815,100582,94691,75340,69408,72341,71632,56792,45905,58476,56416,63445,33555,38142,39364,28558,35900,28445,21221,22344,11237,13385
T:TACTC,37052,1909,84567,78208,74257,54652,53052,55507,56858,44545,37749,47119,46716,49938,24879,30387,32218,27496,32569,22760,22182,20485,9444,13335
T:TACTG,46594,2465,98615,95983,91912,69172,66200,68610,68419,55557,45293,56212,56106,58819,31841,36258,38580,29656,34197,28133,19398,23104,11357,13815
T:TACTT,59372,3382,127335,128010,120625,95929,87452,92468,91662,73770,56985,72975,70644,77906,43229,46813,48105,35351,42428,36734,22056,27876,14267,15579
T:TATAA,86104,4975,175970,185808,175358,148010,127454,134497,133979,108958,79746,105266,99364,113055,64291,66670,67503,42937,51815,53641,26270,36230,20640,17979
T:TATAC,50071,2735,93266,98094,91925,74817,67399,69316,69356,56260,43157,55529,53161,58719,33415,35182,36322,23351,28611,27794,14093,19341,10474,10078
T:TATAG,43549,2084,86528,86623,83747,66327,60044,61542,61899,50405,38145,49143,48901,53866,28720,31856,32441,21901,26648,24411,15193,17925,9330,9661
T:TATAT,112293,5922,205892,219491,209065,178502,150828,157970,159796,130032,93174,122399,117307,134268,76902,75502,79193,50647,61520,63287,33628,41964,23901,20453
T:TATCA,54599,3332,108764,111375,106546,85468,77741,80375,80601,65524,49702,64654,62238,68058,38214,40368,41745,29050,33325,32707,16596,23302,12935,12564
T:TATCC,35805,1888,73724,70036,68542,51900,49417,50202,51159,40928,32951,42018,42787,44253,23260,26430,28546,21577,24486,20313,14050,17017,8480,9647
T:TATCG,4299,291,8633,8601,8020,6219,5788,6201,6222,5270,4130,5323,5045,5485,2927,3129,3442,3092,3368,2666,2281,2132,1169,1342
T:TATCT,59501,3048,122720,122528,117818,93330,84859,88119,88592,71737,55294,70694,70861,75946,41866,44388,46429,32869,38359,35734,21188,26491,14169,14353
T:TATGA,54288,3098,107512,111312,106494,84954,76340,80446,80970,65517,49711,64157,62202,67121,38154,39795,41475,29411,33497,32659,19641,24133,12903,12578
T:TATGC,35222,1891,70508,70868,67772,53269,49452,50431,51532,41457,32683,42106,40819,43322,23803,25643,27004,20667,23100,20858,13176,16292,8403,9047
T:TATGG,38606,1951,77030,74962,73001,54646,52338,53631,54972,44008,35004,44604,44522,46416,24777,27769,29685,23263,26237,22050,16583,18512,9272,10670
T:TATGT,63581,3744,124046,128712,122151,99356,88496,92511,93438,76594,56394,73808,71381,78183,44230,45068,47766,34008,38308,37756,23279,27704,15152,14714
T:TATTA,77050,4244,158662,165035,156345,132596,114055,121167,119352,97243,71422,92713,90384,101415,57856,58192,59194,39584,45687,48168,22625,32614,18248,16270
T:TATTC,57785,3317,117518,120125,115029,92579,82302,86688,87122,70703,53033,68504,67498,73765,41232,43124,44517,30436,35945,35354,18158,25237,13632,13404
T:TATTG,48412,2580,92346,94372,92344,75355,66009,68552,69276,56636,40993,54062,54277,58921,32079,32952,34345,24061,27905,27645,15296,19872,11051,9818
T:TATTT,140366,7813,291432,307475,287709,240504,209432,223408,224278,180865,131615,172192,163979,189250,106492,107757,110691,80282,94103,89513,53573,63828,35321,33444
T:TCCAA,60271,2936,135246,127351,121734,88929,87824,89752,93079,73786,61903,79452,77344,79843,41273,48767,52228,44386,49708,37196,29971,33888,16749,20953
T:TCCAC,45374,2094,113080,100676,93365,65490,67550,69423,75517,58898,52844,65631,65431,65339,31978,39348,44351,45450,51725,30117,39788,31770,15376,24033
T:TCCAG,64210,3023,165094,141242,132725,90540,95359,96117,106091,80667,75507,91741,95721,93201,42029,57171,63766,66127,78483,41070,64006,46451,20861,35379
T:TCCAT,60986,2643,133043,124633,119440,88176,85965,87581,92201,73852,60866,78829,77538,79950,40598,47229,51014,45785,49900,37239,34331,34255,16816,21441
T:TCCCA,81883,3292,213999,178343,166910,113144,119555,121838,135692,101107,96239,119084,119563,123202,53029,74411,83141,89929,105756,51577,88489,59492,25673,47079
T:TCCCC,44996,1637,117331,94568,88083,57816,63226,64375,72102,54125,53334,63448,69176,63715,27613,38235,43520,49050,57634,27776,50203,34665,15246,27218
T:TCCCG,10815,387,32091,24569,20579,14382,16099,16426,20198,14273,14850,16825,17879,17567,7350,10543,12119,16611,20595,7226,20780,9840,4585,9291
T:TCCCT,60215,2545,147152,125201,120112,81754,85567,86754,93195,72178,66270,81213,87565,82131,37805,48737,55815,54930,64436,37288,48669,40250,18162,28762
T:TCCGA,4767,264,12792,10826,9555,6709,7282,7490,8664,6659,6090,7234,7475,7161,3401,4276,4786,6015,6834,3334,5889,3744,1896,3135
T:TCCGC,7669,285,21958,17179,14705,10373,11440,11488,13847,10022,10180,11661,12193,12136,5052,7457,8335,11283,13799,5059,13500,6602,3055,6185
T:TCCGG,5788,298,17034,13163,10992,7684,8794,8771,10699,8115,7881,9406,9950,9498,4008,5590,6308,8984,10469,3861,10604,5377,2613,4860
T:TCCGT,6938,297,18446,15676,14032,10087,10570,10843,12551,9552,8810,10744,10430,10450,5160,6395,7224,8529,10095,4879,8843,5586,2817,4618
T:TCCTA,45667,2162,103352,97677,92307,68748,66984,68872,70788,56001,46274,58781,59680,60741,31721,37173,39806,32017,37470,28862,21963,24680,11776,15199
T:TCCTC,58504,2301,148515,124174,117231,80272,84099,87034,93954,72057,65347,79845,86244,82228,37734,49315,55994,55945,65553,36788,52024,40103,17397,29940
T:TCCTG,68422,2958,183151,154538,144083,98727,104141,106361,118293,89392,82025,101298,104491,103207,46430,62100,72053,76724,90273,45141,74067,51866,22940,40767
T:TCCTT,71380,3336,161624,149732,144352,106025,103431,107660,109685,87228,71831,90635,93669,94897,48239,55740,61804,51548,60513,44398,36973,39975,19410,24399
T:TCTAA,57460,2997,126521,128045,120454,95859,87055,91997,91795,73906,57523,74640,71266,77913,43250,46636,48287,34805,41011,37838,20606,27845,14714,15652
T:TCTAC,45128,2391,101317,95558,90125,66565,64526,67164,69240,54088,45983,57906,55671,60460,30696,36928,39545,33739,39464,27615,26744,24618,11791,16139
T:TCTAG,40674,1941,89506,83652,80815,59942,57691,59273,60205,48140,39781,50227,51413,52409,26792,31828,34019,26691,31976,24396,18639,21321,10090,12673
T:TCTAT,57184,3099,116536,117407,112320,88932,81037,84383,85268,68885,52127,67720,66897,72255,40009,42416,44223,31831,37168,34135,19962,25783,13974,14106
T:TCTCA,81622,3719,192000,173735,166028,120228,119275,122607,129374,100352,86204,109147,108360,113480,55157,68334,73945,68778,79561,50758,58585,49086,22711,33608
T:TCTCC,63343,2621,159887,137238,129086,88664,92496,95452,103213,78872,71201,88516,92992,90897,41546,53925,61781,61488,73759,40127,58559,43446,19192,32097
T:TCTCG,12173,480,33239,27064,23519,16440,17797,18178,21355,15214,14683,17800,17730,19556,7971,11380,12933,15879,19702,7844,18068,9502,4139,8492
T:TCTCT,91500,3893,212800,191482,184163,133652,131347,135922,142326,110715,94754,118682,121760,124471,60719,73671,79910,73263,85050,56239,64070,53356,25016,35475
T:TCTGA,62619,2978,145321,134960,131189,95109,93719,95633,98859,78718,66396,82972,83943,83994,43979,50624,55563,47307,53905,40131,35032,36628,17781,23083
T:TCTGC,51152,2259,130908,114624,108240,75656,78017,78917,85994,67087,60337,74864,77021,73977,35886,44607,50524,51795,58261,34144,41715,36777,16725,26953
T:TCTGG,53536,2282,133758,115064,110203,74243,78837,78344,84919,64902,60805,73254,78734,73962,34930,44764,51314,50693,59433,33753,44153,37543,16721,26760
T:TCTGT,70893,3628,164550,152143,144600,106145,103728,106977,112695,88660,75876,93609,95232,97156,48751,57227,63687,58532,66615,45364,48674,42985,20493,28606
T:TCTTA,54398,2930,118620,119188,113199,89301,82072,85705,85514,69575,53315,68081,67410,73327,40397,43331,44920,32131,37958,34689,19950,26054,14105,14061
T:TCTTC,67078,3182,153644,142924,136175,101184,97669,102605,104076,83164,67833,85909,89194,89942,46461,53135,58720,47501,56348,41991,33901,36905,18403,22489
T:TCTTG,55456,2448,129070,118133,113394,82324,80828,83317,87052,68181,56893,72004,73126,77066,37333,45572,49989,45492,52798,34689,37515,33219,15308,20942
T:TCTTT,105047,5199,224464,222317,213846,165805,152321,160466,161864,129619,101232,128500,128241,137487,73632,80894,85718,65875,77693,64718,45345,51343,26778,28555
T:TGCAA,62405,3177,135756,131320,122912,91999,89863,91545,96613,76689,62572,81683,76944,82690,42687,49355,53264,48424,52916,39236,36636,34856,17463,22329
T:TGCAC,44611,2120,107963,96927,89222,64376,65429,66218,74011,58436,51078,65080,61377,63747,30886,38247,42371,46679,51190,29343,41475,31472,15167,24010
T:TGCAG,64673,3300,163229,144156,133369,94101,96782,97624,110519,85262,75676,95130,94906,95172,43790,57347,64151,70125,78392,43235,64118,47142,22225,36679
T:TGCAT,52374,2706,109047,109797,104200,79397,75158,77504,81278,65985,52295,67787,64600,68237,36819,39286,42612,37644,39486,33155,25319,28578,14918,17018
T:TGCCA,56487,2515,136913,122054,116167,80979,82787,83390,90325,69919,63413,78183,79509,78630,37466,48249,53110,53078,59928,35499,42531,37899,17205,27573
T:TGCCC,42718,1703,118643,95016,88578,57189,63162,62571,72359,54484,54170,64909,69544,63801,27064,39064,45162,52290,60645,27026,51098,35851,14732,29778
T:TGCCG,5879,287,17071,13840,11518,8482,9186,9068,11175,8675,8457,9648,10374,9296,4337,5698,6530,9207,10404,4111,9674,5645,2761,5162
T:TGCCT,66218,2742,171962,146552,137892,94712,99276,99277,109103,83273,76628,95604,97848,98035,43606,59306,66482,69363,80409,42189,62768,47424,20326,36315
T:TGCGA,5143,236,12396,10995,9558,6996,7242,7586,8695,6741,5987,7387,7154,7197,3621,4302,4869,5971,6731,3492,5738,3757,1850,2925
T:TGCGC,6074,244,16918,13541,11317,8287,8935,9102,10916,8014,7902,9135,9514,9404,4219,5744,6442,8708,10543,3959,10477,5286,2701,4859
T:TGCGG,7029,312,19567,15456,12928,9392,10005,10591,12788,9463,9453,10638,11509,10627,4687,6513,7205,10422,11728,4745,11754,6242,3148,5787
T:TGCGT,5709,252,14160,13005,11156,8246,8498,8887,10379,8224,6869,8697,8660,8444,4343,4871,5535,7522,7730,4183,6615,4639,2415,3629
T:TGCTA,43571,2251,93033,90061,87805,66165,62461,64316,65928,53079,42425,53912,53894,56112,30173,33783,35652,28586,32071,26915,17285,22354,10779,13212
T:TGCTC,42163,1855,107250,93658,88015,61265,63244,64495,69561,54046,49281,60223,63056,59881,28802,36327,41552,40759,47435,27900,32969,30066,13766,22207
T:TGCTG,61569,2896,152998,134998,128357,89201,91841,92849,101902,78846,70777,87617,90392,87411,41766,52812,59930,61078,69240,40673,50612,43561,20237,32419
T:TGCTT,62823,3058,139155,132799,127377,94895,92203,94531,96977,77632,64032,79784,80423,83303,42950,49700,53770,45696,52698,39712,30993,35222,17058,21660
T:TGTAA,70387,3825,153092,151427,141644,111581,102710,107691,110751,87530,70054,90071,84739,95392,50109,56960,59329,49072,57132,44039,39150,36150,18387,22507
T:TGTAC,35968,1840,72240,70766,67662,50815,48800,50101,51496,41247,33300,42453,41517,43759,23664,26195,28103,23147,26179,20858,16041,17328,8761,10656
T:TGTAG,41006,2111,88428,83171,79222,60016,57113,59858,61474,48648,39273,49764,50764,53376,26737,31823,34004,28975,34489,24399,24739,21809,10416,13842
T:TGTAT,67325,3474,132754,137119,128507,102887,93806,97249,99440,79976,61363,79036,76034,84038,46332,48475,52552,39438,45515,40121,28445,30360,16459,17694
T:TGTCA,52183,2991,114314,110042,104756,77382,75016,77124,81115,64499,52683,67674,66622,68264,35636,40547,44150,39704,43212,32966,30063,29361,14764,18650
T:TGTCC,37351,1682,89905,79841,75375,52087,53813,54456,59377,47196,41808,51796,53394,50427,24972,30399,34898,34723,39579,23882,31542,25570,12370,18734
T:TGTCG,5563,237,13567,11727,10398,7463,7895,8109,9234,7065,6401,7759,7877,8015,3711,4838,5280,6440,7486,3527,7127,4015,1937,3465
T:TGTCT,62003,3139,142429,131039,126184,92356,89659,92451,96530,77584,63643,80863,82454,84451,41965,49381,54362,50040,56626,38933,41856,36465,17838,24050
T:TGTGA,58473,2920,129418,123847,118821,87935,84888,87232,92538,73705,60050,75947,76036,77953,41043,45930,49897,46381,50067,37336,36691,34366,17579,22324
T:TGTGC,41195,2015,99724,89715,84102,60290,61243,61751,66994,53537,46384,58323,59099,57608,28698,34047,38122,39589,43462,27224,31647,28354,13645,20594
T:TGTGG,53310,2551,122284,110244,106376,73823,75961,76077,83399,64628,57662,70147,72765,70077,34336,42224,47861,48442,53874,33159,42951,35007,17134,25496
T:TGTGT,73972,3592,154566,151802,143089,107197,102852,106172,112630,90768,72731,94260,92525,93804,50421,53408,59481,55561,58645,46089,43169,41948,23004,26956
T:TGTTA,52833,3004,108339,111981,106133,85134,77460,80351,80458,65427,49612,64133,62128,67916,38321,39872,41882,30295,34999,33095,18958,24637,13340,13094
T:TGTTC,48940,2424,105004,100043,97226,72845,69668,72187,73675,59211,48351,60997,61399,62846,33690,37327,40673,33872,37708,30611,22911,26165,13251,15453
T:TGTTG,54062,2503,115483,108387,103893,77557,74130,77014,80639,63356,51505,65554,66026,70723,34546,40703,44963,40948,46559,31759,34352,29076,14097,18609
T:TGTTT,92591,4961,193212,197420,189489,148505,134856,143662,145051,117088,90152,116207,112058,121353,67054,70676,75919,60080,66557,59287,39828,46470,24699,25734
T:TTCAA,90935,4977,190940,191635,179343,140950,130583,136423,138446,110949,87760,113627,106436,117815,64116,70788,74035,56949,66203,56049,38013,43496,23027,25658
T:TTCAC,57140,3228,128995,123419,116799,87734,83639,87459,91222,72023,59290,75443,72968,77691,40633,46466,50391,44045,50405,36182,33893,32303,16486,21210
T:TTCAG,66393,3580,148509,140486,134233,100190,96619,100283,102284,82374,67836,85083,85157,88302,45930,52489,56504,47716,54477,42227,32769,36472,18202,22189
T:TTCAT,81537,4420,169625,171276,163137,129868,117665,123417,123678,101711,77891,100118,97362,105126,58965,61715,64022,47917,54123,50634,30122,38803,20507,21013
T:TTCCA,75951,3631,169776,162294,153975,113862,111005,114888,118871,94948,78314,100751,97974,101301,53030,60973,66468,56219,63456,48169,38629,42853,21566,26377
T:TTCCC,57693,2331,138893,121436,116359,80215,83415,84925,89245,69874,62436,76861,81454,78823,37583,47055,52824,49972,58225,36260,41308,37243,17209,24942
T:TTCCG,6006,331,14929,13184,11635,8441,8973,9296,10421,8118,7232,8888,8841,8835,4272,5260,5919,7059,8145,4193,6667,4520,2378,3573
T:TTCCT,85061,3934,194675,180180,173697,127091,125297,129981,132174,105915,87260,110509,113245,114249,58486,67552,74440,63169,73665,54451,44644,48572,23596,29714
T:TTCGA,7776,338,17363,15491,13678,10305,10321,10585,11771,8982,7908,10170,9262,10546,4906,6204,6672,7165,8444,4580,7073,4756,2234,3522
T:TTCGC,4602,212,11112,10002,8867,6481,6627,6971,7643,5951,5086,6513,6407,6696,3251,3989,4556,5026,5879,2972,4899,3240,1574,2465
T:TTCGG,5646,350,13145,11757,10681,7858,7881,8472,8998,7201,6338,7676,7725,7790,3725,4688,5174,6033,6847,3524,5420,3883,1924,2921
T:TTCGT,6690,312,14332,13653,12716,9634,9158,9806,10126,8356,6743,8576,8095,8689,4604,5022,5759,5400,6108,4153,4225,3751,1994,2483
T:TTCTA,70283,3921,149517,153161,144610,114167,103973,109801,109288,88550,68238,87651,85214,92893,51214,55272,57454,40827,48276,44727,23606,33517,17648,18113
T:TTCTC,78622,3503,180761,167636,161176,118223,115082,119950,123614,97236,80896,102614,104331,107393,54173,63166,69267,59697,70185,49431,49205,45244,21558,28475
T:TTCTG,76946,3866,172336,165463,158356,117077,113042,116729,120590,95959,79286,99469,100676,101829,53768,60691,67117,56739,65008,49407,40653,43453,21837,26676
T:TTCTT,106335,5477,229543,226400,217476,169237,155273,163917,164757,132123,102684,131448,131273,141208,75592,81862,87127,66605,79439,66175,45370,52889,27673,28964
T:TTTAA,123905,6931,263948,282817,262881,217656,191401,204647,202937,163944,122458,159087,145479,169298,98248,100523,102546,70512,82302,83061,39427,57064,32301,29460
T:TTTAC,57015,3053,120020,123373,117781,93343,85156,89514,89187,72033,55534,71426,67896,74888,42635,44626,46308,33121,38250,36035,19979,26932,14371,14675
T:TTTAG,58968,2981,127616,127616,121277,95939,87637,92970,93461,73980,56958,73742,71619,79987,42746,46847,48951,37095,44487,37781,26185,28566,15307,16277
T:TTTAT,114424,6371,233486,245838,233854,194405,168355,179174,178841,146349,105998,138586,133963,150590,85039,86072,88352,61993,72141,71554,39979,50533,28380,25530
T:TTTCA,102978,5921,218336,223419,208617,166329,152361,160626,161625,129957,100796,130418,122657,136217,76298,80519,84323,64790,75087,66173,41663,50222,27250,28169
T:TTTCC,79627,3540,176597,169567,162479,121295,117629,121666,123774,99114,80847,102633,101791,105880,56043,63056,68264,55979,64302,50808,37624,43442,21898,25214
T:TTTCG,7319,454,16050,15224,13793,10582,10172,10781,11523,9158,7384,9489,8902,9829,4966,5762,6552,6483,7481,4593,5486,4344,2095,2924
T:TTTCT,129341,6782,276108,276658,265331,206286,188899,199691,201925,161366,125435,160851,158689,170906,92521,98889,105547,81560,95031,81358,56827,64340,33898,35079
T:TTTGA,80460,4001,167089,167386,159533,124855,114895,119284,121780,97428,75738,97237,94182,103755,55317,60608,64110,50707,59025,48412,37423,39518,20306,22316
T:TTTGC,55316,2743,114811,113786,110149,83132,78418,81332,83149,67347,52885,68124,67672,70965,37462,41513,44888,37491,40722,34070,25103,28719,14603,16486
T:TTTGG,69752,3264,148315,140255,135202,99744,96718,98808,102891,80750,67462,84538,83916,89690,44840,53443,57647,49585,58849,41409,39137,37678,18156,23055
T:TTTGT,91223,4889,189376,187977,180926,141672,129689,135821,138279,110932,86395,110099,108965,118582,63190,68884,74183,59597,68439,55736,44876,44854,22942,26094
T:TTTTA,138460,7500,294097,311119,291226,240468,210559,225485,226447,181763,135906,174768,163265,189609,107176,110665,113970,82030,96968,90859,53235,64741,36008,35210
T:TTTTC,111520,5745,235651,241130,230050,181888,165308,175753,175288,140825,108928,139791,134312,147942,82486,86147,91308,67670,79447,71413,43890,54020,28968,28789
T:TTTTG,103501,5060,218734,217695,207572,161884,148854,155700,159790,126852,98976,127064,123277,136722,72033,79698,86350,70491,82640,64066,54975,52572,26583,31273
T:TTTTT,255093,12100,603361,578916,539653,414695,389940,410019,428570,326890,271119,340287,323166,380255,185073,224130,240793,213981,258195,164419,192077,144275,69906,97220
U:AACAA,75914,3860,155458,155582,151072,118532,107473,113462,113507,91741,71043,90996,90313,98360,52721,56762,60225,46971,53619,46490,31827,36336,19079,20120
U:AACAC,41144,2174,88051,86572,82509,63128,59028,61730,63889,52024,40802,52549,51311,53818,28825,31057,34196,29777,32570,26116,21643,22640,11726,13512
U:AACAG,57442,2904,126546,121263,116587,86678,83731,86300,89375,70528,58350,72994,73569,75516,39809,45048,49787,42383,47384,36418,29944,32065,15845,19430
U:AACAT,73911,3949,151946,154389,146551,115686,105868,111704,113043,90774,69417,90342,86407,95131,52247,55707,59213,46047,52232,45724,32618,35299,18732,19829
U:AACCA,48963,2232,102558,98640,96696,71094,68492,70659,72326,58028,47242,59552,60032,62112,32184,36618,40228,33531,38117,29680,23574,26038,13098,15259
U:AACCC,35558,1437,86759,74207,70553,48632,51060,51643,56059,42325,38862,47377,48954,50153,22539,29975,33613,35017,41758,21791,34746,23952,10643,17738
U:AACCG,4986,233,11869,10454,9506,6862,7079,7511,8223,6280,5559,6943,6810,6995,3412,4072,4702,5403,5872,3148,5048,3409,1756,2559
U:AACCT,48308,2153,111031,101590,96227,69780,69199,71775,74455,58105,49745,62597,62153,66375,31705,39619,43010,39227,46471,29830,34263,28013,13190,19318
U:AACGA,6539,347,14461,13439,12380,9472,9084,9673,10039,8342,6623,8390,7952,8665,4366,5006,5609,5512,6354,4224,4432,3852,2021,2507
U:AACGC,4159,198,9879,9228,7902,5977,6301,6497,7233,5642,4810,6149,5998,5995,3167,3508,4033,4834,5301,2929,4283,3115,1631,2253
U:AACGG,5133,245,12277,10796,9928,7165,7400,7894,8439,6610,5973,7207,7303,7386,3644,4349,4874,5702,6343,3459,5286,3613,1817,2738
U:AACGT,9682,581,20085,20030,18012,14074,13355,13854,15131,12142,9870,12481,11559,12562,6838,7301,8157,8041,8627,6324,5870,5594,3021,3631
U:AACTA,44724,2420,89624,91611,88246,71350,63161,66543,65560,53809,39675,51031,51530,56261,31147,32593,33937,22749,27844,26581,13675,19011,10134,9358
U:AACTC,45748,2112,103950,94832,90826,66747,65191,67081,70276,55007,46703,58727,57971,61937,29983,36958,39070,36649,42765,27913,31062,26238,12106,16986
U:AACTG,51028,2509,113537,108115,104218,77710,74468,77439,78143,63111,51268,64687,65469,67887,35409,40444,43401,35539,40869,32338,24069,28027,13687,16497
U:AACTT,64191,3641,134964,137376,130433,102892,93700,98651,97978,79721,61784,79821,76594,84479,46105,50152,52093,37564,44508,40082,23689,30645,16380,16583
U:AATAA,110277,6129,228265,236222,225187,187621,162072,173002,173191,140936,102556,132810,130986,146890,81734,82859,84424,61264,70926,68682,39598,49162,27049,25251
U:AATAC,52244,2698,109063,111152,104305,83726,75853,79817,80587,64672,49218,63071,61416,68375,37578,40159,42359,32016,37487,32561,22052,24398,13033,14072
U:AATAG,58369,3273,119724,121147,115781,92550,83583,87237,86959,70354,53470,69764,68182,74909,41335,43677,45527,32043,37164,35172,18811,26387,13753,13837
U:AATAT,102701,5852,202863,218453,206132,177112,150271,159738,159265,129476,91804,121811,115537,133158,77006,75321,76430,49024,58048,64260,29180,41596,24411,19770
U:AATCA,61497,3031,124925,126159,122923,96244,87775,91570,93509,75090,57144,74701,71949,78448,42476,45362,48078,37108,41178,37728,23940,28781,15552,15553
U:AATCC,45949,2032,104804,95223,90308,65522,65752,66869,70607,54530,46522,58491,58418,63024,29241,37220,40598,38558,44767,27729,33900,26662,12102,17692
U:AATCG,6918,335,15386,14391,13092,9642,9564,10112,11027,8459,7127,9189,8370,9521,4595,5604,6066,6528,7625,4316,5910,4183,2116,2988
U:AATCT,60898,3027,129495,128949,123014,96350,88758,92173,93194,75174,58464,75872,73676,80140,42587,47611,49689,38017,44002,37188,26398,29293,15632,16564
U:AATGA,81083,4390,167141,168313,161955,127535,116797,121684,122230,99961,76839,98717,97350,104692,57665,61011,63091,48525,53719,49595,28784,38459,20063,20801
U:AATGC,47387,2445,97417,97852,93413,71992,67907,69809,71465,57983,45622,59572,57102,60425,32603,35044,37528,31063,33970,29283,20096,24121,12643,13529
U:AATGG,61860,2923,128080,122788,119459,88282,85575,86899,89512,71671,59027,75645,74492,78522,39798,46058,49901,41430,46697,35912,28605,32074,15319,18766
U:AATGT,81527,4476,163644,170450,161189,128492,117061,122702,123055,99642,75870,99805,93259,102811,58569,60495,63459,45588,51862,50557,31637,37207,20569,19412
U:AATTA,88277,5107,188814,196803,184281,153600,134200,142342,143376,115316,84857,111922,105617,121436,67791,70612,70834,51067,61125,57073,34260,40498,22444,21669
U:AATTC,61094,3191,128256,129159,122346,96795,88673,92401,94123,75757,58353,75918,72171,80244,43847,46924,48663,37053,42399,38049,26066,29271,15744,15864
U:AATTG,63814,3473,127176,131456,124383,98377,90838,93729,95369,76505,59083,77426,72669,80072,45117,47532,49349,35961,41118,38925,22361,28901,15494,15233
U:AATTT,135843,8097,281873,295428,275301,228855,200289,212776,213660,171013,128635,170175,155429,181261,100521,106419,108765,75830,91144,85251,53219,60488,34257,32755
U:ACCAA,44327,1905,91831,87387,85866,63835,61348,63047,63780,51378,41317,51809,53050,54831,28165,32681,35586,28139,33849,25859,21175,22428,11224,13216
U:ACCAC,43535,1909,101330,89738,84818,59279,60574,61968,67983,51217,46674,57040,57285,59577,27169,35747,39636,41994,47707,26263,38600,28519,12822,21052
U:ACCAG,43616,2010,107820,94238,89441,61286,63476,65398,70672,54031,49192,60033,62365,61480,28364,37263,42267,42839,49489,27654,38069,29963,13501,22212
U:ACCAT,54017,2488,117650,109366,104828,76856,74940,76159,80760,63319,53517,67858,66012,70569,35006,42200,45978,41659,47784,32053,34507,30070,14214,20163
U:ACCCA,47344,2244,112697,97403,93129,64183,66882,66833,73991,55923,51378,63336,65450,64079,29533,38771,43464,45819,51673,28603,43267,31628,14305,23618
U:ACCCC,32592,1087,82483,66049,61360,39910,44191,43894,51009,37637,37992,43641,49485,45171,18865,27245,31046,37460,44597,19003,42220,25492,10953,20593
U:ACCCG,8389,393,23172,18328,15451,11076,12074,12265,14976,10559,10838,12397,13041,13166,5475,7803,8485,12079,14605,5376,14639,7044,3267,6767
U:ACCCT,37844,1575,93903,79673,75991,51139,54264,54930,60069,46083,42643,51330,55199,52304,23515,32081,35861,38058,43603,23376,35894,26513,11808,19790
U:ACCGA,4899,240,12054,10331,9259,6663,6922,7040,8171,6295,5570,6750,6913,6790,3284,4069,4482,5434,6121,3034,5109,3456,1773,2759
U:ACCGC,6251,280,16603,13514,11353,8185,8683,9184,10911,7778,7878,9101,9543,9412,4084,5647,6246,8730,10298,3914,10568,5081,2406,4925
U:ACCGG,4446,206,12163,9552,8072,5764,6291,6633,7733,5911,5814,7001,7279,6777,3139,4105,4639,6296,7231,2828,7368,3869,1915,3559
U:ACCGT,7172,359,18778,16544,14545,10817,11049,11166,13095,9835,9119,11087,10480,11193,5403,6697,7474,9311,10017,5020,8636,5640,2819,4798
U:ACCTA,33315,1768,69805,65972,64913,48577,45900,47433,47758,37980,30919,39044,39922,41698,21583,24609,26100,20702,23977,19428,14365,16401,7861,9558
U:ACCTC,49931,2031,125140,104600,97867,67055,70864,72422,78722,59332,55755,68005,69469,71577,30827,43227,48192,51631,61559,30120,51969,34762,15103,27125
U:ACCTG,48737,2158,131482,111464,102942,70307,74016,75450,84193,64032,59817,72833,74267,73084,33558,44934,50353,54577,62995,32659,50429,36877,16510,29250
U:ACCTT,48300,2392,108821,101497,97268,70464,69111,71429,74388,58234,49128,62328,62381,63865,32199,39141,41971,36692,41952,30071,27959,27595,13150,17992
U:ACTAA,43513,2177,94261,93059,88737,70452,64074,67502,67476,54149,41505,53134,52859,58598,31686,34138,35606,26878,33060,27246,19570,20888,10868,12046
U:ACTAC,29061,1375,61543,57682,55029,42540,39591,41464,42391,33262,27197,34060,34766,37121,18543,22500,23567,19344,23901,16536,16209,14433,6839,9208
U:ACTAG,28979,1375,60868,58380,56559,42502,40325,41551,41620,33459,27343,34016,35174,36356,19019,21729,23115,17155,21175,17036,11043,13964,6614,8030
U:ACTAT,44501,2230,88384,88643,85566,68917,61293,63923,63493,51640,38476,50296,50244,55216,29877,32285,32880,22337,27189,25058,14618,18527,9856,9589
U:ACTCA,46756,2170,106226,98830,93891,69735,67541,69316,72780,57627,47946,60111,61391,62169,31323,36768,39541,36839,40829,29176,29919,27617,13433,17214
U:ACTCC,43611,1815,112449,93087,87173,59988,63608,63764,71384,52621,49229,60397,61713,64360,27678,38760,42925,45624,55463,27220,47523,30422,13092,23528
U:ACTCG,6615,299,17209,14568,12805,9231,9645,9972,11351,8628,7949,9612,9476,9959,4559,6064,6632,8140,9611,4502,8450,4984,2419,4268
U:ACTCT,51235,2507,118638,108842,104081,76135,74402,76473,80090,62726,53369,66607,67340,69600,34243,42004,45393,40113,46558,31873,31905,29767,14026,19498
U:ACTGA,51655,2695,115066,108740,104408,77546,74638,77609,78898,63860,52261,65219,67105,68025,35624,40163,43688,36672,41573,32300,26044,28622,14029,17558
U:ACTGC,46638,2103,115779,101862,94504,66835,68054,70049,76358,58362,52553,64953,64549,67759,31123,41388,45607,47057,54680,29998,43398,31468,14253,24136
U:ACTGG,43626,2094,103654,91750,88445,61419,62949,64289,67436,52761,47056,58371,61076,58901,27998,35710,40013,38017,43356,27221,32727,27879,12946,19483
U:ACTGT,56029,2795,128958,122782,115230,85312,83193,85848,89166,71082,59728,74657,72892,76129,40070,47059,50299,42886,48625,36878,30575,32574,15682,20972
U:ACTTA,48643,2639,102866,102747,98014,78969,71699,74827,74406,60681,46632,59426,58429,63971,35544,37467,38997,27796,32214,30351,16270,22599,12070,12248
U:ACTTC,47958,2513,104800,99768,96110,71085,68311,71303,72786,58630,47542,60214,61209,62631,32265,37524,40245,33780,38537,29545,24774,26101,12851,16042
U:ACTTG,51067,2630,116495,108899,103196,75505,73717,76654,79290,62434,53579,66834,65467,69227,34697,42093,45107,40549,45512,32015,29721,29566,13952,19349
U:ACTTT,88903,4985,192674,192893,180386,140872,130879,136839,139133,110064,87869,113052,107127,118481,63674,71686,75525,57200,68266,55846,40810,44589,23154,26111
U:AGCAA,59435,2959,131164,124020,119955,89337,85423,88260,91062,72746,58681,74493,74945,78756,40044,46433,50254,43007,48607,36723,30812,32625,15909,19864
U:AGCAC,39235,1871,97772,86317,80953,57420,58910,59508,65061,50501,45123,55701,57633,56107,26993,33846,37766,38370,44994,25783,32389,27383,12596,20340
U:AGCAG,57028,2644,146584,127679,121418,83025,86696,88020,95264,74096,68126,82153,86611,82182,39393,50010,57440,56797,65389,38415,43555,41727,18851,31162
U:AGCAT,54429,2586,116913,113500,109229,81745,78723,80404,82980,66264,54587,69189,68580,69664,37261,42331,45443,37944,42456,34278,25105,29468,14484,18135
U:AGCCA,62605,2730,156249,134281,127491,87267,91805,92152,100757,75848,70610,87231,89039,88745,40189,54417,61202,63880,74164,39652,57738,44502,19280,33147
U:AGCCC,35338,1331,99040,77715,72744,45834,52953,51077,60474,44804,46398,53221,60045,51859,21980,32070,37431,44812,52506,22858,44837,30511,12966,25884
U:AGCCG,9983,408,29770,23219,19583,13648,15304,15407,18994,13520,14095,15923,16472,16664,7079,10001,11360,15809,18806,6759,17852,9298,4397,8671
U:AGCCT,65607,2658,177982,146543,136235,91443,98937,98490,111470,82587,80078,96960,98589,100145,42805,61651,68817,76741,90039,41972,75522,49800,21062,40536
U:AGCGA,9477,346,24567,20194,17753,12509,13234,13754,16083,11680,11175,13824,13404,14327,6041,8578,9497,11726,14354,5945,13359,6939,3217,6349
U:AGCGC,4951,204,15025,11873,9779,7226,8012,8283,9853,7762,7392,8345,8968,8222,3674,5048,5620,8350,9380,3679,9132,4993,2438,4488
U:AGCGG,6695,301,19345,15098,12717,8843,9899,9921,12325,9218,9311,10413,11757,10285,4515,6279,7132,10070,12132,4464,11344,6202,2821,5603
U:AGCGT,6643,293,17514,15457,13542,9908,10236,10707,12653,9780,8880,10789,10243,10250,5201,6209,7093,9051,9435,4994,7567,5450,3021,4580
U:AGCTA,44673,1984,103768,94061,89704,65919,64638,66170,69019,53347,45386,56881,57421,62250,29942,37004,40000,35140,42936,26969,29714,25291,11382,17023
U:AGCTC,41425,1690,104815,89402,84850,58166,60940,61584,67700,52295,47852,58790,62361,58663,27414,35692,40045,42137,48403,26325,35558,29605,13338,22165
U:AGCTG,62403,2789,168451,141597,133249,90050,95452,96305,107143,81489,77026,93784,96618,94487,42371,58495,65388,70743,82752,41452,62151,48097,20995,38137
U:AGCTT,54583,2731,122721,115673,111525,81324,79772,81957,84267,67025,57238,71962,71722,72694,37008,44512,48393,41726,47056,34110,28491,31430,15141,20189
U:AGTAA,55151,3161,119514,120380,114946,91392,82761,88043,86487,69806,53806,68741,67506,73223,41413,44046,45225,32474,38146,35227,18902,26350,13832,14213
U:AGTAC,29260,1555,62123,59049,56186,42507,40616,42081,42346,34107,27866,34275,35019,36412,19420,22326,23707,18417,21989,17035,13009,14439,6840,8730
U:AGTAG,53217,2444,122677,111949,106003,77143,76213,79081,81237,62842,54802,68283,66544,73157,35525,44885,47725,42327,51474,32034,36352,30187,13574,21199
U:AGTAT,53980,3115,109010,111404,104347,84050,76521,79716,78498,63908,49457,63482,60813,67311,37146,40340,41609,27842,33483,31775,16590,22832,12059,11972
U:AGTCA,47466,2252,105804,101055,96969,71475,70034,71434,73371,59522,49151,61836,61747,62544,33253,37677,40817,35209,39462,30128,24918,27200,13295,17356
U:AGTCC,32984,1488,81092,70489,66607,45930,47898,48780,52476,40631,37020,45076,46990,45894,21611,27967,31571,31067,36532,20676,27969,22483,10179,16747
U:AGTCG,4647,245,11846,10155,9189,6579,6858,7078,7995,6572,5721,6926,6784,6734,3410,4157,4580,5539,5955,3228,5231,3573,1848,2765
U:AGTCT,55032,2598,126057,115231,110403,79546,79165,80409,84781,65781,56607,71121,71083,73867,36466,45089,48958,42803,50416,33152,34609,31339,14956,21316
U:AGTGA,69353,3461,166374,151276,141435,103506,101587,106112,112776,86779,75162,94475,92098,98297,48134,59110,64120,61336,69310,43904,51001,43000,20271,29682
U:AGTGC,45488,1928,115865,99590,92828,65235,67054,68295,74182,57749,52888,64904,63996,67266,30662,40685,44985,47583,55056,29214,43891,32284,14081,25390
U:AGTGG,57011,2288,141666,124004,116564,80041,82951,84172,91345,69809,64979,79629,80591,81020,37681,49789,55715,55823,64078,35915,48838,39121,17738,29788
U:AGTGT,55221,2933,123060,118493,111457,82182,80391,82593,87440,68410,57816,73514,69843,72942,39161,44522,48148,41390,46379,35533,30813,31346,15862,20572
U:AGTTA,49535,2577,106105,108073,102656,81273,74151,78469,77512,62591,48629,62013,59741,65896,36775,39756,41012,29108,33920,31699,16631,23594,12443,12866
U:AGTTC,49391,2536,108939,101986,96842,71933,70171,71542,75239,59233,49863,62781,61748,64917,32860,39479,42237,36756,42649,29963,28905,27325,13209,17542
U:AGTTG,48315,2515,104783,101710,97220,70718,69631,71534,73216,58284,49015,61863,59412,62277,33021,38637,41724,34343,38641,30022,22811,25854,12821,16189
U:AGTTT,93507,5310,196814,198483,187625,144868,136085,140694,142531,114474,91528,118406,110206,120656,65909,73855,78102,57503,67725,57855,39493,45224,23554,26507
U:ATCAA,50500,2384,96674,99841,97407,77563,69065,72389,72862,59431,44477,57382,57086,61271,33776,35138,37008,27347,30869,29813,17311,21992,12311,11102
U:ATCAC,44598,2144,99457,92858,88344,65701,63563,65568,70697,54446,44923,57777,56861,61000,29754,35632,38464,37822,41984,27474,31741,26312,12504,17502
U:ATCAG,47491,2335,104172,99202,96373,70363,68852,70462,72758,57915,47474,61241,59922,62241,32122,37070,40976,33898,38189,29525,24267,25790,12798,16075
U:ATCAT,61787,3143,124514,125301,120202,94313,86442,89329,91664,74372,56911,74047,71660,77761,41797,45190,47835,37819,41251,36930,24995,28865,15219,16137
U:ATCCA,50592,2332,104680,97730,94939,69642,68662,69792,72746,57755,48763,60958,61004,63394,31147,36989,40533,37433,41343,28993,30844,27685,13342,17632
U:ATCCC,40520,1609,97490,83201,78516,53687,57440,57220,63427,47505,43515,53113,55455,56670,24558,33427,37540,39499,46245,24305,39102,26809,11393,19819
U:ATCCG,6067,228,15065,12797,11099,7864,8413,8612,9865,7307,7099,8493,8463,8894,3880,5322,5754,7176,8445,3709,7667,4477,2038,3813
U:ATCCT,52895,2483,119096,107365,103972,74796,74317,75384,79786,62675,53858,67041,68625,69628,33560,42215,45549,41536,47424,31648,33392,30025,13940,20189
U:ATCGA,5633,277,12686,11582,10737,7877,7839,8104,8778,6896,5776,7493,7142,7707,3816,4558,4912,4958,5995,3588,4675,3398,1718,2573
U:ATCGC,6800,251,17334,14563,12545,9170,9713,10041,11681,8410,7816,9481,9341,10452,4340,5994,6627,8391,10036,4223,9525,4998,2312,4131
U:ATCGG,4018,209,9687,8621,7676,5525,5751,5947,6694,5264,4608,5759,5712,5708,2766,3390,3773,4560,5049,2593,4388,2863,1421,2259
U:ATCGT,7443,358,16428,15535,14036,10414,10335,10721,11862,9347,7747,10018,9230,10115,5159,5970,6600,7260,7642,4797,5812,4533,2426,3271
U:ATCTA,44957,2423,88358,88758,86298,69139,62073,64361,64641,53125,39402,51218,51894,55717,29669,32025,33389,24003,27329,25737,15201,19526,10480,10318
U:ATCTC,57453,2633,132120,118766,113197,82400,81327,83850,88856,68260,58355,73822,74830,79480,36922,46800,50644,48293,55803,34332,43082,33349,16020,23030
U:ATCTG,56185,2849,127280,118528,113566,82722,81702,82776,86443,69110,58350,74135,73122,74801,38382,44587,49278,43090,48858,34981,32619,32975,15792,20893
U:ATCTT,71925,3620,152613,151192,143802,110639,103548,107293,109811,87437,70281,90058,86788,94292,50186,56491,59227,45071,52411,43930,31242,35223,18408,20511
U:ATTAA,80781,4283,166860,176400,166465,139670,122249,128570,127907,103733,75913,99528,94945,107298,61989,62465,62645,42795,49446,51551,23659,35427,20210,17446
U:ATTAC,50624,2747,110591,108243,101208,79821,73584,76574,79286,62220,50038,64495,60159,69212,35400,40905,42422,36085,42876,31410,30858,25829,12838,16577
U:ATTAG,52117,2700,113770,112352,106087,83255,76996,80478,81758,64867,50989,66169,64012,70284,37456,42258,43520,33447,40072,32940,24022,25260,13124,15184
U:ATTAT,93330,5387,188626,197423,187423,158415,136351,143642,143126,115735,85591,112899,107432,122095,67525,70482,70466,47723,56239,56841,29187,39382,21889,20180
U:ATTCA,73028,3692,149207,148825,143996,113833,103694,107405,109506,88832,68524,88123,86463,92291,51465,53673,55635,43663,48006,44054,29296,34646,18195,18565
U:ATTCC,51266,2266,107511,101421,98541,72594,71035,71912,75172,60178,49191,63090,62089,64298,32924,38216,41485,34637,39270,30090,25688,26534,13201,15989
U:ATTCG,6286,296,13349,12817,11664,8790,8668,9134,9492,7740,6319,8078,7535,8147,4379,4797,5157,5039,5550,3862,3935,3498,1905,2333
U:ATTCT,89703,4955,190928,187125,178274,138194,129316,133232,136914,108080,87103,111952,107170,117242,61517,70179,73413,56053,65912,54695,40575,43570,22542,25994
U:ATTGA,62142,3369,122999,125308,119075,94257,85864,89031,91058,73435,55876,73793,69883,75980,42535,45655,47205,33844,38667,37017,20898,27233,14838,14828
U:ATTGC,47112,2554,99438,96356,91244,68740,66091,67638,70519,56088,45243,59185,55707,61071,31339,36750,38852,33438,37449,28199,24888,24095,11775,14904
U:ATTGG,45427,2363,93912,90486,86873,64586,62079,63952,65776,51900,43214,55416,53779,56036,29613,34285,36157,29417,33086,26245,20712,22719,11206,13445
U:ATTGT,71071,4200,142249,144957,137833,108702,100345,103519,105501,84393,66727,85947,80842,88679,49191,52827,55627,40496,45675,42736,26262,32121,17199,17766
U:ATTTA,113514,6442,235594,246705,231716,192887,168423,178591,177732,144368,107589,140869,132127,150529,85038,87827,90046,61749,71789,71743,37897,50079,27968,25838
U:ATTTC,94985,5551,189396,194117,185679,146630,133518,139747,142103,114507,87660,115811,107712,118479,66225,70310,73706,53934,61102,57166,34791,42930,24096,23399
U:ATTTG,95052,5231,191468,196506,186522,145905,135013,139870,142442,113572,89104,115931,109416,118839,66140,71503,75165,54689,62207,57646,33140,43953,23427,24371
U:ATTTT,212209,12320,441362,458132,424163,346165,310594,327167,332300,264033,203149,269699,241851,282278,154824,168117,173386,126138,151167,133214,92671,99078,53978,56139
U:CACAA,50143,2492,101750,98716,97016,73010,69194,70826,73723,59170,46716,59683,60289,62303,33025,36001,39265,33389,37071,29692,24815,25547,13206,15223
U:CACAC,56988,2464,131309,121779,111372,79647,81251,82107,91717,71258,61381,78403,76980,76765,38606,45003,50200,54204,58686,37091,49021,38435,20289,28210
U:CACAG,57491,2950,144154,128534,121958,84879,87103,88118,96904,76507,68385,83517,86702,81448,40592,48660,55921,59054,64263,39036,49687,42191,20360,31482
U:CACAT,62322,3172,128775,126571,122041,91709,87392,90176,93211,75706,60341,77073,76455,78928,42273,45943,49970,43318,46021,37989,30926,33496,17506,20451
U:CACCA,59603,2715,143630,124335,117058,81926,84084,85257,95274,72029,65442,80590,80540,83506,37780,50227,56046,60553,69887,36349,58423,40586,18448,31387
U:CACCC,40455,1700,104412,85082,78028,51745,56758,56887,66611,48678,48530,57623,62548,57949,24344,34961,39574,49155,56942,25014,52819,32538,14675,27285
U:CACCG,9346,401,26303,21190,17909,12975,13808,14132,17426,12670,12450,14993,14873,15029,6601,9127,9928,13997,16285,6292,15961,8172,4019,7849
U:CACCT,53011,2289,139490,117449,109023,74346,78351,80141,89816,67053,63007,77337,78432,78283,35247,47725,53517,59670,68234,34646,56941,40347,17786,31679
U:CACGA,7775,350,18763,16387,14839,10705,11057,11581,13056,10030,8917,10993,10594,11107,5145,6761,7518,8779,9919,5055,8992,5618,2877,4643
U:CACGC,11796,417,33267,26767,22534,16090,17304,17989,21803,15608,15254,18434,18223,19376,8085,11808,12814,17833,21409,7990,20676,10453,4913,9778
U:CACGG,7923,310,23480,19308,16263,11619,12724,12718,16010,12279,11442,13764,13948,12992,6096,7880,8915,13238,14564,6037,13746,7840,4277,7334
U:CACGT,11206,576,26582,24876,21866,16124,16229,16666,19975,15894,13334,17298,16086,16241,8606,9708,10583,13886,14190,7721,11679,8677,4817,6927
U:CACTA,32246,1428,67429,64805,62493,47313,44460,46067,46978,37311,30096,38079,38866,40639,20999,23935,25384,20332,24011,18943,14934,15875,7889,9473
U:CACTC,40644,1636,101058,87434,81164,57509,58937,59494,66112,50310,45252,55974,57829,57684,26341,34482,38422,40689,46715,26054,39121,28193,12991,21035
U:CACTG,65215,3000,163792,143742,134136,93270,96308,97972,107386,82582,75213,92840,93186,94157,43629,57319,63627,66380,76084,42857,60694,46160,20790,35048
U:CACTT,63916,3169,146275,135118,127897,93884,92553,95395,100769,77828,66827,83596,82216,87902,43121,52491,56887,52650,59641,39994,42038,37950,17723,25221
U:CATAA,51894,2987,103361,107922,103262,84136,74808,78311,78420,64246,47674,62032,59891,65197,37124,37461,39460,27876,31972,31806,18125,23358,12650,11669
U:CATAC,32400,1753,64365,64313,60776,46499,43993,45264,46596,37666,29859,37773,37147,38825,21338,23314,25479,19584,21808,18862,14743,15252,8085,8845
U:CATAG,41360,2096,86612,82834,79798,60785,57686,59380,61394,49039,38919,49877,49879,51649,27669,31190,32982,27069,29683,24507,18847,20724,10083,12632
U:CATAT,66032,3848,124748,130777,125578,100801,90131,94059,94498,76622,57333,74992,72003,79363,44832,46305,48002,32815,37673,38148,20956,27307,14911,13864
U:CATCA,51917,2480,108889,104681,102223,75402,72534,73948,77608,62417,50568,64864,64793,65648,34156,38284,42301,38576,41288,31792,28617,28548,14321,17916
U:CATCC,40670,1744,94386,81745,78330,53640,56373,56726,62668,48640,44647,53542,56204,54696,25100,32121,36166,39214,43368,24794,35749,27413,12588,20473
U:CATCG,5724,254,14711,12769,11146,8182,8741,8767,10192,7965,7022,8766,8634,8718,4233,4996,5647,7186,7787,4046,6865,4567,2300,3631
U:CATCT,63964,3033,145866,133486,128231,91560,92222,94135,99952,77945,66942,83880,84577,86159,42207,51355,56373,53235,59267,39423,42433,38992,18583,25749
U:CATGA,55017,2869,121148,115867,109774,82276,79330,81771,85094,68804,55352,71301,69560,72765,38029,43357,46496,41695,46108,34525,32420,31242,15645,19666
U:CATGC,43913,1981,105794,94346,88207,62952,63873,64707,70744,55243,48459,61415,59643,62030,29478,37206,40538,42372,46537,28338,35898,29330,13862,21555
U:CATGG,53216,2421,127659,113275,108280,74747,76582,77378,85230,66717,58346,73823,74494,73562,34789,44546,50138,51049,55913,33745,43501,36048,17006,26255
U:CATGT,67946,3616,143546,138960,133020,98820,95235,97659,102643,82072,67673,86999,82764,86946,45496,52795,56098,50447,55331,41336,37952,37622,18885,23920
U:CATTA,56278,2877,111973,116196,110819,88835,80199,83675,84165,67936,51707,66782,64158,70202,39384,41076,42959,30635,34446,34163,17482,24818,13253,12647
U:CATTC,57378,2785,121808,114733,111530,83487,80372,81506,85264,67793,56585,71802,70708,72904,37478,43286,46517,40245,44233,34609,28916,30699,15229,19173
U:CATTG,57650,3088,117527,114833,109670,82036,78909,81083,84099,67520,54872,70452,67412,70879,37738,43027,45974,38698,41753,34076,26919,29028,14662,17764
U:CATTT,126865,6928,253420,260420,247948,191887,178345,185516,188929,152532,119315,154996,145226,157827,88053,94197,99600,75534,83235,76893,46254,59778,31437,33002
U:CCCAA,52355,2151,120956,104705,100285,68453,71743,71986,78192,58924,54318,66995,69006,70503,31049,42161,46465,47566,56789,30431,45169,33655,14459,24252
U:CCCAC,45450,1750,114246,93779,87614,58502,63930,63422,72460,54385,53108,62604,68157,62240,27377,38166,43305,50548,57961,27582,51986,34431,15712,28402
U:CCCAG,80573,3074,230306,180818,166019,107017,120686,118622,140528,101314,104978,123291,130821,125796,51030,78071,88603,107613,127928,51389,116116,69417,28503,59468
U:CCCAT,47541,2093,107358,94101,90987,62318,64985,64919,70630,54760,49831,60790,63682,61345,28831,36870,41323,41687,46317,27795,36035,29993,13478,21476
U:CCCCA,53838,1770,137546,110267,103034,65921,74575,72992,84211,62993,64005,73755,83642,74149,31324,45285,51720,61845,72575,32123,66187,42675,18233,34624
U:CCCCC,33284,1017,83634,66323,58809,37721,43542,43057,50948,37246,39907,44531,50872,45424,18669,27834,30408,40858,48767,19177,49042,27141,11578,23122
U:CCCCG,11245,313,33742,25195,19883,14218,16334,16198,21783,15579,17173,17978,21027,18332,7749,11258,12129,20088,23322,7456,26581,11761,5651,11355
U:CCCCT,41615,1470,108843,86699,80641,51059,57968,57625,66510,49227,50389,58457,66353,58661,24325,36270,40467,48140,57484,24914,49767,33331,14371,27855
U:CCCGA,8751,410,22817,18303,15405,10921,11661,12038,14356,10870,11153,12713,13325,13073,5315,7891,8485,12462,14378,5198,14981,7255,3392,6783
U:CCCGC,10895,354,32107,24059,19252,13997,15549,15983,20375,14466,15582,16448,19282,17311,7155,10977,11602,18216,21706,7150,24626,10710,5036,10438
U:CCCGG,15092,431,45198,34023,27593,19498,21966,21742,28302,19525,21972,23657,25474,25420,10101,14985,16442,24912,30869,9641,32666,14495,6592,14384
U:CCCGT,8465,358,23124,18750,15899,11318,12471,12314,15770,11379,11629,13082,13446,13191,6051,7831,8648,12947,14595,5665,14016,7612,3792,6936
U:CCCTA,28811,1097,63600,56054,54414,37424,39009,38929,40963,31629,28562,34768,37806,36066,16712,21866,24200,21912,26236,16460,19451,16596,7268,11028
U:CCCTC,45459,1497,118062,94432,87116,56677,63634,63447,72901,54812,54066,62868,70987,63906,26588,38483,43633,51676,61012,27890,53464,36229,15923,29325
U:CCCTG,51974,2120,151870,119255,110512,69912,79458,77636,92612,69272,71328,81762,91563,79715,33640,49557,56992,69773,80635,34785,70189,47432,20525,41437
U:CCCTT,52048,2321,119808,103941,100264,67430,71088,71892,77717,59397,55116,66824,70635,66874,31280,41262,46445,45068,51729,30562,36599,32745,14985,23224
U:CCTAA,37033,1768,79917,76933,74020,55400,53321,54388,55583,44446,35904,46147,46421,48184,25072,28468,30564,24272,28437,22686,16353,19023,9561,11212
U:CCTAC,26297,1286,58828,51367,49994,34859,35323,36180,37571,29353,25459,30878,33992,32958,15600,20060,21903,19486,23186,14846,16472,14793,6478,9794
U:CCTAG,33863,1578,79431,68709,66900,45497,47459,47709,50209,38890,35129,43023,46069,44534,20629,27337,30266,27587,32446,19855,22422,20391,8558,14125
U:CCTAT,35565,1698,73817,69651,67662,50647,48681,48798,50092,39373,33024,41437,42690,44052,21900,26295,27507,21791,25721,20063,16874,16909,8223,10085
U:CCTCA,65293,2711,162864,136358,130301,87487,93885,94684,102867,77554,73627,88552,92210,92228,40780,55434,62383,67122,78274,39590,65341,46577,20214,36026
U:CCTCC,76978,2653,207410,164275,148492,99003,108107,109713,128175,94591,94281,111721,116497,116619,46613,70568,78023,95078,113631,47871,103278,61905,26368,52389
U:CCTCG,11364,425,32637,25864,21577,15273,16718,17076,20777,15273,15667,17838,18280,17954,7619,11101,12230,16958,20143,7591,19672,10164,4726,9561
U:CCTCT,63931,2746,158492,134042,127230,85910,91054,92597,100829,77761,72123,86934,94269,88655,39234,54414,60882,62072,73307,39341,55308,44278,19879,33593
U:CCTGA,58135,2586,148159,125382,118100,80752,85480,86289,94296,72154,67421,82158,85018,82740,37649,50388,56246,59048,69687,36633,55837,40904,18393,31881
U:CCTGC,49661,2332,143649,116300,105987,69361,76629,76197,90725,68201,67500,79775,85731,77473,33256,48326,54601,67156,78005,34627,66049,44830,19986,39320
U:CCTGG,72984,2808,218999,169412,154657,99088,111424,109753,132199,96214,99708,117475,124374,117384,47030,73383,82843,102399,119921,47985,108148,65720,27574,58472
U:CCTGT,62433,3021,165522,141237,130541,89421,94547,95877,108113,80918,76445,93193,92841,93917,43272,57429,64827,69764,80060,41764,65156,46682,21206,38033
U:CCTTA,39199,1899,86114,80758,78090,57689,55821,57407,58216,46524,38706,48615,49057,50745,26265,30751,33301,26247,30276,23803,18852,20383,9979,12394
U:CCTTC,56964,2569,135933,116948,111366,77044,79535,81678,89003,68706,62028,76074,80185,76149,35244,45993,51689,52076,59614,34577,44733,37581,17166,26428
U:CCTTG,52705,2393,126142,109619,105835,71677,75024,75514,81948,63140,58652,72701,74027,71091,33048,44491,49274,49535,55276,32452,39341,35605,15682,26319
U:CCTTT,83481,4079,178582,169787,162760,117415,115930,118629,123709,96924,82960,104701,102961,105053,53920,65279,70392,57720,67688,49833,41027,44082,21808,28203
U:CGCAA,4976,243,11711,10108,9184,6612,6871,7166,7849,6098,5275,6584,6698,6882,3153,3921,4404,5127,5972,3072,5172,3303,1596,2500
U:CGCAC,5815,195,15923,13194,10745,7871,8381,8856,10587,7932,7599,8971,9181,9103,4027,5577,6063,8802,9936,4029,9640,5148,2599,4691
U:CGCAG,7509,355,22313,18034,14771,10883,11767,12036,14981,11296,11038,12664,13336,12150,5828,7374,8496,12373,13786,5602,13809,7533,3790,6771
U:CGCAT,5657,251,13097,11664,10260,7555,7662,8110,9360,7117,6300,7638,7622,7538,3864,4560,5088,6323,7039,3676,5964,3941,2130,3241
U:CGCCA,10876,413,29136,23189,19967,14050,15193,15423,18511,13320,13593,15498,16173,16539,6889,10123,11105,14722,17921,6629,17855,9036,3975,8379
U:CGCCC,12848,445,36628,27853,22641,16562,18075,18561,22910,16127,17646,18905,20717,20704,8111,12670,13414,19936,25003,7840,27646,11729,5275,11667
U:CGCCG,3409,111,10302,7698,5744,4529,5080,5176,6350,4880,5322,5188,6091,5461,2339,3531,3642,6342,7214,2582,8242,3684,1628,3315
U:CGCCT,16277,487,46316,35842,30566,21139,23272,23999,28727,20070,21201,24244,24913,26684,10481,16256,17711,23950,29890,10143,29941,14043,6192,13600
U:CGCGA,1986,51,5341,4117,3361,2536,2784,2894,3435,2544,2595,2823,2931,3088,1294,1944,1998,2956,3680,1226,3977,1629,746,1684
U:CGCGC,4408,143,12637,9971,7632,5925,6622,6850,8171,5942,6118,6526,7008,6915,2916,4371,4741,6740,8743,3027,10025,4255,1943,4033
U:CGCGG,3735,85,11514,8707,6315,5309,5914,5971,7311,5403,5752,5898,6756,6000,2875,4119,4078,6638,7912,2747,9163,3861,2012,3939
U:CGCGT,1728,81,5071,3987,3010,2513,2763,2700,3700,2780,2578,3064,2954,2847,1421,1693,1815,3130,3509,1365,4095,1854,1056,1713
U:CGCTA,3674,156,8781,7698,6894,5004,5224,5412,5903,4476,4071,5078,5244,5137,2505,3076,3435,3772,4285,2279,3695,2527,1230,1845
U:CGCTC,6904,224,19619,15825,13197,9718,10394,10642,12887,9575,9653,11209,11609,11320,4844,6889,7513,10547,12268,4730,11842,6452,3006,5977
U:CGCTG,8058,366,25379,20082,16399,12216,13538,12946,16727,12706,12558,14335,15096,13455,6372,8422,9368,14183,15578,6056,15303,8347,4310,7480
U:CGCTT,7996,359,21120,17963,15450,11089,11365,12201,14204,10471,9871,11791,11504,12184,5615,7532,8127,10461,11646,5302,10703,6156,2913,5071
U:CGTAA,5731,365,12949,13000,11843,9065,8728,9244,9797,7917,6317,8075,7370,8179,4453,4841,5177,4943,5270,4159,3277,3396,1897,2191
U:CGTAC,3389,193,7717,7180,6363,4802,4778,5027,5519,4338,3682,4546,4375,4634,2392,2782,3087,3286,3666,2152,2639,2163,1111,1633
U:CGTAG,5377,341,12428,11427,10592,7738,7796,8097,8928,7117,6036,7555,7077,7459,3904,4496,4979,5258,5713,3467,4284,3460,1826,2600
U:CGTAT,7277,473,14885,15229,14089,10885,10216,10587,11411,9108,7188,9295,8563,9309,5354,5585,6237,5461,5796,4806,3760,3764,2103,2352
U:CGTCA,6050,318,15073,13376,11952,8951,8675,9222,11108,8470,7320,9007,9002,8820,4551,5192,5879,7763,7809,4015,6717,4677,2519,3712
U:CGTCC,5471,237,15569,12513,10300,7711,8286,8183,10689,8131,7915,9088,9391,8748,4273,5074,5660,9557,9860,3939,10372,5434,2837,5044
U:CGTCG,1367,92,3791,2927,2267,1790,1912,1996,2702,1963,1845,2067,2213,2024,943,1361,1295,2247,2506,984,2601,1309,697,1120
U:CGTCT,10777,431,28123,23756,20857,14921,15934,16162,19546,14206,13411,16182,15971,16596,7597,9776,10963,13981,16188,7156,14631,8423,4196,7354
U:CGTGA,12955,624,33455,28669,25466,18356,19100,19850,22653,16778,15768,19498,18319,19892,9299,12183,13276,16625,19283,8700,17110,9853,4987,8872
U:CGTGC,9136,312,24714,20533,17259,12509,13495,13496,17019,12909,12315,14735,14234,14271,6632,8493,9582,13923,15277,6425,14209,8166,4186,7436
U:CGTGG,12169,477,35009,28649,24044,17243,18694,18267,24065,17624,17449,20493,20180,19654,9202,12074,13305,19799,21705,8784,21236,11796,6099,10720
U:CGTGT,11105,580,28291,25317,21448,16083,16364,16744,20429,16188,14308,17708,15988,16486,8775,9740,11005,14537,15480,8021,12708,8922,5018,7781
U:CGTTA,5789,324,12616,12686,11453,8991,8614,8731,9495,7759,6049,7917,7047,7910,4221,4613,5235,4892,5012,3857,3098,3342,1825,2161
U:CGTTC,6102,328,14463,13001,11650,8665,8745,9319,10548,8230,7293,8851,8481,8776,4358,5306,5826,6872,7412,4108,5972,4373,2529,3433
U:CGTTG,7160,367,16110,15135,13414,9889,9939,10144,11665,9293,8171,9925,9108,9699,5054,5903,6347,7630,7953,4741,6042,4713,2529,3660
U:CGTTT,12277,678,26104,25956,23384,17654,17111,18231,19820,16028,13284,17007,14911,16406,9126,9830,10674,11070,11636,8358,8069,7345,4194,5173
U:CTCAA,57566,2332,131303,118868,113211,82535,81492,83009,87750,67520,58002,72785,72785,78675,36292,46330,50110,48035,55484,34064,42428,33997,15262,22315
U:CTCAC,51585,2115,130798,112049,103500,71834,74840,76270,85306,64257,59007,72286,73715,74880,33798,44904,49963,54195,62884,32888,53676,36800,17169,28553
U:CTCAG,71278,3066,189788,158194,150159,100772,108026,108475,119267,90690,85889,104679,107566,106412,47098,64749,72260,79376,91956,45974,75429,54507,23546,42583
U:CTCAT,58931,2913,131035,120288,116721,85914,83839,85562,89478,71112,59521,74570,75563,77315,38850,45948,49174,44935,49041,35780,33904,33408,16245,21201
U:CTCCA,60926,2527,153492,129924,122499,84124,88021,88978,98746,74992,68196,84222,88420,87097,38819,52077,58614,61835,72409,38285,58695,42746,19229,32150
U:CTCCC,68276,2365,179496,142504,130118,86494,95254,95541,110730,81424,81326,96466,102260,100100,40650,60562,67218,80564,97254,41407,86664,53322,22907,44308
U:CTCCG,10549,349,30290,23589,19953,14285,15520,15896,18983,14061,14383,16462,17225,17052,7039,10056,11299,15609,18827,6980,18188,9334,4445,8738
U:CTCCT,78138,3295,201744,166769,154677,105157,111987,114436,128667,96230,90653,110574,114306,113662,49172,69215,76852,82343,98277,49104,81145,56037,24723,44874
U:CTCGA,8581,308,21437,17761,15786,11184,11817,12205,13937,10285,9806,11849,11533,12641,5292,7589,8231,10034,12056,5212,11014,6285,2826,5386
U:CTCGC,7389,250,20406,16083,13453,9858,10562,10709,13040,9656,9632,11163,11374,11225,4948,7008,7715,10230,12157,4765,11884,6387,2957,5635
U:CTCGG,13427,531,38739,30246,25718,17808,19604,20063,24354,17237,18278,20989,21136,21685,8798,13314,14515,20234,24502,8774,23695,11871,5298,11277
U:CTCGT,8128,402,20737,18056,16003,11766,11921,12368,14255,10849,10127,12186,11509,12104,5818,7377,8083,9634,10975,5531,9263,6065,3125,5212
U:CTCTA,46864,1999,105128,96541,92176,67205,66057,68017,71346,54991,45907,58137,59832,62615,29931,37544,40195,35543,41488,27551,29614,25461,11867,16819
U:CTCTC,62584,2703,145029,123637,118062,81120,84923,86631,94083,72565,64724,79522,84709,82268,37184,48591,53890,53929,62897,36636,50445,38846,18300,27646
U:CTCTG,77117,3424,198338,168993,159846,108322,114413,114336,126929,97771,92357,111299,116781,111563,49894,67728,76302,80164,92915,49407,71637,56298,25210,43588
U:CTCTT,79095,3983,175172,161348,155819,113239,111516,114219,119464,93610,79666,100214,100639,103377,51146,63029,67987,57873,66768,47415,42773,43641,21378,28464
U:CTTAA,56475,3096,121663,122580,115852,92411,84613,88132,87137,70858,55210,70689,68182,75429,41531,45253,46417,33851,38866,36172,19842,26825,14384,14798
U:CTTAC,32374,1713,73073,69589,66697,50778,47843,49941,51217,40960,32957,41541,41520,43912,23206,26387,27928,22291,25329,20714,15345,17290,8732,10494
U:CTTAG,40011,2039,90762,85099,81907,60482,59241,60923,62415,49469,41266,52545,52081,53885,28109,32368,35409,28770,32713,25400,18458,22052,10711,13800
U:CTTAT,54046,2849,111854,111934,107713,85381,77623,80711,81229,65562,50792,65703,63844,69291,37662,41363,42689,30041,35001,32677,19102,24334,13231,13125
U:CTTCA,64584,3333,141993,134635,129549,95743,92528,96126,98696,78973,64842,81026,83377,84108,43337,50291,54708,46055,52373,39602,34028,35453,17503,22140
U:CTTCC,65902,2799,158562,136922,130154,90294,93169,94812,103781,80502,72518,89425,93594,89473,41589,53841,60340,61239,70050,40576,51238,43898,20218,31289
U:CTTCG,7249,382,17457,15369,13599,9741,10129,10634,11842,9371,8392,10094,10379,10112,4856,6018,6822,7962,9028,4591,7674,5133,2521,4180
U:CTTCT,84603,4365,188077,173386,167468,121002,119176,122879,128699,101441,85361,107772,109463,110095,54313,66619,72580,61965,71397,51245,44932,47619,23263,30455
U:CTTGA,60509,2946,140411,129058,122180,88243,86664,90351,95053,73398,63844,80500,77610,83819,40590,51144,54473,50874,57986,37677,41499,35760,16541,24392
U:CTTGC,41788,1978,97869,87724,84307,58972,60306,60529,64775,50681,45682,56680,57046,56616,27034,35028,38774,37218,41555,26117,28464,27022,12507,19451
U:CTTGG,56074,2445,141118,120586,114751,77402,82162,82136,89709,69091,65181,80685,80893,79600,35890,49756,54847,57022,64009,34879,46652,39418,17440,29358
U:CTTGT,56575,3121,122934,117726,112501,81745,80172,82624,86607,68075,58282,73603,70934,73227,37946,45615,48840,42238,47708,34788,30446,31819,15350,21068
U:CTTTA,74881,4047,154482,158053,149576,118666,107756,112736,113013,91060,70902,91744,87435,95098,53085,58304,60321,42335,49906,45850,26012,34129,18545,18921
U:CTTTC,80803,4388,173630,164051,156947,114879,112463,115983,121636,95228,80118,101483,99895,103374,52747,62073,67019,55906,64342,48443,40668,42690,21940,26607
U:CTTTG,87113,4297,190219,178800,171757,124316,122260,124488,131613,102524,87492,111894,109094,112574,56749,69384,75178,64516,74150,51919,47223,47998,22915,31477
U:CTTTT,140835,7756,296187,295795,277709,213411,200999,208648,213274,168481,137307,177582,163429,181410,97044,111916,117234,87531,103867,86071,60887,68216,35858,40317
U:GACAA,39225,1999,82806,79572,77346,57770,55552,56447,57881,46907,36965,47403,48823,50020,25626,29043,32009,26339,30009,23609,19706,20465,10213,12108
U:GACAC,27764,1374,65211,59352,56643,40722,40286,41769,45051,35800,30462,38614,39497,37832,19337,22130,25318,25591,28177,18278,22515,18315,9453,12970
U:GACAG,47271,2148,122193,104978,98447,67586,70152,71715,79046,61199,55526,68124,69388,69142,32260,41960,46588,49047,56394,31102,46177,33928,15438,26177
U:GACAT,42836,2528,89993,88746,84273,63205,60389,62200,64278,52436,41578,53947,52631,54160,29061,32028,34777,29930,32318,26318,22188,22702,11803,13645
U:GACCA,33866,1398,85969,73898,69447,47415,49851,51052,55406,41626,38585,47101,48344,48984,21995,29585,33449,34625,40633,21564,32652,23762,10533,17808
U:GACCC,23035,964,63591,50251,46444,30398,33475,33326,39797,29568,29250,33979,37942,33602,14477,20724,23831,29234,32858,14465,32754,19641,8350,15967
U:GACCG,4180,182,11647,9468,7894,5760,6162,6348,7599,5731,5834,6372,7021,6547,2982,3897,4350,6379,7007,2789,7051,3800,1775,3580
U:GACCT,34967,1490,89581,75682,71658,48338,51155,51508,56539,43069,40624,49649,51408,49878,22565,30755,34367,35573,42387,22133,34069,25184,10989,19512
U:GACGA,5048,201,11965,10350,9179,6744,6948,7168,7978,6467,5761,6864,7101,6991,3483,4036,4653,5530,6438,3161,5742,3568,1661,2965
U:GACGC,3897,181,11199,9175,7369,5581,6119,5939,7622,5833,5555,6375,6736,6270,2965,3777,4144,6327,7030,2736,7522,3916,2034,3435
U:GACGG,8848,341,24462,19277,16320,11735,12851,12662,15957,11159,11706,13587,13590,14015,6141,8328,9437,12430,15201,5737,15151,7846,3599,7225
U:GACGT,5936,370,14830,13485,11798,8601,8979,9165,11013,8695,7467,9324,8771,8868,4499,5225,5825,7605,8026,4392,6786,4699,2612,3708
U:GACTA,27664,1323,60362,56723,54611,41094,39071,40631,41249,32366,26906,33971,34070,36185,18497,22393,23212,18766,23187,16257,14610,14316,6798,9115
U:GACTC,28237,1429,73719,62828,58928,41052,42411,43263,47610,36080,33034,40216,41883,41675,18894,25140,28106,29258,34119,18457,28340,20334,9214,15125
U:GACTG,36097,1738,88373,78151,74043,51103,53121,54558,57577,44722,40291,49862,51182,50072,24592,30425,34082,33219,37414,23161,27120,23358,11247,16904
U:GACTT,44637,2285,100051,95150,91457,67299,65585,67739,69244,55918,46167,58323,58677,58893,30998,36008,38794,32428,36541,28494,22441,24778,12475,15514
U:GATAA,47038,2455,98169,97919,94355,75501,68303,71271,71269,57781,44174,56603,56363,61280,33616,35694,37125,26910,30304,29051,15498,21160,11452,11234
U:GATAC,25893,1412,53613,53273,50466,38679,36532,37542,37955,30968,24754,31314,30847,32603,17591,19339,21013,15871,18100,15553,10249,12411,6410,7311
U:GATAG,32365,1709,67987,64594,62388,47477,44837,46202,47513,37879,30507,38647,39134,40689,21817,24322,25896,20128,23122,18896,13717,15613,7895,9275
U:GATAT,48904,2982,94062,96749,93713,75255,68123,69877,69833,56831,42640,56124,54579,59167,33238,34959,36123,23676,28010,27919,14651,19758,10995,10083
U:GATCA,39899,1675,92421,84115,78912,57455,56792,58726,62781,48438,41286,52457,51156,55862,26376,33076,36096,34292,39701,24503,29749,23794,10825,16259
U:GATCC,27640,1152,67164,56699,53197,36786,38838,39374,42992,32534,30073,37043,37573,38349,16859,23116,25661,27213,31563,16422,26853,18341,8097,13826
U:GATCG,6542,256,16642,13955,12232,8727,8991,9461,11070,8006,7439,9168,8875,9913,4236,5824,6517,7914,9597,4056,9144,4643,2161,4136
U:GATCT,42555,2058,98184,88070,83547,60996,60495,61344,65155,50710,44062,55833,54991,58284,27723,34910,37973,35059,41025,25402,30606,24869,11538,17355
U:GATGA,50336,2273,111666,103090,98538,73178,71536,72875,75907,60828,50886,64630,64414,66580,33930,39042,42307,37775,41394,30591,27019,28493,13754,18008
U:GATGC,28688,1386,68673,61864,58360,41055,41744,42495,45936,35976,31543,39881,40036,39021,19354,23343,25632,26224,28428,18536,19762,18810,9301,13264
U:GATGG,50475,2206,122566,105892,100566,69821,72299,72734,80890,61983,56698,70645,71104,71022,33004,42713,46977,51295,55997,31183,46323,34808,15433,26397
U:GATGT,44137,2507,96881,93591,88954,65149,63817,66149,69424,54879,45075,58318,56213,58120,31051,35042,37995,32535,36133,28148,23926,24920,12716,15666
U:GATTA,51155,2450,115121,109279,102383,79763,74597,77469,80315,62386,51454,66001,62535,70793,35708,42388,44129,37424,45265,31285,31304,26852,13202,17793
U:GATTC,40206,1867,88012,81997,78671,57686,56878,57684,61064,47962,40448,50949,50018,52202,26227,31427,33737,29890,34638,23827,24350,21869,10670,14077
U:GATTG,39667,2026,87280,82205,77887,57378,55749,57439,60664,47053,39567,50628,48509,52008,26582,31829,33695,29463,33116,23988,22300,21204,10274,13402
U:GATTT,79396,4521,163931,166335,156372,123134,114591,119692,120515,96526,76072,99712,91972,102272,56381,61785,64925,47068,54393,49489,29568,37634,20363,20922
U:GCCAA,40238,1835,95046,83865,80062,55886,57847,58079,62435,47469,42346,52622,54168,55075,25618,33250,37075,36194,42451,24339,31461,25888,11465,17955
U:GCCAC,43329,1730,114649,94723,87518,58711,63440,63490,73093,53687,52779,63027,64258,64724,27952,40130,44705,52312,61596,27949,53197,34706,14974,28467
U:GCCAG,50415,1940,139756,113361,105688,69622,76134,74475,85812,63563,64695,76338,81648,75495,32028,47381,53974,62192,72713,32521,59426,41948,17457,35376
U:GCCAT,43689,2088,98567,89129,86023,59809,61072,61691,66451,51725,45120,57271,56932,56934,27950,35043,38417,37454,41886,26305,30394,27180,12659,18973
U:GCCCA,45855,1954,124257,99768,92865,60039,66653,65665,76278,55590,57769,67658,72258,67621,28153,42403,47816,56241,66428,28349,57332,37803,15765,32171
U:GCCCC,28618,885,85142,63656,56875,35685,42300,40784,50797,36972,41011,44829,53565,43541,17504,27481,31242,43601,51052,18213,49725,28129,12160,26039
U:GCCCG,11207,338,33181,25277,20632,14705,16114,16130,20766,14685,16465,17347,18961,18305,7247,11207,12280,18414,22591,7086,23664,10784,4963,10800
U:GCCCT,35093,1444,98682,78806,73298,46224,52821,51543,60267,45481,46645,52833,59963,51003,22323,32043,37452,43468,50527,23190,41605,30179,13279,26284
U:GCCGA,8954,348,25237,19925,16953,11946,13067,13377,15970,11463,11651,13441,13785,14403,5799,8793,9837,13141,15931,5692,14762,7671,3300,7053
U:GCCGC,7272,203,21605,16309,12618,9548,10706,10737,13651,10102,11075,11178,12637,11198,4975,7353,7652,12760,14064,5085,15078,7396,3523,7031
U:GCCGG,9689,304,31329,23072,18912,13280,15075,14721,19228,13685,15379,16563,17837,16683,6876,10382,11480,17759,21050,6633,21625,10364,4758,9940
U:GCCGT,5669,300,16864,13936,11726,8728,8955,9255,11699,8955,8510,9925,9785,9450,4676,5767,6439,9710,10086,4450,9312,5744,3189,5148
U:GCCTA,27251,1442,61968,54968,53522,37323,38096,38072,39465,30950,27320,33718,35800,35451,16558,21634,23714,20943,24690,15564,16859,15324,6718,10527
U:GCCTC,63370,2406,174715,139272,126840,84656,92866,93111,107692,78635,80147,95377,96270,99172,39904,61155,67350,82101,98211,39568,87440,52258,21928,45729
U:GCCTG,63464,2672,185857,147612,134120,88292,97077,96938,114782,83435,84691,100862,104649,102033,41713,63523,71427,87561,102289,42423,90694,55210,23365,49240
U:GCCTT,47595,2220,115521,102330,97526,67015,69723,69836,75333,58912,54255,66466,67596,64958,31208,40918,45089,43908,50098,30061,35973,31588,14474,23130
U:GCTAA,37355,1643,86112,80460,76037,56307,55056,56300,58662,45893,38897,49238,47929,52549,25618,31312,33613,29412,35482,23109,24322,21068,9980,14208
U:GCTAC,25881,1101,60931,53865,50727,36542,36742,37947,40101,31125,26911,33393,33921,36385,16858,21680,23931,23096,27719,15408,21256,16110,7179,11369
U:GCTAG,26490,1251,59532,52940,51274,36007,36375,36907,38228,29714,26397,32806,34379,33954,16230,21082,22761,19850,23692,15246,14833,14858,6464,10241
U:GCTAT,35233,1628,71598,68922,67029,51540,48111,48930,50566,40063,31783,40988,41364,43397,22541,25847,27237,20737,24315,19799,14359,16384,8350,9250
U:GCTCA,49371,1915,130835,108282,101274,69588,73469,73157,82976,62649,58785,72083,72746,74900,32295,45198,49722,56115,64786,31879,53733,37202,16129,29258
U:GCTCC,30802,1168,86013,69036,63078,42183,46309,45855,52828,40113,39534,46718,51426,45038,20156,27711,32103,37295,43711,20386,35019,25658,11807,21534
U:GCTCG,5225,213,15410,11847,10129,7366,7860,7978,9676,7286,7495,8392,8794,8169,3655,5126,5621,7856,8632,3552,8063,4836,2258,4269
U:GCTCT,46454,1957,116143,101034,95378,65209,68263,68581,75531,58423,53766,65916,68719,64971,30557,39996,44846,45709,52443,29662,36985,32458,14997,24863
U:GCTGA,51568,2416,134186,114671,108011,74098,77186,78421,85981,65502,60377,74971,75911,76598,34694,46355,52217,54996,63366,33604,49158,37363,16680,28501
U:GCTGC,40430,1799,108808,91643,83915,56803,60738,60749,70419,53882,51589,61800,66325,59309,27212,37414,42002,49838,55701,27129,43345,33093,15560,27613
U:GCTGG,71049,2721,204696,162464,148462,97636,107483,106718,125599,91956,95022,112904,115055,114225,45888,71422,78694,96925,115026,45849,101628,61648,25780,54379
U:GCTGT,47863,2381,122370,108313,101652,71367,72995,74018,82117,63956,57674,71490,70914,68354,34599,42854,47456,49035,53252,32823,38155,34525,16910,26051
U:GCTTA,33454,1824,74874,71870,68902,52382,49357,51016,51848,42061,33961,43404,42656,44873,23547,27531,28700,23458,26162,21179,14873,17855,8883,10758
U:GCTTC,41037,1810,99265,88120,83671,58646,60418,61340,66125,51547,46426,57011,58829,56571,27018,34288,38403,38490,43005,26100,29907,27610,12933,19746
U:GCTTG,40152,1824,97804,86930,81622,56300,58378,59244,64715,49758,45776,56965,56001,56392,26520,35156,38632,39581,44794,25469,32450,27219,12312,20486
U:GCTTT,68239,3673,148883,143553,136585,101601,98068,101435,104800,82983,69404,89155,84979,88747,47429,54907,58562,48339,54433,42686,31462,37205,18583,22949
U:GGCAA,40704,1689,92981,83532,80747,56863,57113,58209,61153,47864,41438,51912,54078,55174,25445,32435,35987,34142,38615,24008,28477,24656,10789,16157
U:GGCAC,30928,1305,85056,69759,64165,43521,46779,46252,52914,40626,39110,46880,49040,46930,20473,28791,32122,37381,42473,20378,35259,25056,10989,20873
U:GGCAG,55666,2112,160269,129531,120155,78975,86680,85191,98623,73818,73540,88063,94119,86482,37436,53663,61774,71237,83740,37152,67214,47765,20330,40970
U:GGCAT,44004,2141,106279,94641,89088,62002,63839,64654,70274,54043,48580,61489,60035,61177,29119,37426,41404,41179,46560,27286,35121,29342,12916,20826
U:GGCCA,45654,1816,124403,101050,94271,61135,67234,66237,77405,56753,57414,68508,71354,68196,28773,42166,48167,56494,66077,28769,56733,37806,16030,31462
U:GGCCC,26870,918,81105,61126,54703,33440,39638,37701,47639,34943,39650,42615,50705,40288,16566,25863,30310,41159,47542,16978,45429,26839,11420,25437
U:GGCCG,11095,302,34403,25508,20679,14839,16596,16355,21542,15415,16933,18126,19544,18292,7649,11694,12691,19995,23131,7299,24073,11552,5264,11197
U:GGCCT,43386,1877,119571,95624,88701,56908,63346,62689,72805,54395,56261,65414,70795,63654,26539,40672,45688,54819,63717,27112,55089,36881,15583,32380
U:GGCGA,7210,264,18693,15461,13007,9196,10056,10197,12159,9015,8743,10342,10736,11072,4560,6779,7346,9756,11578,4464,11423,5679,2604,5319
U:GGCGC,9997,311,30877,23435,19180,14063,15347,15396,18888,13506,14812,15957,16896,16913,7071,10541,11573,16160,20348,6654,21837,9708,4354,9774
U:GGCGG,14802,508,44129,33396,26985,19307,21608,21459,26706,18677,20897,22328,24076,23696,9566,14971,16300,23494,29110,9195,31734,13871,6249,13615
U:GGCGT,11272,456,31856,25181,21314,15558,16724,16636,20939,14732,15100,17719,17032,18712,8018,11376,12188,16767,20420,7429,19901,9691,4637,9378
U:GGCTA,31809,1332,72896,64279,61692,43362,43772,44244,46896,35971,32479,40375,40962,42448,19137,26110,28490,26454,32264,18038,23848,18799,8503,13482
U:GGCTC,40274,1572,114996,90868,83110,54969,60547,59573,70027,51742,52677,62286,65119,62957,25826,38816,43663,52716,61561,26269,53179,34111,14628,29466
U:GGCTG,67343,2544,194225,154894,141517,92866,101286,101120,120174,87358,89426,107420,110262,107493,43770,66820,75052,92385,106379,43860,93945,58477,25081,50961
U:GGCTT,44358,2131,107969,94936,90843,62388,64966,65302,70929,54847,50192,62852,63179,61470,29466,37874,42072,41324,46283,28072,32711,30179,13860,21775
U:GGTAA,34740,1890,75482,72379,69120,52133,49614,51457,51602,41320,33699,42707,43066,45418,23748,27055,29032,22789,26650,20692,15330,17461,8761,10065
U:GGTAC,20822,992,43842,40065,39435,28140,28032,28242,29524,23513,19982,24793,25762,25467,12774,15586,17075,15173,16940,11690,11085,10907,5141,7454
U:GGTAG,31098,1555,70448,63222,61237,42722,42986,43930,45572,35924,31971,38937,40513,40777,19828,24768,27169,23952,27779,18133,17671,17805,8080,11987
U:GGTAT,36700,1967,71819,70729,68290,51389,49145,49747,50284,40533,32903,42085,41772,43452,22877,26879,28213,20797,23997,20116,13979,16435,8285,9890
U:GGTCA,34200,1458,87017,75131,71274,48625,50975,51394,56727,43618,39698,48936,49689,49675,22756,29668,33427,35180,40638,22227,32809,25230,11398,18840
U:GGTCC,20517,887,54173,44107,41005,27538,29622,29723,34365,25985,26211,30164,33007,28667,13184,18061,20529,24559,27909,12935,25425,16678,7849,13800
U:GGTCG,4446,150,11334,9196,7755,5594,5949,6313,7664,5531,5594,6359,6736,6241,2983,3916,4286,6362,6885,2721,6945,3567,1774,3306
U:GGTCT,40729,1722,102642,87631,81932,55808,58907,59502,66105,49487,47057,58533,57928,58841,25721,36403,39950,42504,48821,25341,42508,28733,12960,22461
U:GGTGA,47669,2400,120297,102560,95888,66270,69007,71427,78634,59415,54665,67142,68162,69192,31266,41485,46552,50028,57942,29877,48307,34217,15384,26581
U:GGTGC,29225,1265,81275,66090,60535,41689,43907,43900,52013,39838,37935,45830,46910,44259,20414,27971,30604,38044,41857,19711,35972,24541,11479,21199
U:GGTGG,57243,2210,159383,129381,118240,77919,84409,85706,100537,73336,73582,87687,90988,89364,37468,55651,61792,74952,88610,36978,77724,48690,20862,42085
U:GGTGT,41485,2107,102048,89666,83525,58923,60304,61269,69620,53443,48048,60312,57737,58902,28383,36053,39982,42177,47272,26737,38544,28913,14318,22466
U:GGTTA,29510,1461,64367,62330,59997,44524,43066,44313,45038,35574,29443,37769,37330,39188,20408,23645,25085,20305,23010,18484,13475,15511,7767,9290
U:GGTTC,32434,1456,78584,68673,64189,44462,46251,46928,51503,39153,36649,44805,44497,45329,20909,27931,30797,32011,37291,20168,28875,22112,10157,16773
U:GGTTG,38441,1701,90049,80293,75979,52402,54321,55049,59077,45338,41152,52171,51121,52098,24539,32332,35111,35325,39644,23114,30024,24522,11206,17677
U:GGTTT,65516,3556,144527,137568,129076,94295,93203,95302,100992,78547,67134,86326,80572,85967,44114,53452,57335,50741,58299,39794,39746,36600,18467,24626
U:GTCAA,33168,1594,67014,66137,63553,48714,45797,47386,48485,39368,30780,40215,39692,41220,21896,24383,25707,21309,24092,19391,14770,16509,8350,9362
U:GTCAC,30613,1467,74891,67254,63568,44490,45468,46037,51061,39614,35227,43264,42947,43205,21291,26200,28661,31437,33637,20226,26890,21729,10298,16198
U:GTCAG,40904,1827,104171,91206,85747,59602,61815,62856,68301,52590,48177,58714,58784,58320,28190,35613,40276,39973,46521,27030,34822,28775,13232,21716
U:GTCAT,41843,2413,89883,88629,84147,63004,60595,62643,65032,52581,42171,54190,52413,54199,29417,32835,35301,29961,32572,26940,21003,22995,11649,14326
U:GTCCA,30333,1477,70942,62876,59733,42078,43021,43742,47217,37153,33198,40903,42231,40138,19788,24218,27334,27617,31087,18717,24124,20405,9895,14581
U:GTCCC,29457,1182,77439,62977,58081,38452,41944,41606,49229,36505,36403,42528,45683,42180,18692,25834,28901,35648,40468,18549,38037,23811,10742,19812
U:GTCCG,3981,174,11237,9024,7774,5712,6002,6028,7720,5663,5785,6221,6729,6259,2977,3829,4242,6140,6774,2888,6609,3536,1829,3274
U:GTCCT,37197,1797,91617,79931,75414,51989,54207,54944,60262,47387,43247,52375,54420,50688,24872,31495,35261,35749,41218,24084,31252,25899,12466,19851
U:GTCGA,3639,211,8190,7414,6575,4899,4915,5112,5815,4535,3962,5000,4739,4886,2385,2965,3195,3755,4046,2296,3356,2445,1192,1765
U:GTCGC,4760,218,12403,10176,8515,6192,6580,6777,8188,5968,5865,6799,6870,7228,3228,4427,4761,6602,7526,3012,7733,3913,1873,3561
U:GTCGG,4446,177,12557,9649,8367,5832,6332,6552,8270,5982,6070,6812,7372,6652,3002,4228,4541,6629,7490,3058,7340,4010,2081,3674
U:GTCGT,4683,221,11054,10175,8934,6590,6734,7049,8149,6515,5424,6828,6434,6390,3513,4077,4456,5569,5603,3210,4780,3370,1798,2676
U:GTCTA,28869,1356,58914,56753,55697,41630,39957,40765,41138,33522,26598,34368,34022,35745,18501,21265,22751,17813,20286,16648,12931,13708,7005,8070
U:GTCTC,52935,2182,134016,113495,104817,72610,76326,77402,87203,64184,60646,74489,73473,78640,33921,47162,52090,56984,67307,32624,59374,37401,16455,30005
U:GTCTG,42659,2150,105349,92817,87745,60754,63193,62717,70055,53771,49325,60814,62102,59476,28851,36381,40932,41369,45750,27647,36061,29516,14037,21916
U:GTCTT,60442,3028,134647,126024,119753,87789,86207,88112,93544,73117,61744,79040,76247,79734,40302,49448,52643,45957,51845,36938,34941,33222,16662,22392
U:GTTAA,44727,2629,94784,98447,92771,73056,67036,70628,70279,56384,44152,56517,53508,59020,33503,35760,37000,26855,30575,28990,14834,21382,11552,11633
U:GTTAC,26896,1574,58548,57968,55006,41552,39546,41489,41881,33703,27203,34582,32905,35845,19586,21840,22969,18677,20978,17382,11796,13852,7282,8551
U:GTTAG,31204,1608,70181,68259,64081,48869,46681,48241,48948,38954,32290,41179,40108,42910,22428,25793,27360,21572,25165,20039,14752,16912,8285,10629
U:GTTAT,45956,2475,94559,96668,92157,74046,66877,70119,70458,56303,43047,56657,53414,59274,32979,35682,36686,25520,29307,28506,15330,20596,11293,10970
U:GTTCA,50222,2505,113669,105603,99622,73692,71654,73565,78622,60858,52380,66021,63236,68100,34145,41300,43958,40528,46819,31313,34291,29592,13913,19896
U:GTTCC,35191,1686,78179,70397,66851,47297,48350,48590,52906,41004,36646,44927,46071,45494,22080,27535,30363,29257,33154,20975,23579,21207,10417,15036
U:GTTCG,5609,274,13852,11764,10341,7423,7693,8190,9263,6856,6420,7969,7482,8266,3711,4739,5504,6651,7616,3620,6697,3933,1889,3222
U:GTTCT,56745,2810,122462,117379,112114,82859,80617,82776,86197,69245,57293,72713,70973,72741,38340,44998,48152,40038,45788,34779,27865,30649,15677,19399
U:GTTGA,43765,2278,92308,89311,84798,63765,61464,63114,65132,52020,42501,55229,52142,55170,29397,33798,36390,29619,32648,26402,19598,22255,11443,13563
U:GTTGC,35464,1593,83161,75803,70034,49774,50772,51821,55968,42891,38605,48491,45735,49197,23305,30684,32629,33380,37652,22277,28232,22752,10511,16278
U:GTTGG,42130,1943,100096,89441,84663,58205,60338,61192,66087,50579,46308,58245,56657,58310,27604,35869,39243,39232,44805,25823,33566,27559,12778,20311
U:GTTGT,48708,2701,101503,99615,94351,69410,68195,69845,72586,57809,48410,60961,57266,61143,32664,38012,40496,33368,37395,29527,23542,25016,13008,16012
U:GTTTA,57118,3417,119989,123785,117022,92352,84792,89083,89203,72203,56242,72642,67619,74397,43169,45194,47404,33657,38786,36560,20184,26893,14888,14965
U:GTTTC,62517,3300,139064,133508,124525,91799,90275,92661,97910,76104,64928,83459,77223,83629,42961,50711,54889,49166,56044,39252,39353,35412,17753,23790
U:GTTTG,64497,3391,137835,132858,125532,93161,90966,93010,97449,77013,64416,83015,78239,82500,43168,50913,54555,46693,52545,38645,34193,35072,17375,22036
U:GTTTT,120659,6973,251915,256920,239519,184502,174021,180039,184671,147638,118996,154798,138843,155346,86138,95673,101691,77112,90016,75158,53380,59272,31362,35133
U:TACAA,57545,3127,117500,118258,111443,88450,80306,84697,85933,68496,53017,68350,66815,74390,38966,43436,45517,35940,42194,34286,28156,27128,13972,15814
U:TACAC,32410,1779,64679,64593,61512,47289,44711,46100,47776,38100,29759,38368,38166,39583,21791,22772,25293,20707,22766,19231,15184,15778,8572,9901
U:TACAG,60163,2808,139032,127826,119657,88158,86380,89355,93584,72726,63043,79119,76026,82814,40544,50632,54369,49843,59463,37307,43645,34988,16231,24480
U:TACAT,64560,3536,125290,131793,124416,101396,91021,94736,95862,78075,58166,75479,72044,79773,45540,46608,48809,34138,38879,38590,21383,27750,15245,14501
U:TACCA,43062,1967,86472,83855,81751,60820,57913,59603,60190,48259,39430,49495,49797,51850,26745,31463,33744,25921,30193,24237,17700,20593,9682,12190
U:TACCC,27120,1198,57490,51910,50904,35532,36118,36061,37582,29630,26207,31725,33728,33015,16027,20239,21838,20010,22917,15088,15699,14544,6664,9777
U:TACCG,4255,269,9779,8826,7916,5831,5895,6029,6661,5137,4536,5629,5511,5601,2913,3420,3860,3990,4501,2567,3620,2664,1363,2053
U:TACCT,43997,2417,95142,88808,86079,63939,61186,63306,64251,51351,42242,52627,54044,55688,28650,33809,35721,29130,33391,25669,19450,22090,10659,13414
U:TACGA,4581,243,9987,9724,8909,6754,6565,6831,7397,5959,4690,6022,5693,6280,3307,3689,4048,3839,4174,2818,3180,2578,1366,1796
U:TACGC,3136,144,7654,7108,6361,4594,4784,4972,5368,4252,3665,4552,4465,4514,2407,2766,3050,3461,3726,2065,3027,2191,1141,1648
U:TACGG,4191,281,10252,9247,8305,6016,6176,6415,7072,5526,4802,5970,5842,5915,3141,3661,4084,4516,4790,2924,3923,2864,1396,2105
U:TACGT,8534,495,17507,17956,16526,12541,11835,12308,13333,10906,8552,10938,10136,10791,6218,6502,7214,6426,7133,5335,4383,4322,2525,2878
U:TACTA,41420,1986,87642,84628,80544,64655,58592,61200,61195,49025,37846,48427,48578,54208,28482,31731,32634,23867,30283,24095,18221,18611,9358,10928
U:TACTC,33589,1614,75796,70232,67030,49783,48656,49689,51607,40204,33504,41813,42239,44790,22587,27018,28897,24121,28862,20346,19278,18025,8659,11366
U:TACTG,45610,2440,97763,95130,90193,69031,64939,67827,68754,55652,44828,55813,55787,58698,31185,36134,38499,29499,33873,28040,20860,22999,11185,13702
U:TACTT,63828,3672,135552,136671,127922,102358,92770,97847,97630,78340,60844,77790,74750,83038,45956,50120,52103,36687,43844,39187,23407,29480,15449,16432
U:TATAA,79769,4573,159810,170177,160721,135794,116139,123936,122689,100249,72582,94676,90963,103521,58823,60044,60866,38860,46562,49295,23778,32715,18778,15820
U:TATAC,44859,2284,82695,86887,82385,67502,59867,61729,62077,50115,37654,49045,47393,52142,29718,30579,32264,20451,24773,24859,12926,17000,9270,8851
U:TATAG,48857,2420,99504,99550,94851,75888,68822,70814,71391,57176,44538,57433,55754,61276,33171,37129,37835,25568,31251,28235,16111,20965,10827,11398
U:TATAT,118516,6438,219633,233392,222126,188450,160890,166833,168866,138102,99438,131177,124613,142954,81614,81452,84489,53953,66002,66742,36364,44776,25468,22098
U:TATCA,51065,2820,98583,102246,98269,78840,70821,73504,74082,60219,44789,58424,57630,62314,34441,36307,37808,26909,30126,29718,16007,21836,12134,11089
U:TATCC,35811,1724,69975,67427,66690,50041,47868,48035,49555,39536,31994,40528,41350,42516,21945,25495,26952,20657,23757,19709,14501,16579,7927,9461
U:TATCG,4709,250,9397,9184,8525,6435,6341,6473,6727,5486,4358,5627,5546,5829,3018,3489,3682,3541,3713,2783,2481,2398,1300,1479
U:TATCT,63101,3407,126822,126739,122070,95995,87173,90628,91450,74103,56922,73648,73389,79706,42642,46027,48504,34145,40106,36965,22708,27919,14947,15083
U:TATGA,55193,2936,109841,112217,108048,86637,77634,81597,81167,66503,49861,65401,62904,69437,38591,40450,41907,29282,34016,32832,19618,23811,12869,12564
U:TATGC,34074,1864,69705,69926,67698,52408,48154,49893,51001,41284,32212,40998,40536,43594,23523,25493,26846,20186,22973,20619,12938,16189,8292,8822
U:TATGG,42067,1983,85691,82840,80018,60350,57024,58964,60083,48265,38547,50081,49207,51582,27233,31396,33119,25296,28968,24084,17633,19895,10387,11496
U:TATGT,76061,4310,149049,153699,146761,118182,107140,110706,111781,89831,69168,89690,84259,94278,52918,55790,57521,40042,46899,44534,27036,32619,18100,17884
U:TATTA,81142,4685,163941,172142,163701,138963,120185,125778,124221,100917,74512,98386,94238,106459,59487,62036,61132,40923,47797,50221,24680,33730,19163,17278
U:TATTC,61604,3366,122921,124300,119928,95445,86790,90091,90631,73317,55752,72574,70358,76627,42732,45226,46772,32204,37463,36214,20161,26409,14200,13766
U:TATTG,64619,3899,126615,128613,123083,98492,88884,91892,92723,74738,57538,75835,71620,78806,43242,47131,48822,33072,38893,37209,21178,27035,14589,14544
U:TATTT,173659,9998,358595,373279,348461,287710,254328,267388,271474,216412,163479,217428,198480,228763,127273,135355,139015,98075,117491,108136,69457,78137,43412,43069
U:TCCAA,50941,2486,104881,100650,97411,72667,70041,71766,74239,59082,48035,61083,61719,63358,32209,36996,40661,34101,38877,30082,24637,26502,13404,15270
U:TCCAC,40893,1996,95979,85037,80824,57064,57884,59389,64599,50244,44452,54760,55867,55570,26660,33317,37119,38749,43589,25686,35665,27031,13174,19686
U:TCCAG,63428,2823,160478,136707,128779,88489,93344,93435,103349,78830,72305,89067,92529,90137,41563,54411,61910,62956,73804,40067,57449,44622,20213,33281
U:TCCAT,64534,2949,132241,124283,120915,89025,86650,88549,93388,74002,61677,78653,77019,80130,40320,47241,51215,46100,49864,36719,35817,34191,16978,21649
U:TCCCA,78873,3099,198360,165960,155873,106146,113229,113460,127326,94873,89080,108926,110317,114031,49277,68808,76696,83506,98317,48122,82514,55390,23849,43183
U:TCCCC,45484,1581,112494,92452,85316,55598,62382,62130,70687,53189,52559,61717,67972,62424,27029,38084,42025,49007,57722,27276,50584,34142,15142,27202
U:TCCCG,12357,509,33134,26325,22171,15731,17120,17476,21273,15413,15854,18171,18496,19183,8148,11411,12278,17952,21023,7734,21395,10479,4929,9615
U:TCCCT,63737,2546,151895,128499,122372,83015,88127,87798,97343,74309,69391,83600,89468,84586,38054,50766,57483,58756,67991,38215,52427,42974,19242,31082
U:TCCGA,4938,225,12539,10766,9241,6677,7084,7470,8483,6491,5962,7235,7324,7103,3311,4347,4770,6121,6715,3308,5883,3747,1849,3040
U:TCCGC,8312,293,23244,18130,15452,11066,11944,12294,14431,10665,10953,12455,12896,13139,5419,7991,8749,11697,14427,5365,14227,7045,3243,6549
U:TCCGG,5662,285,16767,13132,11023,7906,8451,8473,10698,7960,8212,9093,10125,9334,4007,5599,6223,9078,10463,3844,10439,5328,2556,4911
U:TCCGT,8565,328,21376,18624,16571,11930,12384,12736,15001,11291,10522,12604,12121,12767,6104,7444,8338,10524,11508,5864,9794,6350,3333,5497
U:TCCTA,43381,2023,96622,89665,85726,63080,61779,62642,65269,51503,42715,53955,55644,56512,28348,34053,36226,29577,34888,25999,21446,22794,10973,14104
U:TCCTC,58805,2601,143487,122228,115776,79282,82398,85087,93329,72400,65733,78798,84522,80797,36926,48650,54342,55823,64565,36814,50728,39679,18231,29389
U:TCCTG,79034,3797,207114,174000,161711,110111,117528,118091,133742,100749,95235,117143,117478,116684,52293,71509,79743,86457,101757,51141,83873,58615,26759,47784
U:TCCTT,84407,4007,182620,169342,162998,118918,116388,120070,125434,98750,83846,106470,105617,107340,53790,65193,71153,59911,69081,49969,43424,45722,22028,28998
U:TCTAA,53254,2756,111059,113148,107807,85930,78361,81939,82083,66101,50184,65505,63692,68850,37991,40920,42468,30118,34760,33064,18686,24509,13168,13202
U:TCTAC,39135,1780,85810,79721,76036,56756,54583,56584,58658,45809,37964,47224,48634,51714,25155,30628,32480,28566,33739,22732,23912,20557,9825,13278
U:TCTAG,44019,2076,94070,89063,85915,63303,61819,62611,64332,51345,42182,53705,54528,55238,28348,33981,36552,28506,33319,25944,19572,22372,10880,13523
U:TCTAT,58484,2810,111086,111931,109641,86814,77891,81090,82360,67077,49909,65977,64826,70577,37542,41006,42096,29921,34317,32450,20905,24436,13282,12908
U:TCTCA,77938,3629,182995,165930,158122,114245,113302,116153,123178,95745,82060,103572,103278,107985,51639,64529,69857,66463,75475,48060,56440,47316,22446,32154
U:TCTCC,66496,2899,159136,136384,128498,88878,92754,95519,104735,79378,71511,88884,92570,91886,41228,54870,60932,62349,73955,40299,58860,43449,20037,32617
U:TCTCG,14319,554,36061,29864,26445,18740,19680,20317,23778,16840,16731,20344,18999,21572,9022,12995,14060,17176,21302,8636,19668,10622,4803,9412
U:TCTCT,104037,4899,230394,206596,199212,142630,143189,145541,155368,120023,103395,129715,131625,136595,64120,80474,87248,79612,91755,60131,70268,57739,27853,38562
U:TCTGA,63892,3422,145898,136887,132430,95858,94329,96478,99836,79461,67474,84282,86029,84980,43668,51265,56190,48218,55317,40849,35353,37298,18277,23528
U:TCTGC,55914,2974,138799,122796,115147,80771,83354,83453,91953,71853,64576,80186,81447,78901,37737,48643,53976,55148,62672,36322,45599,38813,18668,28998
U:TCTGG,58608,2986,144986,125625,120116,80670,85161,84931,93293,71665,67176,81980,85562,81138,37426,49489,56503,55945,64568,36153,47985,40813,18603,29835
U:TCTGT,92351,4671,211237,196002,184387,134896,133363,135766,145418,114087,98918,124468,120044,124601,63200,75254,82878,74816,84057,58274,60771,54543,26395,37806
U:TCTTA,61611,3335,133497,133828,127163,100013,92443,96457,97528,77583,60925,79033,75483,82927,45152,49621,51446,37454,43257,39630,22751,29664,16126,16817
U:TCTTC,76380,3987,166083,155475,149622,110006,106737,110129,115102,91402,75116,95017,96590,98437,49566,58963,64114,52873,61689,45792,38456,40811,20554,25845
U:TCTTG,71022,3643,161886,149645,143085,102880,102185,104228,110194,85913,74981,94969,90989,96551,47195,59802,63922,57688,65677,43525,45552,41631,19893,28115
U:TCTTT,143009,7751,294378,290467,276258,211381,198601,204954,211894,167322,135586,175795,164787,180176,94603,109804,115273,87028,101876,83919,61489,67156,35714,40058
U:TGCAA,56367,2824,119826,115594,109898,82494,79650,81445,85456,68618,55372,71974,68745,74382,37137,43209,46656,43413,47690,34427,34898,31165,15471,19575
U:TGCAC,39850,1996,97894,87692,80410,58269,58905,60028,67460,52247,45210,57715,56419,57998,27753,34339,37903,42055,46094,26769,37609,28243,13718,21565
U:TGCAG,67920,3214,174235,154070,141591,99980,103427,104404,117585,90764,81503,102594,100371,100685,47962,61126,69242,74499,83390,46137,65906,50406,23622,39111
U:TGCAT,59928,3269,124038,124845,117803,89127,85246,87013,91918,74744,59536,77397,72287,76779,41329,45560,48596,42903,44808,37636,29131,32231,16962,19787
U:TGCCA,58535,2634,138227,122552,117558,81575,84262,83918,91112,70525,63323,78019,80438,78747,37697,49099,53696,53058,60483,36060,42152,38376,17270,27784
U:TGCCC,45712,1927,124479,100807,93577,60814,67218,66772,77076,56851,58192,67920,73272,67611,28566,42529,47632,55814,65535,29160,54410,37813,16505,32302
U:TGCCG,7090,334,20546,16812,14195,10483,10815,11146,13657,10386,10259,11866,11933,11312,5258,7064,7708,11221,11976,5220,10604,6639,3478,5988
U:TGCCT,76405,3718,194178,166173,156504,107795,112205,112778,124272,94879,88865,109798,110018,111124,49558,68649,75363,78997,91645,48388,70409,53655,23645,42109
U:TGCGA,5558,232,13380,11947,10564,7877,8085,8144,9366,7351,6588,8034,7999,7981,3863,4808,5218,6350,7092,3566,6301,4050,2059,3324
U:TGCGC,6474,279,18099,14586,12419,8956,9544,9633,11924,8741,8801,10105,10515,10385,4528,6395,6748,9819,11466,4366,11203,5734,2819,5279
U:TGCGG,7429,330,20963,16580,14019,10618,10952,11067,14037,10677,10469,11903,12753,11513,5179,7022,7893,11854,12833,5020,12846,6846,3466,6251
U:TGCGT,7783,426,19907,17443,15319,11446,11399,12125,14404,11317,10014,12460,11320,11389,6144,6966,7629,10070,10348,5711,8972,6327,3483,5139
U:TGCTA,44803,2151,92728,90147,86781,66111,62651,64256,65739,53000,42053,54090,53968,56450,29664,33729,35616,27731,31723,26276,17520,21803,10860,12717
U:TGCTC,43248,1767,108969,94103,88702,61493,64025,63772,70396,54862,49398,60825,62596,60135,28578,36635,41073,41575,47340,28156,33223,29987,14218,22317
U:TGCTG,73104,3618,182002,160521,150874,104771,108123,109532,120073,93742,85651,105625,106232,103053,49880,64310,70561,73483,82631,48035,60892,51707,24544,39965
U:TGCTT,75947,3910,169017,161899,152961,114126,110124,113574,118089,94008,78269,99931,96066,100236,52424,61964,65707,56361,63412,47951,36791,42124,20797,26905
U:TGTAA,72044,3880,157921,157290,147071,115209,107468,112349,115037,91210,72506,93566,86984,98479,52815,58573,61930,49246,57663,45898,38562,36855,18728,22557
U:TGTAC,37801,1888,76623,75382,71165,53419,51442,52922,54264,43535,35560,45214,43811,46374,24964,28083,30058,24546,27693,21904,16968,18449,9113,11291
U:TGTAG,52151,2884,114362,109880,103432,77333,73885,76423,79819,62635,52688,66939,63235,67976,35735,41928,45188,37285,42443,31821,27603,27606,13511,17979
U:TGTAT,83920,4722,169673,172324,161935,128143,118158,122305,125595,99977,79317,102282,95032,106801,58927,63652,67215,49623,59240,50154,36582,38686,20571,22806
U:TGTCA,58810,3273,128063,123664,116817,86759,83991,86870,91673,72543,60184,76604,73400,75904,40233,46495,49821,44525,48912,37217,33034,32901,16317,21693
U:TGTCC,41993,2018,100394,87698,83087,57047,59367,59633,66900,51962,47487,57699,59673,55956,27260,34271,37976,39972,45242,26686,36254,29052,14067,21928
U:TGTCG,7065,340,17232,15134,13180,9548,9838,10103,12062,8934,8157,10086,9682,10156,4790,6262,6791,8407,9318,4643,8431,5289,2625,4484
U:TGTCT,78365,3965,176099,162468,154817,112507,111672,112920,121506,95120,81238,102874,100860,104290,51791,62987,68540,62834,69758,48208,51560,45349,22047,31251
U:TGTGA,69928,3999,157584,149218,142503,104865,101994,104486,111574,87957,73988,94260,91016,93935,48783,56392,61778,55548,60865,44492,43851,40843,20725,27530
U:TGTGC,50056,2384,120758,108544,101541,72867,74537,74356,82680,65297,57743,72013,71051,69733,34339,42693,47051,48600,53472,33130,38387,34624,16896,25858
U:TGTGG,63037,3140,155363,137599,130190,91142,92440,94773,105358,81183,74333,91459,90509,87821,43660,54312,60868,61567,68333,41396,54516,43890,21895,33543
U:TGTGT,103231,5428,227603,218341,201354,149069,146659,149937,164798,128693,109123,139952,128856,135855,72571,80757,89001,82582,90651,66799,63246,60395,32439,41161
U:TGTTA,63949,3924,134982,138255,129909,102734,94309,98964,99521,79420,62571,81236,75818,84057,47092,51061,52682,38318,44083,40877,23507,30295,16377,17466
U:TGTTC,59837,2955,126178,121481,116245,86212,83145,85330,89699,71347,58935,75191,73037,75578,40151,45857,49117,40832,46024,36448,28678,31570,16001,19807
U:TGTTG,76150,3932,166125,157033,147234,108145,106877,109245,115813,90385,77486,98968,92160,99747,50356,61492,65577,58301,66261,46152,46062,42494,21185,28639
U:TGTTT,133491,7537,281359,285063,266511,204996,193657,200566,205890,163908,132636,172175,156235,172847,96286,105355,112433,87315,99730,83613,59801,67481,35163,39617
U:TTCAA,79469,4050,161781,161557,154310,121805,111011,115639,118531,94969,73022,95227,91411,101428,53740,58938,61333,48662,56809,47059,36657,37983,19635,21449
U:TTCAC,55940,2800,123189,117382,111093,83277,79555,83008,87108,68562,56962,72238,70438,74954,38676,44408,47853,43178,48862,35008,35468,31550,15972,21109
U:TTCAG,74895,3960,167096,160526,152489,112878,109949,113360,116899,92810,76943,97522,95457,98728,52869,60501,64810,53815,61115,47367,37897,41385,20583,25480
U:TTCAT,92240,5237,188247,189940,181126,142360,130682,136035,139183,112142,88018,113366,107716,115972,64239,69044,72201,54857,61385,57053,36591,43792,23274,24430
U:TTCCA,77941,3918,164467,156146,150758,111399,108216,110626,116864,92258,76311,97479,95480,98560,50998,58682,64422,55024,61295,46559,39905,41510,21305,25524
U:TTCCC,62197,2579,141459,124547,119015,81856,86220,86493,93241,72351,65642,80308,82850,81272,38607,49245,54822,53507,61085,37086,43119,39041,18119,27143
U:TTCCG,6878,380,17331,15243,13459,9718,9928,10435,12044,9374,8383,10207,10045,10134,4945,6172,6784,8492,9066,4802,7880,5122,2668,4172
U:TTCCT,97388,4854,217394,201162,192145,139445,137579,141122,149053,117107,99773,126374,125899,127356,63750,76478,83804,72139,83370,59087,53679,54847,26858,35366
U:TTCGA,7683,312,17287,15610,13884,10180,10183,10915,11829,9128,8062,10064,9537,10685,4966,6134,6845,7497,8592,4592,7508,4831,2221,3606
U:TTCGC,5333,236,12436,10898,9717,7043,7093,7613,8435,6366,5910,7308,7037,7427,3547,4420,4891,5814,6714,3329,5668,3564,1760,2915
U:TTCGG,6283,373,15158,13161,11778,8520,8907,9212,10202,7972,7176,8725,8666,8656,4202,5187,5823,6693,7502,3967,6180,4367,2232,3344
U:TTCGT,9214,535,19551,19290,17252,12911,13001,13513,14395,11628,9464,12127,11105,11972,6459,7094,7971,7895,8428,5858,5830,5199,2897,3745
U:TTCTA,74201,3644,149628,151810,145230,114830,104572,109083,110312,88695,68334,88688,85935,92302,50936,55702,57262,39755,47032,44254,25332,33179,17802,17704
U:TTCTC,89814,4463,197427,182876,176204,128362,126348,129646,136920,106977,89971,114682,113464,117653,57982,70320,75475,66395,76480,53535,52332,49531,24367,32069
U:TTCTG,94807,5630,209960,200975,190926,140399,136904,140800,147077,116412,98120,124670,121082,123785,64904,75956,83038,69504,79099,59563,49398,52678,26905,33772
U:TTCTT,140563,8086,293427,290855,276758,212611,198697,206142,211899,168062,134923,175509,164178,180689,94884,109231,114901,86145,101482,84588,59297,67176,35841,39469
U:TTTAA,134521,7695,284359,304335,282066,232728,206871,218870,217289,175932,132189,173051,156020,181853,105995,108636,110870,75916,89141,88903,43836,61692,35110,31984
U:TTTAC,61086,3625,128218,130868,123722,99034,89558,94202,94230,76305,58845,75937,71978,78990,44351,47844,49449,35212,40840,38146,21619,28743,15293,15536
U:TTTAG,76008,4206,165098,166701,153995,121708,112484,118153,119026,94347,75678,97786,90929,101992,55590,62039,64618,48330,58437,48074,34160,37003,19375,22254
U:TTTAT,149996,8484,306252,318444,299988,245347,217824,228246,230382,185989,140681,185779,171570,194425,109370,115980,119684,81934,96490,92852,55191,66316,36758,35766
U:TTTCA,114714,6517,235449,240350,225858,177052,163322,170949,174898,139823,109201,143182,131947,146588,80579,87629,91895,70266,80974,71519,48999,55017,29851,31867
U:TTTCC,92046,4979,196396,188356,179830,132232,129385,133358,139341,109404,91754,116925,112518,118054,61708,70982,77643,64032,72341,55892,44071,48880,25110,29890
U:TTTCG,9367,504,19772,19007,17027,12699,12696,13296,14264,11127,9481,12082,10948,12215,6228,7280,8048,8247,9045,5674,6882,5397,2794,3875
U:TTTCT,168329,9693,348973,348627,331262,254142,237409,246781,254390,201385,161588,211114,197055,214350,114535,129412,136531,103740,120998,101221,72988,80724,43433,47168
U:TTTGA,102919,5888,216606,215668,202775,156823,146974,152911,155866,124206,100218,129719,120357,133163,71280,80915,85093,65912,77125,62814,46674,50514,26041,30801
U:TTTGC,71155,3730,146740,144508,138172,103958,100006,102216,106798,84464,69034,89809,84877,88841,47501,54233,58028,47972,53184,42944,31732,36961,18913,22354
U:TTTGG,87960,4368,191831,182138,173180,126695,124881,127116,133360,103121,88537,113626,107975,114856,58262,71054,76330,64250,74432,52642,47971,47910,23419,30447
U:TTTGT,136072,7425,281419,280208,262782,202245,189660,195918,203486,160618,130688,169908,156705,173111,91890,105923,112397,87604,102897,80983,66273,66558,34006,41049
U:TTTTA,176100,10104,373867,391808,361459,294914,265766,279063,280980,224943,172662,227298,203316,237241,134013,143174,146849,103653,124427,113824,70714,82654,45135,45817
U:TTTTC,146154,8454,298508,304668,286827,222819,206554,215996,221247,175900,139320,182551,167640,185728,101117,112210,118505,87279,101878,89445,58130,68985,37400,39004
U:TTTTG,151445,8492,317082,314362,293101,226339,213286,220794,228012,179304,147468,192224,173167,196067,102876,120323,126953,99844,118741,91174,78092,74924,38662,46766
U:TTTTT,368619,20502,841873,810907,748355,569012,545017,561852,587710,453291,386207,499596,443623,521211,260169,322007,337672,290367,352635,228586,257505,202762,98937,138745
