 ,X,Y,1,2,3,4,5,6,7,8,9,10,11,12,13,14,15,16,17,18,19
AACAA,0.06953183702954761,0.04295511019580543,0.07328381911754955,0.06571536801918275,0.06185530343212005,0.05607686081460364,0.05323909091913633,0.05528868731905678,0.050255599571261245,0.04525661133395213,0.04336585822338615,0.0480822089990939,0.04121482657075295,0.04325527221596057,0.043987073609361535,0.046493948761298594,0.03682462250546974,0.036173278691241796,0.03306064084289156,0.03309076927114411,0.020993212557183585
AACAC,0.06092918532140042,0.03537172884333875,0.07318743540828687,0.0669378767181281,0.06040022485022976,0.05618153201991374,0.05543417093813837,0.05582924831981308,0.052561339393326204,0.047429765634289474,0.04523444976954074,0.048338061525698674,0.04291977010011582,0.04414275238567133,0.0449818142136768,0.04669799367937323,0.03758767737598926,0.0363270977844794,0.03423127722939033,0.033723102260698495,0.021553496228501143
AACAG,0.061461080172251235,0.033181329463250954,0.07340477683244408,0.06741651451416598,0.05986814785462066,0.05696145026244933,0.05504915601728406,0.055699511832482194,0.05313931740814597,0.04693586382748614,0.04588446387584925,0.04819948242947187,0.043718334411874525,0.044207005981283146,0.04512140729140374,0.04622153223157992,0.03785634348299401,0.035789214924115034,0.034455933805358274,0.033606025251951485,0.021823108129538162
AACAT,0.06924768582220772,0.036705176576768785,0.07465067713402036,0.0660103495514594,0.0631441784686155,0.05517426564520462,0.053532045460241685,0.05612654931868455,0.049595830455973974,0.04618972548763763,0.04290012129935272,0.048955894819821155,0.039185068856998885,0.04385164929209718,0.04478189227745927,0.04769189284296035,0.03770456434942627,0.03758970087763501,0.032887729394758924,0.03356444149337123,0.02051056057530478
AACCA,0.0629285419016252,0.031790311021446194,0.07267520230772341,0.06717590886828992,0.05924956864982903,0.0572958556684355,0.055408137016584515,0.05500669491411189,0.053494441873317845,0.047021381039464044,0.0459757219498825,0.04860763197742601,0.045126080060389026,0.044046300498299315,0.0448496059436459,0.04586746316673931,0.03758868514582781,0.035731576629807194,0.03472242504167472,0.033210312414347784,0.022228153911132878
AACCC,0.05940341607995533,0.03135222374212055,0.07097206850765685,0.06794222906994385,0.056472366477429724,0.058192760518717045,0.057202301739149176,0.05405553610341738,0.056334316750936746,0.04810403529805619,0.04701478668330091,0.04761840751212416,0.048306949192793165,0.04423480231471198,0.04426488734011463,0.04496644452822733,0.03788003414757068,0.03424742735693237,0.0358462010827622,0.03277774186066707,0.02281106369341268
AACCG,0.04920332322665277,0.028329973258906602,0.06938974602455332,0.06749925318317145,0.05658201780526769,0.058964616035131416,0.059762663776569726,0.05367267920356856,0.05368855357093894,0.0506984000080815,0.04744704094576595,0.0513175003355264,0.04957131992478436,0.04351164096221756,0.0460616416116235,0.04378150520751406,0.03927751424724472,0.03512131624481738,0.037848821183910315,0.03304610349221651,0.025224369751537287
AACCT,0.05984213773621271,0.03532589171498726,0.0722662924949088,0.06720436749982228,0.05824416531934168,0.05728960156562141,0.05556864970855584,0.05501172581401175,0.053710082527377655,0.047395934113432285,0.046431296309742444,0.0476930235493273,0.0457211708250951,0.04436155423203236,0.04494128729631887,0.04579320978619825,0.03779897594430913,0.035812867488987925,0.034319817252932025,0.03300867014557192,0.022259278675213007
AACGA,0.05446070365871576,0.034266602512121505,0.07087843498800467,0.0669775694624365,0.06007422636011561,0.056757705555312545,0.056519929968360146,0.05513141026719471,0.05088846193964314,0.048623985948808714,0.04549476949787853,0.05149635990251201,0.04413316778768883,0.04372603317418071,0.0461968804291625,0.04546112200915885,0.03881686456997949,0.03705710090994025,0.03543304878773706,0.03411070248105366,0.02349491978999481
AACGC,0.05017786958775071,0.024668302215331582,0.07032859259128754,0.06769174752648957,0.05864631186712415,0.058630161925190535,0.05901629235505794,0.054986147754350574,0.05315679978623349,0.050738713025809075,0.046790786311309215,0.05153006018055635,0.04745293393058755,0.044224413720403394,0.04585262150261996,0.04534169606690187,0.03929574507757111,0.03591747086036613,0.03721093439159498,0.03372254693393353,0.024619852389530728
AACGG,0.042765190849964475,0.030075493538834958,0.06855799913393341,0.06843607713878506,0.05596079437084747,0.05807831316014805,0.060200036156177875,0.053599431591250205,0.053096328185982894,0.05168651752943996,0.04885007938943707,0.05207330454853126,0.050034264284843415,0.0435639901285226,0.046146774462527206,0.04394377013639848,0.03968210591517873,0.034922943897664004,0.03815878167694595,0.034257277832198896,0.025910526072388033
AACGT,0.0479968922800173,0.030712817564900356,0.07101894054810212,0.06756149735979922,0.06055656249312857,0.056203869781506766,0.057196497323151574,0.055185065353215206,0.0497413200061568,0.049714096044044184,0.046147757007290784,0.05309510272333858,0.04482320654296517,0.04418344343331857,0.047779100583116324,0.046780190588676294,0.03920355251764061,0.037466454319762185,0.03568747310324897,0.0344487828271247,0.024497377599495728
AACTA,0.07009777900838068,0.035227680138382636,0.07497168129407927,0.06618620484948669,0.06317507336905509,0.05608984788970621,0.053207942254293136,0.05606802809636975,0.04895496357035021,0.04534153055316562,0.04358785871458093,0.04864327910863887,0.04010666116908195,0.044181319472999324,0.04453890074138391,0.04720843959509988,0.03775294501374459,0.03731410382534835,0.03256585345300111,0.03373810303983579,0.02104180484301599
AACTC,0.06283641037607253,0.03249008298941007,0.07227581742172652,0.06729833840477745,0.059137988062661205,0.05792005581338343,0.056050024630483815,0.05508428967963087,0.054082885702770166,0.04694405226847934,0.04638796115375943,0.0479646263826658,0.04588765199601198,0.043953510845662326,0.04389851455005567,0.04516327221673569,0.037385538959768636,0.03539011622288584,0.03463211013715291,0.0329558230470619,0.022260929138844435
AACTG,0.05965633826444525,0.032444406408717374,0.07306212656271255,0.06787081725863894,0.059770393860125746,0.056944848316116924,0.0556812608822889,0.05580692322108478,0.052510608176316025,0.046929157546990674,0.04635532016736614,0.048356941706757646,0.044622046528802285,0.04465531919239972,0.044843657944018664,0.04629867926096307,0.03792278915917813,0.03621257425027016,0.03425923676223865,0.03348823950622748,0.02230831502434089
AACTT,0.06694019294706906,0.03856954473318646,0.07411053464166752,0.06639132727415692,0.06234916762653573,0.05585338818514148,0.05372471941620421,0.05604010115474574,0.049867581752802176,0.04557459260639187,0.04410738095392431,0.04849210605747603,0.04104035621170799,0.044005780915369844,0.04454633257680526,0.04656649645019893,0.037324274912512646,0.03681655655063783,0.032913198620043195,0.03351068012277681,0.021255686290646003
AATAA,0.07155604276812741,0.03820220579669503,0.074808980139284,0.06581112692318336,0.0644181524234232,0.05557186855993218,0.05337907553965881,0.05607796888992776,0.047556019889734555,0.045390479072705096,0.04209674750842106,0.0493759455736492,0.038941379753816716,0.044056382789829915,0.04323780735165192,0.047305451021019775,0.037780721875537,0.03828446707685718,0.032391178125363,0.03328427656376969,0.02047372235741315
AATAC,0.07191618041430725,0.03726193751729029,0.07495496089863785,0.06554829248763533,0.06358853866390372,0.055299319783992246,0.053185499621019296,0.05609101834476523,0.048850650114968724,0.04531649574424538,0.042424846739603894,0.04912242163796134,0.038651158571373946,0.04393795812244488,0.04429969539097989,0.0475378999445961,0.037684963949976044,0.037590687345793086,0.03272503994104245,0.03355441165776131,0.020458023107701742
AATAG,0.07399990222070789,0.03756693751753061,0.0751805955159351,0.06530021496426967,0.06357873210292722,0.05559803967536608,0.05245625419545747,0.055846158800578465,0.04935851945465852,0.045288831852822474,0.042309900620531415,0.048703598428122795,0.03835250903165296,0.04392092291637918,0.04406725813683061,0.04710559112337561,0.03758912974594571,0.03740191410472963,0.03247840971492331,0.0335007539517601,0.020395825925495183
AATAT,0.0779325072526123,0.042565681659944815,0.07544319528665314,0.06421710113320138,0.06604202582967277,0.05442560166668226,0.05198915000040815,0.05615336694226361,0.04623733219343565,0.04464435570462182,0.0396896234335781,0.0492596272940723,0.03507942882206347,0.04370013735714031,0.04295750489828822,0.04833452227529047,0.03795140555636411,0.039291628182842084,0.0319576846830363,0.032979949122708165,0.01914817070512056
AATCA,0.07070564452072857,0.03827925301643916,0.07447937243874976,0.0655795465571055,0.06324609558714474,0.05541297793679223,0.05307040858472879,0.05610583250187461,0.050135429345432664,0.04585363657462847,0.04303719630266703,0.048449668454202,0.03918681698509529,0.04386981856841686,0.04445624451739467,0.04709872315580366,0.037438224742188435,0.03701592967105864,0.03267244534634108,0.033383679150349156,0.020523056042858676
AATCC,0.06539648093664538,0.037617601557317894,0.07153496265235233,0.06652259731475396,0.058382712483002065,0.05735644482200859,0.05539429674595849,0.054617046954060534,0.05507502242066707,0.04650776092271488,0.045410028958141044,0.04749698793058501,0.04468230090900581,0.043599667036737684,0.04393263029905295,0.04567313838005522,0.03700180069914233,0.03521096564378769,0.03422677133335279,0.032547662161060406,0.021813119839597866
AATCG,0.05579592179762131,0.03710753293968606,0.07000052915158325,0.06636027752444214,0.060425998151082114,0.056153877280409874,0.05629861580171134,0.05468159081641864,0.050740967849372334,0.04891695121533668,0.04531560779284649,0.0515502585061117,0.04400206680383106,0.043580301865414964,0.046025293445679474,0.04524246036810274,0.0387012130021882,0.03671066925224656,0.03493022980741995,0.03396530633207686,0.023494330296418266
AATCT,0.06822143920778732,0.03993408349503349,0.07393115651880355,0.06597976599670506,0.06192093829950778,0.055986309419969287,0.05324792548475811,0.05580277800766754,0.050724182503755474,0.04560361144569167,0.043789880497681226,0.04817721900343485,0.0408700490429276,0.043673182503160074,0.04417659145401533,0.04682611224799038,0.03721103105655149,0.03661176303876815,0.032959740978084,0.03315756194073528,0.021194677856972318
AATGA,0.06773761326281369,0.037585261689023215,0.07412302675958721,0.06633489576523487,0.06289550142261913,0.055824870321237695,0.05365894861562208,0.05616447073824618,0.049825571506425796,0.046044262604266584,0.043295639808342716,0.04855105750528492,0.039708371757741674,0.044328325914578054,0.044243512590671,0.047401391493906285,0.037974384756280295,0.03744976864360006,0.03256229960971986,0.03349455192993702,0.020796273304861668
AATGC,0.06428486403769981,0.03244317142891535,0.07396412564793198,0.06718908197479942,0.061558720516217094,0.05613853272413541,0.05452478109934967,0.056050832985113784,0.051448985023597724,0.04697687153440342,0.0447176956864912,0.04835026091150026,0.042101606739467,0.044742343325562636,0.04508167826347639,0.04698183927561162,0.037756170651081715,0.03700489532682674,0.03336793556151812,0.033903687344125175,0.021411919942175492
AATGG,0.07098911520290928,0.03613448666050538,0.07340334486349757,0.06584213915550834,0.06110393801085386,0.056564050606163464,0.053673387722712754,0.05558731306210963,0.053140031111527326,0.04636431166275477,0.04365812010721937,0.04765928343482788,0.04060431451033668,0.04381038663975589,0.04409443858496084,0.04638168530236701,0.037617037240749635,0.03585636717760705,0.03342462262830397,0.03317814294437427,0.02091348337095503
AATGT,0.06720913613071566,0.03927808858144675,0.07439183441126268,0.06618167008812334,0.06286041364739307,0.05481077954370435,0.05360498694511598,0.056027831049086776,0.04923919450633144,0.046163818062361514,0.0429332381935532,0.0488881103159794,0.039353632214129394,0.044385516106471484,0.04480512224569913,0.047438495800367235,0.03780801433198303,0.037724359443868115,0.03276753493015301,0.033431810431001845,0.02069641302125258
AATTA,0.07173887887057734,0.036108834222123645,0.07567261979382636,0.06596905466783672,0.06578076934203801,0.054998240098747334,0.053392752099827384,0.0564073665126954,0.046357124948167294,0.04539351874174293,0.04187865842486427,0.04973300128255817,0.0374684182103974,0.044221255749814364,0.043755002459040106,0.04796092537054359,0.037996991292105035,0.03902159133646419,0.032207398335567364,0.03373513727229771,0.02020246096876537
AATTC,0.07298448330165704,0.03964444713518749,0.07427243629245397,0.06527175663958866,0.06342263957568904,0.056009306127038146,0.05282264952182853,0.05575272455752292,0.05072228432553282,0.04498970430415583,0.042670812332924676,0.048088863711221765,0.039127103734631234,0.04334123979349508,0.044027667565422896,0.04678664017245741,0.03697008878731334,0.036699236669830694,0.03289519868134371,0.03301094868152389,0.020489768089180835
AATTG,0.07597629405836873,0.04254428007634049,0.07406080667693662,0.06447257501688963,0.0635614978732676,0.05558500585573826,0.0525061762593823,0.05544151867890825,0.050038661822645866,0.04461670655743041,0.04190822002164265,0.047927540304285816,0.03765591774996164,0.043469141289032995,0.04377953195280069,0.047293140980801285,0.03699776997012677,0.036969039320136496,0.03231085433992245,0.03292200342642064,0.019963317768960404
AATTT,0.07620540162092876,0.042814693699274604,0.07484216784234912,0.06494714781625667,0.06583167519762027,0.054892440043049676,0.052029033551912254,0.0560681522325596,0.047190673236404954,0.04413198379642185,0.04104885053369608,0.048672468476389764,0.03650542188967521,0.04362981489781412,0.043437386701989475,0.04768017416848181,0.037190919458853014,0.03800166931682906,0.03207199044799639,0.033074900868701344,0.019733034202795947
ACCAA,0.06631006677398199,0.03599566018800056,0.07288732263161032,0.0666056807567718,0.06002656178580655,0.056557755271368665,0.05432264030485502,0.05503978368012083,0.05340971476976888,0.046569449412746676,0.04492959915737594,0.04778792553508615,0.04292830491464457,0.04366547675828216,0.04458601000616069,0.04647148070311413,0.03738259280788569,0.03563437146008466,0.034087211093225225,0.033212945159879964,0.021589446829229517
ACCAC,0.05456369791228873,0.02888499238693009,0.07070720726810605,0.06875000857217368,0.05555101638548957,0.05867559818587333,0.058636215170768474,0.05423609392594386,0.05662905294821055,0.048792812619336906,0.047831161683343705,0.048024941792491484,0.0499453046334999,0.044471457404722005,0.04471892381306744,0.04445303947726003,0.03820485555348517,0.03471113146226784,0.03626411543102947,0.032856602915166046,0.023091770458545654
ACCAG,0.058562866695685195,0.03078607907330826,0.07108183374995168,0.06818399753794373,0.05600090235232474,0.05915344558181224,0.0571541126397437,0.054222973736225616,0.057437603893101374,0.0482189503025106,0.047398934280401636,0.04668819794450433,0.04876769163648924,0.04405360361061422,0.04402381527348455,0.04479529973510135,0.037994019907646115,0.03421726040010423,0.035978119294926794,0.03252183543684178,0.022758456917278624
ACCAT,0.06384487594941246,0.03512004069399559,0.07249843585412846,0.06691433788830418,0.05861730688313781,0.05679087813456777,0.05542190182894761,0.054997921515969675,0.05434842695358481,0.047189448367464484,0.04546242170184142,0.047858552864580385,0.044239167497412246,0.04408482378698607,0.0445181019138451,0.04583213659198606,0.03786915068189322,0.03575634926578545,0.034261260793705346,0.03281367569799957,0.021560785134452306
ACCCA,0.060415204346511334,0.029239469115262973,0.07119032108612001,0.06796892123867802,0.05679504900776877,0.05866370870750757,0.05766230778631661,0.05479867130448721,0.05764380014747988,0.048704610589336755,0.0469291009065531,0.04690875779940197,0.047341469454518705,0.04411043339842618,0.0435486271385309,0.04498059833513846,0.03812527713659601,0.03439973532546906,0.03588095825517935,0.03239188594522259,0.02230109297549451
ACCCC,0.053296626839395185,0.02558536604958538,0.06912111976918857,0.06897367533876589,0.05312249211664642,0.06037758730640792,0.060511816155193424,0.053642045865323895,0.05949706678869918,0.04984761916114225,0.048591102389403076,0.047802572685051184,0.05268119534158521,0.044072409985693485,0.04323594140677534,0.04344376290624633,0.039136778937783376,0.033403030410608124,0.037909284619835656,0.03197678410999925,0.02377172181667086
ACCCG,0.04546252603202986,0.023596971505900594,0.06640294746054341,0.06871105324714964,0.05282982683129084,0.06283747099673975,0.06332367233271298,0.05240169954378108,0.058380625416985174,0.052530002674107346,0.04935078616054908,0.04975865505905996,0.05536482657468458,0.04407685222450617,0.04369734507059373,0.04197268088715537,0.039503858547824656,0.0330441335757137,0.03990497465000257,0.03167331592012252,0.025175775288546986
ACCCT,0.05601890764978684,0.03453226261306457,0.06985903039690253,0.06836205679296022,0.05433530399459107,0.05882760142428818,0.057656099616788914,0.053733721985334694,0.05766671924035866,0.04855842543234651,0.04742684554308165,0.046721623874172405,0.05000957732718234,0.04458786617543697,0.043625216964809324,0.043946558907641924,0.038448937113342456,0.03417886513982701,0.03649099318259499,0.03204727069774467,0.02296611592774408
ACCGA,0.04849594250333204,0.02812129187544638,0.06897463150731924,0.06840945005876763,0.05659406475123581,0.059230172253808645,0.060023113390582555,0.05433615080503208,0.054459872117152835,0.05100129907377727,0.047849217462700835,0.05062029366940541,0.04984984731665345,0.043686276494637806,0.04519061517610604,0.043592079586545866,0.039149359742209774,0.03475444131392034,0.03778701938488013,0.033189647900393096,0.024685213616092768
ACCGC,0.0416050540769542,0.01934650436625366,0.0667956070752723,0.0705349998820667,0.052645425367271514,0.06170451720828291,0.06347895979200195,0.052893992477669786,0.05789436442115615,0.052413187483103786,0.04953017187417787,0.05070950487971711,0.05611266440355687,0.043811313976547604,0.04392380420169135,0.04223100774912503,0.040989986555603736,0.0335347876021257,0.040741419445205464,0.03270018270589793,0.026402544456318414
ACCGG,0.04568934907853895,0.02785081870378582,0.06683149281108208,0.06814213882375657,0.05237675264133624,0.061921069984570046,0.06168708449167061,0.05205768151465518,0.05750970712543095,0.05170915766858818,0.048626439706192764,0.04987981654228347,0.05423391022483879,0.04341821716144508,0.04451778535185364,0.04269826179867757,0.0404254936193956,0.03360228029498535,0.039411011062768654,0.03210510039286655,0.02530643100127792
ACCGT,0.0388127724058716,0.0223099164977383,0.06839963949312962,0.07009840017968481,0.05542224509349581,0.05944809468707264,0.06136293204672942,0.05398220779183856,0.05449681144751469,0.052886187298671984,0.049937877956483294,0.05151154162176916,0.05199344946506808,0.04395170117733356,0.04652329789865436,0.0440895922121418,0.04012629112919963,0.03538397677744387,0.03912693651610482,0.033948204146966254,0.02618792415708774
ACCTA,0.06812405783981344,0.03573539871513334,0.0731117500967131,0.06602495903599354,0.05984369441389472,0.05712256952277919,0.05435024709986318,0.055486401672388906,0.05361649555765715,0.04660458686821588,0.04469975159627445,0.04751705129011799,0.04269658835437975,0.04361670848197165,0.04391767341190161,0.046212949674022445,0.03774430373629539,0.035839707705156765,0.033642280931383585,0.032872643268756656,0.021220180727287256
ACCTC,0.05616828051199673,0.032946837443435496,0.07060251036429574,0.06799353280454663,0.055379165915253055,0.05890380828580751,0.05745817536273732,0.054389489035268315,0.05732391121470484,0.048392635069420195,0.047760509453217595,0.04674352107728215,0.04905790975322708,0.04430133127906407,0.04413704533395601,0.04493533325758389,0.03814227621512702,0.034600329614313724,0.03570925974379315,0.032231317946467386,0.02282282031850208
ACCTG,0.054785509996462645,0.031126518115932093,0.0704593971684687,0.06857280649557557,0.05484789362699799,0.0591977807880355,0.0583021300924923,0.05439081356480631,0.058319439836129854,0.04886677735762136,0.04811834517479756,0.046462779595205644,0.04977065446598241,0.04445399241524738,0.043530234809243194,0.04496968566876623,0.03832994222316064,0.034445190153532285,0.03626854027788823,0.03205678829875041,0.02272477987490368
ACCTT,0.06065028626508782,0.036380836736354456,0.07214935320989763,0.0674714696133387,0.057895202746141926,0.057386783789607904,0.05552425004627274,0.0548750904218554,0.054264558477568677,0.04722984989748464,0.04631280015808736,0.04726257612648419,0.0457884651666847,0.04413373403590407,0.04455971150845562,0.0453882394808869,0.037764101115106016,0.035563038675070574,0.03445088338464317,0.03272855381363396,0.022220215331433542
ACTAA,0.07009161707759827,0.03748426882743939,0.07449550403041476,0.0658969493444558,0.06339996750464667,0.05600288083086393,0.053352022835744965,0.056241641280840436,0.04906985323056724,0.04532297819726325,0.04334614637455251,0.04855381654933376,0.03956636465432928,0.0440872947094835,0.0441946153815951,0.04731458063512523,0.037486512465183884,0.03694280425176831,0.032622492804934206,0.03356650338592981,0.0209611856279297
ACTAC,0.06674153143703337,0.035846856296661934,0.07304158696859382,0.0670589868575307,0.06007959523662615,0.056396618744986735,0.05412846300981058,0.05555747516505214,0.05210803973591658,0.045895292157709634,0.04465693835996792,0.047684025421114336,0.042990683038193374,0.043914049484790524,0.04458289627938545,0.04670049978404393,0.037645461837477634,0.0365283519466897,0.033645955451348186,0.033262170666995744,0.021534522120071575
ACTAG,0.06701698761980841,0.0360503997354281,0.07344871730266635,0.06695668240935562,0.059673244891198664,0.05679126163732226,0.05369559416741222,0.05559975183992849,0.05226258816194951,0.045726494667394736,0.045622406221955666,0.047129761117017714,0.04328895255356768,0.044349388012260405,0.0440305138857566,0.04618608095162173,0.037884339012211665,0.03597990597343762,0.03329811398896387,0.03329811398896387,0.021710701861778807
ACTAT,0.07485455833228206,0.03582545338926245,0.07533801272364957,0.06554059692084042,0.06308496498366536,0.055830974062721334,0.05271551091736904,0.05602929911570359,0.04959648859858337,0.04514396263342452,0.04251590851658792,0.0483836013852303,0.03911847974256894,0.043923957073204685,0.04385890329211679,0.047138681610976806,0.037544138693870355,0.03730646500126351,0.03253302023152819,0.03329666066484569,0.020420362110305113
ACTCA,0.060151028378069384,0.03097608868139828,0.07202265507921546,0.06811424814538819,0.05853919264000544,0.058096684920795505,0.056704869284755086,0.05518337201848772,0.055013661808951814,0.04744839740373538,0.04676037192581882,0.047403707962452094,0.04640669475247259,0.04424789315330343,0.04403157432402422,0.04534031694958099,0.03787073729901404,0.03552920249361599,0.03508792853198749,0.032881558723845024,0.022189815523083058
ACTCC,0.06084805547080105,0.03150828004975741,0.07154724104517397,0.06738793684429349,0.057452589632083474,0.05868772359822563,0.05655526291966055,0.05503701629857132,0.056738835595999286,0.04768761295168099,0.046816690528320486,0.04696966775860277,0.046700595479585716,0.04422802241095468,0.043832586748567465,0.0451609739578269,0.03804040778281089,0.03466464038196528,0.03518539163847415,0.0326509990041811,0.022299469902463395
ACTCG,0.043636683143470675,0.022310915028416162,0.06827866877363853,0.06938895597058937,0.05521615321430806,0.06019114512678441,0.06186190104066127,0.05363592431409146,0.055134945157936356,0.05155247172029283,0.04957818405473157,0.04967004234800448,0.05388354232204452,0.04433826749933769,0.045729454694557865,0.043275906368442286,0.03932466847809446,0.034982034381627274,0.03875754336310518,0.03346304434359262,0.025789548656272924
ACTCT,0.05917771876462366,0.031904346005416556,0.07273303118235079,0.06768951087360511,0.05880165751569155,0.05758142657108897,0.05561679419291185,0.0555672885454075,0.0541665966472111,0.04761428954021365,0.04658057528590268,0.04785091745167938,0.04553474955819616,0.044488318256819856,0.04452177620207509,0.04599831620241118,0.03806863178350378,0.03594866975902861,0.034545101385900764,0.033294743151226734,0.022315541124735005
ACTGA,0.05947640318731036,0.03055250724193359,0.07289310590844363,0.0679479612273609,0.05950147417401844,0.05744694262898665,0.05651859980688177,0.05583251434776754,0.05353672827921343,0.047230157388491414,0.04655266769624852,0.047943749301593945,0.044980645198261365,0.044695838789257585,0.04465013796205829,0.0460700153864227,0.038005610170511364,0.036352214412808836,0.03430126443730677,0.03328653415814492,0.022224928296978017
ACTGC,0.05378425812833958,0.02796101087105081,0.07101458078876405,0.06956322716829845,0.05696638890636491,0.0584622159935264,0.057246246330939,0.05534256501261528,0.0557256876574198,0.04832161475564542,0.04824785388405225,0.047263146248283434,0.04829688316928771,0.04487850065842425,0.04471514202221938,0.0455356232468234,0.038529208220432196,0.03549525001681314,0.03602068775504448,0.03339697016372744,0.02323293900192863
ACTGG,0.05855353273009104,0.03034538170885746,0.07175726139704965,0.06802971509646913,0.056881714715445404,0.05827557558099751,0.05697815922411072,0.05484330568986944,0.057080376819562344,0.04810373625686976,0.047244225512391165,0.04700209546070676,0.04748160125731039,0.04442967590739765,0.044191790772467876,0.044934481407858905,0.038281338479983607,0.03469947772242218,0.035647792125407744,0.03276736141238228,0.022471400722348996
ACTGT,0.05460323701233844,0.03028525467242059,0.07264336076971034,0.06880791501200596,0.05898904100115975,0.057073130001257744,0.05667270475326814,0.0557836761483802,0.053137879911381,0.047809294908816434,0.04699485532071088,0.04850264058708502,0.04568909455728172,0.04490711780036687,0.045327171736983425,0.0464117322785782,0.03856478652517704,0.03627925221943847,0.035120404640886345,0.03389738634951538,0.02250006379323804
ACTTA,0.06546300072741339,0.03594886165346454,0.07450884306103812,0.0670195048466832,0.062418414452859367,0.055860417664486975,0.0541334320036665,0.05608498695969105,0.04937714989264632,0.04582417695831115,0.04426442375136605,0.04891539719714585,0.04131100305452466,0.044331890101329485,0.04450982543225289,0.04690268294370401,0.037807722049341026,0.03723569149568502,0.032927974606659714,0.03366150393005823,0.02149309721767244
ACTTC,0.06333728174340175,0.03432955406043178,0.07312669330647402,0.0668047343772558,0.06039750329901903,0.056878887375753834,0.05463530114999202,0.0559645335402379,0.05265867585016755,0.04698056385997469,0.0452344266461113,0.0478964373971563,0.043089789884359145,0.04416708950958383,0.04491056133558136,0.046462176736238044,0.038032222740984584,0.03594229523919682,0.03395688944085954,0.033479365406355564,0.021715017100865132
ACTTG,0.061085443865848965,0.03116956139358569,0.07272410918160593,0.06829963946615022,0.05887364883373202,0.05719351500007653,0.055871223283453,0.055551733959691915,0.053483146146485507,0.04722126095891484,0.04652281788879836,0.047789867508692276,0.04560692503665067,0.04414230575233842,0.04487663859230471,0.04579006842103134,0.03780019637333876,0.035963132761712514,0.034173746246308326,0.033526322947056784,0.022334696382223233
ACTTT,0.06820988276952981,0.03689288820800784,0.07434089752094164,0.06668727505313285,0.06274802746888272,0.05597811318157492,0.05353311206017807,0.056325568204068116,0.04991022891922264,0.04567395950392726,0.04359397602228079,0.04819383908133272,0.04044884353725352,0.04430905934384638,0.04450296013167216,0.046879490779032605,0.03736624820962171,0.03705296909098029,0.032734107908043084,0.03342118597506346,0.02119736703140742
AGCAA,0.062045669298334126,0.029308411499631617,0.07383797635116483,0.06777098972145701,0.06008426158787212,0.05708389415708903,0.055359825156253276,0.05575555889775842,0.052603776985379554,0.04722964170104588,0.04606845889122208,0.048489694486697925,0.04433817085467954,0.044527661065092365,0.045217085594872974,0.046295136396779554,0.03800211574133127,0.036164581068620714,0.034159767027307275,0.033691562481953694,0.021965761035456752
AGCAC,0.05170544405509406,0.026027791052253575,0.07087078815261508,0.06999359435933888,0.05619456879316066,0.05930329183377871,0.058964985270723816,0.0550733505937465,0.056289220684026295,0.04894815313270953,0.049155758744901135,0.04664304682957761,0.050579419314346875,0.044793637618210876,0.04451966476222872,0.045098298391934626,0.03817336639987281,0.03517223593832468,0.036332276202351695,0.033049963072821875,0.023111144797981993
AGCAG,0.05160059615673458,0.02429510060774923,0.07126600646558894,0.06987591492518808,0.05604052232765234,0.05916772427196602,0.05785588208314139,0.05521279287434439,0.056736954157220465,0.04932468667497966,0.04897325762257049,0.047030254399856454,0.050209244562363094,0.045048063498655776,0.04477891597052885,0.045239717707588854,0.03900333259074153,0.03510081943829818,0.03664791370343975,0.033263534743720145,0.023328765217671802
AGCAT,0.06081865470722547,0.0289484321278454,0.0740009972884341,0.06773516277816408,0.060132943721173074,0.05690769608326697,0.055494018675398854,0.05605476785675618,0.052661250351878006,0.04791330327433011,0.04591060614445164,0.0484967591133396,0.043807307994908895,0.04489226518007733,0.04501346760436641,0.04655661807341679,0.03817214714154759,0.036820875448418895,0.03406494886039646,0.03377652919564898,0.021821248378955167
AGCCA,0.05286037593067911,0.023038802335458193,0.07082794021085133,0.07013558987875579,0.05495452041019733,0.05982950471439553,0.05933623562685466,0.05461766312034725,0.057622517541062596,0.049444378255392836,0.049261619359487904,0.04765277557683116,0.051362575527812704,0.044556027618442094,0.044133831434864254,0.04429474151761599,0.038744500364553874,0.03468113520778157,0.03649510078921769,0.03269893376506588,0.023451230814332254
AGCCC,0.04721050693756583,0.0214783790732856,0.0686121540464135,0.07126661368910964,0.0515520099641331,0.06179954261814126,0.06174909453102462,0.0534809074127105,0.06087006840803006,0.05087286848883179,0.05074335680299873,0.04662081543185788,0.05588906168889597,0.04444688441728538,0.04294531194193128,0.04338069165175304,0.03913542153086204,0.0332800519572904,0.038145748763015026,0.03213945886159864,0.024381051783265693
AGCCG,0.03626929906401421,0.017182411893941672,0.06629066722845878,0.07155024528245102,0.050729828151804254,0.06415144310350017,0.06519035723959431,0.05122701417521895,0.05822252987028621,0.05329882324615524,0.05154121648057303,0.04992205134378668,0.059844102687573356,0.044170102627381344,0.043905257772293614,0.04175399524483101,0.04057904716044181,0.03339091702531074,0.0412748668251723,0.032589159418545156,0.026916664158666146
AGCCT,0.052396223926895684,0.026271864576847416,0.06989926698097015,0.07003417659683893,0.05411681473085531,0.060158458855678124,0.058563217143628055,0.05435643484722966,0.0587107223704272,0.04887567479468016,0.049463722895345494,0.04652211660288178,0.05221472572601936,0.04479621439672259,0.0439078444402594,0.04448177938650877,0.038609796623374694,0.03426931874589599,0.03659981027671343,0.03231320519297311,0.023438610889254686
AGCGA,0.04191896476479389,0.02208523126899326,0.06814017208543147,0.07069195853613941,0.055175708914836794,0.06025792795474049,0.06186347141718906,0.0540573004181353,0.05434824678123903,0.05237701844039403,0.049091193000204196,0.051194548359155934,0.05243841079224161,0.04404634321794685,0.046220433243157756,0.04328828113426374,0.03967280545697931,0.034966948226228145,0.038150008207890516,0.03379248584305713,0.026222541936982084
AGCGC,0.0352126901605844,0.015225374057515992,0.06542855129540169,0.07261765880317254,0.05183799062017992,0.06337720500152677,0.06470979713594475,0.05294195942718895,0.057966974890581814,0.05351978139851708,0.051839556533381355,0.049734969190657764,0.059049020912770804,0.043476014124537075,0.044403034739784374,0.04194455101353732,0.04066833175437085,0.03346669694098856,0.041596918282819584,0.03331950110005402,0.027663422616484367
AGCGG,0.037287013604926186,0.017442991015094365,0.06632418753146097,0.07182959709283483,0.050827121589287066,0.06382523910330228,0.06402521014197944,0.0523206983816137,0.05852945435488653,0.053160576744057754,0.05086573668641094,0.05054164569269278,0.05960791885313162,0.04376745436867764,0.043756421483785106,0.04112369932630447,0.04131539570131222,0.032920749408706325,0.04146985608980768,0.03219395811641073,0.02686507471331738
AGCGT,0.03964551750149294,0.0194017223857767,0.06840695030854173,0.07063196052342088,0.05643327850475123,0.06056899496065962,0.06113081331391633,0.05431303628115538,0.054652222652935074,0.052175769258976,0.04962728787100965,0.0519950444740123,0.05207100126769269,0.044386269107062414,0.04599969617282528,0.043984221940512734,0.04003315906924117,0.035605401837630564,0.039096795147146646,0.034060073966201844,0.025780783455038817
AGCTA,0.0643278220378044,0.02556971354751783,0.07422028265557179,0.06803735504018428,0.060275300222337236,0.05755765882282364,0.055526740272326784,0.05573652050238453,0.05272172149457422,0.04742747211841889,0.04625933531339042,0.04825541469601801,0.04484378452477698,0.04477783230324906,0.044356595091738796,0.04619207895188879,0.03806095252148012,0.036333712279148556,0.033962785806932884,0.03353465528413298,0.022022266513299804
AGCTC,0.054522433645103785,0.024338035231432607,0.07195131841929851,0.06936202284992642,0.05636560846551736,0.059635935090077766,0.057973220584667313,0.05497788930653819,0.056622351146499855,0.04871739725256058,0.04855536179796331,0.04696118088546435,0.04955891400773259,0.0449957476455353,0.044547524172297584,0.045334799515994416,0.038563749414321905,0.034959192378100176,0.036246866267025134,0.03285514219773457,0.022955309726208295
AGCTG,0.05235166676287954,0.02264877476196539,0.0715523301836137,0.06999565855868893,0.055862118776246014,0.0597536001408662,0.058510872450457614,0.05488232901587934,0.05703433428992657,0.049248603793001555,0.04887455976019006,0.04711083275276111,0.050507674492595696,0.04524127158100953,0.044506099764581586,0.045288850825493304,0.03900153703365421,0.0349446486002608,0.0365133138851524,0.03292549617507686,0.023245426395699573
AGCTT,0.059743555098838136,0.02840473123984317,0.07348758495790997,0.06846866892353386,0.05944512552635787,0.057710329319977244,0.0553249070622754,0.05554617260199598,0.053457785386061885,0.04771526285974244,0.047030238384178955,0.04788338128453013,0.04552058141394258,0.04460329010081528,0.045206037264339805,0.04619599912237534,0.038029627269831154,0.03584563722616065,0.03424502586389628,0.03365219536321637,0.022483863730177522
AGTAA,0.06643519852820062,0.03617700248475613,0.07481293345755688,0.06680431147180109,0.06310240626404165,0.055648993089651516,0.05391289652915813,0.056216688112733046,0.04870426475968575,0.04548590092892284,0.043906309624868016,0.04892354316269585,0.040692392938003905,0.04449452992748248,0.0446279442444465,0.04706703162894263,0.03786554881433157,0.03746667421540836,0.03270498040776547,0.033655471894136084,0.02129497751541149
AGTAC,0.07218257083440625,0.03376007601378454,0.07330806323733254,0.06672234123291249,0.061050005622244156,0.05688954494782009,0.054170518099582336,0.05586345277797562,0.05276847911642846,0.0456737548685895,0.04398786430120201,0.04711675405277709,0.042043167877601526,0.04414231295732912,0.043564174068853316,0.04644599814922506,0.037578766857927326,0.03577912694244622,0.03323333304635103,0.03257640447181038,0.02114329052340093
AGTAG,0.06662259721601235,0.034943778638945204,0.07337716654139977,0.06715151812111896,0.06003580387665337,0.05686009101464441,0.05393243286991871,0.05576200046723534,0.052305202674266096,0.046185425932261374,0.04494143371251727,0.04774593947114909,0.04256719570423478,0.04388009201211312,0.04447222968379367,0.04653432123567123,0.038011869877582594,0.03614030359797461,0.033415420341186795,0.03351276103712246,0.021602415974198808
AGTAT,0.0718738282850749,0.03851248509738312,0.0746064828391733,0.06575714972341479,0.06278001385587681,0.05544596159649588,0.05290591108584353,0.05596821859068427,0.04883935254844185,0.04525343304609199,0.04267060314488528,0.048482793103187954,0.039101330826190044,0.044127231714665725,0.04438139162325333,0.04738291755056437,0.03772193744569098,0.037515009081425826,0.0327984360938816,0.03334721243877563,0.02052830030899883
AGTCA,0.05727698261127506,0.02829855153431914,0.07332481217639895,0.0684090865861574,0.05910880603563261,0.05733074418435755,0.05651866147516412,0.0557606547342174,0.053891889878063405,0.047875309620287666,0.04694595751483827,0.04828166537004861,0.0454695578236372,0.044799267333509286,0.04512781028012452,0.04600198603425241,0.038499417032766735,0.03615748745445396,0.03477446312702775,0.0337479629158328,0.02239892627763514
AGTCC,0.05838644228036348,0.034141416871204915,0.07100983226451267,0.06762415836241757,0.05628949103585407,0.05848835832490331,0.056293613482599494,0.05454157361579117,0.057113064285663574,0.04809589910449005,0.04701513098272947,0.04655868451808254,0.047577844963480845,0.04452563119812731,0.043965207465567833,0.04521705712726382,0.038185766153292264,0.03449480216721606,0.03541250461771292,0.03242235657836004,0.022641164600366578
AGTCG,0.050854222129500706,0.026499707473706648,0.06900445819141651,0.06806716464165907,0.05657473631060094,0.05958768154393412,0.05979025789178492,0.054003226103927715,0.05472887272309476,0.05077561041242428,0.04765381818621604,0.050518610568135947,0.04900533501441467,0.04348739718116524,0.04513370794840048,0.04412536150051627,0.03953262310670482,0.03532840800690574,0.03751139491956661,0.03347952089181969,0.024337885254104817
AGTCT,0.060052877402517545,0.03058663551428419,0.07289613308742227,0.067862805362107,0.05914302118978575,0.05777373888247246,0.055242081725762865,0.05555820349403725,0.05422695680637155,0.04728064258417472,0.046765346741231215,0.047925512052556705,0.045270909884621076,0.04461862268128707,0.04489449929184305,0.04587300900891801,0.037954655859710744,0.03589994327800124,0.034515983324931825,0.033441832174220185,0.02221658965374329
AGTGA,0.05911891620375405,0.029839018114808248,0.07269566426758457,0.06832893538605396,0.059196000494168004,0.057393175007231276,0.05628913858675349,0.056166928176231555,0.054474920603920646,0.04752165129049607,0.04623355948177459,0.04718401913939311,0.04520364826186762,0.0447819779592193,0.04465947163971306,0.046177040865770506,0.03829905597636279,0.03609823290552292,0.03449736530038091,0.033510360883199544,0.022330919455793786
AGTGC,0.05253202834312306,0.026399537499943473,0.07062860450509138,0.07009094104909351,0.05617904788108474,0.05924365817742323,0.05831661118268586,0.055107529121057104,0.05653677615658931,0.04858797295164861,0.04886144586485868,0.04655656188615863,0.050536080692836126,0.04484455956699408,0.04416504245018402,0.045337477237366634,0.03815696869199262,0.035258013006267026,0.03621385915026325,0.03319708876302418,0.023250195822314485
AGTGG,0.061271225390294,0.03003239069951431,0.07151158064039448,0.06796817073276036,0.05718968118108667,0.05863089705505474,0.05678302565074253,0.05508015561742643,0.057008836774563434,0.04777371574811014,0.046798622258883496,0.04685450480972806,0.04671064389895327,0.04407666955637564,0.043952359392252005,0.04510145452667398,0.03819955219014796,0.034863217274127375,0.03528991231978896,0.032521689516873356,0.02238169476624883
AGTGT,0.056344362741378946,0.03325073669324124,0.07241322800617882,0.06799109595069087,0.058909056698825235,0.05687150431090731,0.056496101822993326,0.0557826246612425,0.05356404754895861,0.048167447111343104,0.04664201412387372,0.047935893272799554,0.04515876460109313,0.044345746601803265,0.044844209484906514,0.04619863252739649,0.03805191297460191,0.036166706624624824,0.035069177847307995,0.03360838570860634,0.0221883506872263
AGTTA,0.06492902386948479,0.033714611777791906,0.07458400891480288,0.06661250277753634,0.06267030073745791,0.056048135191288165,0.05433741372494912,0.05646863427124952,0.049653732258283914,0.04590482265557864,0.04475377823705066,0.049251765530899085,0.041441490861048313,0.04450062630085532,0.044757670031091726,0.04664129834696975,0.03783138857914121,0.0373306444125235,0.033215906169957614,0.03379874865848933,0.021553496693550316
AGTTC,0.06153163462958651,0.032605076807911894,0.07227016730688832,0.06772104870369537,0.05846243788365975,0.0581689882927262,0.05617886061290668,0.05501529886280972,0.05383987563976804,0.04684875598334129,0.046547182095870276,0.04786933011437872,0.04678896116082549,0.044180737000434976,0.043823430438716886,0.045315376254858535,0.03762784189923955,0.03550236343910572,0.03458903002236294,0.03276041335770839,0.022353189493204757
AGTTG,0.06264590963143049,0.03312368548896457,0.07335153828044703,0.06736595073544578,0.05993285799849651,0.056878244906758774,0.055087623053007344,0.05556681997728237,0.052868153972095384,0.047036725924436966,0.04590939815004715,0.048129061631334076,0.043643078578769964,0.04426224377301579,0.04482794886414777,0.04607697127326219,0.03781145613073658,0.03600547664736336,0.03389351097380397,0.03357488875924544,0.022008455249908486
AGTTT,0.06809099616768553,0.03797062422812992,0.07397043415731684,0.06637392172265953,0.06257250546102472,0.0559573623414477,0.05363964540089492,0.05592166554465587,0.04990552637911356,0.045467419709126114,0.043932340408399446,0.04827845467747417,0.04081759007062582,0.0439743572938036,0.04450173357689863,0.04686685118204383,0.03725703940832735,0.03671713998668568,0.03300701389389554,0.03354176361370495,0.021235614776086282
ATCAA,0.07298555009843702,0.03926510581021079,0.07431231966175116,0.06492995952067988,0.06321217688637884,0.055581260766196273,0.05293222986098599,0.05576955414742094,0.05078781920649593,0.04557436168468628,0.04248818357597833,0.04817109722144789,0.038560921624720926,0.043643039629219824,0.04426968240632029,0.04692953304293375,0.03734174827924945,0.036712701117392735,0.03286583578142279,0.03328660311376842,0.02038031656430249
ATCAC,0.06153407247200958,0.033302361296445,0.07321942924665083,0.06690045192470152,0.060036676402866015,0.05619070365896869,0.055583265384476895,0.056093121501930014,0.05312112694181568,0.047515053326092085,0.0453339429732431,0.04790729950755101,0.04278572769336874,0.044544976319282,0.04525276655002971,0.04651068151761986,0.03831782849445859,0.03646014546559366,0.03407023486405932,0.033641342108341334,0.02167879235049636
ATCAG,0.06533095127155421,0.03671630956504117,0.07280520997110462,0.06638959002457644,0.05999240863156863,0.05677612689047084,0.05473609197349832,0.05549041153688666,0.05421482908208396,0.046719141793307134,0.044967313095774994,0.04749605273758533,0.042667477298569186,0.04393824247362332,0.04446681434120792,0.04612927419374933,0.03755069564011266,0.035461159020896194,0.03394770261437094,0.03285683792096173,0.021347359923056416
ATCAT,0.07102539347819348,0.038272469381178995,0.07449460273897962,0.06539875160449167,0.06284205539023086,0.055306463780215254,0.053200700574532495,0.056174666395689334,0.050368903910246794,0.04615048824458356,0.04243451842076997,0.0485869356565569,0.038650282349824434,0.04394749260892616,0.044178595775822414,0.04742186881043559,0.037992201990430824,0.03753860722451046,0.03247437901984074,0.03326507752446546,0.020275545120075004
ATCCA,0.06987036263361578,0.037099521999883,0.07262658966505718,0.06559087586474648,0.059835255714403054,0.05737523038731069,0.05496439965749924,0.055124836091874824,0.0551144948852392,0.04674712913330643,0.043869319058134716,0.046977738041280914,0.041474000138276707,0.04352879789677585,0.04357459466901934,0.04631516215898394,0.037503863179336024,0.03524696869687205,0.03392816938778284,0.032410818911289586,0.02082187182931218
ATCCC,0.06190742004518681,0.031822288957059276,0.07068079196178335,0.0670435270888961,0.055780988080488175,0.058490457433627734,0.05775356293356479,0.0543740765525512,0.0577011790312001,0.04796998920021997,0.04694280920167761,0.047094991684831944,0.04771717993228604,0.04400786131227266,0.043156260559600874,0.04497541062353822,0.03817005843807353,0.03442119307753977,0.035406548774589375,0.03213327955528759,0.022450125555724877
ATCCG,0.046037861132020894,0.029556204945811706,0.06679278278334215,0.0695342469355756,0.05469944151707498,0.06006896393035235,0.06129506240611143,0.05218478914722057,0.05623781708451533,0.05073187888908246,0.048812196557062884,0.05028811670616698,0.05374946173290776,0.04257651610528011,0.044534000401029526,0.04276223879664844,0.0393797848246482,0.03465782648569935,0.038145468530686975,0.03241764924379637,0.02553769184496593
ATCCT,0.06685900090795709,0.038548518848865586,0.07208748930625702,0.06582633911105645,0.05873419065465418,0.0569713623644013,0.0544791528749383,0.05521575878025601,0.05527748289982741,0.04670741086793693,0.04510493964150694,0.04680808557695796,0.04342802253040306,0.04371983783361847,0.04386323254397137,0.04611043026108989,0.037449107049883926,0.03510468991796974,0.03411396282825884,0.032331502184452715,0.021259483015736824
ATCGA,0.06213639052673783,0.03986351414624846,0.07080694317108115,0.06488124777453479,0.06081863474893949,0.05659200318504375,0.0563228445580892,0.05493219165215733,0.052972380399644484,0.04769434794920752,0.04399061309288496,0.05012939240243701,0.04178407309899711,0.043550426588386364,0.0451401447288367,0.04494107949431823,0.03806071209279244,0.03587800385233285,0.03414389332346418,0.03304763266576386,0.02231353054810229
ATCGC,0.04441824929054791,0.028915084042785418,0.06767299716219166,0.06881903514516481,0.05610128792839991,0.058928181619733684,0.059986902423051734,0.05392054136651386,0.05408426107836717,0.05129011132940406,0.04872516917703558,0.05128356254092993,0.04976424361493124,0.04350796769264353,0.04642217856363239,0.044147566033617115,0.039443352979698754,0.03576293385723641,0.03713817943680419,0.034121370879720586,0.025546823837590046
ATCGG,0.04582531855685203,0.029813992091002293,0.06822438119416101,0.06793340819215936,0.05501733144558903,0.05804813747986135,0.06004198603720158,0.05339256944783479,0.055370795293658154,0.05137919250109847,0.04838744324561832,0.05168969389249622,0.05126006932578236,0.04340184543279793,0.04537225992286286,0.04351315725235561,0.03938290289508373,0.03516086510765025,0.03809402919494215,0.033407215739881854,0.025283405751110676
ATCGT,0.049644023371457735,0.033751913873076904,0.07005114200072565,0.06780191771211434,0.05961648768722835,0.05657837884223664,0.057278438610780316,0.054970499631904056,0.051179638347618066,0.04944228571772687,0.04678808061677524,0.051982072447905765,0.04533376290405869,0.0439908525523577,0.0463063190556269,0.04544517026507425,0.03915065436769548,0.036999287896192425,0.035453134385881976,0.034339060775726446,0.023896878937836197
ATCTA,0.06776250846885679,0.04096413205415546,0.07419092521227587,0.06531269323996065,0.06203577836512579,0.055594663772252764,0.05346768701714471,0.055462119097130724,0.05010954069443321,0.04669712411104182,0.04296708734815851,0.049050574838602506,0.039978396261613966,0.04410763253815225,0.04406171154834619,0.04614937715308997,0.03800970776682226,0.03699387981050634,0.0331902650980474,0.0330881604729862,0.020806035131296634
ATCTC,0.06140671337952622,0.03609065545669768,0.0723020116739713,0.06683019014479095,0.05839564033364978,0.05730562705656611,0.05554491075476006,0.055293034534759804,0.0543696495439719,0.047337903632448296,0.04625868735263912,0.047594453179627065,0.04548984445716807,0.043780051306686454,0.04405045968618769,0.045684673855747926,0.03777160289804299,0.035688265871706856,0.0341900616379625,0.032748420777999394,0.021867142465089844
ATCTG,0.06222059799249937,0.03604361293344167,0.07241081027380492,0.06712446291020178,0.058823387488779216,0.05751585102344213,0.05521598904354552,0.055162484078015064,0.05444406992545495,0.04718939267606433,0.04576420205575445,0.04766043506491203,0.044490301337978946,0.04403330932469495,0.04400322165177067,0.04577257551189847,0.03763385998587866,0.03539076720017882,0.03449651046859422,0.03287787881905884,0.021726280234031004
ATCTT,0.07066463765922723,0.039755482519002384,0.07397866412865527,0.06544135740255429,0.061988222743748905,0.05608419248123903,0.05324457627804426,0.05580340907965753,0.05166316797753928,0.04554326331921186,0.043486589078197996,0.047890255618021134,0.04030274733784453,0.04363070907404675,0.044060257560401744,0.046566771992020715,0.037182103254703794,0.036110187865731995,0.03283417778197737,0.03297597523336376,0.020793251614810156
ATTAA,0.07053358849457336,0.03704079701110262,0.07523167608951417,0.06597309245059482,0.06491289726329112,0.05541520277363887,0.05367727226101458,0.0560689682642914,0.047146667305862255,0.04547277385154236,0.04223003121835967,0.049602047869874814,0.0385117693650708,0.044271227139210806,0.043704998544772534,0.04758681926991409,0.037807126725343414,0.03857498392904835,0.03246255858950213,0.03345965671201783,0.020315844871459997
ATTAC,0.06882953022335384,0.037728368671524834,0.07437732323629379,0.06609072191003243,0.06346236302943983,0.05555461772679633,0.05388726537333114,0.05567688380189134,0.04863802344711233,0.04577501981096266,0.042936372927445336,0.0492780513826195,0.03975624919514196,0.04431216771722244,0.04416650951336173,0.047387147448063445,0.037537131989965986,0.03773343294682463,0.032580171095335224,0.03348981140156471,0.020802837151716522
ATTAG,0.07042795115203115,0.03753639429757581,0.07472596412127752,0.0657006548435571,0.06358013603226587,0.055683767350805914,0.05303058084397685,0.05611429378850627,0.04907980671476215,0.04579761238076355,0.04295381744145887,0.04885356279273674,0.03909233921919742,0.04421017563116771,0.044173504226224035,0.04705169155660584,0.03766236160947274,0.03747113162776079,0.032553641252968675,0.03361089650397201,0.020689716612913016
ATTAT,0.07461442257441338,0.038003658758549747,0.07553508977816642,0.06531784305985032,0.0651818229283829,0.05478573718519574,0.05295513799882791,0.056197174782575174,0.046654295137579176,0.04526225413293815,0.04108588713671646,0.0499839215665225,0.03671287040782617,0.04405856746281344,0.043245984417338554,0.04793325034682084,0.038288752074459496,0.03916220870343415,0.031875799347005775,0.033271256103827154,0.019874066096756546
ATTCA,0.06873821376230993,0.04022122940128052,0.07412425201044924,0.06571077258997896,0.062348119396044316,0.05593774904732506,0.053632211847677864,0.05590931000700048,0.05031774702762655,0.04590113773277387,0.04291490683646881,0.04816375304748675,0.039660874977107234,0.04409091381877985,0.04408538400538341,0.04702724473229317,0.037767703862166505,0.037231706949382326,0.03267303411513045,0.03303945008375692,0.020504284749577793
ATTCC,0.0689634777617715,0.03770290775228604,0.07313242236459287,0.0655241584665251,0.06048175499573042,0.05657887676446834,0.0538141522965968,0.055386892562502024,0.05387792593720251,0.04605536889193814,0.04416633194077074,0.04733392752537188,0.04208768841296381,0.04359219774080164,0.04404238478443224,0.046554071904094045,0.037379239382760304,0.035750782898583966,0.03376282823067063,0.032705248690626014,0.021107360695310974
ATTCG,0.06272113486308117,0.03260880077035408,0.07147741920331352,0.06638363246263244,0.06088643218024296,0.05672657541968133,0.05546521732523006,0.055206866872149686,0.05332933603933558,0.04796200176009881,0.044729167213531484,0.05073339752950652,0.042214740343979124,0.04323432662405036,0.0456948729178266,0.04515054094716526,0.03835744373969879,0.036365243989207305,0.03460928984019574,0.03372509577617733,0.022418464182541866
ATTCT,0.07008042668262865,0.038581572335222435,0.07438358211208893,0.06575563603156849,0.0626309240786269,0.05576940369498033,0.05300944805619929,0.05601561702412485,0.05092886091234377,0.045537859496814326,0.04331934781525955,0.04795187695688889,0.03957442617645461,0.04366889186423267,0.044356824301041486,0.04704071861388544,0.037354562293549845,0.036927830084181296,0.03301388327662727,0.03335137019689629,0.020746937996384666
ATTGA,0.07331295732296561,0.03808120707183835,0.07435510804928931,0.0648126939157404,0.06331479214291948,0.05590242336335157,0.0532573793268287,0.05586545688958013,0.050973391397141965,0.04565207593757696,0.042258081014643616,0.04832092030652803,0.038388417036514265,0.043893383288149276,0.04392055955425522,0.047112842439942564,0.03752164606475007,0.03703314846157858,0.03280124679982587,0.032986585558734745,0.020235684057845274
ATTGC,0.06872016457750837,0.037924163649987255,0.07368019876547705,0.06573542459962324,0.062197573497425364,0.055915965436423604,0.0533660009850121,0.055538201797167994,0.05167337075357258,0.04617459818596799,0.04353192953139103,0.0479783776429082,0.03996940521749796,0.04420505307375518,0.04443429835135037,0.04738334601328808,0.03763862512240788,0.036710145816285664,0.03300748724179364,0.0334372323076304,0.020778437433526056
ATTGG,0.07250736155526707,0.0412343727576606,0.07308818528462008,0.06507775225123165,0.06089746621045104,0.05574036829775677,0.053282404515662914,0.054836750495807586,0.05366934620013808,0.04580571250931888,0.04285039913384276,0.047447027847876404,0.0398321717544084,0.04342094279718951,0.044063035719939754,0.046170449251220554,0.037515044876600144,0.03580382508920013,0.03340281287278089,0.032654424067526056,0.02070014651150072
ATTGT,0.07162982901758956,0.04242370990953713,0.07411695368955923,0.06501594109948818,0.06310130658793889,0.05516518834181402,0.05295929224041729,0.05593621067151454,0.04990195763968053,0.045124872326029346,0.04202436533932355,0.048011493583656153,0.03839378050094865,0.04365579507953372,0.044287571262939744,0.04749312092114062,0.03726415373990674,0.03722751801801048,0.032676023622591865,0.033286517643900476,0.02030439876447928
ATTTA,0.06955447626152246,0.0348935387135998,0.07513344143862485,0.06649266925420211,0.06477907836116599,0.055562986832458895,0.054016797543984967,0.05625158917746648,0.04671751374978605,0.04577602812980154,0.042346570790003,0.050022409257348306,0.03915762958536443,0.04440555116384679,0.04368815811734536,0.04755006960226289,0.03814263368630799,0.038681346296734184,0.03250727435164033,0.03370283049202418,0.020617407194509385
ATTTC,0.07129507758322569,0.04006198208525662,0.07422377575473021,0.0656198469851297,0.06347861006121118,0.05545819965801185,0.0526057214634584,0.0560004503511781,0.049363214758278144,0.04533509786209498,0.042623299967856944,0.048486902794703454,0.03891258483283434,0.04382028026303296,0.044123526885616896,0.04733369454343363,0.03733210916791305,0.03733483130994701,0.032739964442291894,0.033317711867581076,0.02053311736221388
ATTTG,0.07175103764915029,0.0392987252546101,0.07419732847716042,0.06586282598378933,0.06298798699831264,0.05560744847535254,0.05282806473725443,0.05594666182053754,0.049751251393575995,0.04554780718934555,0.04287235314722189,0.048229263965891285,0.03928554277901651,0.04370779253796553,0.04409396845245269,0.04710781193503676,0.03731464497710016,0.03704052010515849,0.0326844181255273,0.03334212949710739,0.020542416498433167
ATTTT,0.07551556316634342,0.04092063161390656,0.07473517917976868,0.06530498561636153,0.06523656973863597,0.054961513915401924,0.0523771533543745,0.056110186970380664,0.04738648578460184,0.04451431094659581,0.04154904867783547,0.04877996709270112,0.03736472867413413,0.04368907518406609,0.043568732147347376,0.04753513035347322,0.03718046108979233,0.03791765447729931,0.03211645563670234,0.03321055595468236,0.020025610425595364
CACAA,0.06423444843384275,0.036158404879262446,0.07327305920056966,0.06661364881333155,0.06002370220271484,0.0565893391327223,0.055394192405681136,0.05550789642026483,0.05335597200953159,0.046842488377363156,0.044883372167898436,0.047916403646346445,0.042824286226680115,0.043627741772240165,0.04455599440697744,0.04611298666242665,0.037344571498299325,0.03591792286932411,0.03432104836950292,0.03315376638935741,0.021348754115662734
CACAC,0.044398789595834175,0.02555386607651644,0.07298248411864004,0.0686956421499836,0.055570350428496965,0.057725409067223274,0.061455479216948126,0.05590934759162597,0.05378365842772132,0.0521444011905504,0.05027606204977054,0.04961400066360328,0.04992282069135303,0.044270298143489414,0.04463301115753691,0.04513185168738279,0.03796078044386528,0.03600741667347671,0.03684804446655966,0.033871521617071534,0.023244764542350527
CACAG,0.04818895886638169,0.026708443998227655,0.071175455401514,0.06975474012852068,0.05577596046883497,0.05881161484092001,0.059336979618877364,0.05514932183869775,0.05665605052039179,0.05000900686314434,0.048855402709230285,0.04739584267101728,0.04933135779955931,0.045159280612022755,0.04506483660867271,0.045293956693636034,0.03885991894676901,0.03527958413050475,0.03708490526572807,0.03312796831633128,0.022980413701018245
CACAT,0.05751877407872229,0.030439882118247455,0.07330215518022433,0.06784272298094082,0.05868671933520076,0.056352476135722626,0.05770609715431303,0.05563260014548131,0.053322125326197484,0.04896074522579138,0.0467881740777339,0.048895911673875234,0.04487128951463791,0.044432162807285736,0.045014958783040106,0.04574436565840884,0.03781808152460275,0.03650340770326142,0.03495669801190443,0.03338680826659556,0.021823844297812627
CACCA,0.0564577917235692,0.031991408326729226,0.07044382513693162,0.06832602738924842,0.055766773209653786,0.05870309013653684,0.05811515415590758,0.05409581265590319,0.05744212025418252,0.04872821010705962,0.04740524448837434,0.046827836085612605,0.049171245675651176,0.043890641860573926,0.04415076076371729,0.044712816448755556,0.0381083697168374,0.03449755672463658,0.03601177334124851,0.032540889404870176,0.02261265239400045
CACCC,0.05079984848163396,0.025056556763669868,0.06881211949188205,0.06949658867398154,0.05313421178007921,0.06077212984852077,0.061320034761065054,0.05407059363437481,0.059882917251733676,0.05068367616183134,0.04883913161602906,0.047075948889946706,0.05301927533601917,0.044248883128792466,0.043268215727054374,0.0429592467914091,0.03919353340376452,0.033911812438553804,0.0380707402916296,0.03181926882707359,0.023565266700955354
CACCG,0.03659985301074343,0.019519135146358123,0.06661114263502425,0.07108924229751522,0.05220477986412341,0.061879409825158285,0.06392027189473398,0.05303056220441416,0.05791447490270515,0.05404391510485666,0.05066292626589484,0.050281886700303535,0.05689522355697485,0.04357299502997,0.04461937922402413,0.04205827428006526,0.041066155782658806,0.033572770889049065,0.040864428953816354,0.03301359827576647,0.026579574155844003
CACCT,0.05486617012911673,0.030604004119520096,0.07054669507882157,0.06871441231313408,0.05490287118224652,0.05916781054500891,0.05842063250110233,0.0545491907504344,0.05855999263209047,0.0490159876365924,0.04795979365005996,0.046424581672913634,0.04964215607607574,0.04418166259579278,0.04375163704874367,0.04452478281892133,0.03832213172181086,0.03443424374450458,0.036300284554344475,0.032287924609112145,0.02282303461965331
CACGA,0.047236749463573785,0.024505444600534027,0.06944027564998789,0.06922827153041311,0.05653480382366167,0.05859570702815973,0.06030178228515893,0.054645735537134754,0.0548019490989267,0.05134181870523505,0.04808922918649556,0.05083412462941122,0.04930769496847275,0.04418500595285252,0.0464567974657697,0.04458669796888896,0.039429418807443356,0.0351201561242969,0.03717659608417233,0.033954133466635575,0.024227607622775493
CACGC,0.03673454651177153,0.014362036186326421,0.06678118797488258,0.07142633185652786,0.052495161506398595,0.0625740500923043,0.06669567704230986,0.0531469448368974,0.05739113745692387,0.053310365730258616,0.05115073962206068,0.05134076391666675,0.05732272871086568,0.043946918613544744,0.044615804130558094,0.042231949354725004,0.03953835497868403,0.03450841190046147,0.04130748116146649,0.03279059227722264,0.02632881613914339
CACGG,0.03526224702561256,0.01874691439514911,0.06694112349472214,0.07067459233847706,0.05310585907760081,0.06207197122453076,0.06454407193143945,0.053255957364852766,0.05673172734194017,0.054496528751055665,0.05079922816928917,0.05045201285420031,0.055401639507315935,0.0445104716160522,0.04548158945044134,0.04241994607312138,0.04089726224340878,0.03407864065204143,0.04084753088317471,0.033253100072155685,0.02602758553341857
CACGT,0.040569313118247144,0.020065628930692834,0.06862151470302313,0.07007455668728647,0.055794907607638985,0.05896366601460978,0.062276855683806635,0.05505687972923106,0.054214893085154925,0.051846855247338536,0.050273189351765515,0.051692901044745915,0.05224364442927828,0.044080103800049994,0.04688937120818338,0.04377775044341191,0.039868583422941556,0.03586736131226118,0.038386972617578556,0.033885796137654106,0.02554925542510009
CACTA,0.06640929821816859,0.03533578390307074,0.07328960754165768,0.06682238059489416,0.060026539096337754,0.056570532253749674,0.05425241115141911,0.05585799408123537,0.05281553245276976,0.04619603200242897,0.04500908549810098,0.047307073173666774,0.04294089659009176,0.044239386907070584,0.044129000187911986,0.046489470912058115,0.037624051993301814,0.03606405854707936,0.03382762824530012,0.03327638890560246,0.021516847744084244
CACTC,0.05529792433682083,0.029062963148369793,0.07085098701326283,0.0687547310345246,0.056725767622202904,0.05884174414565291,0.0579971738942463,0.055074361623213205,0.056794031046205236,0.048766252383531224,0.047761642326963595,0.04681657314577578,0.04842436640165289,0.04436364077662539,0.04419203411350842,0.045318570230169095,0.03829919403650728,0.03514769929506637,0.035857828525312836,0.03284551532058779,0.022806999579800702
CACTG,0.050551780909768224,0.026876331286806165,0.07106110884317997,0.06961466278109435,0.05625591963709509,0.05859292162973083,0.05871027022511799,0.05546681432919313,0.057182178642016725,0.04917647153926058,0.04865682339642673,0.047090199438720726,0.04924801241658617,0.044820157551604414,0.04473541327319049,0.045098910988867376,0.03869189324646034,0.0353397113844305,0.036406222843770084,0.033289142358262164,0.02313505327841796
CACTT,0.062039434957772026,0.0315703606904153,0.07291769251789272,0.06798191473941542,0.059852451302889145,0.05723466634409032,0.055500218923209596,0.05596294808994184,0.05343450118860088,0.04709674547152732,0.04570106316785257,0.047543585654886186,0.04432411787287285,0.044381228275375266,0.044508639934501416,0.04635580919969139,0.037874089999698705,0.036117907648731754,0.034107051875582065,0.033423525798387685,0.022072046346665538
CATAA,0.06950076002597605,0.035985921543928004,0.07483129510285011,0.06602370028873324,0.06300136809566985,0.05549176036624725,0.053693067548969624,0.056030455169391306,0.0497214977215525,0.04583634080141939,0.043085638615026095,0.04911106390104059,0.0395236333594909,0.044166452128961316,0.044335038819775775,0.04725041465967255,0.037696897108151294,0.03769983188613453,0.03291842637856712,0.033443751637565355,0.020652684840877154
CATAC,0.061019619129124236,0.034102379296431076,0.07348243013138746,0.06669342633580608,0.05913508205246662,0.05619951268791199,0.056763317037704625,0.05548318663901501,0.0518498042042133,0.048342856998600164,0.04572516389245474,0.04950033891373415,0.043474574737946685,0.04390668448961611,0.0447117886861297,0.04587789596631648,0.03735940129027046,0.03663739512292408,0.03488854976477999,0.033306110839727676,0.021540481783439383
CATAG,0.06679126274350379,0.03396474140592742,0.07322619819261761,0.06673379246556942,0.060001477256137505,0.05645181975392307,0.05419543635851348,0.05587017425643971,0.053268583486860616,0.046701157833247096,0.04449298775825224,0.048029338384032214,0.04241942927385532,0.04465691304766234,0.04414835894392771,0.046868554481727054,0.03791418376102084,0.036492083662067826,0.03354972114379739,0.03304791690492082,0.02117586888599652
CATAT,0.07370078290795654,0.03700356236781774,0.0752748899706566,0.06506331625257802,0.06273721806894549,0.05486600977251966,0.05395344492556742,0.05608383967447008,0.04931484281339704,0.04631280057941138,0.04196519628421899,0.049257100878390775,0.03815005607966718,0.04405225093272069,0.043402553216461325,0.047211367381513616,0.037891899829452666,0.03806526023105657,0.03277776798213742,0.03301102386410913,0.01990481598695167
CATCA,0.061307751648188386,0.034928416497058246,0.07254343642267512,0.06686780134989795,0.05920709343186129,0.05654817602804791,0.05573877585106916,0.05563998364255194,0.05412451418969284,0.0478431149470796,0.04545107266704015,0.047784717102534964,0.04332590551077463,0.04421942279025809,0.044812024751608705,0.0464810533034647,0.03830505248771036,0.03591467439495068,0.034098592203464145,0.03326226245050366,0.021596158329567478
CATCC,0.06009680825046213,0.031500545617159245,0.07102067918296291,0.06712057616036977,0.05672396666601047,0.05841517590722043,0.057698859409186974,0.0548697728093777,0.057346287683985066,0.048796778047763535,0.046524747679774776,0.046916159046736856,0.04602213788640345,0.04425981131028103,0.04376429551540471,0.045586921078734695,0.03868924899207583,0.034665533045707166,0.03554713970867431,0.0323206118431822,0.022113944158526747
CATCG,0.04391577307182288,0.03014965434621942,0.06841837047788536,0.0682983054827013,0.05590893203520839,0.058132802557117585,0.06014189014319752,0.0539305277256755,0.05569148098837504,0.05130377244214868,0.048472906666808965,0.05113701550439304,0.04997238505110767,0.04372100096852429,0.045855489771796466,0.044450729328142966,0.039254583147677276,0.03567931440219639,0.036919986019098336,0.03354749370992831,0.0250975861599746
CATCT,0.059631604718229925,0.03417830947264031,0.07242670353805185,0.06755382231360081,0.058412019111723154,0.05730500872861365,0.05592816534036008,0.055454033748984555,0.054410075420434946,0.04780735859676908,0.04644019642949123,0.04780673800568089,0.045283786995761986,0.04428662123526174,0.04436196099336774,0.04561927853803634,0.03804558489779175,0.03559201597153225,0.034468870220129864,0.03304362072699764,0.021944224996540206
CATGA,0.061529495772870195,0.03133544602087461,0.07380662777785692,0.0668627209326378,0.060057540492317714,0.05618063292683607,0.05555744790482873,0.05614362889695786,0.05357084243467318,0.04771770291368802,0.04523425254027246,0.0482157864455632,0.0428619690850684,0.04441335142556864,0.04534201322979224,0.04686413296925909,0.03835769612600321,0.03675475586939652,0.03412421834792954,0.033730798934036216,0.02133893895356939
CATGC,0.05272826338700945,0.02721643379630142,0.07251540821025906,0.06879160636482232,0.05629429156954461,0.05764214033423597,0.05896423402699055,0.055307967703521345,0.05546478747486973,0.04996407644410596,0.048516259844637775,0.04792656408644089,0.048226467590771364,0.04477509717293253,0.04489204427735656,0.045336366962843634,0.038092896064357916,0.03595026485752867,0.035537420593297654,0.03322575980323888,0.02263164943493372
CATGG,0.056265045022723906,0.030511943713700657,0.07139569229573384,0.06815592655478392,0.056265500472453184,0.057290869629640424,0.05747623766945766,0.05499843932559433,0.05712371957899442,0.04915577838180533,0.04727310101753542,0.04733974849458683,0.04698571223835931,0.04454875255355482,0.04501133766192756,0.04562862386167931,0.03859723912446773,0.03522463387914429,0.0356762881940143,0.03289713394594358,0.022178276383899184
CATGT,0.05793243965277967,0.029237223891383245,0.07351689630280457,0.06809113952513547,0.05843485456858396,0.05661978271568369,0.057369621437522854,0.05573967826527129,0.05355975426802687,0.04874086822378355,0.046876879157456405,0.04821696757059011,0.04514207477631185,0.044727089244726334,0.04510653547484426,0.04591083175748738,0.037894895015822425,0.036724260154173,0.034849730914787026,0.033497751024356176,0.021810726058469853
CATTA,0.06718556626346901,0.03752235380517966,0.07447032139107193,0.06633048371080197,0.06289128614988757,0.05552144995230654,0.05388568628473572,0.055990107812667146,0.048772456374147385,0.046110914032342555,0.043339905460335754,0.049242182197729474,0.039703312697317326,0.04436959999971521,0.04421456733872999,0.047370042670470514,0.03806274319524984,0.03789080111659115,0.03260438317025238,0.03371880279186945,0.020803033585129395
CATTC,0.0642159944628483,0.037168212129517944,0.07326168979099855,0.06650974816858382,0.0601299864255197,0.056436979519533345,0.05447294985900922,0.055622673367422715,0.05302473418337179,0.04684765431516381,0.044644505588798164,0.047506126409399496,0.04231675468254504,0.04447972489920806,0.044574233863326373,0.04667067367323485,0.03784994546621304,0.03628135692749894,0.03361721266875584,0.03313181723170068,0.021237026367350326
CATTG,0.06733132265616718,0.03703121588004691,0.07349260241796246,0.06595841516548627,0.06138473211834392,0.05564664427701063,0.05401423703897412,0.05554565339595214,0.052859864451510835,0.046730186140907695,0.04343527504465168,0.047888237204171125,0.04051941415925593,0.04445003275515497,0.04477407303245853,0.04691093306545112,0.03799497653968457,0.03647911010313443,0.033505229622163686,0.033151092724677124,0.020896752206834675
CATTT,0.07015829643876606,0.03610572974518772,0.07442016387639695,0.06641492917812447,0.06342651282256953,0.05560742204188107,0.053291477834487976,0.056356444241395964,0.04940887317975661,0.045932559230384265,0.04308983209557073,0.04871887647541941,0.039279505336706884,0.04407382284679004,0.044498684350484145,0.0472700054578966,0.03754710269389919,0.03737734990348416,0.03253228964865445,0.03370442961493057,0.020785692987213177
CCCAA,0.06286366572625401,0.035132088908388474,0.07098732327627279,0.06729976676536713,0.05654965137755975,0.05808168437564155,0.0559554425917145,0.05438539187931916,0.05659834640738262,0.047408898636522985,0.04633372532023453,0.04703001571344932,0.0468585315552691,0.043877780975579844,0.043592243674459005,0.045100010046383227,0.0378528630331762,0.034201544683999184,0.03519291725129014,0.03230211496589164,0.022395992835844848
CCCAC,0.05415032170376745,0.024804636413252562,0.06999684747253367,0.06938681075792029,0.054484365460311796,0.06002570006159089,0.059966642601870346,0.0542783354587867,0.05885075861152557,0.050074685875552846,0.04834322853374588,0.04723472672586618,0.05113923014239056,0.04405468385216374,0.04350655680413241,0.04401173297236698,0.03881836760819134,0.0341890680950966,0.037482360358888155,0.03189874598530912,0.023302194504736928
CCCAG,0.04953314140753627,0.0238436487252237,0.06884082040593942,0.07075061759487264,0.05187958052629048,0.061566883925875726,0.06095189180104695,0.053739553685763566,0.06116444953866915,0.05007959450676442,0.05009434341100759,0.04625020883952647,0.054948715952960164,0.04452471098344702,0.04255666181977186,0.04363816550402335,0.0389098403201826,0.0333276899150711,0.03787840854613482,0.03169750220489921,0.023823570384993498
CCCAT,0.06241192354326832,0.03289393833739051,0.07126897019553302,0.06697174369384426,0.056916251244685113,0.05786580393089519,0.05635470482629562,0.05492001256936556,0.05736520734271563,0.048378356873375584,0.04628076934494038,0.046874459333728774,0.045682512510084386,0.0440040209323146,0.04377128743079252,0.04516540501689118,0.038446520563893076,0.034726473145979056,0.03504035598916393,0.03268790332057134,0.021973379854271943
CCCCA,0.05441002724232883,0.02678653429831604,0.06939738829139218,0.06918744386954127,0.0532282552847017,0.060259242042772575,0.06032986645605952,0.05363775818527306,0.06002882247589311,0.04974139743458302,0.04846214598214597,0.046976659373261745,0.05203683923702488,0.04396458749482001,0.042893500016840065,0.04363490798573683,0.0389625689125873,0.03353220436153231,0.03734028459561366,0.031786772433154954,0.02340279402642095
CCCCC,0.0532531113378423,0.020997003645169425,0.06849132753187318,0.06872322092826744,0.052633105896564183,0.06037201543764857,0.06272685940260772,0.05265481420226339,0.058768238273609455,0.05065156363708663,0.04810053339538798,0.049281100038973506,0.054398985268581446,0.043498169705795654,0.043481736315499994,0.04309849342329634,0.040273979106060086,0.03325895026343131,0.03833098430530074,0.03233807176278949,0.024667736121951174
CCCCG,0.04357777777777778,0.019366666666666667,0.06527314814814815,0.07068055555555555,0.050581481481481484,0.0645462962962963,0.06526574074074074,0.0510787037037037,0.06000092592592592,0.05265555555555555,0.04931851851851852,0.04974537037037037,0.058899074074074076,0.04312222222222222,0.04286574074074074,0.04080462962962963,0.040933333333333335,0.03214074074074074,0.04161018518518519,0.03148240740740741,0.026050925925925925
CCCCT,0.05725917134295419,0.02778456808868415,0.06971896056608685,0.06784730213625789,0.05441783244369228,0.05968219900637992,0.05934910266191822,0.0541648958699303,0.05895083136875697,0.04890432064774872,0.047625916737107366,0.047291737152501075,0.05050661336162275,0.044112607868150897,0.043063670328138716,0.04419096223860964,0.03923658289729909,0.03381117463311559,0.03683846975719894,0.03190918547923808,0.02333389541460836
CCCGA,0.043666828357525944,0.027152623968076734,0.06547907781296333,0.06954270469147554,0.05117058080576962,0.06259609928428914,0.06253546521205909,0.05224140140213432,0.05882077025864436,0.05207093957643096,0.049994508612326335,0.048871062217422344,0.05690564880745364,0.04343687649869122,0.043758351485420365,0.04156980468964507,0.039285158609580643,0.0331805659790229,0.0399704380296901,0.03205711958411891,0.025693974117259433
CCCGC,0.03849285450090731,0.01505929138295258,0.06376709421334968,0.07200235328578769,0.0487202146752689,0.066709942632453,0.06669256604963249,0.05086374028462843,0.061125853624631056,0.05404986086321899,0.05051869099719244,0.05022577145821801,0.06183581115129791,0.043358297690652144,0.04267812859167761,0.040165971189625685,0.04145680305629268,0.031537256634751674,0.04258503975513912,0.030921629129110492,0.02723282883321211
CCCGG,0.04778911704255919,0.021654073058435985,0.06512095063725208,0.06966760354719205,0.051304927699643586,0.06548493829998604,0.06402077740101862,0.05143811616771165,0.05998407211881871,0.052143285248647364,0.04876066305963103,0.04841948164142928,0.058177817551868245,0.04303629568204811,0.04202187392525573,0.041138816136968834,0.0403506323259359,0.032429567475011196,0.04073377723407691,0.030647031402374222,0.02567618234413528
CCCGT,0.042338547690060256,0.021763953983809117,0.06725302818187352,0.06885994278410129,0.053404345973583296,0.06202446892689756,0.06320652504717268,0.05293201046929211,0.0576054537707712,0.053404345973583296,0.04938219002982531,0.05058737598149614,0.05412015338730294,0.0443971026842778,0.044701442571063364,0.04234098240915454,0.0400864325278471,0.03376346703999026,0.04001582567411285,0.03272871142491935,0.02508369346886603
CCCTA,0.06467036351144087,0.03640975217674106,0.07114027793839767,0.06689380789838195,0.05619233709698435,0.05766774341587829,0.05530772124946167,0.054493225794466665,0.05667323740096149,0.04721143234507187,0.04592257766749224,0.04663398567974133,0.0464259792914596,0.04439170297838984,0.0433678929188346,0.04512561231062915,0.03794272001188907,0.034492692042225034,0.034833874847658215,0.03218447524043707,0.022018588183457973
CCCTC,0.05004842626486348,0.0270330819939104,0.0696207423574007,0.06893230013074356,0.0535594325981071,0.060212304274796465,0.060281426292806424,0.054183164850457044,0.059187076045495036,0.04991557472670249,0.04899411122892902,0.04752441044883067,0.05221375926876422,0.044200834268441486,0.04353004021659539,0.04367318652339617,0.03935085437592214,0.034150852349650214,0.03747736989250791,0.03206509954142525,0.02384595235025483
CCCTG,0.05233761095561886,0.028378567078728826,0.06870410154139582,0.06951173155320411,0.05258793470027368,0.06095777992899505,0.05994443283870728,0.05376128396271215,0.05993903016795934,0.04963184262103229,0.04879179658473632,0.04600374141875796,0.052867488278975076,0.0445804840017222,0.042731385305732984,0.04407194030131942,0.03902432199252714,0.0334742553041759,0.03769678881874344,0.03164607464108257,0.023357408003599565
CCCTT,0.059774557374186084,0.03228352632306651,0.07164033322363873,0.06741528517497637,0.05677868183740349,0.05778970493229525,0.056160618774595376,0.05504545318560408,0.05604127535744405,0.04799303344930775,0.046908754842262125,0.04742639478575997,0.04728424998403095,0.044202990539042517,0.04416159228051848,0.044927945199055276,0.038572180531983795,0.03492363557565815,0.03521504050480002,0.032681984561360386,0.022772761563010654
CCTAA,0.06739697627981858,0.037086839603329015,0.0730428661206377,0.06646517424870099,0.06006454842885613,0.056766558741716565,0.05398191000268288,0.05547395504673748,0.05308517694664546,0.04608751796209237,0.044822453094170094,0.047864848042688625,0.042622574135920896,0.04381212237652332,0.04445928481235839,0.04607073648935463,0.03732715889881697,0.035624700004281425,0.03348334105352795,0.03303217761338628,0.02142908009775423
CCTAC,0.05935127633449753,0.0353043473633202,0.07122277335886229,0.06716459169979745,0.05673974212245325,0.0578182971779879,0.055679517772358064,0.05496491591675849,0.055598803537116576,0.0478735938205418,0.04690117946263241,0.04694700622623106,0.04659813150980264,0.04410781647889027,0.043940474877620365,0.045561264026315794,0.03846491576893022,0.0352780339313184,0.03507964839341715,0.032842415360185055,0.022561254860963078
CCTAG,0.06163540980483972,0.032443067942182546,0.07121648491141153,0.06792467540592059,0.05546379219629661,0.05893930997584948,0.05655903898396953,0.054724990814586295,0.05730787779361461,0.04753772555617855,0.04745485841857755,0.046114745075007596,0.04833068236302529,0.04424404862223463,0.043165608690638534,0.04487127115387937,0.038010572446186545,0.03448253324139361,0.03510158577355656,0.032165054531245116,0.02230666629940574
CCTAT,0.0704079580339396,0.0365645071667207,0.07332346070644395,0.06563793799045518,0.05989854909603909,0.056312385375056034,0.053646442096613844,0.05574765584757504,0.05347609275879321,0.046082597479068385,0.04381580608042159,0.04751768328717916,0.04168214483654217,0.04435071254455864,0.043834415671948214,0.04649463292222837,0.037628355482326015,0.036142212589770406,0.033704117515275966,0.03283328406563269,0.02089904845341172
CCTCA,0.056640257782244956,0.03153945073462027,0.07050610459100719,0.06837068022585509,0.05562583143642652,0.05907751204659,0.05763192124634168,0.05480001182487362,0.058218287167055904,0.048326041327933306,0.04766237029591746,0.046313891270287046,0.04859963934135454,0.04430942738049487,0.04379800159635794,0.04502394536908387,0.038237946019451914,0.034626186182635174,0.03600260147219676,0.032004759511632716,0.022685133177639163
CCTCC,0.050841122552044725,0.025390752232498204,0.0697137162587646,0.06903453262053742,0.05361027990563382,0.06013666161583261,0.06025602627718581,0.05401835543249903,0.058876458603397484,0.050127375841800326,0.049015061661676865,0.04761596392488995,0.05273309740503282,0.04415875731237038,0.04342702238620622,0.043973350201140377,0.03923910874557506,0.03415306918152204,0.0375523280413287,0.03233420357752208,0.02379275622254147
CCTCG,0.04339204202092685,0.02347428992767201,0.06604917391023424,0.07036015765449039,0.05144009851505281,0.06263421345688257,0.06272448091460889,0.052681988696613925,0.058808773616817495,0.05215938762556679,0.050237165867878845,0.04893731447661978,0.05656824029767357,0.044271912187817127,0.04377116534337741,0.04139190519446461,0.039746186912548886,0.033441717628189295,0.04026783779983049,0.03188341625270327,0.025758531700030785
CCTCT,0.054773701568551866,0.030026603020850307,0.07085655494436693,0.06837815289154998,0.055094934089748415,0.05941683820709121,0.057862276044759374,0.054778330930017265,0.057350336413439465,0.04856008228068993,0.04838156958613395,0.047079138256783455,0.05020994154245582,0.04436949395320709,0.04340681259091473,0.04468203230774911,0.03857601744614387,0.03456699041710885,0.03609174400805373,0.032370527768660194,0.02316792173172444
CCTGA,0.057705770908407845,0.03269277751976666,0.07081584075579458,0.0679247397576949,0.05605062639081117,0.05918416500624028,0.05703118067551792,0.05464987571290777,0.05781121614660461,0.04797081298854853,0.047511290707335875,0.04633482723690837,0.0482023027396171,0.044261503038320986,0.04382301218439894,0.04525041227359525,0.03806083325938722,0.03424074818870434,0.035953513055042415,0.03207163016033438,0.02245292129406084
CCTGC,0.0465844731928101,0.023865081630843,0.06849728532738732,0.07067716071103602,0.05203611936898864,0.061158229672215174,0.06089674676793682,0.053900206479566795,0.06011808608813914,0.050710659803421376,0.05049497045464489,0.04656081035186304,0.05482373822156556,0.04477349979716349,0.043364283988819564,0.04387567373130146,0.03940680151762226,0.033901871390246384,0.03832443933962629,0.03213226540719068,0.023897596757611987
CCTGG,0.0508632221000925,0.027174872627119602,0.0681324944898621,0.07046976666556924,0.051334820499607026,0.06176667878924547,0.0600405778008337,0.05325947585460685,0.06096559708742862,0.04973634344464878,0.04973291132691646,0.0458677111829709,0.055400990204100414,0.04439469709844954,0.042274156801764565,0.043644970047145855,0.03871962687032938,0.03320828136958785,0.037865919363283686,0.03140947033143961,0.02373741604499786
CCTGT,0.05447358707700405,0.03148884648924236,0.07062607749247846,0.06848419529014517,0.05529613340499889,0.05895640183862313,0.058042693792528195,0.05453561607479387,0.05734908414533241,0.048861008209572704,0.04792764603159381,0.04686520778180959,0.04886881410592378,0.044575571112830885,0.04414220447433979,0.04512881401671354,0.038333920634106414,0.034533424848175315,0.036470402271292814,0.03242388135929649,0.022616469549198333
CCTTA,0.06552367558802746,0.03663461265366088,0.07283824758389973,0.06644480171582065,0.059530653855389436,0.05643355283145694,0.05423132766958747,0.055380745042787935,0.0533280603291353,0.046548391289042965,0.045171758500997944,0.04786606856225143,0.04348270451754163,0.04387538267293116,0.04465729632590953,0.045916018084281425,0.03755272645587847,0.035852699000682504,0.03410318333960184,0.032940425667423764,0.021687668313691535
CCTTC,0.05580650536308741,0.03245188010505195,0.0715673318364737,0.0678049976853162,0.05675375128514754,0.05819863113729274,0.056343058171585816,0.05516361826305969,0.056074847731537314,0.0483611260300145,0.04739831255658904,0.047354116542119656,0.04771098286790972,0.04412292613500313,0.044502616074235585,0.045389306860052596,0.038489979180378976,0.03519110950334366,0.03527567560864178,0.033163238045406856,0.022875989017752153
CCTTG,0.057732819782793376,0.032946607836684294,0.07111896871500113,0.06774695964304028,0.05604649635055118,0.058348767912403024,0.05685952236993497,0.054680663661388296,0.057020086637736396,0.04815365442360139,0.04723236312334652,0.04658516316008337,0.04799819249598829,0.04442145202397079,0.044314621776277686,0.045274180627945006,0.038419664929319836,0.03463755526472217,0.03540992201073022,0.03244163560617077,0.022610701648311
CCTTT,0.06357737186174546,0.03314992919749044,0.0728840564535879,0.06739119709262102,0.058995245080715755,0.05725972968019322,0.05464819647266653,0.05545110117268959,0.05346465712408533,0.04690456964732247,0.04585955452128105,0.04779074515315912,0.04490372622345017,0.04423443433114679,0.04474544471856588,0.045967494024259266,0.03766229156346184,0.0357422632379931,0.03410653885676997,0.03308898300449551,0.022172470582299573
CGCAA,0.05136827014652199,0.02767749456859875,0.0692299793214121,0.06808631447964257,0.05677248922277101,0.05859067470185181,0.059098075300665055,0.053929435073865044,0.05438851180612465,0.05064945263153656,0.0463788309248584,0.050917247392021324,0.048227218820535225,0.042992133277223954,0.045871430326045154,0.04499556024476038,0.03916850733616699,0.035600595188956384,0.0379704781445246,0.033514614949390814,0.02457268614252722
CGCAC,0.0359182724494455,0.01732116495934071,0.06691065040855372,0.0717006871321686,0.05186265199963024,0.06186570529789266,0.06636721934166408,0.053331876713978786,0.056365566638934876,0.054242263810572254,0.0510825202876263,0.050596513637598706,0.057267550162329026,0.04351930440823438,0.044221002770377965,0.04231899403626422,0.04007523999204462,0.0346073150303509,0.040973021728839105,0.03318991235073153,0.026262566843421823
CGCAG,0.03833852567407042,0.017616603536768496,0.06642311226662483,0.07083622834345653,0.05266602416119416,0.06276867561691732,0.06345899545016473,0.053137817423851895,0.05840374745052334,0.052867740995584646,0.05050317143689625,0.05067463074612816,0.05579935898872627,0.04449873366653966,0.04466683102853172,0.04286930990429657,0.04061568460452294,0.03386041195060179,0.04091153596162898,0.032794674675572094,0.026288186117399196
CGCAT,0.043348129520213975,0.021937735660816287,0.06916729087255273,0.06935098951809195,0.05583488658984052,0.059310908373966104,0.06215823737982387,0.05456483216119873,0.05391871968378495,0.05257265202250625,0.04906020723107548,0.052057979093193804,0.05023841233694766,0.0432752835056036,0.04590407446763024,0.04408134049335755,0.03980084533049128,0.03627414805794109,0.038565630300141415,0.03387339679382519,0.024704300606997336
CGCCA,0.05233107247109316,0.025366703003227457,0.06708700000642494,0.06873499510634333,0.053336574354669104,0.061449122033019866,0.06203057839380979,0.05320914653342785,0.05767447438700793,0.05140159895145107,0.047958906133882734,0.04914002282992562,0.05299712377203484,0.04335544223878903,0.04338649607757891,0.042257849660870664,0.03944480019531794,0.03345462177495176,0.0386855873780066,0.03218569767267541,0.024512187025491988
CGCCC,0.038539576365663325,0.014868078781122259,0.06271770097857055,0.07157190635451505,0.04821008299269169,0.06623560014864363,0.06839960361699492,0.05041372476155085,0.06206862380775424,0.05411371237458194,0.05033444816053512,0.05009909575126967,0.06297287253808993,0.04312647095255791,0.04221602873776787,0.0404583178496222,0.041029357116313635,0.03165242165242165,0.04327263718568066,0.03071101201535984,0.026988727858293076
CGCCG,0.037128635747557995,0.010683294645500007,0.06120986461854835,0.07434295595818598,0.04801056255744754,0.06790883173129353,0.0683684120332144,0.0495606723893502,0.06214460421567558,0.056450482169842185,0.04896867064450295,0.04991509448659428,0.06519029740298182,0.043064232189315925,0.04202433438751188,0.039251273582701085,0.04166601754194644,0.029740298181931482,0.04398339279315771,0.03078798548037826,0.029600087242362398
CGCCT,0.040519003722390055,0.016488833939673753,0.06474783415498195,0.07235576015999397,0.050511967361941947,0.06471231940193156,0.06419735548270099,0.05234874599626651,0.05883462777209295,0.051670636180210734,0.05110794931156871,0.04959635263486173,0.06027630477873199,0.043941738047620846,0.04353442822357425,0.040425777495632795,0.040479049625208374,0.03363691048284526,0.04138911517212447,0.031978815449805444,0.027246474605841734
CGCGA,0.043905097250167675,0.017538564721663312,0.06413480885311872,0.06776492287055667,0.05420020120724346,0.06392521797451375,0.06546780684104628,0.05158450704225352,0.05913816230717639,0.053998993963782695,0.04958081824279007,0.050821596244131455,0.05809020791415158,0.041465459423205904,0.043997317236753854,0.040266599597585516,0.039738430583501,0.032746478873239435,0.04129778672032193,0.03243628437290409,0.02790073775989269
CGCGC,0.034918085355319754,0.007880908153331041,0.06430104606922372,0.07164461957573674,0.04952434328172802,0.06722171987531525,0.06848705630169319,0.052329461249794165,0.05943036749645388,0.05573835847154293,0.052456572671622084,0.049706343726617995,0.0635210441625524,0.044176996877103476,0.043298772508110574,0.03893942851860305,0.04230788119704293,0.03178652214483191,0.04290877155477491,0.03162474397159638,0.0277969568370056
CGCGG,0.034799669999444297,0.01416181141237673,0.059861758834567985,0.07313017496013918,0.048760574337754714,0.06906501267424414,0.0674876784118937,0.0507482719854321,0.061015905855800016,0.0553477615959716,0.04981640513125216,0.05094062982230411,0.06332419989826407,0.04331043562638123,0.042703439785585134,0.039506025074912694,0.04056185586841014,0.030657564578800457,0.04446885726621042,0.03115769495466767,0.029174271925587438
CGCGT,0.034211735179769866,0.011870749442595767,0.06556642353758417,0.07013769845271307,0.05163972079369881,0.063062306028929,0.06760557068109756,0.05128679148039842,0.05679360917840297,0.05500655440153272,0.05129239353299049,0.05184699673960539,0.05834537774640628,0.0425531914893617,0.04697881303709679,0.0426092120152824,0.040682105923610414,0.03435738854716368,0.04332627474706732,0.03232944550883444,0.02849764153585874
CGCTA,0.0447262180974478,0.022243619489559163,0.0692737819025522,0.07009280742459396,0.05640835266821346,0.05896751740139211,0.06015313225058005,0.054814385150812064,0.05339675174013921,0.05090487238979118,0.0488584686774942,0.05271461716937355,0.05090255220417633,0.04396983758700696,0.04579350348027842,0.04381438515081206,0.03969373549883991,0.03538747099767981,0.038382830626450114,0.033737819025522045,0.025763341067285384
CGCTC,0.03528950733565251,0.01633368625132344,0.06654612454796706,0.07195126981726181,0.05193669476260536,0.06371223892089595,0.06369573885902072,0.05303669888762083,0.05753159074346529,0.05317969942387284,0.05148981808681782,0.050662064982743685,0.058599969749886564,0.04359866349498811,0.04488979333672501,0.04163515613183549,0.040660277476040535,0.033502000632502374,0.041442655409957785,0.0330523739464023,0.027253977202414507
CGCTG,0.037709546751036646,0.01782411735097433,0.06625248675726852,0.07147863186404928,0.052852999688406316,0.06320845617315021,0.06432348217923828,0.05309748088492606,0.05791615733084059,0.05387310946525731,0.05047146520936698,0.05015316027899619,0.0565921238704729,0.043699815440665375,0.04432396155413341,0.04217732077371108,0.040747824836413316,0.03353706766376645,0.04042184990772033,0.032868819059945834,0.026470122959660603
CGCTT,0.03988224283564938,0.020253580694459254,0.06783772257170274,0.07147765101704755,0.05506095177168852,0.059935908827048606,0.06136640959116703,0.05352531068225705,0.05427165890701449,0.051835661228986744,0.049635118645674145,0.05122999372119747,0.053901446493940366,0.0446579829643056,0.04624101124261056,0.043640639253177904,0.04004809799670659,0.03559074054329412,0.038842686379737236,0.03418985677222163,0.02657532786011302
CGTAA,0.04778811126805767,0.023436210895072866,0.07082903442811113,0.06819438727681203,0.060181651033459835,0.05759958803039726,0.058981281856474284,0.054854332843152366,0.05075639577368508,0.050110880022919434,0.04727677575761972,0.05319158581098356,0.046596808323526695,0.044094528166064365,0.046939511910309574,0.04559226976755993,0.03956685167825029,0.037724593243480924,0.03659312743315014,0.03484334456941742,0.024848729911495438
CGTAC,0.04558266670010282,0.02714848158086115,0.06961907866690072,0.06861348647089802,0.05671690448127994,0.05934749354264363,0.06051859467863681,0.054179100734759386,0.05321112420693633,0.05068585901647566,0.04839631867994082,0.05226070165759711,0.04926147904807283,0.04371442184718008,0.04578829901948492,0.04376959149384357,0.03961932943802192,0.035280989041302,0.037557990821776965,0.03397948692228603,0.024748601950999323
CGTAG,0.04447696072206354,0.024795346465781777,0.068768136406627,0.06878329943764108,0.056666142278510766,0.05893112003623965,0.059295032780577676,0.054287441788176245,0.055473948965028365,0.051027390120148064,0.04866195728195088,0.05112405444286285,0.05062936055602835,0.04412821100873959,0.04618090633227129,0.044567938908148044,0.039954586722112814,0.035959128049901534,0.037145635226753654,0.03388368817984871,0.02525971429058812
CGTAT,0.05127743232908478,0.02630850633516693,0.07140716528095978,0.06830877163102914,0.06002564526667966,0.05695345367721354,0.057608505188826785,0.055240493974344905,0.04998043033609056,0.04996077879074216,0.04600099240304009,0.0523320652627821,0.04535085377776395,0.044034200239421326,0.047091653169876145,0.046452977946053235,0.03924904894708658,0.03804702942327627,0.03582968005646544,0.034647312078003534,0.023893003886093094
CGTCA,0.041009165507669434,0.02233438991865773,0.06845125980970006,0.06954413093827928,0.055717807210657715,0.059618053715403754,0.06108046711288657,0.05314533467208853,0.0544387326132511,0.05195220013721763,0.04977218721756157,0.05173448531212715,0.05140648074011582,0.04432645192154818,0.04679293171632331,0.044171759808983885,0.04026864863548666,0.035519027846012595,0.03887785195678361,0.03400648274538395,0.02583215046386149
CGTCC,0.040308023109401576,0.023390063938873884,0.066038473748867,0.06993093865456905,0.052626493606879446,0.06219201906663661,0.06271346826598204,0.05291482434063516,0.05824434189276857,0.05277525999610447,0.049617424991833185,0.05026310179455208,0.05523680695183803,0.04411613593873892,0.04441826973953612,0.04218524022704512,0.04022060368480543,0.03388806326098993,0.04066383550424904,0.032424938154591285,0.025831673131103065
CGTCG,0.03241168702542093,0.014097061736546715,0.06348629910861671,0.07171508748761968,0.050701551667216904,0.06415483657972929,0.0659458567183889,0.05156817431495543,0.05778309673159458,0.0573374050841862,0.05036315615714757,0.05239352921756355,0.06053152855727963,0.04206008583690987,0.04463519313304721,0.04088808187520634,0.041251238032353914,0.03335259161439419,0.043974909210960714,0.032122812809508086,0.029225817101353583
CGTCT,0.04032040654022942,0.02349580564429527,0.0687407047955392,0.06904736229617947,0.055174761076738514,0.060300322158868803,0.06081703443100993,0.05395262422436995,0.05497256931807459,0.0519756381396561,0.04969087126675383,0.051206186169185076,0.05261928190473623,0.04437322801389282,0.04630752917177763,0.04357794042981475,0.03968574907553435,0.0354161331050813,0.03848383139903218,0.03398394148121189,0.0258580793580187
CGTGA,0.041380108278940224,0.02364875429186115,0.06842795406171108,0.06937231986691321,0.05674012428938037,0.0592521790250726,0.061651660353522195,0.05438754854728187,0.053717319835642825,0.052093344201531416,0.04900799896599241,0.05228722062511596,0.050366176277447584,0.043970338991884295,0.04695978836199438,0.04445815708993573,0.039817631080266924,0.03570765936954723,0.03777880159353912,0.03386896038458411,0.02510595450783532
CGTGC,0.035296012197085815,0.01597160192178248,0.06681287413529637,0.07144702528045303,0.052524627616992045,0.06206171067372448,0.06573775106962002,0.05399133645443413,0.056201826550673864,0.052953286597919036,0.05177852928262182,0.050373222947853055,0.0569571931873344,0.0446349852923628,0.045299985981692784,0.042392056138106975,0.04032059057622194,0.03451284065355434,0.04106900598616474,0.03319210757718468,0.026471429878921215
CGTGG,0.0418935158490774,0.018411695177211744,0.06685426021325125,0.07006380428854969,0.05292539825243533,0.061705171050932386,0.06402226117397587,0.05334571527511024,0.05866260223121714,0.053431259248413944,0.04969611326022065,0.05021513486747676,0.05511417241552327,0.04417030160008357,0.04487521684163425,0.04238621623377852,0.04015137993121935,0.03361220120271536,0.0401768786155695,0.032685200645857,0.025601501625746762
CGTGT,0.039185763393822404,0.018988095424619503,0.06927466384224165,0.07072474077230893,0.05549775790374184,0.05945315413275842,0.0629651448823487,0.05448638604165818,0.05422081279514667,0.0525521667329947,0.050401728497967854,0.05157761476054537,0.05259603723979306,0.04403815480648406,0.046431447632716116,0.04364567045102015,0.03964248670566964,0.035856305288589595,0.039015765179978755,0.034107752231912036,0.025338351283682364
CGTTA,0.0476710505919257,0.02814455632133458,0.0711355881722846,0.06745009518534581,0.06029508328064611,0.05648070254274632,0.05738117507310896,0.054960175426679414,0.049566048876325236,0.05012688476564201,0.04696042623527588,0.053594661957038575,0.04599725155579708,0.04392111372950641,0.04723736072720559,0.046194066634967244,0.03922367772488736,0.03750633552965028,0.03621571629367597,0.03477008341127559,0.025167945964681273
CGTTC,0.04748879868144119,0.028728087597905134,0.06970101653621055,0.06769720058462497,0.05741834355418185,0.05847384635561491,0.05909554633304203,0.05481930977430904,0.05295925406091147,0.0508444652938825,0.04729585730913621,0.051790256334593124,0.04779649603335238,0.04432355133186294,0.04582798961395332,0.044632509738495085,0.03956685292444895,0.03603589970579593,0.0371658047357649,0.03360458620380914,0.024734327296664384
CGTTG,0.04687219334689218,0.030913020552668022,0.06919069886024533,0.06817088787294082,0.05786123617315927,0.05748894721898703,0.058416048116536584,0.054106477538083564,0.0538080669366848,0.05068199859775989,0.0474545285981655,0.05141209055458017,0.047913733261483016,0.04338397621986198,0.046492661416957834,0.044770281780729046,0.03947856368893447,0.035465955116727794,0.03725931591542522,0.034111518649213995,0.024747799583963472
CGTTT,0.05212049951346091,0.031985721429343715,0.0709248972861931,0.06733160341658558,0.06012474321548276,0.05674262082387285,0.05747158476592064,0.05505747242945183,0.0501506919666991,0.04914973916099038,0.0457296059033409,0.05198788382527841,0.044594348037625686,0.04398870823872851,0.046815027300248675,0.04614434668612823,0.0388403476051465,0.036839286679641044,0.03569896069845389,0.034267218077630016,0.024034692939777273
CTCAA,0.06511714330170537,0.033844285289145834,0.07255905505863586,0.06696557381259187,0.05932425634510482,0.057422802043002145,0.05508265517767502,0.0552180093569619,0.054172488960930076,0.046783752060148016,0.04556254314792127,0.04763772212209974,0.04425281018540199,0.043992374242220536,0.04431414254789136,0.045772825533599105,0.03753057176566203,0.03554452110150506,0.03409731905064754,0.0329057188651398,0.02189943003201066
CTCAC,0.0536486062655179,0.02736604396006314,0.07071113618466217,0.06922096455275269,0.05630155843340367,0.05917282527672882,0.05898234612699409,0.054998143758838186,0.05745883659801973,0.04885539347295763,0.04842442832789084,0.04687130309424235,0.04965631217477344,0.04437937620586896,0.04394565987512206,0.044657893297367246,0.03831948515929527,0.03492241818216539,0.03637035102216258,0.032601712143765955,0.02313520588740789
CTCAG,0.052741783344369964,0.027646311683009624,0.07055941701692585,0.06941235619212718,0.055268608135026084,0.06005230873091512,0.05860516870032683,0.05462786843033337,0.058145210317832687,0.04862539486154108,0.04892291688995643,0.0465606409042535,0.050739735823564544,0.044740708885146266,0.04384591916740083,0.0447166936541531,0.03836955704795886,0.03458604635028527,0.0364558989190033,0.03226991073894421,0.023107544206925904
CTCAT,0.05922734991429942,0.03282549925236539,0.0729642416683173,0.06753558457777482,0.058901938890130616,0.05698539990264694,0.05580409588672199,0.055780727337355694,0.05385767059120522,0.04777564793674786,0.04621536009980755,0.047889788198278486,0.04449991781265291,0.04472295233483602,0.04468114329753441,0.04631455720732164,0.038435858736960114,0.03639198500088864,0.034057196670665285,0.03334723788515582,0.02178584679833387
CTCCA,0.05784073886584788,0.029011360589567204,0.0711378068949479,0.06811914532126373,0.05630946426576127,0.059090779537570706,0.05741813129008687,0.05468473928858157,0.05787050173898414,0.04826970510289504,0.04766814194670882,0.0465664111851904,0.04846934335787257,0.04434832045332387,0.0439283612688165,0.04525747533654117,0.038360686170428766,0.034614095343598494,0.03589894344322644,0.03258429261847957,0.022551555980307066
CTCCC,0.05252704795324014,0.026250720376470377,0.07027409028681317,0.0689969311718815,0.05428128034331462,0.05993727070944053,0.05956833218773585,0.054257621516951064,0.05841865239603372,0.049531423026913025,0.0488493529798083,0.047482568663828814,0.051624394142686936,0.0442831994916414,0.0435943101357613,0.043998041049177095,0.03912863707485611,0.03427120168328374,0.03692822705347827,0.032174055480504504,0.0236226422761795
CTCCG,0.041754282677297465,0.016581152100724673,0.06715145572348136,0.07003487226062871,0.053100074647334045,0.0634864022295742,0.0634492292637643,0.05297549497813325,0.057738657975560284,0.05268715332441852,0.05022670485770289,0.050203597338415645,0.05671489440366023,0.043751576083516604,0.044685923602522534,0.04251080276526679,0.04019502746278433,0.03331401008894386,0.04061699085846444,0.03267905564592047,0.026142641711885403
CTCCT,0.05494597732514606,0.030176811258990056,0.07137027201109515,0.06790736106138426,0.055855641486762024,0.05865692810049505,0.057419833628146275,0.05479584503908706,0.0569654450696014,0.0490612130577833,0.048003634221423834,0.04750877425637117,0.048790110074464065,0.044246335369581,0.04406426948057888,0.04513848040180456,0.038577344683215886,0.03474132062967299,0.036292096222598505,0.032793814372405465,0.02268849224939301
CTCGA,0.05225260279025413,0.03288096100256624,0.06741277363315558,0.06833153778853356,0.05490993412337305,0.06015150049817934,0.06012563565659587,0.05225710102357299,0.05599513291154899,0.048999255542385725,0.04828516100301607,0.0488148279763123,0.052214367807043784,0.04378692768415205,0.04421988264109271,0.04213382693946952,0.03828333921852192,0.03437324990609938,0.03789536659476991,0.03217024013818573,0.02450637512117116
CTCGC,0.042525154356277156,0.018838611936885432,0.0668777155270981,0.07038646238280356,0.05336296592728104,0.06253001372055797,0.06374628401554996,0.05344729018980105,0.056950320146352616,0.053162874456894584,0.050424479762176996,0.04986565286988338,0.05573976675051452,0.043892922478847476,0.044620397896181115,0.04198347816144523,0.03995826663617654,0.033541047335924994,0.039483764006402924,0.032669220214955406,0.025993311227989938
CTCGG,0.03734481014590948,0.022725234037274195,0.06619747879111756,0.07096983519577063,0.0507505415541411,0.06346632821520932,0.06370203548014619,0.05257703428729567,0.058390510635455334,0.05276884465268964,0.051233407449113,0.04871506140794534,0.058196791709211666,0.043927436516494736,0.044175549426954605,0.041745951465297595,0.03988415035642374,0.03342844328234295,0.04107700088748079,0.0322775810899791,0.026445973413747364
CTCGT,0.04417073531587513,0.021911525373575973,0.06923114859200079,0.06913004882379051,0.05575405631996844,0.05943310154362085,0.06054519899393401,0.054502638457365485,0.05509197613059131,0.051790205651723625,0.04897913892587661,0.05068180697341816,0.05111702914632342,0.04467993292893426,0.046285199980273216,0.04419539379592642,0.04008482517137644,0.0353269714454801,0.037908714306850125,0.03401637323075406,0.025163978892341076
CTCTA,0.0642350697659899,0.03816533859519157,0.0727676366902779,0.06647035324923119,0.059162115169585326,0.056879491428411665,0.05477782410795774,0.055388959394236804,0.05378007671523102,0.04645468636821836,0.04528867523262334,0.047030487983721815,0.04373159240106529,0.04420945456990432,0.04365166283513601,0.046295170281707126,0.03763173155741044,0.035730231197127066,0.033703862330413385,0.032937155979117456,0.021708424147442264
CTCTC,0.05236534843980272,0.03365851848378,0.07257119155661816,0.06735912858080162,0.05607439376730884,0.058029206596227435,0.05723017785352884,0.055877817924495476,0.05501035693954995,0.04907161296218794,0.048312540106054847,0.04833389737281592,0.048204062988630905,0.04436420440221322,0.04417003125191048,0.04494058363892764,0.03810821602483779,0.03544274014444453,0.03533168235728696,0.032940113423104454,0.022604175185472287
CTCTG,0.05277603559683412,0.02771467005316988,0.07050383872890478,0.06932397448557474,0.05536169159097446,0.060107003270852055,0.05825677004101168,0.0545807682499014,0.0574642630500473,0.04889041607729056,0.04864002390123984,0.04682092752230733,0.050595992687288156,0.044704548352564044,0.04360058018332191,0.044912034689417325,0.03870866583041981,0.03468552521936653,0.03657801560401042,0.032598892862544145,0.023175362002959485
CTCTT,0.05917399557013907,0.031002372480513914,0.07304784434398542,0.06760303054174249,0.05855238120586747,0.0576150228050477,0.05567816603156539,0.05558576099571631,0.05388512197357409,0.047627766328806956,0.046880369499941725,0.0483218236654341,0.04645783915599537,0.043892713997076956,0.04450209354823961,0.04565044881372755,0.0381392394711384,0.03586152509735799,0.03475405986515519,0.03324177257113739,0.022526652037836912
CTTAA,0.0640572163602624,0.03253087054078652,0.07451607128415191,0.06738693796414386,0.06209723901892046,0.056072142486232025,0.054444897929174424,0.05602563512892199,0.04954657891366678,0.04653112393749069,0.045161721640813765,0.049488786682891805,0.04262826754793549,0.04424576607790974,0.045014676319907014,0.04635073694498299,0.03763727578367034,0.03741978549507338,0.03322608713939913,0.03391036083040938,0.021707821973255877
CTTAC,0.0594514646938375,0.0343042378412729,0.07340094152389937,0.06754383850764871,0.05953557324403727,0.056818276837144695,0.05533457249984875,0.05566412062051452,0.05201548187559116,0.046847232804105285,0.046330530862673365,0.048643024130300375,0.04458712293177813,0.04430135060624558,0.044957495670377115,0.0457570187601416,0.038138554818362425,0.036259392736267555,0.03412028112914007,0.033598660559041496,0.022390827347772133
CTTAG,0.061506354093925235,0.03197358944294963,0.07321338737907697,0.06758420905302732,0.05968853633194898,0.05720886076579857,0.05500432837471273,0.055661205310402743,0.05296456311308265,0.04692535969341758,0.04608498756277139,0.048128737519188794,0.044467799183336806,0.04445684127267167,0.044879617389606524,0.046431456774529034,0.037821925982301975,0.03591425335287162,0.034223746589350304,0.03355471633455896,0.022305524480470514
CTTAT,0.06937993180129354,0.03784608346070974,0.0746814202501874,0.06587009815010737,0.06270882279592979,0.05543434236677237,0.05320689921018789,0.056186113480881233,0.04997775814397593,0.04560394873478406,0.04321290396838869,0.0486484950642625,0.039779984790841494,0.044143116661339965,0.04429187830211933,0.04701989895066941,0.0377575865722169,0.03736830884798768,0.032732628277959135,0.0333037861104405,0.02084599405894508
CTTCA,0.062436098673472135,0.034069549385128246,0.07291706841877889,0.06710175965605895,0.06009726464118109,0.057072086396655286,0.05472864358541656,0.05586446502870663,0.05340337707064555,0.046947569317854626,0.04539489594711257,0.04757193758160874,0.0436605396589067,0.044223417108806236,0.0448508174639733,0.046522227534446375,0.03795814598040493,0.03590893731987861,0.03415469051200381,0.03333954305654705,0.021776965662413734
CTTCC,0.05371026391236957,0.029115672298506666,0.0718303150671901,0.06836109733799174,0.05637082465779989,0.058589892465508865,0.05711399869217913,0.05509769826284075,0.05603100261518221,0.04914426422209243,0.04809527332583075,0.04763298667961927,0.04879260929563783,0.04457010788373353,0.04468188842716389,0.04511775212888515,0.03861150413645452,0.035280145248074685,0.035470275566036914,0.03329980299971647,0.02308262477718565
CTTCG,0.05049193768789287,0.02636390195172979,0.06897022928819821,0.06840007162311165,0.05694272978296312,0.058641422661175564,0.05871445938686847,0.054139061925719295,0.05573526778562072,0.050557906343357426,0.04783434328203485,0.05039887476321965,0.05017740856273148,0.042920856461629804,0.04563499542931459,0.04406234980350765,0.03918184731083488,0.03500108377076835,0.03718158343621302,0.03348851674190235,0.025161152001206284
CTTCT,0.06275476875327318,0.03426113714925489,0.07312263599028432,0.0666623016953319,0.059236990640317434,0.057284417025826935,0.05466914533419467,0.055650115207851715,0.05407289378425431,0.047119158680933936,0.045799240830754775,0.04760266319801657,0.04420443581817721,0.043779955609832,0.0446045287372836,0.046009802099798616,0.038153207136180305,0.03547661378247651,0.03423012287924466,0.03337921854819463,0.021926647098517844
CTTGA,0.06321514356241363,0.033362234156106625,0.07298315294021397,0.06722844838055257,0.05948882295566893,0.05731023568498465,0.05520355425791252,0.05527913528908706,0.053529905800149054,0.04694173261764115,0.045833423881432696,0.04772582589454065,0.04437852897901372,0.04396131529529972,0.04475100124892461,0.045846686514810046,0.03791547196439095,0.03579504853165071,0.03413306479962878,0.03313996520396332,0.02197730204161463
CTTGC,0.056035079741605334,0.02690263446313617,0.07231564081892759,0.06866860620111968,0.05696955480639214,0.05819063691610819,0.05724435332083897,0.05534338005775372,0.055892977086647394,0.04851444683639461,0.04827327261213501,0.047488505696515165,0.04841697642376853,0.044515357894543015,0.045017320512338116,0.0452739058696002,0.03821480637612611,0.0353117091787107,0.03542579159184595,0.03312132684651392,0.022863716748979464
CTTGG,0.057107970735932004,0.030098808535264865,0.0709923689101299,0.0686584611635289,0.055568289707479304,0.058624278405993054,0.0568148688217007,0.054403673170017965,0.05710438682097862,0.04842118417848021,0.047880947954854515,0.046869660648442404,0.04899087083367939,0.04425231197574531,0.044249351350349034,0.04554298882613229,0.03841691931968568,0.03453148804304687,0.035665095925041954,0.03277116251137698,0.023034912162140053
CTTGT,0.06221711112587424,0.033842737572437956,0.07317354030219103,0.06746189013331867,0.059217192832145535,0.056873215538852856,0.05553888340362363,0.055580423788284546,0.053838782072575024,0.04714986381015433,0.045508255006036336,0.04764544670803906,0.044108252409762294,0.044139254976255544,0.044606737025693184,0.04608416967719914,0.03790773911111213,0.03591105165134483,0.03417750420176409,0.03318190946792418,0.021836039185411382
CTTTA,0.06723113643747969,0.034645597460698306,0.07419122241383619,0.06682112419084751,0.062178026042838216,0.0564960885756417,0.05406725650446127,0.05583739471645298,0.05015120841768514,0.04599197720626828,0.04424445777411212,0.04881695033865687,0.041623553522781236,0.04435567718877309,0.04461248156756892,0.0464253580265427,0.037377971057959064,0.03693221863987403,0.03322823723476044,0.03336369998250481,0.02140836270025743
CTTTC,0.06382699479010623,0.03463252482582692,0.07360747357415987,0.06685886062541611,0.06073403392286723,0.05693330601635815,0.05397377908693176,0.056039567291948776,0.05268152960865249,0.04677381912706344,0.04516793521777344,0.04781522076251973,0.04296294188300261,0.044040363716436666,0.044813106416699756,0.04630993469896318,0.03764588304560127,0.03621383141771221,0.03372565166458589,0.03346166938493124,0.02178157292244304
CTTTG,0.06242279478725475,0.03460161559533994,0.07284265086369555,0.0677873216447274,0.05952732758753615,0.05704366016733308,0.054413915122639704,0.055426372181904666,0.05298710772216175,0.04713982909613543,0.04564612741841072,0.04776854255455681,0.04409399469088989,0.044250506431415225,0.04489892877568053,0.046310200936728566,0.03755968749126867,0.03569279226335802,0.03411411050725919,0.03340505435536814,0.02206745980633585
CTTTT,0.06985315707803189,0.0370148906599355,0.07391946416052624,0.06654837017594674,0.06186785364612312,0.05634735074586012,0.0531806676560374,0.05593561061128314,0.05066966662983898,0.04551768939797355,0.043964954643887916,0.04811569997315892,0.041429070047912485,0.043894202360488604,0.044531719418175686,0.04652729876905957,0.036918591244898456,0.036361862843754075,0.032912917127427437,0.033178922488343705,0.021310040321336467
GACAA,0.06326149568477593,0.03578719395950787,0.07299588820460173,0.0669601826321563,0.05991697823938286,0.05686501230395209,0.05452531463575551,0.05548137582795828,0.053282774431355234,0.047043282978038635,0.04498559925015369,0.04738584329312268,0.04315867043733057,0.04427458120304754,0.04470001325233336,0.04653158573991778,0.037797726528278015,0.03591400200106662,0.03414797676876679,0.033432136444023895,0.021552366184474623
GACAC,0.05498902211591612,0.029128743458472602,0.07138651967495131,0.0683083726384634,0.056974650128376665,0.05843209984966757,0.058089073259940796,0.05490905145915452,0.05665456085880633,0.04927122347872357,0.0470260524562047,0.0480687706319645,0.04674997804423183,0.044344245780617964,0.04489970088494661,0.0451330002944656,0.03840595957039019,0.03542059502714766,0.036496376006736546,0.032930965898817485,0.02238103848200402
GACAG,0.0515767843493032,0.029396852248685167,0.07050290651912847,0.0693908750620813,0.055243558438984264,0.05960084897356819,0.05886351310264066,0.0543524473873709,0.05671514626655028,0.04906998256607181,0.04856772507072327,0.04740312689284001,0.05044148335716592,0.044312343885600236,0.04365771298878815,0.04486913059269609,0.03880461314327824,0.03467819564660641,0.03680217152422884,0.0327396751600937,0.023010906823594916
GACAT,0.05896434123418043,0.038544610830158255,0.07250126448150836,0.0670616702929337,0.05880632945610642,0.05612322749900662,0.05524138235519654,0.05547452718460965,0.05318509917950061,0.047864788392021025,0.04528025015433258,0.04788434622239538,0.04339282270226476,0.0445709399299636,0.0450817672223156,0.04634644237256234,0.038045982976554614,0.03634367716644604,0.03433309347558525,0.033346875355816964,0.02160656151654128
GACCA,0.05893731188761701,0.032878621146578094,0.07119577402931807,0.06788566249631595,0.05623707088449714,0.058317767697585045,0.05675213954491233,0.054318676591698666,0.057027946344291584,0.04823974855362658,0.04686694869327124,0.047125772844832124,0.047461341366913976,0.044167137630602475,0.04413833162037892,0.04510096829038694,0.03825072708304536,0.034386207338352605,0.03570848919570395,0.03256111012344235,0.022442246636629595
GACCC,0.05233865219897737,0.031372457968476625,0.06833496419686819,0.06900003879856427,0.052720527831554356,0.06027097283886651,0.059437261957824436,0.053253626214631825,0.06041547457823364,0.04969332331699008,0.04839952867381925,0.04693129324168725,0.051702905645863204,0.04464156694875565,0.043003473235253414,0.043969771335926215,0.038775957232373155,0.03292745554433011,0.03767401690700901,0.03156370128527118,0.023573030048724276
GACCG,0.03917821032126403,0.02503981014810921,0.06613509167929253,0.07002141244859467,0.051990893911752885,0.06187385980643765,0.06288457376086083,0.052636359419931354,0.057152685445719054,0.05237546767261371,0.04987283942982592,0.05069223276954949,0.05591973037321048,0.04375637735382332,0.04473810333632232,0.042511827092545064,0.04021597971614978,0.03342313162858292,0.040503926903929996,0.032779598651866054,0.02629788812961875
GACCT,0.05583217795754029,0.03147179430242982,0.0702348433200316,0.06844534896630952,0.05507839274457646,0.05945085164424274,0.057787982195437286,0.054182842692412504,0.05793846396649762,0.0483792012170672,0.04803534119447658,0.046606911334121835,0.04959819531983341,0.044402674538209064,0.043692244591602564,0.04496583421496688,0.038462085475481106,0.03452891406298029,0.03604359567016231,0.0319897635692808,0.02287254102234012
GACGA,0.04509223107137069,0.027471343294055144,0.06841856416579373,0.06819803157959806,0.05631767384901203,0.05862324179560305,0.059116098711722145,0.053898498206502034,0.0551415000559685,0.051462615549886306,0.04867087349281849,0.05051866925291245,0.05009431109462686,0.044131577760291106,0.04601111684718595,0.04426857527595811,0.04015530840312689,0.03545562533518447,0.03785976466499931,0.03384005707116019,0.025254322522224506
GACGC,0.03521399712676365,0.02165038358969174,0.06578110320479603,0.07134431229804139,0.05164663405838315,0.06243390924449051,0.06439293402931374,0.051912050319552754,0.056723246672817584,0.053727834582474945,0.050418557230907934,0.05121901897094324,0.05751528249979988,0.043741021136402894,0.04487009348550532,0.0417841028298429,0.04018317934977229,0.034097563647240724,0.041516580090410045,0.032955852428558786,0.026872343204290473
GACGG,0.04028348087145477,0.018834588819883365,0.06729082138292365,0.07011738404755832,0.05342066001994322,0.0630929711586769,0.06340143450727562,0.05286634222023367,0.05728866824766858,0.05326642834564387,0.05024898489598524,0.05060631372555008,0.05519966893636646,0.043978932869518476,0.044779105120338884,0.04241676452488245,0.039862016098121886,0.033937076530978424,0.040194912187203655,0.03299794306866058,0.025915502421131876
GACGT,0.03891023556415737,0.02275446833097064,0.06865648551285168,0.06898957784099341,0.055672199261829515,0.059331478961509684,0.060296025940157046,0.054241954478434246,0.05442349769045462,0.051635625408472226,0.049674958718652226,0.052304967338008206,0.05153932857427012,0.04472435425868802,0.047515383813922944,0.044176567349374384,0.0401794594116737,0.03604185281423551,0.03876026508466228,0.03397383883382955,0.026197474812852627
GACTA,0.06752650914228313,0.03569972578038166,0.07373138207492654,0.06639633791171037,0.06056061783077274,0.05646572369771557,0.05373847762973969,0.055497128715319324,0.05216354046335008,0.04601214294380424,0.04486673409552089,0.047748368856149415,0.04241146512856812,0.04405425281910303,0.04420145395623181,0.04650865927939293,0.03773322898919394,0.03633798071090099,0.03343219576371227,0.03342385819930459,0.02149021601191869
GACTC,0.05172777315059615,0.027270271506661736,0.07141460652017739,0.06902658893001529,0.05622345138567123,0.059109057829434104,0.05777704288081201,0.055003119194636976,0.05707321149775267,0.049165458899850724,0.04858762202363534,0.047548231233910464,0.048977106056962295,0.04516021364374836,0.04468690365049277,0.045111911490008996,0.0388208754241453,0.03510339855487112,0.036121321720711835,0.03300493832019421,0.02308689608571102
GACTG,0.055527808918317,0.028146717115964077,0.07161022753823108,0.06849764593112724,0.05713564156341897,0.0586454570202424,0.05752810004690405,0.055007518873180374,0.056495314564048583,0.04832948896799982,0.047961778363066185,0.04752391629137256,0.04785986387107875,0.04476774310844657,0.04447953749917426,0.045229768463135304,0.03851880634161465,0.03515406918454571,0.0357400287971771,0.03302204919059822,0.02281851835035708
GACTT,0.05981875422989769,0.031735212873535645,0.07316682649216759,0.06783540145417179,0.05960789605249273,0.05707279258686463,0.05510760206198923,0.05575632252574651,0.05330463970642083,0.047532276966540825,0.04602743770409467,0.04834188010530992,0.044495304128803016,0.04444052328964129,0.04545906247110791,0.04603993157969295,0.03795543300024661,0.03600485069914767,0.03427492946246157,0.033720009172426825,0.022302913437240092
GATAA,0.07077882883215954,0.0373861345141188,0.07443447181630992,0.06533651879736409,0.06320018493229851,0.05561473060477765,0.05301606599343319,0.05632904717447031,0.049849995466201016,0.04588515906629426,0.04295609142162424,0.048776672067011494,0.038841814780496024,0.044101410770360554,0.0443072802693349,0.04699311835472521,0.037817137293162446,0.037395863696489985,0.03266242188925933,0.033624443442122454,0.020692608817986066
GATAC,0.06934443799208277,0.03647202591994083,0.0736094902902264,0.06536726822055203,0.060882052271550836,0.056318913232639385,0.05397720069339181,0.055377342562890425,0.05263395504827212,0.046670364921251296,0.04361621270282422,0.04839735086231794,0.040782224135254695,0.04400582815237551,0.04450428855291256,0.046559973877211766,0.03770055146047042,0.036245059459646664,0.03358732550020749,0.033055778708319654,0.020892355435661192
GATAG,0.06641599636257642,0.035388707195891676,0.07402029637078326,0.06565544844735027,0.060375005541977056,0.05620814628178147,0.054413960688280534,0.055738139461612254,0.05279688253178265,0.04763105242851793,0.04406932989715034,0.04867577406090609,0.04193932407689529,0.0440627266904445,0.04413960688280534,0.045790408559265194,0.03830567375819623,0.03618156365821425,0.033891430075342587,0.03304928539153714,0.021251241638689508
GATAT,0.07895543997464843,0.04569350482464684,0.07437064451699747,0.06320011163991476,0.06380664490075967,0.05499010794765716,0.05181280399345278,0.055828860953067626,0.050566848759895686,0.04474481993702811,0.040435671860054714,0.047556350537703185,0.035891760160249794,0.04347978561647619,0.04299753897948326,0.047279794629073474,0.037226024310754356,0.03699725697240692,0.032296169936882745,0.032468426836607424,0.0194014327122394
GATCA,0.06697458315942093,0.03746264265990947,0.07304153935641744,0.06613216260435938,0.060093621386402646,0.05662747150622312,0.05441755023720538,0.05544120582664666,0.05422700273070336,0.04618126559839081,0.04447636685600435,0.04741337729456925,0.042168784020370914,0.04379464614038624,0.04435530471841472,0.04603322116978022,0.03754167928228061,0.03565650063086029,0.033810720899957306,0.032882577845103504,0.02126777607659341
GATCC,0.06570460055879279,0.03793453340581626,0.07136233639810056,0.06602533201339651,0.05712427835422714,0.058245326857507836,0.05611563701884098,0.05429046341984929,0.05745050649185749,0.04719232179341377,0.04588685957458971,0.04641069346702732,0.045669465760886596,0.04299368046352429,0.043027485064138046,0.04525968804125151,0.0373191797409853,0.03399258717327029,0.03480417242215185,0.03169167565832398,0.02149917632204846
GATCG,0.050744047299920006,0.035466361856397476,0.06815340305939725,0.06715833764027956,0.056665115451178534,0.05888900088140493,0.05920210336242041,0.05359199315463617,0.05525615428660886,0.04949807098848169,0.04715194691840678,0.05057891790924746,0.04824137198933736,0.04308161466520552,0.0453934261346212,0.043330381019984945,0.03891477822265017,0.03465787120336435,0.03683672134522551,0.03313310501156978,0.02405527759966202
GATCT,0.06641742997550105,0.03807372510101874,0.07189228789731016,0.06625037824435566,0.058815882636547946,0.05801867135019215,0.05491325298865059,0.05445391026884628,0.055359913251997836,0.04632505017001427,0.045378820020287966,0.047141681467819954,0.04471437819996706,0.04333456657011486,0.04377825438272998,0.04520879583841044,0.0372230097014847,0.034742598647217855,0.034237083859374545,0.03225227942384393,0.021468030004314017
GATGA,0.061508713851117135,0.03755874695418568,0.07249742506762843,0.06679228304568331,0.05912105744607269,0.0565584187052707,0.0550332906137142,0.05549326982042864,0.05380392753685352,0.04741734148529673,0.04548194711728716,0.047618705773214635,0.04324360897208915,0.044581730300712975,0.04454493914293831,0.04631091471612212,0.038124612907666215,0.035767107305090765,0.03391731967980566,0.033072199865362306,0.021552439693459664
GATGC,0.05614514892584969,0.02910949179107115,0.0720065227803717,0.06808895453919457,0.05779046908687169,0.05784628809677895,0.05713234102246289,0.05544022064352737,0.05541633303230068,0.04905272215173752,0.04681923050204202,0.04820154318843547,0.04637511593413357,0.04435441902526359,0.04481267115900008,0.04603898311901515,0.03887684352030264,0.03565567227172402,0.03525055788541016,0.033168435690528686,0.02241803563397842
GATGG,0.05947354591977782,0.03202040302731239,0.0710141020252487,0.06746392699560139,0.056378253885384165,0.05875101753362733,0.05801674602246493,0.05464924182633647,0.05735815242804604,0.04861637445041767,0.04717327486561869,0.0469317253080817,0.04715451848539131,0.043885852258113235,0.04332299775233325,0.04484047046220777,0.03840605345046448,0.03453343177986468,0.03542166870785013,0.032304684511976114,0.022283558303881738
GATGT,0.06091486702252809,0.03456494102643775,0.07239428414338832,0.06682603527840388,0.05935115460006359,0.056343180009628416,0.055762503174385754,0.05575221559265901,0.0538010042584873,0.04791022065529228,0.045440438997783786,0.04821103716541308,0.04340864160675262,0.04419430803343921,0.04516686552816159,0.046350318448282135,0.03808176989080113,0.036016442603771695,0.03437252514599317,0.03334948229650068,0.021787764521826535
GATTA,0.06837983658512788,0.03624037380880966,0.0739142114082035,0.06629974811993394,0.062315682455246414,0.05620045364912902,0.05395292697646349,0.0554714349213462,0.050093897901240365,0.04610621846229087,0.04378424803982861,0.04883823180434544,0.04123750085827139,0.0442039276907862,0.04415478036082331,0.046883420846900045,0.037436051252955765,0.03727704518542878,0.03287474537948846,0.03314047824688583,0.02119478604649482
GATTC,0.0644123908010634,0.03551303036502265,0.07305910017509705,0.06644642695622424,0.059864651750733765,0.056778338897882814,0.05492072043203396,0.05570986566091972,0.05423946907245908,0.04675492368564461,0.04515445642794546,0.04779598739460725,0.04287323616572598,0.04369228269788496,0.04475876251462983,0.0466151350928423,0.03753535517640149,0.035710628144153184,0.03374511580899346,0.03290464000948868,0.02151548277024611
GATTG,0.0670239934518402,0.04127831603295505,0.07279367524309888,0.06540411433694422,0.06046361304286101,0.056153382531202826,0.05404337947865374,0.05557069407269851,0.05361331847447429,0.04621361707305785,0.04401884988062817,0.047604164987417985,0.041391941582426886,0.0434174405077944,0.04412493506182842,0.04614783386020573,0.0372065171662984,0.03578866791854114,0.0334953559131828,0.03300783210251989,0.02123835728136962
GATTT,0.07021892354480977,0.040338379753694996,0.07357189138679382,0.06586324099962355,0.06232736665611752,0.055738098606503236,0.05306769094307519,0.055551512167916345,0.050027654045572884,0.04551128091521943,0.04343715935027031,0.04840752767925996,0.040538050412957084,0.04362674425609527,0.044161834364124596,0.046606130339009434,0.037114891178809235,0.03660665098195713,0.03305292212898806,0.03325818084083018,0.02097386944837198
GCCAA,0.05843788535421271,0.03101865100024019,0.07158931713365994,0.06846292727270638,0.056993062043967584,0.057844878014023014,0.05616515024576477,0.05498855932544266,0.055749355564213156,0.048453756345236,0.04707811722467968,0.047474374842697904,0.04702824025071799,0.04417789760510078,0.04459346243884612,0.045376324067019025,0.038289886351752185,0.03515108470925976,0.03509959880065415,0.03312267781888223,0.02290479359092377
GCCAC,0.0479732866416068,0.02591574293510418,0.06863138216088609,0.07070894833291369,0.052029441280510784,0.060407300498968336,0.06089518816265272,0.053516279539111526,0.05956743845940478,0.05055636333701643,0.04960472891334309,0.047181706409434074,0.05372244285667038,0.044189199987350165,0.04403662947599513,0.043295262323508873,0.03916113256566869,0.03417289763508465,0.03799005732740401,0.03238140117184775,0.02406316998551787
GCCAG,0.05156457141424124,0.02328557635766713,0.06909950897940899,0.07097790334061078,0.05264861747080998,0.06166425903245511,0.05991092811896921,0.05390657988435865,0.05981713053318228,0.04947382974077181,0.049987436660167604,0.04649754766537646,0.05489796825635662,0.04450646592680564,0.04279807968984265,0.04331575768501045,0.03885190452252551,0.03363799635980689,0.03754150665303345,0.03182962450188352,0.023786807206716037
GCCAT,0.058417362612104985,0.03003038561769393,0.07154215100870988,0.06820882219733423,0.05707821714195349,0.05760341022793186,0.057235387471373585,0.055315428835658556,0.05578926540215934,0.0484898566998068,0.04726272658157247,0.04773578795532642,0.046574355422386055,0.04442203276080827,0.04433249799854923,0.04558191490825497,0.03837766111557601,0.03529975831428136,0.03532320789487301,0.03289414142267637,0.02248562841096921
GCCCA,0.05156861015935101,0.027192167929387903,0.06921839241450803,0.07006244007369693,0.052763677894986205,0.06050773411353165,0.05919227340832713,0.054154573333367914,0.05994791761230265,0.049960488626863066,0.04945514075818607,0.046462824293701785,0.052550342417490827,0.04420129531595698,0.043310127966703235,0.04402751444067199,0.038853426638965474,0.03359331298108555,0.037457343711769286,0.03208051155556362,0.023439884353582695
GCCCC,0.051541182271426164,0.025721739769484216,0.0671625104076198,0.07002152593437852,0.05112558959896019,0.0622802222608982,0.06228933738462603,0.05276033007002409,0.06199252616823841,0.0503573555772736,0.048854214705030326,0.0465691671255087,0.05489640234611891,0.043683945618032446,0.04177859991129845,0.042728281864692255,0.03981856346219745,0.0325535250034965,0.03859343386365313,0.031159765615987243,0.024111781041055373
GCCCG,0.03766130593552436,0.018633714526045942,0.06314313752979112,0.07217026162771291,0.04842015314467298,0.06697509229403244,0.06530745762485564,0.051629915950678604,0.06078388175682442,0.05471951292784042,0.05089823957060744,0.048322685305721896,0.06242080738085224,0.0431301863237935,0.04219556321056391,0.040124705426822345,0.040853711455141425,0.03224850293404899,0.04198193507039715,0.030990767258817168,0.02738846274525512
GCCCT,0.05134535628801829,0.02619826291796439,0.06881772113803447,0.07024172569346337,0.052584891954709855,0.06131620284216326,0.05932406875146823,0.05374453440550462,0.060080780918295655,0.049824787032616565,0.049441342898867965,0.04599705759131697,0.05405046696393871,0.04449077817940898,0.0427662538850512,0.04369379463546284,0.039174306861398264,0.03357052308405135,0.03775852979161728,0.03173449470788637,0.023844119458761352
GCCGA,0.04863381424608632,0.02407003892262668,0.06840663320058002,0.06891438735411802,0.05386399353314342,0.0616485188686739,0.060696869212809736,0.05323786724565177,0.05751172429260969,0.051804941413581336,0.04872570840270823,0.04935027716212154,0.05270207758670369,0.04330862574625064,0.04411542529082943,0.04334600642013074,0.03957834599863249,0.034024200871281204,0.03879023679099375,0.032527416387998935,0.02474289105246845
GCCGC,0.03639489733868972,0.015170960133614592,0.06352265891728254,0.07369782319013035,0.047999305046770024,0.06583534525571492,0.06643851221003322,0.05040869478276975,0.061473858121364404,0.05474067918565905,0.050997110371357436,0.048756541820941364,0.06300963919798463,0.043078905055293035,0.04279862910641143,0.040281062688387236,0.04104977274701572,0.03228910054366978,0.04325919952533383,0.031076210472486245,0.027721094289090708
GCCGG,0.04098158984178603,0.01364047239546004,0.06477920646976391,0.07201998267027525,0.04976679753104909,0.0673158181876531,0.06623672190070709,0.05103443480493362,0.060198061638193856,0.05327553192627379,0.050591831495170145,0.048743862389148594,0.06233352232004365,0.043742846139857294,0.04153785261176068,0.040728864689081205,0.040746247900642914,0.03233143633465624,0.04190290005455654,0.031051764529690527,0.027040254169296434
GCCGT,0.03487956867025102,0.017685391487742275,0.06683029300178882,0.07116907328146245,0.05223301328961023,0.0625183367114795,0.0648034053054498,0.053215441900077286,0.056350495657028474,0.054313548964677834,0.05130758565654229,0.050548131457665874,0.05620966971286596,0.044117080007577775,0.04511124411339171,0.04273396805598167,0.04063331438889085,0.03377810860697994,0.04097532025328552,0.03359201718076519,0.026994992296485554
GCCTA,0.061871299312895076,0.030620751785615873,0.07168362527886062,0.06776277247744825,0.05672207403811204,0.058234603214347494,0.056709650146394855,0.05515666368174704,0.056236268015837594,0.04726080265348842,0.04726048409216234,0.04706010901805701,0.04722576090761944,0.044467975507731,0.043812057737328984,0.04506495943280793,0.037755569805865544,0.03513826995077909,0.035036330326432975,0.03262513964932132,0.02229483296714709
GCCTC,0.050572559903395056,0.024289328501084853,0.06790752583424207,0.070932246702846,0.05206550103306948,0.06195396105031607,0.06047190223627834,0.05381023643144103,0.05972571311063863,0.04949127050659806,0.05003125851353572,0.04619711851292031,0.05560769477281102,0.04450566893594219,0.042486624133073456,0.04322943598834316,0.03909415604640219,0.03379353020067741,0.037872334676986606,0.031660221083623465,0.024301711825774876
GCCTG,0.047142703153223185,0.024069347336763674,0.06812971530290936,0.07141621867756101,0.051500585808228985,0.0622479589057794,0.06061444550371616,0.05376691985089006,0.06038928963238645,0.050051260318804594,0.05093190352918816,0.04626508216930043,0.055990942723099915,0.04455534149983697,0.042883714464073616,0.04340404111974162,0.038956331178262,0.03345739013283357,0.038312261139171175,0.03170903212525987,0.024205515428969787
GCCTT,0.05532883293101249,0.029195170168182086,0.07082763676151507,0.0692691927213869,0.055848314277721876,0.05865556599669025,0.05683915063384332,0.0547732568313301,0.05698140642497219,0.04815411610231164,0.048026545921461,0.047250331797478,0.049448573027558874,0.04447068194843015,0.04487763259469432,0.04535924983779478,0.03818948719087454,0.03484859932010932,0.03571681967716074,0.032835609101610444,0.023103826733861885
GCTAA,0.0629709080507017,0.02720006056482799,0.07429048456435242,0.0678470880359568,0.061370665384914376,0.05714586215709358,0.05490592890034698,0.05622849808880369,0.051570290513017626,0.047377751266551804,0.04575642269168997,0.049004160783359306,0.043551547934368454,0.044518197139531306,0.04518303839312163,0.04668775935033044,0.03794472849732666,0.03651317310413543,0.03384415430007738,0.034091850219928575,0.021997430059563883
GCTAC,0.05770109600461912,0.024185958298487135,0.07161087822775043,0.06891326468524497,0.0570547691606619,0.058703436633430084,0.05770627438694426,0.05471770048754469,0.05495849526566396,0.048283236799656154,0.04790197840096732,0.048337933462965506,0.04931761866910396,0.04492861599964787,0.04431724323638538,0.045098855318587025,0.03837407857159502,0.0356020257831656,0.035699444100657396,0.03333907270707703,0.023248023799845165
GCTAG,0.06065839002080984,0.026971643114904714,0.0726715762078873,0.06898232667308686,0.056616445733528475,0.058932370568403204,0.056855926321697337,0.05511486839633697,0.05553168946745079,0.04780418432741423,0.04803884125444699,0.04723896474017207,0.04847013330896911,0.044330013330329425,0.04368648018581878,0.04493637590961481,0.03796306437544655,0.034947992420609635,0.03485492413516012,0.03276230643640968,0.022631483071503117
GCTAT,0.06871644141065107,0.02893098067685229,0.07417161255651042,0.06692790707541166,0.06133720519118084,0.0563701804090907,0.054408873845631665,0.05591526853942648,0.052233310862729754,0.04687030061896299,0.04460446237902409,0.04842784343489103,0.042414992763837096,0.044502873251653474,0.044414955050935984,0.0467159134300355,0.03818054108584871,0.03669889548340868,0.033336554643636655,0.03332476936203914,0.021496117928241777
GCTCA,0.049086939324597734,0.02385487794156434,0.07087249554860638,0.07019006363453606,0.054879770840259225,0.05995806478287335,0.060021529457595424,0.05463785843308332,0.05739147867278939,0.04980091691522109,0.049630868919127526,0.04724198389826538,0.05175562889666103,0.04518367516838205,0.044419672481213056,0.044607453254067196,0.038647186993624225,0.03492629044683051,0.03644477611996018,0.03292099338642091,0.02352747488432163
GCTCC,0.05318213198111852,0.02375297432357136,0.07022776572668113,0.06932867896228961,0.054656809492604055,0.060496821547594434,0.05896125582161418,0.05419686254857916,0.05883663210201886,0.049793856160135125,0.048594927792710234,0.04673630409414106,0.05115332791326014,0.044647706923559446,0.04378059742289537,0.044664790667194657,0.03923632161592941,0.03430569037598254,0.03764512421195757,0.03241202310072575,0.023389397215437396
GCTCG,0.0386339273402831,0.02087006030018133,0.06720349198394565,0.07081824099018622,0.05303658191231787,0.06318100877888796,0.06361394836454107,0.052851248185582816,0.05680849391882976,0.05283197347800237,0.05124996478659192,0.04936845679277762,0.05560901403940047,0.04408866958554931,0.04507464501177981,0.04207965198774129,0.04034196296587339,0.03388641859623787,0.03966883087037166,0.03263059726388112,0.026152812847037403
GCTCT,0.051120114242115454,0.023742299794661192,0.07102303276715809,0.07002866294223374,0.0554781232237681,0.059997433264887066,0.05861597290142201,0.05465833619237328,0.05724859437648179,0.0491020907689708,0.04927955393856222,0.04705590361877647,0.05111531361534562,0.044978512394578236,0.0443827546124422,0.044972911663346764,0.03903709668334298,0.03488039398423858,0.03679504396093954,0.03293309974550277,0.023554755308853124
GCTGA,0.05465469624042133,0.026969097442487273,0.07155883338237855,0.06900390019757245,0.0567159528636465,0.058930624272594996,0.05770551217288625,0.055369500529654364,0.05643152456622139,0.04897478532960929,0.048101644762633046,0.04711836459838419,0.04870461238837971,0.04461688899931133,0.04453576923429391,0.04549393281857921,0.03855225317784134,0.03497364965289905,0.035960323949575414,0.032866402535281156,0.02276173088534926
GCTGC,0.04775701876694032,0.02145433885029306,0.06973089758020962,0.07067147658538804,0.053992755781218135,0.06034019703118225,0.05998496498711419,0.054678070698092794,0.05868559113860568,0.05040816057075206,0.049842094640942136,0.046894402192672414,0.05319908985149205,0.045269765729182405,0.04435685081239158,0.044286852285713864,0.0394104279781177,0.03456376352318093,0.03782498230651014,0.03282637494186874,0.023821923748131888
GCTGG,0.0480028048814355,0.020399535618854887,0.06871144495465462,0.0714816125110028,0.05197195963771992,0.0623091491296174,0.061679016758049696,0.05349740823159651,0.06051987505418384,0.050118238490990695,0.05094216486617347,0.046653642421688506,0.056599319728712544,0.044460027119086115,0.04285518939288746,0.043061661508888564,0.03891335295019675,0.033417089371032806,0.03811297164087375,0.031976010596487074,0.024317525135867105
GCTGT,0.051028811926899544,0.02279768362136605,0.07145526641843301,0.06995499176025465,0.05634801179123382,0.05938750820526094,0.059005826648091064,0.05496620122180291,0.05643856379331749,0.04955807215112123,0.048662126625128505,0.04768001064554003,0.05004734506560558,0.044916064947530955,0.04508191467177739,0.045090028650458726,0.038875856937573484,0.03527795651069707,0.03701937861528463,0.03321246209757708,0.023195917695045847
GCTTA,0.05675351342553834,0.02819463379777696,0.0737774772896766,0.06872541270975488,0.059854201340157114,0.05690595601850046,0.055980431610406896,0.05599798898400217,0.05152754724048251,0.04779340043408516,0.04698631862564224,0.04916148213216745,0.04519240094575719,0.045291892729463726,0.04537633533580288,0.046249466311580396,0.038420828507378,0.03698502551114252,0.034012534292616206,0.03405127198991371,0.022761880768154604
GCTTC,0.05677224627656707,0.027032080865619097,0.07215765701188939,0.06873221971636609,0.057613893727664074,0.05863758341769362,0.05657627129830031,0.05533845740376602,0.05556486441794698,0.048585295313576464,0.0478039619577552,0.04725746858992245,0.04757498838632846,0.04451986863626714,0.04504967938200235,0.04555144132355157,0.03866188504830077,0.035198316045125945,0.03524781393486591,0.03325818209283678,0.022865825153654283
GCTTG,0.05334719251858397,0.02413160318238326,0.07242788163922248,0.06990147060569417,0.0564477011504,0.058740487533517294,0.05802371353801849,0.05475826844701936,0.05597875584485627,0.04927678118655882,0.04881970791406683,0.04794584148122268,0.049253885122816185,0.04457439609511873,0.04475374859443609,0.04536367429246923,0.03855294333139424,0.03535809443693491,0.03583551976608703,0.03336910489958804,0.02313922841961192
GCTTT,0.059374425148548016,0.03053952092182077,0.0733441506101564,0.06852072933882594,0.059984993800489196,0.05705540153524964,0.05481399619528303,0.055807538525531435,0.052032532576218725,0.04745291229163545,0.046677298190356965,0.04845299389033306,0.04474139041337559,0.04476385137891848,0.04568787844239174,0.046496473201935735,0.037682818754508185,0.03606904102765457,0.03417066296525118,0.03391819033990833,0.022413200451607565
GGCAA,0.05961307038164639,0.035212169564880956,0.07146319574709178,0.06778939672493337,0.05723139374889377,0.05762007554835709,0.05558750098949314,0.05493110014737889,0.05490730784043234,0.04764754120960978,0.0469866932073186,0.04728910009934956,0.04685194425395775,0.04394394621426596,0.04428526575784501,0.045290991031856784,0.03781487005842679,0.035162806086917076,0.03470341444064064,0.0329283304560207,0.022739886490683644
GGCAC,0.049479662841626505,0.026767293627257882,0.06936942360225505,0.07013943843563378,0.05372424176186407,0.06036477955074383,0.05929172662164832,0.0544136022901147,0.05884023784837692,0.050600933018352945,0.04927305924117157,0.04685635234476092,0.05208076418200754,0.044467699119699174,0.0437447326309785,0.04400773579987446,0.03905071051767206,0.0342476882021454,0.03720881165817069,0.032475631295273075,0.023595475410372612
GGCAG,0.04789751742776835,0.02520416366029303,0.06868180839769844,0.0708098510504395,0.051991456205595234,0.061377159535923806,0.060291210390265956,0.05363768350936997,0.05979328480672119,0.04983149142137467,0.05049991698754127,0.04665046593632609,0.055241845200634326,0.04451988741332731,0.04284442301716948,0.04339530353844894,0.03921827771747213,0.03396813127096475,0.037970480381836424,0.032072046162385494,0.02410359596844363
GGCAT,0.06063772299334084,0.033269773716141586,0.07201271724399227,0.06764552257535532,0.057303205836759664,0.05754851137551931,0.05625981720956969,0.05498267424621577,0.055549313239001315,0.04776905323613241,0.04634762525126491,0.047250719272383446,0.046250385127595633,0.04410522179464104,0.04420960266173311,0.04579568778905572,0.038114558106644485,0.03529585465142776,0.034690361613547584,0.03283544849854318,0.02212622356113495
GGCCA,0.052552312307327674,0.027730650172093346,0.06859693448003709,0.07022370139949038,0.05245954230272309,0.06037751207207092,0.05947754327471333,0.05383872303784457,0.05990308826357694,0.04960601676324057,0.04906495815574029,0.04635148539740276,0.052881296689248014,0.04423732681934947,0.04313745362497297,0.0438540769723701,0.03882813728205034,0.03376050096600508,0.03773205469001252,0.031771033254355804,0.02361565207537473
GGCCC,0.054672309778972514,0.02869060235847249,0.06705143193870057,0.07022081388723282,0.05109929494601371,0.06221223488229939,0.059373612021161044,0.05361689616677545,0.06166254029261342,0.04967354423596535,0.04851007637299574,0.04536048342969218,0.05392818036013477,0.04395609228084305,0.04176579492434004,0.04299899547240125,0.03951173299543345,0.0326747887445164,0.038352348577987215,0.030964767403801875,0.02370345892964726
GGCCG,0.04505223166822519,0.017300281067871154,0.0653339398458729,0.07154491283160873,0.050197361136864176,0.06530992835237133,0.06437881599325544,0.05206625571440196,0.060472946383668985,0.052914661818123605,0.05008263955680119,0.04799363962216581,0.05867341834291347,0.04305660976387364,0.042434978876555576,0.04168528669056255,0.040283282264443915,0.03273833741751051,0.041511870348606865,0.030732043738269384,0.02623655856603361
GGCCT,0.05475660185391717,0.026701158470199098,0.06804924099513511,0.07052439205397737,0.05228808436575187,0.06181098967070126,0.058791471218180624,0.0543397233966867,0.060723084079679135,0.0487923999180754,0.04892527863069834,0.04549655178704248,0.05351322195015369,0.04428737623208211,0.0426227645903314,0.04388065542995074,0.03863080613638455,0.03328850145150818,0.03772034856097122,0.03123458213065315,0.02362276707792041
GGCGA,0.048056389895485344,0.02730292396173043,0.06683500104148944,0.06919783052184186,0.05333697987142773,0.060966088785782316,0.06177065925486598,0.05338309161767956,0.05740117378245114,0.051071144064225714,0.049147171203373474,0.0494286118615312,0.053042818731545364,0.043430904728362064,0.044346779412536355,0.0420109809558488,0.03961158009053803,0.03381104042410086,0.03853828944502128,0.032378396169862954,0.024932144180300108
GGCGC,0.04024847612949365,0.013443323659285007,0.06271111739416065,0.07299111040888792,0.048545982220817775,0.06667442808079632,0.06668108072147888,0.05169101810349846,0.060740272591951965,0.05345895736488902,0.050327226763573464,0.04893183538040631,0.06280924384422842,0.043764396730227105,0.042413910671667235,0.04041978162706959,0.04129793019716764,0.03143040090475913,0.04227919469784538,0.0313838324199812,0.027756480087814856
GGCGG,0.04186894129803091,0.014338155952923327,0.06331241375852606,0.07211694616352146,0.04867016464628189,0.06651901617688412,0.06629230873194243,0.050270196036543494,0.06121319001353705,0.05360650127195956,0.05022877833025607,0.04952794714228726,0.0628219409209118,0.04319430789922854,0.042005183752923766,0.04002258354932304,0.04123132660913239,0.031747761808951024,0.042941441902947415,0.030845291787740797,0.027225602246147607
GGCGT,0.044174333418519465,0.01980976871965244,0.0659007901013715,0.07011883465371838,0.05215254706533776,0.06274357909532328,0.0649304668200017,0.05258513289036545,0.05876911363829968,0.05230162279580884,0.048971377459749554,0.050434183064997015,0.05672464647755345,0.04351946503109294,0.04350216159809183,0.041506942669733364,0.03934268251128716,0.033872135616321665,0.04071763991822131,0.03199271658573984,0.025929859868813358
GGCTA,0.06194413883112999,0.02642077416136314,0.07147806673904786,0.06827757945974926,0.05673005368559307,0.058985324695890316,0.05701700820032685,0.05453067282424308,0.05660041959011821,0.04777624482369246,0.047648680733734156,0.047600035604094884,0.048746301158892585,0.0442357591382981,0.04375267160086982,0.04475067301054357,0.03793750860346043,0.03460945723420353,0.03553423219872881,0.03275266228584499,0.022671735420174893
GGCTC,0.04500235523374399,0.02014836245031839,0.06862310386408055,0.07135171989648488,0.05165183080553601,0.06197454965512238,0.06223460431497249,0.05357770946896102,0.060805109878276455,0.05111628865836903,0.05104718644583135,0.04669973591437775,0.0559628875050531,0.04494292733096159,0.04323356893348797,0.04355143911116127,0.039532915111387006,0.03373938561222833,0.038202697520036764,0.03202035290499943,0.024581269384610246
GGCTG,0.04617663065381109,0.021109571263528252,0.06839073708782609,0.07151455187207074,0.05169399549000998,0.062050320941586946,0.06183350651411762,0.053643138448196036,0.060704290738774855,0.05051916745759154,0.05093358293026885,0.046624630493855776,0.05650843170689189,0.04447429374418522,0.0431132677308277,0.043050785186888416,0.03927059127856155,0.03357265189037813,0.03842801417354027,0.03205682537441103,0.02433101502267804
GGCTT,0.052540751633925395,0.026975444516205566,0.07126494352106921,0.0699314419779959,0.05556984501480936,0.05884729882146482,0.057744269728083934,0.0548415219466637,0.05637894641703839,0.04916218368880194,0.04888388443990864,0.04774489109988458,0.04970786110645605,0.04471203182929975,0.045005394636996474,0.04509276327805635,0.03852015598315141,0.034881929943153894,0.03581210469926546,0.03299578408647989,0.023386551631289273
GGTAA,0.0643641750638701,0.03645907588974304,0.07310196436384732,0.06699026421488538,0.05984724709928447,0.05671724380540666,0.054614187491021045,0.05556302095026463,0.05239423402045919,0.04667501334211701,0.045333973536450335,0.04813240405556657,0.043058302729767094,0.04407050100263893,0.04445642549253852,0.045974176653452915,0.037346729528931775,0.03619032168021636,0.033926395213990074,0.033024812240770994,0.02175953162477761
GGTAC,0.06648977835721606,0.03430255084456271,0.07218235187578284,0.06676336425057716,0.05751302780870691,0.057769036954729173,0.055455019957250294,0.055185255095919365,0.05582680637378711,0.04704263583959919,0.0456510159742065,0.046677345177513686,0.045117599902792946,0.044319768414890715,0.0435681714145537,0.045352211269446184,0.037957367981432844,0.0345818682859691,0.03451805705106504,0.032153602430787735,0.021573164739210744
GGTAG,0.060308596849570885,0.03346431775739499,0.07170156517743678,0.06750688518593487,0.0565220930965242,0.057771156995622144,0.05649811553060402,0.05455816316231753,0.055890312115417964,0.04775132253004584,0.046870844004744214,0.04706238572319963,0.04711285013519444,0.04411593320407752,0.04379502415321553,0.04539008990471984,0.038416242737725016,0.03510482936058523,0.03501533170174362,0.03272686820089631,0.02241707247302942
GGTAT,0.07368471652516896,0.038070582537673814,0.07373484288214728,0.06496710040103656,0.06078913281145369,0.05633482761288777,0.05322673642199092,0.05510351863890746,0.05353931924294292,0.04615223657378381,0.04320763442410857,0.04744960951567914,0.040539369883416373,0.04335364350494798,0.04393588042061926,0.04629696036341866,0.037315345425867105,0.03568328265430114,0.033470268258268474,0.0326358572082601,0.020509134693120015
GGTCA,0.053972363626167044,0.031025083508489884,0.07075491207511149,0.06882758636804957,0.05568517854284549,0.05864486663761346,0.057694289409639665,0.054444848177534554,0.05700145227076496,0.04905357044798406,0.047947134072749066,0.047511336007318605,0.04845630511005362,0.044418688610014474,0.04441728657870478,0.045188403799037505,0.038750042353029146,0.034520347563561676,0.03612403770996879,0.032692566079488165,0.02286970105187399
GGTCC,0.056199459338919226,0.032391043166147784,0.06900767052028499,0.06820031051846018,0.05347724550377013,0.06019273994274047,0.05876590371646717,0.05359939997244771,0.05975094294545938,0.049060476066277954,0.047543899824931936,0.046352668654953244,0.050637379207388575,0.04436038029357291,0.042797583442456995,0.04451104747606958,0.03876438503928902,0.033408496848744855,0.03689034940680049,0.03116169499980041,0.022926923115016987
GGTCG,0.04575825596324666,0.02638807612692479,0.06619618666643376,0.06851292218738264,0.0527717851746395,0.06071331871817491,0.0630256871599137,0.05277615225384958,0.057992628370293384,0.05161887626317766,0.04863834470229621,0.050269448787262104,0.05466054693300027,0.044234145318927796,0.04433895521996978,0.042240573659525035,0.039598490737424996,0.033421257194763,0.039626876752290534,0.03210021573371298,0.02511725607679072
GGTCT,0.057045073195634274,0.0323313381612736,0.07020150272863215,0.06827148173167721,0.05505060547171729,0.05925379987410702,0.05735716439472585,0.05381449611851098,0.058236809392571635,0.048185021693190895,0.04770727071069526,0.046794874097508106,0.04945578436843581,0.04429729930179895,0.043680301128916486,0.04452402500025884,0.03807998620628742,0.03406379296245968,0.03631393458678343,0.03227978077970397,0.023055658095111113
GGTGA,0.054674476870868245,0.031517700299739444,0.07088413340037746,0.06850472029760622,0.05615162418725335,0.0585612942126561,0.05770169286393745,0.055070646649209076,0.05733621535963291,0.04879331474382835,0.047467016689196104,0.04668425486341938,0.04814094066378029,0.044418686152995546,0.044387993878959246,0.04465965315553582,0.038786980380888944,0.03474169512776475,0.036004214201598175,0.0326513553577609,0.02286139064299226
GGTGC,0.0498611323869058,0.02749437690313578,0.06905395844041846,0.06969950340928437,0.05333848107336284,0.060485398645339625,0.0605546110378349,0.05401584406152752,0.05958235733472589,0.05050339714759657,0.049403215325657425,0.04608692486059935,0.05297470598674074,0.04433955796570674,0.043373208637312956,0.043963318088019135,0.03858246459753322,0.033885862532379754,0.037347466219596163,0.03204960199594107,0.02340461335038167
GGTGG,0.05361840770605988,0.0254224872350261,0.06888629602788067,0.06940781080421754,0.053121678462712964,0.06072947897923668,0.06056582655593305,0.053398054131943574,0.0596594569625533,0.05000226634839326,0.048430422170625306,0.04699693559139725,0.053337448410865365,0.043960877564050656,0.04311324628857864,0.04345939493081526,0.03903942139022055,0.033789132494461874,0.03758963747423196,0.03185008894780829,0.023621631522987817
GGTGT,0.05468850737793805,0.03247747287413671,0.07061366028778629,0.06809391581081665,0.05585548532928569,0.05843228299048132,0.05858985845167689,0.054403032470785324,0.05736018469348751,0.0492394058192994,0.0475123453268322,0.0476059710650492,0.048449438653093445,0.04366971932550179,0.044401379391344926,0.04430817162517354,0.03789167376696679,0.034690425869627416,0.036522397345543134,0.03264424372033574,0.022550427804837986
GGTTA,0.06275406088344815,0.03121340296072239,0.07326829530552757,0.06747675905385915,0.05987158749044533,0.05679889715077805,0.05546358002903219,0.05530521200277699,0.05256006881704344,0.04691959579337122,0.04593461679612717,0.04862891858597806,0.04431295158262837,0.04437606503958616,0.04475620674098471,0.045942505978246895,0.03804718782798544,0.036350429288384084,0.03432962989801333,0.03343786012655417,0.022252168648507133
GGTTC,0.05667728165864896,0.03150538654380378,0.07132109221491971,0.06798346771461482,0.05615014567382614,0.05834297716647469,0.057213090317772206,0.054486618334575514,0.05678812927705129,0.048640693813944036,0.0474164916322244,0.04746392031980486,0.04817264042279287,0.04438837319601599,0.044447455789687645,0.044951554983399956,0.03806138627278271,0.03457497120401111,0.03588671319195067,0.032689748627955824,0.0228378616437428
GGTTG,0.05868740088710422,0.03010470381768012,0.07117592783687027,0.06749391849796446,0.05685292117513034,0.05830919501841246,0.05707646138505997,0.05434153754098036,0.05605953467869901,0.04813074468131383,0.04678346179444064,0.048122286403100276,0.048112378134335824,0.04415922056241267,0.04454177640275711,0.04525493008870559,0.03831841695831616,0.03492181409284483,0.035573343180380274,0.03292421044389528,0.023055816419596333
GGTTT,0.06276652984059343,0.035498719059812625,0.07217780100865978,0.06696712918915965,0.0591067446061393,0.057137886408767026,0.05518039114280993,0.05474476092085196,0.052728147700910444,0.04692537502280264,0.04594017815848034,0.04839042540972581,0.04517271962857341,0.04394076288878884,0.045104234933827814,0.045805819172152096,0.03717551920918911,0.03550885356620996,0.034544539927191246,0.0330758042652145,0.022107657940140076
GTCAA,0.06362931908237042,0.033352383786598855,0.07369844179208886,0.06711782262498177,0.06083383012664123,0.05616993133140929,0.05453172117866104,0.055560735518193266,0.05281065846289413,0.04709769645719542,0.045153439081867995,0.048427685413407716,0.042358191678800665,0.044220321149095,0.04496551111093934,0.04670227474972729,0.03801773189780197,0.03641164824908138,0.03389901746039261,0.033509151464147305,0.02153248738370447
GTCAC,0.050156572419966614,0.02802951625586853,0.07114224567890033,0.06951830279303838,0.056421446923469995,0.05841225405695246,0.05857318978821995,0.05525929811749693,0.056256061356314925,0.04986288325138631,0.047856748905402174,0.047825105627979383,0.048199880694955594,0.04460812149436366,0.04529290179484131,0.04532058966258625,0.03904384893004932,0.035229845148183246,0.03665947853362086,0.033340642600800524,0.022991065965603262
GTCAG,0.05265152958281236,0.02824050930549286,0.07130888787036001,0.0691642046873623,0.056195086508892184,0.059155426610311486,0.058021511484041485,0.05488953515444759,0.05636499098140133,0.04883416284429708,0.048453369015196736,0.04732984442291936,0.04914087601437588,0.04453421352701289,0.04459905815581876,0.04512724363377755,0.0386814566297187,0.03478135045385468,0.036322805413391245,0.03303670282957331,0.023167234874942228
GTCAT,0.05809262758146626,0.03199556114761918,0.07308840765356481,0.0676861563400726,0.05941842198098003,0.056031325665363105,0.05602760766721204,0.055705235356937666,0.05253356422830871,0.04779071082219592,0.04601044582515829,0.04869352825558307,0.04377483540750244,0.04502452019780625,0.04541578482676206,0.047120815037684095,0.0384944032099009,0.03684601779433915,0.03426878895833283,0.033961288640662696,0.02201995340254788
GTCCA,0.06005516428807014,0.03707451081246845,0.0706862671577368,0.06713465178160245,0.05668338646573131,0.05797586603536241,0.05603079947313474,0.05441061591658734,0.057375937359171326,0.04817295624023382,0.045954724661652686,0.046632935567143,0.04579016742288554,0.04389987491299036,0.0439593506007162,0.04526805081245435,0.038297171096508355,0.03475213800992468,0.03547501445165179,0.03224052438279869,0.022129892551175537
GTCCC,0.05480354055624268,0.034064379394357115,0.06864947486201416,0.06858973338867463,0.05310182164535322,0.06035454086068941,0.058409421099905746,0.05384898138179158,0.05965486124716717,0.04961698932714666,0.04731994272123194,0.04638181897394411,0.050510502629277025,0.044274431979897645,0.04274385021534323,0.04384789351304125,0.03887317667849409,0.033307567105457785,0.03728363607998888,0.03143001521190092,0.022933421128080764
GTCCG,0.042877810828919796,0.026333983449771038,0.06641430199259978,0.06873594318807427,0.05219424967031842,0.062240469108088614,0.06233649287076909,0.05219424967031842,0.05774442315324966,0.052266800957676995,0.04935834787915516,0.0502374987730297,0.05512617522416214,0.0438721902380109,0.04427762390266178,0.04168711617168195,0.04033424804858376,0.03333518267987384,0.03989467260164649,0.03235574030053304,0.026182479290875183
GTCCT,0.05514235557320932,0.031061724766641603,0.07040279494201236,0.06847788396431116,0.055134253010976575,0.05927595135589934,0.05756428508423258,0.054250705429324385,0.05749707064752915,0.04830729188246644,0.04795556702190878,0.04650244614512315,0.04965379040623485,0.04478672859234002,0.04396763321026646,0.0452159802415337,0.03845402376002715,0.034590206469859115,0.03632304989281599,0.032485013482479404,0.022951244120808467
GTCGA,0.05767792603241858,0.0362895214453302,0.06967918509307897,0.0656698358979625,0.058628918658877156,0.05776275636060033,0.05796813504988246,0.05409942560938313,0.05536071864682232,0.04920382272247312,0.04546905590541865,0.04969048092098948,0.044730139099414444,0.043788075981185524,0.044819434181711026,0.04380147024353001,0.03811114112418044,0.03484963824329785,0.036369887019397126,0.03310838413851453,0.022922047625532144
GTCGC,0.042468711542480324,0.022719122401013408,0.06627141688789819,0.06983692076686714,0.052956246468680586,0.061408193435035334,0.06398299290769163,0.05308008451946966,0.0568623049873195,0.05320650252965018,0.048559995665668224,0.05101611700631832,0.05430040531162039,0.04402700701490959,0.044834534304430046,0.041808241938271894,0.03998679060791583,0.034238641083789344,0.04008482906479052,0.03251264825091653,0.025838293305263375
GTCGG,0.046458860090369744,0.015799601633975896,0.06785193292809688,0.07048164620050854,0.05442440373916798,0.061995490397104475,0.0624503597199,0.05334053543094426,0.057775511328200656,0.05269732177917871,0.04953633535240823,0.05038210799948117,0.05457010406912592,0.043697661154337514,0.044145423143964364,0.04336183966211738,0.03990056840897017,0.03391797071423368,0.039504334584816246,0.03246629791453076,0.02524169374856743
GTCGT,0.0445286435523713,0.026967552725590732,0.06885474997785673,0.06871106474692701,0.05583056952495301,0.05834998179330978,0.05992264617019811,0.05391935912450423,0.053716625168534905,0.05153969550540788,0.0477999429195658,0.05195697316235447,0.04983515564259775,0.04380037594354942,0.046642587908789404,0.044605406894922796,0.04036177185540935,0.035795337119012706,0.03796833020047042,0.03430534095717983,0.024587889106494374
GTCTA,0.060782144398177966,0.03536595864074327,0.07240181480796577,0.06768093346341796,0.058806696807187815,0.05720481738202579,0.0551929694790026,0.054683630806248315,0.053203174319765845,0.0470642749801791,0.046060210898625394,0.0480558513634441,0.04530324382576313,0.044655743384708256,0.0441219607067931,0.04550517256404861,0.037950912186505634,0.03613621049901905,0.03455904077472617,0.033251020802911174,0.022014217908740964
GTCTC,0.056429426833262096,0.03142120483800241,0.07114905332571035,0.06799139084243187,0.056412948150779595,0.058861506907863695,0.0577178863435781,0.054775487491465776,0.05646810837214208,0.048315670498509634,0.047600148759137866,0.0475059600792642,0.04818123914141554,0.044293137374623245,0.04384266223349634,0.04511516344077666,0.03794572234217932,0.034814078831241636,0.035797942905354777,0.03264062734170751,0.022720633947057287
GTCTG,0.052058567019705425,0.02953088469820867,0.07101127281020729,0.06882180042077642,0.05590227326890995,0.05940823085129919,0.0583165697582543,0.05451010640705975,0.0567855108042843,0.049021733281056606,0.04836366152355912,0.04760342805500674,0.04915908782234112,0.044681398112058415,0.044485445800051766,0.044915789194946924,0.03848694747470088,0.03472524393671099,0.03649001061764271,0.032786563172411555,0.02293547497080789
GTCTT,0.06090704152509077,0.03145545051505146,0.07304776915263338,0.06748739907416282,0.05951933324963724,0.057383988541869754,0.05511731497522653,0.055374031625552655,0.053889859176377314,0.04748319967755638,0.04616271927033686,0.048311040520112314,0.04478189012558635,0.0441229006730135,0.04514836017940148,0.04574637551892488,0.037938718514883236,0.03587732446217314,0.034476326956952436,0.033568750735793386,0.02220020552966414
GTTAA,0.06330673251346709,0.03268130286539341,0.07444068155117037,0.06728329068465498,0.06273310204184858,0.05595414634819255,0.05487746839284606,0.055969090629016276,0.04887607512604926,0.046299911024051094,0.04495262662978878,0.04974077420571148,0.04194974583226999,0.04429576800958273,0.045174031897992635,0.0464272822790718,0.03806791141030328,0.0377032709582043,0.03333839139761213,0.034044221276517475,0.02188417492625572
GTTAC,0.061056890936563905,0.0334193235932935,0.07358330179088346,0.06744117235141658,0.060816754095508636,0.05638211514544736,0.05553374359229265,0.055730555045241444,0.05116123795075616,0.04671215720465939,0.04539224421815979,0.04902788240616443,0.04329180253430011,0.044314483207045986,0.04521356897418579,0.04616471237819773,0.038111228026219586,0.03690483427367338,0.034085997200978414,0.0335419109317343,0.022114084143277396
GTTAG,0.06259090013021086,0.030167350717908322,0.07373623965568152,0.06740055169698575,0.061023970136954084,0.056882153383719894,0.05465838754555759,0.05627297973623345,0.0520366846626715,0.04690044833488306,0.04581493473804264,0.04866169344069455,0.04347018024489345,0.044447678329239744,0.04513469083168278,0.046670598092891646,0.03791175273641648,0.036364564481735646,0.03408411165137669,0.0337668337099775,0.022003295742242836
GTTAT,0.06962413780204733,0.03581639408414286,0.07502746262194943,0.0657878922761362,0.06341026999138327,0.05547084424626253,0.053413499325691095,0.056219191010808196,0.04933444504476468,0.04577797186738525,0.043097557990234084,0.04940770821514759,0.03902381584250764,0.04414006413072806,0.04440699882402651,0.04735833149437611,0.037830356583581214,0.03770729216444859,0.03277010703284381,0.03363000859458884,0.020745650856946688
GTTCA,0.06063393715998635,0.031017179079787578,0.07299654976548477,0.06781850380335912,0.05913206599908992,0.0573871603858302,0.05637395941584774,0.055472613751922396,0.053231977313811546,0.047346381508719976,0.0460968351079989,0.04825738909276985,0.045098127018203246,0.04456263367591653,0.04459793684560233,0.046288587061239665,0.03787416946970737,0.036089501339012064,0.03438138534468807,0.033197242710963845,0.02214586415005854
GTTCC,0.0610459541071376,0.03198289046750077,0.07163641904367936,0.06725604304339285,0.05723966802386977,0.05852750280634394,0.056564916345838205,0.05481997120861715,0.055796708169687334,0.04777046914526297,0.046372436224416815,0.0472974648282509,0.047064565301191644,0.04429541323560171,0.043809905668274356,0.045366242453281816,0.038049933743369305,0.034941074724298034,0.03530112594947882,0.0324720006662749,0.02238929484423175
GTTCG,0.051409780137163824,0.030662419281608615,0.06698087022375974,0.0696370176886554,0.054793840678944376,0.059071249087810945,0.060477444804520414,0.052597234297940706,0.05471479961251496,0.04954771966523351,0.0479779273226585,0.05034364482253442,0.05248142994479992,0.04346891020751037,0.04483834263750848,0.04169875795235846,0.038614318197275475,0.034572194823361595,0.03813639547002781,0.03275057396681378,0.025225129176998682
GTTCT,0.062097585498511826,0.03673110125106495,0.07291517651072131,0.06689267807592802,0.05952954606399017,0.05690822299663676,0.05463918003439111,0.05532969537399608,0.053474614113560165,0.04693781278795604,0.04561498868591557,0.047802079104186296,0.043761355350284865,0.04404123921513209,0.044762740145568566,0.04592180395213971,0.0375678569959962,0.03559578341129926,0.03435027849385704,0.03328967357404022,0.02183658836482377
GTTGA,0.0671211131549382,0.03630260035839143,0.07340631904052097,0.06597297292978034,0.06114708546122064,0.05611892075275443,0.053954143338766206,0.055594735038504595,0.05283020332515473,0.046492715850476485,0.044310359037534754,0.04822782535757525,0.041291953406830444,0.043767452404918854,0.04480577846258796,0.04631395391046881,0.037765343333652196,0.036127491280503965,0.03363076002134185,0.03349149465300892,0.021326778881068972
GTTGC,0.058474199396951525,0.02984975915527602,0.07195238165051533,0.06772745857910573,0.057688053547837445,0.057303288422348955,0.05660869126100987,0.05501457122797415,0.05441347753066148,0.04816699001923826,0.046552344835562594,0.04862017231352656,0.0466028432220577,0.04436136645375895,0.04524231895106706,0.04585905085839112,0.03846380650321479,0.035786088834806745,0.034985282163806995,0.03361791617593638,0.02270993889695234
GTTGG,0.060774650839047525,0.03223089346499829,0.07167798803386333,0.06740115095364348,0.05806403283241077,0.05764555693189611,0.05607844606097575,0.05473673696705077,0.056078000162307115,0.04800522771599108,0.04645127085579548,0.04780056022708727,0.04605085385136057,0.04388289452445353,0.0443352587237845,0.04546784134211932,0.03805923496273625,0.034801722239017736,0.03509267112030257,0.03288859400123603,0.022476414189922512
GTTGT,0.06447881683804114,0.03800897775078347,0.07269985717298987,0.06601282975758738,0.06007991559867966,0.05695827629559533,0.05499906593843876,0.054942855282419586,0.05254045265717789,0.04649344756278573,0.04484831192721481,0.048184590599982896,0.043260500029960465,0.04354340844721866,0.044598610465162655,0.04611685471882892,0.037279723332264154,0.0356982189013618,0.03430668051588396,0.033331805937069664,0.021616800270553203
GTTTA,0.06563807831633092,0.03486636077638914,0.07471252820180146,0.06668613763053201,0.06315140420572819,0.05574143468950749,0.054163604893478996,0.05630923813515049,0.04906001171128244,0.04609666974757594,0.04401705599026356,0.04914594468141293,0.040575969768816986,0.04418174589961594,0.045043766612511554,0.04735444856508086,0.03755414315320539,0.03741134013812424,0.03320367441486644,0.03383785614641399,0.021248586321911005
GTTTC,0.06415960328742816,0.036436101526527515,0.07272515757365652,0.06668248801571587,0.060418784904881895,0.056739235472085016,0.05459528756465232,0.05544793418939241,0.0520365721341061,0.046655762344723926,0.044971719338574544,0.04814234871028861,0.0431942993507818,0.04388283825695267,0.044891371703207006,0.04619585744344062,0.037518467935011485,0.035999618426287634,0.034112379662741575,0.03345067500544828,0.021743497154096063
GTTTG,0.061856119355628396,0.03657746903897238,0.07267473116174043,0.06725688065163452,0.05975656699335073,0.05683929573639773,0.055406934774599674,0.05546275954065901,0.05215286358976316,0.04690505075995023,0.045504589664471795,0.04834851971091316,0.04434907397109046,0.04382329581728668,0.044424836153599566,0.046409036320703596,0.03727114872130668,0.035842348012446075,0.034140974338693696,0.03310593760471594,0.02189156808207608
GTTTT,0.06750620338149492,0.04161043881938287,0.07318518490920337,0.06616577000171385,0.061875284088792185,0.05580547089813041,0.053544682975536696,0.05521549764904882,0.049447098009701866,0.04550469072510637,0.04395924769562075,0.04872066899650524,0.04174726715896305,0.043576985268366106,0.044511590822721145,0.046466214856819246,0.03683402135602566,0.036421673459959315,0.033223578810888145,0.03335938256793913,0.021319047548080863
TACAA,0.06968233234416335,0.03847842991003921,0.07417911605057795,0.06570932842860726,0.06256460918681814,0.055674950769094574,0.05348926494718724,0.055731299868560624,0.04982531779165525,0.04545504487679952,0.04312636732894909,0.04837436772072445,0.03983426144538108,0.04407896533635704,0.044435424402895746,0.04726794765906377,0.03747466252540026,0.03727014197775608,0.03318899174038353,0.03338974521731132,0.020769430472274517
TACAC,0.05568834026740104,0.03292192014168877,0.07279252831463355,0.06756136416725991,0.05829618217105419,0.05654293442547794,0.05811954752156778,0.055240204269041165,0.05214790710763937,0.048654907297571236,0.046764916548066755,0.04976730865753896,0.045759885239078965,0.044164616348548985,0.04467268904819526,0.045406615940106164,0.03777937300256477,0.036421469326400786,0.03548550415002116,0.03345599187401226,0.022355794182130965
TACAG,0.06231234746590976,0.03229047710083601,0.0723168539600631,0.06728261385011776,0.05939043328852687,0.05760781809630298,0.05573155372048224,0.05526986921026598,0.053732412071916605,0.04694791643987559,0.04575135425965101,0.04799982940339803,0.04492804670767944,0.044298449807765664,0.04440745865045562,0.04630952128863663,0.03761744547097338,0.036105339226272834,0.03460725053453105,0.03310543377019385,0.021987575676145614
TACAT,0.06693756097984718,0.03390061619177243,0.07468809708919573,0.06634186198973202,0.0617609288587205,0.05532787991045299,0.05539908476101691,0.055853032135499275,0.04973560099065558,0.046871744533316696,0.0437458384318507,0.04973362673417044,0.0410046491107883,0.044508427903509395,0.04410975971061085,0.046792247805515205,0.0379090149420944,0.037825438084223624,0.03343613944936934,0.0331722471658561,0.02094620322180232
TACCA,0.06733331881835647,0.035837063163995396,0.07327616506016976,0.0666930009818345,0.059417265150266296,0.056470724846841076,0.0544195512591224,0.05520895864372056,0.05362516731102796,0.04638675570568189,0.04478907146656216,0.04755272306149892,0.042726078540539815,0.04414813155960316,0.044606597471698387,0.046182301888709525,0.037436198900801534,0.035723638987642574,0.03371601033051639,0.03307548513718208,0.021375791714229136
TACCC,0.06539300102160514,0.032778234791920956,0.07225163710683537,0.06672364098781969,0.057677402276175,0.05785642529765512,0.05582642162621578,0.05492220862755962,0.05588541117919529,0.047668841453983896,0.04582842609709563,0.047025239017744705,0.045506771619157574,0.04389409702402108,0.043279255663363936,0.044913647805368516,0.03824371959360013,0.03496583741833542,0.035168338868862115,0.032332144640036066,0.02185929788344897
TACCG,0.05252417811743079,0.027451003061887115,0.06949462483693379,0.06787215224265407,0.057620900221789305,0.05871346787138147,0.058597852247086,0.05435475883544236,0.05445110518902191,0.04995365740392824,0.04730413268049044,0.05060110489998285,0.04738120976335409,0.04421141473058669,0.045080458839874285,0.04509780118351861,0.039565593560980494,0.0357233009802278,0.03683706482760747,0.03330886135952413,0.023855357146298085
TACCT,0.0674792767646285,0.03847663471316454,0.07289461336701863,0.06604609318150176,0.059098498562921355,0.056980183315665726,0.05427461235629963,0.055191050862137325,0.05380800373606491,0.04649347417083588,0.044932652356403494,0.04713086634000068,0.04328773712197161,0.043707005740923954,0.043705607513037974,0.04609358099544637,0.03748109645834869,0.03550919564543897,0.03371686724245691,0.032446876828307804,0.02124607272742526
TACGA,0.04988182428292142,0.02689279148968099,0.07076787121139488,0.06767904559039921,0.06026961571007557,0.05640962579773819,0.057476750438729955,0.05533624847330312,0.050961454290799804,0.049760939069684075,0.046813840940070114,0.05288519656352518,0.045867601512315705,0.044562874900478125,0.04669295572683277,0.04526942812957228,0.03977540361071626,0.03765574392343381,0.03580078116858485,0.03488997361367587,0.024350033556067813
TACGC,0.042056323432620536,0.02082930723018107,0.06937220798498789,0.06952064865773222,0.056676329314232096,0.06015488243778795,0.060597403688610676,0.05456455068688821,0.05453374224537523,0.051595737232001566,0.04869974372978196,0.05167695948689941,0.04986486297245445,0.04366116315870548,0.04592418322620398,0.04499712921340447,0.03996134940973827,0.036437984007618086,0.038236076685011694,0.034928370373482336,0.025711044826282402
TACGG,0.044580331781164245,0.025261250547410796,0.0686643980088309,0.06851775218060338,0.05598857367848003,0.0593473657989787,0.060281479636318344,0.054188646800509443,0.05445180575253416,0.05137425220671839,0.048861184657230446,0.05160125191342673,0.05115127019393408,0.043268554714964706,0.0464063736696411,0.04412231467382352,0.03943165701750509,0.03587800674169041,0.03766186284396482,0.033612027368531014,0.02534963981373971
TACGT,0.05063087967654815,0.026507293053956396,0.07137323775515077,0.06840720126069816,0.060135196082072725,0.057325685663803215,0.05823565929313885,0.054683313259085146,0.050368234226681595,0.049620092642213225,0.04637947226835467,0.05251847803594263,0.04572816461237246,0.044320756418895615,0.04691272212111404,0.04606642011598847,0.03937824658958863,0.037330142677497916,0.035892225164087084,0.03429910806666419,0.023887471016146064
TACTA,0.07654465705514693,0.039546151148434086,0.07475582864527534,0.06554601663199666,0.06334210892948937,0.05570133507564148,0.05240976589335729,0.05613298871503173,0.048534491455804143,0.04439739038111389,0.04203854856764015,0.04828035147223437,0.03836600961792527,0.04373225463961605,0.04356867304338635,0.04730366605333577,0.03733815991121915,0.03716521020595427,0.03204493809841799,0.03296877777404121,0.020282676684938484
TACTC,0.0668530884182926,0.035396031742137866,0.07371621148789399,0.06628886522967499,0.06082868247300702,0.05660514266841675,0.05389790426591465,0.05585112357882249,0.05274234418853989,0.046121178614469266,0.044472149194555256,0.04780300270026631,0.04224004610878378,0.0440553728895535,0.04428984183933144,0.046392573841580076,0.03795324100386796,0.0362515335379686,0.03365042590458405,0.03321738137949858,0.021373858932840915
TACTG,0.06368272631952095,0.03300451438731166,0.07330330033347207,0.06773743689521199,0.060284893406312746,0.05659607607512353,0.05475776235341906,0.055578023834376385,0.05210311937262187,0.04641791300077091,0.04522389383158255,0.04810857179145933,0.04312762635555976,0.04462580288597559,0.0448617361978521,0.04669021936489505,0.03811345364490425,0.03643065929794504,0.0340154886287025,0.0335876628898331,0.021749119133149555
TACTT,0.06981517093440072,0.03654199963083113,0.0746165901694968,0.06654253019194557,0.06287784608708001,0.055729249897779616,0.053578253475413576,0.05626378227805151,0.048786841830200746,0.04549355050544683,0.04351617782502348,0.04837970765764893,0.04018952786732541,0.044200665202911035,0.044384455385370045,0.04712415225388398,0.037773727439635967,0.037299558299929696,0.03241521903437242,0.03342026698979003,0.021050727043462485
TATAA,0.07444989614965636,0.03591481340240417,0.07589802366043605,0.06530544806765255,0.06522486025005284,0.0550443006075242,0.053161097009946645,0.05622036757121688,0.046979263172213716,0.045215653367877744,0.04145734175257283,0.04996358828971922,0.03707444388579492,0.04419303444043659,0.043638977861900935,0.04796986776115635,0.03819899352316814,0.03889742127569902,0.03199581679310286,0.03321812669018228,0.0199786644672857
TATAC,0.07223579250829841,0.03724370980224179,0.07466718273840148,0.06529697724745104,0.06209919546613185,0.055032126925285065,0.054105158096671276,0.05539081902544608,0.049102654550937305,0.04611800261052774,0.04262701089151879,0.04954267799939064,0.03949846502720742,0.043732908686375686,0.044041759267967814,0.046932984428800555,0.037730446640483535,0.03768894679866258,0.033211551804210836,0.03313459983621118,0.020567029647778956
TATAG,0.07435293479270183,0.03668094420525417,0.0749022423594661,0.06535403493634337,0.06254979592507406,0.05562909377434865,0.05325761359393885,0.05582187684734523,0.04969714524379894,0.04547024740048553,0.04263964162601154,0.048335435668727986,0.03982298348714582,0.04435520080582942,0.04357585278327934,0.04677654856012635,0.037518184468753664,0.03718821780169213,0.03260154738508581,0.0330163462468059,0.020454112087785272
TATAT,0.07906201056669078,0.03661503629608517,0.07559686253298635,0.063776066316365,0.06443340556860012,0.05435607479156749,0.05374188232940388,0.05599850134023146,0.0465362008271114,0.04604985691183929,0.03997864275781548,0.051162960985750836,0.03646699672704369,0.04377220907711278,0.04252329800993599,0.04799364074960468,0.03862726853674071,0.03912425253422462,0.03202220710827867,0.032838477352291784,0.01932414868031982
TATCA,0.07399882354704439,0.03816432922562754,0.07478441659569947,0.0646986817024517,0.06365745516015067,0.05536351234357815,0.05281020863431595,0.05615651505871571,0.05028704879551661,0.04560498158613678,0.04184390224022846,0.048360703911579775,0.037571219104006286,0.04396609808141842,0.04426400035431678,0.04724807512862928,0.03769735183571961,0.037407364433836646,0.03268353364973732,0.03330544042973371,0.0201263381815567
TATCC,0.07457251227481165,0.038279073484420494,0.07324975667486912,0.06468545116659792,0.06096847790487708,0.056339872662542805,0.05322988416014605,0.05562387085359888,0.0535731030917882,0.04584397904840126,0.04288781545076471,0.04728522139930774,0.039906938242303326,0.04362668312392975,0.04346916272596209,0.046592316422910396,0.03761758020028649,0.035886472600920455,0.03325597434219066,0.032550597076218164,0.02055525709315276
TATCG,0.058615911580530713,0.033490427219070355,0.07138915684318951,0.06638000098098523,0.060694374049670555,0.05631059627552605,0.056380082729754914,0.055566682471428805,0.05067810604450403,0.04843614603600216,0.045202982195117966,0.051520118372218496,0.04238060592188088,0.04409937380442425,0.04566690646305773,0.045278599807072904,0.038734610794107546,0.036915700668704934,0.03500686689665321,0.0341301113418243,0.023122639504275462
TATCT,0.06972807347571999,0.04115141962050969,0.07440264495635016,0.06476450032263022,0.062117831973856966,0.05552881123842855,0.05316068234830232,0.05580110054336934,0.05070926336639529,0.0464640502708015,0.04279099798514067,0.04866994691037918,0.03943643179268403,0.043960863711458124,0.04375542387659262,0.04646826233090787,0.0377584013954691,0.03680307898876317,0.03298110999740619,0.0330342363039091,0.020512868590925944
TATGA,0.07164634744945175,0.03736584931666433,0.07458067889833803,0.06558739641322403,0.06290961853363927,0.05526226057727171,0.053320438025951176,0.0561170028260161,0.04956981464004618,0.04574310872242867,0.04235817234378702,0.04876284894885029,0.0386564708438649,0.04437967703047097,0.04427676108972438,0.047470427619824264,0.037900717695520655,0.03792575130272929,0.03266280352839695,0.033246757411583915,0.020257096782216124
TATGC,0.06781762659364757,0.033721386941071574,0.07471272926280363,0.0662404995430101,0.06117382183164529,0.055907269210794266,0.05470313340568231,0.05635797666093956,0.0509199364867808,0.04700155060116044,0.044005288424846106,0.048593569379629234,0.04096760863050086,0.04448066029921204,0.04384031600246458,0.04694687003802975,0.037690032408122694,0.03720954150231473,0.03346985635067041,0.033420062135734376,0.020820264290939687
TATGG,0.06931019313858956,0.03666733873319348,0.07316554998092109,0.06584662053290988,0.059882377249270584,0.05626071626739805,0.0538239891091897,0.05566210494568758,0.0537831652333876,0.0464371587248954,0.0440914521469193,0.047686452638472085,0.04145185532018416,0.044055002257810276,0.0440987421247411,0.046318227943859674,0.037624616963736736,0.03631825293806935,0.03357368043070022,0.032876966836016326,0.021065536484047864
TATGT,0.06610866115463648,0.03431592783422467,0.07466231467878057,0.06630296643005487,0.06149297612360855,0.055445752101928376,0.05567612024348586,0.055644037559897226,0.04993416416226746,0.04735802115937411,0.0439521910120965,0.0501383595882658,0.041143147024204456,0.04396642318000424,0.04403505117610173,0.046724689687479684,0.03770921437588868,0.03755048952023965,0.03383987387887002,0.03321522644163116,0.020784392666959913
TATTA,0.0762614951425055,0.03986160007289458,0.07557193758059827,0.0647219095230105,0.06552936934893004,0.05493168889872721,0.05261053731133997,0.05603744933025474,0.04670820292528909,0.04488701995856878,0.040559035291640046,0.04990154241895007,0.03639306776701778,0.044044504559719075,0.04308369301401514,0.04764774479752978,0.037893630100421745,0.03877487731205946,0.031901227837853666,0.033051890913359167,0.019627575895315393
TATTC,0.07288995266962861,0.04138927965401262,0.07465497407456136,0.06486369325331363,0.06347954133732757,0.055242943456567724,0.05230512065365166,0.05608328526078933,0.0491684293266133,0.045267637563379856,0.04194793321795923,0.04836165396539452,0.03792636973015279,0.043607195026094114,0.04375023192894035,0.04728280487270053,0.037843887365186034,0.03785164644246307,0.03252655797211455,0.03328998370593772,0.02026687852321145
TATTG,0.07502747345403853,0.03990044913124863,0.07477487225897841,0.06470718638103642,0.06387648328545972,0.055356901949982856,0.05248237764124587,0.055811865159444404,0.04977543437568508,0.04514043080624399,0.04137196527242986,0.0483204304127623,0.03729433554994688,0.04362921517265415,0.04395752646164397,0.04761883849824901,0.03757398861151552,0.037461213947239724,0.0326319287910556,0.03326097251811421,0.020026110321024852
TATTT,0.07277625553129959,0.03776068079771214,0.0751421091498378,0.06579120837358597,0.06492011848305582,0.05523224702475066,0.05315088621649446,0.056165654388009266,0.046752222234660364,0.04521132646448378,0.04178072820034626,0.04948064375803166,0.03829472870473276,0.044068007614139905,0.04337039416657118,0.04774202904978189,0.037780573903995016,0.03861558525768239,0.03235610171837223,0.03339482133245452,0.02021367763000234
TCCAA,0.06780867134914281,0.040304547912696824,0.07242835988459477,0.06607921257135967,0.05968192475624559,0.05646101024267912,0.05380578411879336,0.05483953016069929,0.05395605447045298,0.046341156889745654,0.04428626232044418,0.047200937255079574,0.04237788884253137,0.04358530062018764,0.04420002933421236,0.04617663934905643,0.03747445628977403,0.03552454100805911,0.033531434248022865,0.03269369953308212,0.021242558843140247
TCCAC,0.06189301625871053,0.031665870120922,0.07165346659767192,0.06696878929047188,0.05818201905638626,0.05823055304747577,0.05672829365782513,0.055355752389813724,0.057139332440543214,0.048018824835002076,0.04610464422643172,0.04664098894978091,0.04541563804020097,0.0438613149146543,0.04402721292056027,0.045285566944081077,0.038156188383892224,0.03482428577378713,0.035388691968348075,0.032510891027600484,0.02194865915584035
TCCAG,0.058047837183901434,0.030038566882792325,0.07063645421352313,0.06832009890533394,0.05581907565626102,0.059612813530530766,0.05715640577099058,0.05428020664812395,0.05800501626889778,0.04800358768509524,0.04783620792616357,0.046519495289028365,0.049523547172361744,0.04427219023124392,0.04354826057417357,0.045021007257718106,0.03818588644600923,0.034284181307414036,0.03596383474835515,0.03226440048462052,0.02266092581746164
TCCAT,0.0684749776638736,0.03565504745373267,0.07315981734693304,0.06587024562331968,0.06016054936909702,0.05689914287509495,0.054747774177547816,0.055512872709365745,0.05445762163802347,0.04703216861949202,0.04407189755163361,0.04720712855749745,0.04124865715054881,0.04388940284257539,0.044022346853862734,0.04632913616787163,0.03776925312795165,0.0358361373749675,0.03391592012836185,0.032892085221070184,0.02084781754717916
TCCCA,0.05826081173187235,0.030897877683649298,0.07048147042453828,0.06836683003716966,0.05534882127707027,0.059178301876885546,0.05731519305672862,0.05446033477201389,0.057745872106949425,0.04827893400621778,0.04750121140203095,0.046757493065379706,0.04932156485638948,0.044301559845760646,0.04339882155210479,0.044813499094136316,0.03832443471655693,0.03443819699372271,0.03581762011132397,0.032155285488328786,0.022835865901170597
TCCCC,0.05749011284200149,0.027769698260935484,0.0704390088497703,0.06786632742714159,0.05515185799760297,0.05923762606689974,0.05904711272946338,0.05417541452930516,0.05821860512178661,0.049063278813013415,0.0475304896476622,0.04747371967857512,0.049767727341185175,0.04404464657521804,0.04347878355981768,0.04429343261621731,0.03895738946302622,0.03419605876159318,0.03654499971781986,0.03209039381995438,0.023163316181010713
TCCCG,0.04612176051392096,0.024452879229741112,0.06642587970249549,0.06854743788532885,0.05260608277286974,0.06303099751171672,0.06245805034542197,0.05240861541334879,0.05854274925147225,0.05189014200140465,0.04911489876636401,0.04966450003793708,0.05489787143804875,0.043808571445247066,0.04393405562937614,0.042192840981383595,0.039731794579472346,0.03342743025900325,0.039728876342632134,0.031857418838969746,0.02515714705384536
TCCCT,0.056993425715472786,0.031918397011145745,0.07130337517462673,0.06768234684504205,0.05587487653621535,0.0584291975156408,0.057320399537570885,0.055156373471499216,0.05687616443536966,0.04851457113353147,0.047437125118773335,0.047208280473182596,0.04780668330048783,0.04428292011692554,0.04391842268519444,0.045134113577547846,0.03854612799550112,0.034844621397887764,0.035594599858842106,0.03252519327744784,0.022632784822094888
TCCGA,0.04172655298416565,0.026415956151035324,0.06752436053593179,0.0702390377588307,0.05410170523751522,0.060015225334957366,0.060947015834348355,0.05244975639464068,0.055928745432399514,0.05134135200974421,0.04973203410475031,0.050583130328867236,0.054534104750304506,0.04346680876979293,0.0452968940316687,0.043010048721071864,0.039922350791717416,0.03450822168087698,0.03901948842874543,0.03312119366626066,0.02611601705237515
TCCGC,0.04245334346635807,0.01765391690343976,0.06529755684713238,0.07064675757601928,0.0526715777292237,0.0644080384824644,0.06318862107381275,0.052374495867625846,0.05808814004300778,0.0524107674902628,0.05002720371697771,0.05037955662259377,0.0582539531750624,0.04313041375558108,0.04409420258564853,0.04169682105135889,0.04046013144145156,0.03289663451158533,0.04113029285017229,0.03211247657457705,0.026625098235644643
TCCGG,0.04950673358645607,0.02425780265120606,0.0669818901735468,0.06839902973757457,0.05298437668836468,0.061801443967096525,0.0619318555834181,0.0523447387606922,0.05804931546321585,0.0516467261095234,0.048475860809818874,0.04956883435613301,0.054562978253552476,0.043294172587975056,0.04401578353162109,0.04277749418426292,0.03946379711430143,0.03353689965633434,0.03922036209716783,0.03202164087621702,0.02515826381152168
TCCGT,0.04137242825441005,0.027012731786211306,0.068145381201339,0.06898930868469552,0.05583790950464513,0.05981541730921127,0.06126701959604318,0.053530625869785985,0.05404779591529695,0.05188038327001918,0.049330970022943545,0.05152894271636514,0.05174638921277316,0.043428179185316135,0.04619151276939858,0.04316724338962651,0.03982914582314665,0.035166387708278485,0.038362263512242825,0.03380293940647685,0.025547024861774553
TCCTA,0.064685072879102,0.03716560185421645,0.07275327804038222,0.0667036620178286,0.05905132834685211,0.057031247961185826,0.05402042038996853,0.05564345627794457,0.053533155452427546,0.04647769336905864,0.0453339069663228,0.04723617884375423,0.04349165777821355,0.04411984555155446,0.044189188534249656,0.04627395175592463,0.037811311779098605,0.03582217476743072,0.033959980151503234,0.03303111971394901,0.02166576756903262
TCCTC,0.056559047072764095,0.03028839420654145,0.07185206294230045,0.06740199212551438,0.056601427539753,0.05829201846716671,0.05730387160179898,0.05510629824888295,0.056803465455657,0.04879733246623872,0.047462834887892706,0.04763235675584832,0.04776570908732203,0.044184924975612966,0.043873891318458764,0.04541712487502025,0.03841557944937057,0.03487193913775235,0.035972735232903806,0.03274219888860879,0.02265479526459173
TCCTG,0.055033512596129305,0.031307168695928145,0.07050292516104152,0.06839628026119278,0.055261707029993494,0.05908789136362619,0.05746645632240992,0.05431343991750189,0.05796613318824131,0.04873493933690021,0.04805747651541335,0.04673227605129368,0.049456029226971294,0.044389525073018826,0.04411612124165802,0.0452011467815769,0.03819527249851318,0.034352925805275436,0.036429167385307715,0.03240982590087071,0.02258977964713613
TCCTT,0.06357649157400352,0.03507123945211357,0.07309911232206089,0.06637001964143342,0.05945867966218848,0.05708328352605055,0.05446312966665992,0.05567276121705703,0.053581104584127716,0.047064766682083245,0.04544148959450674,0.04756554796269354,0.043779828912855985,0.04404313039844065,0.04464071809423561,0.046379744149916545,0.03779577674785677,0.035794346485413686,0.03402072534624245,0.03326611385650737,0.021831990123552303
TCTAA,0.06646459575237512,0.039629847634106416,0.07406926515179203,0.06622559231495748,0.06243343650074602,0.055597874071637556,0.05325913486846957,0.05576634664891854,0.04929882707179593,0.04573445387634401,0.04385384466924553,0.04843193868175258,0.04063202703768464,0.044217719788586955,0.04453767341775236,0.046868077155631474,0.0375541564797663,0.03717873994694797,0.03314357326008383,0.03371054519713696,0.02139233047426874
TCTAC,0.06416384310602413,0.035440563831877624,0.07272341651011023,0.06677777234840884,0.059524851665597546,0.05705002978644213,0.055126023161687875,0.05517343194915615,0.05347232979881416,0.04674963897584543,0.045191179054465,0.04788744987508408,0.04366390912484002,0.043958966446846534,0.04404505082409157,0.04612001700894217,0.03790582078022804,0.03606540333337838,0.034213341622940034,0.03306617372617474,0.021680787069045283
TCTAG,0.06449224987545626,0.03697499843728394,0.07301596622260274,0.06708124418716982,0.05879998560407026,0.056941205886419904,0.05457591674606527,0.055146071331831865,0.05374189992176949,0.04644600484536688,0.04583152594961046,0.04687977693885707,0.044485506518893714,0.04425233034112671,0.04395569842042555,0.045592667167998605,0.037532651294591865,0.035550180233251946,0.03389256469170927,0.03298467401743044,0.021826881368067933
TCTAT,0.06917643109481918,0.039954153466634404,0.07444839144047233,0.06525618384303483,0.062170144651454214,0.05556015591060987,0.05342394651908045,0.05566921458068338,0.050192123394648694,0.04653174577795627,0.042787025732679465,0.04901328435142139,0.03959932877949384,0.04425673444269693,0.0438872475784018,0.04647979977889437,0.037855367536794735,0.037085533416288674,0.032916587712006354,0.03319056096512315,0.02054603902680567
TCTCA,0.06052808371353013,0.03244194695530621,0.07255698797825003,0.06746970907185056,0.058948946738138816,0.05765598146161272,0.05563397070386468,0.05557142834064494,0.054554018716090676,0.047263563903871236,0.04640204862011007,0.04763154839890396,0.045172895016758356,0.044376229932498096,0.044407385722293906,0.04594405851011167,0.038092107130683305,0.03583331237048711,0.034364259185707666,0.03306379344126776,0.022087724088018106
TCTCC,0.05548025182344987,0.03133070914221717,0.07178806412190139,0.06776286978936502,0.05646398009867002,0.05833004196016912,0.05697532400410624,0.054930073252667945,0.05647259614982389,0.04851473638192532,0.04809367370814488,0.04754461897012216,0.04806632711100433,0.04418610720440482,0.04450427674556514,0.045295455008042274,0.03835978356978983,0.03488189579098409,0.035674322756527,0.032765468964796436,0.022579423446323063
TCTCG,0.048127316688405086,0.02935047661272445,0.0681888716470849,0.06858274089692895,0.05483649786310466,0.06001660024848819,0.06036200914560274,0.05339712227990494,0.05556443422538188,0.050337933629938186,0.048412923448108755,0.049846112603300456,0.05192578348533043,0.043598851386533174,0.04491140519556846,0.04328849891479742,0.03890232145711001,0.03442747186464096,0.03801456903795889,0.033180906621024575,0.024727152748062874
TCTCT,0.05744316878310806,0.03644586049203932,0.0730284143798866,0.06673857834212767,0.0578710307509705,0.05739732412008638,0.055854124222095604,0.055867573714209154,0.053696773958265706,0.04799179684438705,0.04684768476045808,0.04822076151541635,0.045949931161878343,0.04395500937972753,0.043978222685827364,0.04554224343218624,0.03773992148083046,0.03578774063275205,0.034548964815869984,0.0330602094965312,0.02203466503134637
TCTGA,0.05889789988282116,0.03646552303237103,0.07198554511545818,0.06763335197281616,0.05819725708432177,0.05806256217459716,0.055633353806959614,0.05488834766372539,0.05441502401925484,0.04736767170849775,0.046401995181246616,0.04727688160764508,0.04583799606988912,0.04430132775937139,0.04422268885888536,0.045539833125043415,0.037764669765910565,0.035289607811983786,0.03478028910227619,0.03283231412274409,0.02220586013418135
TCTGC,0.05295486799890632,0.028721088933053016,0.07099890076778304,0.06917348924601324,0.05634109532946579,0.05901423792520524,0.05748530454767299,0.055146927480136464,0.056647109736624075,0.04882452749596381,0.04827754453470367,0.047212614397792826,0.049263337922600556,0.044660881238939895,0.04409653373922705,0.045171427135905835,0.038763912446858464,0.03498584434285399,0.03625914894119727,0.032926153884255106,0.023075051954841382
TCTGG,0.05988051272974187,0.02973856503273562,0.07120972798483172,0.0681914206369921,0.05636157086984653,0.05944850452158591,0.05664645128257437,0.05464291321535109,0.05784522405925713,0.04785778429790166,0.04743652629399959,0.04653163410104792,0.04841941996897941,0.04415146387781368,0.04368070493339373,0.045188358578812995,0.03808634864062417,0.03424390063411205,0.03569880327726227,0.032260487949271034,0.022479677113865164
TCTGT,0.058791136887040796,0.03333441326259918,0.07232207422135431,0.06765131947638477,0.05857345226873421,0.0579168492080812,0.05644665898703484,0.05521408353956645,0.054223946145262256,0.047695591722669795,0.0465178014508789,0.047854941959565626,0.045508279932954594,0.04408304631786286,0.044224650526092396,0.045839539134725486,0.037871481258282616,0.03563748376238377,0.03516025209917318,0.03314730641676376,0.021985691422589
TCTTA,0.06547551278097755,0.034302588692186095,0.07456271086367358,0.06663535238012416,0.061978544183180564,0.056308360285169785,0.05397251856687364,0.05607908135096926,0.05037342572764237,0.04613498364581826,0.04469222843104554,0.049032222629702076,0.04193887878453272,0.043993378229857924,0.04474300448946175,0.046520166534029114,0.03768298690235149,0.03702604482825105,0.03330880825873305,0.033753063012087275,0.021486139423332728
TCTTC,0.06177868148978348,0.034228567980567545,0.07317783576417841,0.0665727146543779,0.059335450124602736,0.057171673005654934,0.05489705915502052,0.05557152921320587,0.05387570753159216,0.047369315766269154,0.04566817864636852,0.048036895441489966,0.04441708196809418,0.04386624506710101,0.04461542656343036,0.045943990833034506,0.038019656687653135,0.03571039405411136,0.03431105570805723,0.03345586074811644,0.021976679597290584
TCTTG,0.06472997587086361,0.034493627992077176,0.07310501613356923,0.06669213270375778,0.059476181371713115,0.05696230456770872,0.054574167978061576,0.055456204444843706,0.05400615080319378,0.04674448780207298,0.04535935798027031,0.047532980969238435,0.04375944956260558,0.04382808331501554,0.04464188352216228,0.04623556455302534,0.0378027553404148,0.0356096552054925,0.03417430879650185,0.03299653770543586,0.021819173381975848
TCTTT,0.06972378384008977,0.03823649555973757,0.07388616527083425,0.06608691363179045,0.062039876395177454,0.056559804567392555,0.053047710089389306,0.055783414482969126,0.05121694412499482,0.045731213375511164,0.04367856178994069,0.04807917683787979,0.04099518495626667,0.04358494506060321,0.04431068430266121,0.04634503172174928,0.0369677792875222,0.03629841967275923,0.033123624873294295,0.03316735925580569,0.02113691090363129
TGCAA,0.06728094650119208,0.03507263580322594,0.07298856441585193,0.0662849048476706,0.061217831488219604,0.056097920897706266,0.054493310618453805,0.05597548899660388,0.05284937165588633,0.04687534466033612,0.04404880928991378,0.04750443259910102,0.04123544047868821,0.044383445086641944,0.04462300806631295,0.047262646693851336,0.03772509900141053,0.036418018761149897,0.033410229458927944,0.033224529675970976,0.021028021002884846
TGCAC,0.049168945035045125,0.028464926993376875,0.07139753006870951,0.06939412955411836,0.05618792755363865,0.05795677930023039,0.06004758242176471,0.05537740666950485,0.055463481641912185,0.050092536127148445,0.049187310646124326,0.04755387762218884,0.04896471058894753,0.044635073095132094,0.04481363994020334,0.045144220939628915,0.03813718713185801,0.03558569482638523,0.03636944174737947,0.033247951681183614,0.022809646415519517
TGCAG,0.05285033456077979,0.029003960615223763,0.07052811215909911,0.06913643651909798,0.056520967967307476,0.05841659259066081,0.058045854467653694,0.055551299591224915,0.057017063585144336,0.04911939323416262,0.047973542752462364,0.04676990335470585,0.04831049658608274,0.04504423741524107,0.04443167490504466,0.04565531815835912,0.03864241092986959,0.0351163979901904,0.03622876053591959,0.032955240706393926,0.022682001375376203
TGCAT,0.060604082617103976,0.03103205228213314,0.07391551366985064,0.06731277808983584,0.0598976345478425,0.05614762027838181,0.05675045011001388,0.056185379466670494,0.052313599132650955,0.0485498276395502,0.04574730555993803,0.04836981290468556,0.043349743457049804,0.044803618559606975,0.044591991481058794,0.04663991520866927,0.037802216200916346,0.036952049050649124,0.0341463071952914,0.033508937951116195,0.02137916459698506
TGCCA,0.05727386698199322,0.0326871644312172,0.07115104851903876,0.06868423577099354,0.05620166218939439,0.05806256797086108,0.056390060356641195,0.054865732928208594,0.05637720378879758,0.04827641225277067,0.0473276634770291,0.046950702314742625,0.04786533173736076,0.044318402462659084,0.04415225604744931,0.045169408357230614,0.03832279149712755,0.03509084813459442,0.03521842484627336,0.032917758513437916,0.02269645742217903
TGCCC,0.05358152215499521,0.030522371208628853,0.06950813218917444,0.06899063777121284,0.05377730267814829,0.0602276349942152,0.0583559398330382,0.053994141596230505,0.05930085711837341,0.04945741273223917,0.048439312312051216,0.046346816752557814,0.05130054353593803,0.044036231281224025,0.04305941365505557,0.04406542113558124,0.03910043540837753,0.033844802131359764,0.0370352532126041,0.03181631575249255,0.023239502546502044
TGCCG,0.04141087733436571,0.02037755427210981,0.06745332585388207,0.07027128812479096,0.0528631286755314,0.06280763852128088,0.06284714266526559,0.05337668254733255,0.05716117954106719,0.05328187260176926,0.049916119534272475,0.0497396676911408,0.05529395033539018,0.04357570442472749,0.04389700479580308,0.042590734434708864,0.04024287147721796,0.03418161898516488,0.040001896198911265,0.03303731561440795,0.025672426370859636
TGCCT,0.05299198087902676,0.027976739859633174,0.07031933220887333,0.06966150765246044,0.05457019294640984,0.059566490267649305,0.05864713342578435,0.054399617209494315,0.05717069993254271,0.04874923150734841,0.049186235207965834,0.04713005034303244,0.05166744224516835,0.04445752535317165,0.04365553595566474,0.044514083320321134,0.03832671901435052,0.034775806279557654,0.036259969791088524,0.03261694100501575,0.023356765595440733
TGCGA,0.04717420647416173,0.028190722418336398,0.06801202833619678,0.06897694691658794,0.056421956685467844,0.05898156895024593,0.05991702436787705,0.05416618328665263,0.05428403593769278,0.05177966710308977,0.047555386142369684,0.05081843141804361,0.049146396931411596,0.04399955068676791,0.04567710951641743,0.04403453819254545,0.03937751702878735,0.03564858549197037,0.03795776087328814,0.033448055523330224,0.02443232771875938
TGCGC,0.03843355051114991,0.01446758101860755,0.06594872347135791,0.07125945185037039,0.05115037576634026,0.06260413381435527,0.06492565441804293,0.05332420519842155,0.057748786547795784,0.053841124299043856,0.0508965315651418,0.05159037238175091,0.05762417212175291,0.04335966646410412,0.04419042930438997,0.042011984523195975,0.0408258398012323,0.034573580203229204,0.04193198513857586,0.03306897639248929,0.02622287520865224
TGCGG,0.04053827951334943,0.019655149747830867,0.06657982168893563,0.07080305710256471,0.052484941558907185,0.06236405574013433,0.06394459449769344,0.05270304993187848,0.058886272916318094,0.05303170638430098,0.04998267084159954,0.04978099529124937,0.055637055716232044,0.04307789755479599,0.04478392332146187,0.042685003704854556,0.040614468054592824,0.033563293257164714,0.040484499366589384,0.0322008628725769,0.02619840093696967
TGCGT,0.04014371691483408,0.020431380104404626,0.06965201515610235,0.06977013550583033,0.055571610748722466,0.05993747649061001,0.06315424912155157,0.05433536087487041,0.053883521867173094,0.05234222332314975,0.04952568372186901,0.05166446481160378,0.05156928045211424,0.044203387187038416,0.04551991302672501,0.04456233543427004,0.039374214442334333,0.03579390636611345,0.03899462380388811,0.03415398306406481,0.025416517582730117
TGCTA,0.06384634504135252,0.02936872219000229,0.0740795469498555,0.0677968877170581,0.06053638875757236,0.05670008333861307,0.05484051133843762,0.05620706964866195,0.051733101999639354,0.047147821255732573,0.04545180737571094,0.04844322496064565,0.04358034378396292,0.044610623480045034,0.04488919863344169,0.04677021448727259,0.038147835876541886,0.03675924888028969,0.03345748024972342,0.03371227221997495,0.021921271815465892
TGCTC,0.05252954489613291,0.026463243002154368,0.07123568771889334,0.06917946578426268,0.05638774547332212,0.05916516083065538,0.05808085841110671,0.0547554298445113,0.05652994083232688,0.04909240336786944,0.04844373125311628,0.047151579080299176,0.04930393780653023,0.0449863239551949,0.04464716541339909,0.04517072571051202,0.03888917454505441,0.035290744288025824,0.03639916464832441,0.03321459155513654,0.023083381583171976
TGCTG,0.053478322009878745,0.025102462180326787,0.07127861684251632,0.0694855583790951,0.05623649891231176,0.05907888317054828,0.058391565867255,0.05524240079090779,0.05695540882018012,0.049085999820420986,0.04859013845162032,0.04704305098096225,0.04991132692264753,0.04474177915296664,0.044646051185720334,0.045053548277062865,0.038336556729153516,0.03500852525246767,0.0365588194912593,0.03295833149241088,0.022816155270287797
TGCTT,0.05878122746724401,0.028370565146656222,0.07389415338121809,0.06843063334460071,0.06000523789323699,0.057097824119780184,0.055490786766036616,0.05599111569041083,0.05230507999038603,0.04772479610997852,0.046840841778279116,0.04835607236527746,0.044833541285036194,0.044889918060964484,0.045371335030781,0.04648905548432319,0.038138948763445445,0.036458418117939734,0.03426750409120637,0.03400429277429277,0.022258652338906056
TGTAA,0.06416974392536885,0.03660015458917386,0.0740220981635558,0.06681624336915541,0.06215720819015038,0.05590044776178913,0.054711125009327184,0.0557962111412429,0.04972699119001197,0.0461528997431678,0.04399312266144002,0.04921520647110054,0.041343348023292044,0.04447300983526627,0.04465699031852547,0.046872160904887786,0.03779617013011351,0.037419949977814115,0.03337907213458941,0.03349754873062011,0.02130029772940743
TGTAC,0.06486972408552028,0.0331294064847466,0.07330941568780114,0.0669481335651207,0.0598807236889622,0.05678457266438423,0.05571595539834554,0.05563169248533802,0.052792645551122605,0.046877888730255564,0.045104279329512505,0.047620129160736845,0.04339017635251061,0.04428458969866583,0.04436362876531439,0.04660079774947614,0.03773161512698716,0.03629755573957627,0.03419461689446422,0.03290796082387779,0.021564492017281393
TGTAG,0.06160808025153302,0.032195287593577905,0.07191501303443228,0.06736649643780342,0.058614855140993904,0.05754321510513894,0.05597353229003051,0.05502181999599784,0.05398101852232575,0.04717803170478313,0.04617012469743944,0.047793261020331525,0.04609319961732771,0.044483597996727,0.04405322872893041,0.045842379311573644,0.03775119722151408,0.03616215464236862,0.03505402230793058,0.032974646590077386,0.02222483778916292
TGTAT,0.06568767750652045,0.034826953846707254,0.07447955283443643,0.06592090163905329,0.06124316627259559,0.055358368817874315,0.05585499067695109,0.055669807639196704,0.04989529171239051,0.047309947180827865,0.04408279255547622,0.05022507134575886,0.041031946381405116,0.043976297517789996,0.04437920374370289,0.04663110047948799,0.03756813611675075,0.037486608249010955,0.03393570870909318,0.03345624438386586,0.02098023239110468
TGTCA,0.05768293545673927,0.0326720666867817,0.07265372129148197,0.06798226652098383,0.059042665439609246,0.05670958344343191,0.05613092347962688,0.055733510458507905,0.05359558259327944,0.04810632468689175,0.04597278060926787,0.04776469158391386,0.044346093077787745,0.04456361964202898,0.0451947338919992,0.0468291308430598,0.03832155958837141,0.03627055164978556,0.03494014769433935,0.03359356907428313,0.021893542287829214
TGTCC,0.05617815044161268,0.03496491460605296,0.0699518313303421,0.0682189870828048,0.055051429064194905,0.059005600071400426,0.05705681567956115,0.05424143172751583,0.057772416831549475,0.04862752028497711,0.04690940326174305,0.046439374139100584,0.048156249107272925,0.04422478996405315,0.04379628096775962,0.04479790965681841,0.03859703847939812,0.03458945910453863,0.03650115928096368,0.03241000734409415,0.02250923157424624
TGTCG,0.04888262073088124,0.024531427653090496,0.06971473372594432,0.06904636384254106,0.057149379917963226,0.058905165072341656,0.06000910184605264,0.054193532883047284,0.0553981006279673,0.05156661394805339,0.04724398805044766,0.05106345909200825,0.04856120240493002,0.04416648267720438,0.04570148047684061,0.044164980722410214,0.03942631334682089,0.03520732233001251,0.0376434930061475,0.03363627761531633,0.023787960029979016
TGTCT,0.05723445181900061,0.03264707595657064,0.07233148270129544,0.06789137119898388,0.05805670600532744,0.05797238268773039,0.056903472613456615,0.05500467037118961,0.054455754088764345,0.048113683311763675,0.046826225122075314,0.0480357758987664,0.046308064445826747,0.04433339158567351,0.04435946256309482,0.045492226164099696,0.03803755605769344,0.035566923588001974,0.035209771565281114,0.03310128126633255,0.022118270989071778
TGTGA,0.057210180578726295,0.03124098338960419,0.07272971712912236,0.0678975862576447,0.059022554021814465,0.05711182036459265,0.05694253205634755,0.05563320438177454,0.05403176169939759,0.04820812032765814,0.046522527763591476,0.04787325075441419,0.044997079467762505,0.044427924761356,0.04497397223152759,0.04613637742544117,0.03818081548278739,0.036159117664394703,0.03524743216203535,0.03344247280543967,0.02201056927456747
TGTGC,0.04934646738856474,0.027703975637116164,0.07162259709901017,0.06969815913974448,0.05625582641109207,0.05823504187622703,0.0595241615849048,0.055390476241685076,0.05528915465874286,0.05027936527993322,0.04917911034609302,0.04773658001514951,0.04889749347542775,0.04455259547920908,0.044985942680549014,0.044977541222593606,0.03836912242402898,0.03558084655778825,0.03629765895054364,0.03327481437818793,0.022803069153408607
TGTGG,0.05345833543077194,0.029569689495188477,0.07110054701198897,0.0689000717324004,0.05573549830946448,0.05830748240249008,0.058627997239770795,0.05481970417725873,0.05736979625481362,0.049323890664720246,0.047983103034574176,0.04730812107254621,0.048724154312753266,0.04429921429949745,0.04471909529083084,0.04467282055154246,0.03821690451620481,0.034859691844319717,0.036639761772922906,0.03266734413933704,0.02269677644660341
TGTGT,0.04986135024201527,0.028037678781241627,0.07369999929264728,0.0678814768995569,0.05722989521000871,0.057000839449394346,0.05984359223841996,0.0559738553235969,0.052715777226221575,0.05083640432718134,0.048585700008033916,0.04979274277969718,0.04721320571156836,0.04436602477954318,0.044701643513900546,0.04573253820754177,0.03775267947220446,0.036397495189282696,0.03597532638720637,0.03385361329855305,0.02254816166218456
TGTTA,0.06687769706451348,0.034265181418121606,0.07489695221290163,0.06678166806375525,0.06320408763446561,0.05573433176819399,0.053882772597324394,0.056244652551737294,0.049356572351516824,0.04610192278067977,0.04370970032949951,0.0492035261315584,0.040032256408101916,0.04408331316057449,0.04500809244391806,0.04724843569424633,0.03793212216756127,0.0376447020333474,0.03299146342195343,0.03381621249617384,0.020984337269855498
TGTTC,0.06447119957234992,0.035944561693383226,0.07343235469038181,0.06666556745786559,0.060280176752775215,0.05648891881822326,0.054508028852495435,0.05566639244299734,0.05293384614316558,0.046751953699011174,0.04470901628911737,0.0476751444591777,0.04223058970816585,0.04423375311538916,0.04487230664917189,0.0467013322410669,0.037671621205704775,0.03603018427367754,0.03396598585144714,0.03337241309886631,0.02139465298556681
TGTTG,0.06748098392626672,0.03859395973610735,0.07291659583380367,0.06556897262202178,0.060614661518647514,0.05626758638322642,0.0541551124100536,0.055215769367291404,0.05332415792759136,0.04641907577733684,0.044140954904059435,0.04792893775185333,0.041750226778494194,0.043390919884291966,0.04452379236201871,0.04637011610242908,0.03737581582458292,0.03568752303484705,0.033965774467257535,0.03326211513955547,0.02104694824826363
TGTTT,0.06546939206022324,0.03983796663385454,0.07351684538529679,0.06657319137083617,0.06165299708029424,0.05594136745696206,0.05407545617586572,0.05569924659640336,0.04999507707280164,0.04604425257297732,0.04417597769592678,0.048579578545728155,0.04199356614408791,0.04363759485498342,0.0443862638734773,0.04676647886173355,0.037076474073235874,0.03654377863505731,0.03339923580511058,0.03341031516114591,0.02122494394399814
TTCAA,0.06949811928300538,0.03798982663735204,0.07384254270788623,0.06618106102167018,0.06245842931924671,0.05613305960807302,0.05367848663917873,0.05575769225488446,0.04994116976358662,0.045615371436383056,0.04331266464854978,0.048559927744172345,0.04071064298971023,0.043681226677587025,0.04414172027849297,0.04694969253664876,0.0375840144129602,0.03703696186451555,0.03286876051765832,0.033157091356701064,0.020901538301737327
TTCAC,0.06018253844010386,0.03338622638651998,0.07341485314933573,0.06736292076083622,0.060547753825148216,0.0565544406928668,0.05526033168627999,0.056199248684158494,0.05256914626165422,0.04717584082003611,0.04528324512458419,0.047935248259896306,0.04310598554118852,0.04459801066961074,0.04512760942656628,0.0466028681800264,0.0382105685386628,0.03663872088596441,0.03410116648408935,0.033790077331259646,0.021953198851211726
TTCAG,0.06128352717956466,0.03612160702042528,0.07283948230224159,0.06713200010232036,0.059567859831683015,0.05719455602874049,0.05495527747850942,0.05566683627986731,0.05283573295780643,0.04708753878595939,0.04568976108317384,0.047520478782397395,0.044055037301893925,0.04446467900171362,0.044464919190338556,0.04643098317971069,0.037700006569158895,0.036035499398387544,0.03402115749540429,0.03306520676817919,0.021867853262524127
TTCAT,0.07043494557084673,0.03855591933362579,0.07426382657591593,0.0656676688595776,0.06311434741804323,0.055616410514772126,0.05328709591593367,0.0561942558814643,0.0502008143739402,0.04573630346550961,0.04263418623379372,0.04825879250453808,0.03883383044464834,0.04422782292930266,0.04437768518502011,0.04728232821973393,0.03770886724165252,0.03722865781622902,0.03273090244659309,0.03327602771266676,0.020369311356192587
TTCCA,0.06671968577093855,0.035572786469224175,0.07274199141753693,0.06654825756996859,0.05989922402434982,0.05707815138544914,0.05438493251329791,0.05534261355417849,0.05413942777415307,0.04662932089669384,0.04499113472821828,0.04722735343659341,0.04346666720514748,0.04385841199670067,0.04416800303788202,0.04584593759269531,0.03761015696680276,0.035597762059570076,0.033929605182679436,0.03287531643275875,0.021373259985161312
TTCCC,0.05956444044587696,0.03085619326287234,0.07182715733491808,0.06735586929636676,0.05733794452537875,0.05802384558559525,0.056379939113556106,0.05529124657634123,0.05563681084895732,0.04796011153802239,0.04681598014656217,0.047518526619591786,0.046952169887760395,0.04422699940984445,0.044432797240988434,0.045579404809561345,0.03831031176445503,0.03532129085864193,0.03512360938581178,0.03285061636175297,0.022634734987144516
TTCCG,0.045624429374227976,0.028386038404640195,0.06769391511529692,0.06905243165917224,0.05565889883262783,0.059137580009667075,0.059738110233913844,0.05312007186833253,0.05411851439563713,0.05124524580239138,0.04858558043931471,0.05130261352706536,0.05189093785244533,0.0431026906683462,0.04600891518853231,0.0435640736455114,0.03959105356436659,0.03510904750047603,0.03823375761037794,0.033533265956771585,0.025302828350885417
TTCCT,0.0614693569619209,0.03356178273018797,0.07323756560473213,0.06691493639735072,0.05927041694879136,0.05725475773938209,0.05479958549151564,0.05581927292599683,0.05378831883470185,0.04735493062310318,0.045832230612448316,0.04778189842136197,0.04434355741767401,0.0441143060419939,0.0446788418509213,0.04640802276703317,0.03782080585123751,0.03581571557706387,0.034315528257723917,0.03337893155798135,0.022039237386878022
TTCGA,0.05973120123108833,0.03403294929526645,0.06836220090491682,0.0677218055802806,0.05672158215877742,0.057948608275197946,0.058101538501976746,0.052904300326290975,0.05448258805734406,0.04819333248106592,0.04629365232029802,0.05006553299170951,0.04879191094681732,0.04276311466302183,0.04453256517754841,0.04356838788840395,0.03751450148927756,0.03547025447350782,0.03653718175876929,0.03267210923041448,0.023590682248026542
TTCGC,0.05235754361445588,0.032086263516543,0.06905605351278644,0.06904191592578979,0.05741476044868662,0.05776012150246196,0.05789543840657277,0.054478181663953594,0.053908638873517066,0.04969967725908542,0.04646620914742272,0.050384340400780395,0.0473084054013661,0.043321605868310395,0.045868391182992886,0.043963856249015415,0.03885008906679808,0.035560070607148775,0.03672743136201513,0.0335767691170471,0.024274236873250473
TTCGG,0.0558789962583609,0.037517516360642,0.06838833722293944,0.06697914847175909,0.056622333474733756,0.05873151999327582,0.057402443556934246,0.053169624036846413,0.05483359621554678,0.049259880409387065,0.04640735667447215,0.04958820956856235,0.04847057711072966,0.042743203258075915,0.044778844044962705,0.043325002528134524,0.038610195802377366,0.03428938406763055,0.036198946457394035,0.032915654865641145,0.023889229621594076
TTCGT,0.05708071614266214,0.03168155326608404,0.07099010517849759,0.06687585312392032,0.06079623011265484,0.05645995344279751,0.056412376739523214,0.05531018311366867,0.052076100069665884,0.04872307526747736,0.045498054452669676,0.05103394371222891,0.043769434233703566,0.04380341759318521,0.046184518314198814,0.045328137655261475,0.03856205078246685,0.03668956767502846,0.03529851549357998,0.03399468726813437,0.023431526362591118
TTCTA,0.0695175860481853,0.037797521014753324,0.0745415573967426,0.06605057683838961,0.06242765042971148,0.05563518518359373,0.053231973240188975,0.055913994599863064,0.049844273093761854,0.0456865629698617,0.04356670291230001,0.048355816306950135,0.04009613338851411,0.04400290276082707,0.0444598506460558,0.0468054837183772,0.03745217055770109,0.03703291289298961,0.03297305001909679,0.03360764529549317,0.021000450686643385
TTCTC,0.061511819710569564,0.03442097905586735,0.0732069560014959,0.06689633713243645,0.05993845717558449,0.05712258361499307,0.054556868536920294,0.055592445880378594,0.05334899794712496,0.047002930702060644,0.045887367279411874,0.047997707065729873,0.04399789814358572,0.04392407260837331,0.0446866671588369,0.046315777567197146,0.038105691302412724,0.035982525465517466,0.03424656496652148,0.033412770686475475,0.021844581998506724
TTCTG,0.06320820013538711,0.03604586722612671,0.07282343677948866,0.06707826544454967,0.05964817818522253,0.05716520612859313,0.054635523889994986,0.05552509939039592,0.05387539714970124,0.04672511836414425,0.04564028344028094,0.04729912856543073,0.044009953251798115,0.04378002328629304,0.04436037014017219,0.046144590463048175,0.037517962147009976,0.03550978641678771,0.03428301047484883,0.03301441262579839,0.021710186494927692
TTCTT,0.06965037089251817,0.03836099481856511,0.07415442485860996,0.0657914825698774,0.062158101237754886,0.05631390467239371,0.05287685796856635,0.05589861195122222,0.05098912168566244,0.04571613452573545,0.0434029183475504,0.04807340692442069,0.04051683900190037,0.043642184638164806,0.044543881847831666,0.046663277116008366,0.03717346137949684,0.03644527688210026,0.03311116032706915,0.03343470233077252,0.021082886023779245
TTTAA,0.06655791895863129,0.032861594962760504,0.07508965366532233,0.06746831747916235,0.06431229645478667,0.055465571198627515,0.05435132168827759,0.05611895439119494,0.04664926051014933,0.04588155768249148,0.04382567967997025,0.0502888976227713,0.040838284194372736,0.04453605960929104,0.044709088329449295,0.047199005859492854,0.037590285603390776,0.03831297813249662,0.03275950638705921,0.03387791445760144,0.021305853132700472
TTTAC,0.06655514874996393,0.03725835662988443,0.07433662115988818,0.06673422242138156,0.06304292845709786,0.05568410385933466,0.05399232444415023,0.05618873516277033,0.04892818891169037,0.045690095613458874,0.04347093999249758,0.04907042942036144,0.04014848686991104,0.04452060026173611,0.0445737282798913,0.04715238914830525,0.03753825471914289,0.037571353644191646,0.03304460886406187,0.03339970092150802,0.021098782468772437
TTTAG,0.07081199506688338,0.041084524537033554,0.07417050877153389,0.06582533457177513,0.0629077096836383,0.05569182446990458,0.05292288339810962,0.0557744265900945,0.04904294380976024,0.04506948682105298,0.04318512595422043,0.04827577661849636,0.03962320452860224,0.04371923716351989,0.044281816603527674,0.04686475540110926,0.03710974001425182,0.036694516856511414,0.03250054170765428,0.03351020512319,0.02093344230913047
TTTAT,0.07176053803001474,0.03651469796087775,0.0748744719530238,0.06570141267912444,0.06436967793743126,0.055808099853945185,0.05357451832278833,0.05607391135465649,0.04804127903445636,0.04554135055496087,0.04231596703294854,0.04929782163076847,0.039025564870474455,0.04414398523266041,0.043568455525796565,0.047279949000908275,0.03769069393553547,0.038079428912978594,0.032546572087237574,0.03333192077149742,0.020459683317914992
TTTCA,0.06960479570541347,0.0396543924976128,0.07416258580846789,0.06586458955086393,0.06340193567546173,0.05548726222869747,0.052989475189559605,0.056265333269477934,0.04916814855939271,0.04556809421248252,0.0428371334118577,0.04835323054201141,0.03910473462702719,0.04410402196651076,0.044377565542154704,0.04727752733364899,0.03754145165852812,0.03743919415757386,0.032658037111094204,0.03344420115707124,0.020696289795091773
TTTCC,0.06636826042726347,0.035283602334208915,0.07333485168258402,0.06645146596620155,0.06095747103748804,0.056423376505063697,0.05367627781742356,0.05612132622745884,0.05252212994032887,0.04642403445640566,0.04471487931654039,0.04797902653568374,0.0421659758177576,0.043689791125754746,0.0449097341370462,0.04657536326505823,0.03758177576006033,0.03611373448120537,0.0337054301230369,0.03342402939524149,0.021577463648188355
TTTCG,0.061222448037058966,0.044489142080704695,0.06913423987584967,0.06620032736042103,0.05871315014023916,0.056640100139250325,0.05573968448225518,0.05355262836448919,0.05157846121988872,0.0475521839732993,0.04440654581242737,0.04975320002373189,0.04432976618276111,0.043136191939767546,0.044955636497313295,0.044750890818203284,0.037277673530688005,0.03600615633030597,0.03504990094264445,0.03302454737826648,0.022487124870434375
TTTCT,0.06810494030820784,0.03757335617479798,0.07399488030495179,0.06638300662348713,0.06212927469584353,0.056408974414263804,0.053187981958234855,0.05582093292142964,0.050661559827539,0.045769473008936384,0.04392850518718863,0.04814805205338853,0.04132623312528948,0.04379994598175932,0.044436664664649225,0.0467308036855353,0.03716687534163148,0.03658654740112307,0.0332691939770246,0.03337145698134337,0.021201341363375047
TTTGA,0.06917751649162195,0.037735683427617364,0.07365674385930993,0.06652884317458886,0.06211138928442579,0.056033312594062315,0.0536357430444419,0.05562344015195842,0.05040661578771859,0.04574943745495007,0.043651956956674356,0.048435391607542046,0.04116801291304104,0.04375166151689001,0.044140834425296954,0.04692497589479695,0.03729459912318509,0.036728342245873395,0.033034396664405614,0.033190455976047493,0.021020647405551877
TTTGC,0.06628964100626998,0.03453039057661132,0.07323886243609126,0.06710667909737274,0.06104856153461819,0.05647685151324096,0.05426228481191768,0.056050664694048166,0.051767039680430865,0.046707112752491,0.044611822811209734,0.04799292548396584,0.042177681944893214,0.04417082283682414,0.04473079096385189,0.046664679235011636,0.037563075494936836,0.03614024107792861,0.033527879438198745,0.033365397642177747,0.02157659496790946
TTTGG,0.06734887120915986,0.0399312791760613,0.0723991761425764,0.06654853370091456,0.05954272306264857,0.05658419202613911,0.05379609147773901,0.05514467668879215,0.052976577364646824,0.04622095157107193,0.0446865691885553,0.04747441574218922,0.0430055048285675,0.04359629665471113,0.044223409732419054,0.04605445800183841,0.03702062615297749,0.03541791917835741,0.03360795247453131,0.032898164100430546,0.0215216115256729
TTTGT,0.06850642401131402,0.040552396691095095,0.07347403213564008,0.06613527320575797,0.06173192268140287,0.05621679038698555,0.05343023813256826,0.055388049428489926,0.05059126503857531,0.045659423629300123,0.04382897673331568,0.04804104274170032,0.04144164763536413,0.043556562839303,0.044131843883602265,0.04652567602065397,0.03691109132178156,0.03624825716569482,0.033453298543660255,0.03317874340506582,0.020997044368728977
TTTTA,0.07118593022287377,0.03868528289210006,0.0747663029443794,0.06613057183549498,0.06449250558861652,0.055223301366700436,0.05328637040779989,0.05593314869018578,0.047047211758389135,0.04503704812419983,0.042734023600748024,0.049385561099473084,0.03917438501133082,0.04411601982573974,0.04405430611272233,0.04721950750921151,0.03717601958698307,0.03789110280240993,0.03230314948673948,0.033435288948281745,0.020722962185620468
TTTTC,0.0706149198559457,0.03908927203845109,0.0740769321691453,0.06601770900254182,0.063037566258052,0.05577717189669133,0.052660366618550725,0.056155755520511455,0.049575991075589375,0.04530118386681431,0.04310187970951163,0.04831651800276387,0.039844466674462425,0.043673384750639005,0.044488704589099475,0.04709728620716809,0.037129758550758535,0.036937073846846746,0.03281620924959171,0.03337635204773657,0.02091149806912883
TTTTG,0.07301483905672998,0.04221106186643546,0.07319287686100344,0.06558497702897319,0.062068045633786775,0.055931177971984235,0.05284261632404972,0.0553007830426337,0.05060830413139837,0.044951682033943716,0.04307211742892162,0.04782991836904423,0.040577098129872646,0.04330335907120873,0.04382751232714666,0.04641001500414633,0.03666831756266993,0.03609087746741099,0.03294197386903041,0.032869928734247496,0.020702518085362363
TTTTT,0.07054470274039219,0.045423367535072805,0.07216130382516875,0.06569149705337178,0.06099217043530643,0.05609388251513333,0.0536886866439692,0.054528763477380185,0.04903541438268246,0.044910977373903614,0.043423547215922995,0.048575356876709365,0.0427023124957824,0.043163180104777106,0.04326634672457931,0.04521436095549707,0.03670779316676481,0.0364931158660378,0.03337737863461834,0.032604783382907586,0.02140105859402246
