,X,Y,1,2,3,4,5,6,7,8,9,10,11,12,13,14,15,16,17,18,19
B:AACAA,1184,0,2087,2804,3332,2104,2170,2430,4032,3161,2167,2807,2380,907,1285,1786,810,2649,1019,885,517
B:AACAC,664,0,1322,1616,2198,1179,1469,1565,2786,2351,1285,1739,1573,485,677,1134,531,1660,709,495,319
B:AACAG,874,0,1627,2251,2689,1592,1802,1934,3505,3024,1774,2075,1964,703,828,1418,695,2123,1001,608,470
B:AACAT,881,0,1385,1795,2366,1358,1491,1706,2831,1871,1429,1951,1624,592,822,1355,513,1855,715,592,326
B:AACCA,761,0,1493,1858,2147,1421,1506,1626,3315,2788,1556,1808,1765,539,735,1220,569,1900,787,625,400
B:AACCC,575,0,1068,1426,1595,959,1189,1137,2520,2244,1151,1358,1367,446,485,839,430,1303,671,442,326
B:AACCG,78,0,194,242,304,163,222,191,444,438,209,227,248,83,102,149,101,230,149,79,77
B:AACCT,633,0,1193,1450,1764,1070,1251,1364,2500,2165,1222,1505,1443,478,635,986,481,1410,698,436,323
B:AACGA,94,0,215,270,355,211,222,256,430,387,225,293,228,88,109,176,93,285,126,87,72
B:AACGC,76,0,188,243,320,167,193,198,386,401,206,223,223,70,80,124,84,235,124,74,70
B:AACGG,79,0,205,263,326,184,229,219,465,466,236,262,238,96,90,138,94,256,151,87,77
B:AACGT,98,0,233,285,414,206,286,269,452,463,223,299,269,104,120,175,96,340,175,82,75
B:AACTA,667,0,1016,1385,1691,1013,1002,1239,1883,1338,1010,1329,1149,443,575,868,358,1385,521,371,237
B:AACTC,638,0,1233,1658,2007,1250,1383,1454,2939,2513,1343,1572,1668,528,635,1048,511,1582,707,496,378
B:AACTG,705,0,1423,1911,2400,1301,1587,1679,3055,2574,1480,1802,1713,658,745,1252,569,1900,774,539,389
B:AACTT,788,0,1393,1886,2284,1424,1414,1600,2721,1915,1413,1775,1536,594,824,1222,508,1783,757,564,330
B:AATAA,1272,0,2071,2620,3324,2010,2141,2424,3888,2584,1878,2596,2163,907,1197,1748,650,2611,993,869,421
B:AATAC,589,0,956,1268,1693,935,959,1186,1928,1221,927,1272,1020,404,631,839,335,1275,476,409,203
B:AATAG,693,0,1002,1272,1555,941,1032,1242,1996,1232,983,1402,1132,398,568,898,374,1352,468,448,231
B:AATAT,1145,0,1541,1984,2640,1453,1516,1806,2743,1467,1389,2223,1556,634,1010,1260,535,1901,686,655,269
B:AATCA,778,0,1190,1496,2046,1126,1264,1439,2398,1746,1189,1586,1377,511,687,1186,412,1515,636,571,289
B:AATCC,527,0,935,1259,1499,1001,1077,1131,2306,1803,1040,1250,1222,372,507,932,396,1205,510,383,302
B:AATCG,83,0,155,182,219,120,147,131,315,237,161,192,185,54,81,112,58,174,100,55,46
B:AATCT,740,0,1239,1590,1949,1238,1323,1441,2497,1778,1313,1624,1382,485,723,1147,421,1624,600,518,344
B:AATGA,1038,0,1518,1946,2556,1335,1688,1841,3134,1985,1491,2188,1841,728,867,1379,585,2025,712,596,313
B:AATGC,644,0,989,1331,1666,890,1134,1346,2109,1552,1027,1366,1300,431,525,955,414,1401,574,447,248
B:AATGG,838,0,1275,1544,1915,1185,1387,1459,2786,1928,1269,1776,1543,533,680,1095,492,1535,662,558,337
B:AATGT,913,0,1521,1973,2604,1350,1570,1894,3057,2064,1444,2039,1690,677,945,1315,577,1911,757,638,329
B:AATTA,932,0,1373,1887,2422,1322,1443,1716,2370,1541,1324,1842,1487,546,841,1283,459,1832,610,555,245
B:AATTC,812,0,1167,1520,1781,1088,1340,1453,2395,1514,1139,1611,1363,481,707,997,453,1523,588,531,248
B:AATTG,686,0,958,1197,1484,942,1014,1140,1864,1104,928,1300,1021,402,556,924,362,1201,407,410,208
B:AATTT,1302,0,1837,2390,3083,1710,1961,2293,3261,1935,1683,2468,1833,793,1187,1708,592,2373,858,692,340
B:ACCAA,675,0,1257,1610,1885,1187,1325,1446,2879,2323,1310,1549,1542,520,642,1054,507,1545,653,504,332
B:ACCAC,585,0,1172,1575,1793,1178,1349,1324,2758,2871,1315,1378,1521,522,622,945,506,1541,932,457,389
B:ACCAG,654,0,1353,1813,2058,1330,1637,1545,3406,3368,1598,1695,1890,567,696,1147,593,1692,936,570,527
B:ACCAT,650,0,1245,1449,1749,1135,1270,1308,2686,2171,1217,1599,1477,480,544,1041,476,1518,627,467,335
B:ACCCA,732,0,1354,1790,1990,1294,1667,1465,3481,3240,1531,1962,1876,546,617,1111,602,1652,927,567,426
B:ACCCC,490,0,958,1328,1396,914,1158,1055,2486,2554,1123,1348,1339,431,442,731,451,1095,824,392,318
B:ACCCG,85,0,230,375,366,245,316,216,594,733,278,262,338,118,112,154,115,288,202,89,114
B:ACCCT,616,0,1176,1619,1778,1132,1447,1272,2938,2875,1390,1557,1672,516,524,979,536,1569,858,517,418
B:ACCGA,73,0,209,253,328,177,247,187,449,508,202,246,304,105,108,144,108,245,145,88,71
B:ACCGC,62,0,201,286,318,192,239,175,424,584,202,259,282,89,94,133,115,225,173,50,82
B:ACCGG,59,0,212,300,288,188,231,187,506,508,202,214,288,81,107,132,106,230,191,81,96
B:ACCGT,82,0,223,258,367,225,277,216,486,550,239,268,263,109,120,155,100,274,164,97,75
B:ACCTA,512,0,797,1018,1264,803,910,956,1806,1492,860,1082,1085,340,403,717,322,1032,460,333,232
B:ACCTC,516,0,1140,1441,1642,1087,1258,1208,2695,2815,1264,1384,1522,451,537,900,502,1384,735,436,339
B:ACCTG,699,0,1338,1970,2192,1357,1761,1549,3448,3604,1614,1776,1912,630,721,1131,633,1763,1074,567,482
B:ACCTT,684,0,1186,1617,1836,1174,1404,1426,2861,2303,1323,1479,1549,544,672,1022,523,1471,683,486,368
B:ACTAA,649,0,965,1319,1768,983,1039,1150,1813,1314,1042,1301,1041,448,577,882,367,1324,480,405,234
B:ACTAC,399,0,695,979,1131,659,725,794,1549,1142,742,858,831,305,392,601,301,961,395,218,166
B:ACTAG,467,0,772,1037,1276,689,792,934,1523,1252,826,982,943,327,404,722,309,994,444,286,192
B:ACTAT,604,0,915,1143,1425,891,910,1033,1776,1164,834,1105,1036,374,515,836,322,1186,472,374,185
B:ACTCA,752,0,1429,1944,2321,1436,1728,1605,3456,3256,1570,1894,1892,651,786,1189,642,1802,890,646,404
B:ACTCC,542,0,967,1311,1510,949,1151,1127,2450,2195,1202,1308,1350,460,506,788,430,1209,699,398,330
B:ACTCG,74,0,243,308,412,214,282,227,488,598,255,220,279,99,107,170,98,304,184,78,82
B:ACTCT,668,0,1337,1773,2268,1279,1493,1657,3139,2620,1464,1792,1779,577,677,1149,557,1839,784,558,373
B:ACTGA,778,0,1472,1937,2495,1391,1699,1762,3377,2832,1625,1846,1825,715,786,1274,615,2054,842,557,420
B:ACTGC,537,0,1164,1674,1932,1071,1418,1377,2551,2647,1332,1314,1417,520,593,979,515,1552,873,468,377
B:ACTGG,651,0,1324,1820,2032,1209,1601,1556,3243,3059,1497,1718,1767,573,670,1072,562,1708,824,532,442
B:ACTGT,690,0,1533,2120,2711,1421,1688,1793,3412,3161,1657,1974,1816,663,847,1349,680,2057,902,585,431
B:ACTTA,592,0,1037,1397,1838,1060,1085,1288,2002,1507,1071,1414,1180,460,619,937,399,1413,592,453,229
B:ACTTC,700,0,1193,1557,1939,1172,1239,1441,2540,2148,1309,1509,1460,555,614,1068,524,1605,709,472,324
B:ACTTG,655,0,1208,1764,1959,1188,1417,1388,2745,2335,1408,1508,1564,521,642,1011,522,1546,700,508,352
B:ACTTT,957,0,1703,2202,2717,1561,1700,1913,3136,2241,1711,2039,1874,685,991,1492,637,2141,852,627,403
B:AGCAA,847,0,1610,2006,2567,1449,1815,1933,3404,2950,1729,2125,1982,665,856,1350,692,2110,881,671,399
B:AGCAC,579,0,1297,1841,2199,1322,1710,1524,3214,3430,1526,1564,1764,579,687,1206,627,1847,1023,530,386
B:AGCAG,879,0,2135,2845,3234,1890,2462,2285,4687,5243,2360,2552,2654,865,988,1644,935,2644,1467,778,698
B:AGCAT,799,0,1348,1789,2223,1215,1495,1727,2958,2506,1497,1799,1733,572,796,1184,598,1779,768,518,357
B:AGCCA,885,0,1807,2444,2757,1744,2210,2044,4402,4644,2133,2330,2461,811,863,1528,873,2437,1197,775,699
B:AGCCC,553,0,1255,1826,1932,1299,1734,1418,3215,3782,1629,1603,1854,571,574,1019,638,1615,988,509,490
B:AGCCG,98,0,351,468,524,316,409,334,722,970,358,360,477,152,146,238,177,355,250,131,142
B:AGCCT,761,0,1582,2280,2484,1579,2029,1833,4053,4230,2033,2038,2244,701,762,1370,791,2144,1092,649,556
B:AGCGA,104,0,239,361,378,235,274,241,503,539,242,312,340,130,143,141,98,283,199,92,82
B:AGCGC,70,0,310,429,389,283,347,267,568,801,297,283,397,117,141,174,130,277,232,89,113
B:AGCGG,85,0,305,420,427,281,331,299,619,816,309,375,384,131,136,202,141,342,255,98,114
B:AGCGT,76,0,224,294,418,198,260,222,521,599,281,282,319,104,106,184,96,316,197,101,77
B:AGCTA,658,0,1079,1442,1791,1008,1272,1312,2403,2020,1245,1574,1367,451,559,969,481,1440,567,504,284
B:AGCTC,670,0,1340,1831,2184,1280,1725,1521,3271,3255,1606,1828,1797,613,613,1180,588,1723,936,561,450
B:AGCTG,798,0,1866,2690,2930,1708,2234,2087,4442,4806,2228,2402,2406,818,854,1591,835,2383,1336,754,609
B:AGCTT,780,0,1471,1813,2276,1301,1605,1689,2949,2879,1566,1878,1786,610,769,1239,558,1810,835,581,389
B:AGTAA,746,0,1173,1607,2137,1166,1220,1436,2179,1584,1214,1545,1280,506,689,1017,446,1583,614,456,281
B:AGTAC,516,0,746,1117,1184,772,893,848,1541,1406,863,941,951,373,413,693,337,951,452,339,220
B:AGTAG,592,0,945,1329,1550,869,1007,1150,1969,1541,1038,1210,1172,414,538,852,402,1283,528,382,236
B:AGTAT,587,0,1007,1336,1651,869,982,1166,1867,1242,975,1215,1069,407,627,915,348,1325,472,385,207
B:AGTCA,686,0,1364,1676,2163,1255,1479,1612,3129,2576,1520,1679,1629,620,700,1150,572,1740,804,520,374
B:AGTCC,459,0,994,1280,1463,953,1140,1097,2392,2233,1182,1199,1269,436,464,847,447,1236,661,360,296
B:AGTCG,82,0,211,283,315,183,209,184,405,428,204,217,245,74,89,141,79,234,146,82,71
B:AGTCT,689,0,1309,1825,2102,1252,1518,1545,3000,2609,1462,1809,1679,584,685,1064,563,1835,772,599,389
B:AGTGA,769,0,1431,1883,2470,1307,1630,1653,3291,2849,1549,1786,1819,645,771,1230,603,1858,862,568,393
B:AGTGC,459,0,1050,1468,1823,1061,1291,1248,2348,2645,1228,1216,1401,490,537,896,492,1454,785,411,323
B:AGTGG,699,0,1275,1774,2068,1212,1526,1485,3243,3036,1551,1785,1717,584,673,1139,630,1696,909,529,431
B:AGTGT,631,0,1388,1856,2424,1281,1680,1640,3242,2980,1514,1704,1754,579,759,1186,611,1846,875,562,388
B:AGTTA,616,0,1117,1443,1922,1078,1106,1293,2109,1517,1112,1372,1171,447,639,914,384,1454,541,398,220
B:AGTTC,670,0,1297,1780,2056,1284,1484,1485,2896,2562,1427,1610,1749,527,666,1137,529,1759,754,518,410
B:AGTTG,612,0,1022,1421,1655,981,1108,1266,2338,1789,1096,1366,1224,460,532,884,428,1310,568,428,291
B:AGTTT,903,0,1629,2204,2749,1652,1692,1930,3258,2472,1615,2131,1925,791,943,1456,605,2129,896,628,414
B:ATCAA,743,0,1111,1340,1666,1044,1186,1313,2273,1696,1068,1494,1282,455,611,974,404,1353,558,529,280
B:ATCAC,507,0,948,1120,1632,795,985,1128,2038,1544,932,1189,1135,395,481,864,350,1157,545,365,246
B:ATCAG,635,0,1130,1491,1882,1072,1354,1391,2623,1930,1241,1578,1477,453,589,1125,458,1469,636,510,339
B:ATCAT,767,0,1117,1319,1715,945,1177,1177,2104,1422,1006,1505,1136,455,585,1092,436,1345,501,483,221
B:ATCCA,690,0,1117,1523,1657,1124,1339,1349,2844,2065,1221,1681,1464,512,589,1070,472,1456,676,499,340
B:ATCCC,519,0,967,1328,1505,960,1295,1110,2583,2400,1165,1453,1412,403,478,798,450,1200,601,416,312
B:ATCCG,77,0,174,229,307,190,192,174,420,415,193,229,269,79,82,128,78,207,136,70,81
B:ATCCT,707,0,1204,1570,1869,1162,1391,1388,3036,2303,1320,1604,1567,484,624,1136,519,1485,702,534,340
B:ATCGA,60,0,147,225,226,128,177,140,310,271,135,177,203,67,88,137,56,150,102,53,61
B:ATCGC,66,0,134,203,222,127,150,130,288,303,129,188,163,46,80,104,58,174,101,51,44
B:ATCGG,66,0,137,159,230,125,158,133,351,304,141,189,198,56,76,102,69,150,124,57,57
B:ATCGT,63,0,157,220,295,154,198,180,359,271,176,232,196,66,86,111,80,210,97,66,51
B:ATCTA,627,0,1002,1246,1620,896,1037,1132,1990,1259,938,1414,1074,349,523,923,347,1370,487,395,200
B:ATCTC,672,0,1186,1513,1845,1198,1332,1432,2712,2354,1334,1691,1527,497,626,1095,522,1647,669,482,348
B:ATCTG,752,0,1459,1850,2226,1393,1631,1678,3291,2705,1442,1820,1875,598,716,1281,566,1844,792,595,392
B:ATCTT,932,0,1491,1812,2251,1380,1557,1756,3033,2174,1496,1905,1722,590,801,1269,562,1769,727,663,379
B:ATTAA,975,0,1534,1974,2461,1420,1520,1823,2604,1834,1412,1927,1664,625,939,1356,470,1984,698,568,257
B:ATTAC,497,0,746,1021,1347,801,810,945,1418,1010,836,1058,873,320,447,671,276,1022,388,316,173
B:ATTAG,532,0,826,1071,1486,802,860,978,1613,1029,812,1198,914,351,452,734,321,1108,396,359,190
B:ATTAT,921,0,1318,1652,2300,1182,1383,1628,2366,1381,1198,1770,1363,573,812,1202,433,1765,608,563,256
B:ATTCA,861,0,1290,1667,2106,1150,1455,1637,2802,1776,1291,1785,1594,596,796,1171,535,1731,670,556,284
B:ATTCC,709,0,1056,1390,1574,993,1177,1314,2473,1715,1125,1518,1305,449,547,969,445,1356,579,469,297
B:ATTCG,96,0,142,183,251,144,162,182,314,254,138,196,168,57,94,114,72,169,95,69,41
B:ATTCT,990,0,1606,2014,2561,1538,1621,1935,3295,2118,1547,2115,1799,625,921,1431,578,2035,803,683,338
B:ATTGA,662,0,965,1158,1429,980,1013,1191,1948,1342,926,1319,1153,415,540,878,348,1152,449,458,239
B:ATTGC,451,0,743,890,1183,653,802,812,1544,1079,707,1000,890,334,411,645,319,949,372,334,204
B:ATTGG,518,0,794,1018,1239,767,962,931,1925,1309,847,1088,954,330,394,753,330,956,435,379,222
B:ATTGT,764,0,1094,1464,1782,1022,1200,1343,2322,1539,1032,1502,1273,441,640,961,407,1422,516,479,265
B:ATTTA,1121,0,1829,2360,3150,1734,1898,2193,3420,2129,1715,2466,1914,759,1100,1533,561,2343,852,750,348
B:ATTTC,1074,0,1551,2071,2611,1459,1666,2003,3135,2057,1567,2228,1810,727,1023,1483,604,2058,766,640,367
B:ATTTG,978,0,1525,1887,2313,1383,1547,1816,2910,1961,1451,2029,1695,621,846,1413,557,1905,723,628,329
B:ATTTT,1839,0,2711,3648,4637,2625,2921,3209,4963,3169,2581,3539,2750,1130,1748,2466,861,3501,1284,1086,562
B:CACAA,810,0,1428,1828,2342,1370,1597,1666,3277,2789,1493,1945,1665,550,752,1278,554,1849,812,583,367
B:CACAC,1169,0,2524,2982,4641,2642,3954,3069,7126,6642,3208,3877,4032,1122,1269,2489,1099,4193,1624,1011,854
B:CACAG,918,0,2192,2942,3576,2025,2692,2511,5673,5831,2465,2847,2900,978,1088,2016,1010,3114,1505,887,685
B:CACAT,887,0,1577,2172,2862,1609,2054,1900,3853,3071,1681,2317,2105,656,869,1473,669,2147,928,632,408
B:CACCA,727,0,1594,2049,2231,1540,1910,1689,3770,3981,1724,1853,2052,684,783,1288,663,1940,1096,571,558
B:CACCC,567,0,1161,1584,1746,1084,1570,1235,3104,3363,1445,1583,1699,535,508,882,585,1438,1008,458,421
B:CACCG,81,0,315,418,480,294,377,268,678,859,313,362,417,146,147,184,157,330,269,99,101
B:CACCT,680,0,1315,1857,2046,1312,1683,1519,3411,3604,1558,1594,1930,644,650,1029,600,1726,999,531,468
B:CACGA,91,0,246,309,389,232,335,245,535,621,263,343,306,117,114,182,107,299,194,104,68
B:CACGC,112,0,312,459,562,309,437,318,721,1023,403,379,469,147,149,235,164,431,279,112,128
B:CACGG,109,0,345,472,619,325,488,361,840,1154,402,472,477,167,177,259,168,438,317,134,155
B:CACGT,139,0,338,435,580,320,463,360,790,898,340,422,429,160,163,246,168,459,283,137,149
B:CACTA,479,0,879,1128,1474,838,952,994,1915,1527,870,1047,1032,368,488,794,372,1155,510,345,224
B:CACTC,517,0,1088,1494,1939,1048,1364,1275,2786,2768,1307,1503,1540,500,602,949,506,1467,801,464,337
B:CACTG,772,0,1752,2517,3061,1643,2224,2117,4379,4554,2081,2175,2348,785,949,1491,854,2397,1327,686,599
B:CACTT,790,0,1425,1838,2311,1331,1588,1640,3042,2661,1581,1767,1771,645,702,1217,604,1835,791,575,375
B:CATAA,763,0,1068,1347,1813,1044,1129,1312,2115,1402,1064,1484,1216,443,635,966,365,1401,537,428,212
B:CATAC,510,0,973,1096,1524,940,1111,1041,2078,1656,936,1315,1203,366,559,817,332,1214,456,369,257
B:CATAG,645,0,953,1256,1386,938,1056,1155,2166,1634,967,1323,1201,374,517,892,440,1339,522,370,251
B:CATAT,827,0,1221,1500,1886,1126,1257,1300,2445,1506,1045,1731,1260,519,699,1049,476,1489,525,456,217
B:CATCA,738,0,1328,1608,2064,1158,1468,1513,2981,2345,1376,1805,1616,546,616,1229,553,1590,726,569,361
B:CATCC,643,0,1108,1529,1731,1077,1421,1309,2974,2624,1307,1661,1588,531,532,974,499,1435,764,475,383
B:CATCG,79,0,205,315,346,196,254,241,476,494,195,299,271,93,103,155,110,234,171,68,91
B:CATCT,903,0,1625,2084,2638,1544,1778,1941,3817,3229,1697,2180,2161,708,777,1421,735,2160,918,683,489
B:CATGA,665,0,1261,1556,2013,1107,1456,1441,2834,2285,1326,1667,1470,544,618,1173,565,1643,776,554,331
B:CATGC,588,0,1137,1433,1959,1071,1534,1352,2673,2903,1312,1541,1465,503,631,996,500,1547,754,412,346
B:CATGG,738,0,1398,1771,2158,1353,1737,1585,3603,3325,1557,1922,1828,646,653,1222,664,1838,893,553,480
B:CATGT,775,0,1439,1881,2542,1402,1862,1723,3514,2762,1665,1984,1764,609,808,1344,591,1994,848,581,381
B:CATTA,634,0,1063,1347,1812,924,1133,1231,1966,1348,968,1461,1191,458,595,978,385,1427,563,402,216
B:CATTC,752,0,1193,1479,1843,1025,1256,1461,2647,1892,1184,1617,1456,531,669,1029,494,1558,640,485,278
B:CATTG,670,0,1031,1347,1612,954,1198,1264,2421,1661,1042,1442,1379,441,539,882,444,1328,539,509,301
B:CATTT,1377,0,2020,2624,3472,1861,2197,2584,4055,2631,2036,2850,2353,939,1214,1857,747,2560,965,842,433
B:CCCAA,756,0,1299,1818,1859,1281,1526,1387,3276,2808,1487,1754,1725,541,606,1136,527,1544,822,554,395
B:CCCAC,697,0,1383,1954,2153,1332,1776,1452,3692,3872,1679,2020,1967,599,641,1141,618,1675,1153,571,483
B:CCCAG,872,0,1985,2843,2962,2026,2644,2132,5556,6121,2536,2722,3057,884,876,1531,989,2590,1515,814,778
B:CCCAT,673,0,1170,1473,1714,1075,1341,1276,2897,2556,1217,1601,1567,500,530,933,570,1421,705,458,371
B:CCCCA,806,0,1561,2272,2405,1598,1944,1674,4325,4434,1880,2201,2273,713,697,1234,747,1951,1220,659,591
B:CCCCC,579,0,1205,1731,1734,1181,1523,1349,3167,3143,1415,1924,1760,514,526,925,559,1363,921,556,431
B:CCCCG,112,0,391,608,554,380,475,406,915,1175,422,491,615,186,189,257,203,447,395,152,176
B:CCCCT,665,0,1274,1774,1898,1212,1645,1503,3328,3253,1522,1921,1789,515,524,998,602,1583,990,520,468
B:CCCGA,106,0,281,415,429,309,390,248,715,836,316,334,422,113,129,192,127,344,284,90,128
B:CCCGC,107,0,371,622,497,402,425,343,808,1126,389,414,533,191,160,223,194,403,335,120,157
B:CCCGG,118,0,423,664,513,383,561,406,944,1267,408,474,649,190,185,240,225,437,336,159,225
B:CCCGT,88,0,238,362,396,231,329,282,605,736,287,337,351,117,118,176,119,316,221,97,102
B:CCCTA,476,0,786,1083,1220,818,916,955,1894,1767,910,1139,1073,351,359,696,366,1082,531,354,254
B:CCCTC,666,0,1517,2044,2289,1423,1818,1709,3959,3780,1758,1932,2105,553,662,1089,740,1920,1171,744,532
B:CCCTG,808,0,1740,2505,2596,1716,2358,1975,4669,5057,2303,2357,2611,798,773,1502,858,2301,1443,726,682
B:CCCTT,772,0,1382,1740,2035,1289,1593,1630,3212,2768,1633,1890,1835,576,623,1146,630,1730,863,589,440
B:CCTAA,554,0,935,1186,1472,903,966,1035,2024,1569,955,1252,1072,363,461,762,376,1234,494,365,267
B:CCTAC,398,0,770,1040,1204,717,832,920,1740,1702,866,990,1043,314,366,657,337,966,509,335,214
B:CCTAG,555,0,905,1237,1475,938,1206,1090,2281,2125,1076,1260,1231,418,448,845,421,1267,640,381,301
B:CCTAT,538,0,740,964,1134,712,832,894,1690,1266,827,1101,971,330,407,703,296,1001,433,342,200
B:CCTCA,812,0,1541,2213,2420,1511,1868,1782,3949,3823,1797,1953,2089,692,742,1312,710,1930,1111,621,504
B:CCTCC,886,0,1850,2567,2895,1787,2284,2125,4711,5097,2273,2376,2655,812,823,1526,926,2352,1444,830,682
B:CCTCG,129,0,374,525,539,381,458,338,844,1016,424,398,555,143,158,255,176,404,283,117,138
B:CCTCT,966,0,1987,2619,3009,1866,2314,2208,4995,4782,2271,2673,2867,811,865,1596,1022,2469,1289,923,662
B:CCTGA,739,0,1553,2084,2414,1481,1988,1751,3915,3811,1878,1970,2037,655,729,1311,762,1917,1189,695,508
B:CCTGC,707,0,1548,2355,2400,1555,2125,1756,4010,4857,1995,2055,2281,683,735,1250,761,2073,1282,613,621
B:CCTGG,888,0,1918,2929,2869,2097,2561,2146,5253,5999,2553,2673,3000,893,908,1610,978,2521,1536,781,837
B:CCTGT,784,0,1590,2268,2589,1608,2147,1951,4180,4161,1923,2171,2195,734,794,1583,748,2184,1164,615,554
B:CCTTA,614,0,959,1335,1524,928,1024,1193,2028,1671,1015,1277,1167,417,530,866,402,1213,507,414,251
B:CCTTC,796,0,1707,2079,2529,1548,1910,2046,4194,3510,1876,2219,2274,742,775,1347,766,2133,1013,736,515
B:CCTTG,724,0,1385,1797,2067,1306,1616,1564,3487,3180,1630,1845,1891,590,653,1231,640,1779,892,569,464
B:CCTTT,1147,0,1856,2427,2912,1770,2128,2304,3975,3294,2024,2348,2264,784,976,1633,805,2375,973,768,550
B:CGCAA,78,0,124,200,232,132,157,116,300,297,139,173,164,63,76,110,59,157,114,59,50
B:CGCAC,77,0,252,375,420,222,342,247,532,852,261,282,329,118,105,160,115,335,195,68,105
B:CGCAG,99,0,332,512,532,319,447,368,753,955,350,405,450,150,152,219,161,380,321,120,144
B:CGCAT,84,0,189,213,309,160,233,202,369,560,186,234,189,78,88,119,74,238,160,75,61
B:CGCCA,128,0,282,434,429,282,360,302,676,829,333,343,410,133,128,243,161,338,225,109,118
B:CGCCC,110,0,349,520,448,378,430,279,749,1098,351,400,524,176,131,222,175,381,313,111,151
B:CGCCG,50,0,225,394,178,169,181,181,380,512,195,167,328,128,103,123,106,161,166,45,85
B:CGCCT,127,0,354,540,505,359,409,341,772,981,339,393,493,155,156,257,179,358,267,97,139
B:CGCGA,20,0,63,128,93,55,78,52,120,165,61,54,118,31,33,41,50,72,68,21,33
B:CGCGC,65,0,205,386,237,173,210,188,434,545,154,167,295,72,77,87,124,174,182,52,83
B:CGCGG,43,0,189,314,220,183,214,157,327,495,164,158,249,102,84,111,104,139,166,60,72
B:CGCGT,22,0,79,119,152,71,98,69,177,263,95,67,115,36,40,52,40,97,102,21,41
B:CGCTA,58,0,149,166,226,114,139,136,274,310,154,176,193,56,67,99,58,161,77,47,38
B:CGCTC,92,0,285,458,429,293,357,280,597,782,312,332,393,134,139,209,117,310,252,104,118
B:CGCTG,111,0,410,577,613,371,471,379,863,1131,411,461,544,178,211,257,189,466,366,144,153
B:CGCTT,75,0,234,303,344,219,244,234,477,532,252,283,310,115,109,137,101,281,189,86,77
B:CGTAA,66,0,165,164,281,121,145,168,285,285,135,181,152,60,95,102,64,219,90,43,43
B:CGTAC,50,0,134,146,195,108,143,127,232,278,112,122,152,56,53,87,49,131,86,33,46
B:CGTAG,65,0,148,199,268,145,155,142,364,363,182,201,223,57,84,128,73,206,112,70,65
B:CGTAT,58,0,148,145,293,123,150,176,328,301,156,200,153,70,85,106,57,174,89,53,41
B:CGTCA,80,0,222,262,368,191,257,238,508,553,196,262,273,103,91,128,92,259,167,94,65
B:CGTCC,79,0,237,338,385,218,301,247,541,645,248,263,346,105,120,168,110,310,219,83,97
B:CGTCG,21,0,75,106,103,60,74,53,135,158,86,95,120,30,31,55,41,65,65,18,23
B:CGTCT,87,0,276,332,472,279,339,334,595,780,300,321,335,127,128,213,102,315,203,98,91
B:CGTGA,108,0,240,319,488,220,317,265,620,673,264,341,331,119,139,204,134,330,198,98,98
B:CGTGC,90,0,266,406,457,271,408,315,679,905,318,348,409,146,134,224,131,369,276,99,106
B:CGTGG,137,0,385,504,593,342,506,346,822,1136,423,464,518,172,170,250,183,437,328,156,153
B:CGTGT,116,0,350,445,612,354,491,358,766,981,403,463,423,154,160,243,159,491,271,134,143
B:CGTTA,66,0,140,190,244,139,144,156,289,266,161,198,155,70,74,109,68,220,83,52,62
B:CGTTC,75,0,216,289,372,194,248,240,459,526,231,262,234,95,102,157,104,277,176,77,79
B:CGTTG,71,0,193,237,294,171,220,193,397,414,205,253,223,72,76,148,78,228,132,83,46
B:CGTTT,135,0,293,347,505,266,319,353,590,512,293,364,347,121,147,199,117,392,187,118,106
B:CTCAA,775,0,1271,1778,2018,1255,1459,1536,2918,2417,1416,1665,1653,560,661,1144,547,1526,785,551,374
B:CTCAC,654,0,1383,1916,2252,1351,1663,1520,3579,3518,1673,1782,1959,645,664,1084,636,1830,951,551,426
B:CTCAG,956,0,2096,2846,3302,2076,2650,2367,5248,5437,2467,2631,2815,897,1062,1707,1012,2660,1450,857,687
B:CTCAT,716,0,1275,1628,2027,1158,1458,1514,2920,2350,1337,1795,1595,553,653,1107,552,1655,740,511,352
B:CTCCA,901,0,1700,2353,2585,1676,2170,1909,4279,4092,2063,2275,2402,729,788,1458,786,2159,1169,686,559
B:CTCCC,773,0,1704,2255,2538,1621,1981,1906,4326,4159,1961,2263,2385,689,760,1317,766,2209,1328,776,572
B:CTCCG,130,0,399,490,512,356,447,334,768,924,371,436,504,142,163,247,170,370,271,130,139
B:CTCCT,1010,0,1947,2590,3086,1841,2403,2390,4861,4920,2385,2591,2688,873,922,1697,983,2429,1383,874,688
B:CTCGA,89,0,240,366,358,257,305,215,523,610,289,249,282,107,96,183,130,273,160,84,86
B:CTCGC,97,0,247,356,378,240,350,255,560,708,290,286,377,136,149,182,115,305,223,88,95
B:CTCGG,109,0,414,562,589,371,501,351,943,1125,464,424,576,169,146,277,172,454,339,116,166
B:CTCGT,89,0,228,309,437,224,299,253,494,595,277,299,292,104,113,186,101,306,159,94,85
B:CTCTA,633,0,1102,1525,1836,1062,1219,1363,2493,2085,1282,1518,1479,539,572,1036,490,1495,665,521,305
B:CTCTC,1048,0,2195,2582,3388,2057,2660,2708,5434,4340,2380,3268,3261,854,972,1597,1007,2877,1274,940,495
B:CTCTG,1109,0,2459,3336,3729,2374,2935,2761,6162,6143,2857,3371,3477,1042,1155,1972,1133,3094,1604,1025,815
B:CTCTT,1080,0,1939,2390,3110,1895,2081,2323,4226,3906,2097,2512,2525,765,919,1610,850,2516,1124,810,571
B:CTTAA,719,0,1263,1750,2054,1265,1270,1580,2231,1760,1289,1634,1391,574,739,1137,465,1636,623,498,309
B:CTTAC,488,0,878,1165,1524,899,962,1089,1888,1646,933,1159,1085,375,499,746,363,1210,542,364,231
B:CTTAG,580,0,1029,1378,1723,1020,1134,1267,2230,1928,1161,1438,1295,451,576,925,409,1444,614,465,303
B:CTTAT,659,0,1024,1257,1615,912,1015,1237,1913,1232,968,1348,1099,410,579,896,343,1231,473,427,196
B:CTTCA,910,0,1647,2155,2644,1620,1901,2047,3668,3117,1777,2140,2141,743,862,1526,735,2064,1001,693,448
B:CTTCC,964,0,2051,2533,3116,1855,2117,2409,4643,4404,2279,2643,2629,834,917,1574,895,2536,1263,885,604
B:CTTCG,120,0,292,367,384,228,287,256,576,564,275,291,322,121,127,201,109,252,170,98,97
B:CTTCT,1233,0,2115,2715,3383,2061,2376,2619,4849,4485,2429,2884,2962,942,1089,1819,1003,2884,1281,890,663
B:CTTGA,689,0,1232,1619,1942,1214,1432,1458,2818,2327,1380,1480,1584,513,632,1111,553,1574,701,580,371
B:CTTGC,562,0,1138,1498,1784,1025,1373,1275,2705,2474,1344,1479,1524,496,572,911,531,1545,658,450,366
B:CTTGG,761,0,1478,2028,2159,1430,1727,1680,3607,3324,1744,1963,2121,670,676,1316,669,1770,950,624,479
B:CTTGT,782,0,1384,1764,2158,1276,1490,1543,3040,2670,1487,1719,1579,571,720,1174,554,1770,799,531,383
B:CTTTA,888,0,1590,2085,2668,1523,1725,1882,2966,2421,1635,2022,1794,661,937,1321,637,2097,827,598,420
B:CTTTC,1118,0,1972,2401,2985,1848,2057,2301,4353,3220,1994,2462,2289,753,1044,1632,773,2506,1080,890,516
B:CTTTG,1020,0,1796,2338,2798,1609,1943,2053,3934,3322,1892,2266,2286,741,958,1527,745,2176,955,717,498
B:CTTTT,1484,0,2354,2974,3763,2161,2476,2767,4484,3452,2358,2903,2584,920,1267,2003,832,2982,1082,901,546
B:GACAA,662,0,1130,1475,1810,1020,1245,1307,2525,2117,1149,1424,1352,458,570,939,457,1466,623,436,332
B:GACAC,475,0,1087,1364,1714,1004,1362,1169,2620,2607,1062,1345,1365,462,500,888,435,1401,691,397,335
B:GACAG,764,0,1723,2330,2757,1673,2111,1925,4045,4382,1958,2149,2335,710,829,1392,751,2197,1118,664,596
B:GACAT,591,0,1092,1291,1704,905,1066,1185,2469,1876,1090,1318,1216,473,528,877,414,1336,605,428,303
B:GACCA,496,0,979,1334,1481,914,1185,1125,2529,2320,1136,1347,1340,458,470,873,441,1224,725,399,373
B:GACCC,376,0,799,1135,1152,826,1025,823,2187,2255,903,1138,1151,331,351,655,388,982,614,348,307
B:GACCG,59,0,190,291,286,175,231,187,409,537,181,212,297,85,96,113,102,249,137,73,98
B:GACCT,469,0,947,1329,1581,1035,1258,1064,2555,2559,1179,1309,1383,436,494,816,467,1249,671,426,343
B:GACGA,76,0,204,253,369,159,231,225,369,397,210,219,253,72,86,144,76,201,126,69,68
B:GACGC,40,0,191,245,296,178,229,170,443,627,187,234,257,89,91,140,82,217,176,54,59
B:GACGG,81,0,231,302,316,233,292,251,525,625,249,270,342,110,99,142,103,284,184,95,83
B:GACGT,70,0,184,238,347,178,219,226,442,486,184,218,222,93,94,138,83,247,168,75,66
B:GACTA,417,0,648,910,1070,610,746,776,1470,1113,735,900,775,323,353,663,288,923,381,277,183
B:GACTC,405,0,917,1175,1393,844,1044,995,2247,2050,1038,1149,1165,413,428,661,390,1092,621,380,263
B:GACTG,545,0,1201,1549,1859,1140,1380,1379,2823,2752,1374,1470,1479,550,591,956,512,1555,718,462,387
B:GACTT,549,0,1110,1429,1718,1046,1176,1288,2385,1929,1221,1385,1400,429,567,922,470,1475,662,443,297
B:GATAA,580,0,885,1097,1473,786,965,1119,1729,1114,895,1180,986,342,494,708,337,1154,402,375,212
B:GATAC,345,0,638,776,960,522,620,695,1322,910,587,819,758,248,339,597,233,751,334,241,131
B:GATAG,467,0,717,909,1159,690,855,863,1684,1205,764,1118,841,319,398,671,278,1025,342,322,188
B:GATAT,588,0,781,1019,1182,717,866,911,1677,884,690,1130,914,328,430,701,307,962,383,374,146
B:GATCA,482,0,840,967,1227,701,926,897,1743,1306,786,1058,958,281,401,760,318,972,421,352,221
B:GATCC,372,0,700,947,1058,705,897,749,1858,1597,800,1035,981,290,371,595,312,834,447,323,197
B:GATCG,45,0,122,185,204,113,159,107,270,267,121,151,172,43,79,114,61,138,104,53,46
B:GATCT,515,0,1014,1181,1391,1001,1138,1123,2209,1876,1018,1263,1286,355,501,903,397,1212,594,405,244
B:GATGA,682,0,1120,1428,1777,1003,1238,1313,2546,1981,1089,1505,1374,454,573,980,476,1339,629,421,312
B:GATGC,453,0,866,1140,1440,780,1038,1071,2163,1890,976,1218,1215,397,436,796,397,1086,604,397,308
B:GATGG,643,0,1256,1635,1891,1246,1503,1465,3192,2929,1420,1777,1732,585,524,1077,594,1647,743,526,416
B:GATGT,584,0,1024,1334,1674,948,1141,1154,2348,1892,1092,1443,1313,441,495,926,431,1347,603,452,289
B:GATTA,455,0,788,983,1316,751,827,914,1559,1091,833,1028,874,313,447,685,255,1037,398,299,202
B:GATTC,440,0,759,953,1220,791,854,869,1835,1255,864,1038,956,289,406,821,307,882,403,318,221
B:GATTG,409,0,685,842,1102,699,779,799,1565,1364,709,903,839,295,342,664,277,883,378,321,223
B:GATTT,824,0,1288,1752,2075,1246,1351,1560,2558,1857,1298,1684,1500,525,804,1207,450,1715,665,590,333
B:GCCAA,520,0,961,1308,1453,937,1190,1203,2285,2122,1121,1256,1273,423,464,872,442,1217,613,431,331
B:GCCAC,502,0,1095,1502,1663,1050,1397,1165,2744,3209,1317,1373,1599,505,519,910,575,1412,823,453,447
B:GCCAG,738,0,1539,2385,2359,1580,2075,1698,4124,4502,1976,2022,2315,721,738,1222,761,2120,1147,648,656
B:GCCAT,611,0,1071,1473,1753,1097,1457,1293,2733,2574,1228,1446,1436,519,562,962,520,1421,705,485,400
B:GCCCA,571,0,1165,1691,1709,1131,1559,1181,3022,3459,1490,1564,1682,542,524,990,542,1477,913,472,454
B:GCCCC,410,0,926,1463,1412,1022,1287,1051,2564,3036,1130,1287,1442,431,377,722,517,1207,797,359,437
B:GCCCG,97,0,346,549,412,356,496,320,740,1064,358,359,535,168,135,199,182,380,305,109,152
B:GCCCT,577,0,1209,1752,1760,1241,1559,1360,3054,3431,1602,1553,1787,561,562,1034,631,1526,973,514,475
B:GCCGA,67,0,236,330,336,215,242,212,504,602,263,262,283,105,92,160,103,238,201,82,113
B:GCCGC,108,0,396,609,432,334,442,373,705,990,362,330,512,194,165,246,182,358,325,122,145
B:GCCGG,79,0,370,534,410,290,406,323,721,1009,340,340,525,165,161,235,176,324,297,95,143
B:GCCGT,68,0,235,303,355,192,284,224,511,687,243,273,309,109,109,152,102,252,181,70,98
B:GCCTA,436,0,695,931,1052,671,826,795,1666,1493,776,904,824,278,356,608,305,910,441,289,207
B:GCCTC,641,0,1341,2197,2110,1430,1717,1449,3600,3945,1705,1815,2094,682,619,1166,709,1737,1057,534,530
B:GCCTG,708,0,1498,2430,2429,1682,2186,1758,4124,4965,2076,2064,2357,690,725,1348,812,2052,1231,593,687
B:GCCTT,679,0,1338,1849,2048,1272,1577,1613,3142,3101,1514,1677,1784,576,631,1161,621,1769,799,547,418
B:GCTAA,440,0,783,1028,1441,720,843,1014,1648,1406,873,1168,955,352,435,722,342,1058,424,359,193
B:GCTAC,406,0,723,1004,1144,716,902,855,1622,1685,845,941,979,299,362,655,323,968,449,305,226
B:GCTAG,434,0,784,1121,1271,698,953,864,1845,1703,927,1054,1084,319,414,726,388,1086,522,360,251
B:GCTAT,568,0,829,1013,1183,757,931,1012,1792,1383,827,1106,972,350,462,658,355,1070,387,319,211
B:GCTCA,590,0,1358,1758,2134,1245,1616,1474,3191,3265,1516,1720,1727,549,627,1028,611,1713,910,515,427
B:GCTCC,520,0,1159,1606,1670,1111,1526,1209,2891,3106,1372,1538,1649,497,532,979,559,1395,866,484,408
B:GCTCG,75,0,256,370,404,240,366,225,560,729,330,302,337,127,103,200,118,280,214,93,101
B:GCTCT,698,0,1563,2019,2397,1464,1899,1721,3580,3927,1865,1976,2057,694,691,1225,661,2000,1096,608,488
B:GCTGA,614,0,1391,1886,2197,1293,1644,1593,3224,3271,1605,1780,1812,561,694,1261,606,1801,932,593,455
B:GCTGC,537,0,1384,2063,2212,1268,1803,1501,3307,4081,1625,1726,1785,628,652,1130,693,1744,1165,518,527
B:GCTGG,744,0,1735,2548,2632,1812,2348,1866,4658,5244,2212,2107,2550,789,801,1337,890,2229,1384,686,703
B:GCTGT,622,0,1478,2159,2485,1469,1817,1777,3458,4020,1756,1799,2052,673,742,1214,718,2013,1028,600,477
B:GCTTA,416,0,819,1023,1333,764,883,1017,1529,1330,879,1059,970,354,450,759,318,1100,462,322,219
B:GCTTC,649,0,1275,1744,1921,1170,1368,1478,2769,2819,1394,1642,1726,509,638,1062,571,1577,831,514,405
B:GCTTG,539,0,1133,1448,1751,1020,1348,1301,2563,2479,1334,1431,1446,527,543,1003,470,1458,685,470,330
B:GCTTT,792,0,1553,1994,2540,1368,1669,1832,3300,3023,1678,1962,1862,663,849,1260,636,2012,872,595,426
B:GGCAA,558,0,1021,1337,1564,891,1125,1147,2375,2003,1210,1292,1301,444,520,891,463,1251,568,424,291
B:GGCAC,378,0,823,1317,1368,846,1167,961,2231,2537,1108,1173,1223,398,434,685,449,1194,634,342,337
B:GGCAG,793,0,1766,2751,2685,1793,2337,2060,4482,5246,2259,2308,2531,827,797,1444,862,2279,1421,716,719
B:GGCAT,606,0,942,1331,1509,956,1255,1197,2431,2082,1055,1362,1348,435,457,925,437,1276,616,431,356
B:GGCCA,633,0,1230,1835,1872,1324,1746,1353,3362,3677,1574,1654,1920,566,594,1000,625,1563,1016,530,540
B:GGCCC,436,0,842,1383,1159,909,1240,894,2365,2800,1102,1189,1372,456,345,736,440,1106,755,351,401
B:GGCCG,97,0,389,527,414,326,436,330,733,1049,360,372,493,160,167,252,155,335,336,108,159
B:GGCCT,598,0,1199,1917,1864,1329,1632,1343,3290,3748,1462,1541,1771,556,562,1056,650,1606,965,475,510
B:GGCGA,91,0,220,305,274,192,256,203,479,566,243,275,284,94,109,174,107,220,165,76,89
B:GGCGC,90,0,287,508,361,274,360,279,583,875,261,295,422,143,111,205,138,298,240,75,144
B:GGCGG,139,0,447,718,542,470,479,391,931,1240,458,436,677,243,185,287,242,438,373,131,183
B:GGCGT,95,0,257,358,383,252,285,230,584,740,255,297,371,111,112,180,133,281,192,80,77
B:GGCTA,499,0,860,1181,1314,817,1048,966,1992,2032,952,1078,1144,344,415,776,406,1131,523,362,262
B:GGCTC,477,0,1216,1651,1804,1139,1574,1260,3005,3415,1523,1590,1688,535,494,933,585,1496,936,470,456
B:GGCTG,705,0,1636,2467,2663,1797,2302,1907,4458,5278,2161,2062,2510,797,802,1369,902,2243,1291,701,718
B:GGCTT,616,0,1284,1721,1917,1186,1458,1494,2939,2900,1517,1601,1693,559,635,1078,587,1681,776,531,451
B:GGTAA,475,0,749,992,1301,785,846,917,1644,1320,823,1002,944,307,407,659,299,966,470,318,211
B:GGTAC,295,0,580,756,814,581,674,640,1318,1234,649,732,825,247,322,460,253,687,365,239,180
B:GGTAG,453,0,770,1115,1261,734,857,969,1919,1722,899,1091,1169,358,373,695,372,1022,560,359,239
B:GGTAT,450,0,704,861,1061,727,715,782,1599,1109,721,939,834,271,402,647,286,867,368,298,178
B:GGTCA,453,0,956,1273,1501,914,1177,1073,2551,2362,1084,1298,1307,429,502,812,451,1206,661,413,356
B:GGTCC,342,0,779,1094,1154,792,999,837,2103,2203,925,1149,1128,350,329,630,415,1028,579,339,318
B:GGTCG,61,0,152,244,262,150,183,135,340,464,166,172,247,66,79,120,83,175,163,57,69
B:GGTCT,544,0,1029,1479,1582,1094,1341,1155,2686,2641,1224,1388,1489,467,501,894,449,1295,744,437,377
B:GGTGA,511,0,1105,1443,1670,974,1186,1184,2682,2494,1203,1308,1428,482,510,829,490,1287,767,414,364
B:GGTGC,310,0,753,1100,1197,787,1149,783,2004,2426,926,959,1127,360,371,634,409,1030,598,303,295
B:GGTGG,717,0,1451,2051,2000,1473,1868,1546,3656,4049,1736,1862,2124,700,700,1071,668,1702,1274,548,541
B:GGTGT,517,0,1076,1314,1635,996,1337,1198,2621,2837,1174,1263,1422,468,507,849,438,1416,734,394,350
B:GGTTA,397,0,763,956,1149,658,728,789,1550,1280,814,938,885,283,390,632,271,888,442,287,170
B:GGTTC,434,0,848,1069,1226,775,986,915,2000,1799,916,1086,1111,348,398,706,378,1120,555,333,293
B:GGTTG,480,0,950,1160,1376,886,1040,1006,2256,2060,974,1172,1167,362,494,714,360,1097,587,387,266
B:GGTTT,736,0,1390,1793,2060,1295,1415,1612,2972,2495,1435,1701,1660,553,676,1143,572,1740,721,575,398
B:GTCAA,445,0,802,1009,1200,798,842,907,1763,1299,794,969,965,371,422,718,339,934,439,342,233
B:GTCAC,461,0,910,1242,1583,876,1132,1087,2494,2427,1040,1202,1217,429,497,764,421,1283,616,398,323
B:GTCAG,538,0,1320,1615,2030,1135,1489,1464,3011,2987,1439,1595,1577,555,604,985,562,1645,905,527,403
B:GTCAT,492,0,924,1194,1523,825,1025,1109,2208,1653,968,1214,1130,430,482,812,396,1190,505,303,254
B:GTCCA,439,0,906,1179,1400,887,1131,1045,2265,2128,962,1195,1169,424,443,767,430,1189,585,401,301
B:GTCCC,400,0,972,1307,1372,890,1160,959,2539,2635,1110,1212,1325,377,391,700,454,1110,660,361,351
B:GTCCG,46,0,192,260,245,154,184,170,398,468,185,194,252,87,82,120,90,219,147,58,81
B:GTCCT,598,0,1259,1707,1996,1230,1582,1416,3072,3197,1480,1633,1676,568,592,1098,582,1705,873,480,419
B:GTCGA,51,0,123,153,191,102,143,109,254,233,124,120,142,37,50,87,45,128,84,49,30
B:GTCGC,61,0,159,227,203,131,175,117,301,401,152,167,227,74,69,96,80,157,149,48,66
B:GTCGG,64,0,177,285,315,195,209,168,422,503,204,218,292,81,97,135,95,222,183,74,82
B:GTCGT,60,0,182,188,269,138,174,168,340,378,176,200,190,60,71,136,74,178,138,62,56
B:GTCTA,430,0,733,1028,1265,759,884,906,1716,1643,808,1091,990,324,416,686,312,1124,446,320,235
B:GTCTC,639,0,1247,1629,1939,1218,1498,1459,2950,2810,1408,1631,1694,531,573,1031,538,1490,849,523,414
B:GTCTG,609,0,1377,1855,2218,1322,1695,1497,3356,3385,1552,1734,1832,576,667,1111,543,1873,905,552,441
B:GTCTT,742,0,1353,1777,2105,1286,1479,1519,2956,2490,1454,1713,1658,573,692,1072,502,1651,738,527,405
B:GTTAA,514,0,917,1210,1554,900,900,1096,1667,1303,905,1159,1000,399,544,762,340,1186,480,354,212
B:GTTAC,349,0,679,844,1159,603,698,747,1296,1050,678,797,726,291,361,600,234,841,361,220,159
B:GTTAG,404,0,757,1025,1238,705,747,839,1557,1286,818,978,831,289,378,675,306,1012,416,293,158
B:GTTAT,498,0,846,1080,1327,742,838,930,1587,1013,832,1081,891,316,501,664,274,1010,415,315,185
B:GTTCA,622,0,1158,1411,1800,1041,1236,1331,2454,2113,1175,1438,1451,478,578,970,432,1513,646,409,330
B:GTTCC,533,0,1010,1337,1589,1002,1218,1106,2471,2189,1144,1340,1350,447,492,836,465,1337,626,428,321
B:GTTCG,61,0,167,230,215,150,189,155,317,337,164,192,197,88,62,109,67,187,128,67,61
B:GTTCT,728,0,1397,1926,2208,1317,1592,1650,3067,2678,1501,1792,1760,561,752,1296,620,1867,848,592,453
B:GTTGA,473,0,792,1087,1234,761,838,973,1830,1259,858,1081,986,337,418,666,304,966,448,352,212
B:GTTGC,375,0,673,874,1099,653,773,802,1504,1402,765,900,871,277,352,590,305,851,442,264,180
B:GTTGG,502,0,918,1260,1429,927,1066,1099,2325,2053,1011,1213,1142,369,444,769,383,1167,545,397,271
B:GTTGT,530,0,1120,1366,1734,1003,1200,1198,2320,1973,1080,1378,1247,441,664,925,422,1317,602,437,296
B:GTTTA,623,0,1076,1427,1902,1076,1134,1309,2036,1565,1020,1429,1200,457,624,947,372,1449,510,437,272
B:GTTTC,731,0,1288,1675,2092,1216,1413,1515,2861,2198,1417,1666,1666,543,644,1056,564,1725,747,506,368
B:GTTTG,690,0,1298,1842,2215,1306,1436,1710,3039,2501,1455,1884,1749,636,704,1204,543,1787,780,597,390
B:GTTTT,1164,0,2184,2767,3397,2213,2144,2415,3936,3180,2111,2695,2326,887,1230,1824,812,2687,1094,796,521
B:TACAA,705,0,1230,1599,2004,1095,1324,1395,2454,1751,1115,1570,1340,505,756,1118,428,1516,610,465,306
B:TACAC,494,0,1023,1311,1743,1064,1316,1117,2315,2168,1130,1360,1328,464,583,913,408,1372,645,390,282
B:TACAG,731,0,1358,1920,2430,1429,1670,1727,3138,2914,1564,1804,1781,605,773,1259,588,1893,809,535,376
B:TACAT,868,0,1421,1778,2383,1346,1614,1638,2865,2014,1375,1956,1577,590,934,1219,556,1805,672,573,259
B:TACCA,580,0,962,1206,1625,954,980,1182,2115,1644,1023,1213,1274,407,516,805,408,1232,540,403,252
B:TACCC,405,0,689,965,1037,717,804,811,1687,1539,823,1050,1009,299,351,599,301,880,518,317,222
B:TACCG,58,0,145,145,231,151,165,120,333,316,142,187,175,70,84,118,70,165,118,65,48
B:TACCT,629,0,1007,1408,1544,1005,1142,1193,2344,1886,1104,1314,1312,407,553,939,431,1265,586,429,286
B:TACGA,41,0,123,143,238,114,124,140,261,229,134,152,152,54,64,107,48,158,75,47,44
B:TACGC,49,0,101,119,219,87,108,109,255,249,120,125,128,57,53,91,43,129,85,39,33
B:TACGG,47,0,166,167,251,132,172,149,298,358,165,182,196,52,83,105,73,194,94,55,64
B:TACGT,102,0,205,225,329,164,190,215,395,391,166,245,204,80,117,119,79,250,123,58,54
B:TACTA,556,0,806,1053,1364,761,765,900,1393,894,829,971,895,322,472,716,280,1002,380,290,133
B:TACTC,475,0,738,1006,1172,737,861,891,1564,1337,802,990,925,345,411,638,320,1013,426,339,209
B:TACTG,635,0,1117,1571,1850,1003,1214,1311,2324,1819,1175,1405,1283,479,613,975,435,1518,619,455,295
B:TACTT,777,0,1210,1760,2135,1177,1262,1498,2273,1723,1284,1543,1369,553,771,1146,498,1608,640,478,306
B:TATAA,895,0,1414,1822,2394,1266,1462,1605,2483,1528,1296,1879,1368,549,936,1263,449,1850,632,573,247
B:TATAC,525,0,843,1128,1451,804,878,969,1735,1097,877,1179,853,378,590,731,316,1091,413,330,165
B:TATAG,650,0,957,1100,1460,879,1032,1101,1778,1289,927,1209,1046,399,539,818,314,1280,480,339,177
B:TATAT,1284,0,2074,2308,2932,1674,1976,1915,3319,1863,1596,2711,1685,710,1289,1465,689,2304,805,660,255
B:TATCA,653,0,947,1196,1558,871,1043,1159,1915,1194,894,1317,1078,421,562,880,365,1247,455,394,213
B:TATCC,452,0,719,914,1050,654,821,831,1745,1159,755,1021,920,284,366,626,310,873,395,338,190
B:TATCG,49,0,93,126,204,105,122,104,247,151,103,145,131,45,67,73,35,138,49,51,30
B:TATCT,826,0,1261,1566,1962,1084,1319,1494,2504,1609,1183,1764,1369,486,666,1098,445,1634,561,529,243
B:TATGA,701,0,1052,1251,1575,931,1061,1207,2095,1393,972,1444,1154,448,636,944,386,1423,495,391,209
B:TATGC,505,0,780,992,1210,753,825,919,1660,1193,791,1128,894,336,400,697,325,1022,406,325,180
B:TATGG,584,0,888,1107,1329,844,1010,1026,1955,1497,877,1204,1074,335,472,743,349,1107,426,352,251
B:TATGT,955,0,1493,1848,2495,1517,1654,1656,3097,2114,1372,2075,1755,583,902,1339,553,1890,713,555,297
B:TATTA,904,0,1200,1501,2046,1209,1172,1513,2105,1274,1133,1622,1263,552,767,1017,402,1583,519,550,213
B:TATTC,652,0,977,1302,1648,921,964,1285,2007,1202,914,1347,1091,426,576,840,376,1328,516,443,214
B:TATTG,631,0,922,1144,1435,828,986,1075,1888,1139,834,1264,1032,382,548,767,321,1067,449,410,198
B:TATTT,1509,0,2470,3199,4082,2383,2524,2784,4555,2893,2298,3259,2485,981,1514,2121,794,3161,1138,979,500
B:TCCAA,764,0,1251,1624,1864,1191,1363,1469,2838,2102,1297,1719,1590,505,641,1120,511,1572,670,539,326
B:TCCAC,572,0,1140,1619,1811,1032,1477,1301,2888,2692,1318,1482,1483,575,565,947,547,1460,787,513,375
B:TCCAG,895,0,1799,2547,2663,1848,2172,2079,4488,4334,2157,2308,2533,818,881,1567,848,2297,1282,729,598
B:TCCAT,870,0,1332,1662,2076,1321,1570,1658,3216,2378,1462,2033,1695,599,692,1201,533,1765,688,577,378
B:TCCCA,888,0,1758,2335,2585,1689,2117,1925,4593,4225,2016,2371,2486,722,815,1406,812,2150,1136,698,557
B:TCCCC,684,0,1342,1865,2048,1254,1619,1476,3518,3272,1572,1978,1898,553,591,1035,584,1678,985,580,479
B:TCCCG,125,0,346,533,503,343,418,337,822,993,343,447,467,139,156,220,164,385,274,116,169
B:TCCCT,864,0,1766,2228,2707,1661,2036,2135,4416,3814,2091,2287,2379,685,807,1424,825,2355,1186,863,545
B:TCCGA,82,0,213,278,339,202,225,193,502,467,246,244,291,86,98,165,99,231,181,71,73
B:TCCGC,69,0,219,317,349,256,259,229,471,613,227,277,334,119,105,157,122,250,184,95,105
B:TCCGG,120,0,327,443,365,283,329,256,636,687,265,314,413,114,141,189,137,287,206,97,106
B:TCCGT,78,0,251,281,394,227,290,258,527,629,284,307,329,90,102,161,116,330,180,107,103
B:TCCTA,623,0,1073,1396,1749,978,1183,1234,2369,1909,1181,1479,1335,455,563,946,437,1443,645,446,289
B:TCCTC,970,0,1755,2240,2821,1604,2130,2088,4244,4180,2038,2268,2445,775,770,1533,882,2115,1163,779,585
B:TCCTG,902,0,2036,2735,3054,1986,2516,2323,5117,5203,2356,2673,2636,847,947,1775,947,2579,1425,818,670
B:TCCTT,1147,0,2002,2428,3110,1816,2102,2438,4469,3480,2073,2644,2429,838,1007,1747,839,2529,1038,865,553
B:TCTAA,687,0,1211,1611,1947,1100,1221,1416,2332,1628,1166,1620,1351,476,646,1075,428,1590,629,472,269
B:TCTAC,548,0,885,1278,1642,940,1012,1128,2207,1847,995,1246,1253,447,543,864,427,1298,581,417,273
B:TCTAG,639,0,1050,1412,1702,1041,1151,1233,2292,2011,1195,1500,1410,464,551,987,452,1418,631,484,295
B:TCTAT,745,0,1145,1419,1817,1088,1300,1423,2369,1549,1153,1740,1242,436,638,1083,432,1740,520,444,251
B:TCTCA,947,0,1697,2249,2724,1647,2020,2077,4068,3379,2009,2303,2310,762,885,1513,783,2225,1015,688,504
B:TCTCC,866,0,1775,2202,2645,1648,2042,2077,4181,3697,1933,2344,2323,664,773,1427,789,2211,1140,755,536
B:TCTCG,106,0,256,388,407,256,350,284,627,695,309,339,355,147,135,203,126,350,200,94,111
B:TCTCT,1538,0,2806,3419,4387,2779,3190,3569,6602,5144,3015,4226,4039,1117,1386,2244,1240,3672,1497,1207,662
B:TCTGA,909,0,1857,2345,2953,1750,2143,2174,4151,3675,1942,2348,2352,740,971,1552,778,2296,1042,761,555
B:TCTGC,743,0,1651,2340,2576,1571,1963,1963,3914,4034,1894,2197,2269,710,782,1384,738,2084,1112,676,552
B:TCTGG,876,0,1701,2286,2508,1672,2023,1885,4421,4022,2004,2249,2481,735,809,1447,759,2242,1136,762,577
B:TCTGT,1192,0,2297,2896,3668,2221,2623,2575,5308,4808,2426,2932,2918,925,1136,1939,898,3073,1338,894,665
B:TCTTA,824,0,1379,1795,2221,1343,1391,1675,2703,2058,1386,1830,1553,579,794,1142,462,1796,691,565,340
B:TCTTC,1082,0,1931,2391,3139,1875,2167,2366,4234,4092,2182,2588,2594,835,967,1637,881,2421,1161,844,569
B:TCTTG,877,0,1508,1904,2267,1430,1641,1703,3376,2802,1582,1856,1907,612,762,1269,675,1877,831,638,453
B:TCTTT,1616,0,2600,3176,4045,2442,2705,2954,5327,3857,2466,3304,2958,944,1390,2099,907,3233,1247,1116,600
B:TGCAA,647,0,1067,1296,1736,968,1229,1238,2333,1804,1096,1476,1349,487,590,920,444,1397,577,435,299
B:TGCAC,421,0,973,1330,1841,1009,1375,1207,2486,2659,1140,1284,1357,417,523,914,480,1394,756,355,285
B:TGCAG,751,0,1516,2325,2670,1461,2060,1884,3862,4176,1879,2027,2118,698,827,1434,750,2149,1221,661,516
B:TGCAT,701,0,1293,1562,2233,1162,1548,1563,2847,2393,1370,1857,1605,582,653,1216,528,1762,794,557,308
B:TGCCA,725,0,1345,1954,2169,1314,1802,1659,3446,3257,1602,1770,1829,657,698,1195,639,1829,851,603,476
B:TGCCC,555,0,1200,1727,1754,1165,1497,1321,3050,3312,1498,1571,1695,499,549,969,619,1488,932,483,476
B:TGCCG,77,0,272,387,417,220,349,288,606,756,295,306,331,133,110,180,125,322,253,85,113
B:TGCCT,978,0,1735,2669,2786,1787,2236,2097,4417,4544,2238,2487,2548,813,851,1601,827,2361,1203,742,637
B:TGCGA,84,0,175,208,283,138,211,147,358,382,167,183,197,72,84,124,54,214,138,56,50
B:TGCGC,93,0,242,416,361,224,303,239,546,819,235,288,310,109,106,148,126,260,259,92,94
B:TGCGG,78,0,248,381,405,250,341,273,527,763,249,310,352,116,117,161,125,317,223,97,121
B:TGCGT,83,0,232,296,444,221,324,274,523,699,285,313,272,112,115,174,104,319,172,77,95
B:TGCTA,633,0,1033,1375,1707,952,1169,1330,2238,1815,1121,1439,1286,468,632,917,463,1450,615,430,297
B:TGCTC,644,0,1494,1813,2187,1347,1749,1568,3348,3573,1643,1785,1890,588,706,1112,659,1859,958,565,399
B:TGCTG,902,0,2076,2924,3321,1962,2606,2362,4881,5401,2398,2484,2743,857,1022,1724,983,2696,1517,799,683
B:TGCTT,925,0,1789,2368,3008,1615,1959,2209,3797,3340,1950,2332,2212,768,967,1631,749,2374,1048,703,462
B:TGTAA,716,0,1384,1777,2372,1285,1553,1609,2684,2092,1394,1790,1564,587,805,1252,517,1818,717,505,321
B:TGTAC,571,0,885,1245,1524,882,1202,1065,1957,1772,984,1137,1144,392,568,838,396,1123,537,381,233
B:TGTAG,640,0,1210,1659,2042,1283,1451,1436,2863,2749,1328,1532,1542,536,668,1102,541,1681,733,464,339
B:TGTAT,874,0,1551,1927,2622,1482,1720,1767,3269,2234,1478,2231,1778,650,1005,1316,525,1964,751,614,331
B:TGTCA,717,0,1412,1847,2305,1273,1575,1642,3288,2873,1441,1741,1681,633,712,1189,602,1848,833,543,416
B:TGTCC,603,0,1319,1741,2011,1198,1618,1409,3237,3345,1382,1624,1680,565,594,1040,584,1648,805,518,441
B:TGTCG,72,0,203,220,298,173,235,190,437,465,200,221,239,82,87,138,91,211,180,76,71
B:TGTCT,1100,0,2097,2652,3371,1959,2357,2346,4697,4297,2236,2651,2670,824,1034,1728,781,2691,1220,788,638
B:TGTGA,850,0,1621,2054,2687,1540,1860,1963,3921,3439,1778,2174,2057,713,865,1414,662,2260,950,669,445
B:TGTGC,596,0,1280,1889,2352,1281,1745,1593,3430,3504,1563,1779,1738,515,708,1212,639,1918,948,483,390
B:TGTGG,803,0,1678,2319,2756,1566,2100,1866,4361,4420,1915,2141,2210,745,803,1483,766,2255,1183,759,569
B:TGTGT,1535,0,3142,3661,5624,3259,4594,3724,8217,6970,3590,4891,4697,1333,1603,3146,1265,4871,1789,1202,910
B:TGTTA,686,0,1179,1570,1965,1075,1204,1374,2159,1589,1147,1507,1237,495,682,1046,431,1487,607,445,262
B:TGTTC,766,0,1372,1766,2158,1257,1518,1603,2954,2431,1410,1804,1664,603,718,1211,572,1748,763,568,383
B:TGTTG,717,0,1338,1769,2171,1306,1508,1607,2988,2424,1439,1781,1632,530,776,1205,549,1667,750,552,356
B:TGTTT,1435,0,2534,3367,4292,2598,2701,3054,5053,3965,2661,3478,3009,1058,1436,2232,996,3387,1326,1015,633
B:TTCAA,943,0,1497,1953,2370,1436,1609,1860,3071,2173,1581,1883,1851,662,826,1394,548,1917,748,641,379
B:TTCAC,617,0,1155,1424,1847,1018,1213,1328,2407,1967,1149,1440,1325,489,644,964,482,1465,668,436,306
B:TTCAG,910,0,1726,2299,2846,1633,1983,2059,3785,3229,1899,2139,2153,765,928,1578,731,2293,1015,712,510
B:TTCAT,1112,0,1635,2040,2656,1449,1785,2004,3379,2217,1566,2290,1981,736,974,1464,629,2242,866,665,337
B:TTCCA,1069,0,1799,2394,2772,1704,1941,2205,4043,3222,1990,2392,2267,832,960,1539,751,2290,999,772,478
B:TTCCC,868,0,1569,2075,2428,1479,1756,1899,3901,3111,1787,2154,2111,630,740,1272,715,2049,992,704,515
B:TTCCG,96,0,245,343,383,270,280,258,550,592,272,283,342,102,119,177,136,302,198,113,87
B:TTCCT,1328,0,2457,2932,3781,2150,2555,2888,5228,4353,2462,3233,2913,989,1150,2068,1022,3048,1316,1020,650
B:TTCGA,124,0,229,282,283,196,213,203,430,400,214,206,236,79,98,165,95,209,128,84,73
B:TTCGC,75,0,157,217,229,122,144,140,312,240,142,183,170,71,71,97,55,153,99,58,49
B:TTCGG,89,0,211,273,299,212,236,188,455,482,217,255,234,103,107,148,101,232,165,84,81
B:TTCGT,90,0,221,258,351,201,241,264,403,392,202,276,261,101,103,175,69,249,128,85,60
B:TTCTA,929,0,1456,1920,2389,1452,1542,1799,3001,2048,1482,2084,1714,611,867,1365,590,2056,763,581,348
B:TTCTC,1098,0,1905,2534,2991,1855,2111,2408,4380,3411,2144,2621,2545,808,1009,1665,870,2444,1063,800,559
B:TTCTG,1250,0,2211,2825,3532,2126,2494,2662,4989,4307,2416,2802,2838,895,1161,1959,930,2885,1325,922,703
B:TTCTT,1645,0,2633,3285,4209,2529,2783,3102,5423,4236,2568,3446,3103,1041,1501,2196,1011,3390,1341,1163,609
B:TTTAA,1364,0,2488,3319,4276,2485,2452,2959,4153,3251,2467,3106,2598,990,1523,2064,799,3201,1164,947,555
B:TTTAC,670,0,1166,1511,2062,1051,1295,1348,2191,1574,1117,1503,1258,474,688,1012,453,1512,598,421,292
B:TTTAG,815,0,1279,1670,2180,1175,1329,1532,2414,1672,1246,1726,1378,548,711,1106,476,1642,601,484,311
B:TTTAT,1430,0,2251,2896,3761,2270,2463,2665,4349,3001,2137,2940,2381,942,1371,1922,752,3009,1067,940,457
B:TTTCA,1187,0,1918,2483,3164,1722,1994,2234,3716,2576,1948,2385,2123,832,1135,1730,687,2609,978,794,470
B:TTTCC,1155,0,1952,2482,3084,1751,2018,2421,4135,2969,1963,2559,2347,820,1013,1675,819,2459,1036,827,506
B:TTTCG,101,0,217,250,312,209,195,201,392,359,198,241,214,88,96,160,72,234,128,77,63
B:TTTCT,1969,0,3085,3910,4967,3047,3339,3767,6584,4720,3131,4162,3680,1227,1774,2638,1199,3987,1557,1299,764
B:TTTGA,1083,0,1690,2216,2648,1577,1810,1994,3428,2655,1693,2126,2025,778,927,1575,633,2038,929,672,442
B:TTTGC,737,0,1267,1574,2033,1109,1377,1544,2656,2095,1359,1685,1512,551,706,1123,501,1568,668,541,289
B:TTTGG,936,0,1580,2053,2233,1469,1643,1794,3417,2666,1609,2009,1912,618,839,1342,603,1986,826,625,411
B:TTTGT,1282,0,2280,3110,3812,2286,2444,2713,4604,3635,2327,3147,2634,967,1340,2062,866,2971,1146,919,578
B:TTTTA,1647,0,2690,3524,4559,2648,2782,3120,4683,3384,2597,3358,2708,1077,1633,2303,910,3475,1241,1007,576
B:TTTTC,1489,0,2361,2977,3839,2207,2410,2806,4476,3149,2262,2990,2598,945,1308,2032,836,3000,1107,961,550
B:TTTTG,1351,0,2198,2886,3400,2145,2350,2465,4223,3269,2190,2789,2353,916,1304,1958,759,2695,1111,815,503
B:TTTTT,2830,0,4833,6378,7173,4949,5073,5195,8865,7488,4852,6017,5449,1921,2657,3880,1462,5832,2230,1713,1183
N:AACAA,587304,11194,541674,444366,507667,408028,368767,390962,371436,332920,293512,348585,265561,339708,340389,346352,275983,278353,241030,251007,134541
N:AACAC,288203,5950,295536,246382,271104,221840,206935,214561,211564,188396,166988,190109,150366,192072,192171,188030,152518,152230,133495,139694,74740
N:AACAG,342783,6321,348362,289973,316369,263697,241656,252387,249133,219328,198949,223844,178409,225739,227733,220186,181121,175526,158454,163892,88858
N:AACAT,393405,8046,375780,305155,353886,275804,254944,268279,250571,233561,198739,242278,175605,237424,236602,243079,194137,199113,163972,173854,89494
N:AACCA,323996,6486,322657,270615,291350,247508,228425,233513,233479,204432,186873,210110,171466,208844,210853,204029,168006,163539,149367,151104,85056
N:AACCC,202898,3970,204346,176351,180132,161298,150463,148877,156214,132193,123342,132123,116991,137507,136312,128551,108853,100609,97999,96385,56249
N:AACCG,24328,519,28042,24448,25230,22567,21791,20864,21051,19336,17418,19716,16388,18780,20123,17571,15396,14528,14197,13387,8431
N:AACCT,223360,4303,232365,195925,208035,178197,164891,168437,168283,148957,136326,149433,126087,154227,154491,146981,122708,118859,106463,108858,61228
N:AACGA,34235,689,37895,32288,35210,29248,27674,28309,27051,25494,22353,26407,20098,25073,26297,24717,20725,20515,18028,18412,10739
N:AACGC,24437,557,28104,24464,25707,22210,21281,20869,20702,19308,16857,19541,15891,18765,19510,18071,15294,14809,13725,13587,8226
N:AACGG,20880,464,27527,24631,24625,22134,21779,20573,20578,19726,17856,19865,16686,18975,20240,17604,15543,14421,14221,14004,8705
N:AACGT,31148,973,38954,34053,36642,30164,28653,28831,27375,26999,23309,28287,21529,26219,28020,26071,21727,21542,18819,19401,11654
N:AACTA,262369,4356,248308,200142,232916,183835,166648,176542,163164,151295,132458,158531,116577,156802,154217,158578,127500,129711,107664,114886,60574
N:AACTC,290666,5942,286374,241030,259847,222722,205761,209632,211199,181859,167730,185590,155882,186341,184247,179914,149406,144310,132871,133924,75878
N:AACTG,270087,4979,284875,239308,258864,215965,200690,206521,201296,180958,165436,184138,150019,187829,186077,181566,149603,146404,128969,134337,75088
N:AACTT,337695,5963,328366,268210,306399,243780,223273,236022,221240,202921,178797,210865,158998,209086,207793,208170,168727,170680,144394,151960,81846
N:AATAA,609239,10272,570169,460370,544722,419665,388040,406086,366371,350258,295151,369442,264732,359284,344796,370861,294852,308219,248073,259786,136103
N:AATAC,272808,4568,251861,201891,237426,183959,169431,179941,166091,154001,130943,161829,114911,158179,154944,163066,129294,133445,109652,115590,59326
N:AATAG,320518,5085,292001,233566,273782,214429,194897,206911,193267,177773,152525,185477,133392,183310,179362,185199,149290,152992,126559,134205,69548
N:AATAT,563552,8935,495137,389394,481590,356360,330248,350412,310696,298251,241936,316963,210655,308386,293526,328874,257021,275441,214053,221813,110121
N:AATCA,359621,6245,336243,273247,317419,248792,227365,241577,228311,207767,179884,214874,157874,213702,211018,214956,172945,175572,147283,154907,80844
N:AATCC,235411,4373,223113,188450,201658,173924,160180,163454,170158,142385,129189,144473,120021,145947,144932,141619,116250,113307,103834,104304,58851
N:AATCG,25327,502,27314,23468,25906,21345,20382,20419,19883,18626,16200,19381,14799,18441,19235,17782,15128,14896,13030,13553,7719
N:AATCT,329945,6050,315359,257654,293387,235079,215213,227535,216607,195471,171876,202065,153632,200378,198725,201201,162238,163261,139766,146099,78722
N:AATGA,414014,8373,403926,332780,381784,301213,277294,290539,271470,254156,218022,261188,192922,261933,254237,263382,212552,216063,176572,188096,98982
N:AATGC,239051,3968,239507,199587,222221,178273,165337,171581,165968,152108,133215,153715,119879,156878,154418,152406,124254,125410,105228,113013,60009
N:AATGG,370048,6493,335351,276195,310415,254935,230848,242860,242170,209473,184595,212259,162575,216424,212441,213216,174301,170734,150280,156619,83116
N:AATGT,392113,7154,385637,313610,362372,280972,263289,276157,255973,241134,204782,249089,181504,249709,244808,251026,200657,206705,168299,178344,93454
N:AATTA,423003,6921,399517,320365,385054,288788,269953,282647,250076,245149,203856,258034,178168,250425,241132,260524,206436,219652,172178,182329,92816
N:AATTC,370443,6663,333143,268478,314590,248251,225423,239077,230404,201965,176825,211450,155115,208142,206026,212097,168933,172379,146789,152029,79710
N:AATTG,335344,5895,293381,236337,278764,218960,198901,210266,202671,177685,154820,186959,134230,185150,181581,188676,149818,154155,129062,134284,69755
N:AATTT,617033,10358,542091,433023,530083,396880,362549,387723,351187,325307,275533,348747,237673,339360,327841,354978,277309,292660,236503,246131,125156
N:ACCAA,312270,5578,297662,247769,271480,226127,206828,215558,215198,186570,168923,190524,151037,190954,192150,189516,153693,150451,136165,139436,76437
N:ACCAC,197444,3987,214980,187828,187905,170441,162054,157348,164832,141293,131463,141112,127512,146320,146611,134660,115941,107917,103607,102249,59862
N:ACCAG,255526,4856,259240,222643,227464,206667,189735,188738,200802,166520,156042,164005,147453,171800,172168,161746,137063,126420,124110,120928,70383
N:ACCAT,273161,5352,267417,225301,240380,204291,189651,193412,197405,170791,153325,171784,140761,175377,174602,169198,141498,136649,122187,124170,68623
N:ACCCA,291569,5113,290540,250445,256386,228655,214070,213012,223824,186733,173216,183107,161210,193509,188644,181634,153929,143453,138268,134535,77555
N:ACCCC,147889,2742,159556,142957,135946,131300,126185,117859,127042,106576,100976,104010,99202,110769,108587,99788,88816,78260,80713,75251,46492
N:ACCCG,24118,493,27686,25186,24112,24258,23143,21150,22721,19320,18382,19440,18226,19980,20044,17279,15686,13754,15032,13293,8580
N:ACCCT,204518,4095,213642,187784,184527,171368,159795,155847,167096,139794,130879,136867,126291,149142,144297,133356,116167,106439,104823,100292,59362
N:ACCGA,24524,479,28199,25203,25372,23169,21868,21403,21674,19533,17786,19615,16583,19095,20082,17910,15599,14531,14375,13657,8304
N:ACCGC,15614,323,19913,18409,17195,16955,16543,15129,16019,13894,13381,14161,13171,14166,14269,12562,11636,10098,10790,9789,6366
N:ACCGG,20266,467,23514,21090,20095,19884,19317,17625,18747,16221,15405,16320,14983,16350,16776,14810,13392,11961,12435,11257,7056
N:ACCGT,18422,594,26354,24105,23214,21572,20997,19928,19944,19009,17346,18842,16336,18140,19704,16820,14938,13876,13634,13223,8420
N:ACCTA,206249,3837,192589,158070,175484,145998,133224,139385,138183,120369,107342,121850,96107,123063,121908,121447,100037,97692,86224,88677,48085
N:ACCTC,194050,3591,205410,177647,178769,163476,152257,150188,158204,133509,125405,130538,118466,140105,138239,129824,110128,102757,97869,95860,56172
N:ACCTG,230658,4532,245628,213224,212632,196281,182751,180606,193942,159637,151136,155957,143652,167859,163292,155614,131729,122061,118467,114708,66166
N:ACCTT,240425,4496,245833,207527,219587,188878,174820,178389,180438,157734,143853,157083,132963,162381,162563,154164,129879,125438,112702,114696,64826
N:ACTAA,268480,4769,249817,202580,236286,186170,168519,180430,166366,152975,133569,160145,116587,158435,154874,161042,128272,129797,108761,115347,61002
N:ACTAC,151843,2461,143916,118844,131917,108154,99364,104392,101158,89528,79655,91555,72295,92657,92288,93211,74715,75063,64411,67333,36143
N:ACTAG,171183,2997,163884,135074,148497,123387,111849,117481,114924,101182,93241,103030,82834,106135,103421,103469,85165,83465,72609,76234,41478
N:ACTAT,270670,4186,242188,193399,225460,177614,160960,172136,159859,146458,125985,152566,110980,151215,147746,153847,123218,126143,104456,110286,57132
N:ACTCA,316845,6532,323308,276170,291984,251483,233600,237107,240589,206025,190412,206354,177047,213573,210668,203910,171175,164180,150706,151617,85453
N:ACTCC,212470,4239,212122,180302,189025,167235,154379,155611,162572,135508,126014,134445,117160,141730,138490,133735,112395,104976,99104,99079,56213
N:ACTCG,22253,396,28071,25616,25047,23727,22752,21063,21760,19878,18648,19587,18546,19802,20645,18156,16012,14719,14724,14030,8997
N:ACTCT,279810,5064,295015,248570,264931,226205,208330,214029,214067,190047,172250,189517,158538,194243,192377,186143,155410,150418,134792,138543,77560
N:ACTGA,292327,4830,306824,258537,279454,234451,219969,223104,220327,195639,178623,196689,162869,204699,200462,195424,161920,158825,139197,144848,80356
N:ACTGC,173564,3338,190010,165877,169587,149137,138770,140521,144054,123659,117104,122051,107658,130192,128633,122015,102055,97101,89720,91565,52964
N:ACTGG,248376,4875,256941,219099,226057,200197,186013,186476,196163,164367,153616,162162,142932,171680,169060,160228,136592,126735,120697,120056,68305
N:ACTGT,249339,4592,280739,240077,255526,213834,201061,204286,201679,181679,165531,183163,151656,189057,187940,180645,150127,146266,130757,134974,74630
N:ACTTA,238882,4184,237816,195062,221888,175092,162056,169722,157460,147751,128777,153135,115308,151852,149634,151888,123006,124731,103602,109760,59273
N:ACTTC,268976,4693,269774,224285,247595,205598,187707,196095,190748,170847,152556,172905,137403,175424,174791,171575,141249,136811,121436,127063,68990
N:ACTTG,243586,4222,250760,212130,225587,191341,176716,181777,180272,160141,145966,160704,134435,164118,164589,157480,131574,128329,113277,118629,66310
N:ACTTT,407606,7202,390664,319791,366687,290118,265382,281164,262739,241550,209899,248560,186356,249938,244999,249827,200099,204062,170460,180350,96829
N:AGCAA,349553,5947,360480,301287,326220,272396,250699,259216,252666,227689,206343,231502,187685,234128,234529,226689,187813,182602,161813,169579,92868
N:AGCAC,193250,3450,220728,194425,194604,175491,164031,161963,167394,144372,137391,138671,130923,150611,148817,138851,117397,111483,104926,104814,60968
N:AGCAG,288657,5203,330606,289224,288913,261424,242427,241861,250283,216865,205848,210755,193666,226331,223836,208932,178820,165747,159177,158371,91789
N:AGCAT,285585,4551,300902,250550,273164,225936,209144,215674,210207,192574,170611,192647,154663,198493,194586,189828,157167,156402,133706,141339,76972
N:AGCCA,291601,5282,327610,289857,281613,263829,247911,239747,253007,216245,206204,211642,198635,222981,220039,203350,178109,162627,158305,155252,92429
N:AGCCC,155927,2756,186149,171218,154733,156677,148687,137717,151517,126140,123304,119902,123254,131155,126909,115577,103458,90375,95168,89340,54845
N:AGCCG,19966,415,28858,27441,23816,25676,24769,21303,23081,20745,20249,20236,20634,21000,21077,18058,16824,14607,16174,14436,9515
N:AGCCT,244188,4566,270725,241112,233284,220038,203793,199659,214693,177585,172990,173112,166931,188781,183921,169998,148264,134364,132744,128320,76813
N:AGCGA,21043,419,27930,25913,24664,23370,22825,21267,21203,20096,18186,19952,17963,19738,20988,17835,15807,14753,14377,14062,9026
N:AGCGC,14630,320,21222,20415,18171,18868,18261,16422,17242,15213,15190,14999,15323,15087,15770,13541,12565,10921,11845,10619,7311
N:AGCGG,17981,387,24981,23597,20801,22136,21233,18997,20306,17962,17511,17899,17672,18025,18460,15541,14798,12429,14053,12354,8171
N:AGCGT,20820,455,28585,26400,25933,23990,22756,21478,21736,20375,18655,20419,17909,19830,20929,18389,16290,15379,14898,14430,8999
N:AGCTA,245487,3770,245376,203647,221416,185150,169874,174531,169981,154181,139591,155341,126857,158533,154948,153369,126877,124221,109104,113702,62919
N:AGCTC,226315,3790,250138,215725,217308,197749,182408,181267,187511,160592,153033,156985,143141,169019,166070,156679,132405,123836,118236,116863,67691
N:AGCTG,284536,4914,322894,281956,279393,255959,237643,234334,242591,209493,198592,203489,188530,220887,215507,202027,173958,160401,153759,152433,88487
N:AGCTT,274096,4648,288833,244371,260115,220478,200694,206514,204703,184070,169033,184263,153410,189803,189318,181447,150891,145724,129600,136227,76315
N:AGTAA,270597,4923,267399,216649,250772,195197,181542,190554,175060,164444,143294,171800,127142,170613,168324,170991,138461,141040,115381,123767,65654
N:AGTAC,198482,3373,174073,143238,162337,131470,119741,126164,123858,106910,94622,108771,84753,112384,108323,111515,89446,88234,77001,79085,42701
N:AGTAG,216315,3629,206003,170924,188580,156365,142278,149717,144962,129503,114901,131872,102865,132771,132777,132284,108553,105732,91523,97655,52053
N:AGTAT,260384,4322,239693,192517,225217,175631,160960,170952,156709,146599,125088,153254,110739,152202,148810,155518,123903,126851,104805,109997,56944
N:AGTCA,256897,4401,283376,240068,254523,215756,202431,204532,203432,181645,166104,182336,151659,187427,186909,178953,150209,145254,129196,134437,74759
N:AGTCC,185450,3424,189874,162285,166953,148702,136365,138921,146265,122376,114379,119593,106225,128592,125080,119038,101001,93870,89575,88403,51759
N:AGTCG,23582,510,26712,23302,23938,21849,20813,19763,20152,18405,16690,18411,15634,18152,18711,16999,14888,13796,13347,13059,7805
N:AGTCT,273427,4822,283511,240213,256467,218882,198453,206083,206081,180998,166617,182378,151529,188276,186432,179129,149044,143812,129421,133981,74467
N:AGTGA,281565,5102,297339,252519,269556,227566,212470,217432,217506,190320,172172,187925,158437,198486,194655,189066,157994,152918,135288,141069,78083
N:AGTGC,151135,2591,169473,150194,150473,135198,125889,125084,130794,111161,105545,107340,101577,117091,113923,108219,90512,86548,80817,81472,47306
N:AGTGG,274412,5053,269913,231128,240212,212546,195817,198598,206412,172677,160019,170404,147856,179638,176613,169929,143232,134631,126675,125736,71929
N:AGTGT,263149,5190,286580,243748,258465,218337,204328,208881,206631,185163,168011,183376,152743,189060,187736,182732,150504,147831,131788,135953,74801
N:AGTTA,246325,5130,247208,200521,230145,182993,168922,177733,165410,153484,135624,160170,120452,158347,155980,157343,127854,129761,108700,114636,61847
N:AGTTC,269806,4776,272254,229281,243977,211273,194809,197874,198187,172004,158920,175496,149954,178319,174954,170169,142881,136976,125770,126640,72571
N:AGTTG,229153,3957,234561,195607,212376,177314,163742,168138,166264,148263,134628,150592,120751,152152,151702,147127,122022,119254,105071,110185,60798
N:AGTTT,415518,7377,393880,323232,371511,294693,268879,284953,267008,243267,215243,252862,190278,251228,249680,253585,202467,205103,174364,183640,98164
N:ATCAA,357372,5806,322856,259421,303587,239287,217959,231728,221793,197497,170740,204937,148759,203204,201647,205973,165034,166440,142421,148498,77303
N:ATCAC,206600,3553,214069,178059,194732,160274,150466,154266,153273,137019,121343,136602,108867,141054,140195,135423,113006,111183,96853,101023,54742
N:ATCAG,288462,5230,276250,229480,253262,211194,193395,201444,203953,173694,156519,176037,140014,180520,178858,174991,143990,139707,125569,128825,70083
N:ATCAT,327518,5649,306661,248437,288090,226454,208057,219890,207887,191106,161851,196791,142732,195304,191295,197201,160378,163205,132842,141300,73258
N:ATCCA,353774,6074,319532,265453,291839,247218,226078,232740,238968,199279,178033,200572,157751,205843,201503,203131,166000,160683,145370,146609,79643
N:ATCCC,218006,3767,212086,181416,185476,168277,158042,155809,166172,136943,127329,135946,120256,143162,138115,134972,114052,106238,100465,98481,57546
N:ATCCG,19376,431,22758,20993,20520,19147,18920,17174,18421,16174,14946,16209,14975,15624,16538,14596,13167,11958,11993,11249,7259
N:ATCCT,313847,5728,290581,241919,263356,224024,204747,213307,218250,183618,166041,183889,149378,190196,187795,184764,152161,146178,133517,134181,73919
N:ATCGA,32920,691,31797,26532,30059,24837,23181,23867,23636,20742,18109,21393,15787,21181,21315,20215,17077,16706,14526,15177,8350
N:ATCGC,13744,285,17261,15980,15799,14471,14053,13177,13530,12614,11263,12569,10827,12169,13080,11319,9976,9586,8825,9011,5537
N:ATCGG,16489,358,20186,18151,17775,16389,16003,15007,15806,14227,12950,14641,12432,13863,14695,12956,11219,10679,10420,10040,6159
N:ATCGT,22666,599,27124,23720,25350,21229,20262,20150,19535,18691,16523,19614,15186,18698,19269,17822,15236,14887,12987,13591,7821
N:ATCTA,281166,5601,274243,221605,254683,202674,188583,195263,184556,172568,146407,178683,131849,176760,172028,172483,143708,142842,121191,126529,67599
N:ATCTC,275500,5152,281318,236613,251498,215913,199804,205174,206333,180124,164345,180418,151838,183699,182472,177959,148160,143298,128726,130978,73425
N:ATCTG,319410,5868,318233,267354,287736,245312,225364,231130,234270,202625,184042,203650,167026,208736,205600,200820,166408,160209,146067,148492,81829
N:ATCTT,423889,7756,389878,315891,362476,291536,264400,280946,271520,239394,210157,246890,186222,245925,243482,246806,199810,197976,171630,179056,95384
N:ATTAA,428122,7405,405651,326941,389684,297111,276947,288808,259745,249344,210204,263101,185809,256624,246554,263469,209680,221155,177016,184982,95199
N:ATTAC,200808,3462,191650,155494,181673,141226,131740,136503,127560,119774,100998,124456,90307,122888,119888,124430,99778,102962,83429,88575,46114
N:ATTAG,243161,4185,229050,184743,216502,169568,154909,163641,152210,142207,121941,147465,106757,146104,142482,147040,117842,121228,100171,106131,55470
N:ATTAT,436259,7239,399353,317775,382323,287964,268602,281658,250756,243859,200604,259344,175192,250061,238356,262307,208153,220386,170731,180390,92239
N:ATTCA,373914,5916,358408,291465,334845,266008,246055,256246,243478,222797,191709,228641,170485,231361,223867,230175,186641,189496,156747,164447,86257
N:ATTCC,295055,5194,273050,223629,250518,207070,188373,197722,199739,169685,151800,172018,137033,175352,173695,172682,140910,138355,123498,125814,67886
N:ATTCG,33419,705,32234,27456,30471,25200,23202,24272,24462,21108,18774,22297,16437,20853,22013,20744,17432,17103,15068,15674,8624
N:ATTCT,450587,8149,422138,342913,395146,312448,284426,302805,288776,259006,226733,267740,198673,266720,264440,269658,216505,220129,185794,194767,102146
N:ATTGA,318359,5143,289196,232318,272350,215149,197714,207651,200245,177271,152161,184495,133319,183972,179047,185079,148767,151458,127629,132021,68988
N:ATTGC,209124,3685,197460,162411,185195,148412,135354,142102,138865,123743,108132,125879,95131,128320,125524,127952,102842,103373,87426,92568,48905
N:ATTGG,262298,4694,234404,192441,215679,176219,161092,168066,171672,144885,127464,148557,112758,149927,148853,148558,121517,119808,106483,107714,58272
N:ATTGT,342323,7134,315581,254824,298178,232306,214285,226542,214317,192414,165580,201098,145968,200158,197609,204316,161481,166803,138614,145719,75465
N:ATTTA,494531,7958,476695,387027,457233,350062,327095,338433,299988,295149,246321,312151,222412,302524,289902,312391,248970,260642,206914,219276,113653
N:ATTTC,469850,7996,435259,353368,413191,322367,293381,313173,293080,268552,231389,279950,203473,276849,271474,281905,224065,230868,191353,201222,105341
N:ATTTG,437970,6965,403811,328956,381362,299098,273616,290291,272121,249939,215685,258556,189974,256015,251625,259573,207590,211824,177414,186588,97392
N:ATTTT,881658,16030,779767,626655,756812,571590,522539,559273,504292,471767,399873,500195,348313,487888,473691,509587,399119,419287,338862,355211,182273
N:CACAA,354443,6608,349630,288348,318218,263383,244043,252389,251053,217950,196325,222331,176394,223262,223985,219852,179067,177341,158231,162306,88208
N:CACAC,422091,9329,592309,509885,496092,454805,456037,428774,417564,401973,372167,383936,355721,394381,391026,361196,306412,299551,274931,280021,164115
N:CACAG,319476,5896,389853,343489,340307,307299,292640,284173,295175,258379,243486,248843,227617,271030,266903,245379,210700,197353,188543,186550,106633
N:CACAT,345800,6266,382368,321507,338708,285881,277772,274562,271536,248017,222369,247034,204319,251549,250718,238529,198089,196928,174277,178645,99254
N:CACCA,280020,5340,291887,254848,257175,233040,218758,214026,228405,191074,177935,186914,170097,196132,196625,184008,156910,145650,140650,138113,79981
N:CACCC,177906,3430,199176,180648,169892,165113,158687,148177,160620,134060,126491,128035,124592,139541,135824,123317,110628,99660,101404,93435,57197
N:CACCG,21002,633,30044,28491,25831,25974,25466,22933,24318,21943,20873,21223,20633,21413,22250,19058,17778,15369,16488,15054,9821
N:CACCT,228072,4373,244794,213080,212259,194916,183002,180232,193072,158918,149735,154302,142312,165663,163479,153621,130806,121673,117200,114713,66425
N:CACGA,29931,556,35826,32365,32172,29136,27899,26967,27631,24918,22640,25061,21275,24600,25876,22907,20093,18648,17792,17831,10642
N:CACGC,26236,594,38239,36505,32366,33344,33630,28725,30122,27120,26248,26902,26921,26741,27827,23916,21418,19786,21140,18644,12488
N:CACGG,26796,559,39767,37632,34465,34416,33737,30107,31345,28841,27308,27990,26545,28973,29954,24959,23236,20313,21511,19704,12642
N:CACGT,34911,892,47889,44610,42795,38853,38976,36632,36594,34112,32022,33979,31333,33067,35996,30602,27462,25535,24680,24123,15342
N:CACTA,205293,3563,195786,161975,177885,147492,134569,142363,138960,121444,109635,122943,98682,126907,123956,124635,101003,100076,87706,90999,49171
N:CACTC,209867,4279,225389,197231,200169,179248,167551,166461,173192,147768,137316,143009,129662,152428,150440,143263,121265,114254,106913,106953,61403
N:CACTG,261460,5180,304143,267061,269172,239259,226939,224733,235341,200925,188863,194086,177399,209635,206762,192496,164473,155442,145989,146704,83948
N:CACTT,293647,4914,297993,251334,271491,227647,209443,216448,213857,189191,169937,189006,154874,195307,191772,189553,155503,152160,133966,139572,77594
N:CATAA,305092,5364,291294,235235,272258,213151,197155,206488,194148,179624,153862,187160,136681,185114,180868,186727,149960,154750,127101,133558,70253
N:CATAC,203902,4596,215491,177387,192378,161155,153510,154210,147996,137970,121459,140199,111043,138393,138308,134719,110719,111431,98210,100032,55033
N:CATAG,250020,4310,239739,199018,218713,180555,165649,173532,170580,150368,133086,153103,120732,158040,153098,153270,125470,124167,106667,111505,59980
N:CATAT,392283,7263,361729,287742,334804,260640,246570,255973,236931,222414,185847,231058,164820,228069,218135,231734,185691,192928,157011,163390,84008
N:CATCA,293186,5101,299241,251793,271403,227723,213033,217496,219692,193491,172047,192315,154555,197412,196472,190931,159329,154233,135987,141580,76870
N:CATCC,249507,4293,249609,215291,221905,198861,186485,184287,192987,162801,149073,158259,135919,169262,164142,159713,135755,125644,117588,116626,66518
N:CATCG,23008,590,29079,26208,26079,23622,22951,21941,22733,20691,18722,20840,17713,20332,21345,18932,16348,15706,14331,14622,8844
N:CATCT,346854,6285,361806,307378,324463,278228,258935,262959,263903,233693,211891,232434,194208,240087,236543,228270,191728,183495,165434,169871,94040
N:CATGA,285022,4739,298541,246666,269811,222522,208232,215415,212343,189662,167913,190330,151990,194876,194931,188731,157129,154922,133021,140016,75355
N:CATGC,191034,3298,224601,193043,193781,171346,165520,161734,165876,148483,136265,143053,128847,152002,150163,139164,118411,114856,103350,105633,60702
N:CATGG,266606,5415,287636,248039,251396,221439,210319,209514,220673,189045,172836,184293,161223,195314,193972,181813,154968,145472,135507,135873,76474
N:CATGT,299501,5858,329499,277416,291519,247411,237226,235864,235024,212645,191176,210363,176464,218370,216626,205987,171930,171589,150388,154385,84846
N:CATTA,265236,4641,259992,212323,245552,192493,179126,185765,172385,163622,139529,169759,123375,168013,163120,169343,136975,140817,113704,121586,63477
N:CATTC,283242,4970,281946,234446,258071,212927,195767,202953,200496,178679,158673,178921,142419,187179,181883,180251,148042,145842,126635,131457,70644
N:CATTG,294574,5954,282793,232787,262054,210461,195378,203160,201988,177589,153721,180254,137201,185541,181919,181763,147511,146792,126448,131473,70066
N:CATTT,572167,10427,539661,442585,511098,399505,366485,389247,360708,336971,288680,347308,253862,344198,338972,348675,279231,285448,233579,251551,131364
N:CCCAA,284738,5271,274313,234616,242949,215464,199001,200969,209767,175983,163455,175644,152257,182794,179955,172900,146062,135459,130056,127696,73771
N:CCCAC,234517,3929,252218,224558,216912,203639,193699,185269,196566,165976,156469,160781,150613,171929,168421,157484,136489,124953,124067,117067,70636
N:CCCAG,285893,5066,326700,297546,272382,272446,257285,242039,266834,216668,212808,207368,211893,229348,219065,203213,179870,158853,165632,153689,94299
N:CCCAT,260714,4447,255111,217606,226493,199236,185531,187016,196887,165001,150467,161465,137793,171291,167237,160449,137264,128079,119391,120043,67476
N:CCCCA,265039,4610,282436,251716,240076,230835,220709,207208,225318,186607,177765,180713,172935,195056,188964,175947,155435,138717,140436,132284,79880
N:CCCCC,185714,2838,201989,182438,170391,166437,165520,147796,158310,138157,128290,135868,129937,138670,138422,126683,116328,100110,103720,96418,61275
N:CCCCG,32777,558,38954,36907,32931,34788,34369,29006,31635,27180,26204,26836,26829,27885,27948,24199,23110,19111,21837,18762,12560
N:CCCCT,229837,3923,235199,206769,204155,191205,182172,174698,186801,154476,145915,152191,140483,162242,157098,149018,130742,116898,115895,110036,67344
N:CCCGA,26675,570,31838,29931,27124,28251,26883,24412,26741,22546,21853,22196,22075,22932,23488,20296,18271,16179,17472,15766,10301
N:CCCGC,20582,334,26746,25859,21858,25059,24282,20347,22405,19210,18918,19175,19839,19768,19755,16610,16420,13056,15716,12964,9281
N:CCCGG,37522,671,39884,36942,34450,36201,34082,30570,33167,27273,26135,27098,26816,28458,27762,24788,23359,19778,22109,18675,12306
N:CCCGT,24844,544,31053,28403,27126,26530,25656,23267,24912,21878,20445,21802,19909,22261,22784,19326,17713,15503,16411,15179,9502
N:CCCTA,179884,3546,169255,142757,148588,132180,120829,123686,129368,107413,99346,106995,91767,114376,110173,106425,89721,84149,79347,78396,44468
N:CCCTC,217462,3858,253679,226420,215862,207882,198845,188144,201726,171068,162376,165146,156716,177095,172950,159235,140982,127616,126111,119569,74298
N:CCCTG,273296,5094,294411,264596,249641,244354,228857,218778,238978,194218,186190,185933,183612,207434,198014,186314,162682,144650,148894,138352,83648
N:CCCTT,266959,4537,272097,232565,240425,211593,196657,199142,204941,176217,163331,174642,151369,183141,180376,170415,146898,136013,127626,127774,74235
N:CCTAA,227769,4537,212172,175962,194174,161004,146019,154701,152980,131924,119504,135642,106374,136384,136720,133551,109392,106930,95115,98206,53499
N:CCTAC,142314,2725,145970,123576,129502,113376,104538,106926,108671,94460,86741,93477,79471,97748,96360,93046,78310,74117,68136,68998,39268
N:CCTAG,188545,3502,186008,159063,161899,146691,134701,135748,141774,118898,112135,116677,104211,124655,120496,116733,98872,92004,87219,86134,49334
N:CCTAT,213427,3760,196345,159373,178432,147335,135087,141860,140899,121987,107726,124211,96907,128240,123817,123851,101883,100732,88668,90475,48588
N:CCTCA,276990,5299,289543,251708,253961,231195,214301,213098,224680,186986,176262,182844,164922,197533,193380,183057,155219,144970,138262,134542,78910
N:CCTCC,281445,4929,324475,288947,276467,265848,253620,239826,255885,219287,206617,211710,202712,224282,220203,204368,180111,162417,161870,154288,94829
N:CCTCG,31742,668,38353,35963,32493,33377,31989,29300,31830,26989,25928,26336,26317,27861,27872,23971,22060,19484,21045,18581,12422
N:CCTCT,347203,5929,380767,331411,328019,305605,284274,280387,293240,249591,236010,244139,224957,259076,251607,239235,205981,190008,182461,177743,107054
N:CCTGA,294127,5735,301102,259096,264321,239818,219346,221993,235642,192099,182228,189310,170559,203181,199313,190144,160407,148344,144346,140039,80822
N:CCTGC,192416,3490,229984,209830,193673,191969,182253,171104,186484,155808,152892,148265,150991,163973,159094,145493,129049,114313,117592,110404,67325
N:CCTGG,286607,5249,314519,287410,262587,266192,246803,234146,261636,209315,204932,200293,207599,222062,211969,198258,174035,153781,161185,147995,91103
N:CCTGT,281755,5493,303574,263441,263874,241098,224324,222271,234908,197362,186240,193121,174626,207829,204392,191504,162493,150763,147024,142220,81878
N:CCTTA,219584,3921,209805,174356,190569,158055,145129,152456,151351,132144,119241,134412,107704,136167,136068,132347,108897,106573,95746,97285,53725
N:CCTTC,304270,5329,332810,285838,293250,260325,240412,242863,249185,217599,201260,213272,188227,222953,222477,210739,178770,168033,155201,158637,91302
N:CCTTG,261556,4920,272821,233603,239659,214843,199490,199926,209267,176382,164932,172856,154640,184916,182579,171715,147013,135911,128659,127536,74057
N:CCTTT,406850,7504,402856,337472,362707,307935,280426,292338,291562,256289,231854,258696,213217,263625,264106,254399,210722,204298,183164,188318,105660
N:CGCAA,18083,380,20207,17714,18231,16195,15618,14905,15405,13875,12233,13916,11587,13458,14271,13136,11106,10586,10298,9896,5942
N:CGCAC,16771,417,24902,23820,21031,21528,21722,19039,19341,17951,17028,17403,17760,17661,18152,15910,14244,13049,13563,12245,8076
N:CGCAG,23762,461,32227,29989,27481,27583,26771,24319,25428,22330,21756,22591,21234,23173,23652,20400,18380,16429,17267,15794,10273
N:CGCAT,18619,392,24709,22548,22022,20287,19901,18572,18488,17642,15858,17602,15087,16662,17835,15842,14042,13369,12593,12269,7483
N:CGCCA,35196,663,36369,32734,31667,30880,29311,27728,29089,24828,23023,24506,22466,24649,24817,22682,20302,18325,19051,17410,10724
N:CGCCC,20668,428,26608,26153,21822,25479,25381,20616,23544,19414,19065,19392,21070,19919,19835,17053,16456,13400,16262,12965,9500
N:CGCCG,5496,140,7000,6503,5625,6746,6454,5358,6058,5080,4784,5038,5257,5097,5097,4407,4248,3239,4177,3364,2589
N:CGCCT,24257,469,30759,29980,25921,28157,26735,24107,25650,21725,21818,22034,22990,22129,22798,18990,18221,16019,17639,15228,10663
N:CGCGA,3486,72,4029,3563,3517,3549,3562,3073,3331,2823,2720,2927,2757,2732,2914,2492,2315,2058,2257,1903,1390
N:CGCGC,7274,113,10937,10072,9039,10316,10407,8301,9022,7883,7853,7649,8588,8095,7900,6630,6969,5322,6358,5099,3645
N:CGCGG,4943,101,6381,6143,5334,6466,6016,5110,5601,4690,4459,4775,4922,4952,4854,4014,3969,3120,4043,3121,2442
N:CGCGT,4033,82,6020,5750,4945,5268,5635,4396,4860,4360,4295,4356,4417,4168,4694,3931,3511,3231,3569,2933,2145
N:CGCTA,13077,262,16564,14923,14851,13296,12891,12597,12294,11632,10810,12053,10189,11497,11940,10480,9427,8807,8529,8272,5311
N:CGCTC,17049,329,25300,23763,21214,22191,21232,19165,19969,17823,17469,17853,17489,17672,18862,15894,14606,12754,14018,12323,8389
N:CGCTG,26818,627,36559,34794,31826,32302,31228,28185,29509,26594,25023,25809,24996,25965,27138,23222,21438,18652,19957,18275,11786
N:CGCTT,17534,363,24296,22845,21684,20570,19724,18218,18717,17598,16237,17557,16196,17547,18211,15711,13990,13270,12670,12594,8021
N:CGTAA,17811,348,22025,19215,20367,17252,16778,16282,15837,15206,13357,16031,12471,14700,15594,14370,12503,12125,10833,10981,6710
N:CGTAC,12099,339,15344,13560,13787,12360,11963,11163,11128,10519,9498,10890,8820,10222,10867,9560,8485,8070,7615,7631,4563
N:CGTAG,15825,359,20342,18137,18538,16311,15497,15089,15387,14005,12880,14259,12352,13993,14692,13251,11433,10841,10053,10168,6175
N:CGTAT,21572,799,25536,22233,23678,19939,18952,18689,17662,17546,14934,18010,13947,16972,17881,17034,14166,14260,12088,12744,7297
N:CGTCA,19822,441,26539,23903,23375,21615,21163,19553,19946,18673,17475,18842,16224,18363,19513,17098,15105,14120,13791,13309,8389
N:CGTCC,18345,408,23496,21732,20291,20318,19301,17834,19164,16428,15594,16559,15409,16782,17156,14805,13586,11999,12835,11461,7413
N:CGTCG,2342,125,3679,3483,3089,3347,3364,2953,2962,2764,2531,2773,2665,2537,2863,2362,2230,1901,2111,1852,1288
N:CGTCT,24561,512,33651,30453,29704,27728,26639,25211,25569,23997,22211,23863,21448,23492,24992,21444,19073,17697,17332,16802,10686
N:CGTGA,27804,584,37485,34473,33783,30850,30123,28146,28178,26395,24326,26840,22952,25841,27625,24077,21282,20097,18872,18560,11537
N:CGTGC,19713,610,30000,28613,25697,26086,25904,23103,23479,21538,21007,21093,21256,21662,22608,18988,17394,15610,16428,15037,10052
N:CGTGG,36396,753,45340,42733,39480,39111,38533,34741,37369,32467,30394,31757,30452,32156,33409,28463,26197,22993,24814,22365,14219
N:CGTGT,33960,654,48893,45293,42838,39701,39682,36442,36667,34596,32490,34242,31414,33724,36012,30857,27340,25584,25006,24341,15305
N:CGTTA,18688,388,23278,20049,21590,17877,17131,17425,16238,16269,14234,17046,13013,15449,16625,15520,12965,12926,11433,11626,7066
N:CGTTC,26405,603,31920,27666,28728,25422,24518,23856,23353,22355,19632,22512,18319,21708,22450,20509,17766,16960,15763,15495,9543
N:CGTTG,22615,651,28039,24981,25646,22079,21184,20757,21236,19448,17490,19743,16176,18880,20301,18130,15703,14711,13952,14009,8482
N:CGTTT,42991,1041,49239,42726,46216,38371,36552,36540,34880,33453,29017,34792,26693,32993,34688,32304,26858,26686,23643,24272,14235
N:CTCAA,312351,5254,302378,253482,274016,232410,212767,219122,220479,190468,173058,193919,157572,196623,195512,190252,157491,153261,137683,140439,78729
N:CTCAC,236987,4681,260201,228860,230082,207899,196496,192414,200870,170127,161415,164822,152531,177324,173875,163707,139904,131085,124684,123004,72048
N:CTCAG,340710,6203,378702,332758,329397,305806,282719,279187,296090,246163,236477,239438,226263,260526,253023,238224,203756,188006,183582,177837,104789
N:CTCAT,263644,6170,282999,238243,253825,214727,200292,204534,202370,181980,164100,181743,149508,189029,185011,179955,150747,146728,126949,133104,73082
N:CTCCA,334276,5844,347269,300029,304533,276641,254742,253831,269964,224454,210734,219073,198004,235283,229853,220110,185655,173186,165210,163257,93576
N:CTCCC,270650,4845,305351,270549,260357,246213,234943,224538,238138,202024,192028,197053,184903,210244,205227,190376,167683,151822,148471,142919,87310
N:CTCCG,28678,553,36959,33954,31512,32276,30717,27999,29272,25963,24589,25512,24955,25848,27024,23482,21211,18334,20211,17924,11776
N:CTCCT,358152,6964,393927,338690,343547,311011,290222,288489,299999,258841,241313,253588,226153,264591,262643,248643,211847,196443,188875,185578,107815
N:CTCGA,32825,609,34485,31307,31376,29420,28016,25928,27975,23575,22487,24167,22417,24331,24760,21708,19343,18003,18065,16937,10637
N:CTCGC,20578,392,25491,23498,21930,21968,21233,19362,20211,17935,17069,17471,16776,18017,18605,16005,14496,12820,13410,12352,7946
N:CTCGG,26361,569,36676,34936,30569,32540,30892,27747,30007,26229,25467,25218,25829,26530,27327,23288,21108,18599,20433,18063,12041
N:CTCGT,24741,516,31573,28028,27878,25548,24350,23640,23995,22002,20196,21927,19070,21786,22814,20169,17916,16474,15845,15769,9664
N:CTCTA,269092,4968,265348,218980,239934,201533,185037,191967,191021,166578,150361,167172,136146,173365,168475,168705,138199,135054,118935,123155,68186
N:CTCTC,421569,7389,509640,435728,432223,394723,371795,374853,369829,334152,311962,329822,293583,341163,333732,314980,269472,255970,234645,237515,138871
N:CTCTG,410355,7203,456262,403588,398746,371169,342811,335967,354533,300630,284363,292132,274085,314279,303512,289476,248696,228816,222328,215920,128595
N:CTCTT,392536,6777,420268,352616,373458,320750,296622,304550,301439,269945,247316,271185,228943,271531,273574,263166,221401,212347,192891,196313,111728
N:CTTAA,259751,4666,264053,218093,245108,194752,180680,188633,176223,167026,146399,171943,132177,167949,169004,166795,136453,139091,116505,122917,66447
N:CTTAC,169203,3071,178919,148772,161134,133848,124408,128578,124526,113105,102788,115615,93008,116172,116265,112196,94057,91456,79902,84078,46647
N:CTTAG,219826,3874,223569,187862,203843,170100,155786,162155,158963,141251,128924,143903,116517,146833,145338,141792,116907,113359,101096,105517,58715
N:CTTAT,274571,4813,262189,211570,244520,192759,177040,187107,175620,161401,139881,167354,124511,166712,162978,167321,135989,137938,114956,119985,63981
N:CTTCA,370907,6439,373726,313581,342845,285734,260859,272410,268631,236538,212707,238217,193583,244633,243369,238068,196437,190818,169430,176315,96247
N:CTTCC,332657,5758,380307,326896,330132,298193,276459,275478,282441,251364,232469,244171,218233,257692,254939,237897,204055,190482,177058,180955,104658
N:CTTCG,29682,653,33871,30095,30776,27136,26037,25473,26180,23320,21271,23631,20268,22713,24215,21681,18824,17655,16915,16700,10274
N:CTTCT,520039,9063,523843,434870,472506,401111,364932,379697,377042,330818,300213,333291,273125,337616,338584,330363,275207,262113,237523,246609,136135
N:CTTGA,284894,4918,285265,238451,257911,218897,200125,205297,204005,180354,163757,182233,149754,185076,186127,178690,149666,144730,129326,133038,74530
N:CTTGC,198560,3423,218730,186429,190877,169021,157511,158501,161865,141120,132255,138512,123821,145083,145514,136058,115734,109022,101543,102851,59095
N:CTTGG,262181,4736,276076,239830,240627,218414,201343,201790,212060,180876,169179,176934,159688,186654,184569,174490,149042,137377,131733,130727,76329
N:CTTGT,293914,5748,296840,248073,267589,224030,207912,214871,213625,187216,168904,188111,152781,192956,191637,186257,154314,150407,133611,138141,76436
N:CTTTA,383519,6929,368682,303003,343739,276662,252130,264173,250308,229696,201575,238343,180511,236362,233548,233795,189444,191855,162846,170102,92418
N:CTTTC,462576,7950,467690,387457,428016,354797,320579,338366,329744,295225,263090,296923,238980,301611,301577,295352,241732,238098,208872,219907,119874
N:CTTTG,385369,6789,390127,329113,353738,297309,270376,281463,277560,248342,223510,249703,203492,254637,255524,247304,202103,197345,176594,183916,101561
N:CTTTT,602702,11178,559901,459309,520412,419605,377500,405453,383651,345762,304481,358126,272647,354765,354674,356444,285163,287405,247153,257821,139758
N:GACAA,255811,4719,256879,213939,234246,195733,178746,185884,184115,162170,145383,162776,131223,168234,167039,163933,133768,131312,116401,120644,65380
N:GACAC,195612,3754,211231,183096,186656,165827,156163,154129,161264,138090,126820,135984,116924,141704,142051,132315,112445,106868,101378,99687,56484
N:GACAG,260072,4917,296681,262145,257945,239627,223750,217605,228027,194165,184242,191820,177444,203172,198724,187792,162212,148562,144697,140790,82392
N:GACAT,216352,4126,230693,194013,207924,174520,162946,167400,165934,149871,131996,148606,119918,155167,153160,148306,122835,121115,105713,109446,59514
N:GACCA,201571,3777,204723,176605,179978,161279,149282,149568,158144,132330,122524,130496,115227,137016,136182,128154,109569,100930,97566,95890,55088
N:GACCC,124998,2279,134125,121044,114472,110960,104643,99569,109925,89226,85301,87144,82378,95528,91608,84900,74102,65303,68050,63043,38943
N:GACCG,13888,337,18639,17261,15622,16006,15381,14336,14988,13106,12513,13290,12384,13239,13746,11791,10609,9385,10249,9290,6029
N:GACCT,176513,3283,185428,162073,161190,149153,138322,135700,145641,120783,114683,118534,108721,127114,124201,117342,100767,92938,89346,86508,51150
N:GACGA,18635,428,23115,20443,20659,18740,17739,17330,17693,16155,14744,16385,13785,15974,16704,14811,13234,12276,11590,11552,6986
N:GACGC,11131,195,16189,15482,13746,14175,13994,12166,12899,11874,11384,11704,11520,11619,12245,10389,9459,8534,9300,8035,5519
N:GACGG,18553,438,23926,22015,20758,20661,19818,18336,18829,16979,15913,16725,15428,16660,17459,15021,13509,12026,12714,11780,7569
N:GACGT,16749,425,24134,21631,21295,19431,18920,17721,18217,16854,15769,17226,15014,16921,18120,15487,13794,12881,12462,12057,7701
N:GACTA,168680,2815,160133,131423,146867,120185,109092,115236,111988,99684,89968,101759,79959,103038,101719,101738,83214,82319,70791,75068,40334
N:GACTC,144511,2668,168378,146677,147119,133619,123811,123089,128773,111477,104129,108506,98079,116337,114252,105967,91611,84600,80282,79799,46594
N:GACTG,204940,3593,221301,190620,196253,173838,162199,161639,168252,142433,134733,141357,124112,150125,147015,139540,118586,110978,104530,104319,60125
N:GACTT,221233,4081,233662,197161,211651,177559,162966,169350,166930,149835,134963,151105,122912,152951,154157,146882,121738,118842,105938,110696,61739
N:GATAA,264004,4498,245627,197977,231073,182290,166467,177100,165945,152408,131002,157578,114550,156605,153267,157805,127926,129884,107591,114210,59831
N:GATAC,163780,2718,151083,122821,139130,113602,104110,108360,107436,94425,82126,96687,72608,96940,96242,96096,78158,77314,67546,69545,36955
N:GATAG,205012,4045,203345,163647,182560,150551,140061,145039,141570,128399,111174,130618,100340,130212,127736,125305,105957,102834,90648,93221,51255
N:GATAT,324307,5918,273333,215095,260147,200615,182575,196863,188176,164751,138166,171603,119314,171882,164859,176057,139864,142998,119715,122956,62949
N:GATCA,206092,3595,195313,160875,178225,148106,135328,141392,142881,120995,108996,123860,97652,126356,125519,122746,101519,98538,87986,90882,49412
N:GATCC,179064,3322,165116,137822,146333,129354,118890,120541,128586,103415,96060,103395,88263,106743,105682,103619,85917,80309,76811,75022,42313
N:GATCG,16903,368,18585,16607,16970,15440,14483,14093,14699,12746,11545,13078,10793,12810,13365,11782,10399,9719,9387,9141,5499
N:GATCT,248709,4646,230666,192678,209583,180698,162847,167999,174307,144251,132649,147368,121663,148824,148799,144625,119944,114058,106439,106511,59226
N:GATGA,246483,4348,252888,212532,228594,192731,178224,182897,182921,162458,145562,162335,130069,168792,165248,160727,134137,129461,114008,118931,64590
N:GATGC,166883,2892,180396,154727,161094,139809,131340,131794,134203,118576,106444,116651,98408,120704,119976,115291,97361,92137,83753,85241,47906
N:GATGG,267247,4621,270021,233452,238324,215461,202687,198445,209364,176132,163144,171314,150747,180982,176107,169855,145987,135276,127623,126254,72526
N:GATGT,231938,4410,236434,199958,215837,180441,169155,173545,172843,153510,136585,153554,123179,156615,157175,151973,125678,122208,107954,112272,61252
N:GATTA,201897,3612,193250,158028,180909,144657,133285,138519,131269,121055,104858,125651,94762,124283,121766,124044,99971,102261,85775,89102,48033
N:GATTC,187288,3264,185315,154453,168668,140453,130046,134703,135905,116902,105014,118583,94928,119845,120242,117359,96389,94175,83541,85989,47181
N:GATTG,189674,3633,180620,148952,165990,137036,126305,131853,132147,113072,100834,115542,89999,116237,115685,114607,93719,92240,81784,84166,46108
N:GATTT,371437,6661,342832,281382,322790,256988,233494,247910,235625,213214,186436,221018,166619,218100,216218,219538,176484,178357,152806,159602,84807
N:GCCAA,181348,3338,190473,164205,168268,148022,136989,138492,142543,124155,114109,122838,105621,126964,126949,119760,101650,96325,89352,90206,52208
N:GCCAC,138985,2563,163368,148495,136774,135040,128060,120126,131927,110388,105775,106349,104845,113086,113616,100884,90676,81773,82809,78377,47767
N:GCCAG,224882,4017,247164,223333,208564,206360,190415,183016,199012,162545,160024,158004,159385,171816,165452,153125,136082,120579,123768,115952,71108
N:GCCAT,215522,3907,224846,193215,199211,174338,164213,165006,168662,146902,134948,144876,124978,151230,148924,142929,121022,114160,105088,106576,60539
N:GCCCA,172092,3202,190101,170485,161050,155240,144809,141036,151699,125691,121924,120762,117031,131383,128547,118046,103296,92813,94420,90111,53629
N:GCCCC,130006,2283,138300,127085,116680,118684,113716,103089,115434,92904,90130,89635,89737,97926,93430,86963,79068,67698,72300,65430,40607
N:GCCCG,18667,355,24229,23854,20110,23042,21464,19053,20824,17503,17105,16954,18302,17867,17865,15193,14786,12079,13966,11834,8395
N:GCCCT,168887,2842,185221,166626,157335,154285,141991,137454,149859,122702,118826,116939,116764,129870,124634,115995,102442,91027,93715,87280,53207
N:GCCGA,22201,433,24825,22296,21501,20832,19503,18580,19649,16972,15969,16970,15134,16933,17534,15670,13677,12591,12698,12060,7307
N:GCCGC,13879,290,18743,18068,14958,17167,16475,14160,16024,13580,13339,12889,13832,13463,13763,11690,11219,9375,11031,9086,6424
N:GCCGG,21288,425,25635,24295,21202,23820,22542,19660,20892,18216,17543,17528,18480,18569,17797,15808,14745,12668,14508,12370,8378
N:GCCGT,14117,312,20706,19609,17758,17855,17532,15874,16000,15063,14330,14603,13904,14753,15387,13305,11904,10704,11302,10514,6730
N:GCCTA,137561,2462,136384,115192,120585,105768,98538,99439,101972,86789,81776,87224,75351,91314,88951,85525,71527,68402,63418,63718,36206
N:GCCTC,189294,3314,210214,194061,178242,179407,167175,158483,170898,140925,138488,135904,140339,148424,142649,132178,118297,105086,107857,99789,63590
N:GCCTG,196622,3702,230927,213001,193224,196372,181375,172689,188872,154521,154910,148166,154982,163579,158689,144550,128780,113349,119114,109625,68394
N:GCCTT,221375,4046,238401,209150,208704,188339,173841,175380,184208,155313,146545,154136,140038,161634,162524,151299,127885,119687,113832,113035,66256
N:GCTAA,176034,2842,179232,149604,165131,135729,123621,128689,123377,113587,101181,115557,91231,115887,115302,112988,92767,91650,79897,84945,45955
N:GCTAC,123899,2040,130201,111974,115656,102288,95686,94629,95956,84633,78973,85605,75536,88382,86438,82205,69944,66440,61866,62271,36114
N:GCTAG,150111,2405,154568,131217,133488,119258,109668,110878,112307,97521,91990,96722,85597,100527,98554,94789,80377,75626,70208,70806,40774
N:GCTAT,208792,3338,197845,162455,182268,147577,135478,141045,137291,124089,108877,126387,98192,127576,124809,125462,103525,102365,87291,91541,50165
N:GCTCA,181966,3014,220995,195406,189543,177882,168147,161108,169491,147530,140431,141053,135217,153973,149679,137829,119435,110627,106050,105173,62164
N:GCTCC,176155,3061,191867,169563,165940,155679,144982,140939,150904,125227,120064,121867,113657,132210,129170,121147,104959,95469,95560,90445,53537
N:GCTCG,17619,349,23967,22315,20809,20824,19905,17953,18995,16996,16304,16470,15711,17062,17755,14973,13818,12195,12622,11806,7489
N:GCTCT,225568,3919,261028,230380,226566,209283,194522,190685,199902,170824,163995,166005,156394,179066,175779,165224,141734,130067,126734,123375,73476
N:GCTGA,232021,4139,254049,219932,223246,200027,186237,186873,191222,165181,154120,160605,144512,171279,169649,160365,135714,126868,120178,119804,68416
N:GCTGC,160178,3026,189397,169577,162396,153828,144157,140371,148327,125692,121641,120733,117108,133300,130531,119377,103753,94691,93719,90801,53562
N:GCTGG,225848,3958,262983,241141,219522,222288,208533,194609,213805,175191,174188,168958,175454,183381,178234,161999,145297,127649,133900,124846,77956
N:GCTGT,223412,4146,256895,224584,225279,203762,190654,187476,194341,168505,158212,165088,150156,174966,174642,161182,138701,129575,124046,122541,70729
N:GCTTA,139171,2406,157508,132830,142248,118077,110326,112718,107960,101629,91874,102734,83962,105293,103417,98863,83547,82436,70265,74904,41860
N:GCTTC,222459,3885,238749,204690,212004,187268,170963,173374,176375,153928,143960,151732,132430,159824,159415,149950,127427,119566,109835,113551,64737
N:GCTTG,177789,3125,204413,177628,176674,158805,148395,145951,150686,133781,124926,130616,117907,136229,135362,126191,108615,101986,95960,96834,56021
N:GCTTT,292608,5221,312316,263796,283375,236556,215855,224647,217179,199881,181976,201664,164074,205460,206954,197559,161830,158653,139744,148484,82159
N:GGCAA,190798,3307,196557,168307,174541,152740,139988,142870,145630,127155,118067,126556,109110,130127,130244,123627,104427,99336,91721,92931,53570
N:GGCAC,119191,2247,137125,122911,117736,112274,104009,101770,108756,92177,87481,87863,84687,95273,93365,85773,75185,68489,67047,65621,39003
N:GGCAG,224418,4129,264068,240929,221336,221332,207286,195828,213850,176974,174874,170788,174484,185179,179522,164828,147470,131612,134297,126019,78206
N:GGCAT,206777,3561,209973,178174,186314,161207,150370,151678,156737,134818,122829,133628,114698,138802,137640,132774,111195,106320,96808,98178,55152
N:GGCCA,187883,3457,202573,182804,171711,166749,156189,150580,163506,134469,129643,129970,126983,141031,137950,127791,111595,100509,102396,95435,58017
N:GGCCC,126725,2189,126355,115296,107237,107149,98018,95760,104155,83040,80462,79150,78241,89235,84822,79313,70838,61627,65170,59391,36139
N:GGCCG,23905,439,25869,24476,21861,23212,21929,20267,21240,17838,17505,17514,17411,18218,18311,16381,14688,13055,14339,12317,8136
N:GGCCT,189727,3443,192934,175063,164937,162434,147797,146546,157969,125936,123441,122449,121875,135232,130357,122318,105765,94423,97880,89752,55442
N:GGCGA,21410,481,23987,21756,20879,20201,19359,18292,19338,16435,15686,16346,15110,16565,17233,14990,13510,12346,12459,11620,7131
N:GGCGC,16017,341,19101,18901,15850,18329,17547,15300,16621,13694,13592,13749,14930,14283,13923,12153,11748,9569,11439,9453,6844
N:GGCGG,25216,448,30181,29093,24677,28564,27196,23098,25802,21498,21340,21371,22863,21955,21859,18797,18479,14983,17903,14587,10594
N:GGCGT,22971,430,27464,25616,23628,24162,23775,21119,22581,19415,18065,19505,18884,18992,19532,17191,15487,14083,15327,13304,8907
N:GGCTA,171779,2905,168062,144385,149275,133323,122521,122972,128499,107708,101382,108528,96009,111912,109468,104979,89303,83195,79995,79231,45588
N:GGCTC,135509,2413,170060,157010,141322,143337,137518,126062,139438,115882,114244,109512,113487,122309,117269,106634,95742,84112,87075,81031,50834
N:GGCTG,208533,4003,250180,231042,208909,212013,200245,186178,205625,168934,167103,161554,168211,176527,172536,155372,140378,122721,129293,119965,74261
N:GGCTT,195862,3697,225040,197187,193940,177546,164881,163213,168731,148191,140018,145297,131745,153172,152673,139999,121229,111943,106027,107120,62921
N:GGTAA,167398,3054,163732,136093,148922,123945,114388,118733,115673,103752,92620,105712,82580,107106,106000,103983,84933,84363,74032,76136,41397
N:GGTAC,126775,2173,116423,96790,103917,89894,81499,85313,86980,72796,66529,72605,60474,77392,74592,72836,60895,57204,53422,53196,29395
N:GGTAG,153210,2717,156388,131896,137044,120632,112724,112797,116068,100482,92382,99642,85409,103544,101972,98072,83518,78455,72381,72976,41671
N:GGTAT,210756,3861,185398,149025,169496,138832,125516,132500,133203,114124,99319,115937,88215,115970,115682,116113,94659,93297,82598,83937,44636
N:GGTCA,166509,3199,183314,160944,159547,145328,136137,133641,140575,120429,112363,118165,105232,124585,124561,115466,99681,91131,87787,86956,50381
N:GGTCC,138444,2508,139643,123691,120751,115122,107063,104313,113790,91701,86933,89232,83669,97926,93733,89088,76836,68766,69611,64269,38821
N:GGTCG,14950,353,16927,15707,14718,14371,14504,13264,14205,11746,11250,12137,11175,12290,12460,10739,9694,8739,9276,8298,5399
N:GGTCT,197064,3612,203028,176633,176243,162577,149917,147955,160118,131568,124472,129925,118620,138092,134983,126888,108833,99915,98532,95211,56609
N:GGTGA,180965,3749,196657,171106,173546,155642,145971,145302,151926,128523,119177,124697,111273,134749,133130,123761,106504,99183,94006,93138,53739
N:GGTGC,108207,2075,122503,109090,104641,100504,95093,91241,99150,81841,78181,76863,76221,84753,82957,76875,66343,60207,60377,57771,34366
N:GGTGG,226751,4006,242163,217924,207124,200685,190828,178418,195108,161231,152878,156331,152745,166828,163773,151968,134568,120521,121687,113954,69734
N:GGTGT,191075,3946,204579,178939,179850,162201,154017,150405,160228,134396,124796,132575,117386,136420,138314,127400,108707,102444,99671,96449,55586
N:GGTTA,152984,2779,154446,130042,140220,116647,108998,111104,109186,97580,88741,100208,80655,100815,100427,97575,81384,79335,70445,72428,40387
N:GGTTC,151495,2770,160613,138105,140211,126488,117491,117068,122656,104781,97225,103329,91106,108236,107648,99848,85147,79553,76301,75396,43669
N:GGTTG,174798,2979,181880,155409,160574,142849,133640,132287,137822,117496,109234,118494,103231,120923,121295,115760,97641,91327,86617,86042,50333
N:GGTTT,295286,6750,290465,243760,263735,223567,205430,211219,209347,185050,168758,189345,155909,189382,192407,183950,150787,147315,134656,135864,76574
N:GTCAA,190070,3438,192706,160593,176048,144252,133231,137912,136164,121864,108387,123738,97119,124832,124958,121745,100438,99330,86173,90221,48749
N:GTCAC,143633,2691,169910,149207,149887,133848,127070,124863,129016,112730,104311,109385,96837,115630,117011,108043,92428,86172,82428,81861,46738
N:GTCAG,195277,3531,219628,190824,191739,172912,162217,160378,166095,142881,134774,140200,126884,148489,148232,138353,118341,109470,104719,103887,60673
N:GTCAT,185676,3193,204476,172714,184383,153477,146162,146668,143125,131983,118005,133440,106657,136982,135403,132012,109190,107750,92842,98084,53465
N:GTCCA,188577,3707,186670,159603,166397,146895,134572,137058,145903,120847,110655,118687,101507,125518,123197,118301,100321,94085,88771,86780,49373
N:GTCCC,155027,2716,159119,142213,137289,131666,120910,119368,129105,105248,98829,101682,94899,111976,107340,100564,87945,78463,80385,74502,44624
N:GTCCG,13985,377,16762,15183,14447,14737,13910,12880,13813,11885,11303,11912,10930,12078,12352,10506,9731,8583,9163,8258,5268
N:GTCCT,215706,4137,229427,200067,199179,183897,169494,168505,179010,148569,141394,145245,134429,158185,154279,145967,123861,114294,111101,107910,63703
N:GTCGA,19050,467,19105,16145,17716,15217,14427,14329,14985,12683,11288,13041,10117,12974,13072,12015,10256,9725,9326,9292,5266
N:GTCGC,11068,263,14076,12978,12203,12095,11887,10820,11115,10075,9267,10028,9285,10033,10387,8795,8041,7339,7606,6817,4516
N:GTCGG,18506,387,21437,19713,18846,18064,17558,16302,17243,14901,14069,14750,13695,14757,15272,13607,12117,10813,11311,10410,6459
N:GTCGT,15719,411,19718,17827,17490,15928,15568,14767,14916,13906,12494,14123,11785,13380,14374,12797,11266,10534,9957,9783,5910
N:GTCTA,162313,3019,167240,141238,150555,128101,117463,120025,119875,106583,96976,108070,89671,111304,108407,105457,88123,86164,76967,78760,43636
N:GTCTC,236071,4172,251891,218294,221401,199749,186096,185111,192092,163570,152299,162236,143820,170259,166669,159316,133944,126270,119273,118337,68984
N:GTCTG,218248,4199,248014,215765,216772,198572,184669,180794,189764,162595,153448,159863,144814,170069,167476,155141,133449,123175,119306,117040,68353
N:GTCTT,280292,5121,289037,243225,262007,221882,202514,209236,209345,184689,167541,186988,152525,188309,189936,181712,151975,146679,131659,136657,75816
N:GTTAA,190601,3478,196249,162429,183859,145183,136024,139858,130121,123878,108792,129146,97325,125713,125878,125111,102938,105115,86803,92293,49844
N:GTTAC,127853,3246,132295,109628,121268,98788,92693,95662,91576,83090,74020,86047,67231,85445,86211,83950,69441,68752,59550,61662,34260
N:GTTAG,158485,2749,160400,133499,147298,121331,110319,116779,112214,100811,91176,103426,81976,103636,103775,101391,83173,81975,71962,75403,41253
N:GTTAT,225886,4021,214923,172891,201879,158036,145229,153855,143355,132419,114212,139317,99623,136083,133427,138692,111354,114040,93637,98830,51894
N:GTTCA,231102,4030,240701,202646,216972,183390,171837,173372,171805,153179,138546,155090,128226,158744,156317,152748,126216,123378,109714,112481,62805
N:GTTCC,209904,3571,208472,176434,185297,163714,150677,152878,156283,133271,122764,133106,115275,138985,135961,131251,110347,103864,97827,96855,55564
N:GTTCG,19250,385,20905,19036,18487,17457,16993,15748,16509,14522,13514,14890,13605,14429,15188,13026,11695,10835,10948,10336,6717
N:GTTCT,311697,6812,313172,260876,283423,238052,217418,226516,225785,197791,178628,200468,160371,203210,203602,196099,162132,157467,142450,146736,80672
N:GTTGA,215140,3755,205772,169210,189660,154606,141169,148751,146696,128911,114304,132090,100698,131500,132367,130107,106554,105037,92176,96462,51630
N:GTTGC,126917,2115,134505,114509,119574,103424,97133,97456,99175,87538,79592,88277,74708,89216,90185,85509,72070,68829,62391,64523,36389
N:GTTGG,199716,3618,200916,171202,180170,155744,144819,146235,152148,128706,119283,129790,108755,132341,132216,126848,106530,100020,93837,94298,53818
N:GTTGT,252105,5068,245452,202142,225400,187692,171608,176898,175412,153688,138429,158584,125794,156482,158560,155736,126920,124600,112183,115078,62909
N:GTTTA,259809,4674,258295,211127,243048,190298,176459,185438,170873,160431,139603,166986,123862,164381,163780,166404,132691,135922,114041,119959,63660
N:GTTTC,298289,5575,291793,243475,269912,222717,204329,212426,207340,184681,165373,188752,149863,189403,191087,186776,152062,149982,133314,138077,75151
N:GTTTG,311401,5778,317414,266376,289236,241855,223835,230807,223853,200912,181215,205220,166793,204648,205044,202399,164172,161435,144514,147602,82304
N:GTTTT,519570,11836,487860,401748,458469,366646,333045,352447,331095,303819,267465,318193,242355,309157,311451,313412,248935,253858,218321,228085,122428
N:TACAA,315990,7107,296722,239626,278940,219645,201539,212486,199929,183003,157908,190378,140243,189721,186190,191771,152689,156449,132073,136843,71954
N:TACAC,195590,4043,220095,185146,195338,165731,162009,158919,155022,142812,128580,145493,119559,144184,143643,138257,114765,113630,102808,103503,58451
N:TACAG,298491,5803,294404,247173,270283,227648,209408,215099,216181,187618,168806,190456,156223,194335,191884,189946,154466,152537,136427,138429,76939
N:TACAT,356099,6865,353296,286772,325367,257520,246238,250966,234308,220330,188551,229263,171296,227572,219985,227272,183123,188672,156005,161202,86009
N:TACCA,232807,4170,220035,181479,198727,165700,151804,157951,158216,137346,122426,139911,109975,142461,141872,138928,113714,111318,98490,101676,55183
N:TACCC,162290,2764,153779,128330,136475,118212,109403,111247,113920,96944,88318,96119,80968,100827,97828,95290,81013,76336,71384,70508,39603
N:TACCG,19607,374,21257,18610,19195,17031,16087,15953,16026,14274,13113,14710,11667,14317,14711,13681,11784,11184,10302,10196,5864
N:TACCT,243434,4497,226875,185392,204988,172366,156842,164200,163770,142593,126992,143158,114070,146404,143833,143105,117496,114481,102257,103865,56447
N:TACGA,16137,609,19518,16810,18219,14811,14324,14259,13649,13252,11653,13894,10686,13196,13683,12700,10869,10848,9167,9715,5629
N:TACGC,10059,187,13633,12187,12243,11376,10744,10085,10295,9542,8457,9698,8173,9194,9814,8911,7719,7383,6895,7023,4300
N:TACGG,15256,507,19158,17233,17115,15510,14994,14214,14511,13467,12188,13722,11764,12864,14038,12207,10766,10161,9651,9607,5854
N:TACGT,25855,542,30939,26914,28794,24170,23129,22668,21558,21014,18371,21877,16965,20634,21498,20398,17232,16906,14876,15179,8962
N:TACTA,225834,3679,195580,156368,184488,143824,130390,140303,128194,117719,100396,124066,87482,121692,118438,126616,99654,102363,84072,88246,45674
N:TACTC,186341,3342,178382,145730,163853,133076,121953,128634,125839,110357,98156,112806,87683,114242,113245,112807,92712,91127,79264,82590,44349
N:TACTG,227116,3883,224196,186614,206334,168569,155981,161499,157347,141025,125842,144490,113597,148039,146243,144711,118033,116100,100886,106084,57096
N:TACTT,306495,5343,289014,234617,272234,213199,196201,206953,189217,178357,153517,184338,136747,184001,180312,186176,149969,152265,124494,133579,70234
N:TATAA,432251,7611,395330,312157,377908,285796,265238,279102,249019,239318,199033,255253,173822,246221,236134,258406,205610,215145,169088,176854,90849
N:TATAC,245432,5319,226148,180800,208962,164765,155548,160208,148961,139974,118107,146403,105993,142263,139897,145585,116614,120172,100602,103007,54328
N:TATAG,276984,4876,249103,198699,232081,183163,168068,176790,165415,152087,130667,157824,116815,158840,151880,157918,127895,129926,108559,112896,59414
N:TATAT,680786,13420,593346,458082,558225,421769,403815,418886,369844,362664,290559,388363,260544,367272,343939,388418,309963,324254,253654,263116,133151
N:TATCA,321053,5297,289045,229485,272628,212593,194155,206865,196031,177069,149525,183317,130297,182614,178993,184958,148629,152192,126432,132285,68257
N:TATCC,241017,4013,207118,168214,191297,156524,142234,150747,150069,127414,112028,130490,98155,132878,129192,132530,107463,105797,93095,94568,50688
N:TATCG,20583,473,21390,18101,20027,16518,15682,15746,15182,14210,12377,14914,10932,14316,14413,13813,11634,11535,10012,10505,5804
N:TATCT,374453,7396,355832,283745,328962,261430,241148,254004,241840,221292,188530,227766,167429,225831,219510,223957,184175,183506,155972,162575,86240
N:TATGA,313926,5665,291510,235402,273940,213401,198201,207796,193194,179455,152452,187003,135003,187376,181285,188355,151849,156221,126952,133934,69233
N:TATGC,207396,3305,202197,163167,184293,148372,138349,144446,136262,126177,108698,128067,97304,129929,124891,127676,103514,105823,88602,92923,49296
N:TATGG,241880,4682,223983,184383,203768,168834,154115,162324,161709,140252,124008,142278,110993,145299,142385,142221,116557,115909,100117,103481,56032
N:TATGT,388097,7881,390567,316442,356153,284899,272220,275631,258496,244490,209099,254170,189988,247015,241850,248195,199922,205322,173320,178148,94715
N:TATTA,418209,7117,372944,294222,358666,269930,249831,263675,236534,225354,185499,240919,161761,232955,221259,243331,192066,202999,159684,167054,84693
N:TATTC,312034,5067,285433,228091,269656,209105,190825,204313,189650,175052,148494,181741,130161,179129,175866,183554,148124,152692,124144,131233,67379
N:TATTG,312508,5174,279846,223896,264593,205628,187861,199072,188269,169962,143951,177274,125740,175447,171849,180858,143556,148251,122852,128096,65696
N:TATTT,723372,11502,670944,539001,644609,489743,454102,476288,421961,409912,342604,433773,306016,421619,403649,440263,346716,366159,291656,305009,157327
N:TCCAA,331274,5815,309128,257860,282587,236006,214519,223730,227958,194459,173822,196995,156382,200481,199573,196416,161666,157091,140128,143206,78252
N:TCCAC,260312,4724,254133,214839,229033,199296,183885,187313,195854,161758,149026,159361,135564,167694,165638,160534,134357,126553,119156,118010,66131
N:TCCAG,347963,6389,355227,308379,310643,285400,260618,260926,278918,228631,217237,225147,207179,240210,234225,224011,189933,174928,170025,166008,96472
N:TCCAT,396388,7506,369623,305957,337830,282816,258582,267722,271086,232222,205856,232041,182038,240120,234150,234535,192034,188515,166865,171439,91517
N:TCCCA,337156,5788,345265,301679,301217,276050,255922,254033,269206,224592,210293,220673,201376,235410,228529,218421,187022,172360,166020,161565,95113
N:TCCCC,249759,4065,258718,225341,224534,206830,197343,189962,201277,168775,158776,166091,151307,176486,171981,162408,141397,128761,125152,120401,72682
N:TCCCG,34062,713,38652,35192,33407,33947,31922,29383,32041,26901,25658,27038,25280,27687,27934,24346,22181,19574,20868,18693,11855
N:TCCCT,334357,6175,355375,305162,308494,279146,261233,261753,271246,231941,215623,226722,199921,240799,235485,224020,190931,178061,167551,166480,96735
N:TCCGA,18321,394,24277,22320,21366,20133,19703,18073,19242,17169,16112,17199,16161,16845,17966,15680,14062,12590,12896,12091,7839
N:TCCGC,16773,345,20183,18958,17578,18464,17238,15765,16565,14274,13736,14389,14304,14336,15172,12912,11856,10127,11397,9980,6706
N:TCCGG,28739,619,31203,27989,26950,26764,25490,23712,25257,21801,20201,21547,19792,21804,22380,20035,17654,15804,16625,15045,9377
N:TCCGT,24105,518,32273,29403,28872,26766,26145,24161,24403,23059,21138,23059,20281,22318,23817,20338,18503,16834,16753,16176,10118
N:TCCTA,248358,4679,242264,201956,219353,184459,167753,176723,174795,152693,137639,153939,123734,158274,156359,153783,127172,123539,110149,113021,61931
N:TCCTC,336572,6062,363829,309899,318073,285256,265899,265804,274797,237350,218540,233439,203390,243124,239223,229397,193966,181419,171802,169934,99140
N:TCCTG,354329,6639,378213,328953,328957,302076,279750,277441,296879,246203,234053,240933,221530,258174,254770,238919,202793,187138,183666,177973,102915
N:TCCTT,463512,8595,461972,382055,417479,352365,320154,334686,331785,293161,263564,293383,239439,300508,299776,293326,240744,233683,208626,216275,119425
N:TCTAA,294390,5286,287280,234421,269837,213032,194779,205326,191163,178975,156184,184902,138909,185016,182296,184907,148683,152071,127081,134859,72013
N:TCTAC,221235,4798,216700,180668,198367,165907,152954,157535,156524,137398,122497,140089,111895,141191,139433,138630,114526,111564,99234,101800,55734
N:TCTAG,242514,4114,238732,198119,213852,180265,165622,170912,170534,149998,136389,149942,123674,155161,151772,148553,123657,119820,106903,110594,61669
N:TCTAT,359625,7032,347807,279702,320970,256169,237147,247225,232795,216094,184856,223858,165211,223364,215703,218528,179985,180678,152020,159520,84307
N:TCTCA,377895,7463,390442,330063,351843,300286,276236,283950,285067,248209,227949,249682,208694,258432,253699,247344,206074,199309,177897,183060,102125
N:TCTCC,321687,5977,355046,304410,308521,277376,257654,258486,268012,231263,215970,227209,200500,237746,236886,223366,188942,176925,166239,165874,95905
N:TCTCG,32891,673,37834,33873,33410,31547,29849,28361,29604,25882,24345,26392,23522,25939,27236,24071,20973,19500,19361,18705,11384
N:TCTCT,640973,11425,714710,600552,624854,547079,509143,522243,509628,460852,421757,460653,392874,467954,459533,445733,374649,361699,324812,333245,189293
N:TCTGA,370033,6728,384425,326899,346398,300098,274390,279446,284479,247029,226237,246236,209417,256428,251931,243141,203185,194374,178726,180508,101958
N:TCTGC,266163,4906,297489,260588,263453,237058,219761,219650,228031,195540,183558,191285,173308,202508,198389,188784,161483,150287,143262,141620,82812
N:TCTGG,353421,6246,353870,304241,310864,282192,256683,259483,273951,225482,213377,223105,199919,236043,231646,221595,187016,172604,167745,163680,94907
N:TCTGT,466303,8706,488097,414689,440228,379581,351422,355230,357584,311954,285499,313601,263241,322425,318273,309970,257183,247381,226287,229928,127589
N:TCTTA,325711,5913,323602,264044,299896,240235,220397,231575,218553,201254,178100,208535,159235,204354,204465,205005,167955,168100,142842,150547,80931
N:TCTTC,457575,8006,470411,390635,423414,358977,329200,340719,337996,299666,268878,301399,247150,304458,304420,295777,247075,236658,214448,221328,122281
N:TCTTG,356612,6558,348911,289422,315085,265372,242288,252804,251327,219261,198272,221614,179061,224503,225316,220108,181549,175307,158310,161756,90002
N:TCTTT,727105,12920,680565,557835,633141,513760,458922,491304,469785,421300,368927,434177,331985,428350,429263,431108,345790,347688,302099,314596,168967
N:TGCAA,285373,4993,271348,224735,253135,204665,190290,197369,195290,172025,150314,171677,134618,178340,174651,176053,141899,141226,120964,126959,68042
N:TGCAC,154753,2988,187081,164754,164152,146264,142941,137918,140958,125027,117202,119934,109417,128121,127857,118336,99027,96224,88541,89055,51239
N:TGCAG,255504,4967,279999,245755,251397,221666,208474,209649,217335,184539,172729,178203,159705,195307,189638,181513,151677,142607,133570,134211,76405
N:TGCAT,293381,4961,311118,259260,279889,230374,221133,223643,216888,200310,175329,197607,160000,205557,199394,196088,161139,162136,137828,145025,78305
N:TGCCA,246061,4423,259303,223853,227826,202304,186264,188585,196547,168451,155976,165956,146748,174437,172136,162877,139425,131380,121266,123013,70451
N:TGCCC,186332,3309,198741,175389,171380,161945,149892,146537,158599,130204,125155,125847,119267,136737,132904,124253,108840,98221,97799,92959,55359
N:TGCCG,22117,466,28172,25839,24115,24043,22900,21346,22189,20165,18650,19200,18051,19402,19997,17628,15785,14436,14854,13914,8598
N:TGCCT,286677,5046,321511,285243,276607,259263,242597,235679,247638,212307,203473,207834,198917,218807,215734,202248,174233,161721,155956,152866,91526
N:TGCGA,17718,352,21069,19162,19302,17352,16758,15946,16217,14982,13198,14755,12577,14743,15332,13668,11895,11305,10732,10418,6307
N:TGCGC,16761,376,22819,21554,19108,20057,19658,17819,18278,16295,15671,16613,16095,16068,16550,14419,13366,12178,12764,11394,7402
N:TGCGG,18714,356,24057,22480,20791,20493,20110,18210,19319,16816,16070,16572,15701,16813,17781,15424,13901,12125,12953,11761,7577
N:TGCGT,24041,566,34103,30878,29564,27692,27489,24861,24847,23704,21940,23573,21295,23331,24244,21777,18606,17824,17271,16629,10485
N:TGCTA,228491,3688,231841,192297,211004,173085,159175,165134,158156,146308,129231,148351,117513,150429,148754,146614,121007,119858,101632,108357,59189
N:TGCTC,222432,3811,252357,221164,223014,200400,186405,184196,192377,166284,156057,161052,146870,173310,170187,159972,137192,127653,121644,120581,69763
N:TGCTG,321577,5724,353689,307461,310309,279635,260471,260630,269971,229549,217449,224532,205508,239544,237877,222303,187685,177012,168831,167327,96127
N:TGCTT,344545,5928,374832,314563,338578,282128,260250,268757,260053,239365,217458,239639,197047,246284,244948,235420,195312,191711,167517,177835,97521
N:TGTAA,317441,6511,320073,263416,299075,236946,221801,229419,216441,200520,173318,208521,157388,207264,203474,206840,167226,169951,142098,148305,79666
N:TGTAC,201569,3769,196446,162064,180065,148098,138165,141582,140188,123109,109533,124187,99708,128242,126126,126123,101772,101229,89003,90574,49561
N:TGTAG,253942,5319,254050,214112,231285,196414,182050,185879,185898,162034,147705,164958,138574,169672,165085,163484,133989,132161,119697,119604,67366
N:TGTAT,393213,8219,393951,319128,359501,289078,277172,280587,262914,248101,213294,257920,191652,250634,247017,250803,202060,207954,176514,181495,96764
N:TGTCA,271433,4812,293497,248425,264617,221797,208956,212104,210455,188720,169545,187427,154382,195568,194626,188640,155412,152222,135396,139356,76099
N:TGTCC,231067,4597,238970,209363,209319,193051,176155,176745,188627,156044,145278,152148,136466,164459,161194,152410,130439,120792,117405,113321,64979
N:TGTCG,23469,540,27019,24173,24508,21738,20760,20239,20940,18650,16647,18621,15408,18166,19072,17128,14867,13976,13468,13092,7659
N:TGTCT,401877,7566,435999,371225,388324,339116,315735,315921,319317,280882,256969,280993,239251,290081,286083,274169,230542,220868,201922,204800,115031
N:TGTGA,329874,5595,359906,304753,324756,273552,259039,259668,260099,231178,211257,229129,191781,238515,236596,228118,189607,184817,166907,170255,94027
N:TGTGC,204914,3826,247854,218008,216722,193763,185819,181265,183029,164989,154375,158577,143736,168164,168708,154782,131602,126881,116462,117454,67561
N:TGTGG,293705,5391,327287,283937,283808,256077,242524,238308,250301,213045,199452,209105,187501,220407,220495,203206,173471,163056,156469,153651,88525
N:TGTGT,613317,13287,779116,656533,668039,587974,583114,560655,541898,517110,469271,505334,441031,513139,506834,478828,399592,396419,356146,366168,208100
N:TGTTA,284827,5197,278934,227836,262347,205822,189215,199891,186429,172864,149601,180511,132035,176264,176257,178706,144701,147862,121373,129497,67952
N:TGTTC,324250,6649,318461,263942,291264,239433,220109,229717,226204,199627,177683,202218,158096,207106,206014,202598,164596,162056,143105,148879,79974
N:TGTTG,367313,6969,342164,281059,316207,259224,236161,248157,248105,213634,190257,219913,169797,217585,220029,217181,176709,173195,154943,160124,85132
N:TGTTT,635284,12696,621779,513015,579206,464884,426808,448411,421936,388076,340639,402161,309994,393985,394587,399155,317746,322097,277526,289945,154571
N:TTCAA,415055,6916,392162,320946,367999,293693,269104,281748,265453,243459,211093,253236,190543,249099,246207,252013,203564,206571,173245,180910,96546
N:TTCAC,232978,4106,247192,206722,226941,185585,173571,178993,174543,156533,139864,157779,126202,163579,160919,157842,130039,128576,111108,117136,63859
N:TTCAG,364086,6468,371833,311425,339038,284489,261616,270398,265545,237201,213438,237159,194213,246051,241242,237531,195144,191231,168586,174652,96015
N:TTCAT,482611,8115,452731,368013,427829,335213,307436,325557,306570,280669,240002,288889,211081,291659,283998,292025,235352,238983,197914,208491,108357
N:TTCCA,459322,8809,434638,361948,397323,332765,302212,316064,318986,272492,246526,275210,223900,281863,279035,273957,226016,219137,196824,202018,109779
N:TTCCC,311647,5413,321449,273181,284525,249812,232523,235410,240351,207985,192158,205834,177822,214994,213245,203280,171841,162230,150266,151234,86906
N:TTCCG,25901,515,31453,28533,28277,25963,25029,23659,23960,22280,20345,22561,19671,21750,23418,20376,17967,16478,16300,15860,9736
N:TTCCT,515067,9146,532340,442181,477779,405218,369087,384363,380994,338379,305042,338973,278120,347108,345409,336050,276802,268864,240747,249539,137977
N:TTCGA,35124,821,34171,30391,31328,27963,26677,25607,27055,23192,21001,24243,20718,22799,23918,22008,18615,18218,17258,16927,10105
N:TTCGC,18269,384,20185,17939,18429,15933,15329,15215,15227,13709,12181,13905,11509,13554,14397,12862,11008,10714,9978,9822,5859
N:TTCGG,30366,562,30838,26949,28173,25382,23505,23412,24253,20865,19236,21371,17998,20649,21772,19706,17168,15801,15281,15062,9088
N:TTCGT,35811,756,37941,32331,35543,29228,27459,28311,27578,25221,22179,26085,19806,24982,26101,24346,20503,20393,17789,18369,10606
N:TTCTA,405195,7642,383686,311086,357853,283061,259417,273736,255556,236734,206180,244859,182024,243303,240295,243971,196817,200070,168145,178330,94292
N:TTCTC,440295,8824,455185,378261,413503,345899,315184,327891,324054,288349,261423,291460,236353,294947,294477,288261,239050,231896,205668,214052,117421
N:TTCTG,507909,9316,501369,419716,457682,383883,349412,365909,365473,314151,286820,318575,259957,324312,323650,318047,260312,252441,228312,234281,128483
N:TTCTT,770297,13743,724311,590218,673599,544185,487279,521680,495371,447461,389184,460668,349761,455905,456479,460321,369179,370756,321524,336209,179254
N:TTTAA,564666,9805,559735,460790,535638,409484,383617,398180,353418,349291,299713,369938,268382,354996,349915,363279,288158,303296,243725,258457,137326
N:TTTAC,275385,5057,270365,221477,255065,199484,185664,194246,179355,167962,144792,175953,129035,175183,171032,175614,139854,144311,119464,124875,66407
N:TTTAG,345210,6626,315496,256467,297807,234943,211946,226583,210516,193205,168408,201457,147853,199155,197606,202290,161206,163896,137634,146324,77045
N:TTTAT,673872,11672,625951,503504,597232,462144,426020,446156,405741,383922,324354,403423,290458,394360,380308,405477,322847,335633,272525,285206,148926
N:TTTCA,518836,9220,491118,399429,467175,363866,332984,354678,328226,305365,261475,315136,229764,315662,308842,318437,254825,261679,214985,227958,119490
N:TTTCC,474325,9361,458063,378887,421981,344780,313348,333425,325850,286824,257053,293290,228974,293695,296520,291848,237321,234018,205761,215033,116296
N:TTTCG,37217,780,36132,31025,33742,28713,26737,27053,26969,24042,21040,24787,19724,23990,24772,23473,19348,19534,17379,17473,10044
N:TTTCT,841381,15501,805400,660634,751564,605427,544519,580203,548860,499087,438036,514067,395928,510922,508292,514494,411519,415458,357887,374764,200499
N:TTTGA,456471,7598,429884,354470,401753,321001,294067,308821,292959,266773,233072,277025,210235,273223,270796,276124,221562,224397,190406,198561,106185
N:TTTGC,309210,5404,297906,248698,276487,225135,206596,216312,209104,188361,166998,190990,149345,193445,192478,189995,154616,152531,133440,139430,76038
N:TTTGG,385448,6955,360195,300988,328826,275268,250097,262667,259623,226712,204391,230737,184113,232288,233008,228704,185998,182130,163668,167823,92271
N:TTTGT,625218,11679,587045,481239,547904,442765,399296,423419,403192,362734,320234,376289,288881,371328,369805,375606,298794,301645,263330,271866,145286
N:TTTTA,721270,13599,667873,541071,641718,489032,451557,477120,427858,409102,349765,433290,308940,420429,411630,434065,340961,358712,289539,305526,159972
N:TTTTC,641042,13341,595967,485680,563346,442906,399304,431397,399814,366861,317761,381657,282067,376404,374295,384216,305155,311742,262472,276024,145965
N:TTTTG,641611,12104,563680,460948,530632,425907,382225,408661,391345,345385,304287,361562,272310,354982,353891,361154,287100,290097,252318,259572,138521
N:TTTTT,1250805,25953,1115875,915606,1045902,847293,771274,807131,757447,691350,605290,729301,564752,701139,698762,709721,575404,588046,511241,513057,283640
T:AACAA,123625,2180,179527,186118,120624,140995,145616,144788,123687,108400,122383,119902,125545,97535,99402,113426,88456,81990,85409,78908,64363
T:AACAC,61859,1002,106169,111349,71189,84898,90393,86855,76073,67853,74857,72031,75973,58185,59522,70204,54806,49060,53652,48125,39247
T:AACAG,71846,1105,121560,128611,80530,98417,102779,99159,89439,76811,85972,82087,89102,66919,67548,77410,62553,55763,61565,54439,44902
T:AACAT,80610,1178,114703,116754,77570,86329,90073,93951,75693,68917,74728,77084,72012,60272,62897,72965,55750,52085,52676,50088,39312
T:AACCA,66903,1107,107588,116089,72249,89230,92882,86908,81189,70331,78016,74864,83826,60229,60358,68508,55573,49788,55068,48110,41313
T:AACCC,39782,583,69401,76950,45500,60553,63814,56508,57599,48716,52613,48803,59062,39414,38188,45012,37521,32542,38531,31418,27854
T:AACCG,4824,56,10338,11503,7191,9458,10203,8457,8258,7942,7953,8120,9101,6006,6092,6556,6074,4951,6210,4993,4757
T:AACCT,46446,586,76956,82359,51235,64161,66661,63268,58998,50980,55541,52223,59498,42463,42249,50042,40009,35945,38831,34409,29254
T:AACGA,7807,109,13799,15108,10089,11730,12503,11432,10118,9421,10067,10637,10556,8004,8158,8784,7599,6807,7426,6751,5715
T:AACGC,5289,66,11088,12167,7749,9926,10637,9297,8513,8336,8446,8691,9073,6599,6609,7259,6402,5464,6645,5297,4841
T:AACGG,5017,61,11573,13238,8189,10654,11617,9721,9184,9169,9240,9416,10376,6922,6962,7786,7084,5773,7124,5876,5370
T:AACGT,7360,99,14909,15525,10761,11970,13298,12270,10298,10184,10524,11413,10776,8334,8906,9535,8094,7241,7872,6969,6019
T:AACTA,59109,942,83916,84683,56693,63876,64948,67228,54057,48234,55173,55629,54089,44952,45927,52101,41034,37817,37336,36555,28867
T:AACTC,56055,849,91879,99089,61365,77123,79727,74791,69842,59271,67006,62739,71418,50798,50070,57590,46576,42560,46796,41012,35169
T:AACTG,60316,815,99717,106442,67068,80735,84555,81546,72656,63250,71318,67689,73288,55046,54902,63189,50616,46563,49736,44465,37129
T:AACTT,67841,1000,99576,101893,68107,76326,79349,81067,65825,59017,66809,66683,66571,53086,53894,62091,48501,45420,45012,43795,35004
T:AATAA,131889,2203,176862,178928,121184,133613,136921,143473,112058,102304,114041,119500,110537,93686,93654,106973,85435,80402,77830,76584,60335
T:AATAC,59552,1046,80721,80999,54958,61217,62626,64815,51945,46495,51989,54093,50369,43042,44421,50284,39364,36353,36244,35264,27737
T:AATAG,62158,848,79572,79249,53829,59146,59936,64235,52452,45770,50174,53263,48047,40853,42150,49305,38028,35415,34723,33951,26820
T:AATAT,110803,1634,135085,131746,93135,97765,98997,109772,79713,75490,80248,90944,73186,68552,70333,81777,63566,60966,56457,57354,42758
T:AATCA,73673,1174,102708,103355,69488,76714,79814,83405,67936,60677,67218,68011,64867,53290,55189,63978,49284,46101,46395,44310,35337
T:AATCC,46042,636,70431,75264,46852,59211,61130,57476,54710,45580,50920,48085,54182,38879,38581,45841,35876,32378,35586,31031,26819
T:AATCG,5189,52,9101,9842,6596,7503,8114,7579,6655,6360,6586,6993,6808,5033,5239,5909,5039,4436,4917,4231,3777
T:AATCT,64128,883,93827,96651,62665,73005,73636,75877,63938,55809,62923,62452,63252,49257,49813,59088,45253,42295,42469,40126,33081
T:AATGA,89268,1211,125395,127944,85150,96204,98755,103393,84921,73916,82185,83126,79917,65588,67734,77767,61439,56441,57036,54339,43399
T:AATGC,49460,569,77138,79870,51964,60816,63310,63768,53662,48052,52606,51626,52797,41670,42537,48819,38527,35542,36973,34074,27651
T:AATGG,68782,936,96022,99576,63494,75853,77701,78788,69808,60182,64262,64630,64791,49950,51629,60408,47957,43321,45923,41208,34085
T:AATGT,79038,960,113803,114490,76972,84600,88918,92535,74225,67423,73471,75871,70388,58762,61124,69556,55319,51546,51327,48768,38322
T:AATTA,88448,1438,118374,118345,82880,86892,89681,96201,70311,66915,74083,79531,69291,61589,62805,71978,56327,53725,50333,51414,39155
T:AATTC,68544,939,95051,96881,64889,73039,73613,76816,63216,55610,62188,63259,61207,49595,51246,59374,45483,42311,43217,40580,32948
T:AATTG,56100,679,69935,69383,47635,52693,53096,56980,45427,40972,43576,46406,41391,35207,36424,44186,33468,31094,29882,29343,23068
T:AATTT,109060,1630,141900,141491,99140,104349,105529,115250,83796,79602,87090,93341,81785,72505,74809,86188,66672,63355,59046,60046,45659
T:ACCAA,61892,1046,95990,101960,64248,77814,80599,77387,71489,61368,67541,65145,70848,52257,53124,62542,49007,43786,47603,42507,35821
T:ACCAC,41768,635,79507,89731,51192,70402,74684,65012,67054,56412,61366,55893,69390,45407,44234,50709,43380,37278,44733,35984,31799
T:ACCAG,47258,598,85303,96200,55063,76392,78753,70202,73468,60824,65256,59009,74218,48920,46591,55785,46852,39812,47400,38413,34395
T:ACCAT,51627,666,82238,87641,54149,67864,70539,67274,63214,53815,58688,56208,61730,44928,45304,52476,42433,37797,41352,36150,30461
T:ACCCA,54076,793,93825,104670,61416,83078,87424,77870,81759,67985,71566,65687,79578,52883,51723,61104,51795,43898,52823,42349,37503
T:ACCCC,28450,319,54554,63250,34921,52282,54590,45655,51852,42341,43979,40333,53421,31100,29501,34974,31897,25689,33725,24748,23304
T:ACCCG,4764,45,11066,13260,7729,11496,12116,9002,10429,9514,9341,8846,11678,6600,6304,7052,7052,5483,7554,5180,5266
T:ACCCT,40148,491,72558,81633,46879,65398,68143,60030,63403,53133,55804,51015,64914,41098,39426,46388,40770,34345,41386,32355,29515
T:ACCGA,5045,55,10793,12294,7775,9891,10882,9013,8717,8569,8441,8422,9796,6439,6276,6781,6346,5282,6567,5254,4801
T:ACCGC,3435,29,8615,10302,6008,8706,9429,7110,7724,7374,6995,6908,9026,5184,5020,5325,5581,4137,5914,4221,4205
T:ACCGG,3765,39,8629,10546,6013,9116,9383,7312,8102,7547,7188,7027,9108,5370,5147,5744,5687,4365,5944,4316,4219
T:ACCGT,4212,61,10436,11910,7523,9611,10619,8513,8707,8514,8458,8340,9643,6142,5992,6680,6339,5139,6603,5007,4720
T:ACCTA,40996,625,60283,63484,39913,49422,50362,49289,45532,38540,42277,40318,43646,32770,32995,38917,30798,27772,29235,26476,22014
T:ACCTC,37328,428,67866,75593,44056,60864,62790,56532,58460,48473,52405,46879,59692,38064,36886,44130,37358,31864,37871,30161,27486
T:ACCTG,43369,550,82702,93578,53279,74693,78656,69008,71986,60586,64215,57112,72809,46792,44633,54639,46280,39157,47213,36704,33295
T:ACCTT,46773,599,77209,82726,50504,64038,65749,62308,59417,50429,55567,52029,60104,41924,41224,48284,39430,35336,38995,33555,28812
T:ACTAA,57381,910,82745,83150,56443,63299,64775,66567,53630,47892,54349,55033,53268,44311,45082,51997,40179,37400,37313,36405,28763
T:ACTAC,34590,511,52137,55235,34938,41834,42670,42380,37227,31946,36512,35075,37347,29003,29386,32934,26556,24125,25494,23206,18992
T:ACTAG,36036,443,53050,56004,35030,42908,43130,43808,38753,32677,36952,35003,38490,29046,28790,33592,27157,24079,25251,23455,19500
T:ACTAT,54574,791,72960,72828,48940,55176,55838,58430,47202,42290,46974,48414,46049,38497,38967,44689,35128,32577,32425,31146,24554
T:ACTCA,63643,926,108144,118286,71670,92385,96035,88606,85641,72189,80031,73655,86041,59906,59194,68800,56303,50385,56947,48102,41590
T:ACTCC,38203,470,66954,73628,43741,59131,60361,55337,55686,46285,50455,45978,55129,36928,36116,43290,35942,31133,36147,29883,26254
T:ACTCG,5389,55,11985,13675,8309,11207,12269,10069,9999,9288,9560,9005,11388,7118,7094,7496,7032,5917,7574,5699,5446
T:ACTCT,54291,733,94338,101809,62354,78562,80931,77758,72175,61473,68779,63637,72420,51951,51408,60746,48818,43774,47794,42006,35674
T:ACTGA,63079,802,106105,114216,70948,88454,91723,87692,79938,68611,77102,72263,79563,58093,58435,67631,54553,49920,54104,46934,39623
T:ACTGC,37458,487,72577,82003,48708,63542,66009,60466,58486,50378,55271,50298,60687,41629,40248,46646,40001,34754,40528,33587,28724
T:ACTGG,47627,573,84190,92429,55075,72455,75947,69223,69496,58521,63149,57658,69317,46804,45697,52975,45147,39153,45286,37377,32250
T:ACTGT,52938,636,96873,104242,65083,78600,84019,80107,71840,64183,70337,66496,72581,53311,53618,61971,51161,45445,49447,43928,35812
T:ACTTA,51337,727,76551,78360,52357,58458,60741,61730,50159,45048,50914,50923,50598,40849,41489,47713,37332,34616,34917,33536,26830
T:ACTTC,51304,686,83072,87463,55726,67101,69159,68469,60644,53002,58655,55810,60269,44902,45994,53516,42780,38324,40797,36865,30720
T:ACTTG,48448,571,76976,83641,51450,63514,66497,63718,58421,50133,55861,52668,58872,41705,42118,49444,39464,36011,38641,34269,28578
T:ACTTT,77375,1032,111208,115190,76262,85850,87805,91307,73530,66802,73598,74323,73253,59327,60287,69366,54121,50850,49695,48235,38659
T:AGCAA,74696,978,121366,128633,79851,97967,102367,99003,88622,77050,85951,81622,89602,66292,67180,77385,61472,55709,60605,53666,44907
T:AGCAC,45526,509,88238,101218,58412,79362,84439,73597,73813,62227,69482,61084,77279,51530,49852,57387,48927,42511,50253,40782,35314
T:AGCAG,61177,585,118774,135679,79068,106286,110157,100347,101610,85200,92937,81527,104031,68322,66489,76910,67064,56696,68652,54036,47965
T:AGCAT,57359,562,94905,99154,62214,75652,78726,77606,69021,60335,65942,63620,67455,50291,51215,59997,47815,43279,46173,41485,33894
T:AGCCA,60775,722,115542,133133,75377,104928,111155,96408,100801,84337,91260,81875,104137,66110,63732,73365,64807,55123,66325,52094,47268
T:AGCCC,32735,316,68591,82826,43934,67570,71076,57304,67558,54478,57620,49350,69702,40393,37475,45065,41204,32753,43032,31445,30406
T:AGCCG,4936,40,12672,15669,8792,13518,14355,10326,12280,11093,10892,10325,14310,7855,7337,8308,8329,6392,8958,6163,6302
T:AGCCT,48024,505,92753,108136,59899,86772,89180,78036,83208,68595,74543,64906,86625,53652,50875,60719,52022,43993,53533,42153,38312
T:AGCGA,5130,56,11489,13578,8334,11089,11727,9744,9644,9487,9348,9199,10814,6832,6708,7395,7067,5800,7146,5731,5439
T:AGCGC,3799,28,10259,12874,7419,10929,11609,8624,9837,9140,8892,8370,11170,6548,6187,6668,6823,5166,7438,5413,5271
T:AGCGG,4450,36,11410,14100,7742,12092,12521,9248,10854,9908,9642,9249,12762,6971,6364,7064,7536,5589,7850,5561,5534
T:AGCGT,4243,46,10600,12499,7763,10234,10893,9162,9174,8637,8704,8746,10173,6548,6317,6897,6521,5301,6687,5364,4883
T:AGCTA,50656,581,79991,84734,52779,64647,67141,65100,58192,50714,56272,53534,59247,43821,43164,49893,40456,36800,38581,35058,29181
T:AGCTC,43491,460,83699,94733,54583,75674,77656,69345,70628,59730,64429,57469,73575,47425,45951,54004,46344,39312,47015,37507,33402
T:AGCTG,54624,569,107122,121083,70072,95842,99736,88736,91329,77478,83326,74489,94081,60652,58814,69170,59114,50533,60149,47916,42619
T:AGCTT,51118,550,87025,93488,58014,71381,73781,71782,65430,57362,62875,58709,66196,46885,47289,55026,44626,39798,43412,38142,32475
T:AGTAA,59756,960,87646,89715,60124,66842,68770,71323,56669,51067,58039,58300,56972,47036,47284,54225,42855,39801,39531,38218,30711
T:AGTAC,38320,504,53742,56873,35998,43568,44050,44450,39165,33136,36880,35751,38233,29316,29138,33416,27332,24436,25496,23397,19392
T:AGTAG,41809,537,60909,64453,40374,48641,49226,49767,44757,37454,42293,40655,43261,32345,32721,37719,30589,27743,29035,26346,22300
T:AGTAT,51707,714,69156,70505,47035,52495,53479,56542,45363,41028,44824,46124,43238,36252,37863,42472,33810,31653,30778,29660,23226
T:AGTCA,54285,627,92684,99631,61670,76047,79878,76960,70485,60444,67064,63132,69994,50795,50587,57962,48388,42657,47294,41276,34936
T:AGTCC,32331,327,58434,65511,38018,52398,53224,48442,49644,41169,44111,40217,49972,33036,31887,38503,32101,27338,32237,26106,23332
T:AGTCG,4904,59,9098,10318,6321,8304,8963,7795,7607,7087,7000,7151,7913,5153,5235,5838,5368,4490,5515,4431,4006
T:AGTCT,49287,558,84936,91018,55967,70534,72607,69606,64709,54960,61361,57423,64769,45870,45830,52607,43767,39403,42471,37651,31892
T:AGTGA,56576,625,93968,101978,62797,77652,81493,79150,72552,62165,67333,63529,71163,51204,51265,59630,49200,43818,47973,41783,35523
T:AGTGC,32097,295,59563,67668,40055,53052,55719,49897,49383,42315,45841,41361,51828,33724,32931,38747,32655,28607,33356,27379,23739
T:AGTGG,49347,615,80809,88968,52686,69830,73071,67030,67798,56060,59709,56030,65502,44355,43625,51055,43137,37411,43254,35272,31074
T:AGTGT,47021,466,84526,90794,57257,69054,73861,70161,63910,57548,60761,58961,64186,45848,46052,53321,44474,39823,43913,37901,31515
T:AGTTA,50040,642,74523,76659,52076,57471,59434,61510,48937,44570,50424,50669,49648,39810,40728,45485,36610,34307,34357,32542,26282
T:AGTTC,50528,605,82709,91211,55549,71549,73528,67944,63765,55338,61404,57082,67481,45881,44735,53308,43001,38819,42677,36584,31476
T:AGTTG,40773,395,62071,65935,41693,49533,51467,51902,45802,40135,43409,41842,44804,32728,33138,39199,31561,28153,30029,27061,22497
T:AGTTT,71855,849,105150,109060,71896,81700,83865,86090,69685,63514,69983,70487,70002,55397,56322,64548,51282,47371,47681,45693,36731
T:ATCAA,69988,1146,96493,97483,65780,73135,75432,78158,64727,57138,63055,64139,60644,50619,52182,60548,46669,43602,43732,41690,33324
T:ATCAC,42891,527,69625,73705,46402,56047,59443,58310,51419,44699,49328,47143,49573,37868,38555,44697,35929,31858,34237,30863,25465
T:ATCAG,52488,729,82513,86346,54888,66294,69230,67482,61722,53225,57548,55326,59577,43841,44739,52191,41733,37033,40852,35800,30111
T:ATCAT,61376,790,84415,84748,56341,62970,65687,68653,55840,50256,54300,56054,51903,43550,44441,53302,40565,37890,37290,35937,28268
T:ATCCA,59276,853,89045,92850,58278,73308,75158,72635,68709,59153,61319,60423,63803,47524,47666,57874,45504,39660,43716,38608,32550
T:ATCCC,39309,494,65434,72056,41973,58011,61022,53949,56378,46102,50027,45462,55930,36143,34915,42272,35667,30061,35787,29141,26191
T:ATCCG,4056,39,8529,10264,6125,8430,8783,7091,7426,7059,7080,6898,8534,4977,5020,5528,5111,4270,5342,4123,4019
T:ATCCT,52480,647,82971,87304,54094,68445,69793,67827,64731,54116,58952,55566,62515,44391,44232,53764,42393,37514,41073,35526,30298
T:ATCGA,5523,68,9432,9688,6717,7615,8432,7742,6865,6376,6535,7129,6768,5008,5386,6001,4982,4394,4880,4254,3729
T:ATCGC,3071,20,6827,7605,4838,6229,6775,5724,5533,5203,5443,5301,5881,3960,3981,4489,4029,3349,4097,3351,2978
T:ATCGG,3386,37,7212,8148,5000,6583,7175,6043,5987,5691,5801,5876,6749,4184,4049,4639,4463,3602,4470,3469,3322
T:ATCGT,4681,39,9096,10025,6462,7515,8198,7585,6573,6382,6651,6984,6974,4994,5300,5814,4986,4460,4891,4214,3664
T:ATCTA,54762,703,79550,80824,53076,61472,62227,64322,53386,49134,52416,53636,52036,41045,42273,48682,39154,36037,36458,33898,27483
T:ATCTC,51008,654,83303,89249,55101,69783,72030,68918,64809,55228,60574,56306,64704,45293,44563,53215,43220,38226,41676,36444,31416
T:ATCTG,55521,682,93635,101712,61391,78545,80068,76632,72385,61996,67810,64188,72083,50963,50062,60304,48358,43422,47929,41060,34922
T:ATCTT,69892,926,101051,104209,67744,79002,80311,82407,69938,61287,67851,67724,68120,52901,53925,63437,48996,45433,45364,43002,35208
T:ATTAA,87425,1421,121292,121506,83955,90057,93156,97431,73567,69729,76446,82066,73556,63187,64299,73797,57885,54832,52328,52313,40521
T:ATTAC,42514,612,59887,61259,41700,45905,47378,48477,37757,34794,39505,40731,38389,32171,32358,37414,28730,27084,26476,25924,20836
T:ATTAG,45588,638,63638,64271,43607,47597,48209,51894,40667,37163,40649,42226,39419,32658,33705,38384,30859,28483,27760,27109,21268
T:ATTAT,81894,1063,104968,105135,72391,77365,79140,85659,62125,60343,64743,71767,60197,54082,54848,63004,50681,48146,43413,44805,33924
T:ATTCA,73481,926,104133,107122,70487,81104,81794,85915,70006,62461,68621,69299,66843,54082,55897,65521,50886,46978,47158,44505,35731
T:ATTCC,51280,612,77256,79785,51002,61954,63032,62822,56829,48164,52903,51653,54727,40564,40974,50330,38538,34862,37030,32909,27933
T:ATTCG,5263,75,9262,10025,6434,7510,8075,7557,6783,6258,6414,6876,6718,5098,5046,5827,4927,4379,4809,4144,3708
T:ATTCT,79022,906,114246,116571,76419,87970,89347,93402,77715,68496,75396,75495,73877,59108,61012,71360,55062,51441,51821,49339,39607
T:ATTGA,50747,588,66517,66861,44971,50582,51140,54662,44657,39978,41838,44912,40365,33311,34626,41568,32352,29655,29231,27996,21861
T:ATTGC,34658,361,49311,50312,33596,38178,38729,40501,34191,30276,32189,33408,31587,25288,25990,31500,24161,22195,22251,21170,16947
T:ATTGG,40861,457,53974,55582,36011,41700,43396,44148,39932,33988,35564,36664,35283,27418,28377,34038,27123,23861,24994,22921,18724
T:ATTGT,54634,573,73007,73369,49860,54864,56171,60893,47818,44273,45723,48651,44186,36550,38369,46573,35524,32766,31960,30999,24135
T:ATTTA,96991,1348,133934,135613,93330,99822,103158,109220,79938,78128,85000,90902,81565,70092,70933,79470,64741,61650,57711,58111,44820
T:ATTTC,83727,1043,117331,119679,80444,89512,90200,96208,74284,69255,75301,78012,74197,60854,62288,73256,56189,52879,52163,50104,39428
T:ATTTG,74393,758,100909,102841,67990,76561,77391,82677,65706,60066,64533,66649,62843,51039,52806,62665,48573,45539,44499,42596,33734
T:ATTTT,148360,1780,193654,195130,135529,143105,146423,158209,115593,111388,120588,130337,114857,99911,102131,118271,91778,87247,81411,82808,62963
T:CACAA,73193,1049,118467,126732,78240,96647,102433,96981,89053,75773,83365,80637,86791,64567,65957,76459,60471,54478,60488,52778,43662
T:CACAC,98449,1046,222839,238567,142964,187152,211994,183973,174299,162753,170748,161034,181334,119296,120824,142294,117690,104506,127532,101939,84960
T:CACAG,70395,792,150725,170423,98287,133738,144423,126515,127022,109320,115542,105289,128631,85811,84468,97844,84639,71480,87430,68306,60289
T:CACAT,72736,903,126492,135129,83489,102686,112206,103709,95377,85049,91672,88170,94207,68652,69208,79595,65370,59024,65399,56161,46078
T:CACCA,54509,761,101981,114644,66062,90887,95723,84025,87893,73291,78334,71085,89194,57695,56172,66366,56364,47721,57283,45734,40599
T:CACCC,34136,403,70328,82283,45216,68155,72127,59428,67474,56231,57537,51385,69376,40216,38701,44402,41911,33751,43894,32292,30263
T:CACCG,5022,58,13539,16387,9532,13622,14912,11341,12468,12028,11398,11076,14351,8223,7859,8458,8844,6771,9534,6721,6526
T:CACCT,43923,581,83619,94977,53214,76023,79112,69325,73808,61230,65098,57706,74128,47295,45235,53356,46951,39140,48108,37276,34305
T:CACGA,6513,81,14311,16297,10032,13028,14527,12055,11617,11198,11287,11085,12719,8495,8600,9241,8466,6986,8642,7046,6176
T:CACGC,6485,86,17277,21030,12386,17846,19699,14803,16428,15055,14889,14408,18000,10896,10423,11099,11117,8851,12209,8737,8382
T:CACGG,6456,75,18494,22006,12892,18747,20454,15517,16741,16508,15651,15042,18901,11379,11220,11887,12080,9324,13068,9472,8846
T:CACGT,7933,77,19407,22230,13720,18049,19827,16593,15967,15335,15755,15770,17662,11673,11624,12447,11536,9779,12084,9520,8539
T:CACTA,43167,587,66304,69581,44745,53385,55033,54524,48873,41642,46630,44458,48194,36680,36627,42474,33948,30400,32785,29561,24585
T:CACTC,40457,445,77861,87940,51401,70158,73342,65425,66031,55722,60344,53788,66637,44051,43300,51626,42772,36856,43989,35484,31558
T:CACTG,56352,659,115384,129241,75829,101064,107433,96838,96298,82129,89089,79561,97184,65448,64481,74184,63741,54960,64634,52707,45357
T:CACTT,57124,682,92953,101337,63066,76842,79857,77667,70079,60485,67235,62948,70153,51068,51549,60220,48106,43671,46472,41919,34659
T:CATAA,62668,941,89640,90848,60423,67864,70508,73256,59542,52342,58804,60673,56341,47272,48317,55528,43245,40382,40761,38664,30395
T:CATAC,44422,647,70402,73960,46819,56196,61896,57659,52034,47065,50248,49882,51098,38838,38881,45172,35633,32729,36396,31465,25350
T:CATAG,46920,526,68071,72546,44948,54526,55825,56675,51749,43104,46924,46235,48335,36182,36351,43928,34775,31344,32865,29296,24415
T:CATAT,75434,943,98769,98428,65309,73795,76909,80114,64319,59475,62194,66665,59448,50560,51531,60163,47572,44259,43677,41138,32269
T:CATCA,57752,694,95215,100171,63144,76715,81416,78542,71134,62168,67162,64663,68860,51856,52035,62127,49262,43420,47186,41618,35154
T:CATCC,43027,572,75438,81897,48465,65405,68983,62185,64421,54657,56308,52710,61960,41315,40636,48835,41288,34280,41294,33485,29820
T:CATCG,4623,29,10685,12048,7507,9512,10611,8949,8703,8244,8412,8388,9439,6166,6224,6976,6323,5206,6428,5172,4698
T:CATCT,62336,763,108080,116673,71142,90823,93777,89521,84341,72074,79243,73687,83599,58463,58335,68364,56514,49912,55006,47873,40776
T:CATGA,55690,605,91002,94877,59939,72146,77051,75081,68229,58780,63063,61286,64004,48136,49995,58543,46403,42186,45217,40386,32030
T:CATGC,41812,386,78222,84983,50592,66003,72304,64630,62191,55539,59416,54151,62303,42695,42173,49891,40878,36573,42127,34955,29491
T:CATGG,50252,523,90213,100075,58525,77316,83059,75683,75395,64482,67932,62975,73603,49818,50002,59001,49249,42252,49836,40295,34585
T:CATGT,59604,616,101130,107035,66342,80662,88143,83838,75067,69039,72763,68670,74148,53621,54577,63537,51063,46807,50742,44411,36054
T:CATTA,55132,739,79970,80975,54119,60238,62533,64836,51022,46829,52294,53748,50476,41924,42839,49063,38703,35997,35119,34697,27328
T:CATTC,52150,608,82876,86771,54516,66368,68156,68522,61307,52618,56985,55449,58356,43547,44584,53273,41503,37496,39693,35977,29615
T:CATTG,47082,443,68205,70853,46102,52723,54651,56537,49458,43344,44938,46093,44836,34962,36149,44180,34518,30616,31727,29181,23591
T:CATTT,103743,1120,144786,149333,99710,110207,113132,118804,92724,86907,94223,97416,91275,75735,77466,90486,70123,65952,64688,63107,49187
T:CCCAA,54509,775,89369,99097,57493,78655,80163,73649,75512,61691,66744,61849,74992,49870,48655,59042,47963,41299,48414,39708,35695
T:CCCAC,42694,462,84790,98617,55263,80743,84797,71249,79542,66037,68454,61414,80693,48354,46861,54639,49773,40368,52178,38379,36325
T:CCCAG,57402,654,116311,139572,73874,114493,119282,97599,114797,91188,96908,83737,117478,68062,62897,77494,68992,55638,72168,52769,50438
T:CCCAT,45268,565,74499,81403,48285,64307,66703,62237,63356,52609,55605,51315,60552,40083,40036,48367,40384,34332,39953,33103,28775
T:CCCCA,50321,548,94438,110260,60293,90018,94850,78986,91028,72913,76355,68306,91340,53021,50863,61151,55256,44324,57414,42282,40297
T:CCCCC,34862,363,64410,74383,42058,62977,67865,52441,62083,51722,51133,50196,66721,36793,35453,40715,39141,29653,40616,29891,28796
T:CCCCG,6900,67,15454,19530,10755,17431,17646,12773,16215,14134,13142,13169,18127,9220,8909,9790,10256,7524,11442,7508,7768
T:CCCCT,38661,373,70432,78913,44909,65758,68362,58187,64342,52789,54694,50110,65346,39285,37083,44959,40478,32529,40858,31188,28761
T:CCCGA,5719,71,12720,15606,8957,13524,14059,10730,12291,11086,11027,10254,13992,7687,7352,8123,8065,6301,8814,6255,6141
T:CCCGC,5139,39,12576,16423,8842,14836,14838,10471,13656,11923,11006,10907,15331,7757,7415,7995,8804,6251,9736,6076,6598
T:CCCGG,7100,54,15559,19488,10701,17756,17834,12629,15967,14037,13547,12614,18325,9454,8851,10116,10378,7663,11169,7448,7872
T:CCCGT,4373,30,10886,12970,7619,11244,11955,9259,10360,9753,9219,8897,11245,6532,6197,6912,6906,5571,7545,5387,5158
T:CCCTA,33056,381,53076,57975,33761,45313,46380,43524,43865,36176,38864,36279,43859,29214,28099,34367,28676,24400,27963,23283,20533
T:CCCTC,40640,400,82104,92869,52978,77842,80952,68255,76356,62181,65339,59394,78645,45632,43936,50965,48002,38547,49765,36666,34806
T:CCCTG,47178,458,95509,113187,61124,93232,96960,80385,90343,75421,78119,68234,93406,55411,51449,63049,56393,45592,58092,43072,40107
T:CCCTT,45965,468,79058,84995,51020,67035,68779,64684,64090,54704,58169,54057,64876,42597,41575,49827,42104,36406,41465,34336,30505
T:CCTAA,44757,716,68538,71629,45284,54826,55772,55213,50285,42837,47380,46064,49051,37164,37280,44057,34382,31172,32861,30172,24975
T:CCTAC,28962,370,49353,54163,32614,43343,43811,41002,40589,34024,37080,33764,40568,27847,27029,32686,27073,23381,26474,22363,19493
T:CCTAG,37315,375,59542,66053,37645,52497,53716,49402,51044,40755,45338,39947,50764,33229,31771,37806,31911,27587,31926,26000,23167
T:CCTAT,38940,503,55736,57833,36085,44760,45013,46101,40920,34869,37737,36927,39052,29691,29639,36453,28009,25035,26501,23825,19465
T:CCTCA,52332,569,95226,107599,61900,85721,88810,79640,85139,68629,73200,65378,83370,53326,51547,62369,53016,44997,53731,41980,38357
T:CCTCC,51855,533,103323,117482,65857,97052,101712,86028,96364,78121,83033,73850,100013,57523,54294,64634,59724,48163,61692,46291,43649
T:CCTCG,6479,58,15120,18485,10402,15866,16517,12710,14640,13102,13049,12195,16157,9336,8643,9576,9636,7630,10445,7412,7347
T:CCTCT,61861,653,115724,128615,74709,104839,106845,96279,99225,82578,89443,79862,103678,64754,60818,72857,63377,53726,65026,51525,46060
T:CCTGA,51940,612,96135,107252,62259,85863,88981,79318,81940,67885,73598,65768,81365,53798,52183,63357,52010,44533,53064,41785,37465
T:CCTGC,37636,381,83248,99567,53583,80786,85000,70383,79553,65854,69099,60081,82393,48696,45620,54223,49839,40500,51616,38273,35500
T:CCTGG,52358,549,105810,127438,66831,104955,107323,89136,101682,84378,88194,75998,108470,61795,56225,70087,61715,50677,65272,47515,45362
T:CCTGT,47323,492,91094,103430,59295,81945,86054,75827,78784,67136,70573,63428,78872,50708,48764,59983,49948,43104,51802,40680,35865
T:CCTTA,40258,501,62444,65129,42037,50325,51974,50810,46130,40051,43928,42471,45717,33712,33980,39589,31611,28915,30518,27021,22786
T:CCTTC,54106,560,99587,107923,63951,86154,87758,82231,81144,68899,73777,68009,81991,53876,53329,63113,53044,46095,53092,43814,38800
T:CCTTG,44748,431,79665,87713,51293,68835,71409,65579,67501,56145,59516,54368,67240,43462,42640,51034,42781,36780,42575,35018,30939
T:CCTTT,69491,749,111406,119398,73927,91700,92408,90607,82069,72412,78965,75229,84669,59803,59043,69572,56456,50939,54410,48501,41105
T:CGCAA,3793,68,7958,8730,5502,7178,7678,6588,6212,5874,5954,6268,6697,4455,4709,5153,4642,3885,4768,3812,3411
T:CGCAC,4616,27,12391,14745,8534,12417,13913,10411,11322,10747,10568,10103,12625,7553,7311,7857,7942,6309,8630,6294,5916
T:CGCAG,5161,26,13724,17073,9767,14496,15195,11730,13802,12327,11879,11306,14599,8605,8124,9210,9223,7010,10026,6975,6803
T:CGCAT,4254,36,9469,10672,6612,8658,9815,7991,7732,7558,7609,7547,8257,5478,5586,6122,5632,4744,5966,4705,4083
T:CGCCA,6536,88,13266,16113,9152,13742,14547,11251,12309,11370,11044,10864,13779,8373,7842,8612,8470,6507,8654,6582,6299
T:CGCCC,5132,45,12302,16170,8781,14578,15105,10205,13625,11743,11053,10684,15243,7662,7286,7868,8717,6175,9550,6088,6430
T:CGCCG,1995,23,4385,6280,3450,5372,5757,3751,4993,4500,3847,3952,5860,3116,2965,2795,3333,2205,3696,2343,2551
T:CGCCT,5760,79,13261,16920,9587,14850,15121,11143,13002,11567,11784,10905,15296,8604,7883,8404,8858,6893,9567,6574,6833
T:CGCGA,798,10,1797,2154,1450,2069,2102,1538,1785,1777,1580,1602,2022,1103,1160,1122,1254,875,1329,1038,933
T:CGCGC,2402,15,5691,7424,4042,6532,6726,4975,5742,5589,5213,4782,6807,3663,3575,3445,3915,2855,4293,2983,3046
T:CGCGG,1515,11,3656,5243,2885,4781,4710,3241,4151,3736,3418,3426,4769,2625,2398,2627,2587,1950,3049,2038,2135
T:CGCGT,949,3,2598,3198,1969,2783,3014,2220,2406,2430,2232,2260,2740,1594,1705,1731,1753,1309,1974,1290,1370
T:CGCTA,3075,20,6894,7919,4768,6318,6696,5735,5237,5155,5171,5461,6060,3897,4094,4397,3921,3172,4168,3265,2951
T:CGCTC,4335,34,11809,14903,8425,12539,13028,10048,11266,10446,10201,9710,12742,7327,7179,7454,7718,5963,8482,5989,5993
T:CGCTG,6105,46,15824,19402,11354,16216,17656,13457,14873,13954,13414,12827,16470,9685,9198,10211,10390,7931,10921,7914,7736
T:CGCTT,4355,35,10269,12429,7398,9405,10203,8510,8431,8086,8231,8077,9477,6117,6174,6495,6190,4973,6568,4958,4715
T:CGTAA,4283,76,8813,9509,6481,7510,8176,7220,6280,6272,6662,6910,6905,5095,5232,5662,4762,4364,4899,4252,3665
T:CGTAC,3041,47,6271,6977,4461,5697,6150,5309,5033,4885,4887,4991,5502,3745,3748,3929,3740,2990,3728,2982,2667
T:CGTAG,3564,64,7390,8471,5033,6814,7205,6312,6621,5878,5838,5827,6768,4339,4329,4780,4513,3669,4409,3503,3264
T:CGTAT,4530,69,8456,9236,6057,7018,7656,7030,5926,5886,6192,6434,6469,4709,4943,5188,4523,4213,4620,3944,3419
T:CGTCA,4229,51,10603,12417,7720,9926,10753,8887,8957,8451,8520,8733,9865,6409,6557,6894,6568,5238,6751,5263,4894
T:CGTCC,3734,47,9491,11673,6678,9669,10423,7992,9222,8429,7998,7833,10126,6004,5546,5955,6073,4756,6596,4736,4628
T:CGTCG,728,12,1927,2489,1423,2105,2164,1566,2003,2169,1644,1720,2292,1288,1194,1238,1342,996,1578,998,1071
T:CGTCT,5267,44,12720,14472,9005,12233,12899,10592,10734,10198,10218,10152,11866,7650,7435,8046,7643,6367,7932,6453,5843
T:CGTGA,5434,49,13439,15323,9867,12348,13908,11511,10854,10881,10796,11109,11931,7905,8173,9039,8031,6701,8254,6676,5999
T:CGTGC,4901,37,12719,15148,8862,12474,14097,10697,11243,10663,10848,10231,12641,7720,7368,8138,7907,6452,8677,6196,5887
T:CGTGG,6466,62,16243,19434,11222,16275,17924,13734,15384,14402,13434,13252,16659,9892,9276,10740,10219,8022,10887,7936,7482
T:CGTGT,7018,66,17025,19500,12025,15444,17447,14556,13764,14050,13629,13673,15345,9705,9772,10592,10025,8627,10769,8243,7404
T:CGTTA,4065,37,8450,8882,6152,6948,7534,6758,5703,5821,5897,6506,6284,4677,4885,5112,4574,4053,4469,3943,3428
T:CGTTC,5147,43,10900,12325,7807,9925,10402,9185,8624,8254,8422,8548,9284,6307,6352,7110,6451,5204,6478,5293,4735
T:CGTTG,4038,26,8266,9380,6087,7386,8028,7088,6739,6472,6360,6579,7267,4630,4827,5282,4925,3956,5046,4027,3692
T:CGTTT,7879,77,14768,16110,10840,12444,13618,12278,10468,10572,10745,11603,11402,8207,8714,9690,8137,7292,8130,7027,6119
T:CTCAA,64161,894,98716,105696,65680,82252,84218,80710,75960,63248,70837,66434,74920,54205,54414,62984,50594,45426,49538,43804,37539
T:CTCAC,47229,543,91426,104395,60747,83186,87349,76720,80520,66311,71308,64448,81121,51763,50730,59675,50853,43452,52872,41063,37592
T:CTCAG,64881,726,126841,145431,82403,116623,120805,105338,111465,91920,99693,88294,114393,71965,68842,81477,70592,60430,71983,56436,51694
T:CTCAT,52550,585,86574,92058,57137,70650,73494,71564,66464,56692,61561,58238,64383,46194,46528,55097,44435,40098,42994,38021,31489
T:CTCCA,61111,727,111470,124010,72601,99796,103599,92800,96360,78898,85854,76188,96676,61735,60438,72258,61529,51474,62324,49773,44527
T:CTCCC,48832,473,95798,107592,61653,89929,92648,79118,86930,71714,76105,67873,90006,53079,50791,60359,54299,44818,56441,42584,39711
T:CTCCG,6026,58,14279,17274,10288,14941,15771,12034,13520,12469,12188,11716,15243,8602,8285,8963,9147,7020,9965,7065,7022
T:CTCCT,62071,684,118009,130510,74763,104212,107663,97341,101149,83724,90199,80586,102072,64639,62102,74947,64301,54543,65367,52051,46316
T:CTCGA,6719,85,12719,14896,8802,12247,12794,10414,11084,9834,10328,9612,12365,7568,7247,7916,7490,6395,8018,6027,5731
T:CTCGC,4418,26,10629,13119,7683,11009,11628,8991,9820,9183,9163,8597,11081,6438,6209,6620,6706,5170,7138,5321,5173
T:CTCGG,6258,52,16358,19650,10994,17003,17847,13751,15323,13953,13856,12826,17489,9919,9349,10246,10445,8232,11389,7857,7902
T:CTCGT,5132,61,11428,13078,8019,10554,11612,9595,9706,9352,9068,8814,10574,6851,6767,7348,6829,5542,7072,5544,5136
T:CTCTA,50876,632,81585,86734,53421,67321,69365,66676,61759,52098,58291,54015,61440,44426,43731,51911,41459,37359,39896,35718,30358
T:CTCTC,77567,730,147976,154111,94720,126810,131093,122299,118028,100595,110806,100209,119411,77210,76819,92586,76265,68776,79252,64155,54748
T:CTCTG,71134,750,142185,161893,92466,130254,133405,119053,122633,103768,111878,98943,127747,80380,76125,91337,78639,67241,80740,64208,56633
T:CTCTT,70781,817,119246,127934,78611,100042,101517,98364,90488,77918,86025,81251,94402,64455,63095,74697,60953,55163,59924,52527,44600
T:CTTAA,56496,795,86016,87852,58805,66125,68569,69527,55954,51306,58281,57840,58107,46307,46647,52326,41539,39379,38951,37783,30168
T:CTTAC,34795,468,57997,61984,39431,47277,49200,47240,41972,36948,41781,39771,43271,31906,31908,36073,29639,26954,29126,25815,21763
T:CTTAG,40566,432,65820,69605,44081,53804,55217,54139,48538,42288,46554,44261,48462,35505,36145,42616,33439,30319,32459,29077,24240
T:CTTAT,49926,604,70579,72021,47929,53451,54658,57955,46399,41638,45849,47264,44687,36518,37515,43588,33912,31931,30924,30129,24181
T:CTTCA,69838,846,113196,119368,75493,92221,94801,93192,83769,73150,79962,75846,82810,61074,62144,72992,58072,51775,56121,49871,41817
T:CTTCC,61276,635,116497,128296,75311,101680,104200,96516,96112,81474,88087,80252,98549,63547,62675,74032,62441,54906,62535,52150,46024
T:CTTCG,5881,62,11640,13025,8222,10336,10946,9460,9371,8790,8725,8895,10203,6590,6668,7429,6708,5491,6877,5433,5070
T:CTTCT,83801,930,141313,149161,91418,115695,117889,115769,107166,91753,100515,94401,106715,74473,75038,88367,72579,64263,69309,61147,52026
T:CTTGA,50302,589,79765,84811,52978,64921,67335,65840,60453,51817,56919,53900,59793,42330,42665,50531,40462,36279,39264,34888,29035
T:CTTGC,37307,392,66176,73392,43417,56894,59545,55174,54027,45951,50229,45842,54780,36582,36266,42481,35119,31007,34980,29135,25674
T:CTTGG,46989,466,82698,92583,53298,72384,74685,67385,70259,58482,62554,57012,71571,45505,44507,53794,44809,38806,44951,36943,32770
T:CTTGT,48766,536,79192,84541,52340,63869,66995,64866,59676,51947,55178,53737,58625,41676,42286,49830,40285,36500,39037,34503,28763
T:CTTTA,70078,918,105446,110797,71957,83000,85235,86207,70259,64298,71497,71546,72588,56934,56874,64933,52003,48577,48650,46077,37250
T:CTTTC,77096,728,124540,130870,83275,100178,100507,102318,89228,78789,86224,83372,89197,65506,66516,78486,62018,56728,59293,53754,44752
T:CTTTG,64092,622,102779,110206,68743,83010,85108,85035,75800,67065,72161,69938,76006,54824,55069,64959,52269,47099,50149,44852,37882
T:CTTTT,99670,1191,142985,149688,97582,112393,112975,116604,95661,87180,96231,96029,97678,76002,76148,88072,68732,64406,64370,61410,49823
T:GACAA,53028,728,84373,89972,55917,68334,70994,69536,63238,54286,59218,56918,61774,46249,46432,54921,43439,38425,42588,37714,31093
T:GACAC,37462,513,73376,81165,48458,64267,68904,61092,61331,52967,54795,52595,59927,41241,41198,47446,40341,35034,41876,33314,28685
T:GACAG,54979,737,107992,122324,70405,97482,102502,88966,91298,78952,84500,76241,96089,61005,59198,69438,60772,51105,62430,49023,43250
T:GACAT,43403,542,72015,76865,47666,57776,61164,59759,54010,47653,50858,49634,52261,38754,39768,46288,36839,33253,36078,31893,26248
T:GACCA,35810,489,64764,71605,41654,56690,58663,53032,54721,45635,48359,44842,53698,35882,35213,42590,35288,29953,35343,28848,25481
T:GACCC,23355,294,45709,53650,29889,44042,45894,38422,44114,36114,36648,33706,43989,26822,25146,30414,27292,21715,28388,20914,19749
T:GACCG,2844,34,7401,8993,5398,7654,8163,6200,6754,6493,6164,5996,7866,4577,4403,4750,4863,3735,5032,3621,3634
T:GACCT,32512,387,59050,66327,38496,53366,55268,49340,51011,42467,45799,41111,51795,33029,31766,38629,32429,28054,33280,26157,23557
T:GACGA,4262,50,9120,10563,6566,8559,8966,7688,7667,7218,7416,7030,8162,5471,5531,6053,5609,4658,5770,4491,4154
T:GACGC,2733,29,7758,9482,5498,8069,8621,6466,6974,6639,6554,6394,8091,4827,4642,4929,5001,3960,5359,3934,3790
T:GACGG,3907,40,10315,12292,7258,10787,11151,8505,9481,8916,8692,8353,10648,6375,6141,6689,6468,5179,7040,5075,4752
T:GACGT,3556,39,8942,10325,6538,8516,9126,7766,7454,7313,7461,7385,8209,5325,5537,5912,5497,4626,5743,4468,4213
T:GACTA,33158,415,50332,51946,32812,39672,40310,40726,35803,30633,34069,33309,35157,26595,26884,31509,24791,22897,24100,22018,17986
T:GACTC,28912,333,56658,63350,36763,49887,52023,46880,47746,40183,43755,38952,47684,31697,30764,36751,31011,26731,31260,25235,22452
T:GACTG,38808,458,72138,80077,48115,62965,66112,59609,59380,50959,54980,50811,59939,40304,39471,46184,39235,34202,39595,32732,27984
T:GACTT,41808,502,69217,73250,46340,55926,58054,56724,51253,44964,48404,47310,50931,37188,38135,44222,35425,31906,34224,30532,25347
T:GATAA,50472,659,70137,70602,47902,52812,54143,57713,46884,41883,45617,47492,43322,36575,37852,43279,34203,31813,31741,30196,23935
T:GATAC,30820,435,45254,45966,29766,35525,36450,36748,32730,28220,30089,30776,30765,23802,24434,28473,22622,20638,21800,19615,15893
T:GATAG,36591,415,52860,54720,34975,41474,43004,44080,39376,34249,35594,36032,36145,27573,27933,32665,26774,24047,25946,22444,18698
T:GATAT,52042,659,66094,64725,44025,49198,49652,53853,43919,38813,40418,43798,38072,33427,34325,41021,31539,29476,28417,27262,21342
T:GATCA,37250,529,56491,59436,37304,45475,47431,46417,42947,35961,39490,37813,40250,29865,30530,35800,28383,25829,27826,24482,20396
T:GATCC,28348,359,46406,50731,30202,40841,41777,37827,38954,32484,34544,31701,38195,25024,24487,30599,24678,21112,24483,19986,17713
T:GATCG,3057,31,6265,6785,4301,5557,6104,5129,5032,4653,4765,4960,5433,3419,3561,4010,3599,3018,3593,2911,2599
T:GATCT,40337,497,63743,69071,42061,54229,55125,51884,50590,42317,46254,43742,50691,34607,34003,40608,32753,29372,32553,27295,23988
T:GATGA,45537,454,73825,78818,49097,59875,63038,62502,57104,48789,52627,50472,54266,39656,40328,47918,38604,34099,37456,32416,27216
T:GATGC,31500,355,57124,62497,37745,48943,51507,47879,45908,40207,42252,40401,45938,31085,31352,36664,30924,26889,30911,25454,21997
T:GATGG,46967,594,80424,87984,52063,70761,75250,67311,69119,57937,60886,56540,67574,43449,43395,51732,43502,37280,44613,35025,31044
T:GATGT,39594,424,66549,69950,43898,52932,57065,55566,50888,44593,46515,45598,48507,35078,36230,42408,34150,30687,33952,29011,24274
T:GATTA,38442,485,54021,56491,36972,42250,43340,43907,36100,33086,36355,36824,36414,28441,28880,33741,26475,24787,24367,23310,18926
T:GATTC,33336,368,51710,54389,34307,42305,43572,42829,39067,33350,36378,35008,37261,27350,28016,33924,26084,23432,25096,22473,19100
T:GATTG,29003,321,41955,43168,28108,32909,34272,34921,31248,26789,28437,28744,28565,21510,22106,26882,20975,19075,19990,18278,14691
T:GATTT,61897,626,87729,90855,59666,68053,69249,71862,57438,53341,57889,59492,58022,45702,46502,54585,42835,40114,40104,37613,30541
T:GCCAA,38154,464,65092,72773,42552,56036,58213,54893,53412,44566,48585,44642,53168,36606,36053,41840,35229,30269,34621,29594,25807
T:GCCAC,29774,338,62280,74636,40410,60000,64528,52874,59370,49455,51332,45729,61027,37339,35843,41069,37699,30683,39123,29235,27221
T:GCCAG,45510,480,88834,107561,57203,87252,89523,74475,84094,68966,73604,63656,89817,52150,48329,56694,52019,42715,54446,40398,38344
T:GCCAT,40231,394,69504,76581,45762,59112,63237,58278,56787,48534,52034,48735,55227,38331,37687,44636,37121,32557,37366,30542,26694
T:GCCCA,32905,329,66519,79355,42365,64319,65954,55950,63544,51828,54221,47919,64580,38600,36700,44711,39633,31881,40768,30314,28414
T:GCCCC,25417,256,48754,59298,31338,49899,52027,40714,50382,39707,40354,36387,51027,28091,26294,31892,30463,22980,31833,22174,22038
T:GCCCG,4471,28,10965,14500,7797,13293,13334,9500,11833,10958,10242,9298,13819,7096,6479,7163,7787,5727,8505,5600,5969
T:GCCCT,31311,348,63025,75465,40280,61551,62408,52630,60166,49575,52030,44960,63140,36551,34157,40460,37656,30119,38631,28375,27407
T:GCCGA,4167,41,9040,10699,6347,9037,9399,7508,8174,7592,7502,7035,9134,5387,5184,5886,5671,4423,6010,4395,4141
T:GCCGC,4065,25,9773,13202,7090,11427,12108,8272,10587,9277,8725,8339,12262,6435,6159,6403,7000,5106,7722,4910,5267
T:GCCGG,4603,43,11145,14347,7723,13006,13080,8997,11700,10135,9826,9298,13718,7039,6363,7266,7737,5531,8287,5387,5752
T:GCCGT,2889,29,8334,10128,5811,8422,9346,7012,7686,7396,7081,6788,8777,5092,4871,5384,5385,4079,5686,4138,4152
T:GCCTA,28183,348,45247,49530,29195,39227,40447,37759,37551,30422,33751,30575,36918,25379,24496,29044,24028,21067,23823,19963,17227
T:GCCTC,37005,369,72789,88139,47125,72494,74121,61241,70582,57095,60842,52767,74853,43654,38971,47026,43430,35346,45003,33439,31538
T:GCCTG,39142,378,82951,100850,53455,82955,85312,70365,79697,65969,70373,60070,84361,49140,45068,54481,48456,40328,52031,37935,35849
T:GCCTT,41020,418,74338,83491,49103,65666,67439,61737,62332,52487,56624,51649,63974,41556,40954,47648,40235,34891,40547,33343,29636
T:GCTAA,36733,471,59282,62102,39674,46916,48742,48750,41353,37067,40957,40375,42501,31882,32739,37652,29725,27055,28425,26175,21672
T:GCTAC,27245,294,47819,53379,31581,41863,43963,39208,37769,33000,36309,33344,40370,27496,26354,30293,25691,22761,25721,21779,18899
T:GCTAG,30070,310,48675,54163,31584,42857,43574,40202,39684,33483,37076,33398,41261,27151,26378,30766,25795,22568,25436,21729,18644
T:GCTAT,39086,411,58320,60378,38216,45647,47455,47755,40796,36262,39625,39059,40511,30943,31185,36415,29019,26206,26861,25098,20471
T:GCTCA,41588,432,81267,93804,53353,74664,78749,67404,70442,59010,64111,57548,73959,46366,45004,52095,45463,38986,46332,36815,33407
T:GCTCC,31595,314,63624,73863,41072,60571,62560,53340,58334,48906,50504,45013,60259,36600,34839,41249,37098,30173,38592,28896,26939
T:GCTCG,4037,41,10451,12635,7208,10775,11196,8591,9284,8940,8863,8091,10730,6238,6172,6459,6686,5175,6949,5031,5013
T:GCTCT,43546,460,87466,99770,57390,79830,82293,72547,74866,63754,68740,60994,78993,49584,47799,55794,48638,41862,49423,39781,35281
T:GCTGA,43574,453,82565,91618,54168,72050,75442,68979,68512,58515,63488,57321,69560,46029,45123,53450,44825,38590,45356,36656,32310
T:GCTGC,32021,335,69279,80847,45269,64461,68259,58205,62085,52968,55130,49887,65579,40693,38492,44377,40278,33599,41360,32143,28671
T:GCTGG,43345,472,91599,110474,59621,90908,95160,76176,87730,73116,77284,66875,95246,53904,49644,58787,53346,44428,56495,41808,39291
T:GCTGT,39884,417,81049,90923,54075,70924,76096,67065,67128,59486,62347,57074,69284,44788,44265,51872,44179,38289,46091,36423,31620
T:GCTTA,30183,325,50269,54158,34318,40846,42635,41618,35630,32211,36064,34466,36799,27349,27311,31666,25601,23483,24636,22468,18845
T:GCTTC,39400,347,73323,80798,48296,62970,65535,60927,59260,51690,55026,50166,60408,40185,40224,46728,39674,33983,39161,32465,28595
T:GCTTG,33065,312,61832,68778,40188,52812,56086,50495,50324,43837,46773,42938,51245,33610,33042,39225,32706,29049,33077,27198,23717
T:GCTTT,52974,492,89603,97470,61055,72328,74562,74486,64207,58358,63971,61625,66270,48756,49194,57488,45416,41520,44440,39986,33054
T:GGCAA,39597,461,66920,73435,43872,57257,59352,55716,53277,45314,49872,45689,54698,37436,36413,43177,35208,31396,35245,30109,26272
T:GGCAC,25663,282,52936,62314,34737,50307,52422,45023,48486,41401,42772,38138,49744,31412,29513,33897,31242,25432,32072,24297,22429
T:GGCAG,47124,531,97372,117817,63052,96354,98895,81881,92418,76512,81375,70353,98673,57963,53209,64079,57868,47712,61361,44778,42128
T:GGCAT,37703,425,63436,69126,41475,54091,55715,52876,50784,43339,46464,43603,50493,34684,34575,41301,33743,29115,32861,28170,23945
T:GGCCA,37324,391,71358,86359,45563,69387,72038,60891,68909,55978,58877,51542,70406,41981,39356,46401,42395,34351,44615,32890,30960
T:GGCCC,22968,247,43642,54302,27575,45813,45384,37371,45236,36319,36811,32434,46497,25957,23933,29122,27506,21053,28550,19956,19844
T:GGCCG,4453,41,10541,13701,7341,12111,12385,8762,11071,9716,9423,8522,12477,6616,6189,6952,7268,5318,7838,5076,5361
T:GGCCT,34597,352,64670,78765,41728,64717,64646,55270,63599,50604,53063,46066,65016,38293,35087,43117,38441,31323,40248,29028,27761
T:GGCGA,4321,60,9003,10924,6209,8957,9738,7673,8300,7681,7510,7413,9085,5455,5234,5583,5649,4381,5942,4328,4311
T:GGCGC,4010,34,9146,12446,6413,10787,11290,7883,9736,8747,8304,7601,11317,6101,5682,6232,6449,4544,6979,4712,4769
T:GGCGG,6347,59,13335,17882,9413,15543,16167,11123,14359,13043,11791,11424,16527,8740,7884,8784,9265,6756,10288,6753,6885
T:GGCGT,4610,67,9906,12294,6963,10312,11314,8323,9702,8829,8359,8345,10723,6183,5677,6433,6385,5029,7124,4954,4726
T:GGCTA,32988,380,54898,61158,35252,48459,49920,44641,45026,37857,42012,38007,47311,30841,30036,34862,29048,25345,29373,24365,21336
T:GGCTC,29788,277,63988,77436,41296,63575,66693,53606,61934,51147,53615,46598,65591,37081,35099,41694,38139,31225,39648,29392,28346
T:GGCTG,40676,427,89847,108437,57905,88580,93349,75408,86249,72295,75632,65706,92696,52480,48714,57322,52611,43646,55861,40870,38610
T:GGCTT,36568,305,69805,79715,45916,61539,64513,58120,58366,50181,54144,49096,60205,38925,38213,45529,37706,33310,38363,31324,27822
T:GGTAA,33406,452,52129,54719,35038,42392,43140,42950,37814,33173,36518,35401,37574,27840,28369,32623,26116,24135,25568,22960,19435
T:GGTAC,23117,300,36207,39208,23384,30718,31788,29679,29374,24438,26389,24865,28991,19726,19584,23253,19410,16646,18716,15806,13656
T:GGTAG,29477,369,46999,51955,30340,40555,42161,38889,39581,32492,35110,32314,39144,25528,25243,29432,25557,22039,25136,20790,18144
T:GGTAT,34134,388,47457,48814,31217,37325,38076,38368,34692,29972,31788,32121,32521,24697,25340,29686,23600,20910,22247,20323,16512
T:GGTCA,31277,334,59778,66968,39026,53113,55336,49803,51150,43459,46211,42515,51331,33591,32386,39511,33208,28114,33716,26769,23885
T:GGTCC,22314,219,43339,50839,27563,41468,43198,35671,40829,33821,34794,31370,41695,24637,23012,29015,25333,20124,26272,19295,18244
T:GGTCG,2820,29,6218,7462,4327,6288,6756,5051,5816,5406,5190,5194,6573,3795,3613,4132,4000,3005,4193,3071,2877
T:GGTCT,32931,393,60776,69819,39057,55860,57418,50441,54095,44740,48041,42851,55340,34585,33095,39101,33624,28517,34946,27254,24872
T:GGTGA,32490,360,60743,67501,39851,53437,56468,51008,51234,44165,45938,42417,51472,33428,33150,39222,33653,28537,33730,27307,24039
T:GGTGC,19798,179,40366,47968,26738,38660,41639,34087,37568,32309,33475,29360,39502,23443,22360,26510,23468,19495,24864,18489,16958
T:GGTGG,42344,524,77529,90961,50371,74578,78672,64808,73190,61713,62152,57232,76387,44576,41954,49891,45150,37147,47647,35419,32735
T:GGTGT,29760,297,57952,64559,38077,50934,55173,48330,49389,43402,44545,41901,50510,31982,31306,36710,31342,27517,32790,26047,22669
T:GGTTA,28091,281,45516,47990,30395,37094,38273,36974,33118,29110,32045,30911,33904,24416,24450,28163,23113,21032,22507,19928,17025
T:GGTTC,26517,307,47935,53615,31307,42208,43997,39888,40739,34451,36307,33692,41253,26520,25794,31205,25922,22485,26760,21512,19018
T:GGTTG,28946,273,48552,53118,31577,41922,43754,40325,40032,34431,35959,34823,40969,26365,26284,30903,26217,22588,26073,21389,19288
T:GGTTT,47591,433,77768,83875,52195,64015,65732,63234,57214,51034,55523,54482,59328,42007,42632,49107,38979,35896,39011,34404,28763
T:GTCAA,37689,459,60034,63123,40193,47142,49742,49333,43620,37881,41996,40569,41915,32118,32404,38716,30511,27318,29531,26382,21855
T:GTCAC,29184,287,59537,67325,39278,52114,55740,49890,49653,43563,45069,42289,49975,33563,33144,38254,33329,28393,33852,27390,23523
T:GTCAG,36176,352,70501,79841,47111,63479,65221,59150,59598,50507,54887,49706,60953,39631,38581,45232,39201,32995,39398,32019,28529
T:GTCAT,37333,377,60904,64160,40795,48508,51724,51420,44981,39704,42823,42008,43904,32690,33279,39877,31613,28061,30166,27047,22296
T:GTCCA,30534,289,55260,62214,35957,49060,50889,45747,47319,39615,41370,38382,46060,30494,30153,35754,30642,25642,30832,24829,22172
T:GTCCC,25217,223,49543,58150,31536,47598,49145,41729,46975,39179,39604,35773,47668,28132,26390,33196,29195,23301,29977,22179,20834
T:GTCCG,2636,30,6611,7901,4549,6673,7103,5401,6146,5820,5434,5359,6967,4018,3740,4204,4252,3152,4461,3215,3196
T:GTCCT,37266,409,70814,80037,46245,63936,65693,58406,60879,51367,54471,49356,62590,40098,38082,46128,38997,33539,40151,31954,28204
T:GTCGA,3073,30,5623,6465,3895,5129,5543,4647,4709,4376,4337,4426,4784,3226,3254,3564,3214,2736,3378,2621,2428
T:GTCGC,2557,23,5440,6665,3877,5472,6165,4621,5154,4896,4452,4551,5588,3381,3265,3562,3573,2740,3825,2795,2588
T:GTCGG,3653,48,7916,9317,5395,7916,8240,6463,7182,6883,6366,6339,7808,4711,4411,5188,4940,3747,5083,3761,3675
T:GTCGT,3023,37,6667,7504,4718,5779,6452,5574,5328,5408,5103,5346,5910,3834,3943,4251,4060,3297,4105,3424,2875
T:GTCTA,32033,370,52045,56886,34873,43740,45139,42721,39459,34477,37845,36009,40408,29183,28150,32650,27398,24702,26802,23365,19836
T:GTCTC,40756,451,74661,82325,48627,66393,69293,61645,62592,53029,57320,51833,63737,40906,39772,47270,39784,34822,41169,33309,29541
T:GTCTG,39004,418,76381,85654,49980,67804,70973,63233,64257,55463,58937,54031,65421,41859,41211,48952,41654,36263,43146,34178,29924
T:GTCTT,46563,496,77530,82511,51493,63432,65459,63321,58130,50785,55280,52952,58038,41197,41958,47542,39472,35689,38779,34080,28629
T:GTTAA,40842,534,61916,63725,43135,47972,49917,50299,40154,37314,42106,42514,41798,32895,33712,37352,30612,28436,28741,27246,22211
T:GTTAC,25124,326,41388,43669,28495,32801,34410,33647,28497,26239,28683,28390,29403,22506,22522,25681,20850,19381,20215,18239,15026
T:GTTAG,27378,235,44202,46404,30166,35224,36635,36580,31378,28427,30959,30078,31528,23752,24213,27738,22385,20401,21541,19371,16235
T:GTTAT,39774,422,56949,56898,38632,42366,43741,46292,36007,33511,35934,38418,35077,29176,30034,34515,27230,25680,24679,24257,18841
T:GTTCA,45149,524,73188,79245,48780,61004,64007,60615,54855,48072,52597,50216,55820,39869,39574,47148,37497,33882,36749,32345,27577
T:GTTCC,35177,373,60928,67408,39952,53681,55064,50236,50154,42621,45199,42045,50815,33396,32378,39783,32712,28291,32722,26645,23568
T:GTTCG,4081,36,7155,8966,5174,6913,7428,6023,6076,5586,5769,5768,6970,4304,4144,4411,4254,3689,4586,3382,3151
T:GTTCT,50470,521,84935,90658,57164,69958,71365,70183,63746,56023,60885,58067,64086,45752,45772,54471,43221,39216,42842,37732,31271
T:GTTGA,32803,306,49016,51213,33017,38780,39966,40541,35912,31644,33402,33877,34099,25517,26270,30991,25107,22320,23375,21099,17659
T:GTTGC,22982,237,37446,40645,25059,31131,32911,31407,29464,25843,27208,26495,29468,20191,20482,23910,19912,17435,19191,16616,14264
T:GTTGG,30966,297,52020,56543,34353,43474,45426,42940,42255,35987,37671,36080,41703,27447,27726,32969,27193,23616,27316,22595,19851
T:GTTGT,38186,384,59034,61560,39408,47650,49708,48822,42471,38752,40828,40665,42817,31198,31809,37357,29749,26891,28613,25869,21512
T:GTTTA,46088,497,69980,71727,48391,53306,55819,57806,45089,42707,46401,47488,45383,36409,37937,43438,34141,32218,31631,30783,24110
T:GTTTC,49037,493,78738,83942,52971,63774,65350,64406,56216,50787,54937,53518,57499,41896,42613,49227,39423,35984,38079,34460,28794
T:GTTTG,50974,475,80418,85814,54064,65072,68283,66638,58299,52664,56279,56279,59119,42472,42927,50875,40081,37395,39419,35188,29298
T:GTTTT,82591,921,122879,128536,85537,96163,99045,100277,81198,75280,82835,85118,83557,65596,66339,75939,60300,55866,56625,53597,43598
T:TACAA,69354,1114,98231,101139,66461,76096,78643,79252,65414,57676,65718,65149,64375,53329,54108,61814,48391,45025,45526,43343,34322
T:TACAC,45280,623,79966,85042,53316,65543,71691,65143,58762,53562,58074,56800,61017,44343,44436,50105,41397,37693,42055,36195,29929
T:TACAG,60515,871,99002,106142,66057,82500,85413,81171,74131,64281,70950,68484,75228,55013,54905,63187,50957,46266,50295,44181,37251
T:TACAT,74344,978,106760,110121,72049,81897,87646,86827,71107,66493,71808,74062,70566,57093,56797,64620,52779,48754,49612,46268,37117
T:TACCA,45329,588,68701,73191,44686,55663,57308,55910,51419,43157,48141,45460,49466,37705,37510,44053,34445,31212,33392,30361,25082
T:TACCC,30165,368,46563,49931,30339,39503,40437,38198,38260,31916,33892,31990,37164,25229,24919,29690,24793,21407,24676,20009,17721
T:TACCG,3768,36,7196,8171,5198,6593,7035,5950,5774,5542,5568,5504,6257,4332,4082,4767,4172,3466,4252,3463,3029
T:TACCT,45589,648,68433,71718,44809,55468,56514,55205,51578,43349,48029,45299,50830,36766,36487,43942,34476,30988,33094,29053,24491
T:TACGA,3868,52,7481,8034,5547,6383,6871,6387,5492,5336,5466,5913,5772,4336,4543,4695,4271,3750,4245,3786,3163
T:TACGC,2440,33,5786,6528,4171,5251,5700,4907,4646,4484,4684,4646,4947,3346,3467,3738,3476,2934,3564,2889,2602
T:TACGG,3448,41,7544,8620,5441,7083,7601,6481,6306,5939,6116,6011,6865,4459,4576,5036,4561,3878,4689,3748,3448
T:TACGT,5737,60,10635,11819,7756,9027,9842,8745,7525,7618,7790,8280,8249,6161,6441,6817,5884,5243,5715,5076,4288
T:TACTA,47144,711,60335,60996,41103,46272,46112,48697,38078,34293,38909,40122,37710,32627,32784,37128,29244,27066,26262,26078,20371
T:TACTC,36096,557,55020,57009,36547,44102,44485,44669,39868,34056,37715,36793,39229,29358,29675,34358,27733,25065,26413,23961,19786
T:TACTG,45627,566,72505,77123,48803,58280,59596,59494,51415,45359,50475,48649,51725,39039,39141,45665,37268,33550,35399,31920,25937
T:TACTT,61673,832,86041,88126,58267,65806,66924,69754,55574,50508,56565,56775,55310,45430,46294,53499,41656,38789,38329,36656,29769
T:TATAA,87746,1319,115251,113773,78482,84062,86759,92018,69319,65225,71022,77754,66794,59601,60924,69179,54264,51989,48199,49068,37667
T:TATAC,51260,704,68655,69116,45837,51812,53917,54861,44658,41110,44772,47094,43484,36279,36939,41765,33389,31156,31092,29606,23482
T:TATAG,53023,652,67433,68166,45271,50792,52137,54666,45005,39804,42944,44855,43115,35189,35159,41487,32266,30380,29652,28391,22358
T:TATAT,123081,1381,147903,145590,100677,108704,113869,120322,88006,88687,88476,106104,83231,74807,77389,88114,72621,68139,61694,62216,46398
T:TATCA,58066,795,78625,79318,53471,59538,61129,64236,51683,46506,50362,52176,47715,40865,42156,48831,37953,35035,34702,33872,26285
T:TATCC,37707,466,53706,54587,34951,42742,42865,44015,39171,33710,35606,35852,36447,27813,28135,34144,26828,23737,24572,22897,18704
T:TATCG,3792,52,6516,6792,4614,5373,5752,5438,4578,4396,4669,4953,4689,3540,3694,4052,3500,3147,3399,2974,2621
T:TATCT,64386,822,91898,93613,61442,70747,72108,75012,61672,57450,60237,61981,59404,47877,48683,57594,45210,41543,41404,39112,31192
T:TATGA,59828,722,81328,81780,54543,61453,62908,67128,53819,48569,52069,54701,49928,42094,43909,50059,39522,37095,36562,34682,27036
T:TATGC,40598,454,58544,59982,38323,45171,47630,48274,39847,36775,39412,39703,38869,30629,31048,36631,28842,26511,27086,25385,19801
T:TATGG,42100,500,60700,62983,39755,48320,49979,50268,45618,38909,41669,41196,41923,32381,32766,38607,30444,27790,29340,26535,21412
T:TATGT,71648,820,104041,107034,69821,79368,86221,85201,69535,67539,70246,73325,68343,53148,54940,63207,51332,48470,49014,44225,35126
T:TATTA,75401,1072,97422,96374,67682,71544,72330,78521,56688,55201,58613,66689,55379,50144,50687,57819,46653,44038,40163,40737,31143
T:TATTC,55018,604,75260,75468,50628,56830,56906,61530,47756,43804,47796,49611,45345,38364,39085,46476,36344,34419,32817,31864,25315
T:TATTG,48717,536,62717,62742,42594,46999,47418,51774,40498,37415,38372,42394,36634,30888,32683,38434,30203,27695,26845,26288,20322
T:TATTT,128770,1554,171418,171597,118793,126389,129265,140402,101561,98990,106236,115658,102379,87955,89393,102405,81656,77890,71944,72857,55562
T:TCCAA,62062,866,93097,98300,61444,76396,77622,76440,69649,59704,65509,62259,68258,50408,50933,61261,47602,42544,45452,41072,34872
T:TCCAC,43286,570,78144,86072,51441,68240,71442,65161,65376,54867,58006,53624,63878,42760,42620,49990,42470,36195,42544,34841,30707
T:TCCAG,60694,685,110375,125445,71964,101420,103070,90912,96937,79027,85853,76633,99129,62286,59614,71890,61436,51796,62497,49273,44632
T:TCCAT,63154,715,97414,101208,63114,77947,80825,79378,73306,63953,66413,65521,67957,50575,51196,61408,49604,43029,46988,41916,34676
T:TCCCA,62579,786,110188,124410,70847,100790,102725,91936,96886,78804,85572,76409,98223,61870,59163,72579,60434,51536,61710,49018,45024
T:TCCCC,42015,413,77031,86167,49710,71040,74253,63584,69365,57796,59867,54874,70374,42343,41075,49042,43638,35717,44162,34059,31490
T:TCCCG,6199,54,14259,17200,9841,15152,15601,11818,13807,12200,12079,11365,15276,8518,8125,9144,9062,7053,9770,6883,6769
T:TCCCT,56726,495,103737,113018,66824,90725,94160,86004,86755,72994,77967,71878,87399,55918,54395,66408,56273,47957,56410,45441,40273
T:TCCGA,4391,44,9855,11862,6958,9659,10175,8209,8537,8090,8212,7840,9895,5883,5837,6139,6012,4923,6404,4838,4611
T:TCCGC,3653,42,8527,10666,6271,9179,9360,7181,8410,7527,7374,7123,9405,5187,4971,5605,5676,4203,6109,4253,4241
T:TCCGG,5135,51,10776,12968,7498,11089,11793,8935,10238,9444,8995,8917,11625,6355,6230,6874,6784,5317,7242,5180,5332
T:TCCGT,4811,65,11468,13144,8307,10724,11474,9522,9414,9201,9158,9170,10454,6552,6570,7121,6806,5639,7148,5555,5229
T:TCCTA,47742,610,74564,78687,48759,61464,61125,61147,55892,47351,52641,49532,55016,40568,40129,48671,37873,33939,36744,32639,27325
T:TCCTC,57559,616,106642,115588,68712,92287,96034,88629,89981,74686,80151,72250,90030,57595,55512,67318,56966,48760,58254,46945,41598
T:TCCTG,59571,648,115130,130079,74115,102672,106429,94910,99942,83282,88761,79862,100526,63658,61647,75483,62387,53739,64423,50544,44945
T:TCCTT,74836,756,122492,128934,80578,100267,101577,100490,90998,79882,85822,82341,90652,64773,65233,77547,62123,56092,59582,53116,44682
T:TCTAA,60581,856,91407,93768,61723,70317,72542,73828,60789,54372,61339,60842,60286,48781,49297,56387,44754,41243,42296,40226,32658
T:TCTAC,43350,565,69698,73666,45633,57365,59029,56462,51480,44609,49656,46683,51742,38106,37738,44161,35635,32080,34609,30574,25755
T:TCTAG,45653,488,70682,75443,46131,58419,58908,57833,54067,44993,50483,46649,53951,38559,38104,44405,35838,32510,34907,30794,26062
T:TCTAT,62622,664,90754,93195,60566,70160,71588,74167,60592,57133,59581,61726,59308,46735,47819,56194,44713,41421,41096,38887,30830
T:TCTCA,71258,821,118912,127890,79036,99938,102260,98676,93172,78331,86051,80826,91445,64520,64768,75968,61687,55033,60362,52421,44955
T:TCTCC,56386,625,105656,114421,68637,92129,95043,86585,87581,73492,80358,71519,88593,57006,56368,67351,56509,48387,57665,46400,40732
T:TCTCG,6622,70,13579,15952,9578,12967,13897,11382,12009,10994,10943,10557,13237,8085,7663,8600,8116,6615,8650,6607,6136
T:TCTCT,110664,1083,193466,200478,124759,161199,165308,159806,146626,126569,140032,129921,147910,100181,99741,121131,96481,89179,97568,83296,69324
T:TCTGA,67403,816,118846,129634,78324,101402,103508,97622,92522,79993,86973,81132,94181,65072,64100,76091,61818,55557,61680,52378,44796
T:TCTGC,48506,545,96037,106950,62386,84299,87223,79797,79385,68404,73590,66508,82549,54121,51653,60578,52665,44817,52979,43118,37461
T:TCTGG,56319,653,100794,114192,65332,90806,92154,83540,87410,71906,77701,69732,88435,55881,53918,65271,54934,47153,55911,44372,39982
T:TCTGT,75580,741,132723,144017,88111,112133,116291,109743,102138,90992,97704,91786,103182,70508,70215,83981,68145,62124,69222,58556,49186
T:TCTTA,60005,746,91147,93819,61537,71028,72293,74704,60947,54871,61558,61276,61415,48325,49435,55636,43983,41571,41391,39779,31892
T:TCTTC,75992,880,126670,133664,82468,103715,105388,103317,95359,81579,89836,85413,95609,66718,66980,79469,64304,58032,61797,55457,46826
T:TCTTG,57109,669,89359,95193,59100,72909,74570,73476,68172,58083,62732,60519,67413,47317,47923,56934,45727,40752,43945,38986,33007
T:TCTTT,111096,1185,163533,169492,110311,128705,129048,133766,111137,99763,109580,109702,111272,85381,86080,100023,79031,73504,73912,69369,56886
T:TGCAA,54869,692,81880,86378,54933,65594,68100,68665,59367,52468,56609,55571,56515,44243,45129,53117,41644,37659,40145,36147,29326
T:TGCAC,33419,353,69705,76908,45577,59543,65646,57786,55693,50467,53596,48394,57413,38684,37941,43867,37769,32705,38912,31822,26628
T:TGCAG,47259,525,93018,105666,61639,82441,87138,78908,79000,68024,71530,65376,79287,52532,51655,61272,51984,44474,53018,42273,36825
T:TGCAT,55544,488,91229,94939,60634,71767,78455,75522,65605,60600,63946,62121,64021,48034,48683,58073,45677,42307,45412,39759,31810
T:TGCCA,49033,475,85543,95947,55836,74343,77762,71968,71644,59838,64375,58476,70918,47961,46981,55860,46396,40243,45960,38203,33540
T:TGCCC,33271,353,64728,75325,41497,61106,62166,53916,59512,49533,51363,46094,61131,36328,34944,42174,38115,30726,38608,28976,27147
T:TGCCG,4343,34,10705,12736,7394,10894,11441,8955,9805,9096,8972,8665,11245,6368,6089,6886,6863,5226,7214,5248,5099
T:TGCCT,56975,577,104645,118199,67669,94006,98378,86657,90360,75209,82199,73187,93174,59183,55645,65960,56832,49420,58057,46927,41345
T:TGCGA,3824,29,7619,8808,5467,7113,7631,6540,6324,6192,6091,6224,6898,4527,4469,5097,4654,3862,4784,3752,3429
T:TGCGC,3896,35,9334,11669,6718,9795,10461,7953,8911,8563,8108,8042,9997,5731,5691,5956,6173,4788,6765,4763,4586
T:TGCGG,3814,48,9432,11860,6627,9959,10640,8046,9256,8461,8160,7757,10048,5761,5631,6155,6177,4746,6579,4592,4665
T:TGCGT,4788,34,11542,13088,7992,10566,11896,9701,9418,9407,8960,9348,10435,6583,6510,7297,6671,5596,7218,5677,4953
T:TGCTA,46415,505,72310,76206,48255,57856,59973,60440,51148,46085,50512,49172,52013,38912,39358,45973,36803,33273,34320,32093,26219
T:TGCTC,43157,476,83316,92998,54721,74047,77420,68881,69093,59292,63968,57866,72031,46959,45581,52438,45685,39699,46149,37637,32890
T:TGCTG,57417,636,111703,124926,73808,97701,104209,92829,93002,80356,85873,78136,96407,62600,60797,71783,60516,52794,62375,50329,42927
T:TGCTT,63571,586,107916,115554,72516,86615,90311,89106,77189,70457,76572,73302,78817,57973,58092,68046,54871,49946,52962,47692,39202
T:TGTAA,63510,942,96708,99327,65921,75262,78337,78790,64582,58736,64781,65826,64187,51052,52599,58881,47565,44719,45064,42398,33635
T:TGTAC,39364,522,60763,63923,39627,48942,51585,49627,43953,39268,42456,40878,43813,32426,32727,38430,30884,27847,29779,26246,21818
T:TGTAG,45577,536,72135,78078,48103,60053,61929,59090,56282,48345,52282,49386,56811,38682,38781,45789,37341,33911,37157,31525,26879
T:TGTAT,70122,870,104691,105922,69781,78691,85932,84911,68951,67430,70007,73775,67812,53233,55328,63249,50950,48216,48729,44846,35237
T:TGTCA,50586,463,87904,95430,58957,72154,76454,74135,67253,59293,62974,60186,65555,47199,47873,57707,46483,40754,45180,39526,32486
T:TGTCC,37272,358,70963,80278,46027,63733,65988,59178,61613,52562,53973,49447,61489,39065,37923,45808,39576,33417,40312,32039,28198
T:TGTCG,3854,38,8403,9682,5816,7598,8517,6893,6948,6901,6425,6598,7315,4915,4832,5357,5078,4028,5105,4101,3612
T:TGTCT,70871,739,122185,132069,80944,102747,107940,100280,94891,83851,89760,84399,95617,65041,64730,76657,63274,57187,64546,53573,45321
T:TGTGA,58671,574,103886,111165,69033,84002,91261,87020,79203,71228,74215,71515,77295,55420,56064,65667,54070,48628,53737,45617,37793
T:TGTGC,39160,318,79029,87091,52493,67646,74554,66260,63728,59150,61511,55760,65486,43309,43153,51422,42742,37407,45058,36156,30054
T:TGTGG,50577,448,95621,106417,62793,82740,89909,80364,81179,71281,72941,67527,80928,52195,52026,60594,51730,45331,54267,42477,36901
T:TGTGT,105265,626,212675,222497,138658,168262,192863,177232,154543,158015,160380,152454,158348,109704,111724,133674,108500,99662,113867,94799,77997
T:TGTTA,50922,557,75966,77165,51804,56849,59461,61576,48281,45991,49314,51314,47971,39426,40418,46526,36780,34504,33842,32700,25577
T:TGTTC,52683,499,84663,89123,56406,67872,69937,70040,61685,54257,58309,56771,59674,44612,44988,54190,42311,38569,40985,36715,30339
T:TGTTG,51182,530,78627,81531,52482,62194,64763,64396,57530,51188,53379,53873,55048,40630,42038,49845,39257,35564,37347,33702,27810
T:TGTTT,101356,1027,154324,160963,106028,120155,125281,127521,103423,96313,104196,105821,104826,80762,82148,96127,75547,70900,70931,66904,54186
T:TTCAA,86285,1162,120546,125007,82708,94788,97016,98402,80772,71822,81191,81167,81110,64441,65492,76260,59286,54940,55475,52554,42730
T:TTCAC,47779,568,79082,83043,53173,63831,65730,65649,56740,50448,54839,52742,56533,42153,43692,49885,40483,36232,39031,35137,29056
T:TTCAG,66438,710,108752,116021,72674,89344,91047,89713,80170,70673,76942,73445,80471,58272,58482,69674,55162,49679,53551,46908,40162
T:TTCAT,85133,949,118101,120847,80280,90234,92911,97756,78312,71140,76426,78751,73086,61461,62861,74939,57286,53063,52468,50468,39591
T:TTCCA,78272,967,123257,131955,81131,101839,103313,100708,92877,79881,87233,83044,92679,66275,66106,78662,63437,56786,60604,53893,45640
T:TTCCC,54167,558,94450,103009,62068,82177,83928,78556,76540,64809,69756,65427,77675,51300,50666,61350,50253,44089,49853,41503,36821
T:TTCCG,5273,75,11210,13208,8079,10614,11147,9323,9510,8917,9041,9078,10641,6383,6566,7049,6768,5643,7137,5426,5175
T:TTCCT,87895,890,147032,155442,97065,120098,122022,121600,110063,95998,103761,98485,109057,77469,78110,94185,73663,66936,72415,63713,53732
T:TTCGA,6992,88,11236,12861,7794,9929,10686,9077,8711,8090,8483,8567,9691,6441,6375,7070,6235,5498,6488,5046,4638
T:TTCGC,3425,36,6643,7862,4744,6038,6309,5592,5310,4986,5027,5181,5565,3849,3942,4235,3886,3284,3916,3235,2917
T:TTCGG,5322,55,9868,11291,6880,8818,9334,7916,7973,7483,7357,7625,8747,5637,5517,6203,5658,4748,5701,4657,4277
T:TTCGT,6044,60,10635,11615,7808,8918,9524,8886,7863,7544,7589,8221,8077,5897,6001,6827,5800,5059,5763,4896,4282
T:TTCTA,74532,868,109359,111624,72681,83728,85337,88570,72326,65396,72507,72241,71399,57525,58803,67902,52930,49157,49750,47500,37630
T:TTCTC,75601,765,125670,133051,83563,103249,104095,103591,93959,80539,88679,84476,93327,66388,67389,79981,63530,57390,62143,54817,45440
T:TTCTG,82147,905,136201,145526,90320,112034,114726,111792,102177,90069,97345,91999,103092,72381,72489,85332,68912,62730,67981,58980,49948
T:TTCTT,116955,1241,172874,177499,115557,133863,133998,141154,117045,104301,114531,114974,115128,89183,91429,106376,83626,77568,76970,73973,60170
T:TTTAA,117787,1715,172788,177098,120360,130092,135875,139422,103802,100781,113027,117665,111533,93014,93758,103826,83252,79436,76463,76259,59717
T:TTTAC,53891,727,79873,83313,55285,61393,62886,65230,51138,47372,52629,53829,51352,42343,42984,49123,38929,36508,36131,34683,27530
T:TTTAG,56898,626,81203,83405,56197,62113,64061,66986,52269,48836,53625,54954,52586,42695,43425,50027,39588,36975,35891,35211,27977
T:TTTAT,112448,1337,153498,155603,106860,115873,119152,126367,94442,91226,97854,104472,94761,79666,80498,92237,74129,70186,65962,65803,50967
T:TTTCA,97138,1093,135928,139169,94049,103854,106093,111785,87336,80383,88178,90723,85708,71291,72887,85080,65744,61268,60473,58333,46394
T:TTTCC,77872,869,121260,128122,82057,97408,98111,100607,85880,77341,83590,82080,85963,63913,65415,77088,60423,55384,57713,52826,43839
T:TTTCG,6558,66,10321,11612,7394,8943,9406,8430,7624,7467,7548,8053,8187,5831,5977,6667,5685,5030,5592,4873,4185
T:TTTCT,135936,1422,203611,211296,137119,159241,159550,165746,136869,124027,136259,135724,138264,106143,108273,125383,98134,91920,92871,87048,70282
T:TTTGA,77633,831,108927,113548,74038,85140,87402,89675,73895,67176,72230,74065,73271,56893,57626,68128,53391,49547,49776,46843,37543
T:TTTGC,51726,515,77879,82343,52514,61329,63226,64475,54624,49379,52783,52634,53992,40915,41538,49437,38929,35696,36543,33774,27788
T:TTTGG,60522,583,90461,96648,60300,72906,74054,74343,66653,58204,62375,61778,66035,47753,47914,57281,45161,41254,43206,39133,32648
T:TTTGT,94700,990,137852,142719,93642,107618,109690,112558,92844,85428,91905,93223,92842,71082,72294,85323,66889,62383,63379,58955,47587
T:TTTTA,127865,1642,177999,181284,125026,133340,137762,144769,106365,103083,114233,120983,110694,94281,94920,107372,85012,80661,76459,76984,60009
T:TTTTC,107642,1186,150513,155692,103928,115980,117100,123631,97906,90381,99107,101676,97229,78921,81131,93251,72355,68012,67114,64761,51725
T:TTTTG,95120,1064,131014,136395,89695,102347,103588,106697,88206,80390,86320,88833,88174,68308,68568,81669,63447,58848,58840,56069,44652
T:TTTTT,194617,2410,275239,292886,190562,223273,226336,225565,181581,171202,188832,195555,200304,151900,147321,167330,135762,127105,127003,120085,99769
U:AACAA,86506,869,124014,128277,84871,97451,99207,102180,83474,76407,82322,84774,83932,64620,65343,78427,60317,55988,56321,53271,43485
U:AACAC,43726,380,74724,78841,50698,59120,63294,62267,53598,49651,51642,51837,52904,39396,40080,46917,37506,34697,36298,32737,26551
U:AACAG,55845,558,95075,100979,63618,76482,79063,77429,68928,61900,66989,64314,68780,50299,50855,59202,47848,43475,46126,41563,34432
U:AACAT,70043,806,99750,100663,67524,74006,77863,81642,64886,59786,64238,66838,61879,51109,53306,62135,48212,45365,44353,42446,33438
U:AACCA,52707,527,84669,90102,56210,69340,71221,69662,63105,55153,59759,58791,64322,45541,45195,53475,42968,39226,42563,37072,31396
U:AACCC,32557,278,56981,63911,37389,49673,52211,46764,47705,40911,42506,40364,48983,31003,30969,36523,30359,25969,31158,25465,22330
U:AACCG,4446,56,9355,10588,6481,8614,9171,7679,7473,7195,7214,7418,8614,5448,5347,6093,5593,4626,5733,4472,4201
U:AACCT,41415,433,68760,73973,45386,57592,59142,56301,52800,45755,50353,47328,53504,37311,37644,43286,35306,32172,34891,30221,26164
U:AACGA,6032,44,11095,12071,7908,9344,9927,9154,7811,7814,7791,8488,8465,6009,6329,6898,6117,5429,6078,5226,4407
U:AACGC,4093,34,8355,9223,6168,7594,8027,7088,6687,6325,6273,6568,7132,4827,4793,5442,4937,3954,4930,4043,3617
U:AACGG,4255,48,9426,10710,6791,8474,9292,7733,7617,7357,7460,7551,8403,5254,5361,5851,5551,4466,5803,4517,4325
U:AACGT,6747,57,13504,14682,10016,11284,12335,11330,9421,9621,9896,10622,10234,7730,8293,9003,7484,6654,7311,6504,5625
U:AACTA,47758,532,64553,65750,44542,49138,49983,53026,41404,38439,42139,42676,41398,33488,34627,39968,31330,29431,28001,27844,22048
U:AACTC,49111,548,79468,86675,53129,67214,69290,64642,60483,52986,58088,54832,63054,43314,42545,49382,40873,36742,40474,34696,30105
U:AACTG,51428,527,84921,91010,57871,69579,72360,70817,62256,54649,60282,58375,63314,46339,46150,53603,43717,39109,42324,37406,31359
U:AACTT,64886,884,95491,99385,65654,74296,76636,78942,64011,57467,64704,64187,64128,50662,51584,59582,46522,43354,43936,41927,33465
U:AATAA,102307,1168,138913,140738,96614,104624,106745,114644,84222,81514,87421,94633,85537,71571,71728,83589,67196,63865,59148,59080,46224
U:AATAC,47622,600,65675,65716,45176,48538,50305,53285,41197,38559,41535,44470,39912,33556,35084,39840,31597,29464,28615,28048,21732
U:AATAG,56567,708,77245,77478,51860,58288,58079,62262,48508,44870,48782,51257,47274,39598,40501,47379,36985,34361,33331,32571,25501
U:AATAT,101393,1290,124966,122214,86031,90283,90771,102019,72542,70456,73263,83977,66982,62610,64526,74315,59072,56346,50668,52042,38875
U:AATCA,58013,555,81658,82422,54944,61842,63504,67300,53566,49494,52461,55007,50920,41637,42908,50976,39420,36581,35547,34973,27358
U:AATCC,40028,398,60112,65634,40002,50461,52388,49213,46542,39672,43631,41649,46532,32384,32346,39018,30858,27985,30441,26288,22271
U:AATCG,4839,41,8298,9177,6105,7043,7499,7004,5749,6010,6068,6480,6481,4630,4771,5295,4593,4080,4460,4011,3540
U:AATCT,59780,806,85325,87647,57986,66152,67023,69988,57974,51378,56887,56926,56303,44347,45475,53829,41493,38754,39094,36396,30075
U:AATGA,76908,796,108663,110836,74062,83097,85342,89560,71469,64915,70968,72460,68500,56262,57356,67962,52843,49110,47761,46917,36797
U:AATGC,44341,452,68636,71046,46321,53398,55183,56622,47517,42682,46299,45911,46370,36182,37019,44057,33970,31304,32248,30202,24013
U:AATGG,58633,638,86061,89125,56765,68002,69515,70391,61634,53988,57757,58164,58549,44742,45485,54238,42935,38238,40259,36962,30361
U:AATGT,78203,1024,112440,116877,77276,85017,88411,92100,73872,68099,73400,76157,71479,58965,61162,70737,55093,51391,50947,48873,38535
U:AATTA,78831,1051,107403,106919,75347,78574,81307,87319,62504,61002,66631,72538,61886,55334,56325,64683,51216,48460,44789,45987,35106
U:AATTC,62194,781,85045,86136,58716,65486,65567,69364,56450,50619,54586,56617,53746,43621,45534,52752,40962,38349,38073,36325,29027
U:AATTG,61319,852,80990,81526,54840,61522,62650,65395,51951,47049,51937,53321,50096,42025,43206,51752,38553,36122,35667,34570,26998
U:AATTT,119779,2001,151795,151471,105606,111354,112361,123143,91812,84411,93754,100037,87906,77903,80206,92530,71203,67533,63933,64488,49677
U:ACCAA,48435,515,73590,77844,49004,58558,60560,60076,54486,47572,50565,50037,53058,38843,39248,46910,36974,33710,35573,31850,26325
U:ACCAC,36024,405,64181,71876,42620,56850,60746,53073,54320,47073,49149,46296,56477,35953,35216,40955,34835,30401,36190,29260,25687
U:ACCAG,43030,544,77793,87016,50038,68691,70933,63495,65426,55515,59380,53769,67845,43280,41665,49422,42101,36523,42950,34530,30577
U:ACCAT,49103,582,77037,81691,50453,62218,65910,63301,58330,50503,54620,53040,57717,41231,41284,48833,39139,35526,38951,33659,27985
U:ACCCA,45240,443,78609,87623,51515,70157,73287,65883,67923,58370,59493,55358,66839,42964,41875,50586,42377,35879,43093,34708,30182
U:ACCCC,27007,274,50939,58702,32733,48396,51352,42423,48206,39781,40833,38400,49334,28773,27274,32261,29611,23839,31326,23026,21549
U:ACCCG,4306,26,10009,12048,6909,10546,11238,8431,9517,9122,8434,8204,10751,6130,5645,6632,6355,4922,6827,4921,4670
U:ACCCT,36823,379,66854,76776,43051,61013,63345,56014,59629,49737,52301,47651,61411,37283,36066,42850,37666,31345,38893,30041,27333
U:ACCGA,4444,42,9677,10927,6777,8843,9624,8047,7869,7440,7514,7645,8774,5574,5454,6185,5745,4659,5887,4647,4368
U:ACCGC,3525,47,7942,9890,5496,8161,8736,6738,7741,6907,6635,6571,8448,4854,4619,5307,5243,4021,5629,3987,3891
U:ACCGG,3561,35,8321,9708,5614,8647,8734,6669,7850,7141,6845,6853,8767,4892,4930,5443,5460,3973,5586,4009,4080
U:ACCGT,4338,30,10920,13049,7880,10367,11263,9316,9227,8954,8999,8731,10333,6702,6679,7388,6826,5602,7196,5589,5199
U:ACCTA,34462,358,51261,53490,33476,42258,42296,42260,38501,33048,35663,34949,37624,26922,27208,32456,26240,23293,24973,22171,18252
U:ACCTC,34903,373,63402,71615,41155,56752,58909,52917,55442,45908,49310,45016,55622,35057,34726,40998,34605,29929,35113,28395,25379
U:ACCTG,41822,479,80405,91465,51919,72663,76542,66163,70605,59037,62900,55727,72026,45559,43527,51591,44611,37978,45315,35397,32537
U:ACCTT,47964,606,78310,85604,51807,66415,68081,64682,60722,51993,57339,53186,61418,43120,43149,50641,40897,36583,40664,34577,30101
U:ACTAA,45401,543,64079,65495,44584,48711,50635,52621,40922,38514,41978,42748,40721,33487,34389,39622,31227,29050,28286,27660,21973
U:ACTAC,27631,345,39505,42369,26749,31875,32465,32488,28997,24983,27289,26753,28872,20942,21551,24872,20169,18229,18982,17230,14404
U:ACTAG,33770,368,48434,51097,31897,39043,38980,39668,34757,29929,34021,31791,34935,26214,26149,30188,24648,22103,22842,21137,17599
U:ACTAT,49749,638,64308,64290,43212,48288,48618,51725,42162,37013,40243,42145,39766,32813,33329,39426,30708,28741,27511,26861,21267
U:ACTCA,53831,595,91301,100642,61037,78254,81750,75183,71699,62375,67868,63331,73543,50160,48397,57552,47563,42783,47914,39964,34255
U:ACTCC,36551,398,60584,66442,39881,52485,53555,50537,50067,42081,44942,42015,49212,33029,32557,37960,32321,28069,32291,26736,23524
U:ACTCG,4814,40,10793,12517,7708,10045,11117,8929,9128,8755,8681,8425,10262,6466,6282,6683,6360,5335,6705,5353,4830
U:ACTCT,52138,576,88665,95081,58839,73874,76017,73551,68275,58490,64094,60560,68027,48384,47724,56323,46088,41378,45268,39235,33631
U:ACTGA,55929,599,93100,99791,62416,76291,80460,77101,70015,60627,66446,63362,69708,49943,49916,57730,47637,42918,45792,40405,34558
U:ACTGC,33664,321,62630,71245,42347,55377,57267,52704,51432,44425,48007,43819,52858,35608,35111,40617,34687,30190,35319,28569,24915
U:ACTGG,45408,493,79072,87526,51820,69038,71583,65686,67122,55277,59057,54757,65616,44065,43173,50645,42697,36740,43304,35405,31198
U:ACTGT,55564,668,100627,109440,67349,83010,88105,83217,74886,65474,72587,69115,76541,55739,55904,63828,52985,46475,51943,45367,37970
U:ACTTA,49165,734,73603,75981,50497,57342,59012,60669,48941,44037,49902,50060,49059,39627,39720,45253,36667,34044,33558,32677,25951
U:ACTTC,50864,579,78090,82407,52415,62595,65024,65391,57959,50073,54334,52963,56046,41804,42789,49445,40160,36091,38415,34251,28432
U:ACTTG,51639,651,83462,90812,55632,68793,72465,68827,62412,54070,60277,56336,64358,45695,46030,52804,42896,38501,41969,37494,31594
U:ACTTT,84478,1230,121634,125069,83093,93618,95532,100217,81391,71835,80692,80513,79373,64755,66290,75068,59282,55153,55460,52941,42519
U:AGCAA,59698,619,97014,102210,64761,77502,80750,79096,69588,62118,67726,66114,70067,51291,51346,60092,48838,44485,46398,41975,34719
U:AGCAC,38116,352,71910,81297,48752,64055,68469,60796,59769,52495,56657,50617,63622,40797,39861,46973,39177,34397,40795,32884,28239
U:AGCAG,55233,642,112440,127113,73518,99505,103526,93641,93192,80599,86381,77777,98112,63908,61515,72068,62148,53450,62253,51216,44559
U:AGCAT,57515,590,93882,99061,62271,75157,79167,77723,67889,60974,66163,63965,67463,50448,51104,59114,47714,43380,46359,41675,33722
U:AGCCA,54580,557,104639,120383,67825,94668,99896,86721,89924,76596,82538,74324,94401,58815,56331,66672,57141,49625,58754,46753,41927
U:AGCCC,31642,295,66682,80434,42602,65980,69547,55854,64739,53739,56224,48666,68848,38802,36268,43266,39067,32239,41203,30609,29188
U:AGCCG,4836,42,12959,15864,9008,13761,14568,10589,12294,11288,11241,10465,14290,7926,7665,8090,8339,6377,8984,6379,6388
U:AGCCT,48963,495,94259,110064,60936,87745,90468,78611,84619,69857,75402,65952,88266,53786,51799,61379,52959,45284,54305,42209,38611
U:AGCGA,4802,36,11198,13173,7964,10443,11493,9252,9364,8964,8896,8819,10173,6488,6536,7063,6720,5353,6923,5473,5083
U:AGCGC,3844,33,9794,12779,7125,10396,11089,8494,9405,8893,8631,8033,10818,6149,6061,6391,6420,4991,7098,5151,4962
U:AGCGG,4320,23,11201,13968,7883,11819,12291,9393,10703,9719,9329,9034,12401,6795,6504,7022,7455,5506,7971,5358,5647
U:AGCGT,4908,43,12604,14737,8978,11822,12711,10612,10338,10067,10162,10194,11360,7596,7548,8084,7626,6190,8148,6146,5703
U:AGCTA,45918,491,71033,75486,47533,57899,59415,58192,52515,46125,50313,48141,53225,38591,38006,44115,36046,32543,34389,31048,25715
U:AGCTC,43801,414,81519,90605,53248,71277,74454,67114,67161,57541,61986,55961,69285,45579,44459,51718,44223,38119,44731,36022,31654
U:AGCTG,54117,556,109503,125548,71436,99426,103812,91214,94062,79775,85621,76456,98202,62702,60094,71399,61430,51792,62400,48954,44521
U:AGCTT,56054,699,95785,102396,63238,78943,80632,78444,71840,61843,68985,63641,72387,51913,52661,60864,48842,43990,47632,42597,35787
U:AGTAA,54503,767,80296,82751,55887,61712,63243,65308,51165,47298,53134,53888,52508,42930,43082,49367,39127,36592,36078,34641,27691
U:AGTAC,37099,512,51844,54653,34476,41913,42674,42637,37822,32465,35518,34793,37216,27769,28062,32763,26587,23496,24638,22295,18603
U:AGTAG,43263,565,66914,70339,43944,53733,53682,54252,47422,40948,46451,44213,47300,35876,35971,42231,33856,30434,31992,29118,24058
U:AGTAT,55675,822,74842,75495,50409,57101,57516,60415,48521,43504,48556,49438,46950,39879,40778,46285,36331,33945,33691,32552,25508
U:AGTCA,49635,522,87892,93932,57642,71298,75307,71556,65574,57648,62866,59504,65961,47479,46950,54900,45243,40340,44429,38835,32279
U:AGTCC,34569,417,59970,66306,39341,53094,54747,49660,50908,42629,44928,41913,50270,33417,33120,39417,32851,28157,32439,26963,23382
U:AGTCG,4714,64,9453,11135,6849,9028,9505,7979,8013,7457,7545,7558,8623,5544,5550,6193,5771,4844,5892,4613,4205
U:AGTCT,53767,705,91024,97248,60195,75029,76939,74744,69684,59004,65867,61410,68856,49344,49636,58155,46597,42395,46418,40106,33903
U:AGTGA,57099,636,97357,105547,65249,81092,84347,81339,75075,63917,70266,65181,74097,53711,53095,62669,50582,45354,49562,43459,36769
U:AGTGC,34998,395,65750,75253,43680,59142,61832,55278,54867,46920,52049,45378,57515,38052,36806,43055,36365,31510,37337,30336,26224
U:AGTGG,48096,577,85926,95365,56050,75599,77579,70929,72349,59593,64964,58798,71628,47402,47032,55124,46950,40214,46171,38342,33803
U:AGTGT,56910,765,103470,111927,70068,85618,91905,86907,78988,69548,76019,71397,78925,58085,59025,67656,54669,48809,54804,47534,39361
U:AGTTA,50789,694,78690,80905,54012,60500,63296,64131,51615,46662,53361,53110,52342,42400,42707,48366,38815,35892,36051,35092,27799
U:AGTTC,54466,765,87447,94678,58199,73476,75367,71249,66433,56724,63705,59951,68761,48434,47470,54842,44679,40917,44107,38244,32977
U:AGTTG,49132,665,78876,83708,52564,64385,66624,64493,57489,49629,56186,53356,57719,43394,43729,50225,40081,36476,39034,35330,29488
U:AGTTT,88934,1482,130076,132812,88457,99695,103283,104757,86834,76756,87050,86316,86541,69651,70886,81536,63152,59070,59674,57158,45901
U:ATCAA,53365,519,73208,73997,49602,55908,57172,59863,49327,44655,46697,49420,45915,37290,38260,45372,35689,32881,32484,31237,24525
U:ATCAC,36119,371,58233,61234,39005,46300,49593,49525,42766,38409,40306,39544,41232,30719,31750,37671,30199,26900,28594,25774,21163
U:ATCAG,48012,554,77523,82467,51110,62809,65030,63681,58443,50100,54417,52451,55785,40959,41799,49954,39287,35232,37744,33048,27835
U:ATCAT,60271,677,82754,83308,55199,62381,64404,68977,56145,49900,52661,55488,51072,42363,44330,51994,40595,37292,37256,35118,27557
U:ATCCA,54933,627,81050,84302,53245,66247,68937,66380,62479,53623,55198,54727,57718,42043,43022,52240,41244,36765,40347,34098,28259
U:ATCCC,38682,472,62052,69152,40447,54942,58181,51721,53685,44880,47403,44186,52859,34074,33259,39557,33777,28725,34504,27413,24293
U:ATCCG,4269,50,9034,10825,6329,8754,9358,7313,7964,7070,7396,7196,8925,5329,5168,5724,5574,4648,5804,4311,4171
U:ATCCT,54661,646,83335,88497,54633,68745,70442,68988,66214,54694,59803,56400,63044,44623,44605,54552,42756,38305,42393,36019,30648
U:ATCGA,5379,58,9002,9856,6382,7702,8337,7429,6905,6398,6486,7001,7048,5004,5213,5715,4960,4343,4903,4131,3763
U:ATCGC,3254,26,6662,7746,4841,6139,6465,5668,5434,5247,5407,5391,5924,3836,3951,4309,3979,3270,4040,3236,3131
U:ATCGG,3227,29,7291,8342,5167,6604,7371,6157,6165,5971,5836,5705,6871,4228,4259,4577,4379,3571,4560,3558,3397
U:ATCGT,5266,62,10014,11094,7491,8632,9360,8596,7513,7323,7637,7637,7757,5647,5917,6460,5668,5017,5644,4962,4326
U:ATCTA,49849,569,71008,71846,47257,54012,55172,58086,48135,43850,46282,47785,44874,36499,37165,43576,34824,32404,32950,29751,24194
U:ATCTC,50447,576,81947,87567,53914,68235,71004,67470,63531,54360,59786,56401,64211,43582,43871,51689,42004,38261,41501,35615,30371
U:ATCTG,58941,810,95791,102251,63111,79438,81527,79199,73950,63109,68018,65543,72496,51486,51434,60687,49198,43869,48661,41935,35775
U:ATCTT,78491,1166,111651,113660,74626,86261,88590,91339,78606,67062,74760,74503,73635,58869,59933,70213,53962,50174,51427,47555,38920
U:ATTAA,79665,1095,110620,111375,76343,82419,84624,89069,66130,64007,69796,74364,66729,57510,57964,67165,52937,50282,46963,47385,36654
U:ATTAC,39520,546,55507,56506,38434,42077,43216,44891,35269,33088,35970,37767,35284,28989,29472,34307,26493,25365,25098,24260,18985
U:ATTAG,47933,671,66514,67148,45276,50411,51536,54299,42784,39100,43047,44513,41592,35091,35347,41295,32316,30024,29157,28888,22796
U:ATTAT,88350,1244,112605,111153,77287,81961,84416,91663,68108,63438,68762,76270,64192,57465,58717,66695,53844,50679,47258,47400,36240
U:ATTCA,69299,797,98250,99099,66086,75919,77465,80754,66461,59202,62920,65435,62309,50238,52235,60970,48122,44534,44136,41843,33209
U:ATTCC,51574,659,74430,77557,49699,59560,60924,61183,55262,46975,50768,50379,52428,39135,39997,48328,37632,33936,36179,31968,26852
U:ATTCG,6124,83,9958,10430,6914,8130,8658,7941,7124,6887,6920,7259,7233,5430,5656,6050,5261,4669,5134,4569,3836
U:ATTCT,85966,1180,120949,122277,81674,92341,94390,98883,82800,71496,79136,79417,76842,62559,64940,75901,58552,54067,55197,51760,41781
U:ATTGA,60741,879,83106,83828,56338,63993,65154,67393,55601,49498,54356,54991,52587,43437,44334,51983,40253,37098,37458,35334,28587
U:ATTGC,40056,542,59503,60957,39671,45796,47582,48390,41151,36410,39964,39627,39241,31386,32265,38116,29383,26710,27980,25767,20588
U:ATTGG,45735,673,65706,67705,43257,51986,53195,53534,47791,40942,43729,43965,44738,34523,35224,41671,32991,29487,30900,28083,23338
U:ATTGT,69879,993,97042,98354,65265,73977,76135,79120,64284,56607,62877,63985,61133,51141,52949,61331,47095,43869,44379,42188,33514
U:ATTTA,105510,1529,145640,147261,101025,109269,113343,118637,89583,84761,93271,99411,89890,76789,77211,87752,70454,66295,63954,63007,49290
U:ATTTC,95005,1346,126353,127694,86711,95299,97114,102871,83486,73717,81562,84398,77887,65418,67915,78833,61149,57037,57108,54569,43178
U:ATTTG,91270,1354,123050,126154,83473,94624,95659,100474,82413,72420,81114,81776,79256,65032,67047,77420,59510,55389,55655,53997,42839
U:ATTTT,185428,3242,236628,236402,163318,174756,178292,191194,146446,132562,149318,157524,141378,123287,126388,143571,111008,106200,101775,101583,79223
U:CACAA,53656,476,84155,87736,55707,66455,70744,69228,60936,55587,57299,57247,59427,43392,44501,52277,42047,38279,40920,35905,29246
U:CACAC,78411,398,173794,184353,113113,141214,164276,145571,132565,135016,136521,126154,138800,91064,91643,109526,91121,82055,98407,79161,66483
U:CACAG,56961,506,122230,137060,80469,106888,115804,103522,102644,91803,94853,86458,103110,67717,67044,79953,67224,58606,70603,55127,47542
U:CACAT,64642,586,111032,118017,73683,88084,97762,92548,82501,77267,80370,77396,80711,58451,59780,69577,56648,52086,56999,48857,39475
U:CACCA,46933,579,85110,95864,55917,75350,80420,70191,72524,62669,65177,59844,74933,47214,46223,54705,46235,40603,47847,38290,33382
U:CACCC,31968,306,62431,72942,41100,60601,64957,53643,59553,51093,50896,47155,61724,35832,33624,40032,36812,29770,38911,28507,26421
U:CACCG,4591,30,12319,14990,8407,12542,13394,10412,11661,10770,10263,9889,12828,7366,7299,7985,7997,5983,8441,6159,6074
U:CACCT,40898,445,76731,87182,49615,69105,73175,63984,67639,57051,59771,54016,68377,43019,41621,49610,42568,36346,43827,34305,30523
U:CACGA,5417,54,11641,13104,8073,10063,11223,9706,9305,9060,8774,8961,9889,6616,6688,7712,6614,5536,6786,5474,4813
U:CACGC,5511,54,14183,17197,9936,14358,16329,12090,13154,12646,12146,12254,14942,8690,8298,9213,8859,7243,9980,7058,6688
U:CACGG,5213,42,15106,18050,10754,15116,16675,12908,13835,13565,12685,12197,15345,8991,8603,9723,9688,7605,10375,7529,7128
U:CACGT,7677,64,18494,21055,13213,17002,19147,15795,14953,14730,15101,14853,16400,10927,11000,11862,11024,9420,11443,8991,8142
U:CACTA,35506,378,53008,56117,35275,42450,43535,43477,38487,33703,36605,35572,37643,28036,28378,33229,26917,24187,25447,23037,18893
U:CACTC,37633,407,68354,76039,45631,59653,63164,57259,57366,49495,52045,48174,57537,38170,37109,43608,36999,32749,37786,30617,26842
U:CACTG,52894,533,104503,118101,69472,91834,98611,87953,88084,74891,79981,73179,88597,58594,57589,67029,57643,49472,58702,47354,41647
U:CACTT,59002,683,92996,99137,62412,75654,78833,77538,69700,59992,65012,62955,68895,50332,50796,58886,47904,43247,46551,41328,34470
U:CATAA,54383,669,76092,77755,51903,57849,60052,62548,49513,45960,49471,51408,48167,39052,40641,46998,37063,34667,33950,32820,25605
U:CATAC,38862,484,61691,64708,40361,48549,52874,50772,44521,41752,43825,43515,43300,32004,33750,37735,30538,28747,31091,26747,21621
U:CATAG,45940,472,70169,73384,46071,56301,58085,58296,51609,45442,48789,47969,49684,38055,37672,45567,35460,32350,34159,30532,24993
U:CATAT,74982,871,96657,95926,64103,71605,75717,79252,63173,58634,61307,66027,57908,49140,50595,58201,47079,44097,42801,40726,31155
U:CATCA,49846,505,82666,88519,54724,67834,72005,70146,63977,55595,58710,56570,61337,43811,45435,53560,43494,38119,41989,36340,30209
U:CATCC,42653,471,73413,79817,47735,63754,68055,61583,62936,53291,54639,51471,60026,39767,39721,47957,40166,34091,41198,31966,27859
U:CATCG,4897,46,11136,12632,7976,10192,11226,9291,9690,8866,8900,8752,10036,6344,6477,7222,6601,5597,6838,5319,5167
U:CATCT,66200,805,110704,118271,72363,90724,95566,92227,86410,73767,80027,76217,84874,59343,59670,69982,56920,51146,56902,48278,41294
U:CATGA,52527,510,84930,88872,56118,66622,71501,70617,62628,55431,58747,57611,59364,44555,45590,54781,43028,38613,41817,37289,29905
U:CATGC,40199,364,75164,81197,48736,63527,69302,62156,59605,53505,56439,52182,60168,40615,40963,47949,39465,35440,40449,33444,27974
U:CATGG,49678,504,89820,99198,58529,76920,82906,75449,76059,64821,67941,62094,72834,49261,50063,58938,48819,42426,49221,40361,34400
U:CATGT,64947,752,110647,117694,72014,89050,96844,91008,82588,74081,80041,75192,81681,59839,60127,69300,56277,51336,56431,48952,39878
U:CATTA,53571,642,76583,78289,51838,57893,59530,62686,49076,45651,49689,51292,48014,39800,40474,47138,37296,34617,34244,33052,25680
U:CATTC,54811,631,83497,86349,55209,66229,69218,68942,61646,52546,56508,55531,57908,43558,45264,53142,42174,38117,40117,36120,29834
U:CATTG,56933,771,86673,89798,57350,67965,71284,71172,62264,54387,59033,58065,58919,46187,47381,54123,44211,39408,42052,37480,30835
U:CATTT,121218,1628,165593,167424,113179,125367,128638,135670,109612,96982,107290,110359,103026,86420,89899,102135,79558,74702,74845,71735,57102
U:CCCAA,45023,406,72873,80654,47241,63225,64700,60132,61401,50688,53730,50908,60666,39466,38577,46237,38888,33084,38701,32080,28447
U:CCCAC,41811,457,77664,88513,50406,71927,76698,65518,71041,60768,60591,56777,71526,43218,41624,49219,44097,36758,46540,34338,31321
U:CCCAG,52051,477,108830,131045,69352,107552,112021,91791,106008,87439,90852,78705,110910,63197,58046,70291,63584,51788,66874,48918,46577
U:CCCAT,45477,544,74080,80934,47537,64575,66902,62118,63211,53191,55294,52008,60158,39958,39986,47608,40171,33846,39868,32825,28349
U:CCCCA,47616,453,88078,102170,55963,83467,88640,73617,83913,69063,69702,64845,84163,49301,46836,55994,50698,40978,53123,39271,36842
U:CCCCC,39246,403,69023,80181,45239,66937,73958,57907,66053,55485,55553,54511,69711,39616,38373,44287,42190,32776,44117,32724,30987
U:CCCCG,6831,55,15394,19298,10388,17134,17921,12975,16037,14170,13297,13105,18038,9543,8873,9810,10559,7622,11355,7630,7617
U:CCCCT,45030,577,78267,88419,50437,72204,76037,65564,71943,58735,60746,57216,72127,43728,41964,50175,45118,36215,46773,35225,32556
U:CCCGA,5286,44,12183,14851,8218,12611,13272,10272,11592,10840,10388,9827,13251,7471,6957,7720,7827,6163,8471,5941,5872
U:CCCGC,4794,31,11460,15114,8054,13520,14122,9815,12404,11111,10241,9873,14115,7422,6754,7604,7959,5695,8600,5789,5896
U:CCCGG,7134,50,15249,19276,10576,17460,17632,12760,15733,14305,13194,12755,17985,9362,8878,9989,10186,7655,11132,7381,7724
U:CCCGT,5122,56,12871,14818,8728,12926,13933,10676,11438,11354,10519,10428,12949,7780,7375,8325,8132,6329,8768,6277,5832
U:CCCTA,31336,345,48160,54004,31143,41856,42867,40064,41500,33843,35727,33419,40732,26652,26035,31072,25948,22128,25559,21178,18764
U:CCCTC,45246,781,87540,100479,56604,81271,86742,73365,79733,66972,69407,63898,82054,48904,47220,56136,50748,40790,52754,39426,36221
U:CCCTG,53032,601,102920,121750,66241,100575,104049,86898,98420,81314,84478,74950,101993,60044,55748,67774,61246,49039,64287,46594,44059
U:CCCTT,52612,854,89407,97715,57624,77098,79820,74897,74010,61327,66045,62185,74309,48712,48746,56724,48462,41769,48287,39751,35518
U:CCTAA,37213,382,57059,60318,38200,46703,47628,46846,41650,36394,39648,39024,41609,30617,30810,36116,28958,26178,27428,25085,20695
U:CCTAC,27334,323,44237,48414,28588,38019,38875,37029,36885,30712,33395,30315,36522,24022,23924,27844,24118,20836,23783,19573,17248
U:CCTAG,35198,361,57888,64678,36580,52196,52382,48178,50160,40473,44076,39274,50834,32274,31020,37082,31311,26849,30896,25496,22674
U:CCTAT,39641,456,53984,57079,35402,42954,43591,44760,40837,33613,36629,36580,37773,28475,28794,34321,27139,24697,25931,23236,19215
U:CCTCA,49452,518,89474,101115,58040,80926,84265,76168,79971,65360,70074,62611,78407,49885,48639,58438,49248,42334,50977,39589,35565
U:CCTCC,58292,706,111404,128306,72001,103202,110680,92366,100954,85588,88456,82045,105029,63050,60340,72008,64199,52724,67952,50593,45892
U:CCTCG,6829,89,15406,19103,10702,16247,16919,13095,14610,13466,13321,12474,16503,9510,9027,9745,9901,7669,10723,7481,7180
U:CCTCT,71222,1149,127537,143143,82193,113444,118424,106162,110024,90499,99413,89596,113171,70609,68666,82611,70625,59860,71450,56880,51270
U:CCTGA,50034,569,91567,103293,60095,83267,84981,76263,79766,66664,71058,63957,80651,51321,49694,60173,50512,42835,51466,40521,36928
U:CCTGC,40257,420,86386,103657,56008,84711,88028,73349,82738,68792,71745,62648,86372,51171,47240,57107,51515,42246,55231,39756,36812
U:CCTGG,56187,625,112253,136733,71547,112581,115037,93517,110889,89207,94445,81225,116754,66623,60693,73825,67403,54240,70532,51018,49323
U:CCTGT,57157,760,109137,122424,70927,97852,103266,91144,93338,79424,84020,76905,94890,62309,60556,71315,61280,51663,62164,49643,43802
U:CCTTA,41257,502,64559,68112,42540,52642,53546,52891,48356,41123,44948,43840,47499,34498,35666,40923,33198,29905,32003,28594,23907
U:CCTTC,59922,814,107099,118174,70419,92727,96460,90950,90252,74462,81204,74797,89141,58719,58561,69127,58669,50389,58615,48647,42646
U:CCTTG,51684,585,91092,101872,58474,80568,83628,75841,76940,64370,69209,62554,77245,51204,50162,60265,50073,42733,50400,40697,36224
U:CCTTT,87132,1383,135428,144762,88960,111028,113899,111435,101523,85378,96555,91056,102121,74047,73987,86921,68724,62455,67589,59413,51076
U:CGCAA,3288,27,5986,7176,4231,5561,5864,5173,5127,4987,4634,4866,5504,3467,3592,3986,3620,3046,3741,2900,2795
U:CGCAC,3968,25,10051,12248,7044,9981,11369,8381,9049,8974,8494,8285,10172,5907,5809,6281,6277,5012,6935,5113,4646
U:CGCAG,4878,50,12749,15641,9216,13580,14132,10997,12221,11382,10960,10801,13508,8025,7586,8488,8439,6386,8973,6407,6224
U:CGCAT,4188,44,9143,10363,6314,8314,9267,7691,7513,7280,7235,7423,8193,5205,5314,5752,5339,4548,5701,4364,3966
U:CGCCA,6467,104,12503,14934,8560,12413,13629,10402,11786,10676,10264,10074,12834,7562,7378,7986,7834,6063,8277,5964,5730
U:CGCCC,4868,30,11147,14945,7867,13095,14218,9596,12184,11229,10036,9837,14000,7262,6534,7534,7738,5589,8872,5667,5698
U:CGCCG,1887,17,4035,5910,3074,5168,5158,3432,4528,4338,3678,3611,5292,2766,2536,2765,3004,2025,3265,2171,2369
U:CGCCT,6067,69,13707,17761,9499,14925,15507,11573,13603,12059,11987,11266,15533,8891,8029,8750,9171,7033,9918,6945,6896
U:CGCGA,858,11,1737,2240,1405,1962,2058,1490,1820,1640,1510,1454,2032,1109,1081,1134,1117,900,1292,915,966
U:CGCGC,2261,10,5357,6917,3825,6318,6367,4654,5363,5217,4868,4555,6297,3528,3342,3349,3627,2635,4042,2818,2826
U:CGCGG,1507,7,3706,5413,2968,4773,4828,3364,4194,3953,3558,3520,4874,2528,2540,2545,2819,1962,3177,2086,2173
U:CGCGT,1038,11,2947,3455,2152,3119,3305,2470,2709,2724,2510,2542,3142,1822,1879,1901,1948,1495,2135,1532,1524
U:CGCTA,2909,30,6144,7199,4466,5687,6172,5157,5224,4761,4861,4991,5497,3600,3481,3874,3682,3109,3807,2974,2792
U:CGCTC,3979,40,10824,13273,7702,11328,11658,9079,10029,9492,9377,8859,11993,6748,6234,6694,7096,5322,7455,5654,5307
U:CGCTG,5957,40,15967,19785,11333,17031,17676,13360,15173,14296,13641,13105,17014,10017,9323,10321,10436,7924,11006,7971,7914
U:CGCTT,4776,56,10823,12798,7756,10305,11246,9182,9084,8624,8711,8611,10415,6534,6538,7136,6734,5501,6853,5472,5114
U:CGTAA,3962,36,7925,8726,6061,6836,7390,6582,5624,5769,5850,6163,6171,4556,4768,5008,4457,4090,4426,3964,3277
U:CGTAC,2825,30,5911,6690,4174,5487,5864,5005,4829,4447,4763,4804,5170,3486,3488,3864,3512,2877,3578,2926,2579
U:CGTAG,3805,44,8265,9480,6057,7776,8368,7098,6863,6527,6705,6646,7369,5004,5086,5345,5039,4254,5063,4171,3817
U:CGTAT,4901,76,9346,10105,6623,7645,8393,7835,6651,6632,6738,7237,7122,5256,5685,6068,5184,4585,5146,4438,3827
U:CGTCA,4203,44,10233,11975,7436,9887,10447,8424,8579,8416,8463,8211,9528,6241,6300,6683,6307,5173,6513,5099,4678
U:CGTCC,3838,42,9651,11863,6959,10338,10824,8432,9064,8746,8429,8033,10134,6052,5913,6531,6423,5022,6943,4900,4695
U:CGTCG,770,12,1972,2612,1528,2271,2365,1677,1889,1828,1826,1756,2257,1264,1236,1297,1384,1079,1584,1027,1157
U:CGTCT,5648,60,14279,16212,9937,13434,14226,11892,12044,11098,11405,11163,13193,8441,8405,9072,8461,7149,8870,6942,6379
U:CGTGA,5983,96,14254,16464,10296,13378,14717,12254,11899,11821,11495,11787,13103,8550,8824,9329,8710,7118,8992,7205,6440
U:CGTGC,5493,43,14443,17508,10321,14710,16298,12489,13069,12434,12433,11737,14857,9179,8719,9240,9340,7355,10157,7343,6787
U:CGTGG,7415,87,18971,22535,13049,19227,20799,16031,17814,16633,16016,15427,19373,11798,11315,12073,12150,9406,12954,9347,9250
U:CGTGT,8496,93,21822,25058,15364,20354,22692,18194,17971,17209,17639,17354,19949,12917,13008,14033,12998,11061,13900,10880,9466
U:CGTTA,4332,52,8821,9610,6632,7438,8102,7214,6271,6311,6600,6968,6956,5133,5401,5822,4884,4335,4855,4369,3881
U:CGTTC,5699,73,12047,13406,8624,10813,11618,10189,9582,9013,9128,9673,10064,7247,7188,7660,7006,6129,7142,5834,5239
U:CGTTG,5308,73,11098,12472,7916,10011,10837,9311,8779,8469,8612,8850,9410,6486,6679,7400,6497,5586,6662,5472,4853
U:CGTTT,10133,137,19402,20551,13617,16016,17498,16006,13480,13316,13936,14666,14350,10994,11368,12482,10791,9236,10407,9220,7971
U:CTCAA,50006,553,76950,82550,50984,63785,65727,64091,59288,51122,55221,52779,58789,41161,40955,49072,39255,35045,38189,33390,28167
U:CTCAC,43552,451,82700,92608,54797,72943,78512,69147,69895,59974,63778,58104,71217,45975,44513,51961,45003,39394,46669,37007,32759
U:CTCAG,64021,665,125249,143497,81979,115060,120118,104391,109815,91056,99981,87689,112885,71205,68554,81659,69157,59944,71529,55624,50466
U:CTCAT,52488,548,87193,93036,57516,71641,75260,73225,66964,57450,62669,58994,64437,46889,47314,55690,45508,40415,43955,38333,31952
U:CTCCA,58300,636,102144,114146,66766,89608,94141,84930,87796,72776,78073,71022,87239,55935,54861,65627,55622,47602,56493,45153,39958
U:CTCCC,54075,830,100822,115446,65458,92814,97925,84212,90140,76266,79773,73502,93642,56129,54458,64328,57982,47293,59652,45275,42052
U:CTCCG,6363,67,14969,17987,10540,15588,16154,12356,13946,12800,12718,12187,15748,9172,8664,9596,9431,7429,10088,7460,7063
U:CTCCT,70227,845,128180,140770,82333,111493,116702,105904,107620,91395,97700,90932,109105,71067,68881,82375,70170,59794,72407,57566,49643
U:CTCGA,6337,72,12301,14207,8292,11508,12285,9910,10207,9318,9697,9300,11367,7116,6946,7653,7016,5895,7525,5594,5314
U:CTCGC,4348,55,10253,12288,7344,10516,11333,8785,9228,9190,8656,8445,10766,6285,6032,6545,6598,5167,6925,5121,4955
U:CTCGG,6088,67,15637,19234,11029,16588,17427,13248,14938,13711,13772,12460,17088,9683,9124,9898,10027,7737,11016,7825,7586
U:CTCGT,5587,61,12724,14661,8886,11837,12804,10718,10508,9842,10095,9987,11521,7687,7586,8150,7610,6322,7748,6208,5511
U:CTCTA,49922,576,75329,80364,49723,61324,63212,62894,58351,48328,53092,51016,55890,40687,40051,48765,38756,34376,37412,32990,27590
U:CTCTC,83664,1101,154219,164539,99749,128375,136953,127924,124002,108867,115836,109060,125389,82704,82112,96873,80769,70564,82407,68104,59732
U:CTCTG,82112,1043,158040,179540,102453,144141,148635,131139,136523,113896,124285,109964,140658,89310,86454,102618,88487,75075,90791,71164,63842
U:CTCTT,82725,1147,137710,147102,90373,113643,117870,112620,105702,89179,99859,94497,107007,74069,74613,86284,71447,64041,70501,60605,52784
U:CTTAA,54939,766,83510,86648,57206,65464,67560,67889,55396,50624,57098,57521,57635,44832,45364,51062,41194,38700,38705,37433,29847
U:CTTAC,35422,515,59935,62823,39989,48753,50138,49403,43224,37746,42234,40914,43934,32509,32948,37238,30719,27786,29433,26562,22276
U:CTTAG,45111,597,76206,80506,49936,61912,63551,61780,56005,48552,53787,51547,56914,41341,41812,48097,38717,35122,37912,33641,28588
U:CTTAT,55108,769,78141,79313,52432,58805,60843,64131,52652,46200,51101,52390,49510,41151,42270,48398,37853,35365,34929,33761,26664
U:CTTCA,68877,808,111347,118301,74515,90479,93186,92893,84306,71568,78479,75391,81440,59718,61019,71920,57045,51383,55649,48539,40860
U:CTTCC,68337,920,124875,137432,82080,107964,113790,105131,104390,87530,94473,86845,105299,68225,67964,79524,68155,59076,68321,56374,49477
U:CTTCG,6818,71,12557,14605,8956,12012,12549,10766,11070,9972,10228,9844,11800,7195,7391,8106,7568,6306,7675,6245,5901
U:CTTCT,98701,1248,158527,167761,103080,128740,132566,131660,122938,102609,113229,107147,117468,84557,86606,100883,82060,72128,80131,69807,59087
U:CTTGA,56376,672,89500,95971,59452,73339,76187,73312,67573,57423,63756,60546,66593,48405,48718,56941,46115,41396,44745,39289,33469
U:CTTGC,41113,443,74317,81823,48558,63622,67283,61540,60420,51290,56616,51060,61783,41392,41021,47008,39211,34839,40116,33321,29001
U:CTTGG,53118,647,94212,106426,60516,83610,86344,78251,79926,66169,72805,64328,81010,52700,52175,63182,51558,43630,51705,42358,38120
U:CTTGT,60233,813,100623,107548,65640,82830,86705,82609,76251,64877,71328,67882,75826,55202,55717,65129,52487,46433,50857,44476,37261
U:CTTTA,79214,1171,116726,119206,79188,90269,92898,94496,78257,69338,77972,77988,78181,62415,63381,71889,56303,52959,54197,50666,40995
U:CTTTC,95097,1378,144117,151332,96073,115016,118418,120130,106284,89826,100932,96955,101302,76682,78509,90875,72933,66457,70432,62394,53533
U:CTTTG,83291,1157,132236,143326,88160,109490,111263,109465,99669,85071,94697,89385,98540,73263,73135,86452,68173,61203,67133,59186,50197
U:CTTTT,131239,2234,184249,190742,124115,144304,147321,149444,127355,108802,124942,121943,126556,99530,101496,115536,89213,83521,85069,80631,66474
U:GACAA,41824,437,65429,69634,43493,52827,53845,53880,48312,43103,45177,43708,47292,34170,34592,41269,33437,29855,32009,28758,23734
U:GACAC,30030,264,58848,65135,38881,51082,54344,49308,48757,43201,44124,42294,48023,32223,32043,38162,32312,28082,33015,26270,22702
U:GACAG,49148,480,95381,108443,62983,86038,90941,79193,81267,70001,74726,67437,83963,52895,50664,61954,52672,45494,54801,43500,37793
U:GACAT,41577,416,69794,74239,46383,56276,59768,58100,52361,46297,49099,47193,50689,36929,38056,44143,35989,31954,35319,30710,25387
U:GACCA,33534,409,59868,66480,38486,51932,54527,48929,49971,42698,45239,42130,50511,33190,32044,38590,32324,27832,32809,26597,23359
U:GACCC,20956,198,42386,50124,27050,41344,42745,35479,41412,34055,35080,31306,41717,24408,22735,28155,24932,19741,26564,19168,18112
U:GACCG,3238,32,7840,9697,5598,8160,8719,6493,7444,6845,6861,6687,8389,4875,4729,5373,5217,3924,5625,4009,3837
U:GACCT,31611,336,60013,68778,38835,55291,56709,50064,53050,43828,47053,41802,54311,34132,32598,39635,33687,28259,34123,26618,24566
U:GACGA,3752,41,8350,9559,6114,7637,8408,7017,7282,6872,6681,6538,7782,5051,5009,5449,5083,4083,5236,4162,3896
U:GACGC,2632,33,6958,8669,4977,7212,7696,5843,6569,6238,5762,5930,7436,4334,4152,4351,4518,3473,4936,3645,3384
U:GACGG,3541,36,9385,11301,6650,9629,10217,7530,8690,8233,7959,7726,9730,5808,5416,5912,5984,4727,6454,4695,4554
U:GACGT,4036,44,10049,11522,7086,9455,9912,8645,8378,7907,7979,8242,9202,6159,6154,6422,6040,5074,6232,4948,4603
U:GACTA,30605,382,44808,46796,29890,35674,36495,36259,32278,27574,30680,29756,31621,23899,23791,28124,22627,20239,21249,19124,16167
U:GACTC,26918,238,52745,58958,34713,46799,48874,44232,44339,37466,40599,37137,44710,29260,28224,33267,28624,24918,29434,23980,20967
U:GACTG,38302,403,71829,79502,46970,62707,65132,59618,59195,49862,54205,49758,60065,40028,39567,45715,38921,33645,38959,32282,28490
U:GACTT,44972,548,75766,81208,50394,62093,64164,62679,56618,48754,54048,51266,56239,41662,41947,47795,39446,35079,37872,34075,28540
U:GATAA,45644,577,65186,66213,44341,49465,50472,53525,42117,38821,42313,43983,40756,33985,34751,40076,31343,29314,28252,28328,22219
U:GATAC,27520,335,40637,41874,27027,32210,33156,33261,28897,26323,27722,27949,27757,21927,21967,25630,20592,18500,19165,17711,14516
U:GATAG,37150,458,56429,59165,37314,45162,46556,46329,41254,36951,38610,38275,40509,29624,30190,35832,29018,25495,27056,24354,19871
U:GATAT,53635,765,68487,67052,45795,51559,51665,55582,44826,39966,42217,44752,39225,34555,35758,43078,32533,30153,29600,28463,22189
U:GATCA,34057,396,52645,55808,34904,42483,43865,43435,39664,33846,36314,35464,37733,27768,28081,33919,26600,23970,25650,22281,18918
U:GATCC,29140,356,46881,50893,30252,40832,42304,38402,39708,32538,35005,32395,38731,25200,24667,30374,24496,21420,25143,20179,17937
U:GATCG,3409,46,6702,7756,4947,6329,6819,5659,5784,5242,5498,5350,6097,3950,4021,4297,4057,3283,4157,3354,3064
U:GATCT,42383,618,66673,71560,43758,56455,57448,53758,52353,43788,48234,45001,52000,35995,35812,42423,34257,30655,33501,28857,24773
U:GATGA,47030,604,75282,79487,49947,61236,63718,62435,57365,49104,53142,50553,55235,40748,40700,49046,38678,34371,37323,32673,27836
U:GATGC,29512,254,56280,61031,36804,47597,50297,46677,44962,39078,41799,39177,44693,30675,30960,36356,30506,26152,29655,25223,21669
U:GATGG,46631,627,82718,90646,53379,72518,75860,67739,69922,59181,62726,57655,69057,45451,43836,52550,44973,37510,44659,36624,32531
U:GATGT,44569,571,75131,79615,50121,61087,64901,62338,56327,49773,53450,52058,54855,40924,41728,48349,39227,34779,38274,33626,28407
U:GATTA,41005,632,58159,59861,39459,45288,46169,46872,39244,34955,38958,38850,39115,31116,30985,36442,28319,26613,26239,25058,20676
U:GATTC,35136,402,54846,57028,36047,43986,45664,45147,40984,34794,38252,36804,38912,28697,29521,35417,27496,24805,26639,23532,19753
U:GATTG,36409,479,56115,58725,37338,44997,46135,46106,41350,35268,38672,37497,39787,29740,30399,35727,27745,25420,26972,24427,20550
U:GATTT,76474,1232,106936,109476,72753,82147,84717,86197,71651,63400,71759,72381,71284,56904,57911,67227,51883,48368,49510,46678,38030
U:GCCAA,31971,313,54147,59658,35676,46401,47621,44624,44067,37886,40345,37433,44544,29271,29187,35176,28926,25103,28452,24096,21205
U:GCCAC,27474,249,56735,68304,36670,53985,58022,47499,52610,45170,46484,41643,55065,33070,31215,36585,32980,27672,34997,26301,24154
U:GCCAG,42677,471,85595,102665,55171,83275,85512,71822,80081,66233,70546,61352,85596,50303,46308,55263,49326,41127,51586,38670,35865
U:GCCAT,42578,522,72826,80770,47788,62502,66011,60817,59464,50716,54829,50841,58686,40370,40026,46890,38937,33988,39467,32413,28287
U:GCCCA,30333,279,61557,72685,38982,59135,61310,52364,58804,48647,50464,44278,59826,35239,33138,40238,35955,29228,37605,27786,25869
U:GCCCC,23602,205,47135,58032,30049,48996,51339,40354,49110,39806,39382,35864,50513,27755,25536,30587,29519,22392,30842,21646,21492
U:GCCCG,4661,42,11562,15153,7946,13515,13581,9797,12081,11288,10337,9498,14094,7367,6868,7517,7813,5957,8765,5707,5982
U:GCCCT,34347,372,67421,80651,43488,65987,67676,56761,64157,52722,55238,48591,67941,39720,36855,44417,39914,32362,41440,30496,28966
U:GCCGA,4530,56,9649,10926,6399,9470,9791,7881,8594,7925,7471,7332,9285,5527,5336,6102,5907,4589,6066,4375,4313
U:GCCGC,3912,29,9684,13090,6804,11268,11477,7945,10230,9344,8581,8102,11836,6357,5795,6256,6616,4855,7348,4866,5065
U:GCCGG,4424,48,11095,14677,7882,13221,13475,9187,11721,10288,10034,9214,13894,7140,6444,7194,7778,5648,8326,5428,5934
U:GCCGT,3517,47,10370,12400,7232,10821,11461,8628,9396,9183,8886,8427,10538,6495,6368,6634,6812,5108,7310,5343,5114
U:GCCTA,26293,258,42185,47090,27222,36980,38003,35130,35239,28685,31549,28772,35151,23287,22731,26439,22434,19909,22502,18621,16265
U:GCCTC,40197,480,76541,93726,50011,76718,78833,65599,72964,60249,64874,55329,79081,45836,42393,50225,45602,37919,48362,35236,33757
U:GCCTG,41354,459,89152,109151,57614,89593,91770,75376,86669,71048,75167,64817,91765,53498,48932,58451,53672,43519,56280,41042,39115
U:GCCTT,46877,509,85160,97151,55785,75945,77965,70795,72292,59795,65848,59056,73671,48921,47688,56525,46731,40568,47028,38979,34126
U:GCTAA,32663,378,52479,54386,35319,41343,42646,42855,36746,33175,36425,35491,36739,27866,28218,32712,26221,23952,24742,22945,18686
U:GCTAC,25406,287,41954,46595,27896,36362,37530,34356,34305,29014,31441,29228,35489,23343,22905,26397,22409,19825,22524,18811,16533
U:GCTAG,31495,331,51422,56662,33185,44824,45916,42281,41766,34801,38757,35064,42876,28975,27685,32243,26950,23877,26956,22766,20019
U:GCTAT,40863,489,57074,60236,38554,44936,46662,47388,41901,35924,39198,38572,40274,30667,30912,36167,28704,26039,27210,24680,20240
U:GCTCA,36901,317,74951,85230,48966,67173,72679,62689,64022,54742,59045,52347,66362,42506,41166,48351,41220,35758,42274,33941,29918
U:GCTCC,32618,296,63132,71613,40856,58243,59794,51948,56347,47821,49260,44564,57982,35655,33909,40824,36246,29569,37221,28440,25821
U:GCTCG,4124,35,10469,12452,7347,10753,11412,8878,9454,8814,8982,8364,10727,6460,6165,6735,6535,5201,7046,5108,5023
U:GCTCT,47106,509,92479,105606,60333,83997,87155,76578,79216,66599,72470,64581,81975,53305,51218,59021,52532,43999,53118,42372,37835
U:GCTGA,43090,444,82564,93264,54579,73585,76275,68799,69387,59060,63337,57466,71108,46360,44998,53452,45568,38798,45976,36951,32806
U:GCTGC,33167,285,71582,84874,47747,68142,71654,60796,66071,55765,58785,50967,69366,42599,40471,46621,42979,34870,44600,33417,30833
U:GCTGG,45309,455,97526,119568,62559,97575,102293,81777,94348,76765,82982,70604,101748,58265,53168,63546,57935,47072,61329,44677,43063
U:GCTGT,47926,584,99537,113505,65385,89394,94606,82356,82648,71300,76618,69382,86906,57808,56294,63992,55525,47492,57417,45462,39994
U:GCTTA,32312,372,55529,58703,36870,44343,46820,45561,39799,35472,39182,37864,40429,30249,30745,34734,28128,25672,26975,24651,20656
U:GCTTC,44293,499,79209,87753,52043,68254,70441,66035,64590,54801,59557,53774,64943,43621,43838,51162,42803,36851,42843,35190,30887
U:GCTTG,38027,434,73354,82124,47643,64305,67625,60519,60132,51025,56526,50809,61727,40965,40807,47846,39753,34279,39711,33149,28988
U:GCTTT,67442,828,111177,118966,74983,90718,93012,91552,81266,70684,79553,74993,82514,61481,62455,71452,56623,51504,55860,49968,41868
U:GGCAA,34762,335,56125,61828,37400,48033,49189,47271,45587,38493,41461,38785,45595,30672,30510,36227,29581,26131,28836,24715,22029
U:GGCAC,22515,181,45820,53502,30000,42987,45069,38438,41652,36009,36808,32885,42568,25969,25264,30329,26548,22072,27736,20931,18928
U:GGCAG,45669,474,95925,113324,61457,91802,95316,79775,89665,73330,79091,68733,94634,56116,51434,60956,56316,46084,58049,43856,40379
U:GGCAT,40678,449,67754,73553,43538,57526,60173,56013,54414,45846,49552,46019,53674,37082,36451,43371,35762,31327,35221,29853,25796
U:GGCCA,35279,375,67763,81048,43790,65028,67761,57021,64442,53152,55145,48720,65756,39438,36803,44773,39622,32779,41504,30636,28761
U:GGCCC,22352,230,41992,52626,26705,44143,44106,36657,44225,34884,35597,31355,45570,25142,22889,27763,26780,20232,27902,19055,19018
U:GGCCG,5040,55,11941,14919,8012,13319,13469,9671,12266,10864,10129,9493,13603,7444,6838,7691,8044,5830,8672,5579,5996
U:GGCCT,36670,371,68516,84537,43699,69542,69126,58950,67883,53722,57310,49001,69471,40823,38035,45366,41164,33206,43172,31681,30151
U:GGCGA,4093,36,8660,10543,6182,8962,9421,7401,8012,7238,7383,6968,8878,5355,5054,5654,5597,4314,5725,4352,4132
U:GGCGC,3897,40,8985,12029,6565,10728,10869,7618,9596,8704,8025,7682,11096,5958,5539,5752,6464,4475,6807,4635,4923
U:GGCGG,6224,69,13873,18490,10021,16485,16914,11497,15054,13174,12318,12103,17570,8905,8278,8881,9806,6943,10901,6870,7299
U:GGCGT,5213,90,11700,14428,8205,12375,13332,9835,11270,10070,10010,9656,12638,7539,7106,7395,7514,6050,8035,5733,5761
U:GGCTA,31987,421,51781,57196,33398,45140,46595,42148,43344,35863,39194,35996,43924,28752,28077,32594,27551,24075,27735,22844,20346
U:GGCTC,28101,259,61705,73703,39812,60889,64110,51652,59409,49143,51683,44718,62182,36384,33487,39973,36937,29613,38499,28347,26991
U:GGCTG,43130,448,94796,115955,61453,94698,99625,79894,91941,75214,80316,68611,98334,56720,51935,61712,57177,46282,60130,44105,42056
U:GGCTT,43252,456,81277,92911,53340,72062,75435,68383,69158,58284,63123,57132,70339,46153,45920,53176,44701,38292,45486,36560,32893
U:GGTAA,32409,462,50460,53650,33854,40309,41274,40792,36647,31476,35395,33783,36551,26841,27066,31305,25075,23014,24402,21672,18506
U:GGTAC,22297,241,35252,38026,22399,29797,31007,28782,28485,23817,25490,23743,27782,19220,18883,22278,18531,15958,18017,15107,13171
U:GGTAG,31376,376,52420,57213,34078,45162,46539,43008,42787,35630,39161,35479,43249,29600,28539,34855,28068,24380,27765,23448,20282
U:GGTAT,38765,561,52759,54118,34698,41960,42473,42682,39110,33038,35581,35247,36131,28368,28508,34013,26211,23719,25228,22659,18361
U:GGTCA,30445,349,57945,65537,38228,51303,53913,48448,49637,42484,44828,40938,49496,32556,31436,37925,32176,27237,32753,26015,23155
U:GGTCC,24385,314,45514,51684,28707,42973,44293,37713,42045,34640,35247,32372,42218,25794,24438,29962,26339,21381,26742,20102,18954
U:GGTCG,2848,32,6879,7974,4861,6980,7390,5722,6229,5891,5575,5466,7038,4230,3949,4364,4335,3385,4552,3285,3151
U:GGTCT,36843,513,66584,75378,43641,60495,62390,55109,58687,47696,51320,46879,58599,37729,36705,44133,37020,31455,37995,30138,27158
U:GGTGA,34708,386,66275,74751,42885,58686,61061,55467,57456,47648,50986,45642,56978,36537,35948,41663,37199,30578,37206,29237,26785
U:GGTGC,22202,237,46229,54353,30027,44258,46526,38548,42642,36319,37586,33053,44646,27384,25560,30224,27212,22561,28283,21235,19688
U:GGTGG,42919,598,83550,97990,53406,80873,84931,69747,79204,65430,67700,60972,82918,48332,45660,53302,49205,39645,51421,37965,36024
U:GGTGT,37762,582,73413,81195,47704,64870,69354,60357,62340,53382,56095,51585,62504,41176,40800,47393,40453,34601,41903,33587,29192
U:GGTTA,31410,428,49418,52173,33091,39846,41409,40372,36009,31692,35004,34036,36210,26987,26934,30911,25177,23091,24313,21963,18453
U:GGTTC,28824,357,53115,58158,34433,45599,48333,43152,44089,37219,39958,36692,44273,29640,28989,34407,28708,24386,29019,23542,21201
U:GGTTG,36658,590,62414,69669,41721,55246,57490,51215,51820,43906,46786,44309,53721,36026,34976,40183,34010,29478,34235,28493,25446
U:GGTTT,61063,957,99333,106898,66928,82709,86326,80396,74123,65152,72373,68973,77283,55456,55984,64614,51281,46266,51073,44932,38075
U:GTCAA,32908,371,50953,53233,34399,40037,41630,41837,36959,32594,35021,34796,35355,26623,27188,32428,25761,23138,24490,22066,18205
U:GTCAC,27759,280,56579,63532,37476,48736,52721,47665,46488,41792,42521,40301,46942,31718,31576,36475,31495,26647,31721,25585,22349
U:GTCAG,39407,474,78071,87299,51153,69635,72193,64225,64024,55347,59918,54047,65970,44002,42640,50211,42547,36601,44133,35534,30675
U:GTCAT,39975,442,67106,71539,44974,53062,56897,55469,49935,43745,47785,45621,48459,36738,37256,43230,34469,31452,33513,30108,24551
U:GTCCA,33536,465,57147,62650,37361,49542,51426,47578,48266,40746,41828,39699,46044,31360,31773,38146,31130,26896,31007,25380,22213
U:GTCCC,27389,318,52784,61344,33349,50996,52453,44310,49848,41951,41246,38764,49718,30241,28683,33769,31142,24782,32146,23690,22039
U:GTCCG,3201,46,7413,8881,5219,7593,7982,6005,6728,6196,6146,6016,7685,4495,4363,4739,4806,3664,4966,3653,3715
U:GTCCT,43094,548,79774,90257,51975,72570,75424,66240,69124,57412,62251,55819,70941,45735,44026,52850,45004,38276,45565,36343,32198
U:GTCGA,3373,42,6266,6663,4461,5372,5824,5150,4902,4620,4558,4620,4995,3486,3521,3943,3532,3022,3559,2903,2540
U:GTCGC,2537,26,5884,7212,4243,6094,6560,5017,5473,5147,4886,4985,5945,3696,3493,3763,3791,3033,3990,2951,2839
U:GTCGG,3692,48,8490,10367,6074,8683,9099,7086,7629,7194,7163,6975,8917,5186,4856,5486,5266,4305,5746,4050,3979
U:GTCGT,3585,63,8291,9383,5888,7776,8190,6883,6670,6374,6436,6680,7434,5081,5080,5475,5074,4172,5130,4185,3640
U:GTCTA,32071,403,51875,55611,34630,42400,43952,42132,39154,33387,37131,35272,39434,28076,28113,32692,26698,24001,26102,22945,19066
U:GTCTC,45093,601,81418,89890,53247,71719,75316,67536,67829,57346,62532,57704,68507,44949,44154,52791,44097,38092,45536,36249,31926
U:GTCTG,44229,595,88852,99792,58243,79697,83615,73517,74898,63752,68340,62509,75672,50521,49298,58170,49288,41926,50661,40482,35444
U:GTCTT,58701,872,98258,104533,65082,80078,82630,80066,74301,63788,69911,66789,74206,53434,54210,62571,50200,45429,49841,43844,36995
U:GTTAA,41460,602,63955,65527,44307,48982,51457,52157,40799,37896,42944,43163,42335,34274,35238,38891,31341,29231,29344,28379,22792
U:GTTAC,26909,402,44195,46791,30154,35481,37279,35860,30947,27933,31302,30482,31537,24236,24683,27367,22700,20899,21581,19907,16326
U:GTTAG,33753,475,55364,58112,37620,44257,45742,45290,39383,34656,38851,37697,39796,30570,30662,35822,28285,25494,27150,24878,20237
U:GTTAT,45970,661,65623,66481,44638,49166,51095,52887,42288,38583,42920,44083,40714,34591,35537,40577,31648,29611,29424,28816,22686
U:GTTCA,46761,589,76913,81825,50683,63090,65826,63205,57372,49939,54901,52542,57213,41873,41987,48847,39245,35435,38350,33744,28343
U:GTTCC,39909,544,66823,72370,43256,57482,59523,54445,54264,45936,48985,46305,54637,37296,36460,42685,35634,31370,35724,29582,26077
U:GTTCG,4283,48,8081,9696,5933,7591,8240,6687,6843,6350,6573,6486,7778,4939,4800,5146,4961,4086,5126,4043,3785
U:GTTCT,62017,930,102960,108733,68330,83199,86292,83735,76780,65544,72818,69240,76013,56157,57014,65975,52906,47254,51543,45261,38260
U:GTTGA,42944,659,65343,67550,43912,51282,53992,53211,46770,40238,44814,43817,45078,35210,36047,41432,32997,29905,31642,29064,23816
U:GTTGC,27695,335,47689,51890,31330,40522,42705,39178,36742,32214,34890,33339,37997,27108,26903,31052,25559,22714,25566,21793,18791
U:GTTGG,39184,621,66924,73409,44478,58015,59952,55213,54863,46599,49646,46968,54951,37717,37212,43807,36212,31280,35997,30500,26794
U:GTTGT,53821,874,85419,90859,57309,70157,73507,69214,62854,54435,60428,58652,63334,47560,47803,55188,43421,39598,43924,38639,31668
U:GTTTA,56233,908,86237,87570,58661,65662,68230,69284,55787,50753,57334,57567,55723,45887,47186,53673,41640,38906,39272,37790,30242
U:GTTTC,61360,936,96000,100996,64535,77599,80436,79054,69317,61300,67051,65876,69441,52346,53144,61256,49304,44362,48228,43051,35686
U:GTTTG,67718,1049,109973,118412,74082,90507,95017,90257,81278,71171,79451,75625,83753,61190,61258,72249,56363,51037,55527,49478,41559
U:GTTTT,114673,2106,171186,177639,116871,133372,139745,137559,115126,103280,117726,116158,119957,93800,95741,108482,84421,78577,81465,76282,62042
U:TACAA,54308,702,75493,76543,51177,57271,58766,61856,50088,45308,48846,50553,47822,38321,40332,47114,36645,34414,33737,32395,25538
U:TACAC,36893,414,64806,69016,43325,52284,57421,53128,46688,45140,47032,46704,48657,34558,35087,39699,33398,30792,33613,28822,23846
U:TACAG,53751,742,89046,96120,59488,74187,76650,72589,67033,58088,64379,60574,68044,48394,48296,56686,45684,41386,45020,39393,32714
U:TACAT,73615,1012,104944,105567,69437,79193,84940,84840,69954,65242,69270,72032,68099,54116,55718,62849,51012,48100,48357,44403,35471
U:TACCA,43418,531,62954,65979,41503,49695,51980,51162,46958,40140,43538,42376,45330,33361,33950,39347,31521,28498,30442,27340,22435
U:TACCC,27895,340,44614,48170,28670,38491,39307,36865,36605,30948,32580,30788,35910,23905,23532,27619,23905,20504,23506,19554,16869
U:TACCG,3593,36,7344,8295,5279,6700,7072,6184,6107,5629,5655,5805,6490,4332,4307,4872,4464,3722,4498,3591,3426
U:TACCT,45226,602,67873,72241,44518,56099,56797,55670,51782,43352,48030,45730,50496,36193,36747,43156,34790,31005,33219,29394,25016
U:TACGA,3674,58,6739,7485,4910,5720,6228,5762,5068,4938,5162,5374,5397,3898,3983,4179,3860,3308,3732,3215,2841
U:TACGC,2350,29,5146,5988,3603,4728,5064,4379,4284,4091,4070,3943,4555,3056,2962,3349,3014,2563,3152,2537,2238
U:TACGG,3274,59,7203,8090,5064,6777,7203,6131,6018,5702,5801,5718,6638,4262,4249,4608,4209,3624,4346,3341,3249
U:TACGT,6120,110,11842,12631,8454,9809,10691,9596,8489,8189,8546,9126,9055,6671,7059,7422,6456,5739,6426,5588,4686
U:TACTA,42685,602,53958,54589,36738,40656,40689,43747,34672,30727,34107,35436,33632,28036,28624,32789,25881,24266,22927,22884,18137
U:TACTC,33671,416,50772,53013,33989,40991,41116,42067,36977,31754,34852,34183,35740,27295,27081,32261,25837,23155,24486,21997,18326
U:TACTG,47942,618,74176,79386,49619,59596,61319,60318,53920,46400,51627,49740,52748,40393,40797,46473,37728,34098,36375,32705,27145
U:TACTT,67284,1079,92538,94540,63179,70295,72395,75946,60374,53801,61439,61463,59574,49222,50499,56305,45135,42114,41042,40031,32018
U:TATAA,81715,1012,105805,104950,72952,77122,79425,85556,63120,60428,65181,71901,60266,54837,55785,62686,50353,48100,43628,44771,33873
U:TATAC,46489,622,61758,62187,41527,46232,48809,49537,40322,37685,39736,42521,39072,31406,32675,37394,30161,28282,27504,26268,20525
U:TATAG,55550,731,73925,74204,48557,55990,57170,59566,48139,43294,47738,48623,47452,38586,39243,44977,35406,33035,32336,31499,24955
U:TATAT,131351,1691,157745,155292,107224,116019,121273,127204,95401,93409,94549,112759,89824,81045,82704,95484,76618,72245,67164,66742,50548
U:TATCA,55854,665,74751,74259,50344,55238,56824,61168,49473,44130,46598,49862,44014,38114,39716,46535,36256,33633,32893,31584,24596
U:TATCC,40725,569,55065,56432,36663,43638,44172,45205,41155,34764,36522,36994,37258,28718,29314,34728,27833,24946,26265,23408,19304
U:TATCG,3978,42,6833,7470,4853,5511,5990,5897,4794,4821,4900,5151,4985,3791,4070,4246,3732,3241,3691,3201,2845
U:TATCT,69364,892,97694,97840,64803,74613,76253,80120,67483,59447,63695,66087,62039,50751,51439,59929,47316,44154,45042,41323,33118
U:TATGA,59925,791,81116,82614,54423,61402,63252,66779,54132,48339,52253,54423,50170,42330,43467,51419,39347,37017,36010,34594,27103
U:TATGC,40805,441,58958,60614,39071,45645,47928,48540,41055,36568,39424,39617,38995,31014,31118,37130,28927,26543,28059,25248,20076
U:TATGG,45333,571,65054,67856,42640,51789,53022,53587,49043,40921,44316,43869,45018,34461,34837,41159,32814,29541,31516,27761,23313
U:TATGT,83371,1254,121747,124681,81360,93534,100927,98801,83402,76157,82172,85544,81026,65043,65652,75083,60135,55610,58111,52957,41934
U:TATTA,82064,1231,103100,101112,70695,75114,76786,83045,61469,58027,62299,70236,58780,52807,53717,61202,48760,46660,43204,43836,33213
U:TATTC,60824,905,80199,79847,54399,60251,60988,65307,52568,46599,50397,53538,48247,41488,42510,49938,38935,35934,35817,34163,27063
U:TATTG,61750,985,81577,80795,55003,61268,61997,65765,53255,46754,51284,53683,48897,42537,43785,51497,39212,36215,36023,34895,27644
U:TATTT,159745,2610,207348,209142,142990,155084,158689,168164,128853,118667,132460,140333,126195,109296,110541,125686,99476,94317,90205,90256,69722
U:TCCAA,53914,569,78551,83202,52055,62292,64682,63988,59173,50525,53527,53167,56335,40553,41526,49763,39507,35644,37748,33578,28033
U:TCCAC,43422,538,71614,77072,47369,60652,64105,59845,59576,50442,52002,49311,56402,38774,38821,45520,38321,33080,38324,31201,27034
U:TCCAG,61866,755,110143,123772,72267,99581,102081,90945,94777,78713,85535,76422,97095,61589,59454,72128,60121,51960,61536,48949,43862
U:TCCAT,70935,904,103407,107205,68051,82942,87155,85800,78811,67086,69991,69433,71292,54039,56486,66409,52899,47273,51417,44165,36497
U:TCCCA,61174,709,105201,118663,68076,94520,97082,87693,91018,76005,80808,73914,92429,58334,56378,66532,57708,49390,58161,46393,41800
U:TCCCC,48862,607,83664,93149,53997,75412,79901,69375,74563,62381,63524,60895,74471,46038,44861,53130,47243,38581,49079,37451,33972
U:TCCCG,6534,58,14795,17551,10328,15317,16213,12320,13526,13026,12270,12073,15412,8992,8574,9680,9374,7338,10022,7127,7053
U:TCCCT,66023,1253,115486,128096,74629,101591,106414,96879,97926,82255,87365,80992,97598,63577,62860,74257,63705,53802,63777,51186,45705
U:TCCGA,4358,50,9836,11694,6871,9382,9900,7967,8401,7803,8006,7857,9471,5873,5571,6268,6021,4917,6218,4777,4615
U:TCCGC,3889,47,8730,10970,6295,9400,9685,7143,8216,7774,7536,7292,9684,5456,5086,5452,5735,4459,6177,4293,4351
U:TCCGG,5476,54,11426,13659,7846,11610,12228,9242,10677,9411,9465,9021,12100,6803,6326,7363,7148,5583,7584,5504,5422
U:TCCGT,5846,84,13753,15879,9932,13149,14158,11600,11646,11039,11289,11230,12961,8155,8475,9050,8416,7113,8640,6960,6269
U:TCCTA,47294,561,71563,75905,46926,58779,59311,59359,54294,45618,50812,48049,53231,38528,38577,45399,36904,33230,35001,31421,26551
U:TCCTC,65444,828,116335,125841,75158,99074,105799,95901,97417,81778,87669,82481,96348,63252,62331,75437,63014,53946,64874,51482,44550
U:TCCTG,67425,835,126858,143733,82800,115571,118946,105831,111027,92687,98721,89237,112877,72318,69975,84602,71176,60449,73509,57904,51154
U:TCCTT,92539,1315,145293,152442,95173,117499,121660,120738,110048,92216,102684,97813,106597,77714,78791,93345,74570,66561,72620,64043,54106
U:TCTAA,55154,628,81255,83487,55966,61983,63232,67287,53543,48640,53750,54260,52929,42648,44074,50341,39876,37009,37203,35093,28377
U:TCTAC,40056,551,61735,65579,40622,49802,51653,50183,47057,39463,43404,41889,45097,32589,32700,38605,31304,28475,30451,26553,22405
U:TCTAG,48609,556,74195,79216,48726,60615,62048,61116,56855,46701,52992,48871,55809,40517,40184,47055,37791,33913,36822,32576,27083
U:TCTAT,68443,858,92571,93072,61857,69760,72031,75788,63668,56377,59576,63087,57816,47846,48555,57478,45294,41711,42532,39310,31574
U:TCTCA,69880,787,116366,124705,77231,97076,100923,96814,90269,77124,84666,79277,89016,62680,63130,74040,60893,53923,59174,50859,43607
U:TCTCC,61505,978,110988,121982,72354,95569,100884,92550,92128,77745,85601,79016,93502,60565,60053,71130,60432,51753,61172,49680,43476
U:TCTCG,6593,91,14246,16318,9789,13404,14399,11758,11689,11020,11232,10927,13244,8333,8213,9081,8455,6916,8740,6807,6329
U:TCTCT,127951,1633,216617,227717,140931,176168,185070,178281,167064,144679,157091,149802,165765,114473,115621,136581,110210,98816,111274,94374,81210
U:TCTGA,70926,905,121363,131278,79984,102581,104580,99501,93767,79960,88215,81975,93907,66077,66033,77212,62973,55580,62543,53280,46199
U:TCTGC,53626,641,102282,116444,67414,91336,94427,86010,86578,73067,79172,71118,87983,58040,56650,67115,56953,48578,57904,46312,41156
U:TCTGG,63947,844,111955,124930,72171,100336,101694,92192,96921,78745,85120,76440,96505,62457,60388,73847,61264,51905,61336,49747,44213
U:TCTGT,97081,1493,169968,182110,111608,141869,149132,139088,131006,113152,123727,116686,130704,92881,93357,108735,89121,78976,90193,75471,63920
U:TCTTA,67848,1039,104100,106495,69657,80608,82719,84083,70186,62494,70188,70606,71008,55460,56264,63886,50492,47353,48444,45476,36861
U:TCTTC,87652,1155,142904,149761,93753,115615,120163,118074,109901,92341,101315,97691,105876,75549,77795,90667,73196,65562,71906,62877,53359
U:TCTTG,69489,905,110747,116957,72417,89735,92801,90523,84684,70293,78491,74116,81882,59837,60634,71343,56651,50787,55343,48105,41046
U:TCTTT,149787,2499,209089,215806,140498,163717,167457,170331,147388,125142,141742,139713,140569,111606,113791,131313,101994,95027,97924,90555,75736
U:TGCAA,48930,524,71695,75479,48200,56433,58602,60025,52020,45862,48600,48619,48661,37553,38829,47029,36095,32673,33992,31111,25131
U:TGCAC,31356,271,63890,70817,42354,54802,61100,53324,51447,46956,49717,44920,53091,35525,34875,41230,34760,30479,36490,29288,24821
U:TGCAG,49816,582,99996,113249,65727,88179,93496,84420,84419,72269,76633,69450,84917,57070,55470,64298,55866,47740,57189,45629,39179
U:TGCAT,60988,680,100247,104345,66499,79932,86141,83111,71778,66471,70729,68472,70566,53342,54233,63772,50353,46254,49813,43973,35457
U:TGCCA,48371,519,84396,95032,55129,74053,75881,70621,70065,59576,64267,58149,70899,47198,46223,54482,45571,39422,45967,38128,33094
U:TGCCC,34080,343,67853,78504,43287,64411,66029,57169,63000,52606,53562,48374,63951,38873,36703,44193,39613,31873,40673,30302,28401
U:TGCCG,4617,66,11862,14399,8219,12526,13003,9943,10848,10249,9917,9504,12364,7382,6901,7637,7726,5967,8122,5882,5673
U:TGCCT,63018,771,116552,134753,76499,107016,111471,97763,101051,84133,92735,81754,106393,68041,63883,76142,65147,56391,66779,53041,47605
U:TGCGA,3717,22,7936,9291,5588,7372,7893,6779,6608,6421,6285,6377,7016,4668,4725,5047,4752,3974,5026,3959,3472
U:TGCGC,4095,29,10281,12667,7061,10583,11740,8652,9844,9214,8976,8514,11054,6400,6179,6792,6835,5235,7515,5258,4955
U:TGCGG,4230,36,10677,12683,7309,11031,11667,8749,10386,9234,8871,8599,11143,6316,6227,6865,6954,5274,7402,5134,5168
U:TGCGT,5783,70,14647,16578,10458,13765,15302,12541,12232,11639,11878,11737,12965,8708,8601,9641,8902,7466,9450,7437,6619
U:TGCTA,49614,543,73974,78003,49556,58740,60570,61390,53635,46167,51462,49230,52732,39911,40153,46939,37006,33966,35504,32337,26625
U:TGCTC,44865,444,86981,97323,56739,76670,80814,72245,72442,61793,66706,60315,73582,49209,48278,56545,48277,41473,48974,39837,34644
U:TGCTG,66287,724,130942,149916,86046,117545,123715,109259,111282,93606,102143,90249,115573,75594,73578,84180,72965,62232,75784,59469,52206
U:TGCTT,77993,923,131382,139441,87202,106311,110587,107656,95705,83236,94001,88057,96477,71717,72727,84014,67031,60525,65419,58328,48602
U:TGTAA,65454,868,100470,105098,69116,78524,81974,81916,65939,60820,68232,68902,67190,54607,54861,62622,49501,46233,47048,44391,35684
U:TGTAC,41620,590,63979,67610,42420,51731,54028,52637,46389,41000,44843,43145,46374,34739,34766,40127,32741,29589,31489,28103,23185
U:TGTAG,55702,755,91410,99403,60687,77733,80880,74692,69992,60473,67245,62527,72102,51972,50910,57642,47994,43278,47475,41187,34979
U:TGTAT,86711,1373,128091,130326,85656,98045,106509,103146,87086,79717,86227,89921,85516,68455,69707,79331,63284,58629,61472,56302,44766
U:TGTCA,55766,652,96642,104162,64694,78979,83773,80769,73615,64931,69084,66111,71742,52803,53974,62837,50544,45086,50161,43343,35669
U:TGTCC,44419,604,81978,93276,52896,74297,77419,68326,71946,60292,62867,57976,71764,46566,45376,53592,46468,39056,47559,37098,33134
U:TGTCG,4855,71,10626,11902,7428,9646,10412,8757,8543,8159,8096,8479,9370,6411,6214,6799,6173,5224,6395,5165,4485
U:TGTCT,83830,1193,148507,160985,97426,124933,131957,121504,115766,100473,109319,102820,117166,81467,81028,94864,78204,68450,78855,66335,55989
U:TGTGA,69282,807,121772,131697,81165,102012,108131,101499,93893,81623,87790,84008,93012,66544,68248,78844,64094,56882,64231,54555,45638
U:TGTGC,46526,496,96844,108065,63224,83517,91761,80497,78730,69162,74345,67545,80034,54563,53523,60489,52955,45528,54084,44277,37585
U:TGTGG,59084,743,116263,133152,75798,103673,112132,97578,101960,85110,90465,81456,101044,66325,65544,75904,65008,55252,68024,52780,46968
U:TGTGT,139878,1744,283639,297932,182790,231014,259024,231599,211162,196995,208718,202120,216866,150887,153141,180954,146107,131822,154503,127568,104796
U:TGTTA,61563,966,92209,94222,62985,70103,72768,74478,59521,54403,61052,61312,58874,49153,51079,57558,45100,41917,42281,40557,31908
U:TGTTC,63978,916,102168,106383,66946,81473,84561,83480,75155,64810,70486,68258,72544,54945,56615,65744,52354,46713,50474,45009,37048
U:TGTTG,72542,1161,112988,117863,74827,90334,95207,91797,83143,71483,78195,76261,80509,61688,62582,73670,57600,51956,57202,50700,41282
U:TGTTT,139854,2422,214589,224359,145148,168722,176320,174993,147072,131282,148206,145272,150699,117123,119092,137032,106507,98310,103341,95292,77582
U:TTCAA,75220,871,103125,106649,70039,79702,81321,84937,69360,62264,67464,69770,67472,52989,54801,64357,50623,46751,46494,44148,35205
U:TTCAC,45738,505,74528,78584,50265,59455,62298,62356,54688,48258,51669,50616,52463,39545,40810,47453,38258,34739,36706,33018,27077
U:TTCAG,74526,990,122784,129422,81437,100241,102299,101303,90598,78502,86836,82293,89996,66819,66842,78676,62210,56814,60781,53539,45204
U:TTCAT,97581,1323,134492,135505,91039,102583,105189,110427,90999,78951,86820,89471,84143,69487,73063,83368,65392,60660,61546,58262,45617
U:TTCCA,83359,1038,123374,130154,82367,100070,103520,101688,93793,79622,85952,82886,90127,65616,66628,77806,62850,56692,61180,53261,44994
U:TTCCC,62445,1007,103481,111515,67773,88083,91047,86019,83353,70568,75543,71425,83685,56498,56271,65943,55132,48308,54734,45778,40144
U:TTCCG,5733,72,12330,14506,8858,11601,12475,10275,10301,9956,10037,10000,11859,7290,7263,8074,7508,6330,7762,6108,5709
U:TTCCT,104716,1500,168764,178398,111115,138121,143147,140690,129824,108793,120132,114424,125967,90385,92159,109004,87732,77808,85636,74918,63869
U:TTCGA,7219,99,11438,13185,8070,10334,11008,9391,9351,8334,8937,8811,10192,6634,6581,7238,6412,5761,6777,5319,4909
U:TTCGC,3931,48,7103,8212,5026,6475,6830,6024,5910,5551,5579,5612,6180,4097,4092,4577,4255,3448,4240,3539,3180
U:TTCGG,6313,67,10983,12508,7762,10232,10608,8963,8974,8456,8409,8406,9928,6299,6406,6965,6413,5314,6468,5304,4727
U:TTCGT,8008,106,13678,14861,9965,11454,12510,11362,10198,9629,10064,10355,10492,7886,8249,8688,7592,6687,7559,6716,5726
U:TTCTA,80422,1045,111546,113539,75562,84428,86631,91270,75489,65620,73218,74039,71455,58340,60183,68449,53990,50330,50546,47845,38597
U:TTCTC,86731,1211,140635,148732,93398,113892,118005,116480,105796,90001,100434,95857,103422,74814,76880,89474,73127,64490,70917,61752,52597
U:TTCTG,100297,1435,162886,173182,107373,132842,136056,132936,122905,104169,115585,108207,120278,88145,89241,105434,83340,74168,81868,71229,60429
U:TTCTT,154861,2413,219226,223727,146248,169702,174060,178991,153552,130241,147205,146342,144493,116081,119732,138144,106726,99088,101851,95010,78304
U:TTTAA,126496,2002,183959,186639,128427,137391,143904,147585,111190,106642,120069,125061,118311,98815,99872,110204,87843,83878,81495,80428,63345
U:TTTAC,59105,967,85667,87151,58989,65697,67799,70133,55908,50483,56499,57283,54886,45293,46383,52485,41391,38970,38957,37106,29862
U:TTTAG,72647,1210,103886,104880,70289,78777,80998,82986,67880,59858,68342,68557,66805,55138,56573,64882,49720,46231,46675,45569,36445
U:TTTAT,143353,2448,195526,197204,133640,148423,151987,157779,124765,113546,126703,132675,122582,103938,104228,119296,93809,88936,86926,84536,66744
U:TTTCA,108129,1495,148419,150934,101497,112492,114633,122176,97506,87270,96493,98786,93113,77013,80273,92120,72070,67613,67395,64844,50689
U:TTTCC,96432,1494,141818,147216,95076,112878,115950,117912,103348,88496,97435,95205,99272,75134,77898,90290,71801,64757,69089,62140,52310
U:TTTCG,8248,118,12603,14034,9020,10764,11509,10347,9393,8758,9266,9596,9980,7352,7481,8166,6882,6149,7108,6021,5020
U:TTTCT,175627,2746,251856,260410,169497,196583,201508,205401,175224,150382,171264,168640,169326,134107,137477,158741,123663,114630,118311,109010,90800
U:TTTGA,98059,1451,137838,143950,94656,108702,111072,112687,95136,82931,94152,92958,94324,74335,75400,88146,67688,62881,64430,60745,49576
U:TTTGC,64097,879,96615,102506,64599,78057,79923,80862,69167,60789,66908,65124,68485,52537,53239,62655,48811,44385,47099,42852,35533
U:TTTGG,78569,1209,116697,124582,77483,95279,97102,95367,87476,73620,82198,78633,86562,64196,64149,76024,59035,53494,57477,51935,43939
U:TTTGT,135266,2391,197503,207204,133028,155109,161333,159611,137993,120213,136038,132082,138196,107774,109430,124969,97751,90013,94848,87441,70990
U:TTTTA,160652,3019,220439,221844,152473,165092,170222,176070,136120,125677,143044,148612,138794,118093,119279,133559,104366,99859,96634,96176,75871
U:TTTTC,136979,2193,188229,192584,127770,144803,147632,153782,126388,110068,124910,125000,123070,99161,103559,118355,91030,85291,86136,82002,66423
U:TTTTG,133708,2370,183392,190354,124055,142527,147495,148333,126416,108892,124032,122010,126021,99358,100783,115674,89243,83148,85540,80314,65444
U:TTTTT,276757,5485,382137,407440,262110,307958,321021,308154,264406,232382,269266,266535,283726,213788,212989,236872,191364,179814,185411,171203,143055
