 ,X,Y,1,2,3,4,5,6,7,8,9,10,11,12,13,14,15,16,17,18,19,20,21,22
B:AACAA,7346,5016,26306,34016,33569,25501,21713,24798,23440,20116,14142,18079,16675,24234,12308,12608,13541,8454,9804,10707,6000,6940,4166,3334
B:AACAC,4036,4289,14885,18657,18378,13414,12141,13480,12504,11263,8048,10576,9678,13290,6740,6821,7837,5215,6238,5912,3940,4342,2507,2475
B:AACAG,5545,3875,20311,24226,24678,17498,15965,17889,16784,14519,10642,13842,13757,17185,8627,8993,10363,7036,8316,7637,5318,5960,3203,3281
B:AACAT,6265,19720,22454,29587,28967,22281,18901,21525,19980,17249,11919,15834,14264,20561,10796,10556,11398,7006,8481,9130,5203,6101,3653,2860
B:AACCA,4684,1763,16195,20280,20446,14586,13094,14542,13708,12268,8768,11330,11211,14419,7035,7547,8366,5604,6689,6263,4147,4747,2726,2587
B:AACCC,3511,501,13158,14207,14205,9473,9421,10331,9957,8866,6671,8372,8328,10822,4736,5897,6580,5406,7004,4524,5024,4303,2064,2791
B:AACCG,513,1610,1855,1966,1891,1235,1362,1426,1347,1145,912,1243,1221,1464,752,752,970,841,1040,586,693,538,301,422
B:AACCT,4189,4608,15710,18861,18550,13190,11926,13543,12531,10996,8032,10444,9876,13579,6597,7446,8047,5837,7404,5762,4985,4663,2402,2682
B:AACGA,677,1860,2268,2798,2717,1892,1830,1994,1929,1703,1264,1655,1434,1977,1004,1029,1286,940,1074,859,699,738,416,421
B:AACGC,504,870,1702,1905,1743,1251,1224,1364,1438,1248,901,1216,1065,1392,690,743,843,834,975,631,677,608,325,379
B:AACGG,600,4428,1951,2230,2171,1408,1520,1609,1587,1444,1124,1347,1333,1620,835,836,1066,890,1184,697,819,625,367,428
B:AACGT,798,1964,2786,3679,3398,2559,2369,2621,2529,2389,1572,2047,1830,2507,1342,1260,1570,1173,1383,1197,830,898,542,521
B:AACTA,4227,5904,14234,18615,18529,14716,11962,13935,12909,10995,7549,9813,8985,12842,6787,6619,7136,3816,4764,5705,2594,3450,2149,1426
B:AACTC,4126,2531,15334,18002,17919,12815,11659,13225,12387,10784,7866,10190,9623,13210,6345,7100,7689,5632,6694,5831,4497,4682,2330,2431
B:AACTG,4644,5172,17330,21160,21484,15324,13728,15968,14346,12606,9144,11637,11327,14945,7494,7780,8699,5686,7058,6513,4047,4947,2670,2605
B:AACTT,5012,3259,18973,24543,24659,18820,16033,18411,16473,14452,10189,12830,12045,17304,8855,8740,9537,5596,6908,7854,3778,4897,3034,2295
B:AATAA,9636,13674,35379,47508,46623,37298,30392,35294,32302,27729,18529,24500,22564,33663,17448,16598,17798,10233,12181,15056,6971,8955,5642,3568
B:AATAC,4525,8402,16089,21362,20913,16189,13508,15679,14846,12378,8683,11345,10416,14966,7794,7798,8321,5173,6112,6744,3791,4009,2606,1890
B:AATAG,4621,9382,16696,21303,21433,16836,14030,16207,14755,12889,8740,11259,10644,15575,7818,7844,8255,4595,5574,6882,3153,4214,2652,1750
B:AATAT,8284,71104,28569,40505,39112,32139,25677,29947,28025,23173,15326,20401,18251,28775,15344,13419,14114,7890,9127,13014,4971,6912,4780,2504
B:AATCA,5579,7914,19803,25777,25790,19600,16529,18814,17245,15338,10305,13787,12491,18001,9511,9158,9993,5964,7044,8186,4072,5247,3260,2447
B:AATCC,4138,8179,15812,18592,18062,13107,11825,13068,12518,10818,8034,10276,9864,13334,6280,7326,7801,5924,7343,5841,4945,4668,2494,2621
B:AATCG,633,12265,2083,2588,2358,1682,1604,1803,1752,1647,1212,1482,1308,1891,970,1030,1103,923,1149,825,870,684,387,392
B:AATCT,5107,4243,18718,24168,24296,18063,15727,17979,16308,14248,9936,12840,12045,17066,8472,8819,9460,5911,7036,7555,4190,4945,3008,2275
B:AATGA,6957,10390,24916,32056,32693,24690,20838,23467,21680,19317,13361,17358,16024,22883,11712,11454,12484,7754,9071,10062,4776,6607,4130,3089
B:AATGC,4179,10640,14898,18734,19079,13909,12570,13998,12571,11403,8078,10398,9459,13333,6782,6857,7490,4919,5803,6060,3433,4298,2525,2170
B:AATGG,5421,73750,18798,22522,23247,16619,15139,16381,15309,14029,10012,12302,12182,16588,7933,8618,9357,6403,7483,7209,4676,5475,2928,2757
B:AATGT,6441,14673,22795,30692,29957,23275,19469,22099,20127,17712,12105,16024,14257,21084,10984,10608,11481,6694,8095,9613,4741,5986,3645,2674
B:AATTA,7131,23699,26294,36271,34788,28420,22992,26928,24679,21007,14171,18797,16666,25605,13530,12892,13300,7677,9420,11629,5422,6567,4433,2804
B:AATTC,5010,10512,18608,24210,24642,18369,15789,18221,16560,14434,10106,13091,12047,17371,8904,8967,9498,5643,6946,7719,4081,4924,3111,2233
B:AATTG,4815,10287,16602,22180,21427,17060,14183,16211,14905,13098,8822,11778,10376,15559,8114,7721,8137,4706,5620,7050,3354,4344,2663,1809
B:AATTT,9739,19013,36260,49948,47888,38788,31468,37077,33858,27901,19509,25553,22608,34729,18409,17655,18410,10355,12635,15847,7574,9039,6050,3813
B:ACCAA,4358,1145,15045,18778,18624,13665,11880,13270,12643,11077,7856,10237,9921,13080,6622,6942,7812,5070,6264,5606,3854,4351,2338,2283
B:ACCAC,3854,2361,15062,16532,16503,11318,10666,11821,12262,10204,7833,9865,10129,12204,5643,6955,7689,6372,7752,5244,5731,4658,2446,3120
B:ACCAG,4130,1448,15919,17587,17302,11422,11213,12496,12027,10490,8274,10236,10598,12843,5834,7081,7953,6335,8045,5414,5563,5163,2465,3509
B:ACCAT,4590,6311,16297,19302,19536,13985,12720,13905,13442,11725,8619,10869,10197,14240,6824,7631,8099,5999,7191,6267,4970,4625,2774,2616
B:ACCCA,4553,4071,17439,18786,18418,12048,12114,13158,13039,11445,8879,10823,11821,13846,6237,7423,8356,7304,8598,5752,6276,5644,2718,3719
B:ACCCC,3510,1989,12683,12818,11869,7333,8006,8459,8806,7448,6358,7584,8369,9704,4002,5129,5824,5735,7401,3746,5869,4227,1946,3305
B:ACCCG,937,1149,3151,3208,2789,1806,2154,2101,2266,1965,1671,1925,2125,2351,1049,1334,1590,1760,2241,933,1784,1160,593,948
B:ACCCT,3611,1094,13968,14521,14741,9465,9538,10437,10037,8894,7014,8731,9197,11006,4756,5807,6735,5814,7257,4435,5020,4426,2212,3170
B:ACCGA,500,915,1813,1983,1727,1223,1275,1395,1521,1228,941,1135,1239,1368,684,741,921,884,1088,606,722,609,328,465
B:ACCGC,682,69,2495,2374,2005,1458,1511,1649,1771,1518,1186,1585,1606,1789,839,1066,1105,1203,1667,687,1257,834,433,698
B:ACCGG,526,1595,1865,1939,1735,1023,1164,1205,1261,1177,938,1158,1340,1387,684,785,886,996,1196,561,986,601,315,579
B:ACCGT,589,1286,2386,2572,2423,1649,1694,1851,1868,1618,1239,1549,1574,1963,931,984,1293,1235,1416,839,1086,763,430,587
B:ACCTA,3014,3683,10509,12597,12859,9369,8425,9313,8733,7498,5382,7008,6821,9294,4658,4884,5180,3193,3955,3993,2420,2884,1577,1430
B:ACCTC,4115,1989,16932,17969,17721,11812,11897,12650,12350,10583,8411,10719,10743,13775,6139,7762,8454,7446,9412,5641,6891,5424,2587,3648
B:ACCTG,4439,2182,18303,19981,19201,12415,12402,13351,13286,11951,9233,11440,11746,14600,6615,8050,9237,7854,10058,6047,7227,5878,2866,4220
B:ACCTT,3940,6578,14847,17557,17798,12176,11169,12960,11681,10451,7627,9721,9669,12667,6133,6582,7430,5218,6770,5394,4067,4481,2314,2543
B:ACTAA,4016,2211,14292,18412,18266,14086,12022,13912,12610,10814,7576,9813,9115,13169,6787,6782,7399,4422,5368,5729,3330,3659,2294,1774
B:ACTAC,2590,3817,9201,11197,11216,8232,7194,8373,7817,6608,4837,6230,5777,8072,3954,4494,4643,2840,3736,3482,2455,2454,1362,1239
B:ACTAG,2592,3524,8889,10829,11343,8270,7087,8026,7273,6392,4819,5830,5833,7587,3737,4050,4371,2578,3412,3354,1897,2417,1371,1170
B:ACTAT,3654,9345,13289,16865,16807,13566,11086,12617,11742,9980,6940,8843,8314,11932,6165,6218,6448,3669,4309,5288,2513,3204,1978,1354
B:ACTCA,4303,1842,16691,19338,19426,13780,12685,14127,13004,11786,8656,10859,10711,14025,6775,7248,8126,6076,7067,6078,4683,5015,2737,2775
B:ACTCC,4184,6623,16219,16847,16507,11004,10854,12062,12154,9916,7850,10055,10050,12999,5765,7294,7766,6806,8629,5409,6413,5227,2472,3294
B:ACTCG,656,4561,2430,2694,2327,1691,1725,1802,1844,1601,1279,1600,1607,1934,888,1129,1281,1251,1576,836,1185,852,403,637
B:ACTCT,4328,4413,17038,19737,20099,14061,13233,14635,13387,11985,8822,11176,10862,14594,6968,7672,8477,6102,7483,6261,4805,5158,2519,2818
B:ACTGA,4507,2705,17639,21144,21533,15255,13929,15589,14246,12659,9263,11653,11472,15025,7522,7576,8770,5921,7120,6522,4203,5027,2709,2856
B:ACTGC,4162,4102,16572,17997,17998,12135,11803,13072,12537,10932,8346,10610,10454,13324,6331,7542,8420,6853,8581,5699,5909,5143,2501,3371
B:ACTGG,4016,7409,15359,17397,17529,11579,11053,12454,11634,10317,8154,10010,10272,12352,5939,6788,7625,5642,6997,5249,4889,4896,2450,3122
B:ACTGT,4492,4919,17205,21268,21139,14848,13647,15178,14296,12380,9085,11714,11561,14850,7305,7670,8793,5866,7268,6655,4450,4819,2638,2818
B:ACTTA,3961,2060,14429,18327,18683,14270,12117,13858,12603,10929,7696,9771,9558,13056,6709,6422,7110,4153,4897,5920,2691,3597,2201,1633
B:ACTTC,4116,1721,15439,18738,18675,13568,12089,13571,12616,11278,8227,10242,10024,13273,6568,6955,7500,5030,6433,5835,3863,4545,2465,2467
B:ACTTG,4029,1082,15448,18066,18469,13092,12289,13356,12518,11088,7938,10256,9853,13339,6389,6987,7874,5552,6983,5932,4208,4713,2385,2592
B:ACTTT,6609,3187,24952,32259,31739,24115,20707,23686,21879,18351,13386,17227,15723,22773,11528,11768,12881,7943,9879,10221,5686,6741,4011,3201
B:AGCAA,5576,5046,20735,25000,24940,18236,16198,18051,16842,15122,10769,13851,13228,17921,8684,9413,10358,6918,8419,7943,5104,6182,3269,3191
B:AGCAC,3586,3044,14906,16398,16259,11128,10755,11746,11215,10019,7640,9657,9643,11987,5692,6452,7429,5975,7586,5207,4745,4771,2438,3168
B:AGCAG,5322,3654,21553,23594,23625,15413,15338,16739,15879,14070,10966,13897,14541,16990,7865,9230,10738,8749,10884,7201,6381,6938,3487,4966
B:AGCAT,4449,1287,16607,19981,20736,14743,13236,14781,13706,11951,8774,11123,10654,14324,6971,7327,8093,5502,6652,6441,3805,4758,2612,2622
B:AGCCA,5878,1542,22970,24325,24134,16301,16083,17097,16673,14622,11524,14587,14557,18426,8323,10226,11002,9554,11627,7677,8008,7470,3604,5024
B:AGCCC,3664,1662,14939,14676,14119,8353,9636,9715,9803,8890,7562,9306,10500,11000,4735,5910,6964,6825,9028,4400,6267,5335,2389,4118
B:AGCCG,1032,224,4267,4181,3525,2368,2565,2659,2970,2478,2073,2638,2606,3147,1423,1771,1983,2303,2868,1254,2254,1488,753,1208
B:AGCCT,5688,4328,23475,24251,23627,15535,15819,16921,16852,14524,11641,14548,15067,18680,8081,10474,11483,10289,13363,7633,9519,7827,3518,5321
B:AGCGA,873,1639,3292,3408,2998,2189,2054,2271,2413,2089,1652,2068,2017,2531,1101,1469,1606,1541,2055,1045,1723,1072,512,834
B:AGCGC,616,864,2459,2382,2052,1341,1523,1652,1748,1493,1218,1607,1614,1686,801,988,1055,1283,1558,669,1254,864,399,722
B:AGCGG,921,184,2979,2808,2407,1618,1880,1944,2110,1814,1492,1850,2002,2140,912,1170,1332,1708,2083,824,1487,1036,468,867
B:AGCGT,564,781,2346,2535,2283,1527,1593,1742,1843,1664,1213,1541,1463,1766,895,975,1157,1298,1372,862,901,770,452,575
B:AGCTA,3841,2627,14642,16835,17112,12256,11094,12445,11572,9926,7308,9484,9108,12516,6018,6944,7277,5215,6624,5321,4162,4246,2173,2164
B:AGCTC,3693,382,15458,16519,16261,10590,10956,11475,11269,10244,7741,9638,10292,12250,5509,6459,7562,6127,8106,5082,5168,5017,2451,3386
B:AGCTG,5460,2974,22901,24300,23891,15518,16427,17066,16927,14551,11404,14644,14890,18034,8160,10215,11465,10131,12804,7497,7997,7515,3565,5420
B:AGCTT,4425,319,16720,19765,20004,14138,12933,14551,13485,11661,8759,10962,10968,14252,6924,7528,8344,5823,7214,6182,4031,4864,2579,2729
B:AGTAA,4449,2164,16867,21579,22192,16769,13949,16378,14760,12756,8870,11602,10641,15211,7832,7821,8379,4871,5687,6947,3159,4267,2729,1968
B:AGTAC,2375,3292,8229,10329,10303,7586,6590,7583,7394,6095,4427,5505,5652,7185,3629,3926,4226,2707,3185,3127,2052,2213,1324,1128
B:AGTAG,3976,2756,14726,17152,17276,12489,11065,12754,11809,10135,7617,9638,9227,12681,6079,7003,7331,5165,6740,5371,4461,4247,2135,2213
B:AGTAT,3959,8471,13740,18141,18158,14060,11741,13722,12542,10587,7501,9532,9094,12651,6563,6560,7154,3896,4756,5666,2563,3308,2210,1495
B:AGTCA,4182,2816,15679,18713,18844,13368,12454,13611,12416,11324,8348,10376,10119,13453,6637,6967,7664,5405,6386,5802,4011,4715,2446,2625
B:AGTCC,2947,10396,12027,12769,12745,8346,8456,8808,8573,7718,5997,7507,7694,9389,4221,4958,5696,4377,5963,3752,4097,3670,1786,2570
B:AGTCG,468,2081,1659,1764,1601,1111,1129,1187,1231,1080,868,1078,1047,1342,574,695,798,782,879,554,670,519,316,387
B:AGTCT,4240,1563,16830,19086,19522,13782,12637,13645,13187,11561,8723,10746,10732,13990,6667,7472,8133,5862,7265,6167,4808,4874,2519,2600
B:AGTGA,5399,4727,21561,25155,24989,17651,16381,18246,17260,15040,11059,14027,13636,18563,8771,9913,11055,8211,10520,7914,6940,6593,3366,3811
B:AGTGC,3506,2371,14485,15712,15486,10538,10358,11357,10785,9403,7433,9290,9127,11788,5491,6430,7331,6105,7751,5107,5200,4716,2219,3078
B:AGTGG,4696,3558,18038,20187,19770,13224,13165,13978,13718,11893,9317,11755,12299,14861,6763,8035,9057,7351,8990,6282,6258,5914,2874,3836
B:AGTGT,4008,2463,15380,18211,18268,12952,12208,13502,12373,10590,7949,10358,9923,12880,6624,6570,7592,5248,6185,5876,4043,4454,2396,2651
B:AGTTA,3872,7967,14059,18244,18257,14175,11774,13793,12328,10645,7422,9628,8895,12890,6619,6580,6984,3961,4926,5796,2560,3602,2288,1632
B:AGTTC,3933,2555,14879,17397,17425,12508,11429,12889,11949,10557,7700,9811,9373,12651,6050,6582,7379,5166,6342,5531,3943,4328,2270,2289
B:AGTTG,3568,2499,12948,16067,15954,11510,10598,11806,10704,9337,6938,8636,8454,11228,5442,5792,6541,4367,5203,4927,3214,3726,2018,1865
B:AGTTT,6642,3845,24008,30619,30962,23484,19592,23062,21144,18303,12694,16404,15273,21549,11376,11295,12165,7247,8967,9654,5207,6328,3608,2974
B:ATCAA,4782,8199,16073,21691,20944,16310,13798,15395,14553,12615,8494,11188,10406,14692,7822,7526,7973,4644,5548,6803,3105,4197,2712,1849
B:ATCAC,3903,4123,14779,18067,17879,12499,11377,12874,12640,10921,7649,10075,9411,13214,6289,7062,7571,5855,6797,5623,4871,4426,2512,2570
B:ATCAG,4111,403,15248,18134,18711,12844,11930,13044,12372,10901,7919,10362,9910,13035,6503,6682,7653,5068,6151,5774,3837,4333,2474,2442
B:ATCAT,5157,15042,17729,22881,22959,17676,14824,16557,15449,13876,9556,12378,11181,16243,8245,8243,8747,5686,6537,7157,3755,4640,2941,2222
B:ATCCA,4444,6956,15868,18691,18815,13412,12622,13574,12911,11570,8560,10630,10866,13567,6540,7192,7765,6030,6603,5975,4669,4740,2792,2625
B:ATCCC,3817,4264,14415,15535,15206,10279,10279,10833,10700,9090,7294,8927,9052,11807,5174,6312,6969,6061,7369,4865,5646,4475,2204,2923
B:ATCCG,515,78,1899,2086,1924,1287,1284,1440,1459,1340,1011,1271,1289,1485,690,822,942,1135,1201,647,937,643,332,450
B:ATCCT,4549,4401,17044,19216,19495,13760,12433,13940,13279,11752,8590,10959,11179,14137,6734,7569,8169,6020,7470,6003,4889,4900,2573,2859
B:ATCGA,523,11026,1791,2128,1911,1395,1287,1546,1467,1279,935,1148,1048,1452,746,755,924,650,926,669,596,532,305,341
B:ATCGC,672,2489,2405,2575,2178,1660,1598,1739,1893,1598,1228,1544,1474,2005,855,1081,1177,1127,1429,778,1197,789,391,573
B:ATCGG,433,129,1391,1509,1348,991,960,1022,1131,1100,780,939,918,1098,504,556,671,665,758,509,596,447,232,319
B:ATCGT,585,654,2089,2523,2433,1712,1576,1718,1786,1624,1149,1442,1282,1848,943,923,1129,954,1097,803,733,672,363,456
B:ATCTA,3951,4745,13258,17214,17324,13480,11308,12901,11967,10301,7208,9120,8594,12203,6326,6146,6661,3923,4435,5405,2489,3381,2178,1490
B:ATCTC,4918,3242,18450,20915,21183,14904,14161,15325,14601,12931,9563,11915,11616,16095,7277,8559,8995,7044,8475,6723,6028,5583,2821,3083
B:ATCTG,4708,2072,17831,21036,21497,14964,14144,15205,14083,12609,9368,11925,11592,15322,7238,7817,8935,6233,7734,6538,4858,5417,2819,2955
B:ATCTT,5483,5115,20134,25452,25559,19206,16637,18970,17368,15273,10591,13871,13012,18399,9143,9523,10145,6247,7610,8038,4432,5349,3260,2569
B:ATTAA,6528,7285,23677,32981,32246,25876,21316,24814,22168,18951,12635,17026,14912,23008,12113,11440,11952,6587,7970,10538,4158,5909,3927,2348
B:ATTAC,3861,15483,14620,18612,18401,14201,11848,13619,12676,10834,7584,10073,9062,13504,6845,7063,7430,5106,6004,6030,3985,3885,2385,1921
B:ATTAG,4077,5362,15070,19161,18885,14559,12268,14282,13095,11230,7920,10216,9573,13848,6958,7164,7520,4806,5820,6144,3547,4022,2416,1913
B:ATTAT,6759,67188,24868,33879,33161,27317,21748,25095,23328,19787,13273,17580,16403,24279,12678,11689,12328,6978,8064,10808,4337,6018,3992,2332
B:ATTCA,6302,10540,21667,28241,28449,21269,18266,20460,19001,16748,11573,14978,13894,20034,10140,9919,10600,6608,7633,8814,4531,5693,3504,2602
B:ATTCC,4325,73334,15885,18728,19286,13708,12618,14155,12788,11485,8251,10333,10330,13480,6710,7196,7868,5028,6409,6067,4056,4495,2540,2362
B:ATTCG,552,16006,1775,2233,2127,1440,1379,1513,1468,1312,933,1265,1150,1594,812,808,923,689,820,692,522,540,315,292
B:ATTCT,6936,16013,25282,31853,32315,24189,20747,23804,21791,19142,13534,17244,16436,23067,11437,11893,12630,8032,9658,10117,5966,6752,4048,3298
B:ATTGA,4505,10746,15511,20285,19684,15613,13106,14619,13710,11920,7971,10624,9673,14249,7211,7100,7378,4385,5053,6448,2956,3974,2553,1667
B:ATTGC,3571,8385,12567,15522,15474,11577,10128,11289,10462,9775,6668,8372,8260,11325,5647,5747,6438,4144,5173,5084,3254,3674,1980,1742
B:ATTGG,3540,6853,11635,14462,14472,10530,9333,10403,9764,8756,6251,7910,7656,10095,5119,5328,5723,3684,4372,4531,3003,3240,1873,1578
B:ATTGT,4861,11884,17180,22588,22088,17522,14600,16607,15218,13503,9276,12048,10910,16098,8310,8008,8470,5095,5954,7203,3567,4452,2794,1903
B:ATTTA,8256,15209,30232,41749,41225,32547,26720,31068,28517,23731,16204,21430,18933,29697,15186,14414,15642,8635,10241,13143,5389,7480,4897,2938
B:ATTTC,7192,11003,25940,34057,33809,26325,22236,25077,23304,20325,13865,18212,16368,23919,12687,12257,12976,7688,9259,10685,5277,6807,4341,3067
B:ATTTG,6749,11143,23834,32215,31541,23745,20189,23177,21190,18637,12736,16785,15123,22284,11412,11251,11921,7314,8552,10066,4788,6404,4007,2821
B:ATTTT,14205,21679,52580,71845,69185,55632,45231,53213,48984,41004,28262,37100,32542,49943,26741,25504,27214,15997,19666,22931,11700,13535,8752,6026
B:CACAA,4861,5138,17453,21729,21804,15819,14012,15740,14725,13198,9355,11947,11310,15433,7677,7882,8873,6125,7125,6680,4575,5009,2935,2701
B:CACAC,5248,2255,21766,24588,23714,16042,14950,16836,16857,14803,11401,14390,13463,18085,8219,8710,10548,8982,10603,8683,7743,6878,3711,4648
B:CACAG,5662,5389,23036,25762,25517,16872,17174,17971,17578,15936,12009,15443,15451,18518,8635,9579,11576,9732,11663,8100,7785,7454,4061,5393
B:CACAT,5444,8110,19813,24019,24391,17653,15886,17576,16506,15100,10402,13367,12465,17614,8584,8952,9803,6672,7753,8002,5264,5764,3233,3109
B:CACCA,5291,3852,20822,22843,22125,15197,14584,16086,16566,14017,10705,13536,13484,16859,7795,9629,10236,9287,11180,7221,8434,6670,3455,4491
B:CACCC,4276,4135,15932,16420,14968,9182,9843,10621,11156,9386,8179,9412,10595,12029,5065,6281,7364,7838,9285,4714,7030,5466,2625,4281
B:CACCG,908,126,3637,3730,3106,2160,2240,2559,2860,2370,1888,2327,2494,2718,1332,1602,1752,2061,2535,1138,1955,1280,666,1090
B:CACCT,4720,1459,19632,21081,20212,12979,13215,14392,14476,12440,9745,12305,12571,15708,7076,8753,9893,8904,11097,6390,8038,6580,3141,4676
B:CACGA,775,834,2885,3205,2968,2109,2072,2208,2440,2101,1530,1867,1938,2335,1162,1302,1531,1470,1795,1056,1335,947,515,759
B:CACGC,1121,138,4484,4579,3831,2681,2782,3057,3519,2729,2294,2933,2902,3519,1586,2043,2307,2680,3226,1547,2481,1619,824,1238
B:CACGG,949,1934,3744,3955,3424,2199,2564,2477,2758,2533,1955,2454,2590,2820,1356,1483,1839,2235,2491,1159,1914,1334,799,1170
B:CACGT,1054,993,3793,4512,4053,2800,2904,3055,3195,3229,2132,2680,2526,3160,1660,1837,1988,1963,2256,1469,1578,1279,842,980
B:CACTA,2886,1276,10592,12707,13051,9504,8621,9607,8715,7547,5584,7111,6714,9343,4667,4880,5167,3277,4140,4067,2532,2918,1605,1484
B:CACTC,3813,5540,15394,16504,16110,10915,10868,11838,11321,9964,7709,9644,9842,12300,5745,6610,7566,6589,7961,5222,5642,5080,2440,3260
B:CACTG,5678,4640,23082,26202,25553,16883,16834,18091,17580,15409,11944,15201,15528,18889,8795,10311,11900,9589,11944,8244,8393,7410,3674,5149
B:CACTT,5232,1663,20381,23840,23794,17059,15784,17543,16509,14005,10515,13470,12894,17555,8439,9147,10400,7453,9393,7645,5869,6267,3134,3477
B:CATAA,4586,19568,15901,21226,21297,16658,13684,15705,14115,12456,8630,11257,10115,15083,7845,7490,8005,4360,5352,6743,3142,4059,2578,1694
B:CATAC,2713,7832,9751,12214,12380,9100,7840,8824,8145,7329,5335,6754,6279,8460,4429,4465,5025,2984,3709,3858,2363,2659,1528,1288
B:CATAG,3296,7477,11933,14155,14661,10930,9419,10437,9778,8599,6163,7939,7604,10599,5044,5415,5681,3813,4514,4491,2854,3314,1814,1661
B:CATAT,5368,38577,18018,23532,23271,18525,15092,17592,16392,13934,9454,12395,10935,16570,8636,8270,8661,4994,5799,7588,3337,4311,2730,1852
B:CATCA,4803,1646,17097,21110,20945,14579,13312,14589,14287,12643,8901,11574,11303,14752,7096,7513,8367,6274,7165,6605,4584,4976,2914,2776
B:CATCC,3885,2959,14166,15006,15027,9798,10154,10847,10318,9344,7326,9061,9587,11406,5140,5894,6729,6335,7007,4811,5181,4595,2401,3118
B:CATCG,578,724,2128,2316,2062,1516,1441,1536,1729,1593,1143,1454,1372,1684,795,803,1020,1033,1162,692,798,704,363,608
B:CATCT,5668,5556,20899,24001,24651,16963,16048,17435,16448,14721,10987,13840,13525,17880,8368,9253,10213,8004,9414,7419,6096,6455,3349,3721
B:CATGA,4754,4114,17553,20886,21216,15558,13782,15230,14305,12784,9386,11864,10997,15267,7419,7885,8549,6096,7186,6508,4889,5138,2954,2843
B:CATGC,3678,1983,14866,16463,16413,11382,10676,11916,11447,10076,7624,9635,9278,12536,5777,6569,7355,5952,7042,5372,4824,4653,2459,2931
B:CATGG,4716,6027,18308,19603,20030,13591,12966,14010,13640,12122,9491,11719,11446,14977,6792,7990,8699,7478,8655,6418,6150,5637,3063,3803
B:CATGT,5174,9582,18851,22741,23291,16926,14844,16845,15950,14187,9928,12620,12020,16688,8152,8681,9360,6754,7845,7435,5273,5597,3120,3038
B:CATTA,4482,11678,15905,21202,21360,16459,13736,15785,14105,12444,8607,11321,10182,14924,7738,7495,8131,4607,5471,6697,2928,4179,2571,1790
B:CATTC,4966,72600,17519,20965,21414,15375,14016,15169,14025,12856,9232,11527,11213,14982,7356,7856,8603,5869,6868,6568,4460,4955,2798,2698
B:CATTG,4272,10880,14758,18163,17985,13599,11887,13181,12192,11162,7835,10020,9414,13103,6409,6675,7199,4846,5732,5936,3632,4199,2421,2095
B:CATTT,9279,14295,33234,43690,44229,33061,28377,31815,29376,26010,17888,23226,21126,30884,15914,15522,16880,10445,12384,13749,6617,9031,5442,4112
B:CCCAA,4951,2132,18636,20547,20049,13317,13406,14404,13913,12154,9442,11951,12192,15215,6897,8343,9212,7204,9496,6357,6669,6100,2965,3840
B:CCCAC,4452,2651,17513,18605,17275,10778,11690,12016,12403,10757,8948,10942,11849,13271,5809,7006,8368,8153,10105,5447,7359,5901,2968,4613
B:CCCAG,7482,5016,31780,31266,29397,18018,19997,20815,22150,18359,15902,19725,20811,24588,10189,13616,15260,15391,19939,9532,15074,11209,4771,8599
B:CCCAT,4445,4911,15944,16974,17325,11513,11205,12154,11597,10600,8238,9828,10443,12972,5604,6789,7561,6368,7378,5410,5488,5019,2421,3199
B:CCCCA,5424,1825,21333,21977,20286,12267,13776,14215,14272,12616,10870,13162,14484,16288,6643,8527,9975,9636,12470,6434,9485,7274,3324,5724
B:CCCCC,3332,263,12386,12989,10713,6673,7475,7913,8347,6750,6177,7602,8266,9803,3839,4853,5601,6089,8117,3629,6315,4267,2063,3496
B:CCCCG,1524,333,5178,4901,3917,2614,2981,3248,3655,3046,2737,3180,3536,3637,1628,2070,2279,3206,3886,1373,3239,1857,1031,1655
B:CCCCT,4043,1957,16081,15419,15095,9038,10459,10738,10730,8958,7824,9586,10794,12034,4946,6237,7288,7395,9327,4550,6753,5523,2432,4296
B:CCCGA,911,107,3271,3317,2647,1828,2094,2169,2297,2121,1677,2019,2124,2386,1077,1362,1595,1844,2218,1017,1834,1131,501,942
B:CCCGC,1550,338,4925,4634,3740,2524,2835,3138,3445,2731,2540,2803,3317,3432,1509,2070,2140,2846,3527,1279,2964,1860,904,1477
B:CCCGG,1630,268,6226,5933,4932,3152,3661,3835,4240,3533,3166,3828,4100,4474,1932,2582,2875,3612,4707,1692,3844,2168,1099,1989
B:CCCGT,829,1091,3010,3073,2736,1807,2162,2098,2300,1989,1686,2010,2001,2322,1110,1323,1545,1767,2071,916,1731,1090,648,937
B:CCCTA,2734,1812,9954,10676,11262,7312,7200,7854,7127,6424,4935,6065,6516,7959,3621,4218,4725,3436,4634,3314,2897,2968,1455,1762
B:CCCTC,4557,2256,17899,17260,16939,10468,11547,12110,11774,10416,8828,10885,12050,13608,5474,6984,8131,8301,10303,5152,7657,6310,2946,4795
B:CCCTG,5104,2419,21192,20779,20062,11920,13445,13912,14448,12568,10758,13362,14511,16039,6707,8398,9884,10057,12728,6285,8889,7361,3420,6268
B:CCCTT,4588,4765,16902,17772,18704,12104,11984,13083,12064,10834,8497,10536,11124,13443,6221,6915,8248,6280,7895,5619,5359,5246,2555,3356
B:CCTAA,3350,3486,12527,14922,15078,10978,9823,10961,10275,8805,6356,8225,7966,10728,5351,5528,6140,3775,4939,4762,2830,3384,1911,1719
B:CCTAC,2472,1094,9036,9735,10180,6659,6435,7308,6672,5825,4464,5578,5926,7348,3447,3926,4263,2993,4007,3068,2456,2621,1266,1488
B:CCTAG,3001,947,11100,12043,12352,8263,8239,8591,8065,7366,5492,7001,7485,8951,4017,4992,5310,3879,5136,3741,3270,3389,1633,1990
B:CCTAT,2971,4026,10684,12683,13229,9587,8552,9576,8660,7672,5543,7095,6976,9443,4502,4973,5257,3235,4130,4042,2617,2848,1592,1496
B:CCTCA,5689,5603,22973,23844,24441,15618,16214,17181,16299,14429,11530,14119,14935,18172,8134,10010,10993,9758,12245,7519,8939,7419,3498,5300
B:CCTCC,6974,3416,27885,28070,25894,16708,17780,19144,19498,16371,13828,17019,18244,22166,9086,12035,13359,13566,17717,8490,13616,9818,4504,7255
B:CCTCG,1180,113,4350,4329,3741,2512,2739,2811,3241,2563,2263,2779,3040,3249,1474,1882,2229,2466,3018,1339,2491,1684,734,1354
B:CCTCT,5750,1637,22890,23648,23978,15667,15927,17133,16048,14494,11253,14333,15078,17914,7788,9342,10923,9109,11736,7377,7771,7467,3465,4965
B:CCTGA,5160,1580,20941,22021,21687,14127,14218,15401,15006,13253,10341,12852,13409,16449,7333,8826,9960,8401,10777,6768,7580,6577,3147,4559
B:CCTGC,4670,2312,19570,20261,19133,11708,13051,13497,13898,12143,10111,12560,13521,15387,6636,8071,9731,9783,12045,6262,8379,7025,3368,5705
B:CCTGG,6781,3489,29202,28452,26528,16226,18034,18578,19769,16754,14408,17680,19216,21953,9080,12225,13953,13839,17853,8615,13430,10084,4428,8190
B:CCTGT,5200,6826,21060,22604,21696,14619,14519,15843,15752,13611,10628,13411,13471,16982,7781,9445,10620,9103,11574,7099,8494,6857,3428,4858
B:CCTTA,3317,2638,11985,14045,14875,10242,9366,10641,9524,8587,6043,7832,7870,10016,5113,5331,6014,3661,4771,4528,2934,3274,1845,1607
B:CCTTC,5166,4987,19951,20781,21136,14195,13836,15185,14037,12943,9652,12466,12909,15857,7059,7966,9233,7542,9600,6515,6313,6315,3097,4041
B:CCTTG,4392,3411,16998,18205,18616,12135,11963,13145,12245,11114,8638,10692,11275,13572,6106,7146,8346,6537,8335,5737,5271,5571,2522,3774
B:CCTTT,6410,16332,23139,27419,28347,19778,17733,20275,18489,16446,12065,15181,14944,19731,9801,10292,11602,7624,9726,8408,5847,6771,3534,3411
B:CGCAA,512,206,1733,2062,1937,1279,1339,1485,1416,1331,922,1170,1136,1530,684,765,926,891,953,636,735,595,293,414
B:CGCAC,794,196,2438,2519,2088,1475,1408,1740,2012,1519,1288,1583,1599,1842,816,1087,1296,1351,1667,729,1299,915,452,703
B:CGCAG,868,866,3562,3642,2926,1989,2135,2454,2703,2202,1867,2355,2389,2538,1207,1404,1699,2007,2376,1050,1919,1318,665,1072
B:CGCAT,498,1069,1824,2076,1908,1421,1300,1449,1499,1289,1029,1290,1187,1545,763,860,956,911,1107,671,789,637,354,450
B:CGCCA,1143,2787,4046,4111,3348,2405,2395,2717,2894,2378,1972,2422,2563,3053,1377,1800,2035,2090,2742,1169,2172,1420,698,1188
B:CGCCC,1353,179,5099,5000,4015,2707,2978,3234,3647,2867,2664,3049,3273,3535,1592,2317,2456,2957,3835,1466,3245,1903,933,1482
B:CGCCG,494,64,1912,1822,1388,1059,1070,1395,1275,1059,1011,1111,1200,1184,614,804,787,1000,1457,482,1034,768,389,524
B:CGCCT,1557,192,5862,5698,4807,3273,3468,3783,4176,3286,2756,3391,3652,4483,1898,2589,2841,3216,4140,1675,3330,2093,892,1602
B:CGCGA,221,92,839,853,615,465,618,523,591,452,393,540,502,577,251,348,404,402,531,229,471,286,157,206
B:CGCGC,624,177,2027,2198,1590,1064,1237,1458,1459,1189,1087,1216,1349,1354,632,974,996,982,1387,532,1063,807,419,569
B:CGCGG,625,171,2140,1890,1434,1036,1237,1421,1365,1099,1101,1220,1227,1296,669,888,840,1142,1344,509,1082,778,393,566
B:CGCGT,162,76,825,731,579,395,500,525,627,506,363,478,494,511,252,329,338,469,536,230,442,278,140,203
B:CGCTA,404,62,1346,1466,1301,932,944,1045,1047,914,663,889,791,1016,542,569,592,568,677,464,520,412,237,311
B:CGCTC,863,175,2957,2964,2567,1764,1838,2005,2148,1764,1539,1928,2038,2183,949,1273,1360,1675,2084,894,1644,1049,470,851
B:CGCTG,917,814,3826,3690,3150,2156,2414,2466,2735,2503,1920,2387,2467,2661,1219,1475,1782,2151,2498,1055,1880,1345,696,1141
B:CGCTT,789,2417,2947,3011,2721,1823,1853,2092,2185,1879,1455,1861,1800,2263,999,1284,1417,1436,1809,988,1321,936,428,695
B:CGTAA,466,486,1810,2222,2236,1536,1433,1637,1476,1358,952,1327,1197,1546,843,798,978,651,815,736,523,526,332,295
B:CGTAC,316,882,1110,1313,1238,843,791,897,900,792,600,760,756,831,487,511,596,515,540,409,432,332,185,246
B:CGTAG,457,363,1624,1843,1803,1150,1236,1408,1314,1149,871,1086,1051,1391,621,702,850,685,848,592,582,488,276,377
B:CGTAT,496,5285,1829,2492,2461,1741,1459,1782,1674,1613,1040,1346,1229,1733,962,970,1063,690,857,810,504,478,321,320
B:CGTCA,633,991,2214,2393,2130,1437,1466,1665,1732,1595,1145,1473,1464,1684,815,862,1052,1222,1196,774,866,691,390,557
B:CGTCC,634,928,2383,2376,1952,1316,1530,1593,1759,1668,1233,1525,1553,1715,858,958,1136,1501,1569,713,1349,860,469,778
B:CGTCG,161,13,612,624,449,328,380,450,465,459,330,369,365,369,173,257,270,347,451,202,339,227,122,185
B:CGTCT,973,356,3584,3890,3520,2469,2493,2659,2839,2384,1881,2551,2345,2941,1389,1655,1897,1925,2288,1303,1853,1250,651,921
B:CGTGA,1059,1405,3981,4530,3938,2870,2842,2978,3161,2860,2091,2646,2505,3255,1582,1870,2063,2113,2608,1446,1929,1327,769,1031
B:CGTGC,792,376,3124,3376,2924,1877,2147,2243,2523,2107,1641,2091,2063,2476,1191,1382,1624,1846,2174,1047,1611,1085,621,911
B:CGTGG,1165,413,4443,4580,3944,2665,2910,2999,3482,3049,2366,2940,3191,3310,1612,1955,2225,2716,2969,1463,2323,1636,891,1364
B:CGTGT,884,1705,3357,3764,3472,2376,2423,2577,2747,2574,1813,2259,2199,2793,1379,1459,1753,1672,2021,1275,1450,1129,699,841
B:CGTTA,516,1165,1552,2062,1978,1466,1300,1457,1457,1282,903,1183,1065,1472,731,703,867,614,730,620,445,487,282,243
B:CGTTC,612,3462,2007,2224,2134,1428,1484,1609,1563,1512,1103,1396,1326,1707,775,884,1060,955,1219,696,786,728,407,439
B:CGTTG,581,843,1966,2333,2127,1462,1482,1589,1644,1458,1127,1376,1299,1597,793,880,1034,911,1064,774,808,683,356,491
B:CGTTT,873,3651,3189,3995,3793,2753,2680,2932,2821,2533,1730,2312,1973,2722,1572,1403,1806,1363,1604,1294,989,972,605,575
B:CTCAA,5213,1861,19995,22793,22727,16342,14844,16757,15618,13746,10056,12840,12398,17076,7989,9257,9771,7532,9260,7475,6204,5894,3036,3312
B:CTCAC,4660,4044,18895,19950,19893,13001,13013,14271,14021,12040,9512,11991,11941,15105,6840,8432,9261,8191,10162,6366,7593,6190,3067,4211
B:CTCAG,6104,4420,26008,27105,27095,17722,18081,19353,18523,16535,13281,16069,17095,20660,8946,11268,12688,11238,14092,8364,9883,8762,3933,5935
B:CTCAT,4906,2835,18618,21174,22165,15578,14319,15643,14334,13256,9520,12050,12072,15998,7643,8103,8816,6347,7685,6702,4922,5444,2936,3023
B:CTCCA,5875,6697,23537,24769,24422,15999,16367,17553,17000,15021,11987,14427,15352,18965,8345,10110,11311,9778,12369,7690,8835,7647,3568,5122
B:CTCCC,6448,2764,24884,24866,23565,15054,16016,17196,17255,14564,12126,15347,16127,19740,8156,10531,11627,11897,15116,7672,11363,8730,4014,6319
B:CTCCG,1116,151,4261,4323,3595,2375,2702,2765,3038,2689,2157,2613,2781,3197,1406,1775,2050,2209,3040,1303,2269,1501,757,1172
B:CTCCT,6912,2636,27524,28585,27597,18382,18586,20322,19741,17278,13606,16853,17768,21687,9568,11763,13297,11436,15355,9099,11155,9013,4231,6267
B:CTCGA,790,5911,2789,2947,2684,1818,1853,2094,2174,1824,1459,1761,1789,2224,1010,1233,1463,1360,1795,886,1407,1041,433,648
B:CTCGC,740,52,2903,2984,2422,1740,1904,1959,2168,1732,1520,1898,1894,2129,977,1304,1488,1480,1986,872,1571,998,513,835
B:CTCGG,1377,172,5045,5167,4231,2831,3162,3348,3630,3048,2494,3101,3286,3868,1700,2248,2568,2983,3606,1623,2887,1845,797,1479
B:CTCGT,778,138,2668,2822,2648,1940,1852,1966,2145,1842,1422,1773,1857,2083,1041,1199,1394,1345,1529,905,1227,907,450,744
B:CTCTA,3986,1923,15389,17603,17831,12836,11986,13128,12250,10651,7638,10029,9831,13288,6172,6951,7414,5281,6666,5612,4349,4374,2275,2276
B:CTCTC,6046,995,21670,22777,23229,15515,15504,16577,15375,14291,10965,13467,14274,18048,7766,8933,10387,8040,10197,7093,7420,7098,3176,4287
B:CTCTG,6645,3771,27335,28825,28768,18613,19022,20092,19706,17408,14003,17340,18231,21638,9621,11413,13165,11266,14270,9022,9677,9141,4135,6119
B:CTCTT,6410,4784,23588,27083,28137,19632,18099,19870,18474,16364,12007,15217,14998,20064,9403,10394,11493,7792,9566,8467,6094,6935,3602,3706
B:CTTAA,4682,1880,16548,21359,21692,16446,13909,16297,14493,12419,8916,11367,10583,14940,7795,7672,8449,4762,5905,6863,3112,4305,2691,1912
B:CTTAC,2723,198,10556,12541,12825,9420,8160,9434,8548,7348,5397,6769,6837,8901,4484,4646,5091,3224,4024,4056,2414,2797,1558,1421
B:CTTAG,3101,1075,11895,13987,14458,10290,9418,10280,9450,8517,6072,7896,7647,10012,5081,5183,5803,3818,4723,4337,2696,3288,1790,1766
B:CTTAT,3949,5322,14749,18727,19647,14710,12440,14310,12750,11301,7785,10010,9660,13511,6912,6785,7345,4205,5025,6106,2952,3768,2338,1652
B:CTTCA,5515,3878,20798,25045,25166,18136,16201,17886,16881,15181,10913,13726,13693,17763,8742,9013,10153,6947,8721,7629,5189,5943,3170,3308
B:CTTCC,5853,5035,23518,24737,24758,16618,16486,17806,16822,15110,11630,14774,15178,18608,8316,9605,10924,9022,11086,7865,7302,7388,3718,4711
B:CTTCG,632,1516,2526,2680,2441,1708,1774,1834,1848,1649,1220,1533,1563,1859,853,1006,1158,1024,1450,741,959,803,391,598
B:CTTCT,7076,3160,26070,30441,30611,21553,19571,22245,20390,18284,13525,16770,17196,22213,10533,11462,12615,8665,11286,9581,6702,7791,4005,4302
B:CTTGA,4832,2403,18176,21232,21067,14925,13507,15386,14504,12835,9382,11884,11458,15778,7348,8515,8911,6825,8518,6875,5412,5402,2768,2988
B:CTTGC,3440,2038,13311,14666,15308,10058,10115,10607,9847,9015,6830,8676,8655,10982,4976,5769,6543,4885,6232,4721,3978,4369,2183,2695
B:CTTGG,4645,4655,18333,19537,19697,13089,13179,14059,13465,12182,9141,11615,12073,14888,6712,7982,9046,7440,9515,6060,6000,6226,2841,4054
B:CTTGT,4137,3075,15332,18431,18539,13296,11996,13190,12533,11081,8070,10225,9858,13039,6396,6865,7912,5348,6595,5704,4046,4566,2321,2649
B:CTTTA,5534,2135,20034,26315,26689,20242,17037,19262,17634,15068,10872,13982,12649,18493,9631,9462,10283,5823,7082,8194,3905,5107,3132,2298
B:CTTTC,6416,13543,24010,28186,28914,20554,18302,20817,19013,16988,12159,15587,15363,20510,9848,10365,11542,7786,9702,8813,5937,6870,3728,3476
B:CTTTG,6621,6517,23688,28492,28725,20202,18717,20733,19217,16922,12354,15786,15578,20657,9984,11010,12065,8322,10322,8872,6208,7103,3720,3785
B:CTTTT,9609,5747,34939,44532,44446,33853,28544,33172,31051,26458,18745,24121,22076,31669,16397,16484,18092,10881,13307,14143,7876,9451,5615,4388
B:GACAA,3749,2942,13704,16913,16689,12166,11063,11963,11366,10240,7315,9189,8865,11773,5739,6177,6945,4644,5659,5214,3452,3974,2129,2177
B:GACAC,2837,2700,11062,12185,11975,8148,8030,8550,8344,7578,5502,7050,7228,8882,4385,4500,5195,4656,5240,3770,3801,3404,1898,2287
B:GACAG,4428,4945,18024,18857,18394,12507,12251,13401,13135,11609,9064,11153,11497,14311,6468,7781,8590,7448,9313,5969,6629,5673,2722,4039
B:GACAT,3700,6847,12982,15871,16303,11757,10493,11583,10826,9816,6889,8829,8456,11434,5609,5758,6376,4446,5331,5130,3423,3758,2191,2005
B:GACCA,3147,2499,12488,13519,13350,9037,8771,9511,9593,7979,6279,7971,7857,10044,4612,5510,6482,5027,6587,4174,4669,4055,1941,2811
B:GACCC,2355,2036,9645,9393,8902,5540,6149,6331,6600,5728,4755,5918,6324,7115,2993,3793,4450,4428,5434,2783,4530,3252,1553,2629
B:GACCG,502,1138,1822,1654,1470,952,1044,1091,1239,1089,847,1022,1144,1230,516,647,780,857,1103,497,911,611,302,521
B:GACCT,2949,3063,12082,12746,12914,8273,8662,8962,8625,7849,6131,7688,7804,9739,4234,5174,5895,4862,6517,4000,4467,4001,1892,2655
B:GACGA,545,913,1832,1990,1798,1196,1214,1349,1375,1243,897,1260,1244,1422,712,780,913,929,1039,630,782,618,312,477
B:GACGC,463,133,1820,1918,1481,1060,1144,1273,1458,1171,982,1212,1156,1315,654,735,869,1143,1220,559,977,652,366,527
B:GACGG,821,1146,3231,3127,2681,1838,2001,2114,2393,2040,1663,2017,2075,2422,1103,1374,1583,1841,2123,956,1785,1087,587,916
B:GACGT,571,95,1910,2249,2091,1457,1510,1631,1571,1653,1049,1429,1253,1552,766,843,990,1083,1120,847,863,672,368,521
B:GACTA,2421,3462,8508,10329,10419,7861,6833,7612,7078,6260,4578,5642,5593,7410,3621,4153,4313,2703,3460,3279,2259,2362,1297,1217
B:GACTC,2594,7185,10869,11647,11563,7622,7630,8103,7811,7066,5533,6951,6992,8759,3827,4619,5177,4363,5540,3551,4062,3488,1675,2255
B:GACTG,3111,5918,13189,14110,14174,9357,9227,9949,9492,8463,6604,7910,8258,10287,4927,5338,6235,4798,5936,4324,4012,3958,1941,2578
B:GACTT,3707,291,13620,16238,16549,11767,10988,11585,11025,9893,7220,9202,8744,11718,5724,5980,6562,4557,5550,5118,3251,3968,2154,2129
B:GATAA,3809,4892,14122,17964,18322,13899,11785,13240,12282,10770,7545,9528,9375,12946,6602,6474,7028,4238,4745,5800,2666,3630,2188,1541
B:GATAC,2159,2543,7365,9689,9720,7176,6205,7037,6469,5692,4039,5175,4941,6597,3379,3468,3956,2309,2732,3064,1612,1986,1247,1018
B:GATAG,2506,2224,8756,10540,10978,8237,7235,7841,7442,6580,4595,5816,5779,7916,3841,3982,4329,2712,3201,3368,2051,2328,1336,1135
B:GATAT,3607,12975,12529,16611,16806,13114,10713,12295,11272,9800,6723,8706,7823,11956,6126,5825,6188,3551,3840,5264,2407,2976,2080,1277
B:GATCA,3516,2112,12659,14846,14734,10534,9794,10506,10548,9188,6758,8648,8095,11072,5249,6193,6372,4767,6085,4582,4243,3828,2065,2259
B:GATCC,2466,2447,9143,9701,9492,6510,6613,6839,7003,5970,4675,5796,5941,7408,3360,4093,4402,3776,4778,3088,3651,2935,1457,1856
B:GATCG,609,381,2198,2217,1912,1393,1383,1583,1756,1363,1065,1273,1266,1666,732,955,1113,972,1378,682,1109,698,329,517
B:GATCT,3496,1870,12936,14538,14226,10217,9851,10677,10291,9074,6665,8444,8123,11031,5116,5985,6359,4658,6071,4530,4168,3870,2033,2164
B:GATGA,4311,1840,15569,18239,18542,13068,11921,13171,12502,11115,7979,10337,10241,13527,6433,6639,7460,5762,6631,5728,4000,4561,2530,2590
B:GATGC,2664,2114,9833,11280,11269,7396,7301,7959,7423,6812,5271,6391,6344,7925,3619,4133,4712,4131,4715,3591,2872,3104,1654,2067
B:GATGG,4584,4574,16177,17792,17446,11619,11729,12369,12299,10929,8523,10299,10938,13343,5889,7107,7972,7323,8148,5454,6307,5381,2730,3519
B:GATGT,3376,2357,12721,15120,15430,10776,10010,10913,10562,9446,6587,8896,8262,10931,5457,5583,6187,4436,5254,4755,3479,3688,2116,2044
B:GATTA,3722,4486,14177,17702,17379,13330,11286,13045,12036,10211,7324,9528,8716,12874,6349,6771,7109,4992,6010,5620,3930,3816,2195,1872
B:GATTC,3204,17472,11975,14220,14324,10028,9236,10276,9586,8535,6112,7861,7666,10331,4901,5309,5811,4190,4986,4368,3284,3497,1889,1935
B:GATTG,2892,6399,10440,12459,12437,8951,8042,8886,8443,7649,5323,6785,6654,8797,4434,4692,5104,3507,4213,3996,2811,2965,1696,1455
B:GATTT,5643,4243,19831,26739,26381,20144,17121,19469,17762,15653,10723,14212,12675,18295,9551,9564,10336,6041,7365,8428,4055,5269,3370,2478
B:GCCAA,3939,3583,14730,16376,16324,11229,10690,11877,11077,9967,7570,9421,9227,12208,5696,6635,7315,5701,7201,5158,4638,4613,2357,2907
B:GCCAC,3954,1431,15954,16517,15445,10363,10666,11394,11588,9853,7966,9947,10365,12519,5509,7027,7909,7722,9245,5289,6816,5513,2569,4211
B:GCCAG,4742,3551,19971,19784,19122,11757,12838,13112,13377,11493,9884,12194,13032,14750,6344,8326,9552,8903,11393,5925,7899,6729,3141,5397
B:GCCAT,3691,4787,13435,15484,15581,10657,10237,11057,10327,9471,7126,8908,8739,11433,5340,6042,6668,5505,6356,4736,4179,4261,2159,2637
B:GCCCA,4367,1528,17545,17472,16811,10315,11250,11701,12025,10365,8827,10938,11512,13213,5799,7397,8461,8173,10663,5289,7481,6358,2801,4764
B:GCCCC,3219,219,12900,12057,10804,6272,7888,7760,8348,7122,6625,7874,9208,9023,3608,4829,6012,6645,8514,3501,6405,4663,2121,4107
B:GCCCG,1236,143,4593,4441,3578,2406,2663,2946,3180,2581,2440,2768,3061,3283,1444,2011,2180,2592,3317,1234,2771,1668,781,1425
B:GCCCT,3503,3308,14003,13729,13772,7945,8996,9300,9234,8375,7217,8709,9681,10275,4465,5633,6615,6402,8220,4139,5625,4797,2281,4000
B:GCCGA,928,163,3406,3428,2932,2024,2086,2237,2464,2097,1679,2111,2126,2651,1121,1558,1690,1873,2288,1080,1869,1174,563,932
B:GCCGC,865,103,3756,3481,2754,1898,2100,2433,2505,2156,1901,2261,2343,2376,1152,1438,1572,2241,2487,936,2005,1443,637,1177
B:GCCGG,1168,177,4459,4232,3384,2331,2577,2773,3082,2573,2358,2666,2964,3099,1383,1782,1914,2546,3342,1176,2635,1556,839,1437
B:GCCGT,537,75,2253,2272,1994,1298,1453,1421,1677,1450,1121,1465,1487,1640,783,874,1070,1242,1421,680,1054,759,430,644
B:GCCTA,2364,1741,8749,9772,9857,6826,6602,7130,6628,5754,4312,5554,5772,7259,3308,3899,4359,2892,3914,3056,2462,2565,1222,1445
B:GCCTC,5284,3264,21896,22136,21009,13572,14397,15223,15619,13165,11076,13557,14567,17326,7298,9917,10882,10957,14003,6928,10382,7900,3345,5857
B:GCCTG,5581,2714,24280,24027,22654,14215,15432,16178,16742,14261,11944,14715,15610,18600,7962,10422,11890,11649,14755,7523,11203,8427,3799,6504
B:GCCTT,3986,4892,15225,16666,16746,11050,11068,11874,11035,10091,7725,9791,10098,12058,5691,6493,7481,5622,7357,5147,4598,4767,2345,3064
B:GCTAA,3100,1061,11828,14411,14415,10402,9321,10583,9674,8467,6054,7879,7473,10471,5151,5606,6061,4256,5266,4469,3301,3510,1807,1864
B:GCTAC,2302,1267,8851,9822,9716,6848,6344,7133,6653,5950,4428,5760,5488,7322,3506,4150,4397,3449,4438,3155,2975,2671,1320,1538
B:GCTAG,2343,919,8195,8976,9185,6197,6030,6572,6204,5392,4098,5149,5355,6701,3013,3543,3864,2767,3616,2872,2188,2496,1202,1367
B:GCTAT,2751,1708,10117,12142,12572,9332,8087,8946,8437,7256,5238,6696,6318,8861,4424,4694,4889,2961,3707,3858,2220,2699,1474,1266
B:GCTCA,4322,3257,18363,18776,18426,12289,12069,13185,12878,11483,8956,11205,11517,14580,6288,7994,8756,7859,10139,6092,7053,6081,2792,4073
B:GCTCC,3162,205,13204,13260,12600,7874,8811,8886,8895,8002,6597,7962,8989,9623,4332,5138,6179,5822,7717,4070,5134,4486,2116,3614
B:GCTCG,628,284,2203,2281,1855,1225,1440,1535,1684,1422,1123,1379,1508,1584,722,937,1088,1235,1443,664,1116,797,359,658
B:GCTCT,4076,1509,16489,17520,17582,11452,11669,12378,12117,10437,8384,10428,10992,12933,5855,6767,7947,6217,8245,5409,5037,5198,2589,3459
B:GCTGA,4504,1387,18423,20044,19780,13209,13281,14017,13626,12350,9308,11838,11904,14853,6896,8279,9232,8094,9927,6253,6643,5960,2865,4035
B:GCTGC,3712,3504,15443,16311,15155,10078,10564,11007,11051,9842,7922,9964,10420,11735,5292,6550,7621,7392,8848,5023,5600,5319,2677,4168
B:GCTGG,6090,4545,25906,25637,24070,15378,16501,17485,18473,15256,12860,16045,16738,20028,8467,11654,12508,12657,16395,7880,11844,9042,4103,7029
B:GCTGT,3847,2335,15628,16889,17322,11436,11566,12264,11837,10610,7866,10491,10248,12047,5784,6545,7767,6459,7551,5263,4828,5009,2596,3483
B:GCTTA,2716,257,9841,12086,12468,9119,7926,9056,8143,7057,5111,6595,6403,8795,4267,4536,4918,3178,3850,3749,2218,2764,1479,1423
B:GCTTC,3689,1298,14127,15870,15595,10466,10267,11148,10782,9618,7533,9206,9512,11440,5360,5979,6848,5564,6813,4945,4134,4466,2232,2886
B:GCTTG,3334,3195,12737,14217,13945,9263,9174,9888,9307,8535,6481,8122,8112,10361,4732,5729,6302,5043,6651,4332,4233,4159,2065,2648
B:GCTTT,5013,3821,18919,22716,23302,16699,15051,16774,15554,13453,9783,12682,12209,16321,8006,8463,9494,6299,7668,7210,4314,5506,2990,2810
B:GGCAA,4011,1966,14686,16312,16623,11226,10929,11661,10946,9953,7421,9615,9817,12200,5635,6535,7310,5258,6652,5194,4310,4516,2248,2704
B:GGCAC,2984,1928,12349,12818,12409,7871,8247,8704,8852,7709,6365,7662,8074,9581,4158,5252,6123,5742,7063,4038,4849,4223,2009,3082
B:GGCAG,5342,3197,22603,22879,21994,13753,14933,15444,15559,13707,11221,14230,15330,17439,7542,9496,11071,10914,13280,6936,8990,7845,3513,6120
B:GGCAT,3685,5670,14263,15961,15951,10803,10497,11572,10806,9675,7380,9232,8955,11905,5566,6308,7102,5618,6734,5094,4631,4505,2214,2696
B:GGCCA,4277,3435,17683,18037,17334,10826,11645,12354,12405,10840,9161,10970,11696,13568,5928,7566,8801,8398,10516,5497,7589,6205,2867,4893
B:GGCCC,3064,220,11978,11132,10431,5857,7176,7226,7723,6595,6311,7324,8429,8249,3477,4645,5599,6172,7966,3115,5959,4319,1975,4182
B:GGCCG,1240,164,4960,4552,3682,2485,2713,3026,3411,2944,2579,2981,3218,3460,1478,1937,2155,2943,3543,1289,2994,1698,825,1632
B:GGCCT,3953,4109,16065,16114,15386,9339,10781,10908,10911,9255,8134,9816,10851,11810,5073,6649,7856,7388,9664,4879,6876,5577,2565,4727
B:GGCGA,766,1035,2813,2777,2358,1664,1770,1842,2033,1674,1371,1648,1743,2077,885,1247,1359,1416,1784,818,1441,941,457,756
B:GGCGC,1101,1744,4252,4238,3439,2307,2462,2868,2915,2408,2085,2442,2660,3005,1317,1885,2069,2247,3177,1149,2398,1627,725,1247
B:GGCGG,1644,214,6180,5860,4649,3197,3416,3921,4197,3367,3066,3545,3917,4256,1976,2629,2773,3456,4500,1649,3750,2319,1072,1799
B:GGCGT,1035,231,3676,3755,3112,2277,2263,2496,2845,2141,1880,2338,2367,2916,1304,1749,1917,2143,2714,1177,2189,1296,658,994
B:GGCTA,2730,184,10023,11046,11053,7596,7401,7710,7434,6564,5055,6376,6274,8308,3795,4539,4734,3610,4762,3571,3226,3073,1425,1728
B:GGCTC,3832,2235,16296,15800,14755,9407,10093,10657,10776,9310,7915,9683,10454,12084,5155,6717,7566,7473,9637,4973,6881,5525,2533,4249
B:GGCTG,5811,3405,25005,24706,23580,14983,16063,16906,17522,14874,12523,15698,16592,19172,8322,11044,12215,12485,15664,7570,11441,8831,3936,6797
B:GGCTT,3889,1934,14331,15880,16016,10570,10546,11121,10561,9768,7307,9321,9411,11690,5291,6085,6919,5401,6823,4850,4501,4692,2369,2898
B:GGTAA,2871,1229,10578,12786,13316,9555,8439,9495,8599,7574,5525,6956,7548,9321,4643,4768,5180,3399,4149,3962,2494,2845,1589,1418
B:GGTAC,1927,3454,6203,7125,7222,5016,4585,5021,4939,4423,3230,3929,4258,5240,2534,2821,3187,2140,2613,2245,1684,1647,916,1064
B:GGTAG,2661,1067,9474,10208,10538,7035,6803,7696,6858,6237,4753,5833,6241,7774,3503,4137,4513,3148,4282,3212,2529,2661,1337,1541
B:GGTAT,2840,5345,9473,11696,12036,8749,7689,8423,7940,6902,5047,6303,6147,8054,4229,4399,4866,2786,3388,3698,2129,2404,1434,1187
B:GGTCA,3023,1911,12600,13189,13410,8713,8733,9314,9093,8179,6313,7848,7824,9968,4477,5265,6203,5199,6486,4062,4662,4173,1996,2878
B:GGTCC,2079,2764,8196,8224,7862,4921,5434,5574,5746,4931,4109,5214,5543,6172,2594,3178,3894,3680,4710,2445,3618,2851,1328,2215
B:GGTCG,493,81,1508,1623,1335,954,1061,1121,1160,985,861,992,1095,1138,542,688,794,829,1106,506,924,549,311,487
B:GGTCT,3360,3981,13738,14274,14029,9214,9399,9887,10061,8552,6729,8546,8670,10851,4742,5995,6717,5471,7337,4442,5377,4346,2053,3036
B:GGTGA,4213,3782,16191,17138,16937,10964,10958,12109,12336,10387,8089,10123,10319,12951,5912,7069,7917,6979,8526,5248,6442,5171,2519,3533
B:GGTGC,2708,1231,10569,11108,10381,6833,6861,7484,7880,6920,5572,6670,6994,8158,3766,4616,5116,5078,6208,3481,4456,3689,1801,2807
B:GGTGG,5132,2128,20802,21196,19778,12701,13420,14499,15125,12453,10463,12800,13884,16135,6803,9353,10104,10626,12783,6481,9760,7119,3508,5476
B:GGTGT,3143,2428,12472,14640,13318,9024,8644,9570,9716,8451,6392,7989,7956,10076,4788,5230,6109,5413,6583,4253,4808,4020,2061,2726
B:GGTTA,2436,4193,8488,10225,10803,7564,6795,7592,6978,6176,4320,5843,5840,7515,3644,3929,4375,2807,3519,3234,2062,2467,1353,1204
B:GGTTC,2746,2468,10229,11257,11209,7353,7246,7993,7702,6757,5245,6544,6620,8374,3849,4610,5102,4174,5407,3519,3680,3352,1598,2165
B:GGTTG,2978,415,11132,12893,12400,8609,8067,9068,8404,7636,5762,7266,7146,9357,4161,5057,5566,4478,5599,3810,4011,3473,1824,2268
B:GGTTT,4741,1407,17082,20952,20692,14961,13707,15196,14461,12708,9064,11737,11044,15047,7469,8052,8925,6231,7624,6575,5100,4965,2719,2848
B:GTCAA,3035,1938,10389,13079,13225,9581,8586,9636,8739,7930,5519,7221,6634,9062,4667,4826,5131,3426,4146,4105,2430,3014,1709,1474
B:GTCAC,2699,2795,10781,12031,11641,7921,7998,8433,8255,7417,5503,7059,7022,8796,4163,4572,5337,4590,5493,3671,3798,3549,1725,2419
B:GTCAG,3379,1167,14417,15236,15451,10029,10006,10681,10361,9315,7204,8747,9027,11086,5226,5975,6822,5749,7038,4768,4886,4529,2159,3101
B:GTCAT,3318,6600,12003,14677,14808,10734,9607,10631,10069,8755,6427,8228,7785,10632,5234,5330,6056,4191,4795,4622,2951,3478,1961,1976
B:GTCCA,2701,10565,10772,11509,11664,7841,7725,8112,7970,7198,5611,7025,6999,8573,3982,4406,5056,4253,5222,3637,3769,3435,1816,2291
B:GTCCC,2787,1813,11291,11307,10656,6704,7397,7624,7872,7035,5761,6991,7478,8708,3774,4631,5346,5200,6636,3366,5107,3813,1834,3131
B:GTCCG,479,688,1760,1581,1373,881,1160,1118,1208,1020,828,1005,1108,1128,532,656,812,827,1086,449,840,539,285,486
B:GTCCT,3307,4584,12986,13927,13817,8956,9068,9762,9439,8379,6392,8002,8405,10152,4509,5161,6206,4958,6367,4078,4367,4117,1988,2891
B:GTCGA,326,2414,1120,1261,1180,831,816,911,897,860,637,731,751,910,422,493,558,503,627,491,469,401,216,276
B:GTCGC,467,822,1680,1689,1442,1021,1001,1108,1155,1035,878,952,1010,1227,521,737,798,883,1062,521,969,551,296,451
B:GTCGG,480,68,1795,1804,1411,990,1129,1164,1343,1071,898,1125,1127,1252,544,730,841,980,1200,508,934,621,333,548
B:GTCGT,387,129,1352,1551,1386,945,922,1112,1110,966,705,911,930,1084,529,628,755,663,778,526,569,444,265,373
B:GTCTA,2285,4122,8384,10117,10304,7511,6739,7371,6899,6147,4386,5521,5579,7395,3614,3625,4128,2572,3234,3161,1939,2328,1260,1137
B:GTCTC,4455,2874,17290,18288,17677,12321,11851,12902,13065,11369,8882,10917,10892,14313,6260,7989,8520,7607,9788,5858,7548,5621,2610,3637
B:GTCTG,3488,1465,14137,15049,15213,10078,10249,10432,10186,9088,7119,9155,9273,11168,5045,5815,6791,5519,6767,4744,4871,4397,2255,2974
B:GTCTT,4307,3261,16654,19652,19511,14188,12757,14010,13364,12088,8553,10861,10494,13926,6866,7593,8204,5877,6946,6298,4435,4696,2612,2586
B:GTTAA,3531,1938,12580,16525,16561,12823,10724,12345,11082,9651,6652,8893,7904,11527,6074,5960,6517,3785,4490,5257,2348,3293,2038,1426
B:GTTAC,2059,2913,7806,9565,9790,7172,6172,7246,6544,5692,4092,5508,5619,6810,3406,3561,3971,2376,3111,2996,1820,2159,1271,1058
B:GTTAG,2492,807,8626,10495,10641,7654,6951,7739,7039,6242,4440,5762,5639,7609,3764,3891,4401,2739,3433,3262,2060,2392,1332,1226
B:GTTAT,3363,24751,11525,15552,15590,12231,10226,11645,10693,9086,6321,8125,7520,10955,5649,5550,5855,3320,3921,4950,2215,2929,1914,1262
B:GTTCA,4002,2417,14855,17487,17313,12619,11287,12701,11993,10486,7741,9805,9143,12952,6278,6834,7599,5454,6802,5466,4435,4440,2337,2492
B:GTTCC,3048,4001,10937,12199,12367,8165,8162,8679,8415,7633,5647,7198,7199,9161,4150,4709,5237,4153,5117,3835,3366,3462,1739,2145
B:GTTCG,485,1760,1741,1877,1731,1125,1208,1352,1327,1080,870,1135,1106,1380,590,745,890,838,1097,576,826,579,298,373
B:GTTCT,4278,2009,15944,19027,19383,13786,12645,14144,12992,11847,8523,10548,10653,13752,6831,7045,8109,5228,6586,6132,3811,4623,2517,2506
B:GTTGA,3231,676,10985,13891,13675,10167,9150,10238,9474,8254,5864,7562,7210,9508,4945,5147,5504,3854,4454,4394,2762,3157,1800,1559
B:GTTGC,2726,3010,10196,12018,11081,7899,7567,8300,7869,6957,5224,6640,6499,8687,3910,4693,5164,4144,4996,3639,3567,3294,1556,1946
B:GTTGG,3189,1703,12114,13822,13525,9186,8929,9682,9353,8118,6262,7817,7907,10036,4566,5333,6004,4696,5889,4119,4225,3757,2018,2395
B:GTTGT,3363,2712,11841,14538,14597,10672,9262,10652,10041,8783,6291,8069,7708,10285,5105,5310,6087,4046,4689,4560,2967,3221,1866,1786
B:GTTTA,4015,2773,14652,19413,19494,14884,12485,14715,13264,11549,7813,10463,9446,13513,7176,6937,7553,4346,5194,6275,2853,3792,2318,1709
B:GTTTC,4593,5407,17436,21288,21010,15088,13589,15503,14612,12628,9037,11998,11078,15279,7779,8047,9059,6453,7787,6638,5046,5240,2761,2801
B:GTTTG,4510,3113,16437,19905,19952,14347,13090,14412,13507,11918,8756,11188,10345,14168,7027,7532,8233,5580,6779,6221,4297,4577,2549,2593
B:GTTTT,7805,7416,27834,37169,36629,28153,23429,27329,25669,22129,15238,19768,17716,25769,13706,13457,14775,8981,10703,11497,6671,7540,4545,3673
B:TACAA,5117,9896,18180,23670,22757,18111,14904,17281,16375,13769,9757,12757,11518,16542,8612,8681,9327,5967,6997,7608,4529,4709,2871,2271
B:TACAC,3009,4237,10316,13052,12725,9299,8332,9541,9000,7826,5478,7025,6546,9228,4648,4716,5160,3254,4110,4281,2596,2833,1744,1443
B:TACAG,4834,5818,18219,21980,21621,15427,13996,15797,14943,12681,9490,12416,11670,15895,7620,8780,9608,6812,8687,6956,5823,5209,2758,3010
B:TACAT,4989,34669,17835,23947,23529,18574,14998,17351,16404,14005,9499,12880,11167,16722,8691,8477,8845,5038,5873,7709,3459,4400,2794,1890
B:TACCA,3807,3150,12818,15555,16044,11568,10029,11351,10509,9232,6830,8372,8294,11045,5483,5925,6469,3859,4796,4873,2869,3324,1900,1641
B:TACCC,2470,1647,8509,9319,9743,6454,6400,6872,6433,5771,4319,5362,6269,6939,3248,3720,4111,2942,3771,2847,2366,2435,1229,1443
B:TACCG,375,989,1244,1520,1423,1005,999,1025,973,937,657,836,899,1095,538,575,702,560,689,472,494,378,237,295
B:TACCT,3647,5309,13155,15418,15900,11325,10088,11382,10420,9194,6747,8447,8727,11310,5639,5902,6460,4107,5175,4923,3109,3418,1909,1829
B:TACGA,405,689,1458,1838,1814,1309,1111,1313,1225,1110,809,1028,948,1259,688,672,809,570,690,580,433,418,255,319
B:TACGC,301,46,1180,1326,1307,845,829,974,917,795,587,769,749,922,496,530,673,531,590,413,421,348,207,227
B:TACGG,342,1726,1497,1696,1677,1101,1199,1267,1230,1062,743,1054,947,1237,611,621,770,625,747,552,548,486,278,327
B:TACGT,686,4555,2238,3011,2938,2015,1781,2170,1992,1944,1325,1668,1589,2082,1118,1158,1234,815,1031,1001,637,571,374,364
B:TACTA,3318,8255,12339,15650,15627,12071,9969,11773,10735,8994,6457,8148,7746,11163,5567,5891,6243,3707,4459,4802,2808,3003,1954,1411
B:TACTC,2938,2185,10778,12467,12763,9180,8338,9462,8870,7469,5497,6902,6770,9278,4479,5013,5218,3649,4558,3980,2887,2997,1688,1575
B:TACTG,3744,3405,13166,16325,16981,12258,10641,12282,11295,9813,7148,9239,8639,11425,5880,6145,6767,4209,5022,5044,2996,3569,2015,1832
B:TACTT,4757,2838,17275,22755,22549,17390,14388,16919,15601,13289,9311,11985,11457,15855,8175,8257,8858,5072,6324,7285,3541,4462,2738,1985
B:TATAA,6070,86150,22227,30812,30599,25196,19978,23193,21959,17811,12335,16089,14559,21674,11532,10885,11310,6161,7079,9906,3749,5128,3633,2056
B:TATAC,3673,26039,12007,16093,15487,12427,9951,11849,11088,9397,6482,8230,7615,11195,5724,5864,6175,3161,3912,5320,2146,2635,1755,1197
B:TATAG,3508,12776,12629,16193,16313,12690,10466,12158,11241,9379,6705,8680,8179,11259,5909,6090,6066,3335,4148,5035,2407,2977,1857,1285
B:TATAT,9533,209529,28627,39262,39859,31490,24593,28351,29033,23631,15574,20704,18826,27533,14804,13785,14544,8571,9009,12646,4760,6727,4264,2568
B:TATCA,4054,16095,14269,19037,19029,14619,12292,13961,12938,11144,7657,9994,9022,13357,7002,6651,7216,4248,4742,5985,2669,3545,2399,1600
B:TATCC,2839,2114,10105,12230,12861,9325,8026,9035,8510,7625,5421,6655,6996,8849,4360,4583,4917,3212,3515,3751,2365,2560,1548,1263
B:TATCG,393,924,1265,1616,1539,1167,991,1104,1040,999,673,865,776,1162,552,527,667,468,520,560,346,354,213,172
B:TATCT,4793,3502,17123,21914,22396,17312,14625,16310,14978,13076,9146,11707,11122,16047,8031,7989,8702,4876,5736,7202,3354,4459,2689,1938
B:TATGA,4420,20818,15349,19798,19871,15477,12646,14634,13393,11824,8139,10436,9622,13942,7197,7022,7399,4221,5151,6211,3146,3816,2329,1690
B:TATGC,2726,5149,9990,12538,12940,9889,8202,9311,8636,7242,5248,6854,6281,9062,4655,4549,5004,2995,3636,3913,2031,2692,1537,1218
B:TATGG,3413,4759,11538,13910,14290,10563,9228,10429,9326,8421,6101,7683,7220,10075,5014,5194,5570,3653,4344,4385,2658,3082,1792,1480
B:TATGT,5406,42728,18721,24877,24510,19287,15958,18178,17074,14829,10093,13373,11812,17628,9086,8873,9395,5278,6240,8170,3860,4754,2991,2109
B:TATTA,5891,55472,21865,29458,29165,23747,19165,22049,20447,17138,11309,15253,14386,21234,10978,10199,10690,6200,6956,9575,3748,5272,3520,2047
B:TATTC,4935,15309,16508,21664,21799,16834,13970,16272,14878,12861,8842,11341,10884,15492,7939,7684,8106,4652,5723,7035,3251,4105,2608,1689
B:TATTG,4497,10301,15095,20060,19868,15631,13057,14641,13611,12044,8184,10374,10054,14311,7332,7094,7568,4250,4987,6284,2985,3833,2419,1531
B:TATTT,11742,21483,43262,59491,57260,46259,37411,44173,40999,34131,22946,30538,26556,41936,22154,20688,22125,12795,15337,18803,8910,10886,7137,4447
B:TCCAA,4681,9586,17111,20466,21006,14931,13754,15091,14058,12662,9077,11417,11164,14863,7189,7610,8347,5742,6936,6434,4308,5049,2785,2595
B:TCCAC,3733,4759,14658,16598,16133,11083,10924,11889,11324,10152,7852,9636,9971,12042,5705,6502,7271,6484,7410,5257,5365,4790,2470,3128
B:TCCAG,5686,6657,23558,24624,24066,15972,16163,17407,16845,14866,11819,14438,15270,18333,8183,10142,11107,9102,12107,7634,8493,7538,3710,5118
B:TCCAT,5405,73101,19141,22060,22570,16232,14895,16067,15194,13704,10139,12393,12402,16334,7857,8441,9271,6980,7700,7057,5144,5667,3160,3101
B:TCCCA,6983,7287,27554,29160,28533,18995,19161,20317,20729,17446,13955,17529,17476,22694,9816,12409,13611,11999,15190,9271,11347,8957,4278,6042
B:TCCCC,4263,1906,17007,17418,16625,10317,11323,11986,11504,10047,8445,10469,11235,13233,5607,6876,7706,7857,9772,5109,7202,5767,2718,4262
B:TCCCG,1224,179,4507,4406,3770,2486,2954,2946,3181,2781,2220,2787,2820,3341,1505,1922,2105,2510,3074,1365,2581,1567,747,1317
B:TCCCT,5827,4892,21888,22808,23355,15357,15180,16481,15412,14011,10961,13821,14524,17732,7857,8840,10351,8459,10758,7245,7402,7137,3451,4717
B:TCCGA,552,74,1863,2034,1864,1223,1355,1355,1421,1242,953,1219,1205,1391,625,751,896,944,1181,613,795,652,306,486
B:TCCGC,834,133,3057,3039,2525,1774,1912,2074,2248,1862,1557,1900,1885,2248,1006,1339,1561,1731,2172,950,1661,1077,495,818
B:TCCGG,674,45,2633,2417,2173,1354,1618,1575,1719,1680,1293,1590,1738,1881,826,1011,1233,1365,1805,716,1398,830,465,746
B:TCCGT,755,6779,2770,3091,2797,1792,1970,2095,2123,2023,1438,1843,1881,2171,1081,1133,1348,1347,1633,931,1193,920,523,674
B:TCCTA,3680,2317,14135,16337,16861,11979,10824,12142,11185,9993,7229,9273,9244,11959,5731,6415,6707,4361,5708,5251,3392,3822,2146,2053
B:TCCTC,5638,3436,21369,22533,22383,14652,14820,16288,15343,13696,10557,13090,13938,16799,7570,8605,10036,8192,10995,7003,7889,6750,3323,4572
B:TCCTG,6695,6894,26996,28557,27128,18132,18542,19874,19949,16980,13555,16985,17751,21533,9547,11693,13253,11567,14705,8888,10561,8874,4286,6321
B:TCCTT,6767,11126,25104,28444,29721,21020,18671,21321,19507,17710,12545,16123,16105,20999,10033,10742,12031,8237,10394,9030,6338,7435,3782,3865
B:TCTAA,4357,2757,16146,21329,21347,16200,13894,15875,14322,12446,8632,11332,10384,15067,7716,7476,8402,4804,5785,6631,3208,4190,2589,1894
B:TCTAC,3484,2645,12435,14934,14821,10803,9867,11011,10420,8941,6510,8382,8087,10826,5279,5780,6257,4336,5483,4732,3489,3418,1909,1863
B:TCTAG,3567,1958,13049,15342,15631,11250,10242,11412,10251,9344,6633,8226,8472,11041,5398,5701,6306,4003,5151,4815,3058,3705,2002,1797
B:TCTAT,4553,16780,15918,20501,20782,16206,13427,15503,14373,12537,8485,11058,10595,15115,7520,7447,7738,4591,5293,6587,3113,4082,2617,1714
B:TCTCA,6570,2388,25488,29061,29589,20958,19286,21533,20315,17880,13228,16767,16343,22062,10221,11809,12662,9614,11748,9218,7927,7773,3943,4335
B:TCTCC,6030,2003,22900,24366,24180,16224,16226,17746,16485,15264,11602,14206,14749,18802,8295,9713,10983,9127,11820,7795,8459,7359,3477,4718
B:TCTCG,1221,1315,4420,4616,4062,2902,2865,3219,3348,2861,2231,2774,2672,3537,1643,2037,2315,2214,2880,1447,2300,1459,697,1056
B:TCTCT,8934,3912,31564,35378,36306,25411,23782,25521,24250,21799,16155,20111,20401,27598,12351,13904,15114,10954,13237,11148,9925,9723,4614,5147
B:TCTGA,5326,2280,20880,24486,25451,17361,16327,17546,16351,14814,11030,13882,13648,17735,8501,9001,10497,6996,8738,7672,5517,6249,3279,3501
B:TCTGC,4797,2011,19089,21380,21084,14115,14096,14961,14493,12918,9817,12578,12874,15554,7322,8283,9321,8035,9508,6568,6156,6321,3091,4151
B:TCTGG,5155,1229,20786,21792,21774,13993,14629,15325,14529,12886,10471,12859,13496,16194,7065,8508,9790,7600,10252,6764,6874,6635,3111,4287
B:TCTGT,6928,5944,25697,30068,30062,21398,19654,21772,20556,18145,13628,17239,17092,22029,10480,11472,12957,9602,11588,9644,7783,7611,4080,4566
B:TCTTA,4458,3519,17494,22157,22600,17235,14520,16766,14973,13013,9321,11846,10896,15497,8183,7995,8646,5017,6160,7165,3331,4522,2852,2088
B:TCTTC,6107,5580,23400,27516,27570,19788,17840,19862,18508,16383,11874,14892,15185,19878,9458,10189,11271,7522,9701,8520,5845,6600,3490,3526
B:TCTTG,5299,4490,19972,23378,23583,16873,15372,16847,16281,14379,10366,13328,12804,17412,8208,9268,9890,7364,8893,7356,5726,6122,3140,3371
B:TCTTT,10147,4601,35660,45139,45389,34261,29108,33248,30991,27188,18894,24384,22791,32506,16524,16800,18006,10947,13138,14182,8077,9513,5660,4525
B:TGCAA,4947,9965,17457,22264,21693,15788,14768,15957,14621,13240,9312,11978,11188,15856,7849,8117,9047,6450,7740,7074,5022,5395,2978,2785
B:TGCAC,3502,2465,13857,16282,15351,10565,10357,11173,10959,9887,7303,9232,8803,11776,5677,6180,6902,6217,7192,5235,5083,4611,2416,2994
B:TGCAG,5808,4214,22942,25831,24810,16873,17098,17889,17825,15859,12137,15224,14993,19024,8963,10314,11582,10382,12430,8364,8750,7704,3971,5234
B:TGCAT,4614,11860,16887,20992,21103,15609,13713,15384,14055,12618,9038,11630,10563,15076,7536,7612,8409,5963,6702,6730,3931,4848,2991,2617
B:TGCCA,5028,5588,19391,21688,21654,14474,14307,15270,14399,12942,9888,12490,12546,15866,7260,8440,9605,7787,9305,6764,5761,6019,3058,4048
B:TGCCC,4243,3136,17023,16892,16403,10020,11005,11533,11613,10092,8573,10608,11260,13011,5510,6997,8249,7859,9889,5181,6809,5930,2689,4511
B:TGCCG,732,66,2737,2860,2468,1641,1866,1782,2073,1796,1396,1777,1894,1977,925,1140,1322,1656,1669,848,1283,976,502,826
B:TGCCT,6019,3987,24747,26531,26445,17516,17429,18800,18083,16206,12526,15862,16479,20267,9207,11018,12428,10231,12867,8468,8924,8163,3736,5217
B:TGCGA,489,1185,1811,2043,1806,1312,1231,1428,1437,1264,1026,1224,1148,1564,718,802,923,883,1112,644,805,627,339,438
B:TGCGC,810,973,2476,2580,2130,1413,1504,1787,1879,1459,1240,1468,1608,1777,827,1087,1243,1290,1678,689,1350,872,415,665
B:TGCGG,742,75,2931,2972,2533,1801,1828,2009,2297,1986,1532,1936,2006,2160,950,1231,1434,1713,1928,873,1567,1083,535,937
B:TGCGT,631,104,2339,2705,2390,1639,1620,1900,2017,1634,1307,1771,1548,1954,975,998,1276,1274,1386,881,1021,882,474,599
B:TGCTA,3520,2082,12974,16003,16423,11994,10343,12031,10914,9661,6792,8731,8460,11516,5739,5941,6601,4041,4958,4998,2770,3645,1968,1830
B:TGCTC,3802,2464,15548,16555,16874,11079,11102,11850,11374,10024,7861,9728,10208,12200,5583,6385,7477,5852,7710,5285,4640,4973,2404,3313
B:TGCTG,5968,4577,23660,26183,25701,17441,17003,18335,17802,16127,12109,15605,15350,18796,8740,10290,11661,9834,11743,8295,7591,7635,4044,5358
B:TGCTT,5644,3901,21617,26228,26561,19007,17079,19101,17548,15354,11384,14462,14047,18711,9150,9807,10877,7417,9129,8210,5032,6396,3390,3445
B:TGTAA,5429,20188,20604,26579,25735,19949,16852,19273,17988,15197,10760,14497,12893,18780,9536,9822,10574,6754,8359,8458,5408,5574,3297,2729
B:TGTAC,2990,4083,10083,12561,12748,9257,8035,9278,8766,7584,5516,6867,6470,9116,4482,4659,5108,3448,4054,4024,2486,2708,1591,1498
B:TGTAG,3755,4635,13700,16484,16313,11869,10734,11967,11575,9803,6998,9394,8757,11715,5981,6511,6867,4617,5792,5261,3799,3768,2109,1997
B:TGTAT,5773,25714,20173,27031,25844,20342,16612,19459,18391,15698,10951,14323,12782,18782,9572,9667,10392,6255,7464,8811,4715,5099,3171,2391
B:TGTCA,4593,6782,17095,20730,20740,14749,13544,14787,14183,12321,8844,11557,11059,14473,7361,7615,8429,6130,7399,6528,4526,4992,2723,2909
B:TGTCC,3614,3576,14203,14955,14952,9800,9930,10647,10412,9314,7253,8779,9198,11288,5125,5761,6693,5681,7070,4620,5018,4523,2341,3236
B:TGTCG,539,1258,2167,2293,2034,1394,1299,1536,1647,1408,1059,1279,1309,1624,727,947,1090,1071,1232,785,1008,722,361,589
B:TGTCT,5964,5822,22311,25850,25633,18637,17066,18526,17431,16199,11611,14606,14488,19019,8987,9896,10893,8318,9844,8151,6756,6571,3515,3777
B:TGTGA,5250,5261,19958,24123,24499,17093,15993,17426,16678,14911,10481,13739,12967,17408,8527,8950,9983,7443,8595,7641,5945,6028,3376,3675
B:TGTGC,3863,3656,15371,17824,17324,11793,11400,12285,11855,10704,7955,10086,9942,12768,5895,6545,7683,6262,7383,5575,4710,5032,2675,3151
B:TGTGG,5007,5093,19914,22290,21872,14952,14456,15648,15258,13572,10458,12897,12947,15732,7492,8150,9850,8041,9769,7014,6938,6200,3182,4396
B:TGTGT,7094,6882,26823,31869,31730,22555,20178,22759,21873,19857,14274,18434,16835,23737,11202,11489,13285,9772,11404,11242,7776,7852,4706,4638
B:TGTTA,4623,17084,16437,21604,21543,16674,14205,16131,14593,12569,8862,11634,10882,15025,7900,7748,8517,4838,5780,6816,3376,4217,2631,1893
B:TGTTC,4522,1702,16362,19714,20026,14405,13144,14387,13513,12222,8735,10936,10783,14510,7176,7259,8292,5378,6632,6264,4031,4695,2618,2623
B:TGTTG,5383,4347,19093,22977,22396,16343,14761,16409,15987,13681,9812,12810,12428,16334,8129,8754,9617,6986,8161,7201,5486,5547,3041,3062
B:TGTTT,8668,9806,32078,42208,41638,31275,26613,30771,28626,24680,17352,22963,20296,29411,15271,15226,16723,10518,12268,13108,7575,8886,5240,4379
B:TTCAA,6725,15182,23985,31320,30793,23530,19864,22874,21516,18197,12877,16529,14964,22292,11242,11431,11875,7623,9166,9840,5426,6549,3811,2989
B:TTCAC,4657,4213,17229,20888,20945,15152,13784,15169,14515,12811,9054,11403,11042,15054,7498,7731,8846,6107,7796,6587,4994,4947,2727,2852
B:TTCAG,5899,1964,22202,27218,27182,19353,17730,19469,17962,16320,11530,15042,14394,19272,9577,9752,11288,7349,9275,8308,5332,6182,3431,3464
B:TTCAT,7058,12684,25030,32237,32382,24799,20437,23665,22025,19150,13359,17332,15836,22741,11638,11320,12273,7604,9019,10029,5179,6558,4109,2986
B:TTCCA,6487,69886,24293,28778,28878,20970,19026,21214,19540,17595,12730,15805,15586,20467,10072,10989,11865,8248,9958,9080,6037,7223,3947,3906
B:TTCCC,5242,5423,20363,22089,22859,15118,14927,16079,15000,13595,10401,13345,13399,16747,7681,8576,9828,7670,9678,7088,6415,6411,3144,3968
B:TTCCG,705,6114,2405,2590,2467,1600,1709,1778,1806,1758,1246,1662,1530,1883,911,982,1234,1215,1464,811,1003,797,414,618
B:TTCCT,8007,12151,30056,34140,35182,24682,22771,25605,23526,20967,15297,19654,19685,25317,12068,12957,14359,9947,12611,10993,7766,8851,4744,4793
B:TTCGA,609,18857,2261,2599,2271,1692,1650,1854,1890,1479,1183,1455,1420,1932,948,1023,1185,952,1232,808,867,764,390,436
B:TTCGC,468,588,1765,1831,1730,1208,1169,1256,1257,1116,814,1089,1033,1389,603,743,826,754,1001,561,701,585,265,373
B:TTCGG,600,890,2121,2285,2181,1486,1559,1625,1599,1474,1077,1322,1364,1577,760,879,1021,920,1213,677,805,651,337,476
B:TTCGT,652,3378,2335,2936,2831,1908,1876,2067,1928,1727,1225,1681,1496,1978,1053,1032,1261,948,1191,890,719,698,421,403
B:TTCTA,5737,13350,20517,27172,27119,20630,17395,20402,18245,16171,11027,14325,13535,19161,9804,9681,10499,5955,7379,8586,4089,5310,3404,2365
B:TTCTC,7334,2512,26964,31441,32050,22765,20640,23218,21354,19208,13808,17557,17386,23541,11206,11984,13173,9217,11231,9934,7610,8017,4121,4246
B:TTCTG,7361,4155,27143,32811,32891,23211,21288,23861,21952,19654,14456,18131,18011,23382,11464,12223,13676,9213,11316,10343,6925,7859,4352,4454
B:TTCTT,9801,5033,36138,45998,45921,35119,29342,33867,31537,27230,19294,24501,23165,32893,16958,16738,17959,10930,13765,14415,8014,9777,5665,4646
B:TTTAA,9647,8547,36228,50113,49352,39198,31539,37968,34167,28588,19488,25892,22284,34924,18917,17439,18807,10381,12447,16037,6351,9015,6029,3761
B:TTTAC,4574,5473,16876,22449,22463,17016,14490,16479,15054,13012,9032,12032,10760,15642,8116,7940,8620,4968,5872,7017,3363,4374,2732,2009
B:TTTAG,5152,2270,19199,25422,25120,19164,16423,19030,17297,14540,10181,13371,12075,17963,9201,9156,10275,5893,7380,7849,4364,5043,3064,2347
B:TTTAT,10028,27024,36481,49357,48446,38791,31425,36384,33885,28594,19659,25655,23029,34619,18185,17422,18614,10489,12345,15639,7022,9055,5798,3613
B:TTTCA,8516,17208,31124,40891,40373,30809,26057,30132,28145,24060,16592,21798,19501,28607,14798,14468,15929,9675,12100,12856,6774,8155,5065,3891
B:TTTCC,7219,11204,26781,31934,32976,23881,21167,24029,21845,19688,14149,18160,17492,23166,11550,11996,13255,8879,11096,10206,6498,7936,4252,4067
B:TTTCG,660,4431,2439,2861,2715,2020,1893,2104,2031,1756,1276,1614,1493,2043,1110,1119,1323,1024,1272,927,785,776,408,425
B:TTTCT,11941,3867,43457,56103,55677,42194,35704,41157,37917,32986,23005,29954,27810,39937,20633,20223,21955,13392,16159,17452,10156,11797,6972,5604
B:TTTGA,7187,13356,25769,33476,33262,25061,21328,24422,22737,19476,13730,17705,16061,23587,12215,12276,12952,8160,10092,10507,6037,7122,4147,3409
B:TTTGC,5309,3747,18533,23435,23334,16998,15424,16958,15649,13902,9704,12927,11960,16507,8318,8620,9494,6342,7363,7405,4375,5351,3068,2708
B:TTTGG,6557,3235,23441,28353,28310,20336,18286,20493,19112,16806,12292,15685,14866,20351,10009,10889,11913,7896,10126,8846,6242,6890,3713,3595
B:TTTGT,8713,5324,31289,40767,39591,30106,25833,29331,28113,23956,16933,21627,19892,28559,14525,15166,16214,10703,12345,12743,7974,8388,5117,4146
B:TTTTA,11597,23196,43870,59866,57969,46496,37642,44817,40990,34388,23474,31074,27118,41447,22426,21143,22837,12931,15527,18930,8953,11111,7276,4785
B:TTTTC,10132,6756,36418,48259,48011,36939,30696,36028,33011,28547,19959,25728,23489,34046,17776,17139,18885,11046,13879,15304,7954,9747,5869,4643
B:TTTTG,9885,4889,35073,45421,44281,34211,28875,32879,31696,26667,18815,24187,21735,31893,16643,17162,18358,11889,14272,14343,9338,9669,5769,4660
B:TTTTT,23474,22070,89624,113099,107731,84218,69447,81521,79403,64561,47332,59495,54881,81003,42381,44809,47690,32487,41025,35571,28750,24766,13995,13245
N:AACAA,396879,106021,357381,409125,333435,404495,344978,315821,259035,258047,231788,204099,219627,205924,236629,170809,129775,123927,97105,163765,65224,104801,86841,63503
N:AACAC,210520,69379,244625,238172,178588,223371,211040,176145,164061,147318,149508,130439,127271,126015,133423,110877,78698,85472,75047,103518,81353,83859,56453,58577
N:AACAG,259606,80841,275366,287804,218902,264082,240562,212620,191862,179715,154325,148018,158281,144516,157925,130620,100930,98191,80645,102861,63161,81036,63807,62444
N:AACAT,335853,146455,321267,355857,278909,358019,291235,274280,218512,229238,191542,170038,197335,185114,205380,154605,114607,119301,96301,165114,57830,99358,74869,67660
N:AACCA,230791,57200,215155,239691,189923,223164,196567,181565,153848,151950,132877,122569,129465,121033,127768,100240,78204,80888,59845,88761,38500,67227,50383,41945
N:AACCC,152221,38099,164999,168351,129750,137226,138566,129710,115419,105454,260047,94879,100301,90911,87743,79554,63463,70476,63758,58470,48549,57392,43042,46797
N:AACCG,18629,11231,29520,21189,16961,19654,16986,16061,14286,13457,23433,12527,11596,10605,13120,12599,14989,12483,9881,7848,7116,8324,7182,10143
N:AACCT,201609,63741,203343,222867,171646,198718,179115,166109,151174,144903,134026,123228,127169,121658,119336,100918,80776,81789,79061,95980,62522,74640,46967,53262
N:AACGA,38113,22738,69741,37656,27480,39834,38824,30862,29498,27725,48707,24025,23765,23010,28984,22508,37033,36064,23497,22574,29436,19567,11479,16860
N:AACGC,15892,8162,30901,20667,16828,16056,24188,21198,19964,12549,35876,18986,10479,15844,13001,12754,10299,12870,7404,16839,17593,7452,7416,9725
N:AACGG,32923,45168,106506,32235,23648,29251,28621,25491,27163,24117,191782,22900,28074,19742,20605,27968,53266,43804,27981,22051,16655,19655,14763,28285
N:AACGT,38567,15434,38238,38857,32901,36820,34759,32379,32096,28670,24759,21252,20617,19799,28016,20262,15449,14016,14030,18530,8872,13609,11574,14790
N:AACTA,229511,72404,195661,227451,204913,248585,204027,179374,150465,147240,137966,117518,141620,127104,163871,100610,77113,61858,64281,115796,43805,65123,53857,44495
N:AACTC,218805,60208,264312,218311,191835,202791,212054,175509,178910,138483,193203,135321,135166,137952,126248,117321,90950,105413,103287,84433,109741,79535,55435,77175
N:AACTG,231177,73559,226089,244046,198997,225204,216327,191203,158685,157573,127556,135885,139095,131174,140592,115040,97116,86500,77239,106161,58993,78372,54277,58233
N:AACTT,270195,72654,256372,288907,242009,301541,255740,226094,184469,180847,167735,141621,163307,154067,183342,128262,96241,86106,79142,130645,53374,86530,65672,56851
N:AATAA,538722,174804,531206,580341,482949,606016,493197,446038,370343,360515,296393,275430,298511,292158,368612,234965,176828,170078,123560,217855,78658,130305,127204,80575
N:AATAC,237718,86957,228223,248415,219041,277352,214917,197030,164785,154785,148641,130056,127881,132989,178270,103629,82323,76301,62795,97684,48991,61346,58716,41623
N:AATAG,254318,128577,254667,264249,215910,263607,225858,202274,165206,166395,272810,131723,135040,135617,161340,121198,136372,132379,68170,98994,44062,63014,61810,46912
N:AATAT,475255,381209,429153,506513,559718,605486,450244,404571,327236,321456,270546,237442,260640,257999,650205,239177,190822,143534,108420,216508,99619,123333,159264,155817
N:AATCA,295326,119843,651638,334929,252051,301805,273925,235809,217913,199964,439549,176164,164065,162185,178809,136533,137725,570574,87064,119451,57390,85140,74285,63899
N:AATCC,200202,102820,261827,228614,171006,195366,174977,166946,150106,142986,216599,126956,129824,121211,121698,106457,112474,127239,77461,98086,63184,77253,53776,62080
N:AATCG,25485,107048,249393,37779,21412,24247,24545,22401,30188,18031,121489,30476,18882,18831,21075,17169,93308,157944,15132,12001,9249,12457,11184,12814
N:AATCT,283429,83323,279525,294649,246273,301326,257566,230170,202451,191348,176688,154980,180870,158423,181547,147939,103796,113349,87180,128081,61483,82669,66699,79896
N:AATGA,344329,149792,489635,388231,307841,364976,331969,285545,254071,235202,241321,204409,200566,194466,216225,161565,149662,281440,87002,137357,63117,94954,86181,65706
N:AATGC,228751,129458,240420,236760,182305,238979,193600,176329,157355,151405,300808,122172,151212,112654,142240,131366,141341,98386,92029,115572,45198,95168,63217,78771
N:AATGG,269199,733693,1031801,318886,228437,262912,271128,208282,233160,174249,3180469,235050,148581,139952,229041,263266,789668,718861,133224,97127,57852,170620,185663,231972
N:AATGT,332658,163291,307590,368260,300336,369667,302731,279295,221955,233823,292401,175808,196586,184464,240239,167617,158407,123800,91076,161353,48284,102185,88061,83359
N:AATTA,378217,177481,431209,427257,361018,448929,366834,332129,273311,265905,259788,205902,214464,212613,276577,173444,130334,133081,98972,159545,61018,92718,94536,59959
N:AATTC,259064,138265,435471,291984,251536,285894,267792,240024,207444,181676,258052,169423,155679,155570,171993,128894,134402,181032,78455,121995,76953,77724,70508,54733
N:AATTG,255458,139157,324516,280868,219943,277826,235228,210009,180991,171505,200940,138755,146307,137188,157992,118220,131405,168208,64482,111946,39927,73000,63479,45199
N:AATTT,539232,201271,516796,588965,506140,615073,516838,464491,388346,369213,294271,288036,295769,296144,378203,240686,175031,164089,128682,224140,93629,129760,130952,81924
N:ACCAA,222118,51600,208180,222870,180738,211457,184826,173195,138599,141046,111012,113185,122541,116347,140653,92090,73152,80667,59106,83389,36334,58131,47481,37153
N:ACCAC,182587,50666,187412,193383,148113,158908,153947,141696,131103,123445,101468,106979,112751,106029,96823,87094,69275,73304,73279,71377,52128,59741,45769,49101
N:ACCAG,174037,46040,184933,198603,154431,162944,152978,141112,132376,122511,113782,108486,106473,100277,101923,85468,72442,71341,62342,67079,46886,61917,43139,46474
N:ACCAT,218725,81226,271012,236618,186718,216310,193441,177844,153987,147363,151749,125786,126202,122807,126982,105467,90584,105267,71255,82968,60020,71121,52385,52284
N:ACCCA,201028,64194,210669,222401,184396,204365,173203,160156,141550,139712,122289,121461,122444,114670,155223,102052,82539,87564,70826,74992,56459,71171,58478,68226
N:ACCCC,118816,32832,147874,139405,106200,103383,102282,96400,93772,86405,76366,81343,78807,71779,82964,72591,56619,58055,53309,46873,43548,49253,38324,44266
N:ACCCG,26763,9702,57553,31943,21795,24264,30685,23308,24472,19382,191918,21645,25253,17525,23310,21202,18192,19305,21182,10796,15877,15720,15521,17473
N:ACCCT,145461,39964,157038,167324,125327,132925,127973,124952,105548,106116,88016,92099,95331,90295,79325,73773,59787,66064,56846,58164,40879,54746,37798,44176
N:ACCGA,17031,8464,35060,20411,14382,16322,15539,17949,13608,12806,21185,12387,10951,9986,15951,11056,20368,17877,7419,7264,6424,7164,8435,8701
N:ACCGC,20561,5462,27608,23788,18158,17779,17828,18798,20270,15085,13573,14147,13285,12894,18506,13036,14006,11324,15222,7975,11320,9005,10438,9928
N:ACCGG,13917,9778,18496,17684,12089,16403,12892,12507,12225,11864,12594,11115,9906,8984,14159,10684,10769,10334,7311,7410,7046,6539,8773,8283
N:ACCGT,24735,14466,26570,28804,21276,23042,21370,23415,18604,18461,15568,15917,14975,16192,21259,18413,17034,15334,13050,14377,9531,10741,9357,15196
N:ACCTA,148654,47413,131906,149649,127615,141289,125005,117709,91843,96789,76556,73500,83791,76094,94267,69096,52340,42850,38666,52945,23528,37999,35389,39170
N:ACCTC,184457,46620,219961,205134,156226,161825,163077,154317,143162,127444,108010,117702,124024,120369,103170,94502,77791,89271,84440,68606,76889,66233,46214,55882
N:ACCTG,185846,55126,209831,223254,160557,184082,165885,153254,148843,140151,129752,123466,122532,114023,110074,104645,83143,86151,80341,90359,60604,77408,51237,70275
N:ACCTT,173947,68529,184142,199382,165996,180136,167207,147277,135562,129922,110311,113245,108266,110362,124017,89001,69946,71259,62468,81234,49680,62400,44311,45596
N:ACTAA,201965,53497,186011,216532,173275,217536,179935,168758,138836,137975,120174,105468,121908,108603,126175,89940,68611,64881,59704,91966,34492,52729,46218,35651
N:ACTAC,130872,46037,114695,135450,108240,131378,109059,105223,86016,82417,80306,70106,80915,74807,78420,64002,46348,41101,42530,58220,24818,40393,30370,32435
N:ACTAG,118850,42895,121889,128015,106948,123219,115575,97108,82378,81140,71651,67736,72561,69864,68404,59354,42162,39685,33336,65727,33875,39975,27025,29270
N:ACTAT,199828,79077,173419,201422,188404,219858,173330,155261,128592,130188,100231,94727,108634,103046,158598,83168,69797,54566,50047,74246,25276,45387,47922,33378
N:ACTCA,212227,62902,243381,232403,189059,217739,200158,177525,163240,148368,125430,130776,134299,129219,130946,109017,104078,110246,81675,87671,70401,72219,53474,56344
N:ACTCC,175131,117566,220889,197791,153582,166376,155271,147343,143531,122636,194095,116101,108822,113811,123482,127612,135712,117067,86894,75946,75363,70983,74181,100752
N:ACTCG,24238,48413,94460,32213,20167,21457,23745,22391,22962,17108,229882,23181,14683,14877,19553,19487,57928,100294,16391,12298,10872,14700,14267,16320
N:ACTCT,220969,78475,263741,250961,205342,229759,224090,188818,183169,159840,167585,146157,140641,136754,154148,133567,102588,103679,99200,116119,97029,97058,65047,91815
N:ACTGA,209076,62391,224323,237514,190462,216221,196929,176220,154245,149515,124218,127514,123922,123675,126124,105868,89355,86903,59460,87599,46093,64703,56324,62996
N:ACTGC,189069,65503,211869,207757,162068,172720,175653,161562,146838,133201,122803,126227,130566,114887,111278,107139,95369,85844,90869,89483,78372,75271,49468,68864
N:ACTGG,183479,96978,197766,200082,151897,168183,161684,142781,123382,123409,118363,106964,106763,100863,99501,88053,104300,78022,59256,70912,38755,61433,44582,43151
N:ACTGT,205622,66989,208447,239878,217098,242497,192746,173559,155501,148296,114779,118999,126329,120093,223292,101799,83631,77519,63747,87888,45523,65217,63391,58678
N:ACTTA,191516,50268,178639,209757,170462,213562,180260,159505,127487,132128,104787,101086,108435,109843,122418,85797,63424,58231,44230,87388,25971,52181,44246,28422
N:ACTTC,199676,56978,202775,222356,177342,218087,188379,171310,138637,143511,122779,116995,132402,114683,122256,103808,80124,77307,63904,95470,51150,75915,48677,52294
N:ACTTG,193508,45765,220299,216437,172721,200657,185951,164690,148402,138688,135484,121600,125375,111437,122855,106710,83064,103212,80767,99543,74967,72636,47580,59034
N:ACTTT,340450,92184,335969,366688,354331,415638,320810,291067,249717,232665,189279,190597,206123,199570,334296,158645,123890,112367,102197,142319,76554,96323,96703,82008
N:AGCAA,275041,80845,259116,300031,233104,270678,242170,225596,191441,184519,155069,152181,158659,149269,163333,124207,99444,94294,76725,105200,49044,82700,61927,49719
N:AGCAC,155274,48516,169992,181939,137802,153345,143607,133988,122488,117829,95667,102416,99569,95006,95499,80206,71206,66351,58194,67784,43007,56853,40060,43399
N:AGCAG,233486,63908,273795,282418,202808,220653,229770,200495,183011,175379,140820,158487,165544,145815,143216,134189,101115,103691,90858,125563,88078,107758,59702,80470
N:AGCAT,223238,55460,207353,244870,191476,238157,196547,172318,152955,159995,133081,120123,142523,116689,148399,109961,83833,80520,78000,110752,43421,81001,51914,52329
N:AGCCA,248560,62424,278741,313753,212506,229507,220400,203265,187180,177297,146052,156487,153915,147013,138174,119099,107453,118817,94762,106014,72792,92310,57409,60258
N:AGCCC,125657,37866,159832,161078,111326,113682,117161,109274,100883,102992,83206,94777,94353,78628,74005,79071,61676,72834,61728,53543,45823,56916,36528,46747
N:AGCCG,29958,7155,54148,41045,27301,31440,32116,27861,29317,24205,23614,24565,22089,21516,24690,20384,19917,22680,20482,13114,29962,14861,13644,15021
N:AGCCT,224448,67114,281125,274057,202436,209103,212988,196417,189512,172188,145231,161441,150733,147708,130488,123210,105038,118434,108875,93414,93539,92179,61028,80295
N:AGCGA,28595,13615,37068,35164,24568,26425,26957,26168,31846,22580,19985,25011,19177,22622,24573,23013,19019,20317,16287,15178,15702,13489,11848,13331
N:AGCGC,17613,6358,28713,30649,17858,29983,24285,21567,14669,18840,24241,14533,11596,18054,21399,17713,16720,16488,16124,30588,12716,19394,10031,15299
N:AGCGG,20949,5704,39986,25132,18924,20144,21785,20823,17240,17841,15927,16839,13960,12764,19318,14517,13532,14052,13583,14793,23645,10210,10214,11760
N:AGCGT,19791,8211,24558,26287,19120,20174,20164,20438,17245,16220,14582,18378,13936,14190,15971,14752,12084,10791,9207,19287,8554,9145,8302,10606
N:AGCTA,177698,47836,186043,206585,154877,181612,156807,147240,127925,126241,106776,102090,104152,103657,106790,89072,63523,65337,65895,73802,43127,58827,39765,44451
N:AGCTC,157399,35608,175374,183894,135969,152431,143174,131390,118775,119046,93121,103956,110962,96026,90471,82255,66173,68000,62170,63892,42696,58594,38984,43351
N:AGCTG,225228,64919,260264,275384,202925,214516,207400,193229,176842,170041,140125,152263,159181,145863,131258,127148,96977,104098,102700,92080,69547,90914,56154,71798
N:AGCTT,199773,48051,204925,245496,180746,206690,184748,168542,141843,147238,118748,117180,125761,118782,119148,100675,73914,69509,75173,86567,38540,69267,46553,48804
N:AGTAA,212710,60432,218876,240886,200655,246427,212427,187865,158444,152292,141026,121140,127564,128397,148200,98346,76315,70173,56109,91333,39968,53998,52025,31797
N:AGTAC,104892,37375,96252,111367,133353,146048,90839,83202,68412,73761,80475,55488,57499,55065,169462,49261,40931,37176,27401,43706,16609,28528,37953,35302
N:AGTAG,177523,53473,183078,197875,160238,179017,158670,151941,138618,125038,104875,103698,112544,111298,106739,88143,74455,69325,65498,80619,49453,59812,42671,43202
N:AGTAT,197873,77757,170664,211742,212034,270563,178921,164633,128087,132652,104624,95789,106658,106468,227521,92822,69858,54576,45424,88874,25881,47669,57295,49655
N:AGTCA,189208,62095,210602,224280,169722,198879,176232,159740,130590,138822,114452,115579,115566,106195,115365,93853,70796,83671,58868,87728,34023,63396,45261,41787
N:AGTCC,125017,113740,208709,153906,109301,118702,112113,103414,93664,91469,91246,87954,83837,72770,75667,69546,136768,145837,49528,52131,33029,47603,37016,38321
N:AGTCG,14618,22707,18448,17856,12397,13623,13356,13313,12029,10944,18256,10502,12968,8692,12997,9012,13379,17739,8515,6248,5955,6837,6196,5710
N:AGTCT,204472,57203,228391,225471,179086,199510,193650,171059,152368,139968,114781,123897,121428,123570,115934,97659,80536,82853,63963,83421,71532,62209,47108,44726
N:AGTGA,254338,85213,268043,287997,224371,252043,230322,214299,189299,180188,152273,157962,157916,150909,153595,128029,106913,120874,88788,105845,69362,85322,66637,69736
N:AGTGC,149355,53050,174109,175770,133812,149438,136993,130720,121765,111438,182422,103230,97000,94179,92513,90569,78637,75346,66937,63579,51153,56636,46920,69735
N:AGTGG,213200,100086,258977,236149,184225,202606,197430,177765,174020,152779,251080,138106,148193,122674,147806,157713,160231,133999,103596,101098,80805,92486,85657,122978
N:AGTGT,203592,63968,220001,233259,184476,219927,194492,173016,153134,147611,139895,120577,122024,115523,141884,107826,80161,79491,75651,101177,65840,83074,55501,61712
N:AGTTA,189116,71890,201998,203408,170527,204936,188414,160672,134088,129555,101517,103197,110158,108856,119109,88041,63543,65836,51558,74805,43217,46926,48136,41651
N:AGTTC,197073,56382,192295,202608,169483,187364,171671,155440,131719,129643,111286,106797,123305,110030,120147,89726,75893,74950,74228,75599,43343,58445,45056,43418
N:AGTTG,186172,48755,201619,193144,163360,189413,177831,148108,136976,124826,194607,110890,113177,110768,114410,97812,88205,73495,73478,102680,72783,70551,45307,55382
N:AGTTT,377298,101794,346439,379502,334336,396379,350196,307915,269720,240085,219024,209430,232498,220610,260371,185631,133747,125574,124643,183942,106542,133613,90733,96290
N:ATCAA,273612,114505,369070,278282,273354,304867,229961,211560,180212,174801,378401,137756,143664,141408,288555,127116,135231,249025,68046,99426,37877,76151,83847,79038
N:ATCAC,199285,64590,229890,218293,171804,200614,180078,170856,153680,143575,124395,121886,134328,120530,124122,121870,95163,124783,84197,94054,68067,74728,65791,105990
N:ATCAG,194868,44761,205261,214718,167389,196069,174650,158695,131951,133044,110064,109197,115888,105829,115302,95220,76264,70181,51876,81051,33165,56407,51679,57974
N:ATCAT,266452,118148,751859,304559,224432,267522,239144,210741,193715,172959,186320,156669,150320,145264,161892,112067,86190,628524,75460,107585,50737,66200,60356,50373
N:ATCCA,222595,101940,277897,239151,184827,227414,198016,178023,155428,158718,196163,126322,142205,120212,140386,122411,126513,139603,78823,90659,59182,84344,59003,72314
N:ATCCC,174201,58133,193425,188426,141542,151925,143588,138496,128308,117188,107087,107867,106242,105084,89710,91915,70184,82456,75937,76001,63383,65073,41749,57835
N:ATCCG,18998,5792,37759,21577,15735,17935,16738,19062,15450,14354,84758,13186,11956,11687,13514,11195,14138,14209,10240,8074,8960,8165,7025,8829
N:ATCCT,208414,65986,229110,234713,172913,204870,183452,170628,142423,148177,117361,121283,130002,115696,121353,101165,77292,86323,71374,95452,57519,75126,48755,54009
N:ATCGA,20957,102975,420739,42502,18982,21142,19696,17870,23347,14743,109043,27674,12219,12078,17465,14269,87598,315336,13671,8982,6133,9344,9453,12287
N:ATCGC,25648,15807,52168,27448,19974,21213,24361,21957,26853,18272,18745,21088,19265,19268,18696,14806,17929,17403,14156,10606,12951,10699,8768,10613
N:ATCGG,13472,4990,30679,16319,11609,13016,13035,11660,10907,10379,12741,9844,8991,8182,10445,9200,12242,11002,5936,5968,5037,5960,5489,5671
N:ATCGT,25750,10196,57232,28881,20328,23587,25601,21310,18520,17616,22718,16307,14355,14174,19810,12329,19250,39344,9514,10817,17745,10227,8366,8204
N:ATCTA,204368,72143,216774,216249,180540,223264,179645,166638,131664,139138,112724,102488,124607,105517,139868,93891,69632,82625,55411,86882,27687,53156,48798,42819
N:ATCTC,233594,65835,251829,256061,201027,226956,216980,196292,179799,164598,136926,140369,145349,144526,137240,121892,102046,96147,80675,95069,73253,74622,62776,77668
N:ATCTG,229661,64322,235836,254742,200098,230356,206432,183116,164544,164436,136280,134151,148250,135398,141688,118258,85270,88314,78108,113951,50504,85649,57563,67932
N:ATCTT,284053,77423,293048,308765,247704,306308,264919,235864,199620,194470,176465,158416,177030,159093,176464,147129,101984,106079,85199,128979,63276,85720,65516,70878
N:ATTAA,341022,109125,315762,383054,318285,403624,329313,297139,239494,238025,241760,184308,192180,188039,237977,155325,112305,109153,76100,143366,44086,81118,83036,47720
N:ATTAC,192512,129479,202965,220638,184615,215976,182027,164465,144472,137188,237572,111489,111732,115819,143295,96253,118502,89435,61070,81909,44088,56648,52308,47605
N:ATTAG,201813,70524,247578,227061,189044,218954,188686,173928,144036,142090,122625,115742,117430,115595,139464,94340,70659,96399,55957,81357,38384,54409,48675,37537
N:ATTAT,384224,344088,455809,411326,381416,473392,355283,319171,259468,254201,205713,196724,208311,206973,353572,168669,135970,157222,88455,152985,53056,84077,101790,74958
N:ATTCA,327282,154451,458343,346750,278465,339888,303696,265170,230671,218704,294766,182175,192435,183259,199978,162604,162141,290772,98868,144514,74896,99170,82404,75528
N:ATTCC,214192,704946,934891,279118,193061,230090,241238,174559,201324,149621,3252726,209497,130253,114906,214007,270311,693675,673289,138957,115802,51068,176373,183208,253072
N:ATTCG,24069,146856,519082,47530,19285,25156,22221,19024,26600,16264,187887,36172,17312,12649,22628,19971,155071,385566,19632,9377,7115,11875,14063,17976
N:ATTCT,382228,182750,466447,394487,354675,399104,359798,318295,287728,257811,376750,221840,247321,216954,270098,190554,202818,211725,127234,173146,132012,125072,99014,99094
N:ATTGA,249334,139079,396211,267310,210098,261132,221627,198499,170763,163607,218353,133706,141315,133465,156804,117150,142934,228489,63333,100330,46066,74134,64014,52634
N:ATTGC,183063,106066,229065,196288,152456,180461,160023,149512,130846,122976,376575,104539,105380,97735,110959,89770,108757,83604,62019,75885,35648,59004,47801,47247
N:ATTGG,176445,95943,181005,185854,149517,170110,152002,138488,114417,113348,135564,96370,102309,92413,101078,80481,80600,115077,46164,64178,30468,52533,42555,37673
N:ATTGT,273175,108347,251448,281120,227931,280656,236715,215166,177234,176550,172408,135576,157063,137913,169196,120909,94699,87095,61748,107873,40068,66777,67076,58565
N:ATTTA,445058,158545,404609,487360,410927,514387,424109,387008,308517,305967,243047,233248,245357,242388,315788,204559,142526,136272,101535,182580,60662,105299,108672,66740
N:ATTTC,384929,164100,437535,419408,354121,425865,363837,329255,285396,265145,268445,225456,218996,218322,280306,193222,194793,190209,103403,186160,92595,119343,103846,96846
N:ATTTG,367668,145049,438294,404458,343913,388138,340396,297460,274370,250428,205668,205888,210887,212056,294891,180617,170058,269198,103792,179456,67301,113224,94506,89982
N:ATTTT,770299,257666,723917,844899,758049,912508,720351,654158,549471,526490,430874,410037,426562,423971,664005,347377,258395,236756,195379,318761,131076,192571,202568,142052
N:CACAA,264465,83055,284144,273403,230756,264714,253257,208529,197857,174778,147955,155197,163108,154806,175854,133063,108942,100777,83066,115960,98523,87778,72193,85910
N:CACAC,245242,71729,291935,289481,218232,245615,246310,220968,206271,182577,162178,173368,158059,165865,161576,137244,108633,119182,94626,123884,98229,99020,73178,75114
N:CACAG,260375,81762,292731,296801,224582,244520,249771,217567,210427,192863,154662,183509,191182,162089,153248,150766,114502,125084,122600,121721,106134,106194,68581,91010
N:CACAT,279736,100270,266006,302233,236944,281813,259084,232231,200235,192143,156294,158307,170249,161720,176484,142061,108027,104195,82950,119843,68503,94354,70849,74830
N:CACCA,247294,72721,276427,275813,211516,227199,211721,196908,187226,173395,145018,154656,154367,149360,153566,126910,99889,126791,102540,94001,77343,90302,66120,75130
N:CACCC,146565,51676,179527,178522,124644,131178,130498,122743,116002,111564,98290,102578,99464,94906,87289,89328,75023,77229,68797,60207,56878,64240,49566,67387
N:CACCG,28813,9274,47744,39284,25498,28019,27090,33395,27140,24209,21692,23365,20822,20445,31264,24432,22241,26651,17598,17456,16879,15094,16774,20480
N:CACCT,198199,55213,232511,236223,172698,185408,177736,167811,161315,149075,125513,136900,133131,126979,115112,115025,95029,96838,88804,84181,69679,79153,58840,86563
N:CACGA,29081,12628,35123,35906,25620,27185,27790,25170,24528,23597,44029,22613,18584,18507,21675,17913,22839,24472,17872,18225,12174,13694,11924,12138
N:CACGC,37684,9139,53405,47098,32419,34019,34620,33751,35848,28952,28224,29512,25958,27058,30260,25773,25021,24245,24397,16687,24456,19431,16949,20928
N:CACGG,27508,17530,39988,38101,24851,27197,27624,28136,26028,24164,26876,24026,24403,19818,24240,20616,20031,18889,17965,13275,14330,15388,14923,17725
N:CACGT,44606,13294,47174,48641,35214,39635,42787,35200,31702,33377,26870,28230,25852,24529,30465,23002,20629,22438,18641,18237,13820,17365,14749,15372
N:CACTA,141607,39002,131919,150293,126905,146023,124290,113494,93554,97044,80128,75620,82909,76110,96562,66813,47277,48090,40045,57045,24222,40018,36024,32320
N:CACTC,177588,111434,226866,207965,157033,181059,171319,154960,154198,130112,332513,124854,111241,108650,134408,142628,144828,112888,91593,91939,78423,89651,80458,118115
N:CACTG,246456,80384,283507,296222,219239,237358,225745,211684,193345,183141,157365,161250,157222,151621,150393,138502,125848,124249,100522,100086,79072,93913,74811,96636
N:CACTT,254853,71499,278896,278723,223734,259592,237909,215676,197138,181729,155680,158156,173779,146923,154469,136197,107998,124495,102822,122633,85465,93945,63427,77102
N:CATAA,242694,131443,236532,252286,251871,300839,217186,198802,161394,161051,128960,121898,134770,126391,266536,117631,91891,75683,59945,108014,38329,67253,72924,64068
N:CATAC,135045,67150,120421,142281,116099,162405,120280,107134,87528,88370,90045,71461,73600,71038,93581,64475,57128,51820,33290,55858,22329,38972,35318,30686
N:CATAG,168482,68517,184325,182036,141956,179320,150201,134521,118919,119783,99098,94485,97047,93536,101709,82033,64477,65892,49492,82171,41920,53403,40499,39213
N:CATAT,292094,212078,249659,295963,265756,312037,252502,223142,184327,180227,152504,142831,153409,147543,241167,134777,112494,101298,64669,115378,46523,70142,77539,83088
N:CATCA,251570,66512,465059,272165,216604,241009,212339,197870,181218,165690,141126,143334,156878,139725,185885,123233,96968,331157,84175,107172,58451,84237,69062,86351
N:CATCC,155960,51775,198457,184146,130510,147811,137623,125735,110509,115399,136942,98950,97975,89232,91138,81633,67004,89800,61004,66686,43961,64419,39962,47796
N:CATCG,22809,11231,233699,35310,16629,19011,22003,18478,19622,15353,16853,20158,13198,11910,14141,12566,19024,188092,10807,8777,7224,9870,7197,10246
N:CATCT,244356,79405,314093,281056,212625,242059,226245,208038,178427,176658,144956,151624,166794,151837,148032,118474,92935,120292,86240,107513,57759,81186,59915,55275
N:CATGA,233513,74911,249070,261177,205039,234377,210524,191377,166607,163379,127640,133920,133822,128869,148479,105335,78156,108359,66818,92083,46905,71834,55377,45568
N:CATGC,169126,52497,195558,197877,149379,160972,152817,140332,131757,125532,129728,109200,104513,100631,107265,83542,72119,76435,63354,68496,47023,60423,41967,42420
N:CATGG,214172,80151,266433,242408,179128,197266,189250,172327,154720,152291,155699,136509,129264,124349,119934,106248,86607,112327,72698,85228,54404,75339,50446,54961
N:CATGT,258712,98082,243452,278732,229616,255531,229069,209326,175510,178502,141319,145588,146446,143389,174164,116835,88263,99619,77087,101071,52182,78922,62138,52003
N:CATTA,228046,128616,270970,247732,212702,250272,211101,188023,154313,153991,246945,126449,125776,128686,164200,107514,112909,117055,54389,90972,30751,58101,58914,45656
N:CATTC,259723,716920,931916,305850,215964,270070,266197,201900,230262,177779,3105297,223121,180959,137273,231658,281819,769469,613329,168303,136126,64892,199866,187615,256406
N:CATTG,221800,127219,294926,236453,184666,211996,191637,173665,153695,142913,348898,125479,128372,113664,130040,107277,117838,191494,61665,80796,48840,69777,61116,68663
N:CATTT,465337,203482,571579,522071,405557,504191,430497,385843,328250,319985,313841,262383,261807,251901,301840,227199,238853,300602,118943,203511,69960,135172,115475,89085
N:CCCAA,210276,53144,225517,237688,203675,218062,183793,171046,153778,147223,126416,129737,130357,125821,173645,102953,83962,89234,80329,87034,64951,77147,57510,58499
N:CCCAC,175773,50871,199994,203903,146781,156680,154421,142175,130612,129090,105888,117114,115140,103950,100616,94105,76919,81530,71188,70205,55709,70506,49905,55628
N:CCCAG,281144,85271,365136,353075,246649,245180,256421,240643,241445,215005,189705,208671,200566,185332,160672,163566,139578,162794,152290,111519,128034,128430,80564,115334
N:CCCAT,192083,69393,190952,205582,155024,172288,164089,151258,129211,132866,117186,112108,113221,105555,105370,96815,71849,85778,61405,83814,46182,71164,45316,52302
N:CCCCA,196563,50027,233467,236603,173309,173080,173806,161451,149013,147284,125831,136219,132649,119688,125110,109606,90685,95446,85039,79075,65518,83462,58597,68267
N:CCCCC,100369,21688,128037,122936,84702,86731,87434,84157,81004,76034,67984,72616,70911,63049,70021,63658,59024,53933,50890,39511,42123,47252,40564,46735
N:CCCCG,29288,7047,48265,41967,26361,29898,28279,27849,33506,25878,25501,27252,24805,22126,35512,32423,29519,23183,23568,13450,21688,17696,23618,24367
N:CCCCT,142732,38276,180505,174677,121425,125190,125335,118667,107598,105997,151548,99416,97398,85608,82529,86788,69062,68615,64936,57217,46252,60536,44243,63828
N:CCCGA,24461,6445,54949,31233,21880,22347,24754,21279,23460,19676,189080,21370,17211,16660,23227,20363,17878,16171,16718,10681,14355,14708,15366,17287
N:CCCGC,27654,6976,45829,38738,24867,28393,26190,26421,28470,25290,23672,26256,22520,20776,36510,29221,27539,21134,22376,18994,23970,15213,21280,21503
N:CCCGG,38998,9661,62837,52170,34696,36963,36133,36752,40810,32016,32281,34218,30586,29586,40867,32257,34775,29580,30898,17299,30464,20631,26398,27089
N:CCCGT,33427,9181,47874,38619,25757,31800,31392,28736,32333,25536,31093,24109,28908,24459,25189,26070,21377,22066,29351,23363,23539,22500,14427,23260
N:CCCTA,111709,33776,114703,125797,96822,105839,99317,92569,76772,78473,67643,65750,69128,64948,61904,56356,42554,43807,36005,48203,23653,37884,25716,26424
N:CCCTC,155822,41907,190470,196278,134841,140790,142163,133743,120582,121621,107612,111556,115696,97119,102796,93722,79167,77869,75687,66726,54529,72461,52568,60246
N:CCCTG,174999,53882,227451,233893,159079,164174,165932,156082,143450,143980,181956,133571,128903,112929,103658,111453,91379,95146,83193,76506,64034,83733,56422,84290
N:CCCTT,190158,71555,212492,215566,157531,174478,165709,156739,139436,132079,169299,115235,115611,107789,109764,106688,93001,92352,67872,86264,42038,71027,48548,59206
N:CCTAA,156830,49633,159459,173338,144962,159112,146581,130646,106276,108724,87779,85826,91474,89885,103842,75418,55587,54486,45002,64596,34600,47365,38728,38019
N:CCTAC,101395,27060,103315,111200,88746,98720,89215,85233,67838,70893,57797,56924,64309,57967,60728,59248,47896,37679,32377,40730,20486,31424,29134,45592
N:CCTAG,130737,34036,133055,141819,109289,118210,112374,106950,86551,87521,77548,75976,81397,72019,70518,65916,55998,45866,40823,52910,27731,40978,36328,53032
N:CCTAT,145503,50070,140122,154918,122670,149820,130180,123531,95886,102651,89194,78723,86746,82494,85488,73797,56339,46864,45808,64340,44904,43702,35665,33531
N:CCTCA,245215,73766,299952,287037,214564,233949,224464,205964,197555,180559,153387,162591,166653,155514,137484,130127,104940,119661,110340,112246,100409,102507,59363,75909
N:CCTCC,246858,67777,324487,308615,215905,219031,223649,218858,214932,191214,171320,184456,176259,168681,156325,148087,125457,137217,135410,101509,117111,113911,74342,90641
N:CCTCG,32103,7914,45809,42224,28125,29216,30169,29584,30371,26090,25293,26266,23471,22914,28328,24314,23529,25321,20748,14395,19749,16163,16957,21525
N:CCTCT,228873,59666,265333,273870,204280,215866,214261,200974,175612,171187,148245,152604,167611,149346,137840,127889,106062,108821,98021,97999,65380,91287,61980,69045
N:CCTGA,222440,57933,242738,263449,190440,211927,196670,182833,166676,160951,142751,139338,141541,129693,123907,110991,86827,93044,91642,105986,66008,86073,52404,60121
N:CCTGC,169601,54078,218391,228020,152746,169368,160819,149439,144030,143535,167569,132251,128422,111648,107716,101409,86351,92524,85717,86893,65419,83494,50723,64997
N:CCTGG,239316,72244,320998,311131,215556,219863,221571,209433,211618,190793,170727,185836,173940,162385,139009,145290,124429,141546,129315,99553,110048,113163,71349,106325
N:CCTGT,214924,81780,246033,253460,187594,200493,193511,182298,172424,158730,149825,142501,149658,133381,129215,122051,98722,103930,94123,86548,75838,82179,62225,78831
N:CCTTA,144178,42230,147060,160770,126707,147476,138785,119620,97998,100525,110256,79810,84432,80393,84661,64900,48564,53150,38469,61802,24619,41465,31961,25216
N:CCTTC,210856,82745,240640,244344,187076,198219,199354,183416,163211,154280,159736,144376,140750,134815,130879,108662,103099,103333,83708,87910,62660,78122,56547,56224
N:CCTTG,189562,57924,212002,211267,165606,172755,170919,157962,134316,134607,110838,113777,118207,109406,115766,93358,73728,77893,68173,73815,60745,64946,46671,52132
N:CCTTT,310144,183990,362286,336384,263254,309865,290539,254873,232722,207357,288706,188813,183845,185807,190131,178924,151942,155171,110027,152595,97543,118906,81510,97078
N:CGCAA,20584,7227,20752,21684,16733,18592,17033,17093,17754,14134,17475,12384,11790,11460,14538,12021,11061,8758,9088,8399,7063,7910,7675,7947
N:CGCAC,18117,4855,33905,27691,17887,17475,23082,21565,23504,15257,13537,18628,13129,16794,16532,12847,12867,16250,14115,8279,21771,9243,9231,9536
N:CGCAG,26200,9190,36352,32273,21326,22448,25752,21983,21804,21209,18173,20017,23211,15883,18155,20297,15267,16285,15539,11214,14445,12186,10602,17587
N:CGCAT,19366,11038,44313,23198,16593,18179,17985,18022,18146,16739,13609,14114,12277,12220,12852,11088,13576,13358,9122,8495,6561,9061,6538,6741
N:CGCCA,31867,16757,44393,40558,28462,29610,29615,29068,29487,25128,23679,25636,23840,22424,23510,20733,19698,20311,19989,13579,19345,15202,13098,16248
N:CGCCC,32378,7268,53346,47083,30006,30764,30747,31236,33338,26642,26606,27708,25604,25556,33900,26015,28721,23843,25985,14588,26655,17210,20424,21890
N:CGCCG,4759,1362,12878,9322,6096,6653,5821,7699,7454,5234,6055,6562,4969,4839,20365,9024,14456,7068,6176,3143,7029,3502,13380,9225
N:CGCCT,43900,9556,64698,55455,39332,39397,40158,43899,43454,33729,33903,34459,31768,33123,36542,36761,29487,29775,31712,18746,33214,22807,18647,26402
N:CGCGA,4309,1445,7822,5874,4256,4531,4540,4633,4975,3737,26251,3969,3429,3557,8257,4315,9700,3378,4065,1982,4039,2582,4952,3830
N:CGCGC,8671,1959,18016,13048,8824,9882,9245,9970,10273,7885,9050,9198,7605,7879,21305,10513,16106,7406,9082,4690,10601,5299,13760,9459
N:CGCGG,6517,1735,15450,11810,6954,8219,8325,7975,9367,6841,8106,8236,6498,6194,21662,10404,15274,6986,7839,3960,7994,4409,13950,9963
N:CGCGT,3511,1307,6713,5561,3361,4050,4770,3954,4262,3500,26108,3998,2968,2922,8776,4493,10307,3212,3423,2038,3387,2570,5841,4112
N:CGCTA,15318,2991,14737,15154,12655,12577,11933,12121,9803,9624,7806,10299,8142,9273,9036,7057,6202,5837,4989,5478,4026,4683,4354,4129
N:CGCTC,20461,5639,29985,33613,20459,22860,21900,25776,19440,19621,18767,16822,15473,14732,25996,23789,20029,13311,17762,24726,14783,17321,13955,21173
N:CGCTG,22862,9369,35515,33761,21902,24034,23767,23443,22892,20563,20862,20632,17911,16156,19764,23068,15391,17671,14456,20288,12352,12621,10723,14376
N:CGCTT,28308,15889,50095,34705,25455,37257,35591,27661,28865,25673,27300,27010,17140,27470,26543,16102,19786,24829,17995,29355,29457,17612,11412,11337
N:CGTAA,21178,7150,21074,24459,18986,22364,19436,17491,15465,15259,27170,12423,12065,11858,15682,12424,8436,9861,8206,12633,4391,7614,6588,7658
N:CGTAC,10898,8772,11260,12711,11683,13575,10278,9382,8167,9827,21626,6920,6646,6380,11793,8003,10237,8540,3833,4644,2889,3838,4894,6320
N:CGTAG,17506,6626,20135,19941,16635,16915,15171,14856,12362,12066,10447,12157,10302,11495,14443,13974,9712,8749,8918,9642,5011,7029,6794,10997
N:CGTAT,28610,27548,30614,29375,25610,28269,27977,23580,20707,17994,22389,17511,14491,19029,20618,15903,12618,21118,7511,10919,7105,10021,8275,11552
N:CGTCA,21776,8293,44949,25300,17489,20567,18759,18034,16216,15461,14963,16314,13448,12495,17998,15751,12100,16565,10684,9744,7444,9754,8628,13393
N:CGTCC,17322,7990,21655,21696,13642,15616,15000,14895,21414,14242,13594,13816,12082,10868,19435,15312,17945,12762,10925,8060,9133,9466,11773,14587
N:CGTCG,3113,1131,5185,4104,2304,3168,2761,3477,2746,2895,2320,3208,2217,2023,7480,3399,5169,10687,2043,1456,2826,2367,4976,3361
N:CGTCT,38766,10572,42868,42073,32276,34631,32322,33200,33889,26431,25143,24855,23347,23103,28896,23027,21559,19636,18551,15550,18271,15703,14988,17624
N:CGTGA,42473,15399,51412,48531,36222,38092,38153,35634,35107,34208,29236,29005,26332,26981,27668,23078,20980,21751,28028,20261,19829,18323,14177,16056
N:CGTGC,25380,8653,35333,32924,21696,24339,26534,22808,23011,20435,18585,20431,17894,17498,22888,18053,16748,17348,14836,11705,14097,13112,12276,14312
N:CGTGG,36505,12011,50172,46809,31387,33464,36773,32706,32647,30013,26216,29047,25563,25068,28223,24256,22575,23878,21074,19188,18369,18735,16200,18578
N:CGTGT,34519,16528,38775,41477,28793,32138,31358,31104,27330,25437,51960,25899,25007,20364,27863,21916,28218,27061,14932,15270,12478,15706,15889,17216
N:CGTTA,20492,9196,19880,22019,17209,19918,18276,17029,13979,14065,14952,12947,11521,11240,15103,10022,12083,11332,5967,8517,4090,6765,6196,6076
N:CGTTC,22612,37464,76534,25107,19515,19584,32526,23117,29230,15116,197080,20806,12621,17079,19523,18988,55223,32597,13322,15760,27910,11441,14410,15731
N:CGTTG,25756,8611,48668,31542,23636,33298,30260,25693,26186,22359,51367,21379,20597,20259,21469,19923,14017,31558,18803,22894,20036,16881,9351,17361
N:CGTTT,56629,36231,100293,50743,40491,49156,45325,44091,39321,41515,37719,32026,38194,29812,34510,34557,34721,31264,34810,32820,20506,25194,15274,30489
N:CTCAA,252896,71664,281053,284164,221053,259965,232973,212296,195529,182759,153132,156380,156485,161655,154243,125156,129563,134376,95015,123526,91484,98801,61671,63281
N:CTCAC,205724,63223,249261,233349,181876,188536,196664,178572,179563,149157,126101,141523,143945,132540,122095,113625,92052,105788,98579,81714,94505,80251,56288,68417
N:CTCAG,275671,79309,329822,325882,246158,268839,259679,238798,228375,207406,182134,187153,195230,176304,159598,156806,121849,131888,139131,136670,116668,122342,68462,95665
N:CTCAT,229007,61447,247357,259532,199456,236638,209561,189398,160003,161994,130501,136043,138315,133306,137361,110594,81096,90847,67568,91435,46073,71439,53997,49080
N:CTCCA,260477,135966,301851,295184,222033,237651,234482,207630,204356,186015,247110,169778,172855,165858,172945,173300,182781,151953,118153,114245,90479,108123,94443,125628
N:CTCCC,229528,61335,286021,278529,198379,204434,204520,196831,190016,172963,164659,164370,157845,148808,146006,128543,114275,119608,116583,92974,95726,100936,72129,81880
N:CTCCG,28898,9090,44534,39418,28844,28893,28952,28751,28928,24060,26721,24976,22548,21699,28279,23006,23276,21622,23009,13530,19721,16614,16924,18163
N:CTCCT,266105,73836,336084,325746,237173,254122,247549,235953,218317,203078,176638,184947,180668,177078,158587,149252,121790,127664,120040,120945,110205,109061,69884,82779
N:CTCGA,29830,60481,121198,35970,22826,28337,24700,22833,25225,19951,83879,25989,16980,17775,21011,20633,61464,103543,17980,11201,13182,12287,13288,16410
N:CTCGC,21638,4715,29475,27128,18543,19565,19301,19745,19306,18473,36670,16613,15098,14368,22223,16262,16201,12993,13053,9143,12219,10181,12030,13392
N:CTCGG,39922,9429,56334,49147,33885,35575,37044,38930,38270,30421,139131,31794,27686,27661,32756,28887,32204,27419,28349,16498,25971,21657,20724,26124
N:CTCGT,26622,6684,29798,30487,21855,23853,23869,21966,20918,20354,37462,18171,16317,16201,19985,15710,17866,16779,11672,13765,9998,11343,10383,10644
N:CTCTA,187351,56121,207743,217853,173511,200226,176664,173290,145081,134749,114718,116625,113836,112937,128580,95571,75327,78031,62892,95129,57514,68737,48016,48471
N:CTCTC,239336,62706,266368,280079,204888,225023,216114,198703,177134,172556,163602,151993,155568,137961,237108,139578,153671,94641,101138,96567,67155,92910,116688,87101
N:CTCTG,291425,85032,372762,335941,256758,279487,293027,246864,239810,215662,197936,209771,215933,188541,194094,194370,151192,153609,140882,130757,131967,122475,97552,145909
N:CTCTT,298750,86996,315213,334962,262876,299385,272289,257256,214532,209079,175403,173291,186705,176091,188079,151686,119402,113790,107854,145224,70624,108164,78703,82992
N:CTTAA,212218,54461,202612,239342,193698,237796,203079,183722,147425,149672,117239,115661,121641,121593,134615,95564,65915,63857,51485,87367,30066,54622,48252,29414
N:CTTAC,119810,28444,122490,137304,109943,129825,117117,101671,84058,86859,98930,69464,71402,70484,80757,56587,41403,42454,32381,55849,20328,35181,29748,21345
N:CTTAG,136564,33699,142036,158888,124322,144481,131890,118731,101975,100303,78110,80890,87625,79334,82821,64927,49806,55744,38530,65609,24391,41558,32905,28560
N:CTTAT,207696,63712,189189,226625,182384,228352,191573,171338,136743,141837,111975,106122,117574,117051,128362,91597,72172,59206,46966,86291,27692,54279,46863,28343
N:CTTCA,279400,82477,274013,299782,239365,276813,246847,228970,196911,184914,162498,158271,179452,152550,162921,139858,98323,97583,86264,113696,63547,91047,63617,68262
N:CTTCC,245384,92886,288680,295730,214216,250418,233835,215201,184015,189586,200519,161491,175103,147483,156244,140478,123394,114236,93179,130011,84486,102836,65823,78901
N:CTTCG,24490,13667,68558,26678,27938,22537,34621,27751,29751,18798,14240,28716,18218,25989,17152,13202,16101,36567,18979,9694,17907,9705,8582,8986
N:CTTCT,325888,87095,336179,370015,287108,339349,303279,279456,231893,238046,197933,196771,204118,194806,200160,172040,130368,120506,129847,153752,83183,122642,82752,90805
N:CTTGA,217713,59859,244131,251229,194983,227693,202234,193124,166897,158645,149019,136460,134878,136753,132415,109131,97378,114271,75078,99589,72411,73394,51057,53937
N:CTTGC,163890,49174,183179,180605,139512,150175,149406,130911,129865,112232,95892,103969,111758,95716,94261,83292,66407,69414,73012,74547,58791,61430,40262,46964
N:CTTGG,191491,58228,215940,234976,175929,181338,174355,167266,143069,142314,118203,123717,122892,114823,121125,97098,81022,87713,76120,77360,53426,73981,48560,53706
N:CTTGT,200170,57297,206109,215210,169145,197606,186191,164210,135897,136175,113957,109724,113510,107136,118859,100819,72516,72251,61631,82077,48239,62794,50525,52734
N:CTTTA,280616,74503,279218,300719,249175,299548,264183,234492,199601,188115,150203,157519,161778,160978,173050,126706,86196,90266,69079,116058,61360,68485,63444,47145
N:CTTTC,308923,173405,340514,349858,282154,323033,282499,258187,230851,217971,311892,191268,198220,183110,247486,188126,173036,138143,112100,153754,80204,117296,100083,106763
N:CTTTG,339983,98051,336444,345639,323930,376404,303710,273943,239580,222713,200066,195150,211375,201530,294147,159665,137885,143448,130451,144789,101679,119864,92219,99694
N:CTTTT,521748,140389,484269,556966,446185,527090,477442,426286,366381,348004,286058,277045,292067,294667,322927,250743,193306,179555,149653,245260,122327,172148,123140,116102
N:GACAA,189118,51941,185040,208006,159844,184661,165531,149836,127385,126476,102374,104149,110144,99636,110268,90772,68402,65877,49845,77251,32177,54290,49514,48735
N:GACAC,132983,47362,130754,145963,107094,129112,115078,105877,90508,96942,76706,78553,78334,74286,81423,65885,63377,64244,44809,63423,33086,48683,35971,33392
N:GACAG,178371,68114,232930,223867,167194,181210,182815,161230,155824,144131,120509,129154,123042,130953,159286,125351,103939,97354,80373,98171,81621,87887,75153,87380
N:GACAT,179211,76154,168494,202021,151925,189325,158864,145384,122610,129219,104218,99735,105693,96872,114876,95128,73836,65700,54347,83588,35584,61263,51112,61506
N:GACCA,135592,45329,173518,154339,115044,122988,121375,112498,101098,95602,79344,86311,87474,83209,77659,66341,68284,60285,58187,53192,41854,47729,33611,36656
N:GACCC,83846,28411,129410,103391,72027,75687,75619,70471,66179,64063,54407,61920,57460,52331,52783,53467,40215,47439,37284,33956,31388,36202,26664,30332
N:GACCG,13437,8894,16540,15220,10503,11377,11589,12105,13750,9655,8615,9487,8767,7733,13719,9191,10720,7310,9512,5228,6700,5614,8525,7541
N:GACCT,131680,42175,158520,145996,111809,117132,119747,108549,100346,90263,74607,81918,86258,82637,70271,68663,51701,61059,56703,49000,51149,46431,30708,37138
N:GACGA,20779,7207,41227,20740,14213,16235,15668,14623,13497,12951,10590,12626,10931,10361,14432,10220,9996,22861,9139,7649,6764,7662,7285,7243
N:GACGC,11230,3639,16818,16810,10945,12039,11671,12056,11340,10709,8757,12019,9177,8189,15805,11016,14394,8508,7421,6564,7552,6220,8973,9886
N:GACGG,26465,11497,34548,31564,23505,25858,23283,25604,26825,19752,21036,19479,18153,17622,26744,20235,20782,17846,16061,11369,15958,13965,15525,16710
N:GACGT,22505,5644,22094,24057,17047,19852,18224,17322,22606,15615,15639,14069,12829,12316,16829,16027,11602,10442,9581,9228,7404,9445,8582,15126
N:GACTA,110820,40414,111636,121258,97930,112251,99578,91322,79150,74950,61187,60803,63800,62480,64678,49919,41984,36686,32333,42111,21285,30421,25029,20728
N:GACTC,107999,92985,201112,138984,98679,107162,101699,95540,87093,83447,73305,83147,75116,67772,71458,62728,105945,157407,47640,45838,35742,43474,35013,35920
N:GACTG,138784,82485,163703,162321,119612,131037,125044,112201,99370,98260,104094,86913,92604,78296,80297,72179,89705,61577,52428,62330,34492,47954,35110,37951
N:GACTT,175721,39862,189723,198963,154294,180271,169037,148478,123049,124556,100158,107081,102301,102695,103539,85251,63853,74438,48488,79255,53040,58206,40427,35955
N:GATAA,203198,59967,245337,214732,175991,218277,185221,167434,134712,135835,105473,106197,118419,108018,124037,89941,65226,80111,56117,79508,28513,51978,44860,31954
N:GATAC,108373,34475,106886,119538,91162,116176,92915,84240,69919,75004,68602,54226,57749,55106,65105,52227,38704,39134,25510,53458,17552,32796,25190,27505
N:GATAG,137007,43565,119015,140351,109882,136971,112372,113512,83622,94039,72738,66665,75275,68724,80820,67257,45746,40074,42887,55112,22577,42104,30384,31605
N:GATAT,222028,100887,200480,223031,235608,276810,204509,181629,156017,147149,129216,111372,132574,121266,247657,129173,104832,73458,61293,107119,61617,73257,74481,104772
N:GATCA,161435,43952,208222,174824,135563,152513,139733,128856,116028,111200,94506,94560,102150,92558,92673,89591,75113,88445,54383,62052,43112,48855,53342,80854
N:GATCC,105148,34151,126033,112319,84316,91670,90270,84001,75080,73107,60724,63142,62247,59417,57545,53231,47709,52338,42522,38328,42070,37209,27651,34658
N:GATCG,20501,7477,32261,23785,17523,18434,20965,17680,18149,15769,14889,14028,13132,13797,16461,11829,15352,19299,11689,8603,21505,8950,7460,8202
N:GATCT,159094,41105,160638,173411,135097,153572,141065,129957,112432,108891,89824,91657,94621,91691,89883,77457,61001,60037,55145,61605,39820,49188,39482,44524
N:GATGA,201333,54183,645489,238615,161683,189537,173820,160242,145358,134324,153516,127512,131863,108509,119269,91559,70643,495012,69301,78504,38707,60837,48157,48813
N:GATGC,109532,38042,113125,127794,93890,107377,99612,90037,83871,83170,64233,68826,66860,62111,69889,55984,50283,50217,40553,44830,24321,39562,28094,29785
N:GATGG,194367,64890,254809,208740,155153,170802,164572,150450,136282,130847,115629,118178,127345,114531,103972,93254,78179,97000,72266,72065,53115,71803,47113,52156
N:GATGT,169470,51850,197878,197526,165635,182177,160199,149385,124260,124754,106491,99547,108779,107547,146067,95108,76822,87097,60098,94751,51247,67507,52770,68914
N:GATTA,185780,61518,226644,211533,173136,197892,171302,156768,137134,131021,115721,109949,108352,108325,124426,88016,76319,104358,58335,76886,42832,52756,44944,41003
N:GATTC,168327,177318,693536,204378,137111,159939,154107,131027,135893,116907,445680,117459,111451,94317,104660,99201,179192,624364,72669,78494,52054,65926,51398,68705
N:GATTG,155193,82244,213706,158866,123398,141843,127182,121725,102222,99711,221852,86012,100267,83912,90676,76065,82453,82145,53141,62748,31073,50860,40622,41428
N:GATTT,295128,91955,308443,321180,257093,323048,278403,245782,225393,204679,171055,175139,173562,174095,183358,144800,109339,158232,82678,139489,65326,87976,68983,67547
N:GCCAA,169616,51455,183161,201300,147200,158853,154211,138035,129719,118719,96685,105006,102271,101278,94652,77847,64964,76820,59604,73712,45644,59570,38162,36420
N:GCCAC,150560,41303,183242,183459,132027,135724,136009,127678,126300,112783,96960,104710,102381,95770,89605,81451,71939,78352,75449,62490,60073,61701,42144,49209
N:GCCAG,173308,56543,219979,232118,153429,157478,158382,146508,140283,132289,112318,123185,118846,109678,98971,94022,84880,95773,80737,69319,63250,73957,44995,56944
N:GCCAT,166476,65721,165758,185417,140510,155666,147215,133456,118613,114567,122804,101357,99638,92533,94021,77773,72436,68832,53118,63895,37311,54959,38725,37074
N:GCCCA,158232,45158,196777,194734,138714,144166,143152,134390,130399,120127,102110,114638,108559,101418,89888,88592,72509,88703,76333,64702,62210,67511,41238,53968
N:GCCCC,89565,21080,129943,122792,80837,81390,85297,79298,78944,75474,67393,73589,70512,60090,62385,63866,56649,55014,51071,38364,40976,46769,38064,51539
N:GCCCG,28756,7024,46232,38095,25445,26601,26392,26378,28520,25505,22869,24134,21913,21094,32296,22599,26148,21112,21304,12260,21608,14571,19766,18968
N:GCCCT,116181,40729,146494,154903,104381,108298,111120,101859,90490,93522,80003,87437,87548,71954,71532,72765,59116,58578,55307,53763,38130,56242,34951,43016
N:GCCGA,27751,6507,36999,33924,24070,25145,24882,24474,25828,20761,20265,20485,19244,19239,22860,17541,18938,18828,17920,11285,17541,12761,13009,14447
N:GCCGC,15119,3983,37144,24577,14426,15811,19378,15417,17679,15388,14128,15108,12944,11966,25500,16243,19155,14867,12750,7788,22497,9008,16018,13842
N:GCCGG,24452,6174,42814,36615,23171,26523,24235,24361,27342,21439,20976,23414,20643,19371,33932,22839,27572,20041,20062,14218,20562,14399,21666,19241
N:GCCGT,14535,4419,22474,20934,14611,16895,14963,15626,14070,13122,12689,12815,11152,10153,14368,10886,11476,9966,8297,7481,7163,7423,8656,10157
N:GCCTA,104078,31516,108754,116135,92142,105249,93274,88576,72309,74944,65558,62798,66122,63350,64600,64808,56848,37170,36222,54899,24192,38912,37853,62335
N:GCCTC,199022,56601,271390,246047,184501,183397,193789,182618,190573,155287,139067,155171,148986,147552,122467,123214,104392,122853,115934,81355,112267,91587,58437,77396
N:GCCTG,218496,62993,278969,271175,189501,195439,193207,184229,186359,166996,146978,159317,151549,141910,129694,121945,108441,122692,118438,96028,99803,98694,61948,78422
N:GCCTT,169247,55944,189787,186818,145402,151928,162394,143844,127530,115881,101506,107263,103799,101119,99719,83483,68163,73886,58245,65858,49379,56389,41779,44925
N:GCTAA,144724,34498,154668,165757,129124,147054,132209,122236,106025,101201,82761,86166,85491,85461,87859,69649,50795,53104,48757,59834,33897,43630,32574,29808
N:GCTAC,100369,27442,104290,111354,86718,94086,87176,82179,73660,70011,56950,59251,58998,58745,58233,47660,38281,39946,38683,38243,28649,31883,24336,25040
N:GCTAG,96022,24397,109278,110751,84333,90586,91573,79763,76660,67286,53518,60779,56752,55609,51923,44615,33168,38873,30831,48639,29547,31542,20135,19470
N:GCTAT,142745,36107,126929,148957,117927,146973,121609,110746,91100,95178,79939,72016,77516,73709,84872,63200,50367,42832,37676,57467,22545,39676,30356,25102
N:GCTCA,173945,53666,211561,213898,157007,166011,163337,153792,146111,134212,111212,124786,118901,117231,105953,95940,82156,98640,81254,73131,66959,74788,45977,53324
N:GCTCC,120405,28231,142583,149316,102248,106940,108902,97920,92239,93981,76748,83597,89179,74378,75473,71394,58742,56724,55946,66031,40279,59781,36132,46104
N:GCTCG,15800,6105,20820,19642,13198,18431,14193,14482,13056,12335,11614,13209,10801,10139,13974,11200,16817,9471,8499,7150,7728,7257,8082,8705
N:GCTCT,172255,42783,211248,211147,153312,172358,171672,158900,138385,130646,109317,119785,122244,106402,109459,107028,78088,79405,74064,92044,67215,75208,48066,72628
N:GCTGA,196898,51207,230275,233665,173306,186407,184454,166366,153427,147435,119050,128033,137179,122112,114132,107015,81123,94199,88002,80011,72421,73805,48583,53086
N:GCTGC,140750,46904,164969,179832,122500,133172,129410,121336,108374,111292,91233,97864,97203,86286,91374,87716,64208,66595,58622,67803,40702,62761,39211,50016
N:GCTGG,230080,71112,302124,303984,204636,205578,210412,198223,200776,177369,153412,170505,160214,156251,131026,129346,115071,135945,122927,94855,105119,103859,60855,81066
N:GCTGT,160065,49260,172410,195696,142198,167299,149362,136446,124290,127280,99312,103832,101187,95663,102170,88537,68317,67086,55883,72828,39791,62885,42455,50672
N:GCTTA,118211,27319,117892,136175,107753,128895,112727,102329,82948,86984,67169,67567,71144,70698,72883,55990,39934,39176,32235,49059,19428,34303,28058,21137
N:GCTTC,164358,43522,170023,196308,139291,166356,146422,135977,113035,123077,106098,100884,115582,89780,101186,90393,71136,70163,80070,88632,43740,72380,41555,52159
N:GCTTG,140164,43395,162496,171594,123385,136222,130558,118361,113052,100822,85808,93510,86296,90546,83014,71465,63499,67629,54171,56952,40240,52542,34858,37311
N:GCTTT,245874,67640,239321,279635,216766,252159,226034,199541,169985,173275,152068,138901,157364,140547,163256,118315,99947,86381,83109,118888,61856,88100,62860,61975
N:GGCAA,172932,49264,176374,191806,148001,162376,154026,139078,121080,120850,102487,101587,101705,100207,97031,81970,68680,68441,55550,67912,39503,55618,40149,43070
N:GGCAC,112310,33376,136881,139847,99182,107526,103335,97463,93417,86381,72980,81121,77155,72312,69595,63039,53692,57259,50727,48988,39884,49593,32653,40329
N:GGCAG,196952,61525,256642,253368,178681,184692,190211,172579,164777,155824,133521,146137,139253,128102,123463,116967,101039,105672,94722,84740,77744,85086,62631,80340
N:GGCAT,162104,70434,171520,183963,138122,152004,142987,132069,127442,115360,126801,100789,97439,94333,95797,81068,75354,71372,59476,62756,43636,55868,42364,47845
N:GGCCA,166552,51202,202679,201654,147019,146495,151923,137397,135179,122443,105768,118043,114829,106108,93397,87545,75775,89016,78129,66018,63133,69425,42412,52365
N:GGCCC,82973,22077,118363,112528,74689,74379,78135,72029,72123,68108,61301,68587,64064,54628,61157,57421,51850,49588,46682,37007,35294,41991,34845,43356
N:GGCCG,28379,7105,45113,39374,25432,26196,26800,26586,30584,24653,23119,24456,22516,21258,35057,23997,28849,21871,21742,15224,21383,15702,22573,21632
N:GGCCT,161676,52737,203196,184157,141771,144743,151512,140834,139743,115770,107994,118077,121885,110727,89330,93586,81952,86502,84031,78627,73685,76180,45619,62886
N:GGCGA,21436,7492,28600,26129,17989,19538,19180,18834,18781,16410,15294,16044,14546,14431,20249,14411,15015,14674,12778,9018,12959,9711,10493,12051
N:GGCGC,24689,11088,41888,37714,24835,24484,24723,27200,26637,20326,21483,21871,21409,19930,27421,22426,22771,18820,20626,11638,21082,13278,16185,18501
N:GGCGG,36111,8599,61243,50507,34202,34925,34432,36681,38798,30676,30709,31213,28984,28861,41456,34633,34045,27665,29334,16160,30744,19374,25184,25373
N:GGCGT,30669,7757,43585,38067,26871,27482,28006,29185,29514,23314,22759,25240,21241,22720,25193,21064,20530,19840,21127,13241,21459,16359,13686,17841
N:GGCTA,119799,25309,122568,129010,100278,109749,107971,94087,86189,82334,65961,69081,69584,67230,65805,53415,42796,47497,39906,57975,31473,37849,26359,24637
N:GGCTC,133913,41090,178948,171483,121293,126308,125194,119706,116034,106525,92144,103089,96063,89825,83833,82087,73137,84033,71151,55787,59158,61266,43528,59812
N:GGCTG,217188,66230,299977,297649,195278,198451,206503,191845,192963,171213,147710,165289,154551,147243,127205,128468,109879,133918,117072,90104,111385,99382,59275,77230
N:GGCTT,157722,41930,172364,191794,136715,149226,142997,131179,111706,116586,92287,99816,100891,90563,90516,77803,68272,67318,57717,62220,40102,57771,39446,40643
N:GGTAA,130888,35083,126268,143930,116264,136032,118446,107823,89074,90940,74134,71543,75656,72356,80238,58908,42636,41835,33858,55982,21628,35922,29188,21284
N:GGTAC,83469,32206,72054,80485,96885,98529,66932,61432,49995,53139,57278,41552,44010,41412,118070,35239,37623,24831,21896,27542,13619,21392,27296,26419
N:GGTAG,113334,27628,113631,116787,94991,107385,98702,92295,72599,74072,69112,59615,63989,63215,61934,48759,42912,42565,35092,45203,32670,32366,24709,23036
N:GGTAT,142303,53203,139070,138551,123844,135743,117444,104405,86090,86767,85744,69401,77593,69832,98703,60564,44274,47476,34223,48812,20683,37252,33434,28068
N:GGTCA,126778,35863,164449,151700,111985,120504,122431,107929,96951,93436,77938,83262,82084,77978,74282,69660,52729,60412,51361,51518,48334,47146,32386,35924
N:GGTCC,80478,29035,106985,89168,64884,65499,66038,66401,64705,54527,45743,53308,59196,49975,45652,40400,38229,41631,44185,29143,24010,30188,21839,24387
N:GGTCG,13164,3374,15796,14886,10286,10799,10943,10367,10665,9392,8514,8894,8280,8066,15818,14690,10761,9263,6698,4999,6634,5757,9061,8163
N:GGTCT,144132,56540,190745,163184,122219,130379,128912,118923,109051,102222,84772,94170,90393,89881,78678,72907,69200,64774,59434,55713,52099,52879,36223,43181
N:GGTGA,170619,56812,204562,203972,146434,163642,153972,146757,133182,125823,109901,114135,112755,106320,109314,111348,87150,107466,75355,73825,58009,70569,60428,98284
N:GGTGC,102466,28884,120608,124158,87253,94532,91319,87198,82572,78580,65088,72003,68530,64383,61700,55285,48437,51271,46788,41623,37463,41505,29630,36410
N:GGTGG,202023,54875,247179,239521,171735,181212,177566,167958,170243,149433,131139,141550,137090,130244,119387,115120,97411,108132,104274,83259,82703,85636,61039,72430
N:GGTGT,145759,48313,163818,162168,128925,132418,124179,118928,105681,104396,84381,89803,89388,90739,96828,73941,59181,60630,51300,57135,42577,51070,40201,42425
N:GGTTA,108563,41388,119371,119009,97126,111427,101481,92320,84860,73260,98394,65225,62463,65705,65301,51559,39820,39368,30401,43301,27005,31193,27540,27492
N:GGTTC,116924,39038,130546,131321,99716,113099,103155,94738,87516,86663,84824,77126,77752,71341,71929,64449,56748,60747,56013,55502,37754,48432,30564,37904
N:GGTTG,136562,32220,139759,147410,113480,121271,117833,108399,97147,94405,216726,81622,83663,77222,75361,67939,52136,57711,48643,53818,39322,51846,35357,36196
N:GGTTT,241180,57620,223298,254333,197936,232950,208747,197959,165194,161421,150417,129213,144629,129920,135368,109350,88713,87790,77455,98434,52563,76093,54108,50548
N:GTCAA,145285,48147,158825,156809,125360,149439,137074,117300,95743,99288,80455,80612,84482,78221,87422,70749,52671,65532,39143,57970,33453,41763,34536,33890
N:GTCAC,110040,39302,126873,139874,98934,113795,103029,96697,83970,86865,74283,76095,70696,67459,72797,69946,55608,50109,46191,55658,32986,46935,37803,56036
N:GTCAG,144344,39078,165728,175877,130829,139803,135019,122926,108615,107733,88228,92150,92261,86216,85670,77988,58514,62994,57023,62523,41465,57285,36214,37403
N:GTCAT,152585,63581,191162,171780,132521,159051,138887,125637,104841,106544,86900,90636,92269,83907,93113,72226,52617,64845,43712,61586,26151,44122,36842,32036
N:GTCCA,131067,117965,208536,148389,103965,116241,106525,103041,98294,89253,77991,85924,92711,73926,80084,71855,148691,150860,60397,64514,30063,51380,38034,47099
N:GTCCC,101988,32621,122996,127237,89189,94725,92301,85827,87151,79059,67011,73041,70312,63659,66576,64317,52125,54170,47314,41899,35751,44466,36361,42262
N:GTCCG,11110,8701,23654,15221,10138,12769,11333,10250,10140,11102,10551,9253,8538,7731,14171,11152,17777,12702,6706,4929,7011,5684,8624,9707
N:GTCCT,131782,51554,142475,157749,113479,132412,119401,108864,97628,97673,93331,83688,84573,76651,79097,69143,52628,55603,47974,65399,31030,50129,33099,35271
N:GTCGA,12472,24329,15890,14086,9815,11187,10525,10671,9406,8340,9856,8615,11044,8803,13896,9802,13335,31745,5181,4826,4445,4953,6729,7548
N:GTCGC,11891,5640,17112,15306,10594,11582,10952,11000,10925,9601,9065,9422,8239,8344,12406,14252,9271,9106,7879,5235,7954,5820,7034,7545
N:GTCGG,12521,3969,16632,15632,10937,11447,11536,10657,10945,10754,14965,9497,8793,7956,14350,9162,10393,8710,6772,5285,6892,5911,8588,6945
N:GTCGT,16379,3835,14327,15556,10854,12416,11963,12343,10317,10910,8284,8718,8066,7780,11248,7639,7807,7664,6784,6085,4707,6427,5829,5025
N:GTCTA,119095,45322,135292,132953,110924,124475,122860,103322,94121,84557,71725,74995,70366,74032,76288,70332,53350,49016,36820,63104,43753,45052,33150,49568
N:GTCTC,187768,60964,237246,214249,161497,173548,165085,157953,148192,137287,115848,122213,118654,124599,131345,99526,100208,94882,84264,72790,75362,70823,61437,59344
N:GTCTG,154013,46230,190214,178602,131169,143650,149512,129771,123721,109635,89819,100576,98365,97849,107342,82455,69161,67558,52927,66324,70721,59364,49800,45641
N:GTCTT,216179,60866,209029,234152,181443,209642,188807,176810,146589,147988,117206,121912,122682,120220,128319,101742,84618,73500,65023,90010,44026,65303,53186,46876
N:GTTAA,171698,43814,169587,185761,155153,187547,165279,146795,125540,116634,134757,95730,96352,99084,107418,75495,53950,58632,43045,68291,32877,42596,40097,27433
N:GTTAC,95819,36955,106423,107491,88027,107237,98029,84546,73285,66988,58061,56644,55267,61671,63785,50589,38643,37151,25624,42989,25544,27426,29317,33648
N:GTTAG,108931,30592,117646,127755,96656,117510,105675,91871,75344,80203,66873,61636,67501,61754,71176,56802,39250,40995,31427,50116,27304,35408,26548,27182
N:GTTAT,172988,132236,159607,180640,151021,185575,154130,140922,117980,111995,90420,87174,97061,92322,110368,77246,64507,48968,41742,73210,22046,40759,41385,35722
N:GTTCA,203529,58411,251483,214353,173580,198543,188841,158865,144095,139326,129543,120698,140688,121832,130117,104228,85060,96703,87033,95478,77807,73886,48332,57749
N:GTTCC,129197,62245,153329,141700,109579,124257,116124,109046,93264,91203,278176,78413,79965,70895,78458,67346,96195,58936,46785,50288,28730,44765,38217,37966
N:GTTCG,21278,18795,29906,20002,14105,16226,15935,14282,14158,12068,13117,12175,10424,12254,12360,9710,17060,20913,11430,6813,8190,7624,6991,7990
N:GTTCT,211853,57194,194703,224833,176656,204505,186768,172755,140361,144146,120095,113940,122936,115371,121356,106298,80011,68439,63873,98670,36101,64804,49857,45771
N:GTTGA,183221,43618,222427,185267,151811,180357,172589,138734,132915,118885,355148,106003,107215,102116,109670,99294,78567,95186,73320,89499,72040,76229,47511,61375
N:GTTGC,120168,37527,125326,133054,102041,110878,105231,98553,91119,82939,78646,73220,70239,72576,69333,57128,50290,51274,44591,46206,36224,43959,28807,28002
N:GTTGG,148263,38310,168011,163786,123367,142716,132007,120611,112995,107373,87498,90849,92318,90942,85398,74706,60140,65662,59007,74767,52713,57132,34304,41002
N:GTTGT,164624,47116,163711,172314,138374,159854,149895,130525,112843,108364,108981,95896,93753,86055,94043,71873,53844,56553,43409,71872,40777,46172,38190,30425
N:GTTTA,214038,56641,209098,227974,191191,228048,202936,180529,153622,145435,119508,115513,127679,120753,136634,95307,64597,68548,64770,85259,40477,57817,49924,35171
N:GTTTC,257203,88694,299346,276972,215895,271520,243565,226327,199454,183309,188440,151208,175193,164966,167006,147581,121828,125483,124906,153524,118712,118492,67863,95387
N:GTTTG,247634,68429,239724,247328,209473,251358,210875,185010,174580,160088,144328,136498,151854,133692,173010,114508,86817,89649,84703,111419,58688,78941,59655,62396
N:GTTTT,430760,122700,388959,441836,359684,442610,385624,354950,287841,278254,231476,227641,244636,228099,255740,196776,148031,135994,112719,184929,84380,130407,96949,83464
N:TACAA,286565,101175,254004,289479,243622,287181,251758,230124,190454,183982,181048,146557,159425,149513,185736,132300,97322,87921,81758,127825,65550,82489,66461,64361
N:TACAC,149180,55456,149625,154708,144394,159095,139747,119890,103308,98208,100431,91928,85050,84984,128996,73224,60890,53494,38105,63691,46026,42791,44053,42816
N:TACAG,221660,75081,230544,244926,235941,265555,201525,188032,162576,156104,153545,130608,138997,132784,246504,114778,103690,85883,77208,89334,59110,70016,72353,83491
N:TACAT,269358,222380,245699,288978,321164,355134,244070,219828,176058,177241,247060,137211,144135,142919,377162,130960,144739,102187,63533,111218,35310,72253,101479,95822
N:TACCA,183785,54287,186437,181626,153517,176271,155531,142876,113899,113423,120769,90897,96661,91860,107389,76604,59082,62613,45405,68863,37667,45653,38663,31277
N:TACCC,109433,28505,99190,110806,111288,120841,89458,81889,67739,70535,65846,57167,64608,56118,113004,47271,38432,35844,32321,38191,19970,33055,30834,29626
N:TACCG,15366,8769,13931,14995,12942,14498,11967,11113,9531,10896,9178,8188,7933,9271,11777,6969,14225,8423,6011,6494,3622,4417,4521,3944
N:TACCT,161419,56561,151481,172346,154243,166090,144581,130090,106591,110069,90479,85864,92057,89576,126780,72641,55716,49841,41346,63987,27347,43815,40609,33963
N:TACGA,17787,8508,26354,20301,20329,18098,20947,16216,15740,13436,11863,15086,9905,15118,14086,11451,13533,22410,7039,7813,5684,6145,6403,8335
N:TACGC,11750,2974,12576,14211,10996,12433,10898,11298,8984,8701,7601,7568,7467,7126,8940,6556,5957,6112,4303,5133,3367,4940,4184,4480
N:TACGG,16087,14235,16457,19558,14648,16901,14133,13652,11263,11128,44233,9826,9298,10412,15043,12074,8443,9470,8268,9916,4753,7449,5740,8641
N:TACGT,32570,24377,27699,32415,26941,33690,26884,24145,20716,21883,17934,16533,16834,16109,24469,20226,13073,10277,8862,14978,5597,9969,10225,15072
N:TACTA,169580,69688,156811,182431,147126,185135,150013,142178,112663,112493,93092,84108,95698,90628,106489,79133,60547,53602,48963,75208,29161,42927,36623,33199
N:TACTC,128182,42732,130210,148126,120621,144333,118204,110079,92707,95912,117974,72905,76931,80304,96027,67006,58589,55586,41655,69828,29770,42306,36066,34025
N:TACTG,170835,55436,169124,182653,183692,206032,159908,139059,128573,115455,91163,95664,98670,98441,188924,77152,59995,55981,43155,67308,36207,46397,49573,40876
N:TACTT,224410,61183,212768,248686,254859,306574,212744,196350,159623,159899,128784,123451,132986,131874,260494,105295,82438,66097,60674,92191,36798,58390,67685,51864
N:TATAA,355969,406141,314148,381758,362020,448769,332491,299212,236234,235571,195200,177411,188060,198675,349781,161809,132186,105318,75268,145156,45439,79859,99010,85019
N:TATAC,204343,142319,163526,190883,218276,241026,170847,152719,122256,119040,95551,90947,104944,102845,251019,85251,64766,52467,42254,73958,26305,42539,59985,52858
N:TATAG,190877,88435,168331,193817,202855,209580,166703,153903,120532,124740,97233,90899,107629,97205,186362,82568,72332,51527,43582,70852,42977,44074,50996,41910
N:TATAT,553867,918487,409136,519681,658184,645513,442574,404997,329009,315827,256099,242866,264458,257678,867272,232921,226357,135736,106741,200738,65786,104293,193404,192972
N:TATCA,225885,111692,231165,233932,232758,273746,197829,189314,144394,147522,124001,111447,121106,118565,232506,106905,83048,82331,53957,93441,30893,55255,64984,62268
N:TATCC,162901,43093,151868,158773,129183,167299,138918,129520,105909,106947,91101,79609,100358,82816,94580,85361,60937,53213,55388,67082,39831,53826,35143,48452
N:TATCG,17033,8220,45466,18276,15329,17265,15179,14239,11668,11856,10015,10250,9616,9163,14739,9038,9335,17752,5648,6992,3889,4956,6234,5513
N:TATCT,264794,75893,243217,286677,235367,289923,243100,213747,182312,185702,150922,137160,152947,142575,175793,137294,101199,79480,70825,127681,55653,86106,68556,79603
N:TATGA,226645,130324,239806,244835,221799,258997,211365,182663,152686,152509,130963,124984,125844,126278,194518,108431,83363,95297,55433,105151,51974,60824,58156,53910
N:TATGC,140774,55352,144363,149069,120651,147777,125170,112373,91655,96809,74418,73236,76858,74786,92446,65095,44476,44361,35190,59396,23592,38015,32237,27361
N:TATGG,167575,61467,154231,174087,139893,170960,142383,134856,112147,109351,106339,88114,90541,86215,102600,82215,80440,74183,47903,74286,28028,52318,40551,40244
N:TATGT,303315,232046,252541,304564,293349,376870,261250,233716,195686,190760,158891,144345,165590,151220,313430,143178,117713,80860,68864,122593,45510,78612,95336,95542
N:TATTA,327526,285594,293289,355554,326509,414849,306069,277782,222711,220587,185215,165961,181063,176803,309106,145608,117873,97716,69887,132213,45013,72678,87414,61201
N:TATTC,260659,156496,317834,265668,240873,278337,238851,204094,172728,166043,303100,139679,139226,140608,198401,133522,130643,142629,65265,106226,71191,68968,69167,65824
N:TATTG,249564,100809,224581,254378,211994,260695,216323,196266,156351,162351,131205,119944,131120,126760,159326,106746,95291,72416,53972,92776,32409,58812,56224,40829
N:TATTT,668255,228653,607536,723909,698224,798582,622954,571764,475761,454162,368867,349068,370656,374595,691587,313088,242541,209513,173807,299822,122714,177532,194181,157065
N:TCCAA,251717,122145,260114,265693,211484,253173,221109,210254,176217,180666,189827,149936,171610,150043,158184,136576,125783,142284,99686,128985,60483,98999,65306,82857
N:TCCAC,181809,101516,232727,207104,160504,183685,180143,155108,157554,133725,240525,124966,131869,109133,145953,150485,157907,128320,100144,96861,83231,88584,85812,123708
N:TCCAG,241645,113158,282449,291213,211040,236619,219255,200696,180878,185987,167544,158242,154812,147511,144410,132387,138840,118613,97439,116915,69566,98762,65588,76008
N:TCCAT,268047,723858,1079592,316549,220372,257694,262640,203374,234560,171973,3166425,238618,156693,144167,229185,265001,800034,742508,140328,98034,49903,172838,187358,237714
N:TCCCA,303453,99303,340684,346503,255712,270600,268568,249126,234088,217062,188967,195311,195636,184882,170081,157158,126573,147619,133012,133802,110690,125105,74980,91293
N:TCCCC,160201,41437,184422,191044,134060,143397,139842,132263,117399,117279,159127,107951,105527,95555,97771,92354,75993,74166,69164,64505,48934,65667,50069,60653
N:TCCCG,39734,8489,59440,48748,33598,38739,33113,35652,38576,31757,35840,32923,27253,30735,34674,31687,27714,25353,33289,33834,33156,25066,18568,28329
N:TCCCT,228313,82152,261084,274641,197149,218865,208691,193652,176610,170532,206957,147163,149065,134930,144736,134891,118141,115912,85673,108553,58997,93582,66264,79155
N:TCCGA,16198,5630,34217,19164,13990,17471,15860,15775,12928,13651,52778,11484,10682,9646,13333,11814,14076,15577,9020,7233,6848,7620,6770,9453
N:TCCGC,23115,6165,34249,28869,21250,22042,21645,24080,24511,18855,20517,17806,16156,16310,19397,16225,16118,14502,15449,10176,16137,12093,11430,12684
N:TCCGG,15700,4554,24040,22454,14882,17852,16327,15817,15423,14609,93999,14450,12795,11471,17725,14012,13823,13057,10819,9678,10201,9158,11125,11216
N:TCCGT,30287,60363,100621,33111,25008,27468,25945,25113,26282,22048,224585,23392,24902,16802,25817,25521,52645,42650,19581,11393,11472,15797,18513,22752
N:TCCTA,170025,48094,180593,189696,149090,173485,160755,147504,115622,119579,102561,95399,104885,97971,99881,84136,64125,61071,53112,66528,56348,48675,40948,42262
N:TCCTC,213746,63941,253754,264286,187302,212051,193513,184701,164146,164697,143564,141487,145290,131410,131546,118971,98626,101027,88455,109457,58960,93586,55439,63602
N:TCCTG,266938,94054,311909,327734,237199,257961,247545,230445,216097,202880,172189,183573,190582,168247,156422,141694,113366,127055,118822,116088,92879,105075,67094,77292
N:TCCTT,321402,170901,375607,351019,273739,321782,304300,268009,225724,218904,288428,191045,199577,191161,187946,166680,146231,152062,111809,142768,104490,113630,82056,80934
N:TCTAA,212626,64389,253806,243714,200377,240532,209195,190218,162391,153641,121112,126179,131173,125868,143335,104572,69850,107122,53392,92014,33375,55718,52171,35587
N:TCTAC,170662,51648,171020,176705,152230,170115,151582,149484,122038,116873,98067,92639,106197,99081,108696,85703,75070,63338,63411,82712,54336,59222,43531,45728
N:TCTAG,168266,48466,186559,195300,152940,187641,168047,151386,129393,119685,107983,101935,115028,103418,103725,96759,67519,63178,59267,88168,53505,65084,44153,61998
N:TCTAT,262615,163839,285870,275152,241604,272827,230016,214676,172702,176937,272519,138305,142106,135833,201276,132895,142429,145612,70607,111080,58813,73829,69742,67633
N:TCTCA,331914,85359,352604,369578,287909,336281,310921,281783,256567,238189,201842,202943,214133,201842,198916,171091,133388,134353,127022,160300,110967,123320,81607,90858
N:TCTCC,242613,66659,280522,283112,214687,232753,227677,205046,190917,178285,172962,159916,159659,156570,150537,127006,122202,109833,99526,98205,83373,90057,68728,70951
N:TCTCG,45871,18877,75720,48653,35621,38225,36806,37022,37333,33664,30352,29911,27124,28073,34121,26491,29465,25648,25415,16764,23020,17347,17119,20021
N:TCTCT,394764,109933,421767,432861,335101,386142,348067,327425,279392,270377,226507,233133,241558,223026,346440,212720,212854,148170,141485,161515,97645,128732,165864,130988
N:TCTGA,269898,67875,288733,294194,230710,274937,252120,225491,186258,190152,159612,151588,176997,148779,160080,147137,99230,98500,98879,138554,77958,101194,63968,74950
N:TCTGC,227062,61664,268661,254550,191940,214286,218902,184496,182760,160663,138218,147154,153223,143421,139038,131766,104956,100012,91959,110807,88519,89807,70749,102106
N:TCTGG,217221,60675,231522,259760,193423,208572,193342,178485,159156,164176,140812,135249,139722,123244,136410,112727,91919,92970,81261,99490,53738,84591,57495,64188
N:TCTGT,339396,107752,404691,364364,299736,345082,339056,287153,268477,238507,219122,225965,234330,221210,262288,209121,172395,157972,147079,164821,148879,134853,111825,136144
N:TCTTA,222382,60501,212736,255456,205427,250524,211890,194013,161766,159034,124043,123675,134226,127529,146595,101988,77376,70705,54427,96864,32458,57691,53503,32885
N:TCTTC,300267,92885,353984,329191,264911,306450,284423,260671,227680,210477,186579,182990,188154,181547,182155,162709,113828,118088,100585,135141,91567,99812,73998,86274
N:TCTTG,250029,77472,254584,282728,217858,247182,224757,214500,179957,175243,144941,144985,153160,143042,145023,118801,97028,94912,82731,103262,56912,81476,61288,58862
N:TCTTT,554801,142535,502782,570480,467087,548411,490452,447421,383988,363505,318167,302675,316104,314359,349930,269359,214643,197494,165951,246059,129621,174456,137812,128645
N:TGCAA,270827,130591,331743,278662,223549,255153,240886,210005,211371,176264,435581,163078,164869,148598,154431,133237,136635,119064,112524,126958,90635,103974,67710,74134
N:TGCAC,165786,59594,182673,186845,142675,158126,153321,140699,134474,119637,190517,109431,102788,100816,104193,103029,83154,81885,70039,66140,56546,62820,52162,80572
N:TGCAG,269861,93516,297149,302134,226459,261791,239078,221799,212429,196299,227318,178888,181429,166478,164576,156598,133469,119354,126061,133491,92801,106321,77225,107599
N:TGCAT,243482,138406,270295,259513,200037,246772,213692,196663,166105,164836,295706,138416,147224,126943,154791,133873,135474,104153,84552,106299,46521,87248,64705,71429
N:TGCCA,212986,84647,226332,246333,185180,202109,193880,175951,163062,153489,153273,134090,130558,123713,122173,103716,91292,91636,76028,83805,51014,73252,51106,50777
N:TGCCC,151725,46781,187905,189829,133354,141632,139911,129377,122006,116880,101260,108724,104510,95741,87042,85315,72180,77142,69611,63946,55145,68966,42221,55496
N:TGCCG,18762,5459,27272,26309,17449,20086,18722,17733,17565,16615,15272,16238,14409,13114,16549,14103,13921,12079,10626,9291,9387,9525,9749,11810
N:TGCCT,260825,77648,299914,306518,228010,242776,238048,218127,204076,191427,165982,170582,166077,162386,160120,139901,121374,121892,104218,107354,85222,94421,74721,93501
N:TGCGA,21212,11975,44274,21662,16228,16880,18895,16905,14687,16461,14927,13575,15968,11515,12611,12900,14271,12652,10565,7878,6975,7650,6727,9421
N:TGCGC,17590,7144,23955,25782,15868,16243,16013,17782,15884,13747,13711,14063,14033,12328,13914,12381,11776,10980,12480,7827,11753,9463,7808,9072
N:TGCGG,22873,6548,28136,28524,18605,20724,20498,19237,25514,19253,17136,17027,15460,14116,17483,15173,13966,13127,15042,10022,11543,11317,9817,10856
N:TGCGT,22591,6639,38959,28878,21839,22847,28445,24739,25124,17880,17020,20478,14945,18396,18068,15797,12756,17894,9778,10659,19569,9969,9695,12462
N:TGCTA,171051,46309,171844,186083,150296,174765,155865,141476,123535,115481,92632,96751,96882,93365,101264,75584,60098,56088,45163,66932,36025,45378,36926,26209
N:TGCTC,170641,48449,201910,205020,148055,162145,167837,148220,135544,125991,104859,117517,118643,107579,104563,97438,76465,78907,68679,93949,65560,79855,41788,56430
N:TGCTG,262532,77968,274088,306394,222545,255457,235981,213865,194188,201575,154330,162064,164158,151061,160489,133938,106473,108153,91224,113027,64773,100393,64954,71454
N:TGCTT,282818,76008,262423,311756,244296,290466,252419,228843,196621,194677,172824,156879,186615,154776,184134,141601,112555,101718,98719,135393,57197,102690,69935,71821
N:TGTAA,275565,166875,301521,311052,259787,307501,277023,234828,205699,194034,284969,165216,161844,166595,200152,138799,144624,123371,81578,117629,79845,83803,78430,78718
N:TGTAC,139552,50359,123150,145458,238155,206077,120962,111493,91092,92687,98336,73629,76724,72351,374142,70411,65333,48135,34819,57635,23467,39312,72517,72809
N:TGTAG,194937,64462,176479,200111,164073,190985,164493,163031,125981,129020,108687,103455,123592,104596,122966,105736,80515,61422,67500,84443,41165,63714,53195,71562
N:TGTAT,316694,172397,278706,321448,283094,362385,274615,248501,209606,199787,190082,163990,165438,166648,241132,136294,116172,96556,76694,132355,61507,80714,80203,63397
N:TGTCA,214492,83858,222593,243061,188446,222141,196585,176851,149413,152712,122516,124334,128613,119133,131355,111640,83781,82833,65160,88748,44250,69813,59122,68260
N:TGTCC,153132,60074,160303,183826,128936,156323,136405,123276,113430,116841,98301,96830,101016,88353,99101,91193,78232,73110,57757,87406,37672,64402,45440,57023
N:TGTCG,22366,10561,24535,23734,17212,19042,17917,17514,16153,16379,13084,13648,12677,14103,15605,13754,11497,19537,9360,8728,8582,8152,7936,9830
N:TGTCT,289689,89065,309781,329229,251457,286802,271381,244676,217317,210842,169902,176771,174902,180153,219788,160466,136044,117692,97093,137547,91960,109751,99249,95899
N:TGTGA,282495,88538,300037,301684,249540,278093,265055,238228,221622,199287,165505,171377,209821,174218,182023,168297,123150,120775,116932,128821,105842,111932,80722,121280
N:TGTGC,174282,55750,193400,203459,154780,168154,168484,152981,146518,128645,106600,115924,109212,108857,108718,95210,77096,77765,64498,74278,58479,67245,45278,53378
N:TGTGG,238986,77398,247007,265350,200066,217704,212738,188230,168638,166815,136393,145054,151271,136877,137571,116036,95819,95473,91093,97383,69250,83655,60733,63650
N:TGTGT,354052,115127,394352,391417,306129,372707,362150,299839,278006,247608,212584,238023,212293,224528,238845,183547,144038,155213,110712,180934,137797,124505,98061,88546
N:TGTTA,231266,121123,212016,257207,205998,261593,214942,194114,159218,158939,135248,119814,132039,129027,153312,110526,80953,69207,53914,107984,33460,61306,55525,48787
N:TGTTC,229244,63754,230041,241853,185205,223484,200315,181654,143413,155323,147739,120498,140335,121901,130688,114419,90461,76699,65556,104388,41820,72761,53365,52425
N:TGTTG,267785,76990,289425,282325,215119,249822,233800,206229,189564,175973,167569,152077,146081,143442,147204,117322,88483,105911,79404,102949,69614,84215,58796,51866
N:TGTTT,474531,140813,467098,509534,403487,515051,438736,396845,341259,324063,276593,260190,284043,267169,302142,224635,164086,175044,150190,219934,122646,150755,114279,99095
N:TTCAA,380979,174726,546068,415868,328625,410962,364608,316134,294769,252323,348142,223146,227455,220440,241171,204112,198626,303196,144790,200782,125832,145323,94005,111656
N:TTCAC,234896,78849,218054,250695,203959,228943,207743,188813,162004,159913,132144,132992,157880,137919,153587,125319,95383,90198,80156,97330,57509,84244,62090,74930
N:TTCAG,283454,76258,285319,312398,240583,284804,260857,230532,191691,199899,165236,158001,176309,155943,163690,141013,99946,107611,89991,131917,71234,89771,64932,60118
N:TTCAT,357786,166029,433671,397014,339966,384677,340103,294066,260176,243923,249728,207478,211212,195654,286126,172016,161934,195897,91833,152496,77754,106699,96678,82515
N:TTCCA,329078,704789,1066591,397832,292575,349861,344121,280737,291113,238363,3243061,289742,207221,190863,284313,316874,764581,689307,180232,171375,83461,215333,212583,275237
N:TTCCC,225969,79296,243170,266737,191406,220514,209797,189532,161187,167415,252133,138060,143082,128547,144963,131311,111827,106806,81286,129818,56909,98941,59638,77440
N:TTCCG,26296,53128,87181,27383,20411,25234,22753,22724,24622,19648,269852,19716,21492,13113,20309,22220,41471,37254,14918,11947,8960,14205,15265,19402
N:TTCCT,365821,185608,414198,414533,323760,373886,355722,315219,263229,257135,319411,221586,245112,219370,216760,191922,170643,171624,132813,153046,113929,126656,93799,92032
N:TTCGA,37457,173532,512428,51377,23312,30914,23255,22331,30226,17740,79793,38489,26736,16759,24204,20834,161304,401794,30358,11285,9802,13880,14729,18764
N:TTCGC,16373,8368,19008,18945,13927,15014,14962,13844,13207,12841,11975,11473,10524,10148,12367,9323,14602,11519,8613,9073,6547,6732,6186,7081
N:TTCGG,19530,8659,57577,23625,17889,21250,19413,18233,15702,15337,116471,14589,12623,11726,17821,13527,16419,21318,10019,8708,7264,8723,8777,11139
N:TTCGT,37012,30355,71099,39682,34610,41500,41797,31256,33507,28831,46727,31152,24449,28845,28059,26399,38429,42022,29579,25593,21615,19073,12466,20685
N:TTCTA,303358,154754,337449,323823,282182,323153,279682,262517,215661,208696,300512,164953,185693,171729,212299,160140,156564,169586,91562,128859,71077,86918,79628,70089
N:TTCTC,354473,91312,375188,383815,305901,367876,325295,298331,259083,246099,215299,211331,222911,202427,224331,176321,141987,132332,127373,172353,99249,121108,92411,88699
N:TTCTG,378479,102381,394802,403602,327796,389386,354459,315894,268574,263773,233738,215466,241737,214875,254695,205665,162887,139981,147257,202646,115910,142963,99120,117908
N:TTCTT,528539,148112,506842,560010,463288,537247,485533,446707,392680,356726,304676,300719,305242,311092,330847,252303,196886,187846,145652,217121,132661,154269,129204,105930
N:TTTAA,490072,142670,469723,558072,468316,581335,487721,439051,363377,345881,276863,273715,274521,283746,340864,223735,155064,158398,116831,208719,77566,120506,119499,69058
N:TTTAC,232202,74661,235866,254905,213109,259292,230169,197329,166871,161485,132738,132727,138729,131234,156447,105051,73462,76205,60683,96829,55873,62086,54859,36862
N:TTTAG,268832,67206,246698,285650,237722,283297,241681,227339,192180,178950,144229,145378,157499,153139,167751,123518,85136,86461,80951,111333,46290,68070,61565,45783
N:TTTAT,575676,232319,522621,610527,558017,686589,527117,480057,388503,384942,317920,290922,316826,308902,516667,266836,193482,165796,137735,238048,88122,150284,153961,122599
N:TTTCA,446905,200528,499273,515087,421727,494145,433927,376544,336960,313119,308446,260476,260281,252321,351556,235767,210364,211844,134604,228835,116075,161934,123354,127682
N:TTTCC,358387,162746,434245,389946,311299,364727,341190,309403,261539,252149,353031,219700,231592,218613,217633,184193,175257,158526,130328,170086,98974,131162,94031,94175
N:TTTCG,40537,41596,42563,39419,28411,44759,26649,24611,22134,27619,39723,18640,28377,16587,30311,27199,42522,33606,28528,28775,12016,19205,12521,22717
N:TTTCT,644882,169515,616956,681922,560742,674713,595132,552954,476024,435298,359453,359925,381209,372998,430561,325535,245137,229081,190895,295416,167611,192737,168745,146956
N:TTTGA,402509,166488,492239,431324,391497,456056,368174,326930,295677,268034,237616,221727,228680,229395,372506,201563,197217,314174,135265,192289,98132,138288,111481,119923
N:TTTGC,272267,75174,250417,282240,227376,265277,239457,212798,189808,177616,159498,147507,149643,143518,154770,121240,90366,86269,74266,111832,55580,85811,60596,52656
N:TTTGG,337527,85864,312009,342939,294281,347387,285574,266175,227826,224623,182672,186926,209256,195303,259534,157189,126090,120559,117425,156806,70801,110195,83044,82545
N:TTTGT,499060,129423,459328,511383,432212,502942,442733,394428,348772,322204,267829,268824,287990,278779,326387,233353,183382,162609,144995,222982,132411,153613,119218,120789
N:TTTTA,627068,227166,581975,693108,625870,768529,595458,541744,449193,431743,358988,336463,352758,352903,556256,292573,213820,191773,160818,271031,105348,169342,167842,125246
N:TTTTC,539659,148183,515643,580129,470001,557924,506999,449737,380950,361761,291871,290806,309047,294120,335264,243765,183619,179219,143944,229673,103179,149904,126860,92532
N:TTTTG,556080,145403,499533,570458,468046,555757,480958,443919,373552,359245,297551,287448,301451,299713,351147,258559,202294,181316,152996,248246,129258,175878,127959,123842
N:TTTTT,1214335,356042,1238276,1329172,1080398,1238791,1120520,1012871,913915,828111,694278,689379,709682,715446,768940,564433,436543,450251,410985,504330,345475,373952,280609,250002
T:AACAA,145093,21757,288929,303650,259994,223498,214892,209045,198227,176000,147825,167502,158092,163998,109627,114891,113479,88444,92498,86571,56147,64851,38476,39747
T:AACAC,75616,15802,160646,166172,139694,116810,115198,112720,109581,97147,82135,95018,88139,90440,60291,62678,65090,55638,56045,48601,36703,39551,23658,27198
T:AACAG,95244,22202,206852,207073,175246,145268,145643,140580,135664,119678,103742,118195,112978,113799,72868,78351,81176,68473,69737,59372,43970,49161,27333,33381
T:AACAT,112153,34717,223945,239524,202351,179120,169908,165801,154977,139329,113102,130631,122911,129813,88549,88821,87350,68163,70223,68245,43185,49879,31203,30361
T:AACCA,81178,13049,167613,171713,146275,120901,120343,116819,111515,98705,85078,96916,92980,92157,59944,65054,67181,55325,55832,48332,34360,39816,22674,26313
T:AACCC,56149,6306,132592,122195,103764,79860,83575,81007,82143,70521,66127,74635,72163,72099,40570,48564,53548,52435,56826,33961,45259,35105,18258,27665
T:AACCG,6969,2173,15737,15107,12208,9810,10139,10145,10664,9028,8236,9207,8784,8701,5856,5944,6619,7225,7275,4624,5769,4548,2975,3720
T:AACCT,67977,10788,151745,148455,125656,102870,103853,100509,97975,85752,74804,85033,83227,84133,51378,57631,59722,53035,57100,41902,38954,36278,20023,26118
T:AACGA,11332,18764,22790,23518,19215,16326,15979,16149,15997,14309,12061,13891,12656,13043,8610,8839,9667,9101,8994,7117,6017,5800,3774,4171
T:AACGC,7069,1319,16420,15874,12735,10903,10916,10884,11524,10072,8752,10249,9212,9243,6245,6440,7235,7653,7682,5069,5947,4832,3316,4028
T:AACGG,8565,44551,19229,18397,14970,12299,12530,12424,13340,11371,10235,11262,10702,11133,7266,7316,8175,8745,8660,5448,7131,5565,3640,4621
T:AACGT,12801,3033,25861,27669,22743,19349,18803,18676,18644,17161,13812,16310,14471,15214,10480,10272,10954,10467,10223,8451,6691,6892,4435,4832
T:AACTA,77732,23241,150060,161488,138956,123482,115833,112172,102896,92989,76157,85517,83471,85922,59388,60220,58352,40170,42249,45308,21621,30080,19401,17761
T:AACTC,67369,10902,150321,147205,125548,103345,102764,100357,97998,85797,75027,84133,82186,83630,51353,56578,59790,53155,55609,41679,39272,36189,19167,25057
T:AACTG,78916,25451,167817,171400,146944,122331,121151,116978,111794,100019,85256,96791,92227,93315,60980,64756,66872,53685,55174,50223,33263,39620,22425,25893
T:AACTT,84498,15001,175070,188232,160338,141692,133795,130799,119324,109358,88500,100156,97179,100739,69595,69387,68123,50353,52652,53467,27911,38116,24202,21912
T:AATAA,185325,53998,370636,400670,342408,315704,286713,279776,257771,233479,186593,213798,204523,216120,150806,148317,140767,103840,106844,114355,61641,76445,50195,44297
T:AATAC,83855,20583,170776,181231,152844,136854,128813,125110,117762,104325,85694,98697,93068,98838,66785,68031,66831,50673,53957,51380,33089,36263,22936,22805
T:AATAG,79855,81833,154279,164545,141687,128293,118698,114215,104818,96096,76222,87676,86224,88843,60584,60816,58090,41565,42669,46466,23620,31539,20293,17725
T:AATAT,144592,123492,280946,316093,267691,256064,228477,221032,201190,184931,142129,162225,156496,166768,123382,113870,105019,71572,73312,90795,38243,54300,39297,29718
T:AATCA,101451,62582,202114,214140,183082,162104,152831,148703,139418,125817,102371,117589,111663,115505,78875,80075,78946,59958,60531,61842,35549,44122,27728,26369
T:AATCC,71149,22323,159767,152965,129767,105958,107162,104701,102828,88702,78898,89814,86166,89852,52266,60114,62715,57901,62235,42822,46050,38596,20647,28166
T:AATCG,9764,110963,20864,19909,16500,13829,13924,13915,14108,12120,10543,12176,11026,12073,7714,7918,8648,8637,9414,6031,7567,5291,3306,4216
T:AATCT,87078,23818,183130,192044,161746,142573,135847,132105,124104,110973,90707,103064,100474,103775,69727,70842,70725,53711,56429,54464,32927,39213,24069,23868
T:AATGA,120173,75643,241840,254324,216661,192272,181404,175585,164460,149405,122224,137977,134408,137057,93737,93213,91598,72099,70369,73825,40841,53110,32073,31430
T:AATGC,69633,88422,140949,149716,126658,108569,105675,101922,96672,88203,73170,82990,79506,79951,53908,54440,55946,45907,44777,43237,27123,33566,19883,21049
T:AATGG,89063,738693,174414,176918,152676,127147,126216,120582,114634,103534,89032,100584,98335,97615,62519,66593,68234,56645,56842,50423,36403,41271,22693,26496
T:AATGT,105276,87157,205613,227450,191233,173673,161967,157857,144892,132984,105776,120290,115862,119240,85662,81541,80784,59970,59591,65468,33176,44839,29009,25774
T:AATTA,128718,43492,266689,291021,244540,227121,206496,201892,187963,168909,133595,153142,145288,157184,110676,106200,100933,75652,79215,82593,46245,54947,37167,32192
T:AATTC,87263,15944,183463,195496,164181,145388,138238,134860,125242,113551,91794,105380,100145,105949,71811,71541,70869,53459,55073,55620,31552,39607,24564,22916
T:AATTG,75278,90422,141809,154849,131706,121935,112266,107896,98567,91510,71447,81438,80296,82693,57958,56366,53334,40256,39628,44563,23121,29797,19911,16428
T:AATTT,160658,45809,331942,366207,307565,289716,262143,256762,235617,212415,166068,189859,180376,195868,139957,132719,125825,91186,95525,103774,54621,66877,46235,37546
T:ACCAA,78704,7691,157851,161976,139011,115889,114631,110405,105334,93601,80941,92221,88561,87704,57142,62097,63542,50892,52595,45818,33210,36442,21122,24668
T:ACCAC,64346,11814,151109,143421,120289,93896,97652,95899,97740,83098,76278,86298,83268,82119,49130,56843,62353,59735,64360,39853,49481,40231,21472,32553
T:ACCAG,62505,7945,149426,138697,116779,89976,95288,91929,93241,80159,74274,83548,83100,78933,44920,54542,58924,58840,62354,38493,47992,39551,20286,31652
T:ACCAT,72635,13641,155736,155259,131094,109837,109235,105340,102783,91152,77568,88273,85847,87438,54117,59258,61753,53788,55671,43389,38732,37456,20373,26385
T:ACCCA,69475,13391,166121,151116,128853,100354,104898,100627,103408,89221,82306,93125,92561,87906,51545,60423,66233,66091,68186,42618,55664,45090,22808,34961
T:ACCCC,44974,6436,115663,98728,81291,60028,65391,63576,68740,56909,57008,62301,64355,59804,32333,39686,45819,49799,55766,27152,49916,32826,16837,29459
T:ACCCG,10681,1722,28593,23658,18527,14328,15560,15755,17944,14014,14663,15847,15315,15366,9411,10292,12083,14666,16625,6645,15720,8549,5725,8706
T:ACCCT,51220,5481,123855,113680,95969,72815,77334,74854,75945,66013,60460,68322,69625,64971,37232,44428,48824,47531,51103,31800,39489,33733,16494,26089
T:ACCGA,6778,3615,15845,14807,11844,9616,10087,9940,10472,9141,8305,9147,9125,8521,5543,5764,6527,7333,7382,4392,6279,4545,2875,3784
T:ACCGC,8213,1091,20892,17563,13760,11220,11826,11873,13266,10640,10499,11467,11660,10999,7409,7686,9156,10430,11614,5162,10739,6148,4251,6184
T:ACCGG,6000,2740,14947,13094,10319,8086,8593,8747,9673,8216,7962,8669,8761,7957,5457,5498,6668,7796,8213,4139,7786,4719,3181,4521
T:ACCGT,7868,1375,19791,18680,14646,11977,12366,12660,13322,11208,9971,11527,10837,10926,7122,7416,8218,9407,9777,5485,8239,5757,3708,5092
T:ACCTA,51084,12072,104225,105303,90176,77125,75253,72686,67967,61568,51613,57304,58354,57754,37448,40279,40295,31584,32222,29703,19753,22812,13358,14783
T:ACCTC,62315,6986,157186,140908,118000,90570,95834,93937,96984,80418,75261,85111,85406,84108,46679,56224,62530,63898,69744,39087,56408,41922,20277,33897
T:ACCTG,65787,8134,163090,149319,125214,96497,101863,98802,102964,87474,81280,91901,90423,87814,49425,59265,65278,67706,72806,42158,58477,44891,22561,37102
T:ACCTT,58393,12973,128803,128852,108398,90099,89973,87138,82552,74291,63822,71122,72247,71423,45054,48034,50561,42671,45344,36537,29197,31140,17037,21084
T:ACTAA,72667,13988,152651,160183,135140,119527,112853,111136,102888,91676,76215,86369,82588,87410,58793,60353,59804,45168,49039,44900,29487,32208,20245,20974
T:ACTAC,46837,9497,97101,98488,84638,71080,69077,67423,64282,56056,48241,54170,52672,54632,35276,37487,38736,30248,32537,27426,20303,21221,12415,14602
T:ACTAG,42353,16380,86385,86975,75059,62773,61662,59384,55092,49212,42261,46967,48207,47380,30790,32546,33063,24554,26315,24312,14745,18622,10557,11790
T:ACTAT,67728,18556,132085,139897,120354,108558,101122,97187,89332,81100,65959,73275,73130,75726,51683,51995,49935,35461,36963,39055,19335,26560,16465,15365
T:ACTCA,72041,19636,161603,159460,134761,111614,110684,109295,105489,94081,80744,92312,90767,88736,55970,60154,64005,56706,57561,45213,40570,40125,21926,27819
T:ACTCC,63339,18043,157216,140929,118338,90875,95749,94507,97709,80967,76419,85775,84056,85946,47190,56687,62761,63652,70473,39272,57902,41313,20563,33600
T:ACTCG,9636,45234,22866,20369,16504,12971,13514,13869,14792,12198,11678,13054,12420,12749,7199,8315,9350,11158,11965,5900,10866,6614,3748,6095
T:ACTCT,69281,8931,158846,155434,131408,107627,107709,104694,100962,89823,78156,86939,87006,86525,53824,58457,62737,53818,56489,43834,37917,37846,20137,25970
T:ACTGA,77430,19966,168542,170915,144367,120225,119143,116073,110120,99091,84333,94686,92196,92200,60362,63378,66623,54461,55675,49007,34943,40079,22443,26788
T:ACTGC,65150,18186,158701,148057,124406,97764,101803,99191,102202,85811,78226,89379,85015,86321,50578,58525,64326,62223,67457,42254,51225,41351,21001,33104
T:ACTGG,63760,63888,138928,133928,114582,90890,94188,89862,88908,77428,69804,78121,79416,74814,45019,52019,55511,50176,52301,38014,36774,35559,18305,26429
T:ACTGT,69802,14640,154551,155707,132310,110998,109334,105356,101516,90909,76717,87427,84997,84995,55626,58764,60812,51148,52023,45249,33112,36991,20762,24651
T:ACTTA,65258,8068,135302,142053,122194,109230,102869,99094,91014,83083,66906,75704,74568,77060,53921,52556,51170,37451,38698,40703,19795,28243,18004,16053
T:ACTTC,65281,7095,142155,144394,122157,103001,100866,98974,92519,83976,70875,80028,79335,78549,51176,54000,55839,45493,47394,41267,28262,33470,18976,21544
T:ACTTG,62091,5900,138004,135546,115503,94938,94864,92148,88723,79140,68085,77047,75542,76831,47025,51176,53188,47519,49422,38257,33483,33621,18021,22682
T:ACTTT,105398,16967,224778,235679,198842,175543,166931,163660,151680,136498,111868,126628,122164,128905,86379,87915,87055,69049,72835,66298,43602,49370,30935,30789
T:AGCAA,97785,20310,204915,208655,177598,149667,147362,142212,136443,121706,103026,118350,113685,114448,73387,79672,80890,68199,69989,59538,43482,48929,27209,32297
T:AGCAC,59232,11761,146276,133915,111950,89131,92585,89539,90681,79448,71672,80969,79999,77546,45540,52045,56899,56630,59096,38679,42838,38549,19461,30658
T:AGCAG,77275,11895,189375,178050,147275,115222,120945,117299,117102,103777,93520,105524,107815,98373,58467,67936,74151,71575,75824,50475,52231,50291,25613,39518
T:AGCAT,69265,6410,149626,151264,127011,109086,106702,102118,96499,87854,73226,83287,82687,81453,53528,55168,55794,46010,46478,43193,27824,33887,19594,22087
T:AGCCA,88607,13403,212890,197089,166277,128684,135287,128970,132966,113592,105764,119644,117732,114571,64717,78590,85056,85676,89895,54518,68232,56601,28509,44799
T:AGCCC,48378,6774,130267,111756,92758,66486,74261,70320,76618,64467,64971,71558,75792,65801,35071,45373,52059,57104,62293,31021,52011,38754,18224,34453
T:AGCCG,13212,1688,36334,29844,23392,18291,19614,19581,22827,17492,18361,20263,19745,19296,10844,12925,14766,18614,21734,8438,20024,11090,6313,10882
T:AGCCT,81124,11939,216813,188474,157219,119136,126958,124564,131156,108044,102894,117953,115349,114874,59790,75591,84830,89580,99039,51738,80924,57184,26775,48119
T:AGCGA,11417,8435,29336,25526,20247,16090,16908,16949,18858,14996,14253,16272,15268,16300,9712,10601,12147,13962,15563,7219,14111,8285,5060,7636
T:AGCGC,6392,988,18803,15839,11831,9550,10492,10410,11999,10030,9952,10511,10782,9609,6158,6651,7641,9960,10523,4710,10319,5833,3513,5908
T:AGCGG,8267,927,22107,18833,14335,11276,12397,12005,14166,11510,11510,12532,13211,11383,7178,7941,9712,11876,12834,5489,12435,7075,4342,6779
T:AGCGT,6927,2361,18274,17080,13010,10875,11520,11410,12266,10331,9263,11003,10308,9928,6515,6588,7593,8820,8717,5030,7448,5507,3533,4694
T:AGCTA,64174,8245,142147,137558,118069,97113,96300,93695,91911,79896,69271,78647,76516,79437,47966,53864,55497,49574,52492,38387,36263,33610,17598,23564
T:AGCTC,53028,5150,135987,123638,104503,80227,85556,82430,83237,72612,66441,75265,77608,70979,40232,48183,54249,53297,57119,34694,41708,36810,17662,28686
T:AGCTG,77271,11930,197676,179185,150451,115754,122859,118712,122908,103924,96288,108966,110257,105423,59333,70528,78467,79835,87572,50349,64732,53731,25845,42835
T:AGCTT,63397,5761,140019,140758,119926,100851,98990,95782,90359,81853,69655,78675,79292,77690,49589,52450,54637,46051,48203,39730,29007,33640,18673,21972
T:AGTAA,75263,18019,160799,168732,144140,129423,120064,117675,108584,99401,79597,90202,87490,91383,63532,62590,60746,44364,46435,48418,25320,33137,20944,19614
T:AGTAC,37895,6576,78646,79569,67679,57763,56230,54699,51164,45820,38515,42781,43159,43509,28167,30159,30372,23533,24798,22199,14494,17271,9508,10769
T:AGTAG,58777,16498,130935,125198,106268,89230,88004,85808,83510,71661,61850,68893,69934,73021,43705,48453,50048,43746,49188,34244,34649,29714,15931,20952
T:AGTAT,63001,22916,124511,133602,112797,103414,96120,93772,84554,77682,61403,68528,68668,70893,49748,48788,47169,32517,33694,37471,18244,24668,16033,13608
T:AGTCA,64352,12829,141742,143669,121579,101476,100117,97331,92389,83607,70537,80014,79338,77950,50786,53378,55539,46679,47270,41104,30922,34040,19329,22276
T:AGTCC,42624,4692,103846,94905,79681,62717,65266,63588,63595,55019,50405,56226,57584,54611,31696,36904,40786,38590,41818,26818,32234,26588,13587,20533
T:AGTCG,5454,9552,12875,11887,9482,7577,7935,8178,8562,7435,6419,7450,7261,7220,4393,4827,5397,5866,6120,3432,5338,3740,2203,3179
T:AGTCT,62972,6915,145155,140633,120080,98789,99554,96262,92432,81827,70213,79041,79661,78736,48831,53422,55638,48144,51890,39559,34971,33562,18258,23549
T:AGTGA,85411,25292,195376,188896,158037,131591,130788,127786,128014,110196,96464,109124,107021,109559,64802,71985,75693,72116,75151,54006,57493,48894,25701,35498
T:AGTGC,49707,12910,124641,114326,94824,75656,78159,76426,78622,66058,60567,68337,67427,67555,37971,44959,48723,49728,53647,32414,41406,32258,15990,25896
T:AGTGG,65799,33112,153349,142347,120290,94170,97627,94957,95394,82268,74968,83740,85315,82348,47209,55615,60029,58819,61980,40334,47797,40087,19945,30797
T:AGTGT,56525,18032,121077,124960,104172,89478,87586,86364,79796,72959,61060,68808,68286,66663,44837,45100,46881,39629,40008,35942,27365,29206,16866,19093
T:AGTTA,60382,10040,126299,133713,114362,102701,95320,93607,84848,77959,61895,70517,69497,72486,50430,49206,47744,34696,36157,38472,19081,26298,16687,14858
T:AGTTC,59370,5538,132038,129716,109663,92648,91159,89543,83930,75778,63952,72675,72074,73324,45931,49368,51025,43072,46211,36570,30178,30432,17344,20581
T:AGTTG,50290,6775,103323,105342,89854,77145,74620,72735,67476,61610,50968,57395,57857,58267,37308,38849,39554,32103,33088,30157,20553,23910,13497,14248
T:AGTTT,95306,12714,200822,211691,179901,160630,150990,146544,134478,123332,99279,111725,110656,114777,77966,77565,76868,58832,61227,60052,35450,43294,26710,25374
T:ATCAA,89767,59346,170373,183950,157344,139684,131286,126904,118801,107962,87185,99890,95325,97583,68015,68800,67435,48792,49078,53187,26697,36340,23639,21613
T:ATCAC,69637,16099,153017,151066,126751,106054,105247,102109,102668,88806,77557,88557,82916,86679,53134,57741,60633,55978,58306,43119,43796,37931,20711,27781
T:ATCAG,64942,6149,137889,139808,119421,100238,98987,95671,90032,81538,68728,78694,77675,76255,49303,51720,53484,43925,45373,40054,28350,32295,18259,21107
T:ATCAT,84620,34261,168930,176851,150414,134959,127774,123567,115163,105265,84855,96968,93577,97395,65767,65583,63806,50869,49204,50606,30382,36654,22240,22288
T:ATCCA,72092,22742,152274,151208,128735,106761,107605,102838,99678,89323,76355,86360,86575,85531,53575,57710,59876,53271,52314,43026,36812,38029,21012,25108
T:ATCCC,58811,9729,138138,124365,105462,81534,86533,83900,85181,72467,67243,76199,75272,75728,41483,49519,54097,54113,59366,34847,47950,36152,17731,28430
T:ATCCG,6587,842,17138,14866,12015,9482,10023,10151,10800,8722,8247,9083,9122,9063,5423,5963,6935,7878,8533,4372,7596,4618,2687,4222
T:ATCCT,67567,9242,153617,147975,125071,103302,103673,100843,97705,85820,74557,84180,85096,84531,51555,56967,59517,52280,54550,41508,38444,36461,19301,25519
T:ATCGA,7608,108042,16021,16058,13134,11009,10969,11075,10861,9497,8107,9310,8714,9122,6284,6067,6698,6156,6688,4766,4872,4075,2769,3130
T:ATCGC,9761,6991,23041,20402,16757,13326,13710,13922,15197,12195,11528,13108,12024,13232,7409,8561,9440,10975,12312,5799,11198,6238,3574,5855
T:ATCGG,5096,1061,12042,10871,8885,7246,7387,7304,7532,6736,5840,6758,6602,6421,4464,4401,4984,5147,5318,3169,4434,3295,2224,2766
T:ATCGT,8382,6136,17975,17661,14430,12599,12320,12370,12409,10852,9094,10551,9642,10456,6929,6873,7533,7209,7356,5389,5923,4664,3057,3530
T:ATCTA,67580,22285,132443,140845,120256,107613,101097,97310,89259,81691,65985,74152,74005,75617,52156,51428,50524,36481,37595,39990,20243,27018,17405,15676
T:ATCTC,76233,11306,175163,167316,141238,116786,117270,113877,112320,97915,85388,96226,95817,96656,57713,64453,67873,62403,66097,46798,49331,41129,22384,29823
T:ATCTG,70866,12253,160816,156889,132730,110417,110347,107160,102241,90445,78395,88863,88648,87072,55660,58519,61378,53428,54512,44474,35775,38569,21071,25772
T:ATCTT,82988,12550,177615,185377,155859,138175,131237,128201,118930,107913,87653,98613,98415,100446,67994,68428,68124,52514,53686,52250,31262,38333,23383,22595
T:ATTAA,116556,27946,238310,262655,222265,207076,187922,182758,166754,152224,119219,136771,130961,138927,101211,95358,89688,63607,64308,74861,32510,47580,32882,26264
T:ATTAC,65875,18324,143805,148686,124862,111195,105155,102834,98779,86014,71360,81349,77469,83384,54977,56228,55835,46276,48961,42043,32906,30970,18965,20221
T:ATTAG,66547,11681,139888,145644,123303,109816,104063,100237,94539,84780,68869,78906,76813,80597,53151,54332,53611,42874,45319,40681,28438,30017,18117,19373
T:ATTAT,115301,86785,229774,251969,213634,204460,181500,177764,161822,148212,114961,128563,128135,136152,97215,90055,84525,61148,60616,72036,32236,45088,31158,24566
T:ATTCA,102504,15360,206090,219859,186655,166682,156426,152200,140229,130032,104359,118460,116130,118185,81240,81021,78261,59937,58792,62656,33543,44241,27674,26318
T:ATTCC,68038,10775,146429,147505,124554,104700,103510,101374,95124,86121,74023,82732,81250,81520,52766,54774,57141,46092,47270,42061,29487,33581,19514,21396
T:ATTCG,7310,16766,15398,15341,12408,10865,10686,10507,10171,9379,7722,8937,8392,8726,6209,5758,6383,5709,5628,4580,4230,3807,2642,2741
T:ATTCT,106536,19512,228196,238713,201426,177819,169249,164801,153417,138715,113195,127825,125567,130167,86972,87512,87912,67871,71576,67814,43691,49417,29892,29919
T:ATTGA,66716,87228,123444,135123,115239,108709,97660,94339,84721,80328,61773,70554,71217,71963,50766,48756,45829,33999,33290,38830,19184,25843,17162,13915
T:ATTGC,52110,7912,107013,109628,92302,81653,78852,75374,71043,65015,52905,60737,58802,61658,39311,40653,40763,35237,35456,31048,24615,24808,14357,15388
T:ATTGG,48099,43658,90975,95107,81551,71349,69310,66091,60998,56123,45417,51876,51865,52000,33967,34874,35033,27616,27818,27076,18366,20532,12268,11939
T:ATTGT,72214,21284,138085,150325,127622,118459,109421,104182,94621,89729,69241,78395,78544,80482,56657,54223,51808,39111,37789,43060,22005,28827,19247,16006
T:ATTTA,135360,29389,276514,305003,257493,242830,219636,214430,194514,178180,137216,158246,152726,162437,116905,109515,102913,73788,74423,87036,39139,55629,38006,29236
T:ATTTC,113213,21670,230849,249956,209473,189862,177985,173173,160200,145898,116905,132735,127950,132397,93082,89585,88496,67541,66665,71655,35364,49662,31981,27583
T:ATTTG,101163,19919,197795,213692,181253,165546,154321,149140,135307,125838,99289,112139,110328,114746,80333,76816,74870,56333,55239,61214,31535,42398,27268,23087
T:ATTTT,217774,43677,454059,500723,419000,390048,356712,350270,323653,291661,229016,259866,247359,269953,191124,179823,173749,133272,138598,142260,82118,94891,63829,55117
T:CACAA,90788,18683,185606,191900,163581,137768,135342,130534,125801,112449,96092,108648,104325,104815,68292,72220,74772,62009,62496,54811,42214,44980,26063,30280
T:CACAC,94121,15099,223167,213532,171048,138669,144404,139982,148026,126304,113208,131515,121379,119976,75387,79459,90029,88857,92872,62912,70431,61300,35657,48734
T:CACAG,89931,20247,222725,210809,174325,137603,143569,138426,142796,125013,113633,128363,127139,116991,71717,80046,89307,88020,89705,61337,68307,61614,31738,49181
T:CACAT,91803,20575,188862,196604,166720,142370,139663,134128,128589,116494,97539,110951,107171,106130,71305,72661,74936,62323,61616,56913,44021,45364,27388,30050
T:CACCA,85817,15755,205881,191328,160428,125179,131136,127930,132988,113015,103239,117741,113961,111834,65223,76586,83924,83644,90590,53355,71920,55663,29171,46610
T:CACCC,53697,9976,146239,123063,99543,74924,81667,79405,87760,72353,70894,79117,80575,73674,41119,49812,57396,63897,70112,34482,61263,42297,21418,37793
T:CACCG,11847,1640,31999,27535,21173,17172,18205,18397,20827,16819,16442,17933,18068,16973,10367,11534,13491,16877,18203,7963,17282,9655,6025,9771
T:CACCT,71218,9640,182446,164724,136402,104644,110850,109165,114491,96086,89799,101295,100667,97648,54565,65554,73829,77390,82824,46530,68139,51213,24766,42230
T:CACGA,12218,7634,28709,27076,21501,17414,18212,18195,19558,16239,14762,17061,15294,16020,9936,10749,12441,13763,14505,7906,12363,8523,5127,7389
T:CACGC,16504,1977,45326,38195,29505,23058,25231,24806,29932,23193,22825,25877,23866,24703,13993,15966,18831,23689,26955,11231,25264,13758,8096,13632
T:CACGG,12878,11885,34609,30590,23304,18696,20063,19429,23423,18923,18630,20555,19815,18649,11610,12313,14646,19794,19993,9297,18258,11502,7055,11265
T:CACGT,15292,3498,34933,34527,26720,22150,22941,22511,25193,21265,18511,21820,20033,19521,13076,13171,14852,17321,16928,10290,14020,10799,6505,8838
T:CACTA,51537,5438,108491,111177,94016,79945,77854,75643,71412,63423,53848,60621,59695,60569,39947,41437,42367,33438,34797,31093,21168,24138,14156,16315
T:CACTC,60626,12172,149264,138055,114328,89781,92968,92980,94021,80238,73514,82950,81838,81022,46696,53390,59698,60060,63523,38308,50908,39956,20699,32043
T:CACTG,90435,17702,220479,206726,172324,135018,140991,136342,140831,119427,108885,124329,119760,118063,69420,80708,88603,87025,91776,59015,70227,58883,29614,46402
T:CACTT,84403,7638,191863,186324,157206,129213,129355,126661,123033,108000,94534,107433,103597,107267,65124,71459,74831,68349,71069,52945,49620,47022,25208,32825
T:CATAA,81003,28857,160525,174960,148802,135457,125162,121542,112864,102634,81921,93319,89459,93868,65552,63876,61911,44459,45095,50279,25218,33198,21956,19271
T:CATAC,48773,12158,97160,101200,85936,73270,71637,69204,64581,58668,48874,55208,53743,54495,36750,37358,38232,29311,29904,28396,18505,21613,13270,13709
T:CATAG,51327,17220,103359,104373,89633,78129,74453,73360,66817,61572,50855,56967,58333,57799,37770,39149,38707,31179,31703,29429,21235,22714,13351,14125
T:CATAT,88573,56815,166452,182840,156130,143143,132344,126932,115110,107039,83841,94627,92932,96927,70053,66004,63659,44600,44761,51662,24791,33807,22548,18400
T:CATCA,79979,16617,164025,168085,142369,119756,118744,114348,110488,99701,84948,96595,93238,92530,59672,62027,64539,55471,54689,48160,36873,40555,22392,27824
T:CATCC,53073,8062,126851,117245,98115,76728,81340,78136,79488,69328,62597,70873,72882,68520,40389,45431,49469,50152,50386,33994,40035,34757,17410,26553
T:CATCG,7521,6724,17413,16759,13110,11117,11033,11152,11837,10181,8779,10325,9793,9417,6557,6455,7300,7907,7872,4883,6270,5005,3263,4275
T:CATCT,82838,16341,193006,184358,155380,127138,128962,125060,122036,107309,94371,106305,105997,103954,64375,70336,73944,68101,69118,52139,48100,47265,25040,32840
T:CATGA,74340,17715,160532,163839,138618,118030,115992,111856,107715,97723,80926,93534,89769,90267,57813,61234,62977,55638,54506,47917,37977,39210,22672,26303
T:CATGC,58617,7747,136436,131861,108897,87145,90012,86281,87908,77305,67920,79387,75340,74619,44598,50496,54362,53884,54876,37756,41462,36582,18799,27774
T:CATGG,71674,24979,161677,154534,129241,103446,106623,101966,102830,91084,80999,92561,90400,87714,52430,59131,64331,62795,64218,43612,49428,43286,22591,32566
T:CATGT,79165,19254,164908,169532,142503,122059,119643,116028,110510,100963,82843,94180,92964,93295,61076,61906,64267,56375,55326,48414,38502,39927,22908,26328
T:CATTA,76120,16290,152310,165091,139921,127515,118705,114988,105603,96322,76923,87775,85348,88260,62150,60164,58411,43105,42250,47361,22313,31545,20078,17867
T:CATTC,74656,7693,159115,160373,135535,115371,113579,110215,103616,94935,80811,90547,89233,88411,57452,59537,61757,50698,50761,45660,33835,36428,21147,24011
T:CATTG,59465,20206,114952,120739,102356,90517,87510,83189,76728,72545,57840,66756,65926,66527,43873,44124,44083,36264,35636,34677,23776,27037,15617,15928
T:CATTT,142298,17016,286748,310830,262682,233594,221641,214983,197744,181201,146319,165740,160043,165219,114935,111365,110230,85602,83758,88879,45532,63590,39347,35279
T:CCCAA,77075,11415,181597,167033,142216,109167,115080,111381,113451,95704,89704,101088,99850,98052,55182,66880,72325,70155,75214,46576,57048,47638,23543,36019
T:CCCAC,62237,10438,162653,140408,116463,87449,94819,92094,98322,82219,80202,88950,92454,82218,46587,56243,64454,69256,74706,39272,64933,47221,23427,41129
T:CCCAG,103523,13930,292518,243413,200930,145150,161851,156259,173704,140067,141815,158464,160243,151927,75447,100819,116192,132748,148554,66270,131565,84446,38144,76172
T:CCCAT,62013,9639,140983,132044,112659,88975,91842,88094,87328,77690,70318,78527,80890,76003,44397,50875,56370,53305,53932,37158,42631,36967,18494,27582
T:CCCCA,73220,9267,191745,163370,135575,98821,109091,105309,112344,93989,94320,103570,110031,97687,52012,65575,75376,81841,90435,45040,79308,56037,26806,48732
T:CCCCC,39880,3584,103854,84729,68126,49351,55749,54468,60141,48296,51190,54099,59229,52238,30801,35023,41303,46517,54400,22860,51979,31421,17443,28984
T:CCCCG,15207,1875,42363,32864,24501,18639,21391,20639,25995,20159,22117,22466,24178,21463,15449,14957,18740,23530,26901,9576,28782,14032,10626,15048
T:CCCCT,50432,8448,130447,113224,93069,67435,74529,72395,76036,64842,63435,69800,74849,65719,35738,43839,51147,52837,60414,30818,52121,38014,17954,31999
T:CCCGA,10233,1278,27672,22632,17688,13443,14924,14865,17321,13702,13871,15141,15035,14335,8730,9706,11708,14155,15851,6704,14998,8490,5432,8267
T:CCCGC,13392,1644,39226,30486,22609,17708,19869,19167,24141,18621,19814,20255,22170,19607,13901,13954,17455,21218,24833,8523,26398,12266,9409,13623
T:CCCGG,17991,2069,52272,40132,30489,23060,26314,26045,31893,23149,26555,27705,28517,27003,16309,18015,21897,28351,33405,11238,33970,16335,10688,17590
T:CCCGT,10299,1750,26646,22736,17493,13723,15130,14755,17201,13551,13855,15205,15021,14585,8637,9499,11376,13710,15252,6697,14588,8187,4939,8040
T:CCCTA,41239,6193,91240,85986,74097,58134,59962,57953,55281,49518,44080,49646,51010,48795,28557,32913,35353,30321,32821,23934,22285,22050,11186,15580
T:CCCTC,56374,7161,148315,129116,105541,77413,85439,83540,88531,73750,72357,80111,85853,75299,41721,50299,58994,60815,69203,36520,59649,43572,21427,37040
T:CCCTG,63169,7175,173550,150660,123417,89330,99274,94473,102210,88285,86292,95880,100825,86680,46850,58919,68573,74887,81538,41476,69521,52337,24228,45672
T:CCCTT,60727,10390,137551,128556,109457,84415,88907,86259,82776,74198,66381,74083,77977,72708,43030,49005,53662,47878,51741,35745,35284,34905,17777,25081
T:CCTAA,56311,9365,120494,122190,104060,88159,86392,84105,78905,70752,59727,67931,66969,67217,43361,45786,46956,36440,38226,35031,22302,26904,15498,17228
T:CCTAC,37555,5293,84043,80202,68596,54570,55502,54219,51762,46260,41170,45157,46871,44457,27392,30552,32639,28181,29657,22267,19805,20100,10496,14423
T:CCTAG,44189,5890,98315,92501,79776,62282,65286,62597,60469,53059,47616,53252,55964,52358,30425,36159,38511,33675,36379,25505,24703,23979,11731,17266
T:CCTAT,47784,9105,101033,100493,85533,73809,71438,68872,64565,58267,48925,54920,55821,55890,35824,37969,38470,30174,31225,28065,19078,21898,12447,13739
T:CCTCA,82846,12488,208632,187992,158834,120793,128395,126116,127831,107645,100632,112620,115796,110049,61790,73979,82430,81850,87820,52237,71882,55883,26448,44868
T:CCTCC,88879,14561,246940,208157,168347,124165,137070,135786,149542,119394,116469,131968,135136,128824,65214,83446,98176,108526,124926,57660,110984,70026,32664,62220
T:CCTCG,13609,1516,37577,30995,23804,18506,20350,20131,23243,18363,18572,20452,20522,19256,11336,13353,15425,19228,21897,8610,20957,11411,6728,11470
T:CCTCT,76387,10417,191520,173625,145421,112049,119751,115370,115415,100054,92045,103365,108381,99941,57509,66614,75592,71173,76996,48832,57418,50235,24361,39009
T:CCTGA,73763,9779,181195,166236,139889,108683,114646,110844,112454,96702,88236,100433,99895,96464,54603,64595,70440,70661,76469,46646,60572,47888,23576,38269
T:CCTGC,59915,8661,167836,147463,119452,88846,98054,93043,102171,86425,82593,93661,96678,85469,47061,57524,69090,74209,81323,40984,66794,49882,24380,44604
T:CCTGG,87991,12657,249405,209466,171062,124000,138474,132517,148252,120361,120894,135156,136369,127291,63519,85373,98212,112750,124908,56904,110662,73311,32545,65110
T:CCTGT,72696,11110,180142,164450,137664,106479,111263,109483,113032,95863,88454,100328,98400,97940,55079,64688,71914,74019,80709,46254,66305,48559,24446,39870
T:CCTTA,48806,8568,104463,106361,90925,76770,74990,73347,67533,61361,51454,57637,58848,58568,38299,39593,40487,31743,33020,29931,19790,23168,13404,14851
T:CCTTC,68335,8413,164271,152234,127270,99921,104095,102340,99488,89414,79195,88901,92483,86152,51395,57415,64581,58414,63524,42858,44450,42222,21683,31300
T:CCTTG,58541,13434,136172,127283,107031,83947,87893,84261,82789,73274,66190,73945,77404,72219,41731,48392,53501,50309,53353,35219,38681,36053,17558,26458
T:CCTTT,87242,14766,186394,188351,159384,133731,132511,129537,119581,108601,91651,102999,104269,103056,66602,69497,72843,57809,61023,53458,35928,42937,24405,26672
T:CGCAA,7677,3719,16813,16476,13257,10897,11314,11260,11460,9985,8980,10126,9469,9453,6090,6578,7111,7625,7726,4742,6261,4649,2923,3827
T:CGCAC,8721,1054,23126,19590,15249,12364,12854,12804,15504,12331,11815,13311,13011,12506,7691,8154,9841,12369,13492,5981,12886,7332,4667,7084
T:CGCAG,10101,1578,29128,24643,18659,14989,16185,15921,19033,15543,15289,16360,17094,15017,9260,10235,11871,15792,16742,7293,16428,9416,5603,9341
T:CGCAT,7395,3892,16646,15809,12870,10908,11022,10988,11114,9728,8671,10058,9476,9277,5977,6204,6929,7629,7639,4715,6375,4738,2967,3936
T:CGCCA,14103,4192,36911,31233,24534,18950,20938,20132,23776,18324,18587,20149,19738,19804,11619,13474,15761,18179,21528,8694,19959,10954,6783,10831
T:CGCCC,15170,1601,43378,34170,25769,20296,22453,21898,27106,19987,21999,22464,23971,22356,14825,15817,19301,23448,27675,9516,29152,13266,9321,14699
T:CGCCG,3942,633,11933,9503,6189,5492,5906,6034,7646,5635,6046,6052,6637,5851,9510,5344,8457,6950,7823,2740,9065,3867,6572,5571
T:CGCCT,19056,2245,52784,43257,33840,25929,28062,28212,32549,24614,25811,28300,26869,28738,14990,18426,21458,26474,31373,11840,30515,15104,8142,15382
T:CGCGA,2293,421,6030,4817,3707,3113,3239,3464,3996,2974,3099,3176,3183,3346,2356,2269,2834,3215,3802,1514,4045,1860,1587,1937
T:CGCGC,4975,514,14994,11690,8613,7138,7895,7856,9420,7057,7629,7807,7958,7770,7342,5890,8040,7937,9800,3747,10768,4552,5054,5701
T:CGCGG,4480,518,13085,10200,6938,5990,6763,6762,8429,6425,6774,6853,7165,6627,6346,4899,6765,7499,8775,3058,9961,4371,4626,5171
T:CGCGT,1911,294,5242,4317,2941,2641,2955,2990,3677,2903,2726,2962,2914,2721,2422,2099,2339,3053,3520,1265,3604,1834,1717,1885
T:CGCTA,5128,598,11597,11146,9115,7497,7703,7566,7903,6770,5756,6951,6479,6478,4289,4388,5071,5000,5039,3377,3842,3065,1965,2538
T:CGCTC,8676,1050,25035,21131,15965,12270,13775,14145,16066,12465,12592,13676,14130,13079,8034,8729,10970,12846,14969,6029,13716,7643,4847,7685
T:CGCTG,9976,1632,28426,24247,18296,14597,16072,15720,18707,15539,14742,16593,16515,14629,8812,9863,11596,15095,16203,7304,15122,9232,5059,8852
T:CGCTT,9994,3122,24770,21839,17627,13891,14705,15025,16282,13258,12264,14071,13282,13645,8295,9076,10407,11578,12939,6385,11199,6855,4108,6078
T:CGTAA,7352,1666,16491,17423,14220,12248,11779,11621,11770,10477,8575,9986,9088,9473,6485,6582,6955,6253,6134,5162,3919,4044,2575,2913
T:CGTAC,4446,2810,9859,9758,7680,6428,6633,6476,6724,5969,4991,5712,5460,5454,4005,3746,4400,4279,4380,2789,3352,2616,1886,2273
T:CGTAG,5549,700,12915,12020,9809,8037,8369,8270,8371,7302,6470,7071,7433,6899,4580,4806,5166,5445,5687,3401,4943,3492,2111,2738
T:CGTAT,8504,8768,16801,18150,14887,13042,12485,12429,11954,10984,8564,10158,9411,9683,7038,6539,7293,5879,5895,5173,3784,3910,2630,2661
T:CGTCA,7476,2945,17704,17010,13051,11042,11504,11266,12384,10732,9367,10656,10194,9774,6715,6605,7506,8557,8700,4964,7344,5395,3454,4559
T:CGTCC,7217,1377,18575,16020,11943,9597,10594,10455,12740,10322,9764,10800,11076,9971,6587,6666,7892,10151,11048,4913,11221,6296,4241,6486
T:CGTCG,1607,268,3976,3265,2307,2021,2112,2130,2622,2092,2134,2109,2327,2094,1718,1561,1932,2330,2523,969,2858,1394,1243,1506
T:CGTCT,13498,1562,33478,30135,23903,18934,19931,19675,21726,17819,17013,19162,17723,18839,11123,11950,14116,15607,18095,8524,16142,9814,5549,8672
T:CGTGA,14184,2240,35297,32471,26031,21082,22030,21700,24078,19465,17558,20403,19010,19875,11555,13252,14319,16996,18565,9411,16285,10067,5864,9187
T:CGTGC,10145,1203,26005,23283,17667,14203,15344,15366,17568,14480,13316,15408,14709,14561,8894,9523,11252,13973,14816,6851,13356,8302,5304,7895
T:CGTGG,13571,1688,36122,31345,24461,19204,20824,20762,23899,19350,18487,21210,20144,19556,11506,13119,15021,19303,20876,9361,19017,11668,6913,10817
T:CGTGT,10737,1795,25286,24713,19204,16058,16408,16639,18059,15440,13233,15526,14593,14243,9683,9200,10620,12093,12343,7719,10392,7723,5062,6689
T:CGTTA,6709,2762,13891,14648,11737,10413,10008,9738,9622,8885,7101,8209,7646,7910,5823,5396,5873,4950,4974,4379,3174,3354,2393,2439
T:CGTTC,7101,807,16546,15827,12184,10348,10713,10952,10774,9519,8548,9738,9398,9133,6697,6080,7368,7376,7795,4763,6028,4809,3414,3906
T:CGTTG,6956,2387,14977,14127,11599,9732,10036,9872,9876,8791,7643,8568,8548,8365,5156,5409,6179,6635,6799,4257,5621,4399,2367,3183
T:CGTTT,11782,3559,24954,25979,21271,18761,17933,18108,17557,15842,12948,15263,13746,14571,10546,9688,10884,10109,9932,8042,6870,6505,4665,4720
T:CTCAA,90325,21061,202577,195013,167625,134726,135712,132660,130727,112454,99600,113541,109406,112759,66653,76212,79586,73035,75942,54827,55438,49249,25088,34637
T:CTCAC,70830,10688,178562,163114,134761,106092,110655,109832,113217,94513,87040,98306,98575,96546,54523,63722,72084,73199,78205,45274,64699,47796,24593,38882
T:CTCAG,88619,15779,233221,208026,174886,132746,142281,137833,141334,120393,112496,126675,129352,121396,67818,81732,91368,93136,100581,57902,81376,62848,29828,51275
T:CTCAT,74548,7821,164975,163776,138467,116141,115345,112430,106181,96372,82090,91988,92723,90785,57423,60780,63385,56296,55756,46875,38004,39625,21600,26701
T:CTCCA,87620,20334,221052,200684,166761,128136,136147,132374,135884,116162,107981,121726,123170,117805,65865,78803,87945,86919,96449,56067,77337,59906,29224,47948
T:CTCCC,81010,11525,219176,186218,152676,112760,123977,121637,132114,107058,104952,118164,121130,114515,59882,74900,87414,94366,107583,51358,92010,61810,29545,53175
T:CTCCG,12651,1646,35914,29666,23025,17579,19403,19376,22339,17679,17910,19566,19706,18786,11242,12412,14993,17770,21088,8509,19761,10806,6397,10504
T:CTCCT,92231,11874,238256,213204,175363,134721,144171,142376,146347,121893,112740,127693,131428,125181,68728,82252,96176,94374,105405,59224,86428,63240,30029,51893
T:CTCGA,10321,59148,25554,22298,18263,14239,15004,15061,16299,13048,12390,14287,13683,14209,7720,9189,10361,12175,13477,6333,12089,7414,3776,6420
T:CTCGC,8944,939,23901,20410,15541,12269,13537,13263,15415,12196,11880,13305,13470,12648,7943,8602,10473,12185,13920,5776,13269,7221,4602,7345
T:CTCGG,16643,1799,45376,37132,28595,22252,24319,24269,28179,21727,22194,24193,23971,23936,12600,15851,18199,23630,26949,10326,25626,13196,7185,13298
T:CTCGT,8798,1735,21926,20108,15797,12756,13614,13411,14208,12099,11019,12270,12143,12025,7704,8084,9455,9865,10969,5840,9492,6261,4073,5769
T:CTCTA,64653,8834,147608,142815,121100,99935,99270,97764,93629,81801,71304,80620,79413,81427,49261,54857,57152,49547,53622,40010,36366,34158,18508,24046
T:CTCTC,78831,7009,184396,173351,144011,114287,119092,115425,115266,100374,89620,101100,105388,98052,58499,65158,73343,67548,71503,48597,55282,47581,25130,35916
T:CTCTG,90044,11147,229450,208536,174788,134627,143334,136785,138857,120977,112452,125702,129393,119080,68518,79510,89588,88919,94908,58843,73301,61496,29429,48182
T:CTCTT,85731,11684,193038,190628,161446,135287,133869,131011,122361,111166,93133,104706,107465,106322,66920,70974,75009,61588,64756,53466,41201,44529,24628,28805
T:CTTAA,73750,10246,155250,165114,141067,125553,118851,114778,105790,96164,77713,87767,85634,89932,61805,61042,59319,44131,45260,47025,22973,32640,20886,18950
T:CTTAC,42645,4066,94029,94949,80814,68598,66881,65610,60484,55013,46027,51122,51767,52172,34414,35448,36312,28267,29502,26884,17300,20771,12234,13076
T:CTTAG,44197,5609,97550,98330,83909,71284,70004,67049,62304,57145,47677,53793,54546,53934,35318,36234,37413,29910,30780,27694,17960,22179,12647,13905
T:CTTAT,62427,10622,127558,135273,116120,105715,98005,94737,86094,80185,62814,70520,71868,73458,51306,49387,47423,34639,35222,38498,19202,26029,16849,14674
T:CTTCA,86657,12535,188067,189144,160145,135109,132595,130047,122127,110752,93507,104675,105049,103022,67473,70458,73810,59487,61740,53789,37660,43563,24988,28831
T:CTTCC,79122,7595,193101,179782,149447,118383,123375,121035,117607,105639,92548,105824,109005,101938,60807,67825,76340,69423,74999,51450,51965,50470,25478,36128
T:CTTCG,7756,1194,18516,17290,14126,11722,11945,12028,12043,10634,9364,10715,10362,10218,7090,6969,8043,7849,8687,5173,6478,5279,3459,4302
T:CTTCT,95938,12923,218547,215719,181828,151338,150607,147034,137552,125169,106321,119324,123049,118100,75119,79870,84500,70004,73971,60787,45418,51549,28602,33926
T:CTTGA,72029,13874,161002,155640,131773,108801,108490,106012,103644,90290,78597,88750,86731,90094,53173,59755,62039,58403,61556,43412,44773,39479,20548,26992
T:CTTGC,47112,6153,111249,105704,89222,71691,73368,70940,69081,61589,54214,61009,62171,59667,35709,39960,43239,40526,41627,29646,29422,28365,14733,20280
T:CTTGG,62257,10574,149121,136717,115532,89376,94884,90938,90683,79312,72118,81488,82989,79323,45091,53168,58887,57061,61481,38062,45203,39643,19400,29722
T:CTTGT,56689,8847,121331,122173,103907,87333,86514,83683,78440,71380,59632,67349,68754,67890,43545,45207,47372,39948,41608,34827,27583,29293,16366,19186
T:CTTTA,84864,10917,176403,187979,160646,143322,134185,131226,119566,109331,87233,98419,97321,100886,69941,69121,67398,49055,50322,53455,25836,36285,23734,20942
T:CTTTC,89545,12116,197132,198891,167270,141964,139711,136771,127729,116247,96090,109240,109659,108373,71015,72561,75953,61850,63798,56645,38771,45162,26982,27829
T:CTTTG,90237,16109,192857,193023,163158,138738,137534,132139,124509,112762,95521,107460,107751,107359,68182,72792,75542,64413,67755,54063,44720,46122,25499,30239
T:CTTTT,135660,16015,282423,300692,253740,225141,213169,208846,191705,173453,142032,158680,154740,162020,109963,109609,109784,84060,88194,84764,50310,61128,38430,35757
T:GACAA,67783,7667,137960,141296,120577,100744,99264,95647,91889,82236,70085,79155,77285,76428,49326,53444,54015,44782,45719,40646,29404,32896,18726,21826
T:GACAC,47090,12752,105194,102506,84283,69220,70314,67987,69707,60920,54236,60776,59829,56192,36134,38689,41499,40629,40646,29840,32831,28383,15633,22120
T:GACAG,65899,25895,165980,150420,125186,97135,102281,98876,103696,87858,80796,91590,91018,87817,50149,58651,64633,65668,69812,43218,57264,43669,22327,36115
T:GACAT,57919,14110,117147,122106,103432,88677,87063,83561,79421,72174,58947,68335,66412,65333,44391,44488,45639,38305,37225,35379,25037,27917,16361,17589
T:GACCA,49207,5615,117627,109586,91483,71262,74954,72581,74206,63320,58958,66486,64639,63576,35437,43107,46920,47293,50833,30773,40980,31704,15891,25146
T:GACCC,30327,5677,79654,69376,57630,42383,46737,44966,48585,40850,40422,44192,45911,41038,23627,28168,32338,35579,37756,19478,35803,24270,12660,20928
T:GACCG,5070,2764,12850,10930,8451,6698,7238,7252,8145,6939,6573,7329,7289,6700,5000,4598,5560,6462,6960,3429,6608,4010,3027,3818
T:GACCT,43096,6897,102276,94021,79372,62036,65086,62769,63747,54749,50208,55974,57212,54437,31073,36601,40342,39687,43082,26740,34078,27331,13576,21818
T:GACGA,7080,2688,15794,14956,12085,10011,9991,10065,10843,9163,8040,9033,9236,8775,5744,5863,6583,7446,7296,4462,6097,4460,2870,3808
T:GACGC,5398,989,14875,13017,9656,8045,8489,8347,10671,8139,7967,8741,8684,7910,5726,5394,6681,8548,8589,3874,8659,4987,3675,4846
T:GACGG,10162,4267,27830,23345,18177,14253,15691,15285,17999,14048,14017,15292,14947,14796,9442,9815,11752,14632,16132,6721,15314,8484,5751,8426
T:GACGT,6984,1060,15947,15750,12170,10508,10370,10431,11792,9992,8300,9842,9365,9085,6111,5993,6560,7873,8061,4642,6570,4909,3184,4003
T:GACTA,38922,17461,83098,83302,71064,59890,58481,57001,53888,47800,40902,45270,45472,46132,29629,31500,32598,25769,27500,23078,17456,18186,10326,12235
T:GACTC,39329,59566,97021,89014,74288,57960,60967,59380,60323,52341,47617,54495,53919,51676,30276,34868,38854,38135,40932,25339,32514,25970,13382,20259
T:GACTG,47458,61531,110176,105213,88652,71071,72833,70477,70033,60967,54294,61270,61809,59271,35757,40088,43812,40220,42405,29947,30476,28480,14785,21625
T:GACTT,54123,4994,114265,116075,99090,84469,83522,79773,74429,69020,57010,64194,64774,63122,41723,43277,44440,36177,36949,33095,22534,26859,15918,17082
T:GATAA,66419,13467,132337,140646,119932,108112,100377,96951,89307,82565,65727,75019,74304,75902,52056,51620,49658,37167,37063,39989,20286,27705,17519,16094
T:GATAC,36064,5250,70952,74148,63755,54847,52684,51005,47848,43361,35947,40064,40166,40104,26782,27455,27866,21640,22116,21134,13270,15865,9473,9807
T:GATAG,38773,16151,75390,76537,66153,57637,54602,52403,48737,44879,36749,40265,43275,42512,27405,28391,28245,22193,22704,21846,14463,16646,9943,10222
T:GATAT,60183,20268,112158,122758,104736,96712,89786,85499,77696,72498,56659,63438,64426,65560,46274,44801,42510,29840,29887,35019,17042,22820,15252,12124
T:GATCA,56474,8539,125680,120157,100892,83266,83498,81424,81010,69944,61463,70721,67435,70139,41520,46682,48982,46248,48715,34216,37011,30320,16280,22353
T:GATCC,33695,7161,80860,73705,61106,48146,50583,49252,50507,42922,38682,43974,44067,44217,25121,28805,31999,32021,34340,20495,28697,21423,10823,16389
T:GATCG,8002,3540,19981,16879,14106,10960,11435,11625,12702,9942,9577,10731,10025,11284,6304,7164,8132,9096,10527,4813,9967,5378,3277,5078
T:GATCT,50097,6707,113299,109127,91948,76223,76697,74175,72080,63416,54842,62282,62173,62374,37634,41760,44380,39798,42607,30090,30964,26935,14600,19061
T:GATGA,62897,7711,134088,133833,113145,95625,94497,90166,87132,80564,67590,75360,76434,74925,46892,49561,51836,46296,45594,39046,31525,33122,18462,22507
T:GATGC,37054,4252,82918,81572,68460,54770,56613,54575,54296,48101,42331,48486,48177,44945,28153,30544,33101,31999,32084,23654,23266,22768,11648,16560
T:GATGG,60026,21309,137500,128168,107119,84544,88810,84669,86848,74812,68242,76061,78477,75465,42243,49218,54202,56026,58315,36250,48118,37794,18475,30517
T:GATGT,48568,9749,101298,105429,89148,75580,74938,72407,68204,62479,51622,59098,58246,57154,37829,38132,40136,35222,34032,30839,24023,25315,14472,16201
T:GATTA,59260,9573,130170,131432,111173,97593,93174,90670,86895,75911,63038,71878,69987,74702,47261,49658,49664,42559,45203,36722,31039,27942,16469,18876
T:GATTC,47071,24055,102794,102778,87409,72907,72286,70299,67155,60502,51765,57999,57195,57346,36499,39120,40628,35112,36234,29386,24588,24649,14113,16454
T:GATTG,39548,32420,80144,81232,68991,60572,58404,56041,52441,48106,39390,44905,44426,45520,28517,30576,30781,26566,26831,22994,19183,18555,10981,11856
T:GATTT,81871,11834,164911,177796,150372,136117,127852,123935,113286,105274,82851,94750,91581,95649,66574,63959,63631,48201,47958,51174,26985,35849,23020,19761
T:GCCAA,63282,8758,144359,136971,116507,91807,95011,91075,91157,78654,71668,81618,79012,78404,45575,54041,57382,55387,58185,37937,41544,37302,18895,27647
T:GCCAC,55968,10446,146969,130756,107221,81083,86912,84183,93042,75144,73740,82057,80204,78411,42907,53535,59580,66503,72776,36227,62122,42350,21227,37233
T:GCCAG,63364,11947,171253,148191,122250,90155,99238,94043,102222,84368,84613,93617,95977,87523,46550,59957,68868,75027,81284,40873,65785,49408,23176,43332
T:GCCAT,54554,7453,118102,115472,97912,78694,80760,77094,76124,67685,59124,67163,67492,64804,39462,43875,46802,43715,44916,32386,31815,30673,16147,21968
T:GCCCA,58989,7753,158609,135656,113120,81774,90605,86276,95682,78115,78661,86854,89433,80868,42237,55383,63690,70468,76396,36948,65012,45960,20764,40942
T:GCCCC,36902,3686,105428,85251,68261,48390,55386,52797,60403,49647,53170,56363,62837,51094,29301,35812,42772,51003,57422,23096,55665,34397,17930,32981
T:GCCCG,12715,1451,37363,29028,22239,16955,19174,18438,22951,16923,18919,19783,20887,19083,11704,13158,16030,20304,23489,8210,23544,11445,7524,12631
T:GCCCT,42656,7866,113209,98950,81738,59284,66315,62689,65813,57276,56178,61623,66381,56327,31261,39045,45428,47212,51350,27570,41391,32854,16152,29499
T:GCCGA,12112,1433,31269,26087,20721,16186,16968,17291,19798,15043,15498,17157,16364,16926,9833,11220,13160,15495,18256,7246,16762,8984,5508,9047
T:GCCGC,8733,1225,25087,20426,14452,11787,13021,12879,15896,12100,13228,13603,14456,12410,11492,9657,12664,14112,15674,5748,16519,8257,7550,9447
T:GCCGG,11878,1452,35238,27826,20688,16132,17814,17270,22329,16470,18051,18726,19659,18134,12428,12474,15670,19437,22711,7594,22884,11235,8346,12269
T:GCCGT,5644,891,15291,13377,10047,8333,8942,8922,10011,8771,7877,8979,9048,8136,5528,5577,6679,8337,8777,4050,8314,5072,3338,5021
T:GCCTA,35307,4991,79732,75315,64975,51927,52814,51071,49323,42943,38887,43174,44348,42831,25476,28905,31012,26714,28580,20581,18731,18939,9499,13584
T:GCCTC,68655,12595,196178,164855,135407,100384,110971,108156,119206,94954,93283,105742,105458,103458,52611,67313,78508,88986,99957,44882,87335,54478,25579,49761
T:GCCTG,78461,13188,217354,183594,150826,111308,122125,117197,130489,104921,104467,118046,116409,113086,56849,75043,85055,97838,109232,50205,95415,61577,28506,55703
T:GCCTT,50937,9002,120333,114244,95527,76285,78506,76134,73975,66135,58726,66511,68242,63841,38502,43438,47516,43034,45986,32103,32333,30754,15794,22712
T:GCTAA,51275,6504,114902,114222,97037,81086,79972,77350,75779,66273,56655,64851,62733,64758,40132,43872,45070,39436,41969,32394,27887,26804,14629,18767
T:GCTAC,37684,6688,86137,81099,69707,55354,56083,55084,55327,47048,42573,48038,46190,48035,28391,32279,34814,32902,35414,22911,25781,21832,11563,16616
T:GCTAG,32141,3086,70018,66162,57858,46206,47337,44615,42898,38400,33951,37398,39333,37339,22306,25612,26774,23286,24905,18674,15705,16219,8080,11438
T:GCTAT,44166,7162,90127,92085,79500,69269,66328,64111,60058,54273,44314,50284,50307,50730,34248,34492,34286,27362,26784,26080,15736,20024,11534,12186
T:GCTCA,64407,12859,168856,149859,125672,95295,101939,99190,103553,86544,81653,92732,91742,90377,48704,59339,66909,71346,75975,41719,61853,45863,21923,37794
T:GCTCC,40756,4359,112003,97856,79225,59155,65329,62819,66714,56717,55337,61107,65181,55649,32092,38732,45998,46777,52952,27078,41865,33157,16296,28335
T:GCTCG,6432,3398,17047,14865,11112,8964,9706,9401,10948,9013,8837,9538,9877,9123,5410,6170,7366,9052,9992,4186,9206,5425,3247,5213
T:GCTCT,54147,5116,135743,125510,104955,81806,86580,83793,83197,72837,66583,74502,76956,71017,41523,47972,53844,51169,55438,35366,38804,35993,17776,27645
T:GCTGA,67228,7934,166335,153500,128975,100489,105527,102062,105159,88522,82034,93314,91296,90274,51389,59958,65851,66708,72724,43408,56070,44792,22296,35342
T:GCTGC,47807,10596,124435,112657,91784,70322,76236,73190,77534,66315,62868,70206,72685,64986,38084,44313,50830,54007,58008,32330,43429,36828,18365,31510
T:GCTGG,79822,20086,221509,187300,154115,113627,126389,121831,136332,107468,106667,119494,121053,116226,58555,77019,88276,101195,113868,51432,97463,63219,28668,55639
T:GCTGT,49785,5866,118681,113934,95259,76213,79143,76028,75967,67709,59607,67363,68276,63175,39466,42735,47263,45934,46611,33260,33892,32398,17176,24505
T:GCTTA,38879,3689,84083,85705,73838,63857,62170,59403,54985,50856,41780,46646,47029,47425,31334,32045,32209,25896,26176,24534,14699,19083,11258,11856
T:GCTTC,49408,6470,117366,112158,93469,75494,77637,75420,73393,65622,57981,65365,66875,62287,38656,42383,46218,42758,45191,32181,30313,31054,16148,22207
T:GCTTG,45502,6732,105541,98434,82993,65675,68685,66115,66000,56888,51620,58648,58573,57432,32968,38163,41455,41568,44448,27700,33296,27805,14252,20978
T:GCTTT,69517,8801,147843,152930,129842,111252,108621,104831,97865,89347,74334,83633,82817,82560,55271,55907,58152,46860,48154,43692,28144,34336,20377,21213
T:GGCAA,64355,15668,139880,135167,116673,92079,94541,90968,89883,77965,70289,79076,78385,76828,45222,52379,55920,51082,53484,38062,36585,35699,18341,25850
T:GGCAC,44458,8090,114716,101205,83473,63716,68744,65205,70628,59501,57012,63530,64468,59937,33394,41170,45986,50093,53213,28406,42881,32627,16378,28888
T:GGCAG,74561,11902,199740,174663,143030,106065,116232,112179,121431,100086,99308,109568,113813,102942,54834,70425,79437,88039,97471,48412,77904,57550,27738,51159
T:GGCAT,54212,30759,125368,117980,100104,80069,81903,79077,79221,68693,61055,70273,68815,68795,40033,45823,48885,47523,49586,33488,36772,32304,16485,23689
T:GGCCA,62200,10390,161607,141276,116969,85935,94361,90383,99000,80662,81043,89883,89949,83772,43871,57415,64768,73020,79089,38820,65980,47533,21944,41114
T:GGCCC,33718,3469,97188,78512,63622,43794,51373,47909,55798,45704,50057,52066,58085,46029,25395,32731,39622,47418,51959,21212,49177,31348,15810,31017
T:GGCCG,13820,1545,38555,30803,23039,17596,19569,19325,24650,18261,19712,20614,21230,19942,12243,13442,16330,21374,24408,8399,25131,12162,7945,12988
T:GGCCT,49551,12291,132571,113905,94444,68731,76933,73046,79452,65138,64776,71128,75963,66039,35823,45806,52998,57493,63908,30953,53709,38494,18037,34557
T:GGCGA,9606,2976,24127,19869,15438,12385,13338,13117,15229,11622,11633,12832,12910,12864,7302,8407,9680,11701,13339,5759,12758,7018,4174,6829
T:GGCGC,11947,3242,34721,27816,21306,16494,18269,18475,21708,16008,17551,18040,18575,18595,11734,12410,15404,18533,22137,7574,22725,10763,7247,11385
T:GGCGG,18639,1888,49678,38988,29659,23199,25876,25730,30513,22774,25391,25692,27001,26216,15982,18003,20918,26773,31534,11116,32944,15300,10270,16325
T:GGCGT,12397,1260,33106,27631,21848,16748,18116,18205,20991,15928,16171,17800,17321,18399,9645,11924,13779,16750,20438,7635,19565,9785,5324,9673
T:GGCTA,39938,3460,90540,85071,73201,58009,60191,57270,56692,48622,44402,49654,49759,49331,28787,33115,35565,32469,35439,23912,25358,21834,11245,16476
T:GGCTC,50346,9875,140569,118819,97285,71339,79414,76335,83671,68043,68183,75577,76950,72650,37877,48351,56283,63081,69825,32432,59847,40406,19015,35804
T:GGCTG,77501,16397,215205,183596,150167,110670,123386,118203,132493,105130,105370,117601,118087,113017,57990,74678,86174,99650,110602,51147,95071,62801,29220,55674
T:GGCTT,48910,5291,113997,108224,91839,72608,76503,72736,71076,63283,56197,63340,64829,60171,36748,41072,44736,42257,43825,30980,31376,30106,15370,21301
T:GGTAA,45157,7689,94218,96391,83006,70743,68627,66427,62354,55737,46570,52178,51782,52695,34396,35948,35983,28850,29586,27665,17235,21255,12430,13056
T:GGTAC,28267,10112,56808,54473,47809,38619,39285,37286,35848,32369,27819,30987,31634,30604,19065,21254,21949,19253,19802,15200,13126,13477,7082,9526
T:GGTAG,35813,4845,77641,72583,63155,50373,51494,49305,47198,42096,37161,40569,43665,41440,24721,28139,29872,26172,27804,20168,18960,18401,9730,12964
T:GGTAT,42704,12832,82577,85518,73131,62935,60752,58482,53726,48782,40792,45649,46349,46030,30581,31647,31629,24053,24765,23943,14434,17636,10531,10728
T:GGTCA,45231,6634,111290,101673,85158,65860,69808,67626,68445,58718,54802,61338,61717,59307,33319,39701,43727,44382,47702,28841,38287,30166,15032,24161
T:GGTCC,26262,8031,67796,58967,47958,35436,39420,37672,40606,34089,33673,36637,39151,33424,19169,23077,26834,28989,31226,16088,28209,19949,9868,17273
T:GGTCG,5080,694,12461,10392,7979,6425,6906,6951,7884,6666,6282,6817,7024,6705,4925,4689,5854,6464,7117,2939,7293,4008,3270,3987
T:GGTCT,45227,20075,115169,102595,86372,66752,70419,68240,71174,59126,54801,61552,62416,61034,34543,40693,45761,46240,49900,28381,41672,30335,14937,23974
T:GGTGA,57553,8668,139201,127248,105484,83233,86099,83736,87650,73954,66984,76252,75209,74584,42585,49204,53899,56636,59659,35966,49073,37417,19241,29986
T:GGTGC,34703,4284,88545,79753,64373,50240,53393,51679,56132,47234,44147,50211,50768,46681,26257,31416,35069,39433,42155,22780,35950,25738,12960,22616
T:GGTGG,72192,9550,180916,156902,128973,96840,105801,102275,112055,89406,89726,98339,99819,97016,50283,63873,72946,81637,91466,43994,81024,54582,25281,46223
T:GGTGT,42197,10223,98794,93285,77261,61900,63953,62458,64311,54944,49191,56134,54855,53549,32181,35407,39382,40146,41678,26816,34794,26583,14251,21263
T:GGTTA,34943,8542,73846,74471,63320,54133,52778,51572,47700,43424,36438,40879,40691,41260,26631,27750,28455,22979,23938,21209,14185,16921,9666,10725
T:GGTTC,36063,9785,87541,80369,67761,52803,56030,54277,54053,46802,42825,47744,47523,47202,27157,31171,34400,33673,36544,22919,28044,23003,11626,17807
T:GGTTG,41536,4286,90426,84471,72242,57133,59371,57467,56797,49510,43879,50156,50779,50583,28481,32921,35842,34644,37230,24032,29929,23546,12098,17220
T:GGTTT,65008,6357,140137,140786,119396,100836,99720,97266,92378,82200,69327,78769,76361,78571,50492,52745,55552,47993,50520,40150,36108,33396,19419,22362
T:GTCAA,48750,10640,101767,105405,89085,76107,73537,72133,67896,61503,51098,58413,55755,56510,37782,38818,39586,32099,32550,30249,20356,23654,14021,14985
T:GTCAC,39684,8732,95852,90855,75885,59740,62118,60827,62015,53638,47922,54762,53585,51763,31396,34711,38066,38772,38405,26243,32310,26184,13819,20165
T:GTCAG,48621,5645,118820,110847,92685,72935,76289,73435,73330,64286,58351,65102,66857,63260,36734,42285,46621,45765,49511,31255,38166,31341,16076,24456
T:GTCAT,46880,17827,99396,103459,86730,75153,72816,70146,66496,61174,49744,57167,56251,56261,37660,37936,39000,32647,31840,29708,20094,23488,13885,14896
T:GTCCA,39698,7313,92916,87986,73356,57671,60620,58314,57948,51654,46747,52534,52668,49134,30054,33443,36459,35202,36943,25103,28784,24737,13261,19123
T:GTCCC,37099,4729,94407,83535,67708,51149,55325,54412,57759,48467,47319,52146,54053,48892,27557,32839,38472,40615,44741,23486,40646,27514,14194,24056
T:GTCCG,4699,625,12020,10241,7892,6428,6988,6772,7703,6294,6218,6738,6816,6279,4123,4476,5081,6213,6642,3021,6768,3789,2603,3600
T:GTCCT,42876,12116,103198,96216,79929,63168,65898,63828,63888,56812,49924,56059,58640,53013,32597,36337,40832,37585,39968,26847,30378,27311,13934,20984
T:GTCGA,4316,12443,9593,8746,7132,5862,5990,6165,6275,5612,4712,5444,5270,5317,3305,3616,3976,4173,4391,2534,3970,2712,1642,2207
T:GTCGC,5131,798,13166,11181,8719,6781,7511,7381,8486,6826,6455,7124,7154,7183,4895,5034,5993,6546,7556,3214,7417,3961,2915,4074
T:GTCGG,5211,593,13020,11101,8533,6817,7356,7476,8470,6925,6746,7330,7736,6947,4780,4791,5733,6967,7448,3135,7399,4230,2969,4056
T:GTCGT,4383,861,9835,9440,7525,6258,6476,6484,6802,6035,5049,5854,5677,5653,3703,3615,4231,4556,4649,2808,4221,2924,1859,2501
T:GTCTA,35095,9183,74529,75726,65189,55732,53838,52941,49005,44861,36632,41592,41748,41494,27663,28277,28573,22762,22893,21390,13876,16553,9897,10311
T:GTCTC,62709,15894,157816,141300,117568,92077,96358,94569,98070,81408,75160,85729,83791,86096,46986,56106,61925,65282,72154,39409,61665,40959,20642,33780
T:GTCTG,46270,8024,110296,103286,87804,69169,72162,69224,68505,61041,54946,60906,63228,58369,35883,39192,44023,41090,43272,29246,33369,29658,15192,22182
T:GTCTT,58960,8497,131801,131013,110662,94416,92300,89151,85540,77584,63631,72154,72534,72588,46613,48796,51262,43632,45054,37205,30756,30128,17497,20081
T:GTTAA,56192,7189,114247,123707,104758,94372,88583,85798,78465,72019,57525,65573,63174,66492,46417,45661,43853,32614,33253,35803,17686,24610,15524,13799
T:GTTAC,32127,8473,68025,69869,59874,51960,49844,48768,45480,41301,33417,38298,37035,38518,26338,26191,26820,21264,21798,20477,12816,15612,9627,9434
T:GTTAG,33218,3256,71028,71728,61149,52858,51221,48990,45285,41813,34460,38835,39660,39553,26182,26354,27226,21114,22292,20384,13516,15527,9148,10073
T:GTTAT,49048,36719,99369,108220,90897,84255,76777,75481,68113,63053,49580,55725,55457,57196,41327,38544,37730,27053,27434,30750,14258,20409,13847,11557
T:GTTCA,59688,7505,134677,131006,110671,92885,92061,89898,86089,76980,66156,74771,72662,74732,47022,49897,52520,46712,48898,37605,34313,32118,17955,22505
T:GTTCC,39724,5688,90124,85821,72749,58351,60493,58600,56285,50258,44671,49751,51000,48350,30098,32688,35616,31631,33270,24773,23018,22786,12470,16296
T:GTTCG,6566,615,14874,13347,10755,8717,8959,9105,9611,7748,7326,8511,7813,8396,5043,5566,6244,6800,7671,3738,6730,4166,2680,3711
T:GTTCT,60376,11264,130443,132413,111629,95612,93890,91997,84485,77627,64516,72885,73192,72565,47668,48983,50666,41637,43084,38063,26136,30494,17608,19490
T:GTTGA,44648,6722,88048,91015,77313,68350,65357,63028,58581,53912,43645,49581,50268,50543,33213,33230,34057,28052,28268,26125,18634,20431,12249,12143
T:GTTGC,37603,5712,85440,80397,67672,54475,55527,54631,54571,47069,41297,47449,46218,48276,27377,31462,33720,33204,35629,22633,28116,21940,10957,15771
T:GTTGG,42963,6202,94138,88263,75467,60315,62510,60482,59312,51562,45718,50829,52620,51183,29388,33816,36904,34852,37599,24697,29052,23919,12149,17460
T:GTTGT,44459,8152,89107,92191,78478,68503,65542,63872,59420,54208,44408,50413,50208,51290,33579,33687,34608,28492,28334,26814,18550,20548,12169,12737
T:GTTTA,59569,6490,123546,134374,114414,104296,96309,94509,85240,79234,61812,71100,68992,71738,51361,48821,47292,35142,35362,38890,19193,26315,17485,14528
T:GTTTC,65580,10580,146147,147833,122892,105437,102822,101119,96555,86314,72508,82385,79823,82419,53751,54918,57981,50322,52604,42090,36698,34676,20661,23521
T:GTTTG,61632,7054,125709,128650,109732,94109,91268,88492,82658,75563,62501,70399,69955,71206,46399,47766,48491,41503,41702,36788,27769,29694,17316,18527
T:GTTTT,107274,17706,220701,239150,201813,182426,170398,167119,153505,140233,112398,126601,122260,127760,89124,86187,87272,67676,68768,68720,40386,48526,31078,28752
T:TACAA,98380,25985,194539,204392,173588,152490,144637,141151,134063,118112,98701,112371,105911,111552,74770,77469,76705,59679,63292,57441,39713,42253,25989,27035
T:TACAC,53262,10393,106053,112569,93772,80856,78897,75750,73353,66158,55407,62317,59286,60350,41825,41270,42610,34025,34329,32281,22269,24551,15317,16253
T:TACAG,76879,15333,176475,172283,145650,120499,119973,117716,115572,99488,86709,98093,93739,98270,60157,66554,69656,61678,66150,48324,46728,41608,22092,29698
T:TACAT,87222,45103,168669,185169,156965,143046,133208,128945,117687,108269,85798,96976,93942,98660,70719,66512,64875,46962,47097,52561,26634,35040,23385,19864
T:TACCA,61994,6669,123001,126731,108987,92258,90372,86247,80378,72966,61788,69195,69194,68624,44703,47994,48542,36998,37728,35090,22155,26498,15515,17192
T:TACCC,36181,5072,75757,72548,63713,50366,51210,49438,47552,42434,36994,41655,43207,41237,25211,28285,29683,26176,26995,20294,18466,18530,9545,12828
T:TACCG,4973,2248,10892,10571,8738,7219,7289,7421,7096,6419,5488,6339,6244,6033,4307,4286,4902,4405,4550,3162,3386,2956,1989,2271
T:TACCT,55285,12842,116829,117171,100357,84732,83133,80122,74242,67164,57169,63139,65322,64877,41587,44015,44774,35754,37109,32310,22671,25947,14867,16696
T:TACGA,6800,993,14182,14963,12212,10450,10349,10093,10072,8777,7427,8564,7820,8139,6089,5666,6187,5309,5231,4479,3460,3580,2561,2597
T:TACGC,4824,639,10891,10752,8765,7483,7441,7538,7633,6498,5693,6568,6078,6155,4122,4129,4636,4544,4588,3329,3366,2878,1788,2229
T:TACGG,5872,10492,13346,13163,10790,8921,9005,9067,9274,7888,6831,7873,7295,7632,5200,5165,5850,5682,5764,3886,4201,3720,2397,2977
T:TACGT,10331,7097,20200,21489,18054,15873,15115,14763,14292,13337,10332,12095,11549,11776,8229,7826,8528,7118,7207,6470,4378,4764,3304,3266
T:TACTA,61392,12279,126555,129560,111145,98615,92539,90296,83388,73821,61759,69360,67949,72518,47575,49214,48218,36051,40302,36212,23613,26202,15799,16413
T:TACTC,46964,9203,103898,101902,86832,71993,70946,69637,66603,58692,50837,56494,56295,57614,35848,38776,40505,33976,36408,28890,24546,23776,13120,16121
T:TACTG,59325,11993,122231,125255,107733,91447,89476,86659,80074,72815,60634,67215,67818,67668,45422,47119,47980,37058,38088,35336,22064,26984,15683,17044
T:TACTT,74974,10394,158970,166992,142024,127303,118833,116617,107110,96282,77661,87591,86023,90192,62037,61478,59831,44609,47648,47011,25043,32691,20604,19236
T:TATAA,112381,135939,222489,247450,209402,198819,178326,172741,157579,144072,111600,127035,123898,131938,95216,89831,84379,56720,59721,70070,30687,43685,30836,23908
T:TATAC,65456,39726,117784,129750,109693,100806,93894,89285,81549,74908,60394,66990,66472,68332,49048,47443,45478,30885,32734,35675,16552,23303,15490,13184
T:TATAG,56477,21562,110568,117405,100401,90807,84784,80578,73453,67964,53901,60099,61337,63397,42907,43406,41176,29093,30670,32294,17345,21717,13836,12345
T:TATAT,151129,264984,267511,298913,253023,246502,221166,209074,190884,177279,133878,151906,150178,161293,120220,105997,100757,69584,71606,84760,40127,52237,37767,29312
T:TATCA,71063,28122,138391,149296,127589,115811,108230,103779,95754,88113,69541,79210,77158,79739,56151,55067,52888,37892,38024,42748,19794,28223,18449,16245
T:TATCC,47139,5021,93699,94515,82298,70250,68753,65650,60548,55378,46229,51163,52951,52269,34260,35820,36242,27469,27802,26445,16022,20487,11851,12172
T:TATCG,5559,1007,10821,11446,9490,8276,7997,7979,7353,7038,5671,6495,6140,6458,4510,4367,4575,3847,3863,3396,2622,2597,1779,1712
T:TATCT,77658,11539,156627,164918,141022,127064,118450,115212,104534,96309,77508,86204,88245,89697,61791,59898,58854,43225,43742,46819,24624,31636,20536,18096
T:TATGA,69976,35625,136568,149196,126756,115322,106488,104446,95324,87283,69677,78190,77047,78937,56339,53954,52532,38464,38083,42532,22740,29054,18618,16208
T:TATGC,45486,13142,89604,95209,80947,72180,68399,65493,60881,55518,45272,51032,50584,50936,35119,34764,34246,26624,26287,27220,15068,19348,11806,11669
T:TATGG,50411,26195,98622,101372,86876,74783,72913,70101,65036,59610,48863,55080,54978,54880,36874,37598,37781,29893,29825,28877,19035,22130,13108,13857
T:TATGT,83684,61697,160464,175847,147380,137285,125899,121758,111483,103707,80590,91407,89890,92782,67108,62325,60829,44860,44186,50115,27340,33608,22245,19344
T:TATTA,100183,75395,202608,221412,188428,180316,160265,156044,141430,130087,100854,112792,112754,118913,86467,79955,74652,52589,52534,62945,26492,39221,27410,21491
T:TATTC,75398,14720,150748,162773,137919,126401,115770,113508,102923,95258,74929,84029,84771,86893,61425,58873,56445,40341,41199,46443,20976,30366,19899,16995
T:TATTG,64851,17049,122613,133370,113664,107146,97060,92860,83649,79034,60662,68465,69787,71363,50352,47444,45235,32877,32259,37781,18088,24621,16529,13036
T:TATTT,182685,39992,375616,414538,346601,328859,297018,291335,267029,242684,187190,212636,206373,222796,159981,147698,140349,105941,107684,118334,61021,76262,52482,42439
T:TCCAA,77799,33608,169015,169839,144286,119415,119908,115740,109875,99003,84656,96046,94241,93214,60042,63992,66457,55373,56080,47921,34052,40193,22839,26100
T:TCCAC,57981,8684,139678,132193,109248,86697,90463,88567,89320,78036,69947,79387,78452,75606,46214,50681,56820,54141,57507,38178,43610,37704,20440,29207
T:TCCAG,82481,8333,203618,187540,156226,120960,128034,123515,125609,108218,99811,112098,114272,108674,61093,73123,81131,79186,86972,52292,70306,54705,26829,43129
T:TCCAT,79523,9658,169208,168420,141964,119638,119119,114665,109472,99867,85704,96310,95641,94327,59870,63290,65073,56702,56802,48177,38618,41229,22704,26969
T:TCCCA,103170,15011,261278,232759,194721,149794,158998,155618,161372,134354,126755,143480,141414,141748,75823,93455,104042,107070,117388,64671,96192,69182,33235,56267
T:TCCCC,56984,9469,143474,125486,103594,76479,84237,81979,85237,72441,69699,77179,81874,73972,41596,48878,56679,57412,64565,35187,54630,40865,20623,33342
T:TCCCG,13313,1694,37505,30443,23014,18016,20112,20000,23666,17928,18397,20213,20364,19618,11018,12767,15583,18934,22334,8733,21912,11251,6593,11137
T:TCCCT,77204,9125,183160,168475,141738,109765,115415,112302,111006,97626,89044,99980,104817,96474,55931,63830,71184,66334,72440,47493,53742,48266,24018,35786
T:TCCGA,6186,801,15708,13814,10806,8568,9368,9276,9925,8429,7772,8704,8681,8254,5330,5484,6301,7006,7458,4190,6311,4394,2790,3761
T:TCCGC,9229,1323,25594,21189,16546,12830,14123,14039,15987,12478,12646,13676,13767,13342,7893,9077,10878,12761,15007,6080,14258,7388,4553,7427
T:TCCGG,7255,906,19870,16429,12673,9893,10915,10815,12348,9946,10053,11071,11225,10587,6478,6934,8241,10293,11406,4802,11196,6249,3907,5933
T:TCCGT,8968,2991,22273,20362,16429,13248,13837,13782,14647,12454,11456,12696,12181,12075,7900,8138,9608,10050,11280,5992,9485,6518,4032,5678
T:TCCTA,58208,6397,128688,128780,108713,91633,90585,88082,83132,74310,62855,71135,71911,70543,45520,48367,49916,39847,41870,36648,25119,29079,16128,18711
T:TCCTC,74381,12061,183001,165890,137464,107146,113325,111775,111316,96338,86818,97443,103120,95205,54838,63561,71600,67081,72737,46855,57849,47580,22918,36865
T:TCCTG,86947,13710,224582,204050,168613,130864,139174,135409,140246,118673,108136,123754,123676,119587,67138,78954,90755,91208,99831,56949,80909,60836,29652,49371
T:TCCTT,92852,12786,204569,202563,171206,143564,142096,139956,130082,118014,99554,111755,114519,112014,71431,74411,79666,64681,67828,57080,42017,47571,26438,30392
T:TCTAA,73278,19967,157580,168137,142077,127214,118469,117035,107256,97183,78129,89518,87242,90190,61883,61554,60575,44386,46450,48187,23737,32908,20940,19529
T:TCTAC,57468,7389,124758,124159,105572,88122,86501,85353,81229,71181,61865,69123,67280,70088,43536,47290,49099,41626,44132,34770,29836,28637,15963,19607
T:TCTAG,52435,6464,112568,112477,96332,80696,79802,77153,71092,65216,54886,61506,62824,61679,39167,42026,42821,33644,35961,31547,21054,25134,14005,15770
T:TCTAT,74832,21918,148797,158622,134285,120911,113489,109944,100995,92573,73549,82905,83261,85319,59074,57501,55996,41805,42503,44817,23123,30800,19980,17612
T:TCTCA,105027,10436,240242,232623,196476,162006,162979,158154,154588,135458,118198,132850,131747,132328,79952,88981,93078,85764,89131,65708,65211,57648,30813,41012
T:TCTCC,80551,8416,198259,182844,151928,119005,125563,122658,122723,105723,95372,108303,111068,105879,61228,69510,79605,74482,82182,51152,64802,51270,25675,39368
T:TCTCG,15029,13473,39268,33721,26778,21076,22907,22603,25118,19498,18398,21013,20450,21693,12022,13888,16347,18419,21464,9579,19448,10642,5913,10056
T:TCTCT,119455,14214,268390,260765,219568,182662,181534,177138,170544,151607,129733,147330,149316,147400,90344,97462,102924,91445,95865,72887,72014,63694,35426,44326
T:TCTGA,80814,9526,183796,180887,154966,128183,127490,123687,116250,105913,90239,101523,102739,97934,64610,67165,70133,58652,60403,51603,39396,43561,24296,28649
T:TCTGC,65630,10275,162190,153554,127818,102124,105840,101839,101761,90046,80431,91385,92471,86282,52247,58004,64180,62270,64528,43748,46166,43482,21841,32886
T:TCTGG,69124,14846,165979,153480,129902,99782,105892,100804,101015,87396,80941,89976,93711,86482,50841,57925,64749,61380,66007,43288,48510,43961,21627,32726
T:TCTGT,92035,13595,207934,205060,171665,144665,143724,139576,134259,120062,103986,116030,116111,114478,72417,75715,81428,72506,74909,58159,54448,50965,28219,35126
T:TCTTA,70078,10218,150539,159551,134947,121290,113711,110325,101140,93207,74091,83213,83373,86445,59289,57918,56601,41857,42871,44933,23151,31126,19951,17846
T:TCTTC,86453,12265,194444,193158,162654,138140,135928,133416,123938,113184,93688,106246,108774,106290,69262,71327,76057,60100,63285,54894,38501,44116,25718,28141
T:TCTTG,71955,13391,162963,158969,134905,112642,111816,109043,104339,93275,78668,88956,89126,90494,55794,60365,63396,56545,59048,44772,41521,39301,21222,26063
T:TCTTT,138148,14625,289795,303616,256751,228636,216536,210953,194384,177349,143025,160538,160223,164119,110848,110761,110629,85658,88059,85477,51966,62056,38928,36094
T:TGCAA,80605,81473,170570,174667,146173,123926,122871,118371,114989,102889,85453,99527,94434,96371,62126,65226,67344,60240,59701,50476,41289,41402,23398,27672
T:TGCAC,56909,13709,132545,127166,104461,84695,87689,84801,87084,76482,67581,78640,73182,73280,43774,48895,53149,56099,57284,37087,45510,36900,19452,29146
T:TGCAG,82743,17078,201376,190997,156698,125540,130085,125413,131122,113160,100697,116142,113550,110193,63410,73429,80900,83870,87043,54758,70344,55415,28372,44503
T:TGCAT,68689,16128,139500,150739,124769,109054,105965,101946,97001,89478,72796,84131,80173,81027,55125,53399,55222,47648,44985,43714,29112,34615,20231,21607
T:TGCCA,72256,10611,169274,161787,136113,108170,111336,106911,106797,93276,83746,94780,95262,90996,54285,61923,67049,63757,66651,45389,47093,44649,22210,33431
T:TGCCC,54004,8911,143794,124460,103217,75830,83403,80085,85338,71814,69906,78540,81699,73194,39215,49481,56944,61020,66741,34079,55286,41297,19017,35890
T:TGCCG,7393,1137,20087,17570,13291,11059,11658,11423,12910,10999,10537,11537,11919,10516,6684,7219,8621,10446,11456,5061,10261,6430,3914,6342
T:TGCCT,83630,13298,211421,192381,161242,126110,132428,126739,129836,111160,101886,116099,116274,113567,62836,74877,82812,83028,89445,53241,68664,54967,26427,43706
T:TGCGA,6343,2515,15128,14072,10951,9051,9495,9453,10136,8728,7684,8913,8395,8173,5313,5485,6375,7031,7366,4258,6299,4322,2524,3574
T:TGCGC,7418,2711,19723,16514,12634,10033,10860,11348,12431,9807,9684,10774,10663,10383,6428,6876,8179,9772,11448,4750,10921,5925,3838,5741
T:TGCGG,8611,1180,23045,19462,14605,11930,12691,12979,14661,12206,11628,12634,13131,11789,6802,7926,9403,11755,12891,5789,12356,7083,4126,6866
T:TGCGT,7367,987,17440,17165,13091,11046,11417,11414,12253,10646,9021,10523,10188,9670,6925,6293,7507,8805,8544,5197,7136,5387,3477,4606
T:TGCTA,56023,11136,116870,119780,103708,89288,85517,82630,77550,70701,58055,65313,65806,65612,44027,44883,44808,35937,36096,34379,19631,26365,14997,16424
T:TGCTC,53684,9654,132050,124489,103202,81379,84804,82295,81437,71984,65194,73356,75056,69450,41582,46942,52615,49110,52442,35194,36443,35578,17719,26808
T:TGCTG,79879,14521,189588,180353,151211,119626,124968,120466,120869,105411,94755,107207,108434,101579,61345,68952,75978,73245,76817,51632,55894,51470,26377,39618
T:TGCTT,80991,11515,175969,178371,150730,128921,126901,122205,114507,104303,87582,98184,97870,98175,63592,65883,68239,57174,58980,51008,34835,41661,23870,26879
T:TGTAA,89866,69346,192160,199038,167876,149531,141126,137749,130763,116411,95766,109196,103650,110808,73470,74468,74117,62063,64930,56721,43947,43076,26200,27823
T:TGTAC,46297,15599,90538,93650,79859,67971,66597,64230,60612,54791,45750,51332,50521,51054,34658,34816,35462,28837,29419,26801,18349,20332,12227,13275
T:TGTAG,53130,12085,111930,112043,94447,82166,79312,78141,73709,65756,54744,61451,62398,62791,40230,42299,43411,36517,39218,31969,27489,25943,14326,17200
T:TGTAT,88236,50266,170755,185625,154169,141960,133123,127798,118967,108089,86906,97426,95653,99363,70588,66325,66752,51381,52185,52524,32707,36725,23794,22685
T:TGTCA,66877,20437,145094,148211,124599,105555,103333,100324,96519,87541,72407,83438,81202,80764,52754,54068,56503,49667,48637,42545,34376,35064,19985,23508
T:TGTCC,48269,10669,112333,108093,89312,70673,73554,71612,70359,63804,56371,63817,64370,59314,36881,40448,45335,41885,44201,30638,34924,30522,16295,23472
T:TGTCG,6901,4182,16302,14925,12141,9695,10380,10248,10968,9201,8125,9377,9228,9081,5647,5980,6750,7583,8285,4351,7520,4685,2669,4165
T:TGTCT,81339,13047,180653,177969,150872,126919,124759,121708,115791,106127,88343,100632,101504,99940,62647,66310,70269,62777,63490,50786,46884,43588,24488,30161
T:TGTGA,75614,18012,164502,167874,141265,120530,118460,114218,110497,99818,83156,93869,93647,92522,60402,61452,63935,57625,56520,49058,41451,41184,23554,27964
T:TGTGC,53089,6695,124494,120275,99201,80754,83432,80932,79127,71627,62400,71674,71139,67293,41768,44305,48497,48022,48885,34777,35151,33607,17638,25189
T:TGTGG,69674,11191,154219,149541,126207,100503,104151,99538,99763,87400,78628,87287,88087,82549,50745,55788,61679,58847,60208,43173,47670,42197,22505,31757
T:TGTGT,98370,15311,200115,210668,171679,149386,146417,142198,135428,125068,103495,118374,115683,111791,78005,72405,78413,70554,67677,61600,48691,51241,30997,34603
T:TGTTA,68549,34293,138632,150695,127260,116197,108319,104122,95177,87919,69546,78827,77491,80103,57302,54383,53509,39420,39709,43353,21836,29585,19350,16820
T:TGTTC,63820,8948,133994,136675,116200,99768,97500,94828,87713,80512,67344,75760,75674,74389,50049,50513,52258,42658,42376,39926,25947,31321,18329,19707
T:TGTTG,70893,13336,148008,147922,125233,107634,104910,101933,97733,86841,72579,82154,82130,84077,52612,55018,57715,51216,52712,41827,38250,34984,19563,23460
T:TGTTT,121958,19207,250187,271547,228277,206039,192153,189320,173544,159974,127665,144728,140262,145206,101632,97693,97734,77709,76754,78244,45615,56014,35744,32871
T:TTCAA,116661,22093,239127,252927,212847,189008,178375,175059,162748,147179,120433,136998,130800,136501,93273,93778,92821,72619,74824,71753,43143,51384,32545,32265
T:TTCAC,73058,14018,161139,163743,137627,117158,113929,112311,107838,95536,80623,91840,88471,90322,59875,61265,64888,54557,56755,46436,38141,38082,22778,26332
T:TTCAG,86191,8328,188148,189660,159731,136087,133916,130343,121718,111451,93384,104832,104443,103899,67526,70292,72671,59504,61094,54615,37111,43602,24749,27626
T:TTCAT,105900,21680,218189,232054,195668,176624,164978,161262,147759,137223,110166,123611,121306,124248,87102,83885,82276,63600,61790,66679,34544,46647,29320,27070
T:TTCCA,98375,9912,215280,218113,182872,154144,153155,148959,140768,127987,109031,123222,120191,119350,77725,81135,85198,70010,71653,62372,43650,51161,29317,33226
T:TTCCC,73761,9314,173717,163055,137225,108615,112936,109959,106238,94359,84384,94349,98015,92678,55453,61671,67513,60666,65047,46397,45880,44090,23000,30880
T:TTCCG,7703,2909,18374,17022,13524,11053,11832,11612,12067,10613,9554,10764,10213,10130,6813,6783,8020,8247,8889,5163,7125,5335,3596,4474
T:TTCCT,109720,11718,245776,243900,205643,172028,171441,168182,156840,142815,120146,136162,138063,134625,86053,89747,95410,78578,82348,69955,50651,58057,31875,36949
T:TTCGA,9672,16942,21032,19588,15869,13415,13552,13298,13762,11611,10060,12178,10888,11953,7417,7821,8466,8601,9409,5661,7666,5436,3330,4325
T:TTCGC,5725,677,13485,12824,10231,8393,8725,8662,9038,7731,6746,7869,7458,7588,5281,5193,6166,5905,6509,3646,5240,3779,2625,3170
T:TTCGG,7023,1188,15940,15181,12363,10310,10415,10645,10529,9364,8270,9195,9023,8822,6338,6135,7071,7068,7495,4501,5853,4579,3159,3759
T:TTCGT,8491,1207,18148,18189,15024,13067,12788,12695,12021,10949,9261,10554,9822,10240,7265,6769,7619,6599,6872,5438,4633,4525,3231,3240
T:TTCTA,90682,15438,189114,203997,171710,153656,144046,141460,128677,117794,94504,106685,105437,108724,74576,73801,72235,52662,54926,57931,27259,39742,25079,22483
T:TTCTC,102281,12325,228779,227982,191928,161590,160260,156675,147321,132561,111517,126437,127573,126490,80340,84111,88811,74876,78876,64525,55185,53578,29672,35243
T:TTCTG,100416,16820,219323,224257,189014,160539,157089,152721,143675,130949,109795,123438,123745,120643,80049,81583,85488,71363,73148,64229,46056,52236,30293,33244
T:TTCTT,138914,17758,295231,308226,261261,232812,220556,215333,196937,180340,145030,163455,163059,167972,113661,112165,112267,86404,89730,87143,51880,63593,40302,36652
T:TTTAA,158077,25389,332215,371319,311894,290009,263493,260133,237890,214379,167573,191955,179402,196249,141830,133936,127744,91109,93956,106488,45856,67880,47145,36990
T:TTTAC,73418,14202,152070,164276,140006,126111,117602,114880,104963,96037,76588,86805,84168,87618,62216,60029,58631,42842,43381,46723,23216,32093,20814,18388
T:TTTAG,75889,10056,162147,170790,144701,130271,122114,119992,110601,99034,79533,90629,88411,93990,63500,62727,61928,47786,50315,48778,29710,33996,21813,20415
T:TTTAT,151257,40545,304101,337193,284491,269770,242395,236630,214267,199215,152397,172527,170392,179534,129144,120477,113205,83159,83286,95777,46129,61539,42488,33041
T:TTTCA,132960,30720,277770,298374,248395,224199,210117,206825,191615,173626,140584,159379,151183,159029,112042,107846,108065,84143,85032,85440,47426,59795,38776,35634
T:TTTCC,102683,9792,223497,228988,192516,164410,161991,157712,146906,133761,111881,126199,125231,124974,82379,84049,87046,70358,72407,65603,42841,51811,30332,31709
T:TTTCG,9278,1439,19819,19804,16198,13881,13890,13656,13524,11894,9925,11633,10626,11263,7958,7625,8651,7815,8297,5755,5955,5067,3566,3740
T:TTTCT,169447,18650,355270,377618,319030,283832,268201,262359,241152,220140,176818,199977,198007,203001,138865,135305,135717,105795,108053,107161,65139,77694,49243,44287
T:TTTGA,104834,19012,214512,226812,191059,171794,162425,156979,145266,132106,106393,120357,117364,122840,83382,82588,81877,65348,67226,63965,42383,47137,29216,28398
T:TTTGC,72850,10319,148109,156681,132482,115362,111476,107661,99411,92317,74595,85027,84440,84852,56473,56844,57839,47764,46426,44719,28646,34701,20311,20658
T:TTTGG,90534,15539,188193,189146,161031,136856,134594,129445,122872,109760,92885,104620,102674,105899,66771,70952,73230,62109,66698,53421,43970,44758,25108,28595
T:TTTGT,120651,15979,246446,258981,219081,197227,185758,180966,166685,152457,123350,138170,136976,142049,96625,95153,95813,76734,78345,73748,50590,54022,33462,33262
T:TTTTA,178846,43396,374071,416215,348538,325711,295467,291466,268398,241914,189828,214152,203337,222326,158485,149709,143907,106905,110831,118385,60742,77281,53034,44128
T:TTTTC,146031,16236,302226,328106,276508,249057,233679,229490,208712,190960,153706,172825,167612,175077,123396,117760,117047,88398,90724,93570,50512,64865,42289,36438
T:TTTTG,135836,17766,280894,296257,249508,222845,211134,205277,191759,172473,139911,158176,153417,162330,108339,108156,109855,89702,93999,83787,61561,62402,38013,39058
T:TTTTT,326375,53435,752020,763007,639910,557578,538797,527628,509855,435501,369867,416514,393253,441261,271443,289776,298608,265868,289953,210439,209929,167415,98840,116854
U:AACAA,100348,14878,203634,216210,183707,166406,155158,151474,137244,127199,101915,114622,114088,118134,81057,79104,78329,61295,61632,62114,36195,44055,28152,25804
U:AACAC,54157,13778,113637,119394,99584,87209,83475,81575,76445,70905,57717,65544,63940,64184,43954,42488,44436,37664,37197,34586,24572,27257,16527,17544
U:AACAG,74850,11674,160478,163412,138528,118442,116214,112251,106020,95116,80143,90580,90440,89665,58846,60493,63428,52988,53258,47002,33841,38336,21693,24300
U:AACAT,95834,35493,193004,207780,175120,157560,148003,144874,134442,122003,97338,110702,107063,111755,77723,75515,74995,59023,59428,59643,37007,42235,26608,25201
U:AACCA,64121,5982,131851,134508,115453,97590,95942,92755,86218,79053,65372,74165,73834,73941,48208,49749,51517,42323,43124,38785,26710,31428,18174,19184
U:AACCC,45257,4602,107573,98558,82835,64998,68625,66361,66691,56797,52257,58367,58682,58115,33336,38467,42615,42411,46330,27573,38176,28205,14233,21587
U:AACCG,6310,3853,14479,13579,11075,9049,9345,9377,9593,8179,7163,8341,8044,8086,5079,5207,6050,6314,6545,3951,5462,4040,2488,3180
U:AACCT,61841,14528,138005,133427,113335,93255,93968,92064,88410,77891,67657,76654,74767,77454,46130,51153,54055,48221,52200,37996,37870,33177,17909,24155
U:AACGA,8291,1576,18005,17856,14574,12771,12495,12467,11864,11007,8898,10280,9589,10134,7333,6716,7802,6787,7073,5403,4817,4532,3416,3417
U:AACGC,5374,2214,12377,12154,9308,8092,8321,8321,8416,7391,6303,7451,7095,6914,5048,4541,5496,5734,5871,3688,4654,3701,2489,2887
U:AACGG,6518,823,15127,14361,11638,9624,9956,10202,9932,8741,7946,8912,8764,8463,5863,5700,6675,6766,6937,4339,5650,4279,2744,3505
U:AACGT,12359,4902,24850,26203,21268,18762,17914,17677,17614,15893,13088,15131,13888,14464,9976,9614,10328,9779,9608,8008,6560,6552,4189,4436
U:AACTA,58623,7103,115854,124840,106378,97981,90009,87969,77910,72498,56244,63262,64832,67035,46964,45111,43720,30322,31736,35183,15860,22847,15053,12153
U:AACTC,58619,9205,130851,127126,107710,90609,89605,87292,83962,74413,63813,72261,70496,72912,44148,48666,49766,45451,48137,36148,34617,31213,16804,21033
U:AACTG,65843,7169,144046,145630,124427,105635,102631,100411,92737,85182,69922,79706,80063,80123,52567,53986,55609,44762,46227,41960,27471,33309,18731,20720
U:AACTT,82233,11589,171649,182816,155222,138866,129806,126713,116092,106551,86093,97052,94641,98749,67942,67202,66067,48146,50541,51949,27286,36540,23641,21141
U:AATAA,144345,25166,297374,323698,273444,259038,231988,227460,207457,191273,146966,165227,166005,174654,124536,115322,108262,81996,81454,91813,45078,59472,40343,32315
U:AATAC,67851,18544,139087,149100,124649,114065,106100,104232,95571,86555,69121,77595,76486,80461,55995,54207,53836,41476,42534,42214,25189,28999,19020,17695
U:AATAG,75920,12741,152632,163189,138368,126165,117240,113281,103124,94880,75501,85129,85056,87967,60876,58873,57220,41659,42435,45820,21648,31348,19706,17282
U:AATAT,134960,90713,262401,296028,250098,243407,214729,208719,188821,174314,132008,149945,146097,156837,116785,105542,97336,66576,67216,85639,34626,50627,37239,26650
U:AATCA,80910,11974,161809,173396,147963,133231,124933,121064,111377,102553,81626,92715,90531,93886,64729,62783,62268,48091,47184,49957,27641,35107,22458,19962
U:AATCC,59059,46136,131673,126724,107100,89334,89830,86725,84449,73705,63922,72175,71017,73642,44258,48780,51410,47503,50236,35487,37454,31494,17115,22138
U:AATCG,8652,5096,18920,18471,15184,12859,12724,12817,12977,11083,9472,11228,10047,10910,6726,7146,7631,7817,8386,5479,6440,4794,2905,3712
U:AATCT,79103,14677,165544,174599,147670,131726,124187,120299,110942,102418,81985,93382,91561,94758,63118,64574,63377,48999,50378,49342,30228,35584,22099,21118
U:AATGA,104927,20660,216276,228606,193729,173741,163685,159275,146621,135506,108766,122292,121171,123486,85027,82977,81043,64034,61139,65762,33167,46452,28431,26842
U:AATGC,61824,11174,124707,133328,111937,98273,95149,91221,85217,78386,63616,73395,70843,71677,48493,47741,48060,39553,38747,38216,23215,29026,17365,17369
U:AATGG,80692,8893,164580,166689,142456,120914,119379,114237,106662,97778,83838,93265,92473,92893,58923,62296,64540,52575,53107,46874,32487,38394,21111,23721
U:AATGT,105040,20475,207430,228329,192309,174026,163180,158585,145143,133296,105639,121828,116007,120305,85944,82148,80805,59469,59341,65708,36550,44696,29271,25142
U:AATTA,113924,45949,240737,263971,221436,209091,188942,184170,169667,153980,118942,136691,131920,141889,101234,95729,89322,67123,69819,74920,39294,48562,33313,27657
U:AATTC,79795,84579,164318,174785,147390,133004,124871,121002,112027,102462,82253,93550,90349,94808,65406,63672,62491,47945,48442,50158,29772,35486,22692,20286
U:AATTG,82754,11847,161683,175621,149031,133504,126030,121373,113050,102565,81849,93842,90020,94118,65915,64140,62691,46556,46954,50393,25836,34503,22054,19458
U:AATTT,175384,53277,356995,393093,330041,308468,279220,274763,252569,227315,179807,205667,193732,210798,147803,143226,136398,98870,104178,111046,60581,72645,49794,41659
U:ACCAA,58797,6706,118352,120149,103587,88846,86888,83906,76711,70532,57953,64770,65752,65557,43055,44883,46241,36078,38281,33987,24112,27050,15963,16721
U:ACCAC,55593,7894,126086,118907,99536,78719,81026,79320,81636,68136,62873,69522,68890,69381,39878,45959,50660,50729,53472,33719,42414,34521,17417,25922
U:ACCAG,55595,8808,133075,124214,104747,81269,85426,83241,83582,71714,65244,73276,74221,71349,41224,48010,52719,51578,54783,34957,41719,35079,17724,26924
U:ACCAT,69347,25610,147553,145923,123451,103243,102591,98114,96307,84879,72744,82705,80191,82771,51098,55312,57809,51709,53804,41305,38427,35804,19478,25382
U:ACCCA,61221,12254,140848,130861,110202,86645,91064,86558,88362,75951,69341,78664,79161,75497,43459,50376,55065,55776,57740,36564,47793,37980,18832,29446
U:ACCCC,41336,5301,99805,86223,71327,52860,58437,55802,60425,49518,49394,53056,58279,51969,28489,34596,39662,44105,49221,23850,45378,29982,14892,25128
U:ACCCG,10395,2685,27310,23021,17847,13893,15465,15038,17420,13258,13631,14748,14770,14557,9122,9801,11427,13989,15998,6757,15717,8058,5229,8294
U:ACCCT,48078,6354,115901,105362,88675,68141,72657,69890,70531,61048,56180,62940,65273,60887,34117,40943,45315,45440,48409,29428,39361,30966,15259,24272
U:ACCGA,6244,928,14574,13364,10860,8783,9025,8935,9549,8195,7235,8235,8005,7774,5146,5216,5933,6472,6720,3855,5550,4059,2592,3432
U:ACCGC,7648,976,19606,16804,12853,10266,10993,11252,12547,9932,9744,10729,10894,10499,6429,6883,8195,9898,11312,4755,11114,5751,3780,5791
U:ACCGG,5494,2569,14571,12086,9338,7404,8054,8236,9001,7429,7290,8386,8440,7663,5054,5205,6276,7291,7785,3550,7853,4465,3042,4468
U:ACCGT,8947,8210,22379,20831,16630,13762,14165,13809,15148,12547,11551,13164,12198,12610,7882,8438,9543,10732,11043,6084,9255,6531,3937,5734
U:ACCTA,43256,5657,88632,88880,77197,66120,63879,61654,56805,51600,43216,48007,48996,49434,31781,32918,33296,26357,27133,25235,16520,19536,10990,12017
U:ACCTC,63023,9495,152421,135425,114250,88190,93108,91160,93719,78245,73454,82493,82513,82073,44324,53958,59708,61642,68506,38009,56563,41124,19770,33033
U:ACCTG,61498,10435,161108,144412,119288,92486,98091,95394,99297,84619,78157,88064,87277,84433,47995,56642,63153,64863,69573,40663,54944,43049,21131,35328
U:ACCTT,61427,18748,135035,133345,113544,93613,92951,90367,87239,77420,66376,75407,74811,74184,45691,50440,52129,44843,47233,38364,31518,32415,17354,21952
U:ACTAA,56405,6722,120271,125447,106313,96334,89946,87709,80496,72819,58074,65495,65579,69033,47119,46071,45091,34915,37553,35530,22046,24846,15799,15073
U:ACTAC,37254,10404,77537,76804,65167,57194,54474,53588,50550,44405,37243,41729,42536,43419,27588,29769,29726,24449,27026,21465,17816,16964,9715,11321
U:ACTAG,37243,7024,76854,78164,67160,56973,55469,53458,49000,44918,37538,41614,43021,42912,27683,28908,29145,21990,23912,21837,12701,16367,9288,9999
U:ACTAT,57917,19822,113461,120444,103065,94235,86551,84940,75386,69624,54960,61771,63016,65259,45214,44180,41943,29569,31099,33187,16825,22534,14604,12666
U:ACTCA,60321,6329,134450,134372,112133,95463,93982,90937,86598,78553,66828,74704,75576,73925,46583,49385,50925,46450,46211,38075,34140,32975,18032,21814
U:ACTCC,55163,50356,137756,121775,101821,79598,84324,81479,85065,70361,65211,73674,72899,74416,40006,48888,53772,54673,61619,34364,51946,35459,17257,28533
U:ACTCG,8301,4081,20659,18443,14689,11918,12504,12550,13230,10881,10337,11524,11097,11273,6473,7441,8409,9429,10506,5497,9084,5726,3196,4986
U:ACTCT,65531,25481,149035,145825,123161,102966,101880,98677,95941,84912,72821,81525,81658,81570,50556,55192,57408,49800,52460,41105,36213,35259,19348,24243
U:ACTGA,66309,6583,146231,146613,124457,105023,103272,100646,94125,85943,71557,80445,81896,80246,52564,53871,55955,45824,46868,42159,29543,34070,19301,22102
U:ACTGC,58910,13193,141490,132862,109965,88140,90224,88703,90500,76933,69061,78704,76803,77670,44191,51984,56280,56244,60566,37745,47507,36555,18683,29103
U:ACTGG,56741,7705,129738,122878,104887,83475,85902,84191,80383,71558,63502,71467,73779,69377,41606,46949,50825,46308,48654,35052,36369,32888,17022,24069
U:ACTGT,71576,12999,159688,160253,134950,112944,111566,108998,104567,93356,79500,90107,87256,87691,57246,60600,62675,52823,54396,46301,34641,37966,21026,25636
U:ACTTA,62094,8428,129926,136396,116350,105843,97889,95311,87284,80980,64016,71905,71615,74461,51432,50045,48960,35795,36592,38890,18834,27049,17092,15430
U:ACTTC,61740,12699,132924,133866,114396,96610,94335,92453,86733,79254,65887,73751,75028,73680,47411,49877,51042,42423,43359,38327,28028,31106,17439,19938
U:ACTTG,64722,7818,144559,142578,121373,100218,99307,97141,93700,82720,71691,80651,78805,80100,49754,54320,56100,49710,50682,40426,33305,34630,18476,23379
U:ACTTT,112820,22766,240629,252329,212797,187400,177821,174375,163701,145317,119787,136318,130520,137160,91822,93630,93886,71956,77066,71200,46379,52641,32238,32483
U:AGCAA,77769,12540,166923,168867,143443,122783,119866,116146,108762,98999,81837,92705,92488,93342,60039,62577,64096,54286,54842,47699,34726,39147,22181,24591
U:AGCAC,49924,7475,120606,113688,94710,76323,78899,76177,76738,66784,59884,67522,68591,64852,38786,43438,47057,46388,49973,32447,35812,31990,16266,24606
U:AGCAG,72764,11712,180207,169129,141745,110205,115931,112131,111417,98442,89663,100023,102601,95272,57569,64576,73117,67629,72030,48348,47893,48952,24810,37832
U:AGCAT,70123,15091,146741,151300,128952,109905,107498,103144,97443,88176,74208,83808,83484,81352,54156,56072,57366,47165,47492,43718,28371,34988,19705,22698
U:AGCCA,79564,7837,191553,176848,149188,115884,122980,117492,119583,101287,93838,106393,105972,103007,58434,69263,76552,76530,82097,49904,62871,52001,25315,39910
U:AGCCC,44181,10330,119467,102450,84212,60558,69000,64799,70949,59119,59459,64435,69698,59566,31965,40337,47536,52347,57595,28421,48373,35481,16442,31103
U:AGCCG,11842,1490,34663,28565,22037,17203,19002,18777,21807,16941,17269,18694,18746,18252,10386,11876,14270,17988,20617,8096,18825,10538,5989,10284
U:AGCCT,81109,15368,214643,187855,157053,118986,128513,123484,131592,107709,103584,116656,115206,114344,60620,75746,84403,90590,99383,52049,81583,57128,27106,47960
U:AGCGA,11438,1501,29034,25173,20213,15808,17030,16919,18933,15024,14024,16303,15236,15967,8906,10260,12067,13573,15684,7198,14243,7962,4514,7506
U:AGCGC,5901,2389,17588,14733,10919,8766,9820,10343,11212,9201,9032,9780,10108,8980,5779,6136,7260,9387,10030,4396,9612,5495,3397,5313
U:AGCGG,8183,1306,22482,18759,14360,11110,12265,12102,14248,11558,11348,12373,13187,11360,7030,7896,9444,11308,13082,5468,11800,7119,4029,6852
U:AGCGT,8253,1206,20723,19699,15510,12576,13141,13093,14566,12251,10950,12837,11873,11525,7716,7768,9278,10250,10354,6035,8225,6220,4038,5483
U:AGCTA,56705,8724,128408,123420,105799,88244,87109,84359,82136,71409,61403,69218,68866,71839,43541,47728,49368,43519,47898,34190,32531,29458,15523,20524
U:AGCTC,52708,5226,129509,118996,99868,77931,82146,79322,81003,69943,63439,71870,74383,68225,39527,46011,50747,50502,53736,33493,38976,34891,17257,26758
U:AGCTG,78709,10453,204823,185540,155580,118653,126426,122086,126133,107353,99872,113407,113462,109073,60400,73311,82565,83378,90926,51902,67993,56354,26840,45140
U:AGCTT,69749,6683,153090,153187,131711,109118,108023,104858,99143,89582,76943,87059,86964,84394,53654,57979,60175,51364,52826,43576,32210,37088,20158,24636
U:AGTAA,70354,6940,150455,158634,135775,122216,113553,111197,101384,92207,73941,82923,82496,85299,59776,58303,56732,41569,42877,45504,21590,31217,19827,17698
U:AGTAC,36945,13066,76828,76354,65566,55745,54382,52737,49533,44382,37252,40989,41810,41983,27838,28893,29391,22875,24622,21448,14540,16781,9642,10620
U:AGTAG,66228,7787,148811,143290,123113,100078,99746,98286,94784,81362,72330,80801,79186,83354,49883,56129,58874,51407,57155,40092,39988,34618,18493,25319
U:AGTAT,69121,16078,135551,145427,123269,111317,104103,100987,91469,83656,67365,75945,74588,77349,53382,53258,51531,35838,37786,40404,19145,27034,17242,15175
U:AGTCA,60962,18556,133607,135044,114656,96958,95666,92044,87196,79939,66817,75923,75462,73417,48376,49906,51954,44090,44271,38992,28037,32085,18095,21390
U:AGTCC,42325,96163,100010,93270,77773,61576,64131,62601,62047,54203,49345,54832,56122,53260,31217,36136,40288,37256,40784,26076,30582,26269,13259,20316
U:AGTCG,5941,12349,14230,12818,10374,8365,8643,8766,9359,7890,7194,8202,7832,7538,5386,5285,6214,6403,6535,3902,5598,4145,2871,3412
U:AGTCT,70601,16483,156703,152468,130283,106492,107365,103216,100068,88095,76468,86275,86556,85985,52409,58407,61246,52547,56194,42489,38759,36997,20186,26080
U:AGTGA,87279,15089,204682,197537,164985,136294,136239,134314,133011,114695,99950,114124,110250,113353,68963,75241,79957,74599,77107,55322,56367,50197,27024,36013
U:AGTGC,56946,11704,139718,127980,106952,84230,87158,85364,87003,74145,68625,77381,74956,76469,43045,50449,55571,56747,60829,36013,47583,37304,18602,30201
U:AGTGG,72492,6620,173357,161270,135994,104859,109897,107026,107345,92165,85320,95854,95463,93037,53597,63054,69246,66588,71414,45050,53274,45591,22817,35723
U:AGTGT,70283,9537,152338,155490,129940,108577,107874,104916,101930,90081,76881,87966,84211,84058,55581,58250,60721,50930,51805,44974,34691,36905,21229,25648
U:AGTTA,63414,20297,132558,141063,121343,108060,100994,99015,90532,82332,66399,74657,73400,76293,52936,52426,51177,37240,38519,40511,19090,27833,17609,16259
U:AGTTC,63479,22123,135697,134723,114397,96726,95603,91922,88616,78731,67579,76100,75120,75712,47072,51489,52865,45237,47633,38376,32256,32033,17436,21376
U:AGTTG,61384,8574,129713,132564,113651,93662,92826,90186,85789,76516,66079,74153,71354,71897,46948,49580,51783,42358,43067,37821,25661,30510,17269,19867
U:AGTTT,120231,23604,245278,259971,222393,192396,184107,179173,167060,150578,124881,141678,135172,139685,94356,97436,97307,72517,76451,73962,45052,53621,32880,33117
U:ATCAA,67492,15498,127466,139644,118635,109351,100450,97379,87414,82266,64480,72394,72986,73855,52451,50018,48603,36209,35596,40047,20100,27176,17994,14602
U:ATCAC,57046,11085,125858,124824,104075,88960,87296,84684,84477,73285,61436,71157,69737,71595,43892,46747,48777,46987,47291,35879,35614,31389,16909,21892
U:ATCAG,61650,5699,131400,133539,114181,95711,94654,91531,86013,78306,65310,74785,73844,73119,47451,49414,51925,42345,43164,38335,27597,30865,17539,20027
U:ATCAT,79806,23959,158378,168914,143486,128929,120872,116649,108494,100089,79619,90412,89123,91805,62438,61310,60842,48703,46922,48298,28597,34888,21731,21123
U:ATCCA,66015,39461,133267,134718,113431,96225,95479,91290,87291,79147,67686,75702,75582,75098,46630,49815,52116,46809,46566,38647,34730,33473,18244,23058
U:ATCCC,52012,20393,120467,109585,92318,71895,77069,73495,75016,63584,58674,65378,66611,65424,36359,42825,47098,47839,51482,30742,42611,31496,15172,24339
U:ATCCG,7496,983,17905,16119,12614,10182,10898,10615,11484,9402,8913,10127,9679,9981,6033,6581,7527,8290,9374,4501,8105,5122,3097,4665
U:ATCCT,67811,21201,149042,143058,123027,100842,101789,97448,94760,84460,73487,81902,83519,81594,49794,55402,57677,51111,53183,40641,37315,35790,19134,25206
U:ATCGA,7147,3603,15542,15070,12542,10443,10657,10304,10277,9032,7634,9001,8514,8788,5791,5912,6382,5979,6561,4523,5040,3928,2471,3106
U:ATCGC,8320,4557,20723,18315,14410,11836,12452,12357,13844,10803,10060,11415,10813,11707,6507,7375,8324,9802,10961,5176,10391,5646,3236,5271
U:ATCGG,5207,614,11844,11134,8994,7289,7550,7483,7837,7028,6036,6939,6754,6595,4283,4421,4949,5366,5580,3299,4764,3312,2135,2793
U:ATCGT,9417,1247,19888,19756,16177,13811,13533,13526,13798,11981,10070,11996,10968,11373,7256,7553,8256,8574,8460,5950,6378,5226,3211,3930
U:ATCTA,58915,15417,114504,121801,104794,96068,88767,84891,77540,73052,56692,63601,65489,66482,45622,44721,43281,31586,31516,34684,17768,23833,15545,13600
U:ATCTC,73560,11644,165858,158499,134441,111616,111047,108114,106162,92819,79669,90566,91040,92612,54119,61067,63575,59208,62879,44518,47951,39610,21499,28483
U:ATCTG,71770,12655,159321,159297,134287,111223,111526,106821,102210,92517,79571,90380,89189,87788,55559,59008,61933,53391,55165,45097,37154,39243,20997,25981
U:ATCTT,92286,13982,192892,201840,170988,149163,142116,138443,129459,117445,97075,109208,106477,109922,72851,75240,74443,57724,59439,57312,36252,42053,25885,25750
U:ATTAA,103983,23219,213591,236706,200279,189836,171639,166238,151391,138755,106875,121732,119287,125911,92366,85688,79473,56646,56781,67838,28039,42585,29953,22728
U:ATTAC,63967,74040,138056,141849,119670,106756,100615,97636,94051,82512,68021,78467,73310,80132,52060,53354,52806,45415,48577,40320,34434,30470,18445,20413
U:ATTAG,66524,26976,142540,148789,125897,111987,105344,103106,95981,86247,70281,79978,78334,81312,54470,55732,54401,42686,45160,42354,27144,29878,18726,18944
U:ATTAT,121242,110381,240380,264860,225564,214860,191361,185216,168780,154151,120768,137393,134305,142457,101447,96092,88699,63369,64663,74974,34189,47607,32888,26993
U:ATTCA,94841,93057,190768,201693,172426,155897,145241,139942,128832,119561,96396,108208,107712,108989,76187,73624,71627,56345,54925,57789,33369,41818,26096,24208
U:ATTCC,67123,717440,136928,137645,117314,98986,98083,93702,88950,81604,69041,77783,76614,76185,49253,51144,53059,43605,44395,39321,29402,31837,18509,20514
U:ATTCG,7992,145999,16492,16596,13789,11532,11644,11572,11132,10101,8420,9604,9122,9330,6517,6207,6742,6204,6252,4935,4453,4176,2694,2894
U:ATTCT,116130,98726,240909,250461,212859,186625,178572,172787,162236,145349,120703,136280,132631,136977,90013,93368,92565,71510,74926,71276,46274,52161,31450,32563
U:ATTGA,80786,13198,155388,167699,142668,128029,119329,115696,107589,98266,78473,89834,87155,88994,63068,61725,60147,44162,43960,48142,24454,32695,21164,18949
U:ATTGC,60578,74692,124688,128102,108263,92380,90619,87064,83706,74929,61832,71558,68387,71103,45554,48436,48733,41675,42236,36184,28195,28570,16246,18520
U:ATTGG,58849,22841,118485,120879,103583,87549,85215,82920,77879,69728,59363,66880,66268,65859,42938,45559,45968,36996,37391,34124,23307,26999,15427,17030
U:ATTGT,92203,26807,178944,191777,164133,146217,138244,132945,124526,112603,91723,103844,99439,103047,71496,70842,69763,51957,52116,55382,31099,38395,24418,22829
U:ATTTA,147205,42429,298250,327696,276791,259110,234145,229045,209035,191151,149324,170203,164118,174900,124770,117839,112573,80716,82092,94009,43767,60079,40780,33147
U:ATTTC,123431,82417,241933,261443,222164,200075,186507,182207,167999,154087,122959,141217,134409,138915,96924,95456,93582,69758,70139,75344,40252,52123,33640,30130
U:ATTTG,122229,63164,241344,260740,221831,196609,186286,180107,167729,151055,123214,140463,135003,138148,95978,95741,94343,70255,70805,74618,38311,52709,32833,30801
U:ATTTT,271919,69792,550183,600385,503497,460543,423839,416503,390042,346699,278736,323100,297580,324873,223227,221658,214640,161585,171844,170972,104927,117592,76680,70265
U:CACAA,66589,11755,132741,137810,117690,102623,99451,95062,88979,82378,67035,75326,75844,74982,50817,49877,51449,42873,42331,39897,28336,31246,18476,19710
U:CACAC,74795,9160,165409,164535,131495,107926,111483,109213,109764,96025,84873,97671,93967,90106,57954,58313,65139,66662,66683,48493,54001,46358,26267,35040
U:CACAG,74034,10088,180380,172875,143771,114789,118750,114367,115274,102820,91627,102933,103906,95853,59361,63801,71485,70843,71858,50000,55236,50125,26307,38596
U:CACAT,81320,20208,164770,173127,145386,125824,122771,118222,110782,102683,84134,95265,94830,93206,62780,61946,64447,54659,52402,50224,35368,40492,23637,26154
U:CACCA,76473,10612,177839,166105,137609,109485,113350,109601,114730,96332,88258,98683,97258,97774,55114,64544,71490,73364,78182,46791,64229,49026,24335,38876
U:CACCC,51435,12653,127102,111356,91083,68238,75315,71909,78653,64310,63099,70614,73350,67259,36172,44143,50377,57804,62941,31592,57187,38292,19255,33638
U:CACCG,11525,1426,31082,26728,20694,16509,17557,17558,20312,16123,15677,17960,17095,16908,9722,11183,12733,16092,17863,7732,16969,9365,5657,9341
U:CACCT,67208,8032,171399,152982,126696,97982,103016,101064,106447,88763,83008,93672,92927,89883,50297,60023,66694,70586,75952,43440,62425,47629,22484,38224
U:CACGA,9808,1478,23209,21490,17342,14162,14661,14779,15549,12861,11830,13361,12648,13038,7983,8637,9647,10434,11097,6483,9857,6692,4161,5697
U:CACGC,14365,1561,39091,33078,25760,20202,21762,22068,25736,19486,19168,21877,20775,21629,11886,14015,16024,20461,23614,9613,21906,11845,6809,11561
U:CACGG,9959,1785,27921,24826,18758,14982,16418,16161,18747,15775,14430,16544,16032,14808,9385,10084,11833,15164,16104,7430,14542,9075,5871,8984
U:CACGT,14505,2102,32488,32412,25498,21197,21763,21453,23567,20614,17164,20768,19001,18758,12386,12357,13709,16299,15782,9814,12736,10143,6300,8345
U:CACTA,41730,8425,86112,87908,74627,64662,62104,61088,56016,50557,42113,47204,48227,48135,31519,32363,32446,26195,27259,24674,16905,19096,11212,11979
U:CACTC,51953,46065,125098,116578,95819,77550,79653,77119,79060,67777,61369,68955,69596,67567,38633,44707,48639,49518,52331,33191,43511,33255,16887,25808
U:CACTG,82784,14905,201483,188219,156685,123756,128071,125716,127611,109338,99623,112339,111097,108691,62650,72957,79277,79884,84529,54010,66752,53506,27007,42688
U:CACTT,80955,19949,181705,177803,150167,124916,124311,121594,119125,103798,89939,101502,99108,101714,61985,67629,70953,64682,66655,50816,46868,44579,23388,30803
U:CATAA,67574,35922,133729,146969,124715,116165,105873,103155,93169,87021,67812,76770,75192,77618,56206,52260,50542,37087,36791,42239,21111,28269,18737,15842
U:CATAC,42214,27984,82066,86559,71904,63397,60739,58949,55128,50114,41297,46257,45567,45648,31410,31295,31943,25060,24913,24506,16943,18289,11068,11195
U:CATAG,53289,16772,108711,110539,94462,81501,79129,76342,72100,65277,53748,60616,60903,60436,40184,41065,41616,34165,33346,31391,21365,24458,13963,15681
U:CATAT,86467,55980,160723,177528,150860,138492,127936,123337,112317,103693,81529,92055,90825,93808,67635,64011,61273,43518,43313,50604,24752,33115,22005,18357
U:CATCA,67621,9397,138942,143395,121682,103964,101354,97207,92515,85100,70088,80228,80864,78413,50825,52040,54540,48742,46819,41578,32583,34772,19163,23048
U:CATCC,52289,15456,116976,110654,92061,72719,76976,72887,74359,65616,59914,65897,68002,63605,36531,41774,46159,47307,48270,32111,39498,32871,16259,26087
U:CATCG,7368,1183,17627,16413,12958,10638,11370,10976,11801,10268,8936,10475,10152,9740,6313,6426,7239,8371,8515,5020,7483,5257,3206,4604
U:CATCT,81255,16985,182225,178528,151150,123196,125144,120733,117797,104956,90832,102387,102304,100710,61447,67209,71324,65102,66403,51078,47340,46090,24428,32040
U:CATGA,71346,15487,153737,157152,131505,112979,110534,106703,102089,93441,76922,88272,85877,86253,56153,58124,59855,52548,52060,45374,36429,37464,21437,24896
U:CATGC,56137,15184,130594,125117,103565,84174,86370,83171,84200,73727,64906,75135,71633,72025,42626,47525,51315,51562,51966,36009,39810,34482,18068,26105
U:CATGG,68551,14535,158786,152334,127440,100762,104719,100265,101295,90225,78720,90492,90011,85960,51121,58125,63625,61724,62392,43120,48119,42530,22036,32227
U:CATGT,87745,24486,180397,185142,156731,132752,130629,125977,121361,109667,92133,105750,100932,101645,66015,68982,71116,62844,62487,53195,42985,44526,25425,29734
U:CATTA,72472,78698,142479,156017,132229,120493,111766,108072,99254,91094,71997,81497,79756,82284,58355,55774,54362,39839,39350,44687,20548,30003,19387,16444
U:CATTC,74469,725877,154026,154979,132343,112889,110373,105975,100579,91548,79046,87663,86992,86015,55380,57839,59450,50166,50116,44908,33014,36662,20771,24161
U:CATTG,74351,73014,147275,152672,129444,110520,107864,104054,99102,89712,75178,85097,82571,82568,54943,57098,57992,48439,47282,43999,30856,34756,19825,22448
U:CATTT,162827,112320,318950,344674,293167,257720,245213,237803,221685,201735,163959,187541,178754,182947,127126,125042,124733,96149,94788,99340,53085,71346,43662,41678
U:CCCAA,66905,6666,150413,138813,117986,92258,96920,92844,93494,80072,73264,82679,82668,82366,45720,54140,58715,57977,63699,38625,49565,39497,19194,29648
U:CCCAC,58876,7674,140114,124354,103131,78148,85515,81321,85707,72506,69848,77217,81312,72842,40950,49246,55514,59962,64301,35197,56435,40966,20555,35036
U:CCCAG,100140,20561,275714,232325,191615,138256,155710,148345,166891,132433,134201,148714,151351,142907,71692,95473,109212,125684,140633,63398,124671,80314,35705,70847
U:CCCAT,61241,27265,134140,126663,107720,84435,88552,84188,83721,74210,67130,74975,77491,71913,42652,48306,52712,50786,52125,35550,40047,35605,17914,26771
U:CCCCA,69046,7371,167421,145592,120457,88167,99037,93498,99318,84183,83169,90293,98326,85938,46369,57896,65985,72691,80321,40420,70865,50408,23510,42189
U:CCCCC,42239,3834,100014,84149,68265,49142,56604,54174,59845,48441,51511,54132,59117,52108,32477,35849,42194,48108,53803,23674,52488,31847,19104,29090
U:CCCCG,13558,1518,39079,30929,22250,17640,20194,19564,24791,18892,21078,21008,23383,20179,15255,14201,17881,22667,25249,8778,27763,13418,10320,14432
U:CCCCT,52857,5942,132920,113848,94228,67733,76990,73524,78670,65501,65767,71709,78334,68140,35824,45634,51658,57621,63494,31437,54513,39328,18566,33594
U:CCCGA,10701,1282,27102,22898,17518,14068,14712,14869,16723,13666,13891,14968,15166,14493,8788,9849,11223,14306,15743,6387,15686,8396,5294,8237
U:CCCGC,13383,1428,36953,29088,21434,16918,19087,18985,23178,17535,18993,19405,21263,19025,12656,13323,16288,20397,23679,8430,25887,11913,8426,12826
U:CCCGG,18683,2251,52359,41293,31103,23705,26929,26225,32873,23731,26523,27741,28510,27627,16900,18144,22140,28375,33502,11757,34358,16343,10836,17580
U:CCCGT,10618,2929,27399,23739,18131,14320,15858,15267,18266,14105,14641,15318,15355,14730,9695,9780,11671,14960,15999,6727,14900,8727,5843,8511
U:CCCTA,36884,5550,79852,75484,64416,50965,53306,50251,48484,43093,38632,42934,45484,42389,25018,28564,31053,27133,29150,21123,21528,19550,9775,14061
U:CCCTC,58444,8131,145565,124506,103135,75664,84146,81336,86410,73093,71053,77884,84067,74926,40153,49237,56422,61976,68109,35086,58862,42575,21780,36436
U:CCCTG,65261,13780,183412,156995,127651,91730,104003,98495,108114,90580,91689,99071,106452,90969,48015,62101,72558,81995,88330,43235,75881,54747,24979,49514
U:CCCTT,66830,34131,148707,138281,118432,90871,96071,92791,91560,80205,73981,81858,84749,78658,45628,53148,58674,54948,57851,38972,40761,39069,19598,28252
U:CCTAA,47726,8508,101364,103283,87921,75496,73638,70783,65685,60082,49837,56918,56805,56886,36883,37877,38996,30898,31988,29373,18824,22691,13060,14276
U:CCTAC,33529,4035,73198,68265,58792,47089,48317,46551,44544,39678,34513,37873,41259,38453,23692,26183,28003,23906,26025,19138,18458,17443,9058,12185
U:CCTAG,43494,4406,98494,90821,78669,61403,64057,61433,59682,52272,47181,52231,55063,51992,29854,35287,37646,33406,35929,25201,24975,23721,11432,17242
U:CCTAT,46020,13171,94151,94197,80989,69016,67456,63479,59733,53812,46054,50967,52275,52184,32814,35546,35425,27761,29204,26386,18989,20356,11716,12865
U:CCTCA,82369,15874,199565,178297,151931,116299,124185,119750,122748,103256,97036,107601,109391,106586,58648,69754,77541,79955,86728,50304,71262,54033,26208,43492
U:CCTCC,97438,11549,251801,211089,173433,128516,140055,138537,152461,124132,122810,136005,136616,134527,68249,86636,98286,113417,127264,59102,112052,73077,36012,64296
U:CCTCG,13854,1518,38159,32256,24474,19188,20819,20761,24206,19026,19324,20894,20620,20090,11694,13520,15689,19280,22188,9126,20792,11506,6706,11383
U:CCTCT,81054,10095,195889,177876,149326,115024,121759,118675,119912,104067,95946,106516,112849,103200,57338,69708,76681,74896,81618,50158,61560,52362,25708,40884
U:CCTGA,74064,9017,182596,165834,138264,108200,114544,111072,111698,96526,89566,100258,101059,96063,54340,64905,71014,70955,77393,46214,61158,48132,23695,38576
U:CCTGC,62576,12606,173273,151535,122288,90782,99997,96645,106942,89305,86982,96531,99794,88679,48025,59927,69280,78771,85747,42750,71486,51832,25070,46930
U:CCTGG,90714,15292,263029,218187,178148,128110,144433,137911,155792,125345,127257,141113,143950,133363,66298,89618,103507,119610,131810,59695,116200,75732,34042,69255
U:CCTGT,77928,27235,200193,181261,150925,115866,123838,119742,126545,105241,98751,111468,108595,106651,60241,71370,79775,82102,88313,51466,71205,53786,26925,45328
U:CCTTA,50181,6947,107522,106415,91697,77026,75599,73252,68195,61802,52507,59200,59212,59470,37561,40236,41692,32572,34104,30508,21436,24169,13544,15224
U:CCTTC,73140,39040,170006,156778,132963,103912,107340,105794,105538,93234,84045,93853,96273,90150,52395,60120,65594,63342,66914,44401,49901,44930,23294,32766
U:CCTTG,67517,13332,155635,145433,124280,95872,100619,96680,97028,84745,77988,88151,88821,82562,47943,56984,61716,59557,61497,41217,43915,41763,20336,31844
U:CCTTT,106735,122460,222903,223750,190977,156392,156610,151214,144961,128949,111899,126197,124848,122282,76804,84462,87794,71487,76239,63589,46482,52112,28825,34620
U:CGCAA,6428,785,14384,13240,10590,8890,9120,9123,9064,8070,6900,8018,7889,7826,4847,5148,5835,6016,6614,3742,5532,3846,2276,3065
U:CGCAC,7232,745,18865,16500,12242,9793,10579,11197,12220,10027,9372,10684,10356,10151,6368,6722,8018,10092,10894,4907,10219,5825,3867,5755
U:CGCAG,9085,3107,26155,22423,16669,13594,14655,14658,17404,13974,13652,14907,15172,13434,8604,9045,11011,13845,15007,6786,14541,8571,5013,8136
U:CGCAT,6994,2752,15935,15052,11781,9786,10110,10213,10794,9319,8091,9236,8961,8603,5649,5662,6598,7413,7736,4559,6421,4473,2809,3831
U:CGCCA,13355,5176,34085,28639,22671,17658,19266,18966,21598,16820,16933,18255,18439,18524,9622,12068,13635,16923,19623,8030,18814,10183,5048,9707
U:CGCCC,15349,1561,42149,33571,25351,20124,21877,22049,26318,19321,21539,22067,23152,22669,13932,15364,18068,22501,27424,9216,28931,13189,8854,14149
U:CGCCG,4301,548,11412,8656,6027,5085,5771,5638,7059,5489,6147,5832,6375,5612,6302,4524,6422,6976,7622,2896,8534,3878,4652,4731
U:CGCCT,19585,2075,53990,43440,34204,25965,28688,28875,33468,24699,26130,28210,27841,29271,14808,18789,21657,27358,32781,11944,31716,15617,8460,15627
U:CGCGA,2318,230,6161,4864,3802,3016,3284,3416,3984,3070,3100,3262,3244,3374,3025,2488,3333,3311,4003,1408,4143,1806,1914,2272
U:CGCGC,5094,605,14350,11332,8234,6755,7530,7853,9228,6895,7197,7347,7496,7606,7271,5556,7811,7482,9430,3442,10407,4569,5058,5352
U:CGCGG,4230,526,12990,10061,6791,6068,6776,6620,8199,6089,6770,6655,7272,6409,5910,5092,6280,7447,8621,3122,9555,4194,4239,4967
U:CGCGT,2017,386,5856,4768,3371,3045,3264,3184,4112,3306,3164,3533,3208,3077,2336,2037,2603,3467,3844,1612,4274,2049,1821,2125
U:CGCTA,4609,464,10704,10092,8098,6668,6856,6837,6898,5861,5314,6103,6111,5906,4060,3980,4582,4555,4695,2846,3940,2900,1976,2536
U:CGCTC,8434,906,23041,19521,14905,11966,13109,12884,14712,11844,11973,13080,13108,12617,7886,8319,10025,11872,13288,5721,12780,7306,4661,7288
U:CGCTG,10110,2836,29757,25144,18741,15154,16719,15988,19193,15766,15246,17058,17115,14954,9462,10401,12343,16011,16890,7464,16140,9410,5751,9129
U:CGCTT,9851,8505,25010,22523,17678,14006,14635,15062,16486,13398,12443,14078,13236,13743,8078,9065,10094,12179,12763,6417,11453,7086,4010,6046
U:CGTAA,7230,1120,15822,16704,13715,12046,11556,11638,11263,10081,8297,9750,8775,9354,6355,6290,6691,5985,5869,5186,3601,3962,2719,2725
U:CGTAC,4331,5788,9200,9207,7353,6248,6302,6181,6400,5599,4693,5390,5027,5276,3606,3557,3908,3867,4003,2617,2863,2534,1605,2090
U:CGTAG,6863,3709,15047,14578,12199,9944,10186,10160,10277,8974,7731,8854,8468,8408,5904,5715,6594,6167,6311,4328,4631,4030,2718,3259
U:CGTAT,9402,8604,18549,19878,16551,14489,13865,13481,13331,11846,9562,11106,10471,10663,7775,7225,8007,6633,6605,6032,4308,4416,3009,2994
U:CGTCA,7701,1389,18069,17501,13845,11740,11435,11707,12917,10741,9335,10685,10397,10063,6580,6675,7528,8869,8527,5039,7240,5482,3357,4542
U:CGTCC,6854,3053,18327,15938,11841,9764,10374,10126,12397,10077,9885,10742,10752,9672,7036,6555,7823,10885,10794,4714,10939,6237,4569,6240
U:CGTCG,1770,298,4210,3494,2457,2138,2283,2296,3094,2414,2170,2378,2417,2189,2410,1791,2448,2554,2831,1194,2768,1508,1810,1608
U:CGTCT,13299,4264,33864,30135,23945,19176,20449,19997,22899,18111,16935,19104,18663,18646,10997,12045,13777,16192,17923,8752,15694,9615,5745,8693
U:CGTGA,16215,6198,39554,36551,29266,23343,24523,24551,26900,21336,20003,23141,21207,22556,13366,14863,16840,19364,21307,10574,18450,11395,6584,10371
U:CGTGC,11436,3780,29024,25494,19674,15596,16961,16557,19477,16001,15130,17319,16142,15779,9400,10320,12293,15717,16599,7769,15097,9224,5498,8698
U:CGTGG,15387,5248,41121,36005,27294,21601,23719,22927,28248,22284,21506,24014,23071,21937,13653,14861,17523,22552,23572,10572,22689,13611,8256,12887
U:CGTGT,13855,9768,33876,32338,24795,20778,21245,20905,23486,19999,18089,20839,18587,18620,12196,12154,14114,16934,16901,9807,13662,10351,6446,9168
U:CGTTA,7447,2035,15422,16352,13325,11873,11339,11125,11026,9921,7997,9416,8450,9012,5987,5984,6551,5841,5685,4846,3528,3911,2452,2664
U:CGTTC,7846,35169,17610,16801,13552,11121,11420,11471,12150,10577,9418,10574,9968,9922,6627,6731,7565,8130,8120,5182,6489,5043,3635,4266
U:CGTTG,9009,1697,19579,19240,15597,12813,12953,12763,13519,11950,10354,11711,10858,11041,7203,7571,8198,8844,8789,5746,6639,5546,3377,4477
U:CGTTT,15462,28767,31684,33060,27189,23071,22514,22772,22810,20465,17090,20010,17764,18657,12783,12579,13715,13144,12963,10311,9129,8587,5701,6246
U:CTCAA,74101,8603,165472,158872,134829,112360,111863,108048,105378,92037,79663,89836,88940,92658,54289,60714,63245,59397,62394,44137,46718,40253,20904,27284
U:CTCAC,65250,11202,161767,147099,121186,96164,100384,97551,102494,85749,78452,88127,88004,86900,48797,56903,62384,65266,70156,41687,59424,42941,22248,34630
U:CTCAG,89737,13650,231822,207796,174964,132881,142204,137618,141068,120355,112560,126947,126762,122634,67487,81332,90045,93957,102160,57992,82405,63199,30214,51341
U:CTCAT,75407,12696,165043,162030,138239,116852,115329,110668,106476,96331,81870,91626,92272,90962,57146,60908,62587,56257,55597,46681,38673,39876,21815,26516
U:CTCCA,78159,51258,191962,173748,144776,113664,119318,115009,118241,101224,92190,104304,106191,101642,56975,67159,74887,74192,81050,49076,64523,51109,25184,39746
U:CTCCC,87212,12803,218902,185042,152985,113368,124224,121220,131765,107938,106068,118100,120682,116560,60018,75672,85676,96195,108756,51769,94558,62313,31133,54158
U:CTCCG,12936,1718,35577,29169,22937,17862,19358,19650,22135,17617,17839,19317,19294,18989,10168,12216,14253,17854,20621,8268,19328,10799,6093,10423
U:CTCCT,98536,14724,247909,218449,181338,139211,148343,145766,153129,128147,119612,134637,135670,132025,71231,87050,96169,99358,110150,61833,89047,66153,32389,54762
U:CTCGA,10550,4180,25604,22453,18114,14385,15068,15108,16381,13199,12306,14210,13256,14310,7660,9283,10200,11881,13362,6371,11751,7184,3938,6382
U:CTCGC,8897,1028,24361,19890,15366,12251,13162,13107,15175,12002,11870,13050,12908,12593,8101,8598,10269,11762,13348,5843,12587,7270,4787,6906
U:CTCGG,16460,1964,45238,37289,28998,22183,24229,24338,28312,21521,22699,24660,23994,24119,12905,15815,18315,23078,26800,10383,25125,13512,7426,13219
U:CTCGT,10484,1228,24757,23247,18510,15074,15610,15543,16579,13703,12941,14340,13569,13745,8576,9229,10431,11237,12044,6830,9957,6949,4285,6178
U:CTCTA,59777,16853,132176,128744,109224,91050,90654,87674,84648,74012,63388,71443,72857,73055,44098,48892,50368,43978,46581,35883,33019,30137,16386,20762
U:CTCTC,79485,11675,183673,168314,141079,111264,116295,112585,113438,99236,87855,98885,103440,97269,57815,64281,70378,67062,70185,48015,56878,46692,25947,35080
U:CTCTG,97670,20279,244426,224221,186767,143975,152993,146190,150526,130233,121694,135089,139120,129368,72176,86882,96111,95521,102893,63010,78883,65847,32474,53012
U:CTCTT,101393,24746,220089,215212,184746,153297,151729,148043,141892,126653,108721,122033,122953,121046,74591,82773,85580,72003,75574,61288,48906,51848,28978,34932
U:CTTAA,71868,7091,152324,160648,136889,123053,115003,111900,101992,93268,75421,85524,83162,87763,59737,59561,58238,43072,43917,45864,22921,31841,20248,18466
U:CTTAC,41104,4041,91533,91546,78107,67322,64721,63307,59687,54148,44602,50292,50167,50774,33041,34462,34579,27813,28543,26316,17449,20544,11767,12767
U:CTTAG,50595,5103,112295,111453,96052,79941,79350,77278,72976,65572,55330,63061,62665,62377,39814,41980,44043,35425,36576,32185,21043,25963,14426,16925
U:CTTAT,69862,14454,141677,149610,128062,115362,107042,103867,95541,88100,70524,80022,78694,81132,55064,55486,53435,39007,39991,42682,22195,29260,18670,16824
U:CTTCA,83506,15239,180037,180771,153615,129670,127471,124485,117005,106253,88951,99443,101578,98774,63535,66725,68814,57400,58898,51487,38224,42343,23590,27490
U:CTTCC,85062,47311,198139,183838,155836,122251,126143,123327,123411,109778,98564,110243,112329,105719,61442,70343,76863,74517,78526,52173,57194,52517,26937,38423
U:CTTCG,9109,9224,20872,19419,15681,12682,13014,13198,13714,11986,10641,12086,12075,11435,7141,7684,8652,9330,9902,5738,8198,5904,3430,4898
U:CTTCT,108519,14570,237096,233308,199391,164643,163601,160706,152450,137551,117352,131981,133676,129774,79951,88339,92050,77390,81082,66386,51401,56735,31709,37884
U:CTTGA,76623,9557,173558,168797,143462,117422,116885,115129,112467,97446,85260,97095,93308,96717,58118,65339,67919,62375,64569,47762,46060,41743,22355,29332
U:CTTGC,53429,16862,121850,116919,99717,79221,81494,77979,77263,68378,61153,69085,68934,65882,39659,45098,48659,45289,46342,33305,32148,31828,16394,23712
U:CTTGG,71347,12367,173144,158748,134538,102601,109759,104594,106467,92912,86067,97289,96467,91872,52198,63258,69005,68209,71216,44317,51631,46093,22703,35636
U:CTTGT,72675,12740,152832,154983,132521,109082,108143,105389,101931,90338,78014,88406,86141,84851,54199,59572,60672,51884,53542,44170,34627,37702,20488,25757
U:CTTTA,96274,16147,194602,209112,177907,158633,147915,144420,132851,120939,97681,110842,108480,110575,76662,77311,75073,54121,56723,59203,30165,40670,25953,23960
U:CTTTC,103400,115780,220123,220728,186742,155931,154094,150626,144175,129659,110084,124062,122455,122241,78087,82256,85464,70256,73093,63423,46709,51292,30698,33520
U:CTTTG,111195,26329,236720,236049,201945,165844,165520,159595,154739,136402,118385,134818,132194,130319,81483,90232,93932,79372,83110,66142,53090,56396,30778,38691
U:CTTTT,180521,39224,368738,386932,327285,283050,271879,265701,250142,222510,186237,212111,199523,209481,138065,145992,144660,110167,117577,109665,69748,80716,49597,50254
U:GACAA,51719,9565,107526,109784,93575,80911,78704,75385,69824,64993,52745,59906,61004,60275,39392,40321,41743,33912,34130,31399,22582,24948,14450,15745
U:GACAC,36379,7953,82847,81634,67921,56413,56228,55909,54181,49323,41940,48117,48027,45201,29264,30039,33077,31449,31695,23728,25116,22057,12515,16492
U:GACAG,59736,7746,149596,137706,114960,89090,93390,91199,93109,81233,72942,82695,82434,79819,46283,53130,59277,58766,62241,39106,50388,39511,20445,31699
U:GACAT,55546,23071,114398,120065,100455,86427,83700,81386,76507,71123,57611,66535,64835,63798,42987,43236,44758,37783,36536,34082,25611,27335,16023,17367
U:GACCA,43099,15228,106045,96742,81081,62923,66689,64860,65798,55175,50975,57292,57228,56508,32373,37881,41996,41569,45032,27030,35648,27725,14211,21601
U:GACCC,29314,5052,77306,66301,54169,40270,44367,42415,46616,38812,37756,41404,44659,38855,21991,26465,30872,34523,36430,18086,35199,23126,11440,19731
U:GACCG,5146,3844,13788,11720,8883,7211,7682,7799,8708,7184,7233,7553,8016,7211,5280,4961,6203,7256,7519,3364,7463,4293,3200,4434
U:GACCT,44238,11314,109564,98852,83325,64067,67809,65414,66983,57423,53588,60093,60393,57889,32310,38852,43105,42717,46955,27764,37135,29305,14255,23622
U:GACGA,6267,1004,14361,13367,10570,8831,9058,8950,9373,8311,7369,8246,8221,7970,5295,5153,6180,6423,6994,3965,6150,4107,2564,3608
U:GACGC,4944,697,13088,11655,8415,6896,7634,7406,8734,7371,6940,7565,7634,7002,4769,4653,5546,7135,7626,3224,7923,4467,3016,4345
U:GACGG,11019,3291,28362,23952,18577,14731,15811,15649,18296,14140,14602,15776,15282,15673,9370,10180,12113,14276,16751,6893,16057,8868,5425,8713
U:GACGT,7567,1160,17916,17457,13643,11134,11634,11520,13066,11145,9364,11141,10183,10036,6708,6788,7606,8804,8995,5288,7432,5456,3482,4557
U:GACTA,35440,3935,76080,76156,65086,55560,53709,52640,49160,43774,36840,41467,41406,42645,27394,29498,29086,23728,26275,21227,16200,16812,9633,11291
U:GACTC,35977,19724,91683,83893,69597,55121,57591,55544,56906,48776,44191,49485,49996,48491,27996,32380,36194,35342,38054,23486,31625,23889,12323,18746
U:GACTG,46289,4853,109852,103786,87398,68833,71897,69888,68758,60383,53673,60876,61043,58368,35693,39340,43257,39794,41753,29733,30044,27567,14950,20586
U:GACTT,57688,5474,125978,127250,108731,91039,89668,87270,82141,74945,62863,70896,71380,68996,44617,47309,48817,40407,41006,36464,25574,29655,16473,18904
U:GATAA,61363,9255,124823,132411,113584,103206,95308,93003,84391,78305,61899,69693,70267,72447,49762,48530,47339,34911,34654,38044,17964,25668,16488,14398
U:GATAC,33583,7989,67662,70384,59787,52173,50185,48675,44663,41175,33765,37883,38057,38155,25845,25821,26583,20153,20471,19901,11767,14722,9111,9131
U:GATAG,42238,4828,86041,85789,74093,63239,61571,59492,55870,50410,42180,46715,47738,47690,31588,32376,32681,25538,26225,24528,15703,18493,11012,11534
U:GATAT,64226,23617,120979,131572,112919,102772,96348,91433,83257,76942,61099,68774,68421,69858,49507,48420,45950,31820,32071,36931,17623,24054,16001,13157
U:GATCA,50871,8103,115094,110847,92421,77195,77076,75477,74587,64653,55418,63937,61945,64477,38586,42544,45161,42101,44414,31518,32755,27905,14822,20033
U:GATCC,34957,9733,82717,74382,62626,48680,51841,50143,50954,43208,40088,45055,44780,44525,25136,29423,32426,32701,35172,20697,29289,21541,11081,16875
U:GATCG,8155,1025,19711,17517,14034,11171,11532,11635,12990,10231,9467,10892,10172,11130,6439,7104,8349,9187,10458,4966,9798,5252,3224,4910
U:GATCT,54276,7083,122280,117113,98964,81512,81758,79218,77749,68118,59581,67812,66792,67872,40415,45336,47552,43160,46142,32431,34799,29353,15854,21059
U:GATGA,64403,12718,141089,138719,116706,98323,97955,95111,90944,82072,71035,78989,78528,77789,49811,52015,54131,48262,46476,39688,30617,33798,18620,23002
U:GATGC,37100,16639,87156,82676,68827,55559,57117,54882,54297,48240,42375,48900,48543,45822,28595,30958,33162,31618,31873,23753,22058,22568,12192,16504
U:GATGG,64794,9242,151937,140703,118207,93507,97729,93826,96304,82938,76033,85554,86480,82964,47690,55142,59831,60940,62903,39688,50743,41429,20318,32426
U:GATGT,57094,9103,121076,124341,105218,87342,87265,84865,82297,73257,61242,70646,68347,67827,44896,46130,48117,40799,40803,36042,27838,29777,16973,19557
U:GATTA,64589,19251,142435,142259,120530,105781,100595,98152,94662,82331,69342,79270,75876,81683,51419,54616,54733,46614,50894,39885,34970,31301,18724,21865
U:GATTC,51598,141623,109881,109272,92936,77169,77236,74443,72072,64301,55148,62088,61072,60775,38100,41256,42760,37271,39072,30703,27366,25954,14657,17746
U:GATTG,51074,21697,108077,108027,92214,76684,75767,73639,71921,62876,53805,61155,59117,60384,38420,41347,42398,36335,37011,30735,25392,24890,14343,16736
U:GATTT,102165,37116,205456,219471,185376,164812,156143,153162,141783,128084,104207,120114,113237,118338,80630,81713,81122,59958,61602,63822,34351,45059,28016,26256
U:GCCAA,51496,13141,118087,111616,94495,75509,78697,75305,74888,64110,57441,64646,64911,64610,37675,43147,46566,44226,47410,31041,34621,30377,15395,21797
U:GCCAC,53991,5705,137579,121790,101105,76313,82594,79608,86309,69966,68436,76043,75064,73866,39715,49509,55867,61090,67886,34517,57293,40019,19240,33771
U:GCCAG,63469,12735,167697,145974,122062,89989,98770,93692,100950,83271,82749,91661,94720,85995,45244,58608,66666,72597,79580,40295,63729,48199,21658,41661
U:GCCAT,56164,29291,122269,118654,101138,80681,83182,79361,78463,69306,60769,69810,69142,66517,40697,45548,48397,45360,46500,33497,33778,31879,16533,23080
U:GCCCA,57189,9197,149628,129113,107571,78337,86909,82663,90793,73139,73880,81562,84187,77228,40463,52268,59810,65932,73219,35109,62167,43373,20061,38417
U:GCCCC,35788,3601,100606,82151,65195,46243,54261,50809,58975,47551,51204,53685,61006,49066,27611,34540,40947,49646,55433,22520,52476,32512,16751,31488
U:GCCCG,13881,1461,38459,30586,22856,17742,19548,19342,23786,17774,19663,20327,21136,19926,11427,13394,16031,20882,24447,8440,24756,12016,7613,12921
U:GCCCT,43840,12593,119253,103763,84814,60827,68900,65458,70315,59418,60049,63936,69657,58467,32911,40314,48107,51859,55367,28591,45153,34892,16982,31649
U:GCCGA,10760,1256,29617,24446,19228,15042,16495,16396,18542,14478,14368,15698,15701,15794,9163,10584,12637,15007,17391,6855,15610,8571,5001,8442
U:GCCGC,8723,941,24376,19404,13847,11473,12696,12422,15275,12096,13153,13021,13847,11960,8959,8887,10917,14162,15210,5923,15669,8175,6279,8688
U:GCCGG,11803,1343,35724,27753,21130,16020,18060,17769,21978,16508,18460,19114,19834,18049,11953,12485,15474,20021,22954,7800,22560,11377,8041,12212
U:GCCGT,7204,1279,19627,17169,13326,10749,11189,11263,13224,11062,10186,11514,11155,10407,6850,7061,8336,10909,10816,5351,9907,6503,4343,6279
U:GCCTA,34908,5632,77086,72397,63099,50365,51461,48819,46870,41721,37035,40958,42976,41294,24557,28128,29764,25594,27750,20072,18719,18008,9335,12805
U:GCCTC,77892,9226,208370,177438,145636,108753,118647,115530,128703,101859,102185,113915,111554,112325,56498,73792,82889,95809,108487,48677,93905,59863,28506,53817
U:GCCTG,78508,13274,221842,187780,153655,113326,125275,121154,135143,107968,107647,120732,120813,114967,58612,77021,88142,101388,112262,51861,97629,63155,29756,57818
U:GCCTT,60569,17804,141418,133528,112968,88095,92080,88608,88229,77190,70938,80080,80447,75075,44556,51879,55966,52788,55556,37758,39844,36824,19054,27893
U:GCTAA,47410,4378,107222,105806,89661,75653,74716,71918,69626,61070,52266,59717,57915,60982,37672,40434,41939,36687,39628,29456,27076,24687,13879,17556
U:GCTAC,32431,4696,74868,70414,59386,48410,49122,48409,47542,41145,35942,40420,40275,41830,24826,27712,29932,28059,30849,19378,23041,18749,9901,13869
U:GCTAG,33777,4765,73693,69861,60924,48129,49045,47645,44907,39591,35655,39607,41221,39343,23425,27189,28712,24186,26273,19376,16359,17256,8674,12303
U:GCTAT,45556,8299,91154,93038,80385,70256,66712,63912,60071,54498,44552,50381,51002,51096,33329,34805,34265,26652,27516,26173,16247,19583,11574,11689
U:GCTCA,61653,8289,160602,140985,117433,91283,96620,93020,98899,82886,76997,87335,85570,86039,46320,56370,61705,66766,72238,39718,58730,43147,20700,35093
U:GCTCC,39428,3954,106173,91720,74534,56289,61718,58929,62506,53524,51518,57400,60726,52494,29615,35573,41363,43688,48265,25923,37930,30270,15015,26131
U:GCTCG,6604,845,18366,14708,11512,9176,9892,9793,11003,9229,9171,9783,9932,9198,5796,6338,7468,9104,9436,4320,8488,5435,3404,5141
U:GCTCT,59225,10455,143724,134280,111682,87229,91811,88126,89273,77869,71227,80162,82037,75584,44922,51513,57076,54823,58205,37954,41045,38112,19829,29986
U:GCTGA,65683,8200,165245,151103,126858,98742,103628,100649,102407,87684,79697,91385,90544,88611,50290,59056,65836,65690,70180,42506,54111,43557,21498,34356
U:GCTGC,51183,8164,132727,120534,98098,74960,80533,77519,82323,70511,66525,74622,77981,68167,39296,47319,52888,57929,60933,33905,47026,38741,19592,32925
U:GCTGG,88911,11458,244456,208308,171413,125717,138648,133558,148092,119457,120404,135084,133026,129738,64981,87013,98291,112654,126709,56598,109573,70984,32911,64255
U:GCTGT,60806,12969,151181,141651,118074,93547,97113,94020,95386,83307,74885,85640,83654,78689,48276,54344,59322,57915,58870,41010,42354,40158,20907,31318
U:GCTTA,42448,4374,93483,94545,81038,69671,66999,64688,60921,55462,46284,52607,51793,52043,33879,35865,35645,29078,29380,26919,16947,21147,11957,13333
U:GCTTC,52581,8339,123269,117548,98863,78989,81460,79406,78015,69031,61760,69558,70234,65872,39697,44513,48676,46239,47863,33498,33098,32483,16872,23899
U:GCTTG,50782,11315,119999,113417,95609,74547,78139,75377,76511,66086,59939,68513,66894,64743,38519,44686,48633,47529,49823,32123,35729,31686,16349,24740
U:GCTTT,87281,17469,184638,189550,160370,134830,132565,129028,122511,110183,93234,107211,103207,102679,67107,71355,72575,59745,61162,54344,35781,43769,24817,28274
U:GGCAA,52113,6132,117388,113052,95921,77638,78839,76231,73546,65338,56765,64165,65997,64955,38105,42750,45718,41705,43350,31309,31424,29191,14765,19928
U:GGCAC,38891,4582,103218,90931,74549,57190,61332,59046,62277,53234,50424,56622,57479,53816,29694,35985,40412,43883,47137,25466,38245,28951,14251,24985
U:GGCAG,70244,12176,193256,168629,139299,103915,113336,107753,116191,96871,94311,105844,109914,98614,53827,67000,77676,82769,92003,46383,72777,55095,25744,48951
U:GGCAT,56036,10998,130715,123588,104093,82428,85319,82129,82857,71802,64570,74325,71764,70885,41392,47757,51617,49896,51807,34611,38855,34107,16808,25504
U:GGCCA,57634,9776,150300,130749,109508,80444,88006,84276,91613,74710,74093,82785,83240,77891,41051,52798,60165,66007,72557,35972,61197,43505,20072,37276
U:GGCCC,33407,3652,96327,78837,62786,43447,51245,47420,56061,44940,49410,51131,57817,45515,25762,32163,39873,47298,51632,20951,48404,30725,15610,30690
U:GGCCG,13521,1610,39317,30715,23194,17784,20108,19844,24536,18804,20166,20914,21703,19740,12625,13963,16896,22488,25040,8669,25181,12744,8384,13473
U:GGCCT,54731,12656,143980,124199,102590,74383,82882,79125,86695,71309,71918,78861,82467,72632,37893,50472,56789,63518,70134,33792,59216,42562,19671,38238
U:GGCGA,8841,1482,22147,19352,14855,11662,12595,12586,14193,11329,10868,12284,12226,12257,7716,8386,9887,11201,12746,5341,11947,6675,4330,6536
U:GGCGC,12020,3228,35285,27939,21233,16844,18405,18183,21602,16116,17795,18244,18774,18297,12201,12684,15640,18304,22035,7792,22727,10589,7552,11781
U:GGCGG,17799,2198,50567,40037,30162,23083,25703,25400,30598,22888,25219,25986,26909,25696,19472,18627,23758,26493,31412,10806,32971,15077,12425,17195
U:GGCGT,13612,1762,37008,30839,24083,19078,20659,20112,24691,18231,18563,20448,19308,20502,11553,13364,15695,19053,22204,8851,21051,10851,6511,10972
U:GGCTA,40373,3652,90672,84711,72915,57847,58864,57478,55651,48148,43581,48837,49202,49096,28310,33374,35816,32223,35946,23215,26137,21885,11595,16366
U:GGCTC,50372,7340,138416,117335,96378,71442,78502,75265,82843,67837,67639,75502,75765,72070,37572,47987,54736,61788,68032,32707,57561,39332,18905,35138
U:GGCTG,84002,13523,234032,199204,163423,119996,131473,127365,141680,114298,114145,128955,128214,122225,62110,82154,93112,107131,117386,54157,101357,67068,31494,60295
U:GGCTT,56576,9289,133184,125919,106934,83316,87282,83333,83397,73312,66624,76126,75434,71154,42430,48957,53048,49831,51599,35634,36133,35342,17831,26454
U:GGTAA,44374,5868,94655,96323,82039,70462,67993,66208,61277,55458,46298,51992,52529,52952,35419,36186,37109,28860,29732,27016,17767,20774,12702,12837
U:GGTAC,27021,4817,54676,53122,46491,37872,38184,36411,34733,31369,27000,30048,31077,29785,18531,20629,21385,18591,18800,14887,12535,12701,6860,9164
U:GGTAG,39780,3945,86831,83284,72169,56992,57892,56410,53699,47836,42704,47085,48785,47313,28470,31907,33935,29277,30736,22882,20037,20743,10824,14563
U:GGTAT,47257,12201,90307,94286,81093,69244,67935,64193,59556,54317,45433,51195,51568,50721,33386,35855,35467,26599,27111,26064,16338,19708,11529,12420
U:GGTCA,43452,6598,107202,99383,83378,64853,68587,65767,67203,57970,52967,59313,59377,57492,32917,38196,42419,42291,45508,28605,35947,29544,14706,23004
U:GGTCC,26487,4460,65951,58251,48036,36616,39264,38038,40411,34699,34269,36786,38683,33041,19638,23251,26649,28613,30888,16461,27629,19487,10176,17169
U:GGTCG,5637,678,13609,11444,8985,7031,7642,7769,8744,7015,6938,7560,7643,7139,5353,5041,6294,7292,7567,3329,7386,4312,3347,4269
U:GGTCT,52122,9217,125640,114833,96537,73880,78521,75995,78319,66173,61987,70321,69339,68081,37229,45988,49798,50823,54669,32022,46501,33969,16923,27273
U:GGTGA,60007,12139,147377,135382,112296,88049,92388,91504,93493,79302,72569,81909,81681,79965,45815,52978,60023,59976,64692,38020,53274,40085,20196,32619
U:GGTGC,37090,5868,99869,86122,70289,54272,57974,56076,60904,51974,48569,55119,55054,50730,29141,34923,38961,44266,46020,24482,38896,28403,14578,25520
U:GGTGG,72000,9658,193094,167149,137088,101397,111191,108895,118585,96704,95330,106689,107250,101838,55108,69129,78571,87113,98146,45939,83862,56500,27575,50521
U:GGTGT,53481,9347,126221,117995,97870,78198,80305,78418,83084,70296,63905,72368,69277,67588,41210,46447,51085,50451,52870,33891,42559,33838,19029,27742
U:GGTTA,37969,7913,81014,82576,71033,59690,58437,56433,52868,47436,40410,45569,45270,45626,29520,30967,31435,25370,25893,23635,15354,18213,10406,11627
U:GGTTC,41100,7858,96461,89879,75231,58645,61299,59740,60467,51987,48222,54021,52697,52279,30368,35421,39183,38081,41327,25327,31414,25774,13879,20391
U:GGTTG,48918,5027,111367,104797,89418,69581,72543,70597,69984,60604,54814,62906,61302,60054,35168,41509,44459,42536,44524,29409,33154,28636,14849,21502
U:GGTTT,84282,11517,178832,180205,152210,125523,125618,121706,118970,103976,90793,103290,97868,99121,62688,69293,71991,62030,65276,50444,44410,43120,24794,30292
U:GTCAA,43380,15383,86535,91055,76619,67823,65139,62817,58479,53803,43543,49923,49751,49061,33182,33483,33462,27516,27509,25937,17017,19859,11855,12111
U:GTCAC,38610,6314,92343,88106,74238,59246,60551,58618,60132,52377,46476,52425,51247,50290,30569,33596,36336,37551,37465,25680,29578,25572,13464,19912
U:GTCAG,51788,7504,128595,119037,99668,78419,81766,79423,80151,69017,63195,70508,70017,67026,40216,45222,50323,47848,51440,33921,38352,33468,17103,26085
U:GTCAT,53337,14910,112195,117042,98887,84234,82257,79852,76600,69461,57297,65700,63483,62967,42373,43355,44529,37249,36468,34629,23862,27118,15814,17693
U:GTCCA,39201,93277,88597,84984,70425,56809,58604,56661,56113,50010,44482,50164,50628,46892,28534,32234,35054,33396,34778,23955,26869,24110,12591,17890
U:GTCCC,37362,8066,93964,82663,67669,51095,55375,53006,57677,48081,47392,51561,53665,48188,27533,32841,37414,41678,44660,23215,40600,27498,14158,24107
U:GTCCG,5169,6767,12996,11212,8890,7224,7580,7360,8854,7260,7210,7439,7696,6912,5336,4898,6136,6993,7465,3574,7162,4191,3247,4216
U:GTCCT,47714,13884,113296,105876,87987,69145,72744,70441,70982,62685,57294,63649,64856,58838,35974,40772,44806,42688,45940,30550,34437,30342,15926,24339
U:GTCGA,4682,12096,9983,9468,7582,6463,6455,6424,6738,5844,5048,6005,5629,5483,3733,3739,4252,4436,4524,2749,3649,2839,1843,2234
U:GTCGC,5817,2256,14615,12363,9480,7590,8168,8144,9422,7366,7241,7989,7797,7975,5122,5324,6383,7511,8419,3651,8160,4445,3050,4309
U:GTCGG,5635,1225,15124,12183,9477,7378,8015,7985,9465,7433,7458,8085,8244,7474,6093,5519,7011,7614,8218,3806,7735,4553,3991,4797
U:GTCGT,5941,721,13144,12805,10304,8485,8567,8695,9381,7917,6802,7981,7375,7330,5123,5068,5798,6405,6153,3865,5176,4142,2697,3295
U:GTCTA,37747,13629,75546,77564,67097,57368,55842,53754,48951,45600,37655,42223,42745,42198,27754,28789,28932,22783,23053,22109,14841,16475,9783,10256
U:GTCTC,66244,15310,163489,146922,122478,95349,100150,97892,103668,84752,79310,89955,87103,90635,48693,58715,64506,67553,75005,40965,64721,43354,22029,35999
U:GTCTG,55036,8047,130065,123044,103279,80945,84953,80547,82347,71443,64848,73060,74600,68748,41530,46917,51610,49455,50661,35056,40098,34898,18092,26737
U:GTCTT,78192,14552,167218,166588,141511,116804,117116,112783,110417,97464,83132,95309,92951,92285,57716,64068,65626,56531,58142,46999,39357,39658,22388,27644
U:GTTAA,57186,7472,119217,128960,109917,97443,91431,89592,82223,74223,60100,67874,65469,68686,47990,47371,45978,34275,34829,36922,17424,25369,16283,14597
U:GTTAC,34123,5979,72664,75520,64487,55046,53357,52247,49153,44136,36605,41374,39919,41427,28073,28271,28687,23247,23541,21968,13473,16451,9965,10584
U:GTTAG,39912,4919,86916,88875,75393,64479,62489,60800,57021,51037,43440,49198,48149,49211,31421,33463,34212,26794,28168,25363,16631,19568,11145,13009
U:GTTAT,59451,35148,118879,127411,109275,98829,91855,89103,82329,74681,59490,68436,66190,68629,47952,47324,45692,32749,33459,36735,17868,24660,15999,14085
U:GTTCA,64004,18903,140416,138501,116753,97652,96723,93613,92201,80528,69987,79512,76279,78742,48815,53228,55008,49585,52318,39747,37949,34521,18878,24339
U:GTTCC,45477,34345,98307,93058,79090,63870,65582,62730,62245,55178,49211,54749,55417,52859,32208,36069,38767,35265,36785,26914,26171,25104,13774,18395
U:GTTCG,6880,18431,16641,14595,11830,9447,9755,10129,10761,8691,8070,9427,8521,9160,5440,5800,6883,7705,8293,4331,7215,4572,2657,3900
U:GTTCT,73501,12500,152776,156613,133142,111219,110364,106759,101398,91976,77826,88061,86513,84916,55121,59497,61014,49662,51211,44565,31459,36389,21091,24215
U:GTTGA,56473,8181,115624,117927,100636,85354,83172,80929,77072,69515,58237,66580,63724,64020,42603,44589,45584,37028,36722,33793,22506,26430,15715,17037
U:GTTGC,44582,9260,101310,97285,81786,64855,66854,65657,65975,56340,50603,57804,54165,56382,33253,38630,40650,40075,41998,27792,30976,26354,14011,19667
U:GTTGG,53670,7397,122887,116021,98848,76882,80319,77618,77764,66826,61125,70113,67559,66913,39103,45608,49413,47223,50097,32739,36896,32211,16697,24480
U:GTTGT,62269,8356,126435,129424,110900,91959,91286,88545,84894,75586,64966,72597,69415,70223,46045,49357,50340,41073,42031,37038,26880,30023,17484,19573
U:GTTTA,73086,12852,150090,162387,138272,122533,115141,113115,104050,94968,76596,86789,82756,86524,61360,59891,59289,42883,44081,46292,23525,31880,21059,18895
U:GTTTC,79835,36531,172240,174681,146442,121936,121368,118278,115081,100694,87023,99974,93774,96651,61069,65857,68652,60232,62929,50060,44130,41755,24166,29247
U:GTTTG,82950,21718,170494,174078,148491,123529,122540,118693,114548,101361,86878,99200,95082,95357,61283,66189,67903,57616,58795,49168,38383,41230,23124,26949
U:GTTTT,155247,27086,310660,332286,281351,242820,233050,227229,215508,191487,160658,183725,168381,177636,121248,124575,125237,96617,101487,94927,60685,69746,42904,43797
U:TACAA,75354,18067,151064,159862,134108,121584,113920,110781,103119,93206,74938,84475,83538,88314,59133,58968,58074,46205,47977,45038,31609,32437,20164,19931
U:TACAC,42491,14465,83370,88048,73312,65270,63172,60949,57204,52154,42442,47507,47467,46750,33533,31268,32639,26640,26122,25268,17541,19076,11865,12572
U:TACAG,75681,15685,170823,165140,139630,116017,115092,112605,110360,95359,84034,94933,90982,95234,58091,64464,67217,60993,66878,46806,48273,40931,22155,29552
U:TACAT,83985,99080,160102,177279,149291,138739,127966,123561,113352,104318,81740,92468,90222,93704,68182,63192,61812,44953,44760,50894,25051,33623,22359,18923
U:TACCA,55641,17195,109331,111840,97178,82076,79950,77363,71493,64700,54210,60136,60735,60836,39559,42011,42425,32834,34004,31361,20088,24274,13862,15287
U:TACCC,35021,4271,71878,69249,59962,48033,49311,46602,44780,39855,35431,39022,40790,38684,23687,26640,27603,24571,25664,19347,17662,17361,9280,12182
U:TACCG,5350,3560,11778,11056,9029,7445,7650,7497,7635,6616,5747,6660,6380,6339,4426,4391,4961,4729,4931,3197,3878,3108,2006,2472
U:TACCT,55919,10450,118233,116797,100925,85103,83234,80024,75214,67807,56948,63556,65511,64900,41085,43931,44433,36179,37342,33070,22118,26015,14625,16329
U:TACGA,5686,5884,12306,12680,10291,8915,8983,8761,8652,7756,6324,7340,6826,7229,4913,4817,5159,4581,4677,3623,3440,3043,2031,2298
U:TACGC,3916,432,9491,9296,7400,6117,6284,6217,6297,5558,4765,5393,5223,5168,3803,3691,4147,4087,4101,2601,3260,2495,1737,2059
U:TACGG,5279,1106,12582,12011,9635,7941,8083,8097,8199,7322,6178,7167,7000,6777,4567,4663,5257,5294,5286,3559,4371,3311,1977,2628
U:TACGT,10968,6524,21683,23364,19269,16783,15914,15718,15669,14095,11333,13025,12342,12332,8823,8500,9248,7892,8028,6740,4922,5213,3457,3599
U:TACTA,53025,24509,110080,111959,95623,86538,80620,77999,72351,64939,52621,58679,59689,62815,41728,41956,40655,30684,34323,30936,20425,21957,13510,13634
U:TACTC,42767,11249,94269,92812,78679,66663,65842,63686,60907,53745,45825,50725,51147,52216,32839,35155,35915,30043,32277,26215,21632,21068,11820,13992
U:TACTG,58622,13553,121775,124982,105753,91353,88372,86527,80476,72887,60406,67802,67537,67806,44693,47124,47595,36760,37982,35554,23799,27099,15340,16920
U:TACTT,80508,14698,168719,177322,150809,135260,125571,123716,114072,102982,82499,93186,90855,95950,65879,65741,64158,46654,49517,49623,26826,34654,21744,20388
U:TATAA,104750,104328,204869,229582,193403,185789,165509,160988,145283,134068,103076,115647,114392,121621,88490,82353,76740,52004,53661,64965,27667,39655,28775,21286
U:TATAC,58795,40261,105825,116849,98643,91717,85453,80621,73837,67697,53483,60027,59971,61705,44703,41974,40478,27142,28621,32489,15269,20928,13788,11661
U:TATAG,63062,22399,124646,131578,112745,101637,94435,90997,83847,75643,61320,68921,68819,71571,48180,49641,47170,33438,35468,36277,18552,24982,15743,14403
U:TATAT,158824,295231,282965,315478,267703,257752,232748,219048,200480,186799,141873,161421,158683,170041,126005,112694,107384,73684,76964,89063,43202,55369,39619,31388
U:TATCA,66593,26767,127253,139285,118307,108555,99909,96495,87914,81639,63710,71865,72347,73597,52092,50124,48171,35311,34555,39505,18927,26533,17731,14603
U:TATCC,47024,10713,89311,91718,79600,68404,66590,63091,58787,54059,44834,49980,51590,50322,32891,34638,34422,26537,26926,26236,16515,19973,11193,12167
U:TATCG,5916,2709,11740,11871,9946,8710,8566,8240,7987,7261,5924,6756,6678,6683,4359,4585,4690,4344,4203,3483,2851,2807,1717,1874
U:TATCT,81892,14942,162512,171197,146714,131632,122361,118013,108878,100336,80603,90176,91537,93458,63169,62914,60978,44644,46070,48759,26758,33711,21543,19596
U:TATGA,71270,32722,140371,151655,129327,117822,108737,106310,95941,89013,70127,80169,78267,81157,56954,55059,53440,38559,38910,43044,22803,28697,18556,16210
U:TATGC,44498,14178,88672,94660,80421,71104,66951,64854,60108,55401,44851,50313,50130,51019,34949,34368,34293,26072,26100,27132,14996,19467,11649,11338
U:TATGG,54685,7716,108713,111459,95517,81959,79126,76854,71434,65452,54122,60959,60899,60746,40109,41728,42003,32264,32913,31429,20436,23962,14253,14522
U:TATGT,99214,60432,189712,205585,175206,159093,148762,143002,131874,120038,96372,108664,105150,110156,78109,75221,72761,52639,53531,58153,31500,39197,26664,23428
U:TATTA,104730,90694,208912,229958,197213,188077,167660,161805,146624,134263,105665,120112,117683,123958,89333,84747,76962,54540,55120,65994,28994,40673,28588,23112
U:TATTC,80222,103148,156870,167358,143718,129975,121063,116580,106472,98301,78112,88575,87667,89881,63082,61574,59292,42282,42863,47552,23346,31891,20630,17985
U:TATTG,84237,30972,160467,172132,147957,133467,123744,119558,109629,100375,80563,92018,89536,91932,63780,63976,61534,43461,44459,48704,24972,32508,21035,18686
U:TATTT,224407,55092,450309,493027,415696,385338,350201,342134,318770,285854,226259,261663,245386,264755,185337,180710,172888,127338,134308,140732,79240,93453,62460,54749
U:TCCAA,66648,49460,135553,138652,117501,101278,98791,94896,88762,82041,67476,76713,76806,75867,48763,50627,52522,43355,44188,39594,28279,31918,18374,19544
U:TCCAC,52749,34263,120765,115046,96139,77515,79244,77254,77421,67803,60635,67775,68069,65346,39186,43663,47620,46793,48832,33425,39331,33002,17429,24850
U:TCCAG,81444,69368,199227,181598,151180,118751,124994,119687,123020,105181,96069,109049,110187,104496,59739,70211,78118,75593,82029,50964,63199,52429,26052,40434
U:TCCAT,84404,729008,168202,169704,143582,121546,120187,115633,110797,100614,86469,96780,95341,94453,59608,63300,65621,57488,56755,48802,40714,41184,22930,28160
U:TCCCA,99703,33340,242486,216590,182217,139946,149679,143974,151333,125946,118047,133061,131144,131361,70724,86635,95293,100012,109478,60677,89894,64618,30966,52261
U:TCCCC,58336,5930,138999,121998,100410,74430,83518,79968,83375,71504,69408,76267,80758,73218,41347,48596,54913,59231,64402,34265,55288,40657,20752,33601
U:TCCCG,15548,2226,38959,32483,25233,19732,21379,21402,25042,19109,19674,21345,21005,21216,12233,13700,15980,20499,23226,9320,22588,11884,7235,11507
U:TCCCT,82641,36702,189449,172281,145909,112524,118973,113992,115044,100988,93340,103154,107482,99439,55957,66153,73620,71128,76159,48957,57999,50753,25323,38737
U:TCCGA,6266,1175,15068,13566,10765,8727,9228,9487,9889,8408,7550,8568,8456,8058,5082,5524,6188,7015,7348,4030,6454,4268,2648,3757
U:TCCGC,10235,1166,26916,22154,17364,13711,14929,14796,16738,13330,13386,14534,14472,14502,8257,9660,11379,13415,15802,6340,14992,7969,4872,7816
U:TCCGG,7135,992,19637,16329,12576,10027,10572,10638,12371,10098,10333,10913,11352,10323,6763,7073,8573,10163,11470,4660,11039,6343,4193,6039
U:TCCGT,10705,58779,25564,23741,19150,15337,16066,15851,17381,14503,13325,14981,14035,14453,9088,9330,10862,12241,12683,7182,10829,7505,4718,6759
U:TCCTA,55723,13281,121632,119806,101661,85556,84823,81521,77486,69431,58701,66092,67947,66397,41811,45271,45909,36888,39112,33669,24481,27120,15118,17669
U:TCCTC,75353,12241,179055,162143,136143,106420,110914,109691,110496,97278,88417,96722,101337,95077,54953,62635,69182,68121,72700,46919,56338,47424,24562,36769
U:TCCTG,100010,26639,252733,227620,189027,145418,155447,150330,158422,133251,125060,141500,138859,134381,74280,90063,99718,103191,113106,64366,91602,68532,33866,57428
U:TCCTT,108752,111093,230905,227227,194975,160620,159066,155182,148703,133914,115147,130055,129149,126555,78830,86339,90031,74385,78134,64618,49612,54671,29994,36363
U:TCTAA,68298,10994,141746,151947,129158,116744,109098,105854,96909,88799,70359,80031,79123,81163,56474,55267,54148,39181,39532,43178,21675,29492,18987,16857
U:TCTAC,50057,14992,107810,106357,90324,77107,75261,72966,70152,61584,52522,57961,59358,60438,37126,40029,40831,35457,37990,29798,26719,24391,13421,16479
U:TCTAG,56598,15625,118223,119248,102259,85444,85509,81201,75957,69102,58334,65655,67004,64497,41717,44955,45654,35572,37438,33622,22161,26604,14976,16718
U:TCTAT,76933,95474,144822,155183,133424,121356,111813,108220,98629,92579,72156,81888,82865,84009,57306,57224,54579,40043,39917,44285,24598,30143,19529,17192
U:TCTCA,100149,15609,229485,222152,187719,155205,154989,150176,147166,129768,111679,126895,125434,126599,76167,84346,88088,81706,85129,62398,63083,56114,30239,39380
U:TCTCC,84803,14639,198607,181853,152240,119698,125137,122689,125234,106899,96158,109274,111582,107770,60512,70993,77559,75818,83427,51556,65516,51567,26510,40127
U:TCTCG,17632,1956,42773,37470,30309,23610,24854,24987,28005,21288,20982,24058,22077,24205,13279,15625,17645,20145,23421,10484,21056,12248,7130,11173
U:TCTCT,132504,27518,291707,278507,237638,194360,196216,189000,185375,163278,141660,159245,161815,160383,95836,106416,111265,99035,102945,78975,78858,68790,38898,48668
U:TCTGA,82302,12104,183949,184765,157122,130023,130005,124893,118160,107504,92118,103200,104804,99862,64186,68188,71321,59843,62093,52940,40171,44317,24414,29420
U:TCTGC,71992,8488,172062,163379,135275,107920,112664,107914,108891,95803,86221,97719,97648,91981,54443,62778,67897,66309,69802,46534,50859,45533,23976,35555
U:TCTGG,75494,7698,179546,168440,141703,108923,115406,110062,110489,96438,89328,100045,102814,94555,55119,64844,72476,67211,71968,46578,53483,48479,24454,36693
U:TCTGT,117633,30476,260929,257398,216433,178130,178929,172811,171215,150117,131727,149010,145348,143825,89119,97282,102986,90985,93800,73469,68045,64131,34629,46086
U:TCTTA,78708,10939,166897,175897,150025,133138,125625,123101,113796,102843,83068,95186,92070,96069,64782,65344,63996,47871,48950,50733,26392,35243,22517,20996
U:TCTTC,98734,26268,209943,209139,178304,149734,147094,144066,136290,124048,103817,116590,118124,115998,72566,78581,81062,66632,70273,59558,43988,48979,28060,32089
U:TCTTG,91052,19047,201189,198015,168975,137689,138214,133903,130885,115520,100874,114560,110330,111915,67957,77278,79807,70963,73665,55791,51518,49284,26781,34476
U:TCTTT,184557,34783,372106,387188,329733,284839,272412,265733,250736,225058,187466,212106,204078,210493,138563,146342,144872,110728,116035,109303,71065,80558,51147,51045
U:TGCAA,73354,10645,153100,157236,131716,113853,111391,107104,102725,93577,77508,89328,85247,88327,55867,58438,59907,54720,54330,45297,39109,37627,21135,24508
U:TGCAC,51588,12292,120955,116494,94550,77530,79495,77971,80195,69342,60738,70786,67601,67253,40033,44051,48046,50772,51474,33994,41558,33121,17504,26239
U:TGCAG,86374,20729,213443,201476,165706,131298,137965,132678,138618,119273,106463,123812,119109,115683,67954,77709,86605,88427,92243,57774,72322,58899,30007,47167
U:TGCAT,77629,84719,156496,168368,140132,120531,117758,112781,108651,99817,81814,94515,89379,89605,60579,60749,62057,53934,50964,48971,33267,38684,22809,25010
U:TGCCA,74564,38083,169690,161799,137431,108506,112990,107229,107827,93836,84532,94729,96185,91563,54222,62687,67144,63812,67102,45447,46537,44781,22390,33419
U:TGCCC,57755,11310,149987,130747,108078,79016,87495,84000,90534,74496,74384,81876,85311,76931,40749,52649,59407,66169,71809,36074,58839,43398,20498,38532
U:TGCCG,8825,1171,23946,20830,16271,13209,13558,13591,15616,12909,12581,13903,13711,12607,7610,8653,9772,12648,13093,6267,11204,7468,4640,7133
U:TGCCT,96443,15834,236079,215635,181499,141197,147375,142607,147178,125012,116168,131941,130269,127402,70901,85805,93902,94104,101745,60580,77561,62536,31413,50501
U:TGCGA,6956,6192,16235,15417,12358,10273,10567,10301,11018,9518,8610,9551,9394,9047,5877,6251,6774,7517,7855,4482,6777,4749,2955,4123
U:TGCGC,7693,1234,20970,17814,13960,10835,11737,11688,13490,10671,10771,11731,11566,11447,6395,7432,8527,11003,12367,5139,11942,6400,3639,6265
U:TGCGG,9345,1250,24714,20771,16032,13272,14071,13814,16225,13290,12828,13965,14655,12868,8269,8736,10652,13241,13979,6108,13553,7655,5065,7653
U:TGCGT,9901,1567,23795,22517,17685,14780,15001,15171,16378,14107,12545,14608,13438,12892,8478,8749,9800,11655,11398,7002,9678,7331,4501,6147
U:TGCTA,57485,9298,117162,120897,103548,89694,86766,83212,77461,70887,58119,65968,66235,66412,43341,45059,45084,35288,35733,34132,20123,26031,14932,15992
U:TGCTC,55393,10072,137902,125846,104014,82639,86288,82394,83129,73884,65866,74223,75019,70402,41669,47480,52108,50224,53098,35997,36881,35432,18124,27171
U:TGCTG,93757,13979,225004,211709,176702,139168,145306,140306,141200,123539,112249,127311,126424,118955,70869,81866,88326,87673,91501,60494,67591,60615,30825,48288
U:TGCTT,96921,17021,210117,213432,179568,151606,149230,145251,138943,124471,105211,120624,116504,116050,75044,80420,82221,69221,71050,61263,41776,49577,27995,33111
U:TGTAA,92106,31137,196984,206120,174022,153138,146377,143039,135781,120616,98854,112905,106633,114083,76399,77117,77066,62231,65163,58416,43274,43492,26392,27858
U:TGTAC,48597,11425,95136,98760,83614,70917,69875,67360,63679,57597,48130,54387,52859,53575,35919,36893,37496,30565,30969,28037,19381,21680,12596,13969
U:TGTAG,66672,13425,141338,142788,121022,102102,99332,97209,93838,82368,71078,79741,76566,78129,50331,53851,55880,46103,47526,40068,31056,32397,18401,22105
U:TGTAT,108367,40827,212260,226734,191311,170727,161127,155946,147381,131442,108550,122713,116815,123035,84821,83945,83400,63436,67206,64083,41626,45882,29390,28916
U:TGTCA,74999,17566,160792,163312,137534,116168,114025,111196,108045,96008,81394,92638,89258,88371,58467,60876,62749,54911,54574,47531,37586,38903,22076,26865
U:TGTCC,53778,18320,124565,117269,97319,76316,80535,76692,78768,69059,62874,70446,71289,64853,39556,44818,48695,47995,50373,34044,39918,34144,17968,26847
U:TGTCG,8727,2972,20815,19063,15028,12382,12635,12417,13808,11240,10245,11920,11152,11395,6922,7533,8488,9715,10379,5645,8967,6012,3564,5346
U:TGTCT,101189,21575,220096,216680,183592,150907,151721,145764,144088,126875,109550,124849,122838,121146,75057,82045,85853,76758,78067,61861,58059,53804,29438,38587
U:TGTGA,89697,16113,196928,199293,168457,141344,138789,134689,132315,117143,100613,114279,110387,109422,70775,74352,78839,68557,68554,57151,50838,48307,28096,34156
U:TGTGC,63840,13267,148013,142264,118201,95798,99772,94342,96506,85636,75745,86620,84490,80280,48804,54567,59039,58449,59620,41886,42525,40468,21277,31347
U:TGTGG,80634,19847,192805,182335,152829,121257,125023,121860,124223,107333,98002,110126,108581,101525,62472,70247,77858,73371,76202,51967,60292,51791,27914,40986
U:TGTGT,132467,25382,282606,288942,236177,197997,199379,192179,192160,170140,146108,168437,156546,156682,104646,105240,113304,100826,102297,84960,71315,72686,43560,51744
U:TGTTA,81841,23274,168682,180779,153368,136171,128361,125168,116303,104387,84829,97240,92609,97024,66992,67053,65407,48617,49897,51996,27424,36091,22926,21726
U:TGTTC,77441,19030,158376,161361,137632,115695,114103,110095,105372,95076,79875,91053,88942,87763,57517,60953,62057,50768,51528,46672,32634,37736,21450,24815
U:TGTTG,97681,17892,205597,204059,173505,142994,143306,139203,136412,119194,103689,118323,111353,114544,71686,79527,81547,71661,74469,58385,51804,50324,28413,34910
U:TGTTT,171140,34298,347694,370199,312763,269829,259858,253669,240351,213489,178394,204712,189191,198702,135131,137201,138073,109660,112605,105731,68131,79285,47879,49231
U:TTCAA,103256,87352,207515,219012,185294,168127,156476,152107,140937,128522,102721,117085,113901,119864,80614,80112,78487,62668,64839,62210,41136,45607,28425,27450
U:TTCAC,71827,25611,154362,156428,131297,112039,109126,106558,103114,92010,77785,87917,85863,87729,56078,58639,60327,53550,54953,45188,39644,37646,21729,26181
U:TTCAG,96024,20353,207941,211089,179333,150532,148134,144037,136712,122515,103733,117678,115437,114041,75792,79108,80706,66294,68450,60399,42560,48755,27746,31587
U:TTCAT,118827,85133,237353,253181,214551,191227,179904,174869,163047,149089,121620,137317,132755,135444,92817,92371,90974,70279,69544,73704,41935,52602,32458,31109
U:TTCCA,101868,698101,209923,211555,179766,152390,149811,144514,138371,125258,106290,120139,118000,116526,75156,78595,81824,68833,69405,61109,45402,49841,28767,32301
U:TTCCC,79650,36934,176560,166054,140793,110273,116879,111611,110335,97948,88332,98788,99429,95063,56351,63748,69623,65155,68370,47490,47999,46606,23814,33503
U:TTCCG,8736,52644,20703,19289,15414,12533,12957,13144,13908,12058,10626,12111,11645,11451,7651,7889,9085,9699,9838,5868,8723,5973,3994,5068
U:TTCCT,125765,113456,274061,269398,229451,188796,187359,183053,176223,158577,136930,154177,153226,149943,92869,101078,106181,89425,93770,76544,61224,65453,36089,43916
U:TTCGA,9536,176695,21065,19699,16161,13234,13333,13759,13801,11691,10280,12003,11153,12015,7542,7757,8666,8802,9518,5651,8156,5686,3264,4360
U:TTCGC,6621,6503,14909,13709,11075,8953,9188,9365,9769,8141,7495,8733,8225,8398,4946,5457,6054,6823,7331,4077,6067,4120,2271,3487
U:TTCGG,8002,3323,18275,16729,13586,10955,11543,11553,11895,10326,9248,10457,10203,9848,6150,6411,7418,7920,8340,5043,6716,5034,3052,4051
U:TTCGT,11583,26894,23671,24696,20017,16827,16820,16732,16711,14883,12472,14235,13091,13522,9422,9265,10392,9396,9365,7320,6415,6044,4137,4560
U:TTCTA,95449,91186,190381,204631,174057,156171,146419,141928,130512,119400,95643,108271,107264,108373,75147,75077,72634,51910,53727,58208,29531,40185,25203,22629
U:TTCTC,115800,21104,249537,246251,209916,174641,173707,168262,162512,144434,123647,140069,139326,138447,85166,93319,96096,82885,86857,69917,58966,59058,33310,39795
U:TTCTG,122955,17785,262687,267419,226205,188854,187539,182132,173683,155670,133281,151449,147713,144324,93604,100289,105027,85983,88954,76359,56433,62478,35910,42032
U:TTCTT,181189,37760,369958,386620,329807,286151,272392,267549,249952,225923,186312,211904,202236,211234,138712,145473,144106,109946,115776,109795,68463,80500,51258,50284
U:TTTAA,171536,32990,354881,396474,332890,306671,280778,275730,253287,228541,179626,206938,191248,209233,151169,143373,136920,97463,101241,113549,50639,72919,49956,40208
U:TTTAC,78439,12661,161398,172658,146971,132813,122893,120273,110576,101231,81278,91423,88608,92021,64704,63497,61729,45047,46415,49362,25060,34039,21972,19639
U:TTTAG,96494,12824,203855,215603,180959,159568,150489,148427,138830,123025,101667,116428,110371,116663,78461,80383,79741,60518,65767,60604,38589,43407,27012,27618
U:TTTAT,194573,72277,385047,421844,357637,329035,300313,292814,270866,245815,195059,223320,212988,225606,159169,154743,148888,107058,110606,120303,63600,79503,52948,45665
U:TTTCA,147587,91244,295951,318748,267685,238706,224208,219530,205776,185791,150523,172826,162388,170572,116762,116654,115047,89461,91647,92472,55736,65931,41793,40291
U:TTTCC,118349,102040,247860,251739,213178,178882,177199,172564,164233,147277,125356,142435,137931,138216,89127,93751,98025,79724,81671,72601,50576,58410,33444,37453
U:TTTCG,11760,39761,23917,24223,19537,16309,16472,16509,16569,14262,12363,14311,12954,13857,8962,9199,10253,9702,10107,7087,7487,6231,3943,4766
U:TTTCT,217239,42037,441778,464529,394574,343320,327514,319604,300569,270541,222990,255366,243719,250709,167541,172949,172228,132152,138088,132046,84248,96934,61427,60079
U:TTTGA,131618,82201,269265,282857,240132,208719,199513,194995,183042,163866,136338,155330,147095,153615,101933,105950,105773,82978,87142,80314,52606,59756,36058,38178
U:TTTGC,91818,20351,184316,192637,163925,140101,137112,132107,125828,112893,94158,108620,104475,103725,68358,71691,73220,60101,60321,55535,36289,43922,25215,27746
U:TTTGG,112986,18866,238290,240157,205041,169236,169339,163459,157700,137488,120412,136687,131365,132729,83695,92562,95319,79372,83356,67071,54009,56268,31569,37288
U:TTTGT,174891,26198,348793,365040,310177,267238,256451,249480,238615,210262,177991,202816,190598,198663,130270,138242,138193,109992,116303,102874,74847,78863,46865,50723
U:TTTTA,224480,59326,462242,507382,425493,387814,357274,350670,327622,291556,234032,270274,247863,271525,190710,186954,180347,132369,141131,144315,80436,97237,64099,57128
U:TTTTC,188268,40357,375208,402391,339627,299277,283422,277098,259897,233434,191172,219692,206358,215548,146312,148983,147861,110793,115352,115380,66957,82341,52104,49693
U:TTTTG,194939,36423,392109,409823,347012,299314,288064,281651,268172,235694,200423,228970,211257,224913,145513,156282,156325,125200,134422,115865,87966,88474,52973,57494
U:TTTTT,466920,87267,1021445,1031968,870262,737677,716299,702290,688090,583430,508800,587533,529577,592050,359768,403171,407988,356086,395374,284706,282366,233943,134856,165642
