 ,X,1,2,3,4,5,6,7,8,9,10,11,12,13,14,15,16,17,18,19,20,21,22
B:AACAA,0.02784116841624829,0.0754602160352959,0.12673056443024494,0.0689183021451392,0.04381560931081698,0.05826867488209341,0.05309599878289974,0.056899437091130385,0.03773010801764795,0.03818652061463563,0.038642933211623307,0.052639586185912066,0.05933363760839799,0.01810436634717785,0.03514376996805112,0.03818652061463563,0.027689030883919063,0.04944469800699833,0.018560778944165527,0.032861706983112735,0.016430853491556367,0.00836756427810741,0.01764795375019017
B:AACAC,0.024395003903200624,0.08801717408274785,0.11358313817330211,0.058352849336455896,0.04137392661982826,0.05327868852459016,0.05230288836846214,0.05542544886807182,0.03747072599531616,0.04488680718188915,0.03551912568306011,0.06108508977361436,0.056010928961748634,0.015417642466822794,0.034738485558157686,0.03551912568306011,0.032201405152224825,0.058352849336455896,0.020101483216237316,0.03961748633879782,0.019320843091334895,0.00585480093676815,0.01717408274785324
B:AACAG,0.02885345482156416,0.07960010124019236,0.11250316375601113,0.06821057960010124,0.044798785117691725,0.06314856998228296,0.05618830675778284,0.05340420146798279,0.030372057706909643,0.036952670210073396,0.03619336876740066,0.05985826373070109,0.0545431536319919,0.015692229815236648,0.03492786636294609,0.034674765882055175,0.02809415337889142,0.057200708681346496,0.019615287269045812,0.04125537838521893,0.01657808149835485,0.007719564667172867,0.019615287269045812
B:AACAT,0.030517980864401186,0.08990432200593863,0.11580336522599802,0.07241834378093039,0.042725173210161664,0.05097327614648631,0.05658198614318707,0.0557571758495546,0.033322335862751566,0.0395908940943583,0.036291652919828436,0.060376113493896405,0.054767403497195645,0.01699109204882877,0.03563180468492247,0.03117782909930716,0.025239194985153413,0.05295282085120422,0.01979544704717915,0.04025074232926427,0.016661167931375783,0.006928406466512702,0.01534147146156384
B:AACCA,0.02987590010724682,0.08518461774168837,0.1274705071242531,0.0617435268883101,0.04167305040600582,0.05377662019304428,0.05285736172820591,0.047188601195036005,0.03891527501149073,0.038302436034931824,0.036617128849394824,0.06649302895664164,0.05009958633369082,0.015014554925693275,0.037076758081814,0.03186762678106327,0.030795158572085184,0.05255094223992646,0.015014554925693275,0.04320514784740309,0.018538379040907,0.007813696951126091,0.017925540064348093
B:AACCC,0.025895068678225625,0.07993695113713127,0.09299707273136681,0.059671245215041656,0.0369286196802522,0.058995721684305336,0.05269083539743301,0.04571042557982436,0.038054492231479393,0.046611123620806126,0.03602792163927043,0.06417473541995046,0.05336635892816933,0.013735645124971853,0.03827966674172484,0.027921639270434586,0.03355100202657059,0.0655257824814231,0.015311866696689935,0.0677775275838775,0.017563611799144337,0.006755235307363206,0.02251745102454402
B:AACCG,0.03898213318895506,0.08391987005955603,0.09149972929074174,0.06009745533297239,0.03519220357336221,0.036816459122902004,0.046561992420140766,0.06442880346507851,0.04710341093665403,0.033567948023822416,0.03086085544125609,0.05793178126691933,0.056307525717379535,0.01353546291283162,0.03140227395776936,0.03519220357336221,0.04385489983757444,0.0676773145641581,0.012994044396318355,0.06280454791553872,0.02490525175961018,0.005955603681645912,0.018408229561451002
B:AACCT,0.03054168267383788,0.08009988474836727,0.11813292354975029,0.07356895889358432,0.03438340376488667,0.040914329619669614,0.04859777180176719,0.041298501728774493,0.042835190165194006,0.040530157510564734,0.039377641183250094,0.05762581636573185,0.05416826738378794,0.013830195927775643,0.033038801383019595,0.028812908182865925,0.033038801383019595,0.0695351517479831,0.014598540145985401,0.06050710718401844,0.01863234729158663,0.008259700345754899,0.017671917018824434
B:AACGA,0.032137118371719335,0.08891269416175683,0.10712372790573112,0.06213176218532405,0.04017139796464917,0.07070166041778254,0.05463310123192287,0.05356186395286556,0.036957686127477234,0.03802892340653455,0.033743974290305304,0.04713444027852169,0.05088377075522228,0.016604177825388325,0.03481521156936261,0.032137118371719335,0.031065881092662024,0.05195500803427959,0.016068559185859668,0.04284949116229245,0.018746652383502947,0.006963042313872523,0.03267273701124799
B:AACGC,0.032078963602714373,0.08760024676125848,0.08019740900678593,0.06230721776681061,0.03146206045650833,0.04133251079580506,0.04256631708821715,0.06724244293645898,0.03824799506477483,0.0431832202344232,0.032078963602714373,0.05305367057371992,0.055521283158544106,0.00987045033929673,0.03392967304133251,0.032078963602714373,0.03639728562615669,0.0795805058605799,0.019123997532387416,0.06107341147439852,0.033312769895126465,0.007402837754472548,0.020357803824799507
B:AACGG,0.03266972945380296,0.08473711077080143,0.08626850433894845,0.0444104134762634,0.039305768249106685,0.06891271056661562,0.05257784583971414,0.05308831036242981,0.034201123021949976,0.042368555385400714,0.04134762633996937,0.055130168453292494,0.055640632976008166,0.017866258295048495,0.03573251659009699,0.03522205206738132,0.026544155181214904,0.06891271056661562,0.01582440020418581,0.055130168453292494,0.019908116385911178,0.008677896886166412,0.025523226135783564
B:AACGT,0.024483133841131665,0.07834602829162132,0.10935799782372144,0.051686615886833515,0.031011969532100107,0.07290533188248095,0.046789989118607184,0.04570184983677911,0.05386289445048966,0.033188248095756254,0.04842219804134929,0.051142546245919476,0.05005440696409141,0.014145810663764961,0.035908596300326445,0.031011969532100107,0.0397170837867247,0.0544069640914037,0.015778019586507073,0.04787812840043525,0.021218715995647442,0.007072905331882481,0.035908596300326445
B:AACTA,0.03563129357087529,0.09217660728117738,0.13245546088303642,0.06816421378776143,0.041828040278853604,0.061967467079783116,0.06429124709527498,0.04841208365608056,0.032532920216886134,0.030209140201394268,0.03679318357862122,0.05305964368706429,0.061192873741285826,0.015491866769945779,0.03369481022463207,0.03292021688613478,0.019364833462432222,0.04918667699457785,0.016266460108443067,0.03679318357862122,0.01820294345468629,0.006196746707978312,0.013168086754453912
B:AACTC,0.03466768818234055,0.07642214135223137,0.10572687224669604,0.06722850028730128,0.04213752154759624,0.04807508140203026,0.057460256655813065,0.0563110515226968,0.03581689331545681,0.03409308561578242,0.040605248036774566,0.0563110515226968,0.04903275234629381,0.014365064163953266,0.03734916682627849,0.03505075656004597,0.029879333461022794,0.06454702164336334,0.01838728212986018,0.050373491668262785,0.01953648726297644,0.007086764987550277,0.01953648726297644
B:AACTG,0.028855582014287715,0.08124387169071298,0.1110799831909231,0.06303403838072559,0.0396414063594341,0.05518980249334641,0.06149320633141896,0.05799131531026754,0.03277769995797731,0.03683989354251296,0.03726012046505113,0.05967222300042023,0.05603025633842275,0.02115142176775459,0.040201708922818324,0.032357473035439135,0.027594901246673204,0.05981229864126628,0.014848017929682029,0.03852080123266564,0.017649530746603165,0.008684689732455526,0.018069757669141335
B:AACTT,0.027676499834272457,0.07159429897248923,0.12761020881670534,0.06662247265495526,0.04391779913821677,0.05369572422936692,0.06015909844216109,0.0575074577394763,0.04076897580377859,0.035299966854491216,0.03745442492542261,0.05170699370235333,0.05585018230029831,0.020715942989724893,0.036128604574080216,0.033642691415313224,0.02684786211468346,0.05286708650977792,0.018561484918793503,0.0382830626450116,0.0190586675505469,0.00944647000331455,0.014584023864766324
B:AATAA,0.03072371415566682,0.06690942193900774,0.14110150204824762,0.07988165680473373,0.05097860719162494,0.05530268548020027,0.05370960400546199,0.06053709604005462,0.03618570778334092,0.033682294037323625,0.03982703686845699,0.05598543468365953,0.06554392353208921,0.021392808375056895,0.034365043240782885,0.03504779244424215,0.020710059171597635,0.04164770141101502,0.01570323167956304,0.026627218934911243,0.014110150204824761,0.009558488848429678,0.010468821119708694
B:AATAC,0.035333536399634484,0.07279926896131587,0.14072494669509594,0.06883947608894304,0.049345111178799875,0.04233932378921718,0.06213828815108133,0.05970149253731343,0.038684130368565335,0.038684130368565335,0.04447151995126409,0.05909229363387146,0.05909229363387146,0.014316174230886384,0.035333536399634484,0.035333536399634484,0.017971367651538228,0.04447151995126409,0.017057569296375266,0.031982942430703626,0.016448370392933294,0.008528784648187633,0.007310386841303686
B:AATAG,0.04085195530726257,0.08589385474860335,0.11941340782122906,0.07087988826815643,0.04993016759776536,0.05342178770949721,0.06599162011173185,0.05272346368715084,0.03596368715083799,0.03212290502793296,0.0335195530726257,0.058310055865921785,0.07087988826815643,0.018854748603351956,0.03770949720670391,0.03247206703910614,0.019902234636871508,0.042946927374301676,0.018505586592178772,0.024441340782122904,0.012220670391061452,0.009427374301675978,0.01361731843575419
B:AATAT,0.034074074074074076,0.07174603174603175,0.16,0.06772486772486773,0.047619047619047616,0.05523809523809524,0.054391534391534394,0.05566137566137566,0.03851851851851852,0.040846560846560846,0.03957671957671958,0.052698412698412696,0.07047619047619047,0.016296296296296295,0.033862433862433865,0.027301587301587302,0.026455026455026454,0.037037037037037035,0.017566137566137566,0.026455026455026454,0.014814814814814815,0.004656084656084656,0.006984126984126984
B:AATCA,0.030679465462074156,0.08112177677395069,0.11857707509881422,0.07453416149068323,0.045548654244306416,0.06568793525315264,0.062111801242236024,0.056841709015622056,0.039337474120082816,0.03256164125729343,0.04084321475625823,0.05420666290231508,0.06117071334462639,0.019386410690758516,0.032373423677771504,0.03256164125729343,0.021080368906455864,0.042348955392433656,0.015998494259363824,0.03162055335968379,0.0178806700545831,0.010351966873706004,0.013175230566534914
B:AATCC,0.031185460553490293,0.09376290788930194,0.10140437835605122,0.07104502271788517,0.03965303593556382,0.04708798017348203,0.05596860801321768,0.04584882280049566,0.032631144155307726,0.03531598513011153,0.04419661296984717,0.05679471292854193,0.059686080132176786,0.020446096654275093,0.03325072284180091,0.03717472118959108,0.027881040892193308,0.0563816604708798,0.020239570425444033,0.04688145394465097,0.021065675340768277,0.007641470466749277,0.014456836018174308
B:AATCG,0.045317220543806644,0.07326283987915408,0.13444108761329304,0.05362537764350453,0.03323262839879154,0.04607250755287009,0.04380664652567976,0.0445619335347432,0.05966767371601209,0.03625377643504532,0.04607250755287009,0.045317220543806644,0.06117824773413897,0.015105740181268883,0.03474320241691843,0.03474320241691843,0.022658610271903322,0.06646525679758308,0.01283987915407855,0.0377643504531722,0.024924471299093656,0.004531722054380665,0.023413897280966767
B:AATCT,0.029383705399732875,0.07536729631749665,0.128410608662469,0.06639954207212365,0.035107803854226294,0.05647777141766838,0.06410990269032628,0.054188132035871014,0.042549131845067735,0.038542262926922345,0.03949627933600458,0.05399732875405457,0.052089295935890095,0.016790688799847357,0.037969853081473,0.03415378744514406,0.03186414806334669,0.05495134516313681,0.01793550849074604,0.03587101698149208,0.01316542644533486,0.007441327990841442,0.013737836290784202
B:AATGA,0.031886500913049586,0.07388678185138361,0.11125158027812895,0.07739851102682961,0.04523107177974434,0.055344851805028794,0.06447534766118837,0.05379969096783256,0.03581963758954909,0.03666245259165613,0.03497682258744206,0.06124455681977806,0.06082314931872454,0.01685630004214075,0.033291192583227984,0.035538699255513416,0.026689141733389522,0.056890012642225034,0.015592077538980193,0.0330102542491923,0.01390644753476612,0.006321112515802781,0.019103806714426182
B:AATGC,0.032395732298739086,0.07061105722599419,0.10746847720659554,0.07468477206595538,0.03918525703200776,0.06692531522793405,0.05935984481086324,0.046362754607177495,0.03860329776915616,0.038409311348205626,0.04190106692531523,0.058389912706110575,0.060911736178467506,0.01687681862269641,0.03375363724539282,0.02967992240543162,0.02521823472356935,0.05761396702230844,0.017652764306498547,0.04034917555771096,0.01842870999030068,0.007371483996120271,0.017846750727449078
B:AATGG,0.028095892502672165,0.0786379599938922,0.1139105206901817,0.06642235455794777,0.043823484501450606,0.055275614597648494,0.05939838143227974,0.04611391052069018,0.04107497327836311,0.03756298671552909,0.04275461902580547,0.06565887921820125,0.060772637043823484,0.017865322950068714,0.03527256069628951,0.0320659642693541,0.02824858757062147,0.053595968850206135,0.01603298213467705,0.03725759657963048,0.01817071308596732,0.006565887921820125,0.015422201862879828
B:AATGT,0.028514588859416445,0.07576259946949603,0.11753978779840848,0.07659151193633952,0.04509283819628647,0.0629973474801061,0.05056366047745358,0.05072944297082228,0.033819628647214856,0.034814323607427054,0.03879310344827586,0.05653183023872679,0.05454244031830239,0.01856763925729443,0.034814323607427054,0.03216180371352785,0.01856763925729443,0.04724801061007958,0.020557029177718834,0.06996021220159152,0.013262599469496022,0.005139257294429708,0.013428381962864722
B:AATTA,0.03446054750402577,0.07053140096618357,0.14235104669887277,0.07375201288244766,0.04541062801932367,0.05410628019323672,0.060225442834138485,0.05410628019323672,0.03671497584541063,0.03832528180354267,0.04219001610305958,0.05281803542673108,0.06859903381642513,0.019001610305958132,0.03285024154589372,0.032528180354267314,0.017391304347826087,0.0392914653784219,0.02608695652173913,0.030273752012882446,0.012560386473429951,0.00644122383252818,0.00998389694041868
B:AATTC,0.03234649122807018,0.0668859649122807,0.12609649122807018,0.08187134502923976,0.04057017543859649,0.05281432748538012,0.06048976608187134,0.04733187134502924,0.034722222222222224,0.03453947368421053,0.04751461988304093,0.05555555555555555,0.05665204678362573,0.02138157894736842,0.03435672514619883,0.03179824561403509,0.019554093567251463,0.04641812865497076,0.02540204678362573,0.0533625730994152,0.012609649122807017,0.006030701754385965,0.011695906432748537
B:AATTG,0.03415369161225515,0.06629834254143646,0.14841788046207935,0.06403817177297841,0.043194374686087396,0.053490708186840784,0.06378704168759418,0.048468106479156205,0.029884480160723256,0.03591160220994475,0.03641386238071321,0.05650426921145153,0.06403817177297841,0.019839276745354094,0.03365143144148669,0.03239578101456554,0.023857358111501758,0.052737317930688095,0.026117528879959818,0.03214465092918132,0.013309894525364139,0.008287292817679558,0.013058764439979909
B:AATTT,0.029830957905203844,0.06347364932051706,0.13208485250248592,0.07159429897248923,0.048226715280079546,0.05899900563473649,0.0573417301955585,0.06015909844216109,0.03297978123964203,0.03944315545243619,0.04176334106728538,0.05319854159761352,0.06695392774279085,0.02154458070931389,0.03480278422273782,0.02916804772953265,0.022207490884985085,0.04441498176997017,0.02502485913158767,0.03297978123964203,0.013092475969506133,0.008120649651972157,0.012595293337752734
B:ACCAA,0.028000629227623093,0.08054113575585968,0.12804782129935505,0.061035079439987414,0.04310209218184678,0.046090923391536885,0.05191127890514394,0.05584395154947302,0.03680981595092025,0.038382885008651876,0.0374390435740129,0.06292276230926537,0.05804624823029731,0.01557338367154318,0.0374390435740129,0.031775994966179014,0.02973100519112789,0.05946201038225578,0.016202611294635835,0.038540191914425044,0.015887997483089507,0.007708038382885009,0.019506056315872267
B:ACCAC,0.024030037546933666,0.08948685857321652,0.10075093867334167,0.05506883604505632,0.034292866082603256,0.04893617021276596,0.05281602002503129,0.0707133917396746,0.03416770963704631,0.03917396745932415,0.03954943679599499,0.07546933667083855,0.0493116395494368,0.01276595744680851,0.033917396745932415,0.03016270337922403,0.031914893617021274,0.05619524405506884,0.014392991239048811,0.05381727158948686,0.01939924906132666,0.00888610763454318,0.024780976220275343
B:ACCAG,0.025975270775424136,0.08856512987635387,0.10064219304131122,0.05492188248825841,0.035847790664238474,0.05712642576440142,0.05425093453464967,0.05108789418192274,0.039298380139940574,0.039394229847598966,0.03996932809354931,0.06450685325409758,0.05099204447426435,0.014089907025783572,0.034314195341704205,0.031247004696635675,0.035464391833604905,0.058851720502252465,0.015527652640659447,0.05444263394996645,0.02223713217674686,0.008626473689255247,0.02262053100738043
B:ACCAT,0.02654013189641306,0.09747466623773524,0.11146855396493485,0.06659160366736368,0.03619108894965417,0.04696799099244008,0.05404535949815023,0.05259771594016407,0.035386842528550747,0.0369953353707576,0.03506514396010938,0.06080102943541901,0.05356281164548818,0.014958983432523726,0.03506514396010938,0.0315264597072543,0.031043911854592248,0.0566189480456812,0.016728325558951262,0.05018497667685379,0.01978446195914428,0.008364162779475631,0.022036351938233875
B:ACCCA,0.025361250368622825,0.11604246534945444,0.08552049542907697,0.05529342376879976,0.03243880861102919,0.05440872898849897,0.05234444116779711,0.05750516071955176,0.03170156296077853,0.04202300206428782,0.03538779121203185,0.06664700678265999,0.05131229725744618,0.015187260395163668,0.037894426422884105,0.028162783839575347,0.03641993512238278,0.0631082276614568,0.014892362135063402,0.049248009436744324,0.018726039516366852,0.006340312592155706,0.02403420819817163
B:ACCCC,0.02302683817690964,0.09099571224392568,0.06669842782277274,0.041448308718437354,0.029537875178656504,0.06256947752898205,0.05208829601397491,0.05828172145466095,0.03255518500873432,0.04525964745116722,0.039383833571542,0.07003334921391138,0.053517548038748614,0.013657297125615373,0.03906622201048118,0.025091313323804987,0.046847705256471334,0.06828648562807686,0.011275210417659203,0.07082737811656345,0.023344449737970462,0.009051929490233444,0.027155788470700333
B:ACCCG,0.024948735475051265,0.10697197539302802,0.07894736842105263,0.041695146958304855,0.03520164046479836,0.060833902939166094,0.04818865345181134,0.05126452494873548,0.045112781954887216,0.04613807245386193,0.03861927546138073,0.05673274094326726,0.043745727956254275,0.015037593984962405,0.02836637047163363,0.02836637047163363,0.03793574846206425,0.07040328092959672,0.013328776486671223,0.05741626794258373,0.03007518796992481,0.009911141490088858,0.030758714969241284
B:ACCCT,0.029956709956709956,0.09696969696969697,0.07497835497835498,0.05194805194805195,0.034112554112554115,0.051255411255411255,0.04917748917748918,0.04554112554112554,0.04086580086580087,0.045021645021645025,0.03878787878787879,0.06233766233766234,0.04935064935064935,0.011255411255411256,0.03515151515151515,0.02632034632034632,0.06060606060606061,0.06891774891774892,0.011428571428571429,0.06285714285714286,0.019740259740259742,0.006753246753246753,0.02666666666666667
B:ACCGA,0.03528360875390799,0.09513175524787852,0.08485931219294328,0.051362215274676194,0.0321572130415364,0.03974988834301027,0.05225547119249665,0.062081286288521664,0.0562751228226887,0.03171058508262617,0.038856632425189816,0.058061634658329614,0.05493523894595802,0.00982581509602501,0.03126395712371594,0.034836980794997766,0.03394372487717731,0.06699419383653417,0.012505582849486378,0.04912907548012506,0.027244305493523895,0.01027244305493524,0.03126395712371594
B:ACCGC,0.02734375,0.09309895833333333,0.07063802083333333,0.0478515625,0.030598958333333332,0.0380859375,0.046549479166666664,0.06510416666666667,0.0400390625,0.037434895833333336,0.042643229166666664,0.061197916666666664,0.050455729166666664,0.015299479166666666,0.030924479166666668,0.027994791666666668,0.042643229166666664,0.07356770833333333,0.018229166666666668,0.072265625,0.033203125,0.008463541666666666,0.0263671875
B:ACCGG,0.028103877623621487,0.10779082177161152,0.09071504802561366,0.051227321237993596,0.024190679473496977,0.03913198150124511,0.04624688722874422,0.04375667022411953,0.04197794379224475,0.03770900035574529,0.03735325506937033,0.05869797225186766,0.04980434009249377,0.01672002845962291,0.03344005691924582,0.0288153681963714,0.04873710423336891,0.07257203842049093,0.016008537886873,0.07079331198861614,0.02632515119174671,0.004980434009249377,0.024902170046246886
B:ACCGT,0.025961984237366714,0.10013908205841446,0.08020398701900788,0.04357904496986555,0.027816411682892908,0.0584144645340751,0.048678720445062586,0.0593416782568382,0.020398701900788133,0.03662494204914233,0.039870190078813164,0.07695873898933704,0.05516921650440427,0.013908205841446454,0.02920723226703755,0.03337969401947149,0.037552155771905425,0.07232267037552156,0.015299026425591099,0.06073249884098285,0.023180343069077423,0.00880853036624942,0.03245248029670839
B:ACCTA,0.035421166306695465,0.08898488120950324,0.1265658747300216,0.06090712742980561,0.02937365010799136,0.04362850971922246,0.052699784017278616,0.058315334773218146,0.028077753779697623,0.039308855291576676,0.03844492440604751,0.07257019438444924,0.05356371490280778,0.01123110151187905,0.038876889848812095,0.02678185745140389,0.028077753779697623,0.0591792656587473,0.018574514038876888,0.041900647948164144,0.023758099352051837,0.005615550755939525,0.01814254859611231
B:ACCTC,0.02924451665312754,0.08042242079610074,0.08651502843216897,0.05578120769022475,0.03181695098835635,0.06959111833197942,0.04968860005415651,0.05551042512862172,0.036420254535607904,0.04156512320606553,0.03750338478202004,0.05713512049823991,0.04941781749255348,0.011643650148930408,0.03438938532358516,0.02843216896831844,0.04034660167885188,0.07608989981045221,0.015299214730571352,0.054562686163011104,0.02166260492824262,0.010695911183319794,0.02626590847549418
B:ACCTG,0.027009917704156994,0.09769993669550538,0.0967503692762186,0.05359780544418654,0.02943658999788985,0.0473728634733066,0.046001266089892384,0.049271998311880144,0.03924878666385313,0.04399662376028698,0.0361890694239291,0.06509812196665964,0.05106562565942182,0.010867271576281916,0.03545051698670606,0.03186326229162271,0.03967081662798059,0.07047900400928465,0.014138003798269677,0.054441865372441445,0.022473095589786874,0.010550749103186326,0.027326440177252585
B:ACCTT,0.026242127361791462,0.08344996501049685,0.10216934919524143,0.07085374387683695,0.029566130160951713,0.04776067179846046,0.05003498950314905,0.05195941217634709,0.04286214135759272,0.03691392582225332,0.04058782365290413,0.06700489853044087,0.06035689293212036,0.015745276417074877,0.03358992302309307,0.028166550034989503,0.03691392582225332,0.05318404478656403,0.015220433869839048,0.05983205038488453,0.020468859342197342,0.006473058082575227,0.020643806857942617
B:ACTAA,0.038072289156626506,0.08819277108433735,0.14024096385542167,0.07903614457831325,0.04481927710843373,0.060240963855421686,0.056385542168674696,0.05012048192771084,0.03518072289156626,0.02891566265060241,0.03903614457831325,0.04626506024096386,0.056385542168674696,0.018313253012048194,0.03325301204819277,0.03132530120481928,0.015421686746987951,0.041927710843373496,0.015903614457831325,0.042891566265060244,0.019759036144578312,0.006746987951807229,0.011566265060240964
B:ACTAC,0.034223956769738814,0.08826178324827379,0.10057039927949565,0.06124287000900631,0.03752626838787151,0.05223656559591714,0.04983488441909337,0.06094265986190333,0.024917442209546684,0.03272290603422396,0.036625637946562595,0.06934854398078655,0.05764034824377064,0.017111978384869407,0.03902731912338637,0.030621435004503154,0.027919543680576402,0.06094265986190333,0.022215550885619936,0.05043530471329931,0.018613029120384268,0.006304413089162414,0.020714500150105074
B:ACTAG,0.03650057937427578,0.10544611819235226,0.10254924681344148,0.05272305909617613,0.039397450753186555,0.06546929316338354,0.07184241019698726,0.047508690614136734,0.041135573580533026,0.03592120509849363,0.038238702201622246,0.060834298957126304,0.051564310544611816,0.016222479721900347,0.041135573580533026,0.03244495944380069,0.013325608342989572,0.06141367323290846,0.013904982618771726,0.0388180764774044,0.014484356894553883,0.004634994206257242,0.014484356894553883
B:ACTAT,0.038834951456310676,0.09133405249910104,0.11578568860122258,0.07011866235167206,0.04998202085580726,0.06400575332614168,0.05789284430061129,0.05537576411362819,0.027687882056814096,0.03272204243078029,0.030924128011506652,0.05645451276519238,0.06724199928083423,0.016181229773462782,0.036677454153182305,0.029845379359942466,0.02193455591513844,0.040992448759439054,0.018698309960445882,0.03631787126932758,0.01654081265731751,0.007910823444804028,0.01654081265731751
B:ACTCA,0.029146793852676205,0.1111111111111111,0.10033562974739445,0.06429959371135842,0.040098922451863625,0.06606606606606606,0.04663487016428193,0.04522169228051581,0.04115880586468822,0.036742624977919094,0.032679738562091505,0.058823529411764705,0.048754636989931106,0.011835364776541247,0.034976152623211444,0.029146793852676205,0.027733615968910087,0.05829358770535241,0.01483836777954425,0.057233704292527825,0.018901254195371843,0.004592828122239887,0.021374315491962552
B:ACTCC,0.030697813716681642,0.08640311470500149,0.08131176999101528,0.05525606469002695,0.031446540880503145,0.04567235699311171,0.04806828391734052,0.07352500748727164,0.03009883198562444,0.03878406708595388,0.040581012279125486,0.0645402815214136,0.055705300988319856,0.011979634621144056,0.03773584905660377,0.03324348607367475,0.042228212039532795,0.06828391734052111,0.017220724767894578,0.05076370170709793,0.02351003294399521,0.007786762503743636,0.025157232704402517
B:ACTCG,0.0248,0.0976,0.0896,0.0488,0.0384,0.0556,0.0512,0.0584,0.036,0.0372,0.0344,0.06,0.0564,0.0128,0.0272,0.0328,0.0424,0.0588,0.0128,0.0564,0.0312,0.006,0.0312
B:ACTCT,0.031462585034013606,0.09200680272108844,0.1032312925170068,0.06394557823129252,0.03826530612244898,0.049829931972789114,0.05969387755102041,0.05136054421768708,0.037244897959183676,0.03707482993197279,0.03945578231292517,0.061564625850340136,0.04965986394557823,0.015816326530612244,0.0380952380952381,0.03639455782312925,0.030272108843537416,0.058163265306122446,0.015136054421768708,0.04387755102040816,0.020578231292517006,0.008333333333333333,0.018537414965986394
B:ACTGA,0.02824074074074074,0.09459876543209876,0.12191358024691358,0.06604938271604938,0.04104938271604938,0.05,0.05478395061728395,0.05277777777777778,0.03225308641975309,0.03873456790123457,0.03641975308641975,0.06080246913580247,0.04969135802469136,0.019135802469135803,0.03256172839506173,0.028858024691358026,0.027160493827160494,0.061265432098765435,0.016203703703703703,0.04521604938271605,0.014506172839506172,0.007253086419753086,0.02052469135802469
B:ACTGC,0.027137042062415198,0.09547304798322437,0.08831873689404218,0.05785123966942149,0.049956827433082523,0.06808930553842359,0.04897002590354015,0.049093376094732945,0.035648205254718145,0.04082891328481559,0.03823855926976687,0.05674108794868632,0.05698778833107191,0.013938571604785987,0.04021216232885161,0.0303441470334279,0.033181201430862214,0.05464413469840878,0.012581719501665228,0.04440606882940668,0.022819785370667325,0.011224867398544468,0.02331318613543851
B:ACTGG,0.029275460608115745,0.0926867864812931,0.09924268113484797,0.06250706454165254,0.03187521193624958,0.04182208658302249,0.0510907652311518,0.055499039222335254,0.04351757657963151,0.03650955126031423,0.03650955126031423,0.06521984853622698,0.054368712557929244,0.014016050638634566,0.03730077992539844,0.029388493274556348,0.032666440601333786,0.05538600655589465,0.015485475302362382,0.06115067254436532,0.020006781959986435,0.008816547982366904,0.025658415282016504
B:ACTGT,0.028665145464917285,0.10011409013120365,0.10710211066742727,0.06374786081003993,0.04107244723331432,0.06175128351397604,0.050770108385624645,0.054335424985738734,0.0356531660011409,0.04150028522532801,0.03280091272104963,0.0638904734740445,0.05818596691386195,0.016828294352538506,0.033513976041072445,0.032515687393040504,0.022675413576725614,0.055191100969766115,0.015830005704506562,0.040359383913291504,0.015687393040501995,0.007843696520250997,0.019965772960638905
B:ACTTA,0.03291468168038112,0.06842789086184495,0.13209181463837158,0.07232568211346903,0.04893893460372455,0.056734517106972714,0.051104374187960155,0.056734517106972714,0.03204850584668688,0.038111736682546554,0.04677349501948896,0.0519705500216544,0.05283672585534863,0.01862278042442616,0.042009527934170635,0.02858380251190992,0.02338674750974448,0.049805110437418795,0.01862278042442616,0.042009527934170635,0.0173235166738848,0.009094846253789519,0.009527934170636639
B:ACTTC,0.021761524594385784,0.07777491630182848,0.10829255730105589,0.06399690960597476,0.03579706412567602,0.05330929693535926,0.0503476693278393,0.0610352819984548,0.04172031934071594,0.0339943342776204,0.042621684264743755,0.05871748647952614,0.059618851403553955,0.01931496265773886,0.03592583054339428,0.0333505021890291,0.030002575328354365,0.06039144990986351,0.014421838784445017,0.045068246201390674,0.021890291012104043,0.007725985063095545,0.022920422353850115
B:ACTTG,0.02973550188927222,0.0860850993921472,0.11302776408739938,0.06604238541153278,0.035156891736487596,0.06078528010514211,0.05782815837029735,0.05059963857401019,0.04402825694102185,0.03630688352226055,0.03532117627731231,0.05421389847215377,0.057499589288647936,0.015607031378347298,0.033349761787415805,0.029406932807622802,0.029899786430096928,0.05832101199277148,0.016264169541646133,0.03942828979793001,0.020864136684737966,0.007721373418761295,0.02250698209298505
B:ACTTT,0.027195648696208607,0.074708046712526,0.1430171172612382,0.0715085586306191,0.040633498640217564,0.05839065749480083,0.055991041433370664,0.05167173252279635,0.03663413853783395,0.038713805791073426,0.0379139337705967,0.054391297392417215,0.057430811070228766,0.02127659574468085,0.038713805791073426,0.030395136778115502,0.023196288593824988,0.04751239801631739,0.016317389217725162,0.03471444568868981,0.01743721004639258,0.006878899376099824,0.015357542793153095
B:AGCAA,0.031002724088727462,0.07990660267220133,0.10351537164353353,0.06784278116487223,0.04656894538850694,0.04864444156181087,0.05694642625502659,0.052665715397587236,0.03502399792450383,0.03852639771695421,0.03982358282526917,0.0598002334933195,0.05487093008172266,0.016344532364768453,0.038266960695291216,0.03709949409780776,0.029835257491244,0.05253599688675574,0.01647425087559995,0.04086133091192113,0.018420028538072383,0.011544947464003114,0.023479050460500712
B:AGCAC,0.023564803208824266,0.08673853096014039,0.0854850839809476,0.05490097768864377,0.03284031085485084,0.06091752318876911,0.04813236400100276,0.05803459513662572,0.036099273000752066,0.03785409877162196,0.03885685635497618,0.07608423163700176,0.05803459513662572,0.014539984958636249,0.03296565555277012,0.036224617698671344,0.0353472048132364,0.06192028077212334,0.01391326146903986,0.04687891702180998,0.021559288042115817,0.011657056906492855,0.027450488844321885
B:AGCAG,0.025162925416364952,0.08834178131788559,0.08091962346125996,0.05636012551291335,0.04398986241853729,0.04785179821385469,0.05123099203475742,0.04767076997344919,0.03445570842384745,0.039946898382814386,0.03831764421916486,0.06221337195269128,0.04984310885831523,0.013577118030412744,0.037171132029930005,0.038438329712768525,0.0426019792420951,0.07005792903692976,0.013034033309196235,0.0480328264542602,0.02280955829109341,0.01870625150856867,0.029266232198889693
B:AGCAT,0.028164881912864898,0.08948217691066451,0.10151092856095056,0.07158574152853162,0.03667302332404283,0.05354261405310254,0.05236907730673317,0.04855508288103271,0.031685492151973006,0.03872671263018923,0.03725979169722752,0.06513128942350008,0.05368930614639871,0.014815901422913304,0.040340325656447115,0.03549948657767346,0.028311574006161067,0.0608772187179111,0.01848320375531759,0.041807246589408834,0.019363356315094615,0.008214757224585595,0.023910811207275926
B:AGCCA,0.0287073065283182,0.11327280587980977,0.09321227842628621,0.05533938607868569,0.03476005188067445,0.045914396887159536,0.05352356247297881,0.049805447470817124,0.037008214440121055,0.03942931258106355,0.03942931258106355,0.06727194120190229,0.053264159100734974,0.012451361867704281,0.03432771292693472,0.03060959792477302,0.03432771292693472,0.059835711197578904,0.015045395590142672,0.049632511889321225,0.019801124081279722,0.008127972330306961,0.024902723735408562
B:AGCCC,0.02347508177794882,0.094766211275736,0.0764864344814316,0.04646911679815278,0.027996921300750433,0.045410813931114104,0.04848951318068116,0.04685395420434866,0.04531460457956513,0.045699441985761015,0.04031171829901867,0.06696170867808351,0.05349239946122763,0.011352703482778526,0.03800269386184337,0.028285549355397344,0.04329420819703675,0.06917452376370983,0.012988262459111026,0.06301712526457572,0.02761208389455455,0.01385414662305176,0.03069078314412161
B:AGCCG,0.019760592817784535,0.10849325479764393,0.07676230286908607,0.04370131103933118,0.03401102033060992,0.039331179935398065,0.04978149344480334,0.04883146494394832,0.05054151624548736,0.034771043131293936,0.04123123693710811,0.05358160744822345,0.05624168725061752,0.016910507315219456,0.030210906327189816,0.02698080942428273,0.04161124833745013,0.07125213756412692,0.0148204446133384,0.06384191525745772,0.03287098612958389,0.014250427512825384,0.030210906327189816
B:AGCCT,0.02898706896551724,0.08706896551724137,0.08771551724137931,0.05571120689655172,0.027262931034482758,0.050323275862068965,0.050323275862068965,0.04644396551724138,0.05420258620689655,0.03728448275862069,0.03803879310344828,0.0668103448275862,0.04956896551724138,0.011530172413793104,0.03351293103448276,0.02747844827586207,0.034913793103448276,0.07510775862068965,0.012176724137931035,0.05959051724137931,0.02564655172413793,0.010883620689655172,0.029418103448275862
B:AGCGA,0.030847457627118643,0.08135593220338982,0.08677966101694916,0.05220338983050848,0.04711864406779661,0.04203389830508475,0.04610169491525424,0.04440677966101695,0.06305084745762712,0.03593220338983051,0.03694915254237288,0.0488135593220339,0.05016949152542373,0.015254237288135594,0.03423728813559322,0.0335593220338983,0.031186440677966103,0.06983050847457627,0.013559322033898305,0.06576271186440678,0.029152542372881354,0.007457627118644068,0.03423728813559322
B:AGCGC,0.026029877772747848,0.08759619737437754,0.07220461747397013,0.0552286102308737,0.029198732458125848,0.0409687641466727,0.0504753282028067,0.054549569941149845,0.03712086917157085,0.030556813037573564,0.0409687641466727,0.05477591670439113,0.05024898143956542,0.015391579900407425,0.03508374830239928,0.03168854685377999,0.04549569941149841,0.07062019013128112,0.01561792666364871,0.07831598008148484,0.03417836124943413,0.008374830239927569,0.03531009506564056
B:AGCGG,0.032673457620603495,0.09167787814722275,0.06842206419373438,0.045550643859311936,0.029982702287142032,0.04747261195464155,0.04728041514510859,0.0572746492408226,0.04497405343071305,0.03286565443013646,0.03440322890640015,0.06150297905054776,0.05150874495483375,0.01422256390543917,0.03171247357293869,0.02517778204881799,0.06073419181241591,0.07476455890832212,0.016913319238900635,0.06265615990774553,0.03286565443013646,0.0046127234287910825,0.03075148952527388
B:AGCGT,0.018942383583267563,0.08918705603788477,0.08326756116811365,0.04814522494080505,0.032754538279400155,0.04025256511444357,0.04025256511444357,0.0643251775848461,0.054064719810576166,0.0351223362273086,0.039068666140489344,0.05288082083662194,0.05169692186266772,0.013417521704814523,0.033543804262036306,0.02999210734017364,0.06827150749802684,0.06748224151539069,0.01499605367008682,0.0611681136543015,0.025256511444356748,0.007103393843725336,0.028808208366219414
B:AGCTA,0.034383126264085524,0.12308581334874313,0.09794856977752095,0.06356544351343542,0.03524992776654146,0.044206876625252814,0.05085235481074834,0.04969661947414042,0.030626986420109796,0.03929500144466917,0.034672060098237506,0.06414331118173938,0.0569199653279399,0.013579890205143023,0.04276220745449292,0.03496099393238948,0.029182317249349898,0.058364634498699795,0.014157757873446981,0.03380525859578157,0.018780699219878648,0.015024559375902918,0.01473562554175094
B:AGCTC,0.022296434534917985,0.09458795796090758,0.07602396621157058,0.051861310283862094,0.028877320498968666,0.057459974462233575,0.050093311069639525,0.050191533248207444,0.042824869855613394,0.034377762498772224,0.037717316570081524,0.05962086239072783,0.05480797564089972,0.011491994892446714,0.03221687457027797,0.036047539534426874,0.049995088891071605,0.07513996660445929,0.01404577153521265,0.05127197721245457,0.027895098713289462,0.01080443964247127,0.030350653177487478
B:AGCTG,0.0233131159969674,0.09104119282284559,0.08042709123073036,0.05357594136972454,0.029125600202173363,0.0671594642405863,0.04454131918119788,0.04845842810209755,0.03348496335607783,0.03860247662370483,0.03904473085670963,0.0580616628759161,0.05458680818802123,0.011435430881981299,0.03449583017437453,0.03399039676522618,0.04637351528936063,0.08080616628759162,0.012130401819560273,0.04896386151124589,0.025650745514278494,0.013393985342431134,0.03133687136719737
B:AGCTT,0.0269390942217595,0.08524206142634044,0.09916710046850599,0.05843310775637689,0.033185840707964605,0.04398750650702759,0.048672566371681415,0.055179593961478396,0.039692868297761585,0.04151483602290474,0.045028630921395106,0.05648099947943779,0.053487766788131184,0.012883914627798022,0.038781884435190005,0.03917230609057783,0.03748047891723061,0.06884435190005206,0.01704841228526809,0.046720458094742325,0.022384174908901613,0.008719416970327954,0.020952628839146278
B:AGTAA,0.03267243786651773,0.07204691426975705,0.13152750628316112,0.07763194638369171,0.046914269757051104,0.05361630829377269,0.05529181792795308,0.048869030996928235,0.03518570231778833,0.03434794750069813,0.04551801172856744,0.0511030438425021,0.06366936609885507,0.022060876850041888,0.04468025691147724,0.02513264451270595,0.020943870427254957,0.04468025691147724,0.019547612398771293,0.03490645071209159,0.013683328679139906,0.01005305780508238,0.015917341524713767
B:AGTAC,0.035278154681139755,0.08412483039348712,0.10719131614654002,0.06675712347354139,0.03364993215739484,0.043147896879240165,0.0485753052917232,0.06947082767978291,0.03717774762550882,0.037991858887381276,0.03283582089552239,0.061329715061058346,0.05183175033921303,0.014654002713704206,0.040976933514246944,0.03012211668928087,0.036635006784260515,0.05400271370420624,0.014111261872455903,0.0480325644504749,0.021438263229308006,0.006241519674355495,0.024423337856173677
B:AGTAG,0.03391572456320658,0.09840698869475847,0.09969167523124357,0.06243576567317575,0.040082219938335044,0.05575539568345324,0.050616649537512846,0.05575539568345324,0.03314491264131552,0.03674203494347379,0.03622816032887975,0.06372045220966084,0.05909558067831449,0.019270298047276466,0.045220966084275435,0.0316032887975334,0.02749229188078109,0.050359712230215826,0.01721479958890031,0.03751284686536485,0.018242548818088386,0.006937307297019527,0.020554984583761562
B:AGTAT,0.04142900030021015,0.07024917442209547,0.13209246472530772,0.0720504353047133,0.045631942359651755,0.0516361453017112,0.05343740618432903,0.05343740618432903,0.03152206544581207,0.036625637946562595,0.04262984088862203,0.057039927949564695,0.0591413989792855,0.01591113779645752,0.037226058240768536,0.036625637946562595,0.0204142900030021,0.046532572800960674,0.01741218853197238,0.0462323626538577,0.01621134794356049,0.006004202942059442,0.010507355148604023
B:AGTCA,0.03052939265995453,0.10522897044494967,0.11513478402078597,0.06511854498213705,0.03962325430334524,0.046443650535888274,0.05180253329002923,0.05472556024683339,0.02987983111399805,0.038324131211432286,0.038324131211432286,0.058785319909061384,0.06187073725235466,0.013153621305618708,0.02906787918155245,0.028418317635595974,0.025657681065280935,0.05634946411172458,0.016239038648911984,0.0441701851250406,0.02029879831113998,0.006495615459564794,0.024358557973367976
B:AGTCC,0.025800286669851888,0.1009714922758401,0.09157509157509157,0.05717470934862239,0.03185220576524924,0.06354515050167224,0.04809683070552636,0.049848702022615064,0.029463290332855552,0.042522694696607743,0.03806338588947285,0.07023411371237458,0.05621914317566491,0.013218665392578436,0.032170727822901736,0.031692944736423,0.032170727822901736,0.063385889472846,0.01178531613314222,0.05223761745500876,0.024844720496894408,0.007485268354833572,0.02564102564102564
B:AGTCG,0.033054003724394786,0.09124767225325885,0.08100558659217877,0.05027932960893855,0.03026070763500931,0.03957169459962756,0.04795158286778398,0.05307262569832402,0.036312849162011177,0.04003724394785847,0.03957169459962756,0.06098696461824953,0.055865921787709494,0.017690875232774673,0.030726256983240222,0.031191806331471134,0.04236499068901303,0.06843575418994413,0.019087523277467412,0.056797020484171325,0.025605214152700187,0.015828677839851025,0.033054003724394786
B:AGTCT,0.025154004106776182,0.11413415468856947,0.09804928131416837,0.06297056810403832,0.03507871321013005,0.05304585900068446,0.05116358658453114,0.0473990417522245,0.04431895961670089,0.03678986995208761,0.03969883641341547,0.05663928815879535,0.05527036276522929,0.015571526351813827,0.03781656399726215,0.033709787816563995,0.027720739219712527,0.06416837782340862,0.013347022587268994,0.04055441478439425,0.017111567419575632,0.011293634496919919,0.018993839835728953
B:AGTGA,0.025882987328120787,0.08641143165273658,0.11647344297654354,0.06187651658128876,0.05473173362092208,0.0702345645726611,0.04745214343488811,0.051631167430574276,0.04300350498786735,0.03397142086815853,0.03221892693448369,0.05540576974925856,0.05190078188190887,0.015772445403073605,0.03289296306282017,0.02898355351846859,0.03275815583715287,0.05244001078457805,0.013615529792396873,0.045025613372876784,0.01846858991641952,0.008223240765705042,0.02062550552709625
B:AGTGC,0.01995530012771392,0.10552362707535122,0.0871647509578544,0.05842911877394636,0.031449553001277136,0.05252234993614304,0.05108556832694764,0.05635376756066411,0.0435823754789272,0.04374201787994891,0.034003831417624523,0.06545338441890167,0.0506066411238825,0.013250319284802043,0.03975095785440613,0.033205619412515965,0.030810983397190295,0.06257982120051085,0.014846743295019157,0.04964878671775223,0.02219029374201788,0.006066411238825032,0.027777777777777776
B:AGTGG,0.0300569627923888,0.09065567809962428,0.09574597018543207,0.05478123863774088,0.03635922918434129,0.06447703308689856,0.04932735426008968,0.053932856623439586,0.03526845230881105,0.03926796751908859,0.037692400921100475,0.06944612774209187,0.055629620652042175,0.014180099381893104,0.03623803175372682,0.027754211610713852,0.031632529390376925,0.0601139255847776,0.015876863410495698,0.04993334141316204,0.019512786328929825,0.00630226639195249,0.025815052720882317
B:AGTGT,0.024719900409034323,0.0931886893117553,0.09852391961586342,0.07238129112573359,0.0336119509158812,0.0586875333451894,0.050329005868753336,0.060643784456695715,0.041436955361906454,0.03450115596656589,0.034678996976702826,0.056019918193135336,0.0529966210208074,0.014405121821091944,0.03307842788547039,0.029521607682731637,0.031122176773964075,0.0473057086964254,0.014760803841365818,0.0681131068824471,0.023297172327938823,0.006402276364929753,0.020273875155610886
B:AGTTA,0.03732162458836443,0.07647274057811929,0.14233443102817417,0.0739114526161727,0.042810098792535674,0.06000731796560556,0.06439809732894256,0.056714233443102814,0.03000365898280278,0.030369557263080865,0.040248810830589093,0.04500548847420417,0.052323454079765824,0.015367727771679473,0.03988291255031101,0.03219904866447128,0.024149286498353458,0.048664471276985,0.018294914013904134,0.03549213318697402,0.012440541529454811,0.007317965605561654,0.014270032930845226
B:AGTTC,0.03210222845566464,0.08461898083216457,0.1059685211157862,0.06280193236714976,0.037712326632382734,0.060152719339255104,0.05516596540439458,0.0565684899485741,0.04036153966027739,0.03225806451612903,0.03677731026959639,0.051425899953249185,0.05282842449742871,0.01480442574411719,0.037712326632382734,0.033504752999844165,0.023687081190587503,0.06825619448340346,0.01511609786504597,0.05064671965092722,0.021972884525479196,0.007947639083683964,0.017609474832476234
B:AGTTG,0.029193205944798302,0.07413305024769994,0.12119603680113235,0.05874026893135174,0.042993630573248405,0.04759377211606511,0.05874026893135174,0.06227883934890304,0.035385704175513094,0.03768577494692144,0.03644727530077849,0.06050955414012739,0.056617126680820945,0.014861995753715499,0.040516631280962494,0.03131634819532909,0.03343949044585987,0.055201698513800426,0.01521585279547063,0.03980891719745223,0.018931351733899506,0.00937721160651097,0.019815994338287332
B:AGTTT,0.027773292426933636,0.07734538995640239,0.11303084127240433,0.07120943000161473,0.04456644598740513,0.050702405942192795,0.06620377845955111,0.0503794606814145,0.03439367027288875,0.03681575972872598,0.04036815759728726,0.060229291135152595,0.056838365896980464,0.02712740190537704,0.03261747133860811,0.036169869207169386,0.025674148231874697,0.05328596802841918,0.01986113353786533,0.035846923946391086,0.017277571451638947,0.007912158889068302,0.014371064104634264
B:ATCAA,0.03258426966292135,0.07656500802568218,0.11540930979133227,0.07223113964686999,0.04317817014446228,0.058908507223113964,0.05425361155698234,0.05024077046548957,0.03274478330658106,0.036757624398073833,0.03499197431781702,0.06147672552166934,0.058747993579454254,0.016853932584269662,0.03531300160513644,0.03451043338683788,0.02985553772070626,0.0593900481540931,0.01653290529695024,0.03691813804173355,0.020545746388443017,0.007062600321027288,0.01492776886035313
B:ATCAC,0.026925820256776034,0.08327389443651925,0.11287446504992868,0.06401569186875891,0.04440085592011412,0.04778887303851641,0.05117689015691869,0.06722539229671898,0.039586305278174035,0.03637660485021398,0.039764621968616264,0.06651212553495008,0.05652639087018545,0.015691868758915834,0.0358416547788873,0.02906562054208274,0.02585592011412268,0.04440085592011412,0.01390870185449358,0.053138373751783166,0.01818830242510699,0.006419400855920114,0.021041369472182596
B:ATCAG,0.03161559888579387,0.08955431754874651,0.1118384401114206,0.06727019498607242,0.03802228412256267,0.05584958217270195,0.054178272980501395,0.048467966573816156,0.03565459610027855,0.035515320334261836,0.04373259052924791,0.05598885793871866,0.050696378830083565,0.013649025069637883,0.036211699164345405,0.03662952646239554,0.02701949860724234,0.05724233983286908,0.015181058495821726,0.04651810584958217,0.01796657381615599,0.00988857938718663,0.021309192200557103
B:ATCAT,0.036188530570553046,0.07835984240478623,0.1050634758499927,0.07048008171603677,0.04144170436305268,0.055304246315482274,0.054428717350065665,0.05194805194805195,0.04304684079964979,0.04304684079964979,0.039398803443747264,0.0599737341310375,0.05545016780971837,0.013716620458193492,0.03866919597256676,0.03414562965124763,0.036480373559025246,0.05399095286735736,0.015175835400554501,0.03633445206478914,0.014154384940901795,0.006420545746388443,0.016780971837151614
B:ATCCA,0.026950688478286453,0.10062374955866776,0.09638696010356597,0.06037424973520066,0.038601859479816404,0.056255148876073906,0.05142991644109686,0.054842885724373305,0.0357773331764152,0.036836530540190655,0.043780157702718606,0.06755325408967872,0.05425444274449806,0.016358714840531953,0.035424267388490055,0.029422148993762505,0.029657526185712605,0.05966811815935036,0.017300223608332353,0.04672237260209486,0.0176532893962575,0.007767447334353301,0.016358714840531953
B:ATCCC,0.02735169099981519,0.10312326741822214,0.08556643873590833,0.05414895583071521,0.031971909074108296,0.08039179449270005,0.05322491221585659,0.048235076695620036,0.039733875438920714,0.03585289225651451,0.03825540565514692,0.06265015708741453,0.054518573276658655,0.0129366106080207,0.03178710035113658,0.031971909074108296,0.03474403991868416,0.05932360007392349,0.013121419330992423,0.05063759009425245,0.019404915912031046,0.006837922749953798,0.024209942709295877
B:ATCCG,0.029092488059053408,0.08771168041684758,0.09509335649153278,0.053842813721233174,0.029092488059053408,0.03517151541467651,0.04819800260529744,0.04732957012592271,0.029092488059053408,0.0316977854971776,0.03690838037342597,0.06252713851498046,0.058184976118106815,0.014329135909683021,0.0316977854971776,0.03386886669561442,0.0668693009118541,0.07859313938341293,0.01606600086843248,0.058619192357794184,0.02344767694311767,0.007815892314372557,0.024750325662179766
B:ATCCT,0.03149386845039019,0.09420289855072464,0.09545707915273133,0.059921962095875136,0.03205128205128205,0.04933110367892977,0.05615942028985507,0.04640468227424749,0.03999442586399108,0.04013377926421405,0.040551839464882944,0.06925863991081382,0.05448717948717949,0.012959866220735786,0.03497770345596433,0.03358416945373467,0.03163322185061315,0.061036789297658864,0.01644370122630992,0.049888517279821624,0.021599777034559644,0.008779264214046822,0.019648829431438128
B:ATCGA,0.03233708966193043,0.08868201861832435,0.096031357177854,0.05732484076433121,0.03674669279764821,0.06075453209211171,0.05732484076433121,0.05977462028417443,0.035276825085742286,0.039196472317491425,0.036256736893679566,0.0514453699167075,0.05046545810877021,0.01224889759921607,0.030867221950024497,0.029887310142087214,0.026947574718275354,0.07594316511513964,0.020578147966683,0.04017638412542871,0.024987751102400785,0.0102890739833415,0.02645761881430671
B:ATCGC,0.02609661299278179,0.07995558023320377,0.08995002776235425,0.05108273181565797,0.05719044975013881,0.042754025541365905,0.041088284286507494,0.05774569683509161,0.04997223764575236,0.042754025541365905,0.04053303720155469,0.05385896724042199,0.0555247084952804,0.017212659633536923,0.03164908384230983,0.028317601332593003,0.03775680177679067,0.05719044975013881,0.018323153803442533,0.04886174347584675,0.023320377568017768,0.006107717934480844,0.042754025541365905
B:ATCGG,0.03542857142857143,0.092,0.09942857142857142,0.05828571428571429,0.02457142857142857,0.04057142857142857,0.04342857142857143,0.053714285714285714,0.05142857142857143,0.044571428571428574,0.045714285714285714,0.05771428571428571,0.05657142857142857,0.012,0.03257142857142857,0.036,0.03371428571428572,0.04971428571428571,0.02057142857142857,0.05714285714285714,0.022857142857142857,0.006857142857142857,0.025142857142857144
B:ATCGT,0.03594771241830065,0.09422657952069717,0.10130718954248366,0.0593681917211329,0.03376906318082789,0.05010893246187364,0.0392156862745098,0.06318082788671024,0.02832244008714597,0.03649237472766884,0.02832244008714597,0.05773420479302832,0.061546840958605666,0.016339869281045753,0.03213507625272331,0.04030501089324619,0.03649237472766884,0.061546840958605666,0.015250544662309368,0.04139433551198257,0.020697167755991286,0.011437908496732025,0.034858387799564274
B:ATCTA,0.03489979267449896,0.11091914305459571,0.11022805805114029,0.07256392536281962,0.04388389771941949,0.04803040774015204,0.057014512785072566,0.057014512785072566,0.03178991015894955,0.03248099516240498,0.04388389771941949,0.06116102280580511,0.0497581202487906,0.0165860400829302,0.03559087767795439,0.0304077401520387,0.022460262612301312,0.04595715272978576,0.0221147201105736,0.035245335176226675,0.013130615065653075,0.0082930200414651,0.0165860400829302
B:ATCTC,0.028244388286011595,0.08815222238739408,0.09142262524156385,0.0671919131856697,0.036717704771815074,0.05708339527278133,0.053812992418611566,0.05247510034190575,0.03805559684852088,0.039244834250037164,0.0359744313958674,0.05619146722164412,0.055150884495317375,0.014568158168574402,0.035231158019919724,0.033893265943213916,0.03656905009662554,0.07001635201427085,0.01293295674148952,0.048758733462167386,0.01739259699717556,0.008324661810613945,0.022595510628809275
B:ATCTG,0.030252100840336135,0.08499399759903961,0.10096038415366146,0.05942376950780312,0.03397358943577431,0.06986794717887154,0.05714285714285714,0.05378151260504202,0.03853541416566627,0.039015606242496996,0.04525810324129652,0.06182472989195678,0.05042016806722689,0.016566626650660263,0.03277310924369748,0.03601440576230492,0.03169267707082833,0.05486194477791116,0.018967587034813927,0.04105642256902761,0.017406962785114045,0.008043217286914766,0.017166866746698678
B:ATCTT,0.03220878421387651,0.07371101209420751,0.12132399745385106,0.07231063017186505,0.03870146403564609,0.05423297262889879,0.055887969446212604,0.05728835136855506,0.037555697008274984,0.043666454487587526,0.03488224061107575,0.05639719923615531,0.058816040738383195,0.014003819223424571,0.03640992998090388,0.036919159770846595,0.023679185232336093,0.0576702737110121,0.017441120305537874,0.039083386378103116,0.016040738383195415,0.005728835136855506,0.016040738383195415
B:ATTAA,0.0374414976599064,0.06396255850234009,0.14102964118564743,0.07706708268330734,0.04898595943837754,0.061778471138845555,0.06302652106084243,0.053978159126365055,0.030577223088923557,0.039313572542901715,0.040873634945397815,0.051794071762870514,0.060218408736349455,0.017784711388455537,0.030265210608424336,0.031201248049921998,0.0187207488299532,0.046801872074883,0.0234009360374415,0.025897035881435257,0.01591263650546022,0.0093603744149766,0.010608424336973479
B:ATTAC,0.0284992784992785,0.0836940836940837,0.12734487734487734,0.07539682539682539,0.047619047619047616,0.050505050505050504,0.05194805194805195,0.05339105339105339,0.027777777777777776,0.03643578643578643,0.03643578643578643,0.05411255411255411,0.06818181818181818,0.023448773448773448,0.03751803751803752,0.02922077922077922,0.022366522366522368,0.049062049062049064,0.023088023088023088,0.03643578643578643,0.015151515151515152,0.003968253968253968,0.0183982683982684
B:ATTAG,0.03885381253035454,0.0825643516270034,0.12773190869354056,0.05973773676542011,0.0519669742593492,0.05293831957260806,0.06168042739193783,0.05876639145216124,0.028654686741136474,0.03302574065080136,0.04079650315687227,0.054395337542496355,0.06556580864497329,0.020883924235065566,0.03885381253035454,0.03254006799417193,0.021369596891694997,0.044681884409907724,0.020398251578436135,0.02525497814473045,0.012627489072365225,0.005828071879553181,0.020883924235065566
B:ATTAT,0.03909691629955947,0.07571585903083701,0.12334801762114538,0.07186123348017621,0.0473568281938326,0.05286343612334802,0.05616740088105727,0.05561674008810573,0.03524229074889868,0.03661894273127753,0.04377753303964758,0.05726872246696035,0.06552863436123348,0.016519823788546256,0.03386563876651982,0.03524229074889868,0.040748898678414094,0.034691629955947136,0.016519823788546256,0.027808370044052864,0.01486784140969163,0.007433920704845815,0.01183920704845815
B:ATTCA,0.03311780476265573,0.07317457814224886,0.12553225043368554,0.07759028544393629,0.039583661882983755,0.05535404510329601,0.05409241444567103,0.05030752247279609,0.03911055038637439,0.03280239709824949,0.03753351206434316,0.054250118277874154,0.06118908689481154,0.017820533038952847,0.03327550859485885,0.0287020974609683,0.019870682857593438,0.04715344582873364,0.019870682857593438,0.06497397886768648,0.015297271723702885,0.007412080113546759,0.011985491247437313
B:ATTCC,0.030945460762523507,0.08121046332706446,0.1106171995212857,0.06650709522995384,0.041374593947683364,0.05419729868353565,0.061890921525047014,0.0494101555821508,0.03658745084629851,0.03658745084629851,0.045819798256112154,0.06240382971448111,0.05881347238844247,0.017438878440759104,0.034193879295606085,0.03351000170969397,0.0235937767139682,0.05077791075397504,0.017951786630193197,0.04633270644554625,0.016584031458368953,0.007009745255599248,0.01624209266541289
B:ATTCG,0.0317975340687865,0.07981829980532122,0.10966904607397794,0.07073329007138222,0.036340038935756006,0.04931862426995458,0.04737183646982479,0.05126541207008436,0.04023361453601557,0.038286826735885786,0.04153147306943543,0.057754704737183644,0.054510058403634,0.018170019467878003,0.03763789746917586,0.03958468526930565,0.03244646333549643,0.05256327060350422,0.020765736534717714,0.04737183646982479,0.020765736534717714,0.003244646333549643,0.01881894873458793
B:ATTCT,0.030464147147578675,0.06911912631125161,0.12458686592901279,0.07774105474924559,0.04296594338266992,0.05417445035206208,0.061359390717057045,0.05130047420606409,0.04354073861186952,0.038511280356373044,0.04382813622646932,0.05834171576375916,0.057479522919959766,0.01753125449058773,0.032475930449777264,0.030320448340278777,0.0239977008190832,0.050150883747664896,0.017818652105187526,0.04181635292427073,0.012789193849691047,0.006753843943095273,0.012932892656990947
B:ATTGA,0.03169224636236795,0.07295196332469603,0.12816424157863265,0.0661750049830576,0.046242774566473986,0.06936416184971098,0.05082718756228822,0.05282041060394658,0.03368546940402631,0.03826988239984054,0.04106039465816225,0.05600956747059996,0.05321905521227825,0.015347817420769384,0.036675303966513854,0.03169224636236795,0.022722742674905323,0.06438110424556508,0.02172613115407614,0.031293601754036275,0.016743073549930237,0.005979669124975085,0.01295594977077935
B:ATTGC,0.034011976047904194,0.0792814371257485,0.10970059880239522,0.06754491017964072,0.04263473053892215,0.04622754491017964,0.06131736526946108,0.046706586826347304,0.03856287425149701,0.04383233532934132,0.03688622754491018,0.05796407185628742,0.06610778443113773,0.015808383233532935,0.03592814371257485,0.034491017964071856,0.028263473053892214,0.05796407185628742,0.016766467065868262,0.03832335329341317,0.01652694610778443,0.007664670658682635,0.01748502994011976
B:ATTGG,0.03772766695576756,0.08347788378143972,0.1235906331309627,0.058109280138768434,0.03946227233304423,0.047051170858629664,0.0663486556808326,0.04856895056374675,0.03534258456201214,0.03295750216825672,0.03924544666088465,0.06049436253252385,0.06418039895923677,0.01626192541196878,0.03924544666088465,0.03447528187337381,0.025585429314830876,0.049436253252385085,0.019514310494362534,0.037944492627927144,0.015394622723330443,0.008456201214223764,0.017129228100607113
B:ATTGT,0.029014396456256922,0.08305647840531562,0.13067552602436322,0.06821705426356589,0.04119601328903655,0.05404208194905869,0.051384274640088594,0.05160575858250277,0.032779623477297896,0.04053156146179402,0.0363233665559247,0.06423034330011074,0.06467331118493909,0.01904761904761905,0.0345514950166113,0.0380952380952381,0.022812846068660023,0.04673311184939092,0.019490586932447398,0.034108527131782945,0.014396456256921373,0.008194905869324474,0.014839424141749723
B:ATTTA,0.02900976290097629,0.0697350069735007,0.13528591352859135,0.0803347280334728,0.049372384937238493,0.05718270571827057,0.06917712691771269,0.05634588563458856,0.03375174337517434,0.030404463040446306,0.04909344490934449,0.05216178521617852,0.06164574616457462,0.016178521617852163,0.03682008368200837,0.03152022315202232,0.021757322175732216,0.03682008368200837,0.016736401673640166,0.032635983263598324,0.01506276150627615,0.009205020920502092,0.009762900976290097
B:ATTTC,0.02980585179108559,0.06480721903199343,0.1287940935192781,0.07301066447908121,0.04101722723543889,0.06644790812141099,0.05769756631118403,0.05619360131255127,0.04293136450642603,0.03568498769483183,0.039103089964451734,0.05099808586272901,0.06357670221493027,0.019551544982225867,0.031856713152857534,0.03431774678698386,0.020508613617719443,0.04840032813781788,0.02091878589007383,0.036642056330325405,0.017910855892808313,0.00847689362865737,0.01134809953513809
B:ATTTG,0.0290512174643157,0.07220822837951302,0.1266162888329135,0.07086481947942905,0.04534005037783375,0.05188916876574307,0.060621326616288836,0.049034424853064654,0.040973971452560876,0.038623005877413935,0.03963056255247691,0.058438287153652395,0.06330814441645675,0.01998320738874895,0.035768261964735516,0.03526448362720403,0.023341729638958857,0.04869857262804366,0.020151133501259445,0.03744752308984047,0.01528127623845508,0.00654911838790932,0.0109151973131822
B:ATTTT,0.030137665881185664,0.06994915044028277,0.12923229567158626,0.07999503906734466,0.04948530323700856,0.06064740171152177,0.06250775145727397,0.056182562321716485,0.03596676175120923,0.03447848195460747,0.04179585762123279,0.05717474885278433,0.06213568150812353,0.022200173632642938,0.0323700855760883,0.02877340940096738,0.020835917152424655,0.04663276696018852,0.018479474141138534,0.02877340940096738,0.01314647153664889,0.007565422299392286,0.011534168423663648
B:CACAA,0.02765990884802766,0.07213578500707214,0.12038346691812038,0.07024988213107025,0.03866100895803866,0.04919063334904919,0.05689140342605689,0.05799151343705799,0.040075436115040074,0.03708942322803709,0.037246581801037244,0.06852113782806853,0.058462989156058465,0.014301430143014302,0.031431714600031434,0.034574886060034574,0.027817067421027818,0.050605060506050605,0.015401540154015401,0.04871915763004872,0.017444601603017446,0.007072135785007072,0.018073235895018074
B:CACAC,0.021449507061017854,0.09845456967759127,0.07500666133759659,0.05782041033839595,0.03597122302158273,0.050492938982147614,0.04383160138555822,0.057021049826805226,0.052891020516919796,0.035704769517719157,0.03863575806021849,0.07100985877964296,0.04756195043964828,0.01079136690647482,0.029176658673061552,0.027444710897948307,0.0374367172928324,0.057021049826805226,0.011057820410338396,0.07860378363975486,0.027444710897948307,0.013988808952837729,0.021183053557154278
B:CACAG,0.024742268041237112,0.09102710958381062,0.08415425735013364,0.055975563192058035,0.03245513554791905,0.06239022527682322,0.04894998090874379,0.05551737304314624,0.0387934326078656,0.04207712867506682,0.03749522718594884,0.06796487208858343,0.05253913707521955,0.012142038946162658,0.03589156166475754,0.032226040473463155,0.03917525773195876,0.0572737686139748,0.015502100038182512,0.05475372279495991,0.018480336006109203,0.014585719740358915,0.02588774341351661
B:CACAT,0.030586857895507098,0.07741841065417825,0.09307771110785892,0.06790575150007318,0.039075076833016247,0.06102736718864335,0.051807405239279965,0.05034391921557149,0.04609980974681692,0.03644080199034099,0.033513829942924046,0.06571052246451047,0.05605151470803454,0.016537392067905752,0.035123664569003364,0.03000146348602371,0.026196399824381676,0.04785599297526709,0.017561832284501682,0.07536953022098639,0.019757061320064394,0.006878384311429826,0.015659300453680667
B:CACCA,0.024662782344959694,0.08643946045175194,0.09960890733498284,0.056189640035118525,0.03416074706680501,0.04764945326841727,0.050522787133849466,0.06281427089153165,0.035278154681139755,0.037991858887381276,0.03679463644345119,0.06872056828158672,0.05164019474818421,0.012610743076063533,0.03432037672599569,0.03176630217894485,0.03679463644345119,0.06480964163141512,0.015085002793519035,0.05770612179742996,0.020512411206002074,0.009497964721845319,0.024423337856173677
B:CACCC,0.023721933274134212,0.0972979830013954,0.06774070785234047,0.04477990612710897,0.02904985411645313,0.04757072180641888,0.04909298490422428,0.058480274007357606,0.03044526195610808,0.046048458708613474,0.040213116833692754,0.07471774705061525,0.052644932132436886,0.013446657363947736,0.0378028669288342,0.025117341113789167,0.06190536597741977,0.07065837878980084,0.011924394266142332,0.05759228720030445,0.02296080172523151,0.006850183940124318,0.02993784092350628
B:CACCG,0.02464210279277165,0.09716029101149964,0.07674254869748885,0.04482515841351795,0.027458343111945553,0.04294766486740202,0.05116169913165924,0.061253226942032384,0.0377845576155832,0.036376437455996245,0.043886411640459984,0.06594696080732222,0.05139638582492373,0.01361182820934053,0.03097864351091293,0.030274583431119457,0.04459047172025346,0.07322224829852148,0.01854024876789486,0.060783853555503406,0.02816240319173903,0.0077446608777282325,0.03050927012438395
B:CACCT,0.027105206770944933,0.08377973001928433,0.09374330404971074,0.051424898221555604,0.02667666595243197,0.05517463038354403,0.04606813799014356,0.05978144418255839,0.03599742875508892,0.046282408399400045,0.03717591600599957,0.06567388043711163,0.05367473751874866,0.010606385258195843,0.039211484893936145,0.031176344546818086,0.04242554103278337,0.06342404113991858,0.013499035783158345,0.05549603599742876,0.02421255624598243,0.010820655667452325,0.02656953074780373
B:CACGA,0.029041287613715886,0.10811756473058083,0.07872638208537439,0.052484254723582924,0.030440867739678096,0.044086773967809655,0.032890132960111965,0.06053184044786564,0.04583624912526242,0.03603918824352694,0.03743876836948915,0.04723582925122463,0.055283414975507345,0.01959412176347096,0.034289713086074175,0.03918824352694192,0.04058782365290413,0.06473058082575227,0.012596221133659902,0.061931420573827854,0.026941917424772567,0.014345696291112667,0.027641707487753672
B:CACGC,0.014912280701754385,0.09415204678362574,0.0847953216374269,0.044152046783625734,0.0347953216374269,0.04590643274853801,0.04707602339181287,0.05906432748538012,0.04064327485380117,0.037719298245614034,0.04502923976608187,0.05672514619883041,0.04736842105263158,0.014619883040935672,0.027485380116959064,0.023099415204678363,0.05321637426900585,0.06754385964912281,0.01695906432748538,0.06871345029239766,0.03304093567251462,0.01695906432748538,0.026023391812865497
B:CACGG,0.02073070607553366,0.11330049261083744,0.07799671592775041,0.03879310344827586,0.02894088669950739,0.0603448275862069,0.04289819376026273,0.05172413793103448,0.03633004926108374,0.038998357963875206,0.03694581280788178,0.07307060755336617,0.05213464696223317,0.014778325123152709,0.02442528735632184,0.02914614121510673,0.04207717569786535,0.06814449917898194,0.014573070607553366,0.06301313628899836,0.02914614121510673,0.013752052545155994,0.028735632183908046
B:CACGT,0.022149057168512423,0.07542651900628554,0.08949416342412451,0.0472912301706076,0.02693804250224484,0.07542651900628554,0.04998503442083209,0.04818916492068243,0.03262496258605208,0.0398084405866507,0.05058365758754864,0.0622568093385214,0.0547740197545645,0.017360071834780007,0.026339419335528285,0.02604010775217001,0.046393295420532776,0.07033822208919485,0.011673151750972763,0.060460939838371745,0.02663873091888656,0.008979347500748278,0.030829093085902426
B:CACTA,0.031108230719377836,0.0897602073882048,0.10823071937783539,0.06513285806869734,0.0440699935191186,0.07712248865845756,0.057679844458846406,0.057355800388852886,0.02948801036941024,0.03532080362929359,0.031432274789371356,0.05800388852883992,0.0524951393389501,0.01782242384964355,0.03823720025923526,0.031108230719377836,0.019442644199611146,0.05152300712896954,0.020090732339598186,0.047310434219053794,0.014257939079714841,0.004536616979909268,0.01847051198963059
B:CACTC,0.02452972159518435,0.10112866817155756,0.08261851015801354,0.057787810383747175,0.03446200150489089,0.05733634311512415,0.04830699774266366,0.05613243039879609,0.046651617757712566,0.03897667419112114,0.03416102332580888,0.06455981941309255,0.04815650865312265,0.011888638073739653,0.032204665161775774,0.03250564334085779,0.042588412340105346,0.05763732129420617,0.01565086531226486,0.055079006772009026,0.02633559066967645,0.004665161775771256,0.026636568848758466
B:CACTG,0.025850813821916615,0.09678823222212551,0.09748455043955087,0.061014883801897464,0.0447384454695796,0.0594481678126904,0.04639220123596484,0.0509182696492297,0.03812342240403865,0.037862303072504135,0.03420663243102098,0.06432239533466794,0.053877622073287494,0.01227260858212203,0.03533814953433719,0.029419444686221603,0.03055096178953782,0.05753329271477065,0.013839324571329097,0.058229610932196016,0.017669074767168596,0.008616937940638872,0.025502654713203933
B:CACTT,0.023383553044569995,0.08113622096672944,0.1172316384180791,0.062146892655367235,0.03405524168236033,0.06418706842435656,0.052573760200878845,0.062146892655367235,0.044256120527306965,0.038135593220338986,0.038135593220338986,0.05775266792215945,0.056183301946013814,0.019303201506591337,0.0371939736346516,0.026679221594475833,0.02903327055869429,0.052259887005649715,0.013810420590081607,0.04127432517263026,0.02275580665411174,0.006591337099811676,0.01977401129943503
B:CATAA,0.03717579250720461,0.08328530259365995,0.11296829971181556,0.07665706051873199,0.051585014409221905,0.04668587896253602,0.06311239193083573,0.05648414985590778,0.03342939481268011,0.0345821325648415,0.041210374639769454,0.05821325648414986,0.05648414985590778,0.017579250720461095,0.037752161383285306,0.032853025936599424,0.016138328530259365,0.039481268011527376,0.018443804034582133,0.05100864553314121,0.014697406340057636,0.005763688760806916,0.01440922190201729
B:CATAC,0.029821717990275526,0.08298217179902755,0.10048622366288493,0.073257698541329,0.04149108589951377,0.04505672609400324,0.044408427876823336,0.05218800648298217,0.03760129659643436,0.03565640194489465,0.04246353322528363,0.052836304700162075,0.05478119935170178,0.026904376012965966,0.03565640194489465,0.03630470016207456,0.02560777957860616,0.0460291734197731,0.017828200972447326,0.07714748784440843,0.019448946515397084,0.006807131280388979,0.015235008103727715
B:CATAG,0.03655107778819119,0.09934395501405811,0.09137769447047797,0.07029053420805999,0.03327085285848173,0.05880974695407685,0.05060918462980318,0.05154639175257732,0.03865979381443299,0.03936269915651359,0.03795688847235239,0.06747891283973759,0.06349578256794752,0.015932521087160263,0.03631677600749766,0.031162136832239926,0.022492970946579195,0.048500468603561386,0.018275538894095594,0.04920337394564199,0.01640112464854733,0.006326148078725398,0.016635426429240863
B:CATAT,0.03556593977154725,0.09060228452751817,0.12175493250259606,0.07658359293873312,0.043094496365524405,0.05841121495327103,0.05218068535825545,0.05010384215991693,0.03946002076843198,0.04153686396677051,0.03712357217030114,0.05218068535825545,0.05944963655244029,0.02232606438213915,0.03920041536863967,0.02881619937694704,0.01739356178608515,0.03790238836967809,0.015835929387331256,0.04153686396677051,0.01557632398753894,0.007009345794392523,0.016355140186915886
B:CATCA,0.03139176193068409,0.08537470513518418,0.1063327889675195,0.06387225548902195,0.03710760297586645,0.05216839049174379,0.050263110143349665,0.05098893122845219,0.03819633460352023,0.04146252948648158,0.03765196878969334,0.06323716203955725,0.054980947196516056,0.013790600616947922,0.038468517510433675,0.033478497550353835,0.02885138813282526,0.06051533297042279,0.013427690074396662,0.05107965886409,0.017510433678098347,0.006986027944111776,0.02286336418072945
B:CATCC,0.02631859350026638,0.09088971763452318,0.08407032498668088,0.05231752797016516,0.03143313798614811,0.06361214704315397,0.048694725625998934,0.04933404368673415,0.036228023441662226,0.03899840170484816,0.038359083644112946,0.06787426744805541,0.056046883324453914,0.012573255194459244,0.035801811401172084,0.02898241875332978,0.04624400639318061,0.06979222163026105,0.015237080447522642,0.05412892914224827,0.0216302610548748,0.00767181672882259,0.02376132125732552
B:CATCG,0.0248096983366225,0.09049901325063434,0.08965322808006766,0.05638567803777841,0.0389061178460671,0.05187482379475613,0.04341697208908937,0.05610374964758951,0.03806033267550042,0.04623625599097829,0.03495912038342261,0.05525796447702284,0.05638567803777841,0.014378347899633492,0.02932055257964477,0.02932055257964477,0.04059768818720045,0.06427967296306739,0.016633775021144628,0.051029038624189456,0.021708486044544686,0.00845785170566676,0.04172540174795602
B:CATCT,0.030808228526859705,0.08179779662669397,0.10188164180559618,0.06571122160475773,0.04114263429852783,0.05020961294725553,0.057131714926391734,0.053134444769425755,0.03373306034902993,0.04192258945110656,0.03821780247635761,0.059764063566344935,0.05342692795164278,0.015209125475285171,0.033928049137174614,0.036560397777127815,0.034610509895681,0.06132397387150239,0.017743979721166033,0.044359949302915085,0.016671541386370285,0.00809203470800429,0.022618699424783076
B:CATGA,0.025031820110309716,0.09970301230377598,0.08853061801725357,0.06760005656908499,0.03832555508414651,0.0487908358082308,0.05062933107056993,0.05642766228256258,0.041719700183849524,0.040164050346485645,0.040588318483948525,0.06703436571913449,0.05741762126997596,0.010465280724084288,0.03747701880922076,0.03408287370951775,0.026870315372648848,0.05953896195729034,0.015697921086126432,0.04794229953330505,0.01583934379861406,0.00975816716164616,0.020364870598218072
B:CATGC,0.028897733171829035,0.09257657034088942,0.08721232047066967,0.06315971621387784,0.036857587817961585,0.047759127876795295,0.050181692334313896,0.048105208513583665,0.0342619830420488,0.04222183768818134,0.038934071638691815,0.06281363557708947,0.05070081328949645,0.013497144834746497,0.041010555459422046,0.03166637826613601,0.04360616023533483,0.06315971621387784,0.0171309915210244,0.05035473265270808,0.020591797888908116,0.009863298148468593,0.02543692680394532
B:CATGG,0.027003389089318902,0.12211654094238548,0.08822564775336175,0.05706789111183995,0.03257898764622281,0.039794468131627854,0.050180387012135126,0.049087132393134364,0.03749863343172625,0.04001311905542801,0.03870121351262709,0.07128020115884989,0.05007106155023505,0.012135126270908495,0.036405378812725486,0.028424620094019897,0.03498414780802449,0.060019678583142014,0.01803870121351263,0.049087132393134364,0.022849021537115995,0.009839291571006888,0.02459822892751722
B:CATGT,0.02605656180489355,0.10152526215443279,0.09374006990784875,0.062281537972672385,0.036542739116619004,0.04655227200508421,0.051954242135367014,0.056085160470289164,0.057356212265649825,0.04051477597712107,0.03590721321893867,0.06402923419129329,0.04941213854464569,0.01334604385128694,0.03956148713060057,0.028757546870034952,0.03590721321893867,0.05401970130282809,0.019701302828090246,0.04178582777248173,0.019065776930409915,0.008261836669844296,0.01763584366062917
B:CATTA,0.03601408069320336,0.07906850798808557,0.11914432710533442,0.07419442187923098,0.048740861088545896,0.057676685621445976,0.05848903330625508,0.05090712158137016,0.028702951529921472,0.035472515569997295,0.03628486325480639,0.059301380991064176,0.06390468453831573,0.020308692120227456,0.035201733008394256,0.033577037638776064,0.021121039805036556,0.05090712158137016,0.020850257243433524,0.030869212022745736,0.014893040888166802,0.006498781478472786,0.017871649065800164
B:CATTC,0.03159024689464806,0.07728875939273118,0.10136482134641926,0.07330164085262997,0.04385830394111333,0.05413280171752799,0.05551295813525533,0.05244594387363901,0.03941113326176967,0.0387977304094464,0.039717834687931296,0.05842662168379083,0.055973010274497775,0.016408526299647293,0.03373715687777948,0.02898328477227419,0.02898328477227419,0.04876552675969943,0.016101824873485663,0.0650207023462659,0.016715227725808926,0.006134028523232633,0.01732863057813219
B:CATTG,0.02798191068400226,0.0811192764273601,0.10698134539287733,0.06854154889768231,0.03928773318258903,0.06006218202374223,0.06062747314867157,0.04762577727529678,0.03702656868287168,0.040983606557377046,0.036602600339174673,0.06345392877331826,0.0607687959299039,0.013849632560768797,0.035472018089316,0.033634821933295644,0.02557942340305257,0.06345392877331826,0.014697569248162803,0.03942905596382137,0.014980214810627474,0.006783493499152063,0.021057094403617863
B:CATTT,0.028526563726773094,0.0655587542528134,0.12444386286312484,0.0781209107563465,0.045276105731483905,0.06425019628369537,0.05993195498560586,0.04684637529442554,0.040696152839570794,0.031405391258832765,0.043313268777806856,0.06032452237634127,0.05967024339178226,0.020282648521329494,0.03310651661868621,0.034545930384716046,0.02250719706883015,0.05011777021722062,0.019366657942946872,0.038602460088981945,0.016226118817063595,0.0058885108610311435,0.010991886940591469
B:CCCAA,0.030901650910117116,0.09214053901509807,0.09595033159305771,0.0553125440948215,0.03513475377451672,0.05700578524058134,0.05305488923380838,0.0510794412304219,0.040214477211796246,0.04444758007619585,0.0349936503457034,0.05742909552702131,0.05869902638634119,0.012981515450825456,0.04049668406942289,0.030337237194863836,0.031324961196557075,0.06208550867786087,0.014110342881332016,0.04868068294059546,0.020318893749118102,0.006208550867786087,0.02709185833215747
B:CCCAC,0.024911816578483244,0.09314373897707232,0.07528659611992945,0.0496031746031746,0.027116402116402115,0.06712962962962964,0.049162257495590826,0.05709876543209876,0.03042328042328042,0.04144620811287478,0.03560405643738977,0.06305114638447971,0.05555555555555555,0.015983245149911816,0.036155202821869487,0.025903880070546736,0.04497354497354497,0.06294091710758377,0.01146384479717813,0.06999559082892416,0.022486772486772486,0.009369488536155202,0.031194885361552026
B:CCCAG,0.02661125240369704,0.09490726381738106,0.07313442094162893,0.04962471310712735,0.025742819924322313,0.05657217294212518,0.04701941566900316,0.055455616897214816,0.041436635444451336,0.04435208733949507,0.041560697227219154,0.06631102288939893,0.04968674399851126,0.012344147385397929,0.036660256807890326,0.026859375969232678,0.04205694435829043,0.06854413497921966,0.011041498666335836,0.06358166366850691,0.02437814031387631,0.010297127969728925,0.031821847279945414
B:CCCAT,0.026409495548961423,0.12359050445103857,0.08367952522255193,0.05385756676557864,0.03338278931750742,0.0413946587537092,0.052967359050445105,0.047032640949554894,0.042581602373887244,0.04198813056379822,0.039910979228486645,0.07270029673590504,0.05163204747774481,0.01112759643916914,0.039762611275964393,0.0271513353115727,0.03545994065281899,0.05682492581602374,0.01572700296735905,0.05089020771513353,0.021068249258160237,0.00830860534124629,0.022551928783382788
B:CCCCA,0.025372358850017318,0.0925701420159335,0.07386560443366817,0.04996536196744025,0.026671285071007966,0.04909941115344649,0.05100450294423277,0.052822999653619675,0.04043990301350883,0.046761343955663316,0.0413058538275026,0.0656390717007274,0.05342916522341531,0.012816072047107724,0.03853481122272255,0.027017665396605474,0.04693453411846207,0.0659854520263249,0.010737790093522688,0.06633183235192242,0.02164877034984413,0.009698649116730169,0.0313474194665743
B:CCCCC,0.024426169142015466,0.10212348103596416,0.06665030072419295,0.03878728366269792,0.025162636553332514,0.07119184976064809,0.05044801767521787,0.05830367006259973,0.033877500920584266,0.03792807168282804,0.04001472934822634,0.056953479808518476,0.05351663188903891,0.015465815637658033,0.04001472934822634,0.0254081256904382,0.05093899594942924,0.06431815392168896,0.010310543758438689,0.06652755615564011,0.02467165827912115,0.014852092794893825,0.02810850619860071
B:CCCCG,0.023179303125467326,0.09914759982054733,0.06505159264244055,0.03514281441603111,0.03155376102886197,0.04441453566621804,0.05293853746074473,0.05548078360998953,0.047854045162255124,0.03918049947659638,0.041872289516973235,0.061462539255271426,0.0518917302228204,0.01809481082697772,0.028114251532824885,0.025422461492448034,0.05099446687602811,0.07492148945715567,0.01525347689546882,0.07148197996111859,0.03110512935546583,0.010468072379243309,0.024973829819051892
B:CCCCT,0.025903540150487233,0.09288269396817565,0.06611570247933884,0.04317256691747872,0.026766991488836808,0.08856543727642778,0.052177130874552856,0.05698778833107191,0.03293450104847662,0.04230911557912915,0.03996546194646602,0.06512890094979647,0.051313679536203284,0.009251264339459726,0.034908104107561365,0.026890341680029604,0.048476625138768964,0.06019489330208462,0.010238065869002097,0.05846799062538547,0.0236832367090169,0.013568521031207599,0.03009744665104231
B:CCCGA,0.026493506493506493,0.1038961038961039,0.07636363636363637,0.04051948051948052,0.02987012987012987,0.05818181818181818,0.045714285714285714,0.053246753246753244,0.054025974025974026,0.03558441558441559,0.037142857142857144,0.05610389610389611,0.04987012987012987,0.00935064935064935,0.03064935064935065,0.03090909090909091,0.04753246753246753,0.0722077922077922,0.015324675324675324,0.06805194805194806,0.025714285714285714,0.007792207792207792,0.025454545454545455
B:CCCGC,0.026802507836990595,0.10376175548589342,0.07366771159874608,0.04184952978056426,0.030407523510971788,0.03777429467084639,0.055642633228840124,0.05329153605015674,0.03981191222570533,0.03463949843260188,0.037304075235109715,0.05924764890282132,0.04655172413793104,0.016300940438871474,0.030877742946708465,0.0274294670846395,0.048432601880877744,0.07006269592476488,0.01598746081504702,0.06833855799373041,0.04216300940438871,0.01128526645768025,0.028369905956112853
B:CCCGG,0.02278784648187633,0.10714285714285714,0.07276119402985075,0.038646055437100216,0.028384861407249468,0.05077292110874201,0.05317164179104478,0.04957356076759062,0.046108742004264396,0.0369136460554371,0.043443496801705755,0.057569296375266525,0.05237206823027719,0.020122601279317698,0.025852878464818763,0.02638592750533049,0.042643923240938165,0.07236140724946695,0.017057569296375266,0.06649786780383796,0.03224946695095949,0.007062899786780384,0.03011727078891258
B:CCCGT,0.025101763907734057,0.08751696065128901,0.06716417910447761,0.04002713704206241,0.030868385345997285,0.07293080054274084,0.051560379918588875,0.05088195386702849,0.027137042062415198,0.0403663500678426,0.04206241519674356,0.06377204884667571,0.05359565807327001,0.018317503392130258,0.028493894165535955,0.028833107191316147,0.042401628222523746,0.06784260515603799,0.014586160108548168,0.07598371777476255,0.023744911804613297,0.01797829036635007,0.028833107191316147
B:CCCTA,0.03576807228915663,0.10240963855421686,0.07718373493975904,0.055346385542168676,0.029367469879518073,0.05911144578313253,0.05647590361445783,0.05120481927710843,0.030873493975903613,0.05271084337349398,0.04216867469879518,0.0625,0.04216867469879518,0.009789156626506024,0.03802710843373494,0.027484939759036143,0.03237951807228916,0.0598644578313253,0.013177710843373495,0.07492469879518072,0.01694277108433735,0.008659638554216868,0.021460843373493976
B:CCCTC,0.0252858399296394,0.0965259454705365,0.06651275285839929,0.045844327176781004,0.02836411609498681,0.0601363236587511,0.04991204925241865,0.051451187335092345,0.03990765171503958,0.04221635883905013,0.038148636763412486,0.06321459982409851,0.05529903254177661,0.010554089709762533,0.03430079155672823,0.02924362357080035,0.06046613896218118,0.0647537379067722,0.013082673702726474,0.0585971855760774,0.024076517150395778,0.011653474054529463,0.030452946350043975
B:CCCTG,0.02650490688509389,0.10269685495711305,0.07410555598485434,0.04705973263271772,0.027123097133142725,0.053705277799242716,0.04798701800479097,0.052005254617108414,0.04157329418128429,0.045746078355613944,0.04288694845838807,0.06483270226412179,0.04922339850088865,0.009968317749787497,0.03353682095664941,0.026659454447106098,0.04559153079360173,0.0683872961904026,0.010972876902866857,0.05973263271771888,0.024959431264971795,0.011745614712927904,0.032995904489606674
B:CCCTT,0.028798727128082735,0.07653142402545744,0.08369132856006364,0.059029435163086716,0.032458233890214794,0.06014319809069212,0.053778838504375495,0.054574383452665076,0.049323786793953855,0.04295942720763723,0.039459029435163086,0.060461416070007955,0.05361972951471758,0.013683373110580748,0.03802704852824185,0.029594272076372316,0.04232299124900557,0.061893396976929194,0.013046937151949085,0.05314240254574384,0.02211614956245028,0.007478122513922036,0.02386634844868735
B:CCTAA,0.033444816053511704,0.0903010033444816,0.13664596273291926,0.06736741519350214,0.04395604395604396,0.05303392259913999,0.05016722408026756,0.056856187290969896,0.03201146679407549,0.049689440993788817,0.04013377926421405,0.05828953655040611,0.05637840420449116,0.01098901098901099,0.037267080745341616,0.02818920210224558,0.02197802197802198,0.04586717630195891,0.017200191113234592,0.033444816053511704,0.019111323459149548,0.003822264691829909,0.01385570950788342
B:CCTAC,0.03319502074688797,0.08852005532503458,0.08713692946058091,0.054771784232365145,0.02544951590594744,0.039557399723374825,0.058367911479944676,0.06085753803596127,0.030982019363762103,0.038174273858921165,0.041217150760719225,0.0686030428769018,0.05753803596127247,0.009128630705394191,0.039557399723374825,0.030152143845089904,0.04066390041493776,0.06196403872752421,0.014661134163208852,0.0636237897648686,0.02378976486860304,0.009128630705394191,0.022959889349930845
B:CCTAG,0.030185424752048298,0.10909874946097456,0.09573091849935317,0.053471323846485556,0.030185424752048298,0.09271237602414834,0.058645968089693835,0.04829667960327728,0.04053471323846486,0.05304010349288486,0.03406640793445451,0.06942647692971109,0.039241052177662786,0.009486847779215178,0.03449762828805519,0.027166882276843468,0.0215610176800345,0.059508408796895215,0.01207416990081932,0.03880983182406209,0.015955153083225527,0.0068995256576110395,0.019404915912031046
B:CCTAT,0.039735099337748346,0.08336579664978574,0.11219322165952474,0.06973120373977405,0.0362290611608882,0.049863654070899883,0.05414881184261784,0.0510323334631866,0.03350214257888586,0.03194390338917024,0.046357615894039736,0.07557460070120764,0.05609661082976237,0.014803272302298403,0.03389170237631477,0.027269185820023373,0.017919750681729647,0.051421893260615505,0.018309310479158552,0.058044409816906894,0.014803272302298403,0.006622516556291391,0.017140631086871836
B:CCTCA,0.025103069170865782,0.08309665597801191,0.07512597343105817,0.05561154374713697,0.02968392120934494,0.0755840586349061,0.046816307833256986,0.04874026568941823,0.04196060467246908,0.04535043518094366,0.038112688960146586,0.061016949152542375,0.052679798442510306,0.011818598259276225,0.03325698579935868,0.0320659642693541,0.04993128721942281,0.07091158955565735,0.011177278973889144,0.0559780119102153,0.018415025194686213,0.006779661016949152,0.030783325698579937
B:CCTCC,0.03143869782095038,0.08650564452612235,0.07449461800997637,0.04666579154633762,0.026122341822000524,0.05605145707534786,0.05106327119978997,0.0508007351010764,0.04358099238645314,0.04108689944867419,0.03944604883171436,0.06090837490154896,0.05145707534786033,0.014570753478603309,0.03143869782095038,0.0312417957469152,0.04279338409031242,0.076266736676293,0.012470464688894723,0.05736413756891572,0.028550800735101075,0.014373851404568127,0.03130742977159359
B:CCTCG,0.030795390137918006,0.09314188550916304,0.07424900812393728,0.040430757604383145,0.032306820328736066,0.053277914226336674,0.0477989797846212,0.05460041564330247,0.03816361231815606,0.04118647269979218,0.04099754392593992,0.05063291139240506,0.04855469488003023,0.015681088229737388,0.03192896278103155,0.030795390137918006,0.04194218779520121,0.07424900812393728,0.015681088229737388,0.06442471188361988,0.03495182316266767,0.010013225014169657,0.034196108067258646
B:CCTCT,0.02762482501166589,0.09407372841810546,0.07848810079328045,0.053849743350443305,0.032197853476434904,0.05860942603826411,0.05646290247316846,0.04918338777414839,0.04414372375174988,0.04143723751749883,0.038824078394773684,0.059076061595893604,0.05188987400839944,0.014465702286514233,0.031917872141857206,0.032197853476434904,0.04237050863275782,0.07158189454036397,0.013812412505832945,0.051143257116192255,0.0215585627624825,0.010172655156322912,0.02491833877741484
B:CCTGA,0.028076884371540708,0.120760792995874,0.0908724967293952,0.05625440273724464,0.02918385830733622,0.04810304921002315,0.04699607527422763,0.0483043171983496,0.04548656536177921,0.03723457784039449,0.03995169568280165,0.060984200462916374,0.05273221294153165,0.0120760792995874,0.034114924021334404,0.031095904196437558,0.03461809399215055,0.06631780215356747,0.013585589212035825,0.04649290530341149,0.019422360873503068,0.008956425480527322,0.02837878635403039
B:CCTGC,0.026911668957534544,0.0879693264848441,0.07400708963322,0.04818056861752152,0.02683932576141214,0.052882876365477824,0.04239311292772915,0.05114663965854011,0.04340591767344281,0.045937929537726976,0.039788757867322576,0.06416841496057296,0.049338059755479995,0.012008970556319179,0.034145988569775014,0.03356724300079578,0.04875931418650076,0.07125804818056862,0.01266005932142082,0.056717065759965275,0.025826521015698472,0.018881574187947624,0.03320552702018375
B:CCTGG,0.025982828739267962,0.09963849977406236,0.08551739719837324,0.0469385449615906,0.026208766380478987,0.051287844554902845,0.048237686398554,0.052756439222774516,0.04202440126525079,0.0434365115228197,0.03982150926344329,0.06636918210573882,0.04846362403976502,0.011014460009037505,0.03298689561680976,0.02999322187076367,0.041741979213737006,0.07009715318572074,0.01174875734297334,0.06139855399909625,0.02474017171260732,0.009263443289652055,0.030332128332580206
B:CCTGT,0.02959220498015157,0.095392758330326,0.09238542042583904,0.04968122218212438,0.0348851196920486,0.05834235534704679,0.051365331408637076,0.055455310958739325,0.03656922891856129,0.043065078792253096,0.04053891495248406,0.05870323589558523,0.051245037892457594,0.009984361842896668,0.036208348370022854,0.03187778178756165,0.03873451220979189,0.05689883315289306,0.014796102490075786,0.055455310958739325,0.018404907975460124,0.01575845061951161,0.024660170816792976
B:CCTTA,0.03244339303818858,0.06961811422777965,0.10645488340655627,0.0834741466711727,0.034809057113889826,0.046975329503210546,0.054072321730314295,0.046975329503210546,0.04055424129773572,0.03447110510307536,0.04123014531936465,0.061169313957418044,0.05542412977357215,0.015207840486650895,0.034809057113889826,0.03041568097330179,0.026022304832713755,0.048327137546468404,0.01689760054072322,0.07468739438999662,0.023656640757012504,0.007434944237918215,0.01486988847583643
B:CCTTC,0.02873409838982297,0.08380037363223912,0.08682501556800996,0.05568899564095721,0.03042433947157726,0.05622275598256383,0.04972867182634997,0.05239747353438306,0.04448002846721822,0.040565785962103015,0.03754114402633218,0.061827239569433326,0.057824037007383686,0.013699848767903212,0.03487234231829908,0.029089938617560714,0.044391068410283785,0.06849924383951606,0.01325504848323103,0.05657859621030158,0.02304065474601904,0.00773952495329597,0.02277377457521573
B:CCTTG,0.02845481049562682,0.08862973760932945,0.08932944606413994,0.05749271137026239,0.03428571428571429,0.05317784256559767,0.05002915451895044,0.0473469387755102,0.041516034985422744,0.042332361516034984,0.042682215743440236,0.06215743440233236,0.059241982507288626,0.012244897959183673,0.03323615160349854,0.031137026239067056,0.03440233236151603,0.06495626822157434,0.012011661807580174,0.05259475218658892,0.02717201166180758,0.006997084548104956,0.02857142857142857
B:CCTTT,0.029165541452876045,0.07709964893329732,0.11072103699702944,0.07075344315419929,0.03456656764785309,0.04685390224142587,0.06589251957871996,0.05144477450715636,0.04793410748042128,0.03578179854172293,0.03834728598433702,0.05806103159600324,0.054820415879017016,0.020118822576289493,0.03281123413448555,0.03470159330272752,0.027545233594382934,0.04887928706454226,0.017553335133675397,0.054280313259519306,0.019713745611666215,0.00837159060221442,0.014582770726438023
B:CGCAA,0.02949517867271696,0.08281338627339761,0.08111174134997164,0.058423142370958595,0.02098695405558707,0.04878048780487805,0.049347702779353374,0.05445263754963131,0.046511627906976744,0.03233125354509359,0.038570618264322176,0.05672149744753262,0.0652297220646625,0.007941009642654566,0.035734543391945546,0.028927963698241632,0.05445263754963131,0.05955757231990925,0.021554169030062395,0.05955757231990925,0.036301758366420876,0.007941009642654566,0.023255813953488372
B:CGCAC,0.023622047244094488,0.09341445955619183,0.0740873299928418,0.05153901216893343,0.02791696492483894,0.02791696492483894,0.049391553328561204,0.05977093772369363,0.03865425912670007,0.03901216893342878,0.0408017179670723,0.0572655690765927,0.047244094488188976,0.012884753042233358,0.03972798854688619,0.03221188260558339,0.047244094488188976,0.0744452397995705,0.014316392269148175,0.07945597709377238,0.03650680028632784,0.009305654974946313,0.023264137437365783
B:CGCAG,0.02212618841832325,0.0891961970613656,0.0888504753673293,0.042523768366464994,0.03474503025064823,0.03647363872082973,0.045808124459809856,0.05375972342264477,0.045116681071737254,0.03923941227312014,0.041313742437337944,0.05375972342264477,0.04978392394122731,0.012791702679343129,0.029559204840103718,0.027139152981849612,0.051512532411408817,0.06879861711322385,0.014347450302506483,0.07329299913569577,0.03802938634399308,0.012445980985306828,0.029386343993085567
B:CGCAT,0.023721665788086453,0.07380073800738007,0.08065366367949393,0.05693199789140749,0.027411702688455455,0.05113336847654191,0.045861887190300474,0.06273062730627306,0.025303110173958882,0.043753294675803904,0.044807590933052185,0.04428044280442804,0.05271481286241434,0.01107011070110701,0.032156035846072746,0.040063257775434895,0.045861887190300474,0.08856088560885608,0.0158144438587243,0.06589351607801792,0.025303110173958882,0.009488666315234581,0.03268318397469689
B:CGCCA,0.026672223379870807,0.0829339445717858,0.07793290268806001,0.04438424671806626,0.032298395499062306,0.038966451344030005,0.045009376953531986,0.05292769326943113,0.05209418628881017,0.03521566993123568,0.03625755365701188,0.05417795374036258,0.061262763075640755,0.017295269847884976,0.03146488851844134,0.034173786205459473,0.04625963742446343,0.07168160033340279,0.017295269847884976,0.061262763075640755,0.0379245676182538,0.009585330277141072,0.032923525734528024
B:CGCCC,0.02229814781514116,0.09548642330516094,0.07624527962596656,0.040819996403524544,0.02931127495054846,0.03830246358568603,0.0616795540370437,0.0553857219924474,0.03704369717676677,0.03920158244919979,0.03920158244919979,0.05412695558352814,0.048372594857040103,0.016903434634058623,0.02859197985973746,0.028412156087034707,0.03920158244919979,0.07444704189893904,0.01798237727027513,0.07228915662650602,0.04010070131271354,0.014206078043517353,0.03039021758676497
B:CGCCG,0.021048938782669706,0.09226451499736889,0.07735485002631118,0.0443781792667953,0.04016839151026136,0.03402911769864936,0.07788107349587792,0.0529731626030521,0.03753727416242764,0.03174881599719347,0.03385370987546044,0.04578144185230661,0.0529731626030521,0.02490791089282582,0.03104718470443782,0.02613576565514822,0.041220838449394843,0.07121557621469918,0.020171899666725137,0.06191896158568672,0.04911419049289598,0.0071917207507454835,0.025083318716014734
B:CGCCT,0.026281775096940973,0.1010340370529944,0.07970702283498492,0.046962516156828955,0.028220594571305473,0.03963808703145196,0.053640672124084444,0.05493321844032745,0.03317535545023697,0.03662214562688496,0.036837570012925466,0.057518311072813445,0.05170185264971995,0.015941404566996983,0.032529082292115465,0.03166738474795347,0.048470486859112455,0.06915122791900043,0.015295131408875486,0.06828953037483843,0.03209823352003447,0.012279190004308488,0.028005170185264973
B:CGCGA,0.01935483870967742,0.0931899641577061,0.08100358422939068,0.047311827956989246,0.03870967741935484,0.05591397849462366,0.04516129032258064,0.06236559139784946,0.043010752688172046,0.045878136200716846,0.03369175627240143,0.044444444444444446,0.04874551971326165,0.017921146953405017,0.034408602150537634,0.021505376344086023,0.045878136200716846,0.06523297491039426,0.016487455197132617,0.07311827956989247,0.03369175627240143,0.01003584229390681,0.022939068100358423
B:CGCGC,0.016614745586708203,0.09890965732087227,0.08073727933541018,0.05685358255451713,0.027258566978193146,0.030893042575285565,0.0646417445482866,0.05763239875389408,0.0397196261682243,0.04101765316718588,0.03115264797507788,0.051661474558670824,0.04205607476635514,0.020249221183800622,0.040758047767393564,0.032191069574247146,0.038681204569055036,0.06204569055036345,0.018691588785046728,0.06074766355140187,0.04984423676012461,0.012201453790238837,0.02544132917964694
B:CGCGG,0.022143698468786808,0.12061248527679623,0.07891637220259129,0.04452296819787986,0.03274440518256773,0.030624263839811542,0.06666666666666667,0.05088339222614841,0.03910482921083628,0.04004711425206125,0.03439340400471143,0.0447585394581861,0.046878680800942284,0.020965842167255593,0.026619552414605417,0.022850412249705535,0.040282685512367494,0.06336866902237927,0.02143698468786808,0.06313309776207303,0.04711425206124853,0.013898704358068316,0.028032979976442874
B:CGCGT,0.018802228412256268,0.09610027855153204,0.0745125348189415,0.05083565459610028,0.033426183844011144,0.05501392757660167,0.06267409470752089,0.059192200557103065,0.03899721448467967,0.031337047353760444,0.027855153203342618,0.04526462395543175,0.04456824512534819,0.012534818941504178,0.02576601671309192,0.02437325905292479,0.04874651810584958,0.07172701949860724,0.02158774373259053,0.06197771587743733,0.05083565459610028,0.01532033426183844,0.028551532033426183
B:CGCTA,0.05210237659963437,0.09140767824497258,0.0712979890310786,0.062157221206581355,0.03290676416819013,0.03290676416819013,0.04204753199268738,0.056672760511883,0.029250457038391225,0.027422303473491772,0.038391224862888484,0.05393053016453382,0.051188299817184646,0.016453382084095063,0.043875685557586835,0.029250457038391225,0.025594149908592323,0.06307129798903108,0.018281535648994516,0.06764168190127971,0.03656307129798903,0.005484460694698354,0.05210237659963437
B:CGCTC,0.027410435200769415,0.08559749939889397,0.0709305121423419,0.05145467660495311,0.032459725895647995,0.03582591969223371,0.04832892522240923,0.05698485212791536,0.0415965376292378,0.03390238037989901,0.041115652801154125,0.05818706419812455,0.05409954315941332,0.01514787208463573,0.03294061072373167,0.024525126232267373,0.06467900937725415,0.07646068766530416,0.01514787208463573,0.06612166386150517,0.031497956239480644,0.004808848280836739,0.030776628997355133
B:CGCTG,0.023516237402015677,0.09084546472564389,0.07698768197088465,0.0488521836506159,0.034854423292273236,0.04717245240761478,0.046052631578947366,0.05319148936170213,0.05277155655095185,0.03555431131019037,0.03471444568868981,0.05193169092945129,0.04801231802911534,0.013577827547592385,0.032474804031354984,0.03093505039193729,0.04927211646136618,0.07026875699888017,0.015677491601343786,0.07292833146696528,0.03093505039193729,0.0075587905935050395,0.031914893617021274
B:CGCTT,0.031067251461988302,0.08333333333333333,0.08150584795321637,0.047149122807017545,0.03179824561403509,0.04824561403508772,0.04788011695906433,0.056286549707602336,0.051535087719298246,0.029239766081871343,0.0402046783625731,0.06030701754385965,0.0537280701754386,0.015716374269005847,0.03326023391812866,0.03326023391812866,0.049342105263157895,0.07054093567251463,0.014985380116959063,0.055190058479532164,0.029970760233918127,0.007675438596491228,0.027777777777777776
B:CGTAA,0.02863202545068929,0.08907741251325557,0.088016967126193,0.08589607635206786,0.03499469777306469,0.043478260869565216,0.05620360551431601,0.08271474019088017,0.022269353128313893,0.043478260869565216,0.04984093319194061,0.05514316012725345,0.05090137857900318,0.021208907741251327,0.032873806998939555,0.027571580063626724,0.027571580063626724,0.060445387062566275,0.01166489925768823,0.042417815482502653,0.014846235418875928,0.008483563096500531,0.022269353128313893
B:CGTAC,0.024834437086092714,0.08526490066225166,0.09188741721854304,0.060430463576158944,0.037251655629139076,0.043874172185430466,0.037251655629139076,0.052152317880794705,0.04552980132450331,0.037251655629139076,0.0347682119205298,0.057947019867549666,0.057947019867549666,0.0173841059602649,0.033112582781456956,0.03394039735099338,0.0347682119205298,0.07698675496688742,0.008278145695364239,0.06622516556291391,0.02566225165562914,0.009105960264900662,0.028145695364238412
B:CGTAG,0.03559070687098369,0.10776075135936727,0.0800790904597133,0.04893722194760257,0.021255561047948592,0.06969846762234305,0.050914483440435,0.055857637172516066,0.029658922392486405,0.03361344537815126,0.042511122095897184,0.06030647553138903,0.04794859120118636,0.012852199703410776,0.03608502224419179,0.0291646070192783,0.0439940682155215,0.0583292140385566,0.016312407315867524,0.06030647553138903,0.023727137913989126,0.006920415224913495,0.028175976272862086
B:CGTAT,0.0193756727664155,0.06673842841765339,0.12271259418729817,0.0721205597416577,0.04736275565123789,0.04090419806243272,0.04951560818083961,0.05166846071044134,0.023681377825618945,0.02906350914962325,0.0527448869752422,0.05705059203444564,0.05489773950484392,0.02906350914962325,0.02583423035522067,0.04305705059203445,0.02798708288482239,0.04951560818083961,0.017222820236813777,0.05059203444564048,0.021528525296017224,0.011840688912809472,0.03552206673842842
B:CGTCA,0.029834651329978434,0.09237958303378864,0.08590941768511862,0.04816678648454349,0.03450754852624011,0.03702372393961179,0.051042415528396834,0.0503235082674335,0.025521207764198417,0.038461538461538464,0.04349388928828181,0.06434219985621854,0.05895039539899353,0.012580877066858375,0.029475197699496764,0.029834651329978434,0.06721782890007189,0.06506110711718188,0.020848310567936738,0.056074766355140186,0.02192667145938174,0.007548526240115025,0.029475197699496764
B:CGTCC,0.024080787156913516,0.09036768513723459,0.07301916105644744,0.03754531330916624,0.033661315380631794,0.04842050750906266,0.04945624029000518,0.04893837389953392,0.05152770585189021,0.04065251165199379,0.041170378042465046,0.04971517348524081,0.05489383738995339,0.015018125323666495,0.030813050233039877,0.024598653547384774,0.044536509580528225,0.07250129466597618,0.011910926980838944,0.07042982910409114,0.03288451579492491,0.015277058518902124,0.038581046090108755
B:CGTCG,0.025282409897794515,0.08068854222700376,0.06724045185583648,0.05002689618074233,0.027972027972027972,0.04841312533620226,0.07046799354491662,0.055944055944055944,0.0650887573964497,0.0328133405056482,0.03335126412049489,0.047337278106508875,0.052716514254975796,0.01506186121570737,0.037116729424421735,0.029047875201721356,0.046261430876815494,0.06724045185583648,0.020441097364174286,0.0656266810112964,0.02689618074233459,0.006993006993006993,0.027972027972027972
B:CGTCT,0.02763902763902764,0.09124209124209125,0.07858807858807859,0.046620046620046623,0.030636030636030636,0.04195804195804196,0.04395604395604396,0.05194805194805195,0.028305028305028304,0.04329004329004329,0.050616050616050616,0.052614052614052616,0.05427905427905428,0.01431901431901432,0.030636030636030636,0.035298035298035296,0.054945054945054944,0.07092907092907093,0.016317016317016316,0.06227106227106227,0.023976023976023976,0.017649017649017648,0.03196803196803197
B:CGTGA,0.020998415213946117,0.08716323296354993,0.09944532488114105,0.04833597464342314,0.03724247226624406,0.059429477020602216,0.043581616481774964,0.05309033280507131,0.03407290015847861,0.04318541996830428,0.04397781299524564,0.05784469096671949,0.05427892234548336,0.01862123613312203,0.025356576862123614,0.025356576862123614,0.03803486529318542,0.06695721077654516,0.01862123613312203,0.059429477020602216,0.026148969889064975,0.01386687797147385,0.02496038034865293
B:CGTGC,0.018962632459564976,0.08672615727830452,0.07557166759620747,0.04796430563301729,0.024818739542665922,0.06804238706079196,0.04573340769659788,0.05688789737869492,0.0309537088678193,0.034300055772448414,0.040992749581706636,0.06497490239821528,0.05688789737869492,0.01505856107083101,0.027049637479085332,0.031232571109871723,0.040992749581706636,0.07222532069157836,0.014779698828778583,0.0652537646402677,0.03262688232013385,0.020356943669827106,0.027607361963190184
B:CGTGG,0.02279773846434434,0.1107058179828561,0.07386467262447566,0.0426773664052526,0.031004924311508298,0.049607878898413275,0.04395403975925588,0.0543498084989969,0.04121831114353456,0.038664964435528,0.04030640160496079,0.06292175816159037,0.04924311508298377,0.016049607878898413,0.027722049972642715,0.031187306219223054,0.05343789896042313,0.06547510486959694,0.013678643078606603,0.06438081342330841,0.02954586904979026,0.008207185847163961,0.028998723326645996
B:CGTGT,0.021392190152801357,0.100169779286927,0.09269949066213921,0.042784380305602714,0.028183361629881155,0.05602716468590832,0.04108658743633277,0.05398981324278438,0.04550084889643464,0.03837011884550085,0.0434634974533107,0.05874363327674024,0.050594227504244485,0.01629881154499151,0.028862478777589132,0.025466893039049237,0.042444821731748725,0.0699490662139219,0.010186757215619695,0.062139219015280134,0.026485568760611207,0.014940577249575551,0.030220713073005095
B:CGTTA,0.04401650618982118,0.08390646492434663,0.09903713892709766,0.06740027510316368,0.03163686382393398,0.052269601100412656,0.06052269601100413,0.04676753782668501,0.03851444291609354,0.03851444291609354,0.03576341127922971,0.052269601100412656,0.06464924346629987,0.016506189821182942,0.030261348005502064,0.033012379642365884,0.03163686382393398,0.06464924346629987,0.016506189821182942,0.03576341127922971,0.01925722145804677,0.0068775790921595595,0.030261348005502064
B:CGTTC,0.0316622691292876,0.10070360598065084,0.09058927000879508,0.054969217238346524,0.028583992963940194,0.048812664907651716,0.04661389621811785,0.048812664907651716,0.03210202286719437,0.03869832893579595,0.040457343887423045,0.05672823218997362,0.055848724714160074,0.016270888302550572,0.03342128408091469,0.032981530343007916,0.030782761653474055,0.0773966578715919,0.014511873350923483,0.05804749340369393,0.025065963060686015,0.008795074758135445,0.028144239226033423
B:CGTTG,0.02431865828092243,0.07924528301886792,0.08888888888888889,0.04737945492662474,0.039832285115303984,0.06373165618448637,0.04612159329140461,0.061215932914046124,0.03731656184486373,0.04821802935010482,0.03647798742138365,0.05241090146750524,0.050733752620545074,0.01090146750524109,0.03773584905660377,0.02851153039832285,0.03647798742138365,0.059958071278826,0.019706498951781972,0.059958071278826,0.023060796645702306,0.00880503144654088,0.0389937106918239
B:CGTTT,0.030585795749092794,0.07413167444271643,0.1088646967340591,0.05909797822706065,0.04043545878693624,0.08812856402280975,0.05132192846034215,0.05702436495593572,0.055469155002592016,0.02851218247796786,0.041990668740279936,0.044582685329186106,0.04872991187143598,0.01762571280456195,0.03732503888024884,0.0383618455158113,0.03317781233799896,0.04872991187143598,0.015552099533437015,0.0383618455158113,0.021254536029030584,0.004665629860031105,0.01607050285121825
B:CTCAA,0.028937452901281087,0.08168801808590806,0.09253956292388847,0.05832705350414469,0.040241145440844006,0.0642049736247174,0.050339110776186885,0.04958553127354936,0.03963828183873399,0.041748304446119065,0.03511680482290882,0.059080633006782214,0.05470987189148455,0.016578749058025623,0.032705350414468724,0.031348907309721175,0.04385832705350415,0.06978146194423512,0.014167294649585532,0.04973624717407687,0.018839487565938208,0.00693293142426526,0.019894498869630746
B:CTCAC,0.02276043186460461,0.08885322439451415,0.08651882112634958,0.05908958272541581,0.0332652465713452,0.06944849722789612,0.04566676393346951,0.0519404727166618,0.04187335862270207,0.0405602567843595,0.03516194922672892,0.06638459293843012,0.048876568427195795,0.01225561715786402,0.03603735045229063,0.027283338196673477,0.04377006127808579,0.06011088415523782,0.012547417566384594,0.060840385176539245,0.021885030639042895,0.010067114093959731,0.024803034724248614
B:CTCAG,0.02626516102049352,0.10673358427436219,0.07737348389795065,0.05629443747386031,0.028523630280217482,0.053701380175658724,0.04884985361773317,0.05236302802174822,0.0480133835215391,0.039899623588456716,0.038310330405687994,0.06156419907988289,0.04968632371392723,0.011459640317858637,0.0328732747804266,0.02902551233793392,0.04575491426181514,0.07436219155165202,0.01313258051024676,0.04951902969468842,0.01982434127979925,0.0076955248849853615,0.0287745713090757
B:CTCAT,0.028220538280637576,0.094460412856023,0.08884243532793311,0.06728507969689052,0.03632087797230207,0.05134570159393781,0.055526522079958195,0.0474261823882937,0.03945649333681735,0.038019336294747845,0.03775803501437157,0.0644107656127515,0.05813953488372093,0.01019074993467468,0.03488372093023256,0.035145022210608834,0.030049647243271492,0.06493336817350405,0.01319571465900183,0.053305461196759864,0.01659263130389339,0.007447086490723805,0.027044682518944343
B:CTCCA,0.025924734641363783,0.08877452557092312,0.08542939852042457,0.05435831457060148,0.029398520424573818,0.04779671920231586,0.052235445480862015,0.05358636217433258,0.044580250884528785,0.042586040527500806,0.03769700868446446,0.06490833065294307,0.05525892569958186,0.012801543904792538,0.03454486973303313,0.03235767127693792,0.037632679318108715,0.07327114827918944,0.013637825667417176,0.05570923126407205,0.022836925056288194,0.006690254100997105,0.02798327436474751
B:CTCCC,0.027472001531540155,0.09150952426533933,0.0759069589355796,0.04671197472958744,0.029003541686608597,0.06413324399349095,0.0481477936249641,0.05657126447784053,0.03953288025270413,0.0366612424619508,0.041160141667464345,0.06107016368335407,0.05685842825691586,0.013305255097157078,0.03398104719058103,0.029482147985067483,0.04451038575667656,0.06183593376088829,0.013400976356848856,0.05858141093136786,0.026610510194314155,0.009572125969177754,0.03398104719058103
B:CTCCG,0.03131991051454139,0.08762117822520507,0.07475764354958986,0.047725577926920205,0.028337061894108874,0.04753914988814318,0.05126771066368382,0.05052199850857569,0.053691275167785234,0.03616703952274422,0.041200596569724086,0.05480984340044743,0.053877703206562266,0.01603281133482476,0.024049217002237135,0.030201342281879196,0.04586129753914989,0.07867263236390754,0.018269947800149143,0.05853840417598807,0.03411633109619687,0.008575689783743476,0.026845637583892617
B:CTCCT,0.028815995818086776,0.08755880815473079,0.07488238369053841,0.05253528489283847,0.029142707788813383,0.04489022477783586,0.05044432828018819,0.05554103502352326,0.04031625718766336,0.043714061683220076,0.03691845269210664,0.05697856769472034,0.05312336644014637,0.013787245164662834,0.030188186095138524,0.042929952953476215,0.039793518034500784,0.07690799790904339,0.011630946157867224,0.059265551489806584,0.02685572399372713,0.01450601150026137,0.029273392577104027
B:CTCGA,0.025622518946228797,0.0844460483579935,0.08913749548899315,0.05088415734391916,0.03536629375676651,0.05413208228076507,0.04547094911584266,0.0534103211836882,0.03067484662576687,0.038614218693612416,0.04511006856730422,0.06495849873691809,0.056658246120534106,0.019487549621075424,0.031396607722843736,0.02959220498015157,0.040418621436304585,0.06928906531937928,0.015878744135691087,0.05738000721761097,0.030313966077228437,0.006856730422230242,0.024900757849151932
B:CTCGC,0.02520107238605898,0.08793565683646112,0.08954423592493298,0.046380697050938335,0.03512064343163539,0.05522788203753351,0.05442359249329759,0.05924932975871314,0.03994638069705094,0.032171581769437,0.033780160857908845,0.04128686327077748,0.05415549597855228,0.012868632707774798,0.039142091152815014,0.03029490616621984,0.034048257372654156,0.06943699731903485,0.016890080428954422,0.06461126005361931,0.0388739946380697,0.007506702412868633,0.03190348525469169
B:CTCGG,0.03155818540433925,0.09341940111170881,0.07656446117984579,0.03944773175542406,0.028689259458490227,0.046261430876815494,0.05289582212659136,0.0566612874305182,0.04393042854581316,0.03155818540433925,0.03550295857988166,0.055585440200824815,0.054688900842746996,0.013986013986013986,0.028689259458490227,0.031199569661108123,0.055406132329209254,0.07261968800430339,0.0173928635467097,0.06221983145060068,0.03245472476241707,0.009861932938856016,0.029406490944952485
B:CTCGT,0.02779594506213211,0.09287115761935906,0.08273381294964029,0.04970568999345978,0.03433616742969261,0.04839764551994768,0.04349247874427731,0.0618051013734467,0.04251144538914323,0.04447351209941138,0.04087638979725311,0.046108567691301505,0.050359712230215826,0.015369522563767168,0.03237410071942446,0.029758011772400263,0.04153041203400916,0.06474820143884892,0.01209941137998692,0.06409417920209287,0.02877697841726619,0.009156311314584695,0.03662524525833878
B:CTCTA,0.024420325604341393,0.09817464232856438,0.09620128268376912,0.06314750863344845,0.036260483473112975,0.0801677355698076,0.055994079921065615,0.04686729156388752,0.03971386285150469,0.03971386285150469,0.03527380365071534,0.06413418845584608,0.051307350764676865,0.01480019733596448,0.03453379378391712,0.03428712382831771,0.03182042427232363,0.05303404045387272,0.014306857424765663,0.04193389245189936,0.020226936359151456,0.007646768623581648,0.01603354711396152
B:CTCTC,0.028721771541328656,0.0882481911861434,0.08024556018417014,0.058759044069283055,0.032010524007893004,0.03803990352992765,0.05777241832931375,0.05196228897171673,0.05251041438281079,0.04176715632536725,0.036505152378864286,0.058210918658189,0.05777241832931375,0.014580135935101952,0.032120149090111814,0.04056128042096031,0.03255864941898706,0.06829642622231967,0.013703135277351458,0.0639114229335672,0.020719140539355405,0.008112256084192063,0.022911642183731637
B:CTCTG,0.02655258887741555,0.09374539017554212,0.08305059743324975,0.059669567782858826,0.03119929193096327,0.05303142056350494,0.05347396371146187,0.05008113291045877,0.037026110045729456,0.04211535624723411,0.04366425726508335,0.06291488420120962,0.04985986133648031,0.013571323204012392,0.034960908688597137,0.03016669125239711,0.03636229532379407,0.07242956188228353,0.013940109160643163,0.05258887741554802,0.022717214928455524,0.009809706446378522,0.027068889216698627
B:CTCTT,0.030058503126891265,0.08371999193060319,0.10177526729876941,0.06616905386322372,0.03893483962073835,0.04861811579584426,0.055376235626386924,0.047811176114585435,0.04317127294734718,0.03671575549727658,0.03439580391365745,0.06142828323582812,0.054367561024813396,0.016643130925963284,0.03681662295743393,0.03681662295743393,0.03621141819648981,0.06142828323582812,0.014726649182973573,0.04962679039741779,0.017248335686907403,0.008876336493847085,0.01906394996973976
B:CTTAA,0.03389830508474576,0.06779661016949153,0.1440677966101695,0.06497175141242938,0.03672316384180791,0.05790960451977401,0.059322033898305086,0.04766949152542373,0.03001412429378531,0.03425141242937853,0.04590395480225989,0.06320621468926553,0.0568502824858757,0.01977401129943503,0.03954802259887006,0.027189265536723163,0.024717514124293787,0.05120056497175141,0.020480225988700564,0.03425141242937853,0.0211864406779661,0.006709039548022599,0.012358757062146893
B:CTTAC,0.028785046728971964,0.06654205607476636,0.09906542056074766,0.07626168224299065,0.03551401869158879,0.052336448598130844,0.059439252336448596,0.06018691588785047,0.03962616822429907,0.03663551401869159,0.041495327102803736,0.059439252336448596,0.05719626168224299,0.016822429906542057,0.03700934579439252,0.0302803738317757,0.027663551401869158,0.0508411214953271,0.015700934579439253,0.07065420560747664,0.017570093457943924,0.007476635514018692,0.013457943925233645
B:CTTAG,0.030571198712791632,0.09010458567980692,0.12027353177795656,0.07361222847948512,0.04102976669348351,0.05229283990345937,0.047868061142397424,0.04585679806918745,0.042236524537409496,0.04424778761061947,0.04304102976669348,0.054706355591311345,0.051890587288817375,0.014883346741753822,0.038616251005631534,0.030571198712791632,0.02413515687851971,0.04947707160096541,0.016894609814963796,0.038616251005631534,0.023732904263877714,0.008849557522123894,0.016492357200321803
B:CTTAT,0.03515263644773358,0.07184705519580635,0.11193339500462535,0.08294788775824853,0.04748689485044712,0.04872032069071847,0.05519580635214308,0.05766265803268578,0.039469626888683315,0.03515263644773358,0.039469626888683315,0.060129509713228495,0.05519580635214308,0.014492753623188406,0.037927844588344126,0.03515263644773358,0.01572617946345976,0.04810360777058279,0.017884674683934627,0.05704594511255011,0.016034535923527597,0.005550416281221091,0.01171754548257786
B:CTTCA,0.025844777040580157,0.07830581700354884,0.10700509180681994,0.06279895077920074,0.03587409350408888,0.0495293936120969,0.04968369078845857,0.05616417219564882,0.040657305971300725,0.03919148279586484,0.04135164326492825,0.061487424780126525,0.058324332664712236,0.016586946458879804,0.035488350563184695,0.03625983644499306,0.03078228668415368,0.0633389908964666,0.01666409504706064,0.04922079925937355,0.017975621046134857,0.007637710229902793,0.019827187162474925
B:CTTCC,0.028507126781695424,0.09039759939984997,0.09114778694673668,0.05453863465866467,0.030232558139534883,0.05611402850712678,0.05356339084771193,0.05393848462115529,0.04268567141785446,0.038634658664666165,0.040060015003750934,0.05866466616654164,0.051762940735183796,0.015828957239309827,0.03428357089272318,0.03308327081770442,0.04606151537884471,0.06271567891972993,0.013203300825206302,0.04876219054763691,0.020930232558139535,0.009152288072018004,0.025731432858214554
B:CTTCG,0.024581307401404646,0.09103187466234468,0.0823878984332793,0.05726634251755808,0.030524041058887088,0.05726634251755808,0.047271745002701246,0.05753646677471637,0.03646677471636953,0.03727714748784441,0.04051863857374392,0.052133981631550516,0.0526742301458671,0.01620745542949757,0.03268503511615343,0.030253916801728797,0.03241491085899514,0.07590491626148028,0.012155591572123177,0.06726094003241491,0.031334413830361965,0.008914100486223663,0.02593192868719611
B:CTTCT,0.026604172167942964,0.08648006337470293,0.10337998415632427,0.06291259572220755,0.0332057037232638,0.04891734882492738,0.05248217586480063,0.05155796144705572,0.042117771322946924,0.0355822550831793,0.037760760496435175,0.059149722735674676,0.05974386057565355,0.013203063110641669,0.03492210192764721,0.03518616318986005,0.029640876683390546,0.0720227092685503,0.015183522577237919,0.05050171639820438,0.02277528386585688,0.007723791919725376,0.018946395563770795
B:CTTGA,0.031860495607709455,0.08522354792185656,0.10934836764127442,0.06398321751671693,0.034351645470040645,0.049298544644027796,0.05139635505441196,0.04785629998688869,0.03933394519470303,0.04182509505703422,0.036973908483020845,0.059132030942703556,0.05362527861544513,0.016520256981775273,0.03343385341549757,0.03212272190900747,0.041956208207683234,0.06962108299462436,0.01494689917398715,0.04116952930378917,0.021764783007735676,0.005506752327258424,0.018749180542808445
B:CTTGC,0.02804684111609079,0.08428509469423161,0.08977880584068237,0.057973109729651584,0.03599826514384849,0.05985253722712158,0.05276854127511927,0.050455399739771575,0.04770854416654619,0.03903426340899234,0.04047997686858465,0.05840682376752927,0.051901113199363885,0.01315599248229001,0.033974266300419255,0.029637125921642332,0.034986265722133876,0.059563394535203124,0.016047419401474628,0.048865114934220036,0.023998843429232326,0.016770276131270783,0.02631198496458002
B:CTTGG,0.02643171806167401,0.08540248297957549,0.0908089707649179,0.056868241890268324,0.03344012815378454,0.054665598718462154,0.05036043251902283,0.053864637565078095,0.052663195835002,0.04104925911093312,0.03894673608329996,0.06017220664797757,0.0579695634761714,0.013315979175010012,0.035042050460552664,0.03063676411694033,0.0355426511814177,0.06728073688426112,0.014517420905086103,0.04535442531037245,0.022827392871445733,0.007308770524629555,0.02553063676411694
B:CTTGT,0.03076702919290212,0.07999427590154551,0.11233543216943331,0.06453921007441328,0.03720663995420721,0.05480824270177447,0.05165998855180309,0.04736691471093303,0.04092730394962794,0.03319977103606182,0.0383514596451059,0.05623926731539782,0.05852890669719519,0.01473955352032055,0.03477389811104751,0.03477389811104751,0.03262736119061248,0.0589582140812822,0.014024041213508873,0.04879793932455638,0.0250429307384087,0.006868918145392101,0.02346880366342301
B:CTTTA,0.02941798941798942,0.06835978835978836,0.15005291005291005,0.07555555555555556,0.04465608465608466,0.06095238095238095,0.06010582010582011,0.04867724867724868,0.03661375661375661,0.03513227513227513,0.034074074074074076,0.056084656084656084,0.05735449735449735,0.021375661375661374,0.03322751322751323,0.0344973544973545,0.018624338624338623,0.0455026455026455,0.012486772486772487,0.040634920634920635,0.0182010582010582,0.006984126984126984,0.011428571428571429
B:CTTTC,0.030508474576271188,0.07399181765049678,0.11537112799532437,0.06779661016949153,0.039859731151373465,0.04605493863237872,0.06323787258912916,0.049678550555230856,0.040794856808883694,0.04301578024547049,0.03904149620105202,0.05774400935125658,0.05821157218001169,0.020338983050847456,0.03541788427819988,0.03226183518410286,0.028755113968439508,0.0510812390414962,0.016832261835184104,0.05236703682057276,0.016481589713617767,0.007597895967270602,0.013559322033898305
B:CTTTG,0.028771147806706514,0.08317293080741567,0.12298652618782291,0.0655455374328842,0.03474825245669132,0.051970418397325496,0.05369263499138892,0.05369263499138892,0.034343025022794044,0.035052173032114275,0.037888765069395196,0.06017627393374531,0.05855536419815621,0.015297335629622126,0.04153581197447067,0.03454563873974268,0.0297842163914497,0.055516158443926655,0.016209097355890992,0.0427514942761625,0.019248303110120556,0.006483638942356398,0.01803262080842873
B:CTTTT,0.02976190476190476,0.07491015274034142,0.13634321653189577,0.07075471698113207,0.04559748427672956,0.058288409703504046,0.061096136567834684,0.05312219227313567,0.04189128481581312,0.03537735849056604,0.03919586702605571,0.051662174303683736,0.052336028751123094,0.018755615453728662,0.03133423180592992,0.034928122192273134,0.024146451033243487,0.044249775381850855,0.01853099730458221,0.038971248876909254,0.017632524707996405,0.008086253369272238,0.01302785265049416
B:GACAA,0.027388432415015304,0.09795392299017239,0.10858707910423715,0.060737876590945705,0.038827130658933465,0.060093442887062996,0.05300467214435315,0.04833252779120348,0.033832769453842435,0.041404865474464314,0.03415498630578379,0.06138231029482842,0.05638794908973739,0.013533107781536975,0.03367166102787176,0.03431609473175447,0.03528274528757854,0.05864346705332689,0.015466408893185114,0.039632672788786856,0.02142742065410021,0.005799903334944417,0.020138553246334782
B:GACAC,0.02497535326979954,0.10220177456457444,0.08379888268156424,0.05225106802497535,0.028097272428524483,0.0573447255997371,0.04863621426224121,0.0553729871837003,0.04452842589549787,0.03762734143936904,0.03812027604337825,0.06276700624383831,0.04830759119290174,0.012816299704239238,0.030726256983240222,0.033355241537955965,0.052415379559645085,0.059645087085113374,0.013309234308248439,0.05340124876766349,0.02201774564574433,0.010515938218862965,0.027768649359185014
B:GACAG,0.02546632413716073,0.11571540265832682,0.08600469116497264,0.05182620350720429,0.04545962247291411,0.06009158941137049,0.04948062102088685,0.04847537138389367,0.040768457500279236,0.04155031832905171,0.03585390371942366,0.05707584050039093,0.05774600692505306,0.010610968390483637,0.03294984921255445,0.027588517815257455,0.03473695967832011,0.06266056070590863,0.014967050150787446,0.04300234558248632,0.018764659890539485,0.011392829219256115,0.027811906623478162
B:GACAT,0.026747620610436496,0.0971447325237939,0.10452904496225796,0.05776173285198556,0.038562520511979,0.05119789957335084,0.047751887102067604,0.05480800787659994,0.05004922874958976,0.04168034131933049,0.036101083032490974,0.0631768953068592,0.05530029537249754,0.014276337381030521,0.03807023301608139,0.031014112241549065,0.030029537249753855,0.051854282901214306,0.018871020676074827,0.04151624548736462,0.016573679028552675,0.009189366590088613,0.02379389563505087
B:GACCA,0.02378964941569282,0.09307178631051753,0.10072342793544797,0.05884808013355593,0.038536449638286036,0.058291597106288257,0.05690038953811909,0.05523094045631608,0.037562604340567615,0.038536449638286036,0.038953811908736785,0.06371730662214803,0.052170283806343906,0.0162771285475793,0.031302170283806344,0.029771841958820256,0.03297161936560935,0.057317751808569836,0.015164162493043962,0.048274902615470225,0.020311630495269895,0.008069003895381191,0.024207011686143573
B:GACCC,0.025702331141661684,0.13120143454871488,0.06784219964136282,0.0440824865511058,0.030484160191273164,0.06918708906156605,0.04946204423191871,0.04722056186491333,0.044680215182307234,0.04453078302450687,0.03750747160789002,0.05394500896592947,0.04378362223550508,0.012851165570830842,0.031231320980274955,0.025254034668260608,0.04019725044829647,0.06799163179916318,0.012402869097429766,0.060669456066945605,0.02181709503885236,0.009115361625821878,0.028840406455469217
B:GACCG,0.025395656974604344,0.11740890688259109,0.08354803091645197,0.04416635995583364,0.02686786897313213,0.044534412955465584,0.04600662495399337,0.05189547294810453,0.04158998895841001,0.03570114096429886,0.03754140596245859,0.061832903938167094,0.05741626794258373,0.013986013986013986,0.028708133971291867,0.025027603974972397,0.030916451969083547,0.07581891792418108,0.015090172984909826,0.06514538093485461,0.032388663967611336,0.009201324990798674,0.02981229297018771
B:GACCT,0.02755609095015811,0.10284595693419665,0.08161421472669779,0.05661797921999699,0.029363047733775034,0.06685740099382623,0.047583195301912365,0.05149826833308237,0.039753049239572354,0.03734377352808312,0.03674145460021081,0.06384580635446468,0.04502333985845505,0.013251016413190785,0.030417105857551575,0.027857250414094262,0.03659087486824274,0.07513928625207048,0.014606234000903478,0.05405812377653968,0.02318927872308387,0.008432464990212317,0.029814786929679263
B:GACGA,0.02757417102966841,0.09284467713787085,0.08167539267015707,0.04502617801047121,0.033856893542757414,0.041884816753926704,0.0537521815008726,0.055846422338568937,0.0356020942408377,0.04118673647469459,0.03769633507853403,0.057242582897033156,0.055846422338568937,0.0150087260034904,0.028970331588132635,0.030366492146596858,0.041884816753926704,0.07469458987783595,0.018848167539267015,0.059336823734729496,0.0268760907504363,0.011169284467713788,0.03280977312390925
B:GACGC,0.02862916807005726,0.07982485685415965,0.07780397440215561,0.04109127652408218,0.03166049174806332,0.03671269787807342,0.052206130010104414,0.046817110138093636,0.04648029639609296,0.04075446278208151,0.038396766588076794,0.04917480633209835,0.05186931626810374,0.013472549680026945,0.03267093297406534,0.0306500505220613,0.07342539575614684,0.06837318962613674,0.016167059616032334,0.06871000336813742,0.033007746716066017,0.009430784776018861,0.03267093297406534
B:GACGG,0.02625888168056843,0.0963855421686747,0.07167130058696324,0.04294099474822367,0.028730305838739572,0.04664813098548038,0.05344454742045104,0.05097312326227989,0.03583565029348162,0.033364226135310475,0.046030274945937595,0.06363917207290701,0.06178560395427865,0.013592832869941304,0.03583565029348162,0.031819586036453504,0.043867778807537845,0.0688909484090207,0.014519616929255484,0.059932035835650294,0.023478529502625887,0.017608897126969416,0.03274637009576769
B:GACGT,0.024247491638795988,0.08695652173913043,0.07692307692307693,0.04933110367892977,0.03469899665551839,0.051839464882943144,0.04598662207357859,0.05309364548494983,0.05016722408026756,0.043478260869565216,0.05100334448160535,0.04306020066889632,0.049749163879598664,0.015050167224080268,0.027591973244147156,0.023411371237458192,0.05309364548494983,0.06354515050167224,0.017140468227424748,0.06981605351170568,0.024665551839464884,0.012123745819397994,0.03302675585284281
B:GACTA,0.03497122620628597,0.09606020362992475,0.099601593625498,0.059318282425852145,0.03762726870296591,0.05223550243470562,0.051350154935812305,0.05887560867640549,0.029216467463479414,0.03275785745905268,0.0451527224435591,0.06330234617087206,0.06020362992474546,0.015050907481186366,0.03497122620628597,0.0283311199645861,0.029216467463479414,0.0566622399291722,0.01814962372731297,0.04648074369189907,0.023019034971226208,0.007525453740593183,0.0199203187250996
B:GACTC,0.025071633237822348,0.11121060171919771,0.08972063037249284,0.0542621776504298,0.03402578796561605,0.050680515759312324,0.05211318051575931,0.05784383954154728,0.02739971346704871,0.03886103151862464,0.039040114613180514,0.06858882521489972,0.055873925501432664,0.01181948424068768,0.032234957020057305,0.03241404011461318,0.03205587392550143,0.0680515759312321,0.012535816618911174,0.05139684813753582,0.022027220630372494,0.0082378223495702,0.024534383954154727
B:GACTG,0.027302773386980887,0.12271878143411409,0.09584710446903291,0.05546773961776117,0.03635579824687455,0.05115677539876419,0.05043828136226469,0.0479954016381664,0.04138525650237103,0.04354073861186952,0.03520620778847536,0.06107199310245725,0.05474924558126167,0.015088374766489438,0.03190113522057767,0.02917085788187958,0.02960195430377928,0.055036643195861476,0.015375772381089238,0.04440293145566892,0.019974134214686017,0.011639603391291851,0.0245724960482828
B:GACTT,0.028335093277015135,0.08166138683562126,0.11316437873988032,0.0725096796902499,0.03326293558606125,0.05719816965857093,0.04787046814501936,0.04452657514959521,0.03607884547694474,0.03748680042238648,0.04012671594508976,0.0559662090813094,0.061422034494896166,0.01566349876803942,0.03273495248152059,0.03308694121788103,0.028511087645195353,0.06705385427666315,0.013727560718057022,0.04558254135867652,0.021471312917986624,0.007743752199929602,0.02481520591341077
B:GATAA,0.029766919404661613,0.06908171861836562,0.11148553777028924,0.07188991856220163,0.04577365908452682,0.05447907891041842,0.06739679865206402,0.05335579893288402,0.03931479921370402,0.033136759337264815,0.03819151923616962,0.06852007862959843,0.05841055883178883,0.016006739679865205,0.033136759337264815,0.031171019376579612,0.04717775905644482,0.03903397921932041,0.02106149957877001,0.033979219320415616,0.016568379668632408,0.006458859870822803,0.014602639707947207
B:GATAC,0.03617269544924154,0.08440295604823025,0.11824192921042397,0.06962271489692727,0.03267211201866978,0.0750680669000389,0.058343057176196034,0.056009334889148193,0.034227926876701675,0.0338389731621937,0.04161804745235317,0.06417736289381563,0.055620381174640215,0.016725009723842863,0.039673278879813305,0.033061065733177755,0.01866977829638273,0.038895371450797356,0.020614546868922598,0.03267211201866978,0.016725009723842863,0.006223259432127577,0.016725009723842863
B:GATAG,0.028700906344410877,0.08496978851963746,0.11027190332326284,0.06986404833836858,0.06646525679758308,0.050981873111782476,0.05362537764350453,0.05777945619335347,0.030966767371601207,0.03512084592145015,0.04267371601208459,0.06797583081570997,0.05324773413897281,0.014350453172205438,0.035498489425981876,0.03625377643504532,0.02001510574018127,0.04947129909365559,0.02190332326283988,0.03172205438066465,0.01472809667673716,0.007930513595166163,0.015483383685800604
B:GATAT,0.038405586267093395,0.07215594995635728,0.12510910677916787,0.07186499854524295,0.03956939191155077,0.06546406750072738,0.054116962467267965,0.04713412860052371,0.04218795461157986,0.04015129473377946,0.04102414896712249,0.055280768111725345,0.05848123363398312,0.014547570555717195,0.04015129473377946,0.039278440500436426,0.03229560663369217,0.03811463485597905,0.020366598778004074,0.030258946755891768,0.014547570555717195,0.006109979633401222,0.01338376491125982
B:GATCA,0.034642460170433494,0.08558725453871804,0.10300111152278622,0.06798814375694702,0.036865505742867725,0.047980733605038905,0.049462763986661724,0.060207484253427195,0.0385327899221934,0.041311596887736196,0.043719896257873286,0.06557984438680993,0.05038903297517599,0.01333827343460541,0.036680251945164874,0.03353093738421638,0.023897739903668024,0.06261578362356428,0.014449796220822526,0.04464616524638755,0.019451648758799556,0.007224898110411263,0.018895887365690995
B:GATCC,0.027655986509274873,0.12225969645868466,0.08954468802698146,0.054468802698145025,0.03136593591905565,0.06559865092748736,0.05227655986509275,0.05278246205733558,0.03861720067453626,0.035075885328836424,0.04215851602023609,0.06829679595278246,0.04671163575042159,0.010961214165261383,0.032715008431703205,0.030016863406408096,0.02984822934232715,0.057672849915682965,0.010623946037099494,0.05328836424957842,0.01821247892074199,0.008768971332209106,0.021079258010118045
B:GATCG,0.03270745003028468,0.09145972138098123,0.07631738340399757,0.056329497274379164,0.03270745003028468,0.041792852816474865,0.05027256208358571,0.07510599636583888,0.03634161114476075,0.03634161114476075,0.034524530587522716,0.059357964869775896,0.052695336159903086,0.014536644457904301,0.029073288915808602,0.03815869170199879,0.03513022410660206,0.06480920654149,0.021804966686856452,0.05208964264082374,0.02604482132041187,0.01150817686250757,0.030890369473046637
B:GATCT,0.03152504400704113,0.10705712914066251,0.08961433829412706,0.0628900624099856,0.030244839174267884,0.06353016482637222,0.045287245959353496,0.05344855176828293,0.039366298607777246,0.038086093775004,0.040646503440550485,0.05824931989118259,0.0542486797887662,0.013922227556409025,0.03168506961113778,0.03456553048487758,0.02512401984317491,0.06993118899023844,0.014242278764602337,0.05232837253960634,0.020003200512081935,0.007681228996639462,0.01632261161785886
B:GATGA,0.030599520383693044,0.08767386091127098,0.09410071942446044,0.06417266187050359,0.03980815347721822,0.05122302158273381,0.049784172661870504,0.05083932853717026,0.03645083932853717,0.04402877697841727,0.039520383693045565,0.062446043165467625,0.056211031175059954,0.012949640287769784,0.035107913669064746,0.033285371702637886,0.03980815347721822,0.06666666666666667,0.015347721822541967,0.04508393285371703,0.01697841726618705,0.007577937649880096,0.020335731414868104
B:GATGC,0.028852920478536243,0.08177339901477833,0.09415904292751584,0.05953553835327234,0.038001407459535536,0.06558761435608726,0.054046446164672766,0.04757213230119634,0.03194933145672062,0.04039408866995074,0.039127375087966224,0.05812807881773399,0.05095003518648839,0.013370865587614356,0.035467980295566505,0.03251231527093596,0.036734693877551024,0.07023223082336383,0.016608022519352568,0.04785362420830401,0.02054890921885996,0.007741027445460943,0.028852920478536243
B:GATGG,0.02688674348593377,0.09021073393543029,0.0999688570538773,0.05470777535554863,0.03228485414720233,0.050451572718779196,0.050451572718779196,0.051385861102460295,0.03986297103706011,0.04069344960033219,0.03799439426969791,0.0631163708086785,0.05501920481677567,0.015260043600124572,0.03737153534724385,0.0310391363022942,0.038513443371742964,0.06488113775563169,0.014637184677670508,0.051801100384096334,0.019827675698121043,0.007681926710266791,0.025952455102252674
B:GATGT,0.030549607423269093,0.0846538187009279,0.10078515346181299,0.06338329764453962,0.03911491791577445,0.05481798715203426,0.05153461812990721,0.05624553890078515,0.03611705924339757,0.038401142041399,0.03354746609564597,0.06723768736616702,0.056102783725910065,0.014561027837259101,0.03411848679514633,0.033832976445396144,0.028836545324768023,0.05124910778015703,0.015988579586009993,0.05638829407566024,0.01841541755888651,0.007566024268379728,0.026552462526766595
B:GATTA,0.0350210970464135,0.0890295358649789,0.11687763713080168,0.06624472573839663,0.04767932489451477,0.05189873417721519,0.05949367088607595,0.04852320675105485,0.03080168776371308,0.0379746835443038,0.042616033755274264,0.05822784810126582,0.05738396624472574,0.017721518987341773,0.032489451476793246,0.029535864978902954,0.04388185654008439,0.04852320675105485,0.01729957805907173,0.02869198312236287,0.017721518987341773,0.008016877637130802,0.014345991561181435
B:GATTC,0.031366075113495664,0.07635163021048287,0.11494015683037556,0.06933553446141147,0.034667767230705734,0.06170037144036319,0.06211308295501444,0.05220800660338423,0.051176227816756084,0.031572430870821296,0.03838217086256707,0.055716054477919934,0.059224102352455635,0.017333883615352867,0.0330169211721007,0.034667767230705734,0.021254643004539827,0.053652496904663644,0.01692117210070161,0.04333470903838217,0.0175402393726785,0.007841518778373916,0.015683037556747832
B:GATTG,0.03597883597883598,0.09788359788359788,0.11931216931216931,0.06005291005291005,0.036243386243386244,0.04894179894179894,0.05264550264550265,0.050793650793650794,0.03306878306878307,0.036243386243386244,0.04417989417989418,0.05476190476190476,0.052116402116402116,0.01798941798941799,0.03835978835978836,0.03439153439153439,0.02962962962962963,0.05555555555555555,0.020634920634920634,0.0380952380952381,0.018783068783068783,0.009259259259259259,0.01507936507936508
B:GATTT,0.027489626556016597,0.0739972337482711,0.11964038727524205,0.07659059474412172,0.04253112033195021,0.057918395573997236,0.06327800829875518,0.05446058091286307,0.039073305670816044,0.03699861687413555,0.04322268326417704,0.05169432918395574,0.06016597510373444,0.019536652835408022,0.03371369294605809,0.036479944674965424,0.02161134163208852,0.050484094052558784,0.01625172890733057,0.036479944674965424,0.017461964038727525,0.007952973720608575,0.012966804979253113
B:GCCAA,0.03215223097112861,0.08950131233595801,0.0979002624671916,0.05603674540682415,0.03543307086614173,0.0489501312335958,0.05656167979002625,0.049343832020997375,0.047244094488188976,0.04199475065616798,0.03832020997375328,0.060498687664042,0.0562992125984252,0.012073490813648294,0.03674540682414698,0.03215223097112861,0.03635170603674541,0.06325459317585302,0.016404199475065617,0.03937007874015748,0.023359580052493438,0.008661417322834646,0.021391076115485564
B:GCCAC,0.028472906403940887,0.1006896551724138,0.0845320197044335,0.05182266009852217,0.029261083743842363,0.05458128078817734,0.0470935960591133,0.05270935960591133,0.036551724137931035,0.04157635467980295,0.03576354679802956,0.07635467980295567,0.05379310344827586,0.013004926108374384,0.03221674876847291,0.028275862068965516,0.03881773399014778,0.06236453201970443,0.013300492610837438,0.05940886699507389,0.023251231527093595,0.007586206896551724,0.02857142857142857
B:GCCAG,0.025887414844030118,0.11617067049121549,0.08433130154177125,0.049695231265686625,0.028540695589817137,0.04596629616349946,0.04381498745069917,0.049551810684833275,0.037934743635711726,0.04295446396557906,0.038293295087845104,0.06188598063822159,0.05148798852635353,0.011545356758694872,0.03219792040157762,0.03334528504840445,0.041305127285765506,0.06597346719254213,0.012621011115095017,0.05686626030835425,0.02301900322696307,0.015346002151308713,0.03126568662603083
B:GCCAT,0.030525177262348276,0.09229659896647037,0.08676841725754116,0.059728398029083044,0.033529623843288066,0.04674918879942314,0.05420021632015383,0.046869366662660734,0.03929816127869246,0.038697271962504505,0.03821656050955414,0.06345391178944838,0.05936786443937027,0.015983655810599687,0.037255137603653406,0.03364980170652566,0.034851580338901574,0.06477586828506189,0.01682490085326283,0.049272923927412574,0.021992548972479268,0.008652806153106598,0.02704001922845812
B:GCCCA,0.02761016639239349,0.10239531907112817,0.07368805997440117,0.044980800877674164,0.026878771256171146,0.05284329859206436,0.045712196013896506,0.04891204973486926,0.042969464253062715,0.04178094715670141,0.03848966904370086,0.06692265496434449,0.051289083927591884,0.012982263667946609,0.03912963978789541,0.028341561528615836,0.04260376668495155,0.06728835253245566,0.011610897787529714,0.06125434265862132,0.028615834704699215,0.011153775827390747,0.03254708356189431
B:GCCCC,0.025697439056587168,0.0962773915339259,0.06688374548974743,0.04329842471178386,0.026665493267622988,0.058787292088356945,0.048930740121446804,0.05605913931180146,0.04215436064419607,0.043650444424887795,0.043738449353163775,0.061955469506292354,0.050602833758690485,0.012408694886913667,0.03212179882073396,0.026049458769691104,0.0484027105517909,0.0696999031945789,0.011792660388981782,0.06626771099181554,0.02472938484555135,0.01372876881105342,0.03009768547038634
B:GCCCG,0.02635683094198378,0.10729881472239551,0.07439176543980038,0.04320024953212726,0.027604491578290705,0.0325951341235184,0.06035558328134747,0.047411104179663134,0.03898939488459139,0.03415470991890206,0.03976918278228322,0.05848409232688709,0.05037429819089208,0.016063630692451654,0.030879600748596383,0.029631940112289458,0.04398003742981909,0.06924516531503432,0.017155333749220212,0.07392389270118528,0.03727386150966937,0.012008733624454149,0.02885215221459763
B:GCCCT,0.02464788732394366,0.09741784037558686,0.07052923602219377,0.04950917626973965,0.026568501920614596,0.04310712761416987,0.0470550576184379,0.05046948356807512,0.04524114383269313,0.04748186086214255,0.040439607341015794,0.06252667520273154,0.050789586000853607,0.010243277848911651,0.03691848058045241,0.027528809218950064,0.04918907383696116,0.07309005548442168,0.013764404609475032,0.06338028169014084,0.0274221084080239,0.010349978659837816,0.0323303457106274
B:GCCGA,0.0246756550496057,0.10404477232256423,0.07504451793436785,0.040193335029254644,0.03103535995929789,0.04451793436784533,0.052912744848639025,0.05316713304502671,0.05011447468837446,0.032561689137624014,0.03434240651233783,0.060544390740269655,0.0513864156703129,0.01602645637242432,0.0307809717629102,0.031289748155685575,0.04604426354617146,0.07224624777410328,0.016535232765199696,0.062325108114983464,0.0287458661918087,0.00966675146273213,0.03179852454846095
B:GCCGC,0.02134247484241955,0.09742342143094106,0.07519628441888754,0.0429061152272476,0.0319584208780272,0.033506579674886655,0.06535441778170961,0.05263739909322128,0.04920933318588964,0.03394891075970364,0.033838327988499395,0.05009399535552361,0.05374322680526374,0.018909653875926132,0.029083268826716798,0.02631869954661064,0.05252681632201703,0.06502266946809687,0.018246157248700653,0.06546500055291386,0.04323786354086034,0.009952449408382174,0.030078513767555014
B:GCCGG,0.025599529204060615,0.09695453876710314,0.0712078858319847,0.04281300573782551,0.037222303957628364,0.041341768427247315,0.05458290422245108,0.0539944092982198,0.048109460055907015,0.037516551419744006,0.042224510813594233,0.05664263645726056,0.04707959393850228,0.017066352802707078,0.025893776666176253,0.025158158010887156,0.04237163454465205,0.07282624687362071,0.014712373105781962,0.06649992643813447,0.03545681918493453,0.014565249374724143,0.030160364866853022
B:GCCGT,0.019846520243450648,0.1243715268589574,0.07621063773485048,0.04789626885419423,0.03043133103995766,0.05027785128340831,0.0439269648055041,0.04974861074358296,0.03731145805768722,0.03810531886742524,0.03995766075681397,0.061391902619740674,0.05662873776131252,0.014818735115109817,0.03545911616829849,0.02990209050013231,0.03598835670812384,0.06615506747816882,0.01587721619476052,0.05345329452236041,0.03043133103995766,0.013231013495633765,0.028578989150568935
B:GCCTA,0.03681229773462783,0.0889967637540453,0.09951456310679611,0.05906148867313916,0.03519417475728155,0.07605177993527508,0.06270226537216829,0.046521035598705504,0.04854368932038835,0.03478964401294499,0.03964401294498382,0.06067961165048544,0.05177993527508091,0.008090614886731391,0.031957928802589,0.029935275080906147,0.02953074433656958,0.059870550161812294,0.015372168284789644,0.04288025889967637,0.016181229773462782,0.0056634304207119745,0.020226537216828478
B:GCCTC,0.030297549063941394,0.08745591028307859,0.07633173555213892,0.04892828072714118,0.027674776159898707,0.06285610925205752,0.04892828072714118,0.0479334358325043,0.0428687709143529,0.04259744957945193,0.040065117120376234,0.060866419462783754,0.0470290313828344,0.014380030749751289,0.033462964637786016,0.030387989508908385,0.0444966989237587,0.07669349733200688,0.011395496065840643,0.05607307587953333,0.02848874016460161,0.007868318712128064,0.032920321967984084
B:GCCTG,0.02906419674225487,0.10268284893005429,0.07928776748642606,0.04758862983072501,0.026189715745768127,0.05070265091025231,0.04487384222293197,0.051900351325455125,0.04918556371766209,0.039603960396039604,0.03784733312040881,0.062120728201852445,0.04838709677419355,0.011178537208559566,0.03433407856914724,0.028744809964867453,0.04559246247205366,0.06763015011178537,0.01301501117853721,0.057409773235388054,0.02507186202491217,0.016687959118492496,0.030900670712232514
B:GCCTT,0.029434250764525993,0.08498980632008155,0.0891946992864424,0.06027013251783894,0.03121814475025484,0.06103465851172273,0.05122324159021407,0.0445973496432212,0.041029561671763505,0.0386085626911315,0.039755351681957186,0.06256371049949032,0.053389398572884814,0.013251783893985729,0.034021406727828746,0.028669724770642203,0.033766564729867485,0.06689602446483181,0.015672782874617736,0.06511213047910296,0.02420998980632008,0.00815494393476045,0.022935779816513763
B:GCTAA,0.028960070206230804,0.07898200965335674,0.12593242650285214,0.07240017551557701,0.0443176831943835,0.05792014041246161,0.05265467310223782,0.04256252742430891,0.03203159280386134,0.031154014918824045,0.035103115401491886,0.060114085125054846,0.06143045195261079,0.013163668275559455,0.03949100482667837,0.035980693286529176,0.02632733655111891,0.060114085125054846,0.013602457218078104,0.030276437033786747,0.020623080298376482,0.007898200965335674,0.028960070206230804
B:GCTAC,0.03452751817237799,0.09527518172377986,0.10072689511941849,0.0529595015576324,0.03582554517133956,0.04569055036344756,0.05451713395638629,0.051661474558670824,0.0347871235721703,0.036344755970924195,0.041796469366562825,0.06438213914849429,0.05010384215991693,0.014278296988577362,0.0446521287642783,0.03686396677050883,0.03245067497403946,0.05763239875389408,0.015316718587746626,0.04439252336448598,0.02544132917964694,0.00960539979231568,0.020768431983385256
B:GCTAG,0.03286807744259343,0.1319225574065736,0.09770373705538046,0.059882935614588025,0.03376857271499325,0.054930211616389016,0.05943268797838811,0.04592525889239082,0.0270148581719946,0.03241782980639352,0.03466906798739307,0.0724898694281855,0.04727600180099054,0.012156686177397569,0.039171544349392164,0.03061683926159388,0.022062134173795586,0.053579468707789284,0.013957676722197209,0.042323277802791534,0.020261143628995948,0.01620891490319676,0.01936064835659613
B:GCTAT,0.03596638655462185,0.1065546218487395,0.10487394957983193,0.06789915966386555,0.05243697478991596,0.05243697478991596,0.05445378151260504,0.05512605042016807,0.03159663865546219,0.03159663865546219,0.031932773109243695,0.061512605042016805,0.0611764705882353,0.016134453781512605,0.041008403361344536,0.03596638655462185,0.020168067226890758,0.04739495798319328,0.019831932773109243,0.03394957983193277,0.013445378151260505,0.008739495798319327,0.015798319327731094
B:GCTCA,0.025904261668855198,0.11328637937209025,0.07544466992956905,0.05407663841470694,0.03223110898889817,0.03987107556404441,0.04810791452787394,0.0494210337829772,0.03999045004178107,0.03867733078667781,0.03485734749910469,0.07210218455294258,0.05407663841470694,0.01241494568461263,0.035096096454578014,0.027575504357168438,0.04548167601766742,0.0711471887310493,0.013966813895189209,0.053121642592813656,0.0217261549480721,0.011937447773665991,0.029485496000954996
B:GCTCC,0.023916782701285937,0.09501187648456057,0.07600950118764846,0.048325006143009254,0.029814071586534523,0.05184699811614383,0.04930788762388402,0.04807928577279057,0.04578589565074945,0.03906953886477189,0.03784093701367843,0.05790810058153821,0.05446801539847653,0.013596527152100909,0.030715046277336393,0.037267589483168155,0.04382013268899992,0.07535424686706528,0.013596527152100909,0.05659759194037186,0.028585469735441068,0.009255467278237365,0.033827504300106476
B:GCTCG,0.028042191921790582,0.0820684332390018,0.08695652173913043,0.048109081553897606,0.02727038847440185,0.043992796501157706,0.05016722408026756,0.06045793671211731,0.04167738615899151,0.028813995369179314,0.03678929765886288,0.05016722408026756,0.05762799073835863,0.015178801131978389,0.033444816053511704,0.02727038847440185,0.05891432981733985,0.06534602521224595,0.020066889632107024,0.06277334705428352,0.03678929765886288,0.00926164136866478,0.028813995369179314
B:GCTCT,0.024759433452265108,0.09071250946048222,0.08530651962374311,0.056871013082495404,0.0333008973943129,0.04205860092983025,0.0502757054816737,0.05308682019677803,0.04292355930370851,0.04108552275921721,0.04346415828738242,0.06606119580495189,0.05795221104984322,0.012541896421234728,0.03416585576819116,0.032435939020434644,0.03849064763758244,0.07211590442209968,0.013190615201643422,0.05103254405881717,0.0223807979240999,0.009298302519191264,0.026489350200021623
B:GCTGA,0.024593924933467928,0.09397081765623566,0.08158208681288429,0.06203542259337432,0.02982472240066073,0.05111498577590162,0.04964669175002294,0.04726071395797008,0.03716619253005414,0.03551436175094062,0.04129576947783794,0.06276956960631366,0.051849132788840964,0.0124804992199688,0.0343213728549142,0.03193539506286134,0.05276681655501514,0.07414884830687345,0.014591171882169405,0.050013765256492614,0.022299715518032486,0.008075617142332752,0.03074240616683491
B:GCTGC,0.0241335925883564,0.08778451332494568,0.07766212970376302,0.050097220633649776,0.03665789774676884,0.052384764954821,0.04586526363948301,0.04746654466430287,0.04020359144458424,0.04088985474093561,0.03774448129932517,0.059304586526363945,0.05049754088985474,0.01321056845476381,0.0362003888825346,0.0344275420336269,0.04523618895116093,0.07171451446871784,0.013610888710968775,0.05701704220519273,0.02842273819055244,0.018872240649662586,0.030595905295665103
B:GCTGG,0.021802157021918126,0.09787776875797287,0.07543778267424331,0.05149020062623217,0.029340136843325988,0.04621361475124667,0.04783717963585759,0.05276585874985504,0.03931346399165024,0.04128493563724922,0.03908152615099154,0.06575437782674243,0.051896091847384904,0.012002783254087905,0.03467470717847617,0.031775484170242375,0.04360431404383625,0.07549576713440798,0.0117708454134292,0.057346631102864434,0.02591905369361011,0.014670068421662994,0.03264525107271251
B:GCTGT,0.02412818096135721,0.09104618284637135,0.08171536286522149,0.056079170593779454,0.044580584354382655,0.06899151743638077,0.04853911404335533,0.04825636192271442,0.03788878416588124,0.038360037700282755,0.0349670122525919,0.06522148916116871,0.05146088595664468,0.011404335532516494,0.0351555136663525,0.03119698397737983,0.03873704052780396,0.06418473138548539,0.014326107445805843,0.04938737040527804,0.01998114985862394,0.012818096135721017,0.03157398680490104
B:GCTTA,0.0333889816360601,0.08430717863105175,0.1147746243739566,0.05926544240400668,0.03714524207011686,0.05467445742904841,0.05300500834724541,0.05550918196994992,0.03297161936560935,0.03923205342237062,0.041318864774624375,0.0667779632721202,0.05717863105175292,0.015025041736227046,0.04006677796327212,0.03714524207011686,0.025041736227045076,0.04674457429048414,0.0162771285475793,0.04382303839732888,0.022537562604340568,0.006260434056761269,0.017529215358931552
B:GCTTC,0.027559827383287563,0.08375833660258925,0.09523342487249901,0.05237347979599843,0.028540604158493528,0.04433111023930953,0.05080423695566889,0.05207924676343664,0.04472342094939192,0.03903491565319733,0.04550804236955669,0.05904276186739898,0.051196547665751276,0.013436641820321695,0.03560219693997646,0.03677912907022362,0.036877206747744216,0.07100823852491173,0.01490780698313064,0.05639466457434288,0.02785406041584935,0.008140447234209494,0.024813652412710867
B:GCTTG,0.030151492866598028,0.08839535225768495,0.08736578908663038,0.06089130754522724,0.03265186056773055,0.050448595381673775,0.05000735402265039,0.05383144580085307,0.04397705544933078,0.03809383732901897,0.03824091778202677,0.05736137667304015,0.050448595381673775,0.015737608471834093,0.03868215914105015,0.03324018237976173,0.03706427415796441,0.07309898514487424,0.015443447565818502,0.04471245771436976,0.022797470216208267,0.01338432122370937,0.02397411384027063
B:GCTTT,0.02923579004623334,0.08090834919771553,0.10946423714985042,0.06499864019581181,0.040930106064726676,0.060783247212401414,0.05466412836551537,0.05126461789502312,0.03889039978243133,0.03685069350013598,0.040930106064726676,0.05520805004079413,0.05792765841718792,0.016045689420723416,0.03562686973075877,0.03453902638020125,0.027875985858036443,0.052760402502039706,0.016589611096002176,0.04922491161272777,0.020533043241773186,0.007750883872722328,0.016997552352461247
B:GGCAA,0.03048876316203049,0.09665252239509665,0.10183875530410184,0.05799151343705799,0.033003300330033,0.04306144900204306,0.05626276913405626,0.04966210906804966,0.044633034732044635,0.03928964325003929,0.03928964325003929,0.05799151343705799,0.058305830583058306,0.013672795851013672,0.03567499607103568,0.0297029702970297,0.033474776049033476,0.05783435486405784,0.01665880873801666,0.050133584787050135,0.021373565928021372,0.008643721515008643,0.02435957881502436
B:GGCAC,0.02672217000134282,0.10460588156304552,0.08835772794413858,0.05143010608298644,0.026587887740029542,0.04579025110782865,0.04834161407278099,0.05143010608298644,0.04109037196186384,0.04417886397206929,0.034913387941452934,0.06324694507855512,0.05035584799248019,0.009534040553242917,0.034913387941452934,0.03383912985094669,0.04082180743923728,0.06512689673694105,0.014233919699207735,0.05626426749026454,0.026453605478716263,0.014099637437894455,0.027662145830535785
B:GGCAG,0.025545081672303373,0.09404907534000144,0.07476433762682594,0.05101820536806505,0.02885514859322156,0.0618838598258617,0.04475786140893718,0.04792401237677196,0.04598114701014607,0.041663668417644094,0.03856947542635101,0.0612362380369864,0.05303302871123264,0.012952435777505936,0.03677052601280852,0.030294308124055553,0.048211844282938766,0.06368280923940418,0.012592645894797439,0.05209757501619054,0.025473123695761674,0.017413830323091316,0.031229761819097646
B:GGCAT,0.0322782826700094,0.08649326230021936,0.09338765277342526,0.062362895643998745,0.03776245691005954,0.06878721403948605,0.05390159824506424,0.04340332184268254,0.039486054528361014,0.042306486994672515,0.03776245691005954,0.06361642118458163,0.05217800062676277,0.017706048260733312,0.039486054528361014,0.028674396740833594,0.030241303666562205,0.05656534001880288,0.015669069257286117,0.043560012535255405,0.020996552804763396,0.007834534628643058,0.02554058288937637
B:GGCCA,0.029653143388045835,0.11381232579746052,0.072081139671725,0.048157324248993494,0.026169092598327656,0.04823474759987612,0.045602353669866834,0.049783214617528646,0.03948590895013936,0.04598947042427996,0.03832455868689997,0.07246825642613812,0.05458346237225147,0.010839269123567669,0.02980799008981109,0.030659646949519975,0.0449055435119232,0.06867451223288944,0.012774852895633322,0.05659646949519975,0.022839888510374728,0.00898110870238464,0.02957572003716321
B:GGCCC,0.028713598172771027,0.10033444816053512,0.06297414144710009,0.04462027897870952,0.024634962068684232,0.05122766946733012,0.04478342442287299,0.055795741903907334,0.046741169752834655,0.0398074883758871,0.044538706256627786,0.062076841504200994,0.04739375152948854,0.012888490088914267,0.03385267966392039,0.026918998286972837,0.05204339668814748,0.07219185904233624,0.011093890203116078,0.07039725915653805,0.026347989232400684,0.008972999428990946,0.03165021616771352
B:GGCCG,0.026163522012578617,0.11484276729559749,0.06666666666666667,0.03937106918238994,0.02930817610062893,0.036226415094339624,0.05144654088050314,0.052327044025157234,0.0509433962264151,0.03647798742138365,0.0379874213836478,0.06138364779874214,0.04817610062893082,0.014088050314465408,0.02666666666666667,0.027672955974842768,0.04981132075471698,0.06830188679245283,0.015849056603773583,0.06729559748427673,0.03371069182389937,0.012327044025157233,0.03295597484276729
B:GGCCT,0.032117583015786606,0.09072763563781527,0.07285429141716566,0.04645254944656142,0.025675920885501725,0.07748140083469425,0.04563600072582109,0.05071674832153874,0.03610959898385048,0.04264198874977318,0.03946652150244965,0.06124115405552531,0.04418435855561604,0.010796588640900018,0.033659952821629466,0.028579205225911813,0.04427508619125386,0.07457811649428416,0.012429686082380693,0.0629649791326438,0.023407729994556342,0.010887316276537834,0.03311558700780258
B:GGCGA,0.02419592800236058,0.08911183239893775,0.0820300973738566,0.04632634995573916,0.03953968722336972,0.05458837415166716,0.0534080849808203,0.05399822956624373,0.04190026556506344,0.03186780761286515,0.03570374741811744,0.04839185600472116,0.05694895249336087,0.017114192977279435,0.03186780761286515,0.028031867807612864,0.03983475951608144,0.06727648273827087,0.017999409855414577,0.06550604898200059,0.03334316907642372,0.006491590439657716,0.03452345824727058
B:GGCGC,0.022462562396006656,0.09767054908485857,0.07520798668885191,0.04792013311148086,0.029950083194675542,0.03161397670549085,0.0610648918469218,0.05540765391014975,0.03793677204658902,0.03826955074875208,0.034608985024958405,0.05490848585690516,0.05307820299500832,0.014975041597337771,0.030449251247920132,0.03211314475873544,0.03860232945091514,0.07753743760399334,0.01913477537437604,0.0627287853577371,0.04459234608985025,0.011314475873544094,0.028452579034941763
B:GGCGG,0.023087150973044843,0.09319472984407108,0.07506345944639188,0.03952616946694065,0.03166928562794633,0.0332406623957452,0.06575607397558322,0.05342681010516137,0.04436117490632177,0.033724162939683305,0.03444941375559048,0.05161368306539345,0.0527015592892542,0.02224102502115315,0.03118578508400822,0.029130907772271245,0.04786655384987308,0.07022845400701076,0.017164269309802974,0.06708570047141303,0.042789798138522905,0.012208388734437326,0.028284781820379547
B:GGCGT,0.02848625372639947,0.08578999668764492,0.08512752567075191,0.04471679364027824,0.034117257369990064,0.0423981450811527,0.05266644584299437,0.05266644584299437,0.029479960251738987,0.04041073203047367,0.047035442199403775,0.056641271944352437,0.05233521033454786,0.020536601523683338,0.029811195760185493,0.02914872474329248,0.04537926465717125,0.06823451473998013,0.01689301093077178,0.06989069228221265,0.03212984431931103,0.010599536270288175,0.025505134150380922
B:GGCTA,0.029543994861913937,0.11400128452151574,0.10918432883750803,0.05684007707129094,0.033397559409120106,0.055876685934489405,0.05684007707129094,0.0449582530507386,0.030828516377649325,0.033076429030186254,0.03982016698779704,0.06165703275529865,0.05362877328195247,0.010597302504816955,0.04238921001926782,0.03243416827231856,0.024405908798972382,0.06069364161849711,0.01605651894669236,0.047527296082209375,0.018625561978163133,0.008670520231213872,0.01894669235709698
B:GGCTC,0.0259118995415587,0.11321506876619494,0.08511062387881203,0.04424955152481563,0.02850308949571457,0.0407614112019135,0.049930237193541956,0.04823599760813235,0.04973091488937612,0.03996412198525015,0.03797089894359179,0.0638827984851505,0.05571058401435121,0.013354594379111023,0.03458241977277257,0.02760613912696831,0.039665138529001394,0.06647398843930635,0.01405222244369145,0.05760414590392665,0.025014949172812436,0.00986645405620889,0.02860275064779749
B:GGCTG,0.022390965732087226,0.0972871235721703,0.07333852544132918,0.05120716510903427,0.032645379023883696,0.04633956386292835,0.04750778816199377,0.047832294911734165,0.04452232606438214,0.041666666666666664,0.040628245067497404,0.07028816199376947,0.051531671858774664,0.011682242990654205,0.03433281412253375,0.027907580477673936,0.043678608515057116,0.07255970924195224,0.013564382139148495,0.057567497403946004,0.025506230529595015,0.011876947040498442,0.03413811007268951
B:GGCTT,0.03180789539854161,0.0856172994719638,0.09693236107618808,0.05758109127483028,0.029041991450842342,0.04739753583102841,0.05582097058083983,0.04991199396530048,0.04878048780487805,0.03947699270807141,0.03960271561478501,0.05795825999497108,0.05104350012572291,0.01408096555192356,0.03268795574553684,0.029796328891123963,0.03055066633140558,0.06298717626351522,0.012572290671360321,0.06361579079708322,0.028287654010560725,0.013075182298214735,0.02137289414131255
B:GGTAA,0.028198801550934086,0.07578427916813535,0.10821290095170956,0.06415227352837505,0.04335565738456116,0.05146281283045471,0.058160028198801554,0.05216778286922806,0.032428621783574196,0.0412407472682411,0.035248501938667604,0.061332393373281634,0.06943954881917519,0.01903419104688051,0.035248501938667604,0.03313359182234755,0.028198801550934086,0.054282692985548116,0.018681706027493833,0.049347902714134646,0.017271765949947126,0.00634473034896017,0.017271765949947126
B:GGTAC,0.025547445255474453,0.08667883211678833,0.10401459854014598,0.05687347931873479,0.035583941605839414,0.04592457420924574,0.05048661800486618,0.06265206812652069,0.037712895377128956,0.03953771289537713,0.03710462287104623,0.0641727493917275,0.05079075425790754,0.012469586374695864,0.037712895377128956,0.03345498783454988,0.03254257907542579,0.052311435523114354,0.01672749391727494,0.054136253041362534,0.023114355231143552,0.0072992700729927005,0.03315085158150852
B:GGTAG,0.028967254408060455,0.09748110831234257,0.09672544080604534,0.050125944584382874,0.029974811083123425,0.04055415617128463,0.05390428211586902,0.059445843828715365,0.029722921914357683,0.036272040302267,0.039798488664987405,0.07229219143576826,0.055163727959697734,0.011838790931989925,0.04105793450881612,0.029219143576826197,0.040806045340050376,0.06801007556675064,0.016876574307304788,0.0508816120906801,0.019899244332493703,0.010327455919395465,0.02065491183879093
B:GGTAT,0.038636363636363635,0.09166666666666666,0.1159090909090909,0.06818181818181818,0.03636363636363636,0.048484848484848485,0.060227272727272727,0.05606060606060606,0.0375,0.035606060606060606,0.048484848484848485,0.0625,0.05303030303030303,0.015151515151515152,0.04128787878787879,0.030303030303030304,0.02234848484848485,0.03977272727272727,0.016666666666666666,0.041666666666666664,0.02196969696969697,0.006439393939393939,0.011742424242424242
B:GGTCA,0.02137628111273792,0.12576866764275257,0.08667642752562225,0.05929721815519766,0.03543191800878477,0.06617862371888726,0.04363103953147877,0.05431918008784773,0.029282576866764276,0.03601756954612006,0.03572474377745242,0.06178623718887262,0.04773060029282577,0.013323572474377746,0.03089311859443631,0.029136163982430453,0.03191800878477306,0.06881405563689605,0.014055636896046853,0.04948755490483162,0.021815519765739384,0.008199121522693998,0.029136163982430453
B:GGTCC,0.026639061421670118,0.09634230503795721,0.0862663906142167,0.04458247066942719,0.03119392684610076,0.05507246376811594,0.05645272601794341,0.049137336093857835,0.04541062801932367,0.04485852311939269,0.03961352657004831,0.05659075224292615,0.05314009661835749,0.014906832298136646,0.030779848171152518,0.02705314009661836,0.03754313319530711,0.0670807453416149,0.015458937198067632,0.0611456176673568,0.024568668046928917,0.00883367839889579,0.02732919254658385
B:GGTCG,0.03216726980297547,0.09087253719340571,0.07478890229191798,0.04382790510655408,0.029754724567752314,0.049859268194611985,0.044229995979091274,0.04463208685162847,0.04624045034177724,0.04020908725371934,0.042621632488942504,0.06755126658624849,0.04664254121431444,0.014475271411338963,0.028548451950140732,0.024527543224768796,0.039806996381182146,0.08323281061519903,0.013671089666264576,0.06795335745878568,0.03297145154804986,0.008041817450743867,0.03337354242058705
B:GGTCT,0.02694207453973956,0.11420446041011825,0.08112558000299357,0.0570273911091154,0.030983385720700495,0.07004939380332285,0.05478221823080377,0.05388414907947912,0.045202813950007484,0.037868582547522824,0.03607244424487352,0.06136805867385122,0.04505313575812004,0.013920071845532105,0.03158209848825026,0.027091752731627002,0.03577308786109864,0.060469989522526565,0.013022002694207453,0.05029187247418051,0.01811106121838048,0.008831013321359079,0.02634336177218979
B:GGTGA,0.02398265084832249,0.0909554790151805,0.09350682485010843,0.05383339711697921,0.02870264064293915,0.047582599821405794,0.04771016711315219,0.060084194412552624,0.04158693710932517,0.04286261002678913,0.037632351065186885,0.06926903941829315,0.05217502232427606,0.012246460007654038,0.03852532210741166,0.03214695752009185,0.03571884168899094,0.06569715524939405,0.013139431049878811,0.059191223370327846,0.02321724709784411,0.0054853935450950375,0.02474805459880087
B:GGTGC,0.02877697841726619,0.08986265533028123,0.0776978417266187,0.04931327665140615,0.031000654022236757,0.051406147809025506,0.04761281883584042,0.05703073904512754,0.03911052975801177,0.041465009810333554,0.04015696533682145,0.06383257030739045,0.050621321124918246,0.012295618051013734,0.03754087638979725,0.029692609548724658,0.04722040549378679,0.06527141922825376,0.016219751471550033,0.058992805755395686,0.02341399607586658,0.012949640287769784,0.02851536952256377
B:GGTGG,0.023634281975793262,0.08619561661759895,0.08946679751390252,0.04939483153418384,0.028868171409878966,0.050621524370297676,0.05029440628066732,0.06599607458292443,0.02952240758913968,0.04170755642787046,0.03941772980045796,0.06861301929996728,0.0549558390578999,0.011694471704285246,0.03573765129211645,0.02657834478246647,0.04882237487733072,0.06681386980700033,0.013493621197252208,0.055364736669937846,0.022571148184494603,0.01046777886817141,0.02976774615636245
B:GGTGT,0.02517017571632104,0.09403197720436916,0.08975779642235238,0.051765078359981,0.032610416336868765,0.04559126167484565,0.050182048440715527,0.05556435016621814,0.030869083425676746,0.041633686876681966,0.036726294126959,0.07456070919740383,0.050656957416495174,0.013614057305683077,0.03197720436916258,0.03324362830457496,0.04749089757796422,0.06965331644768086,0.015671996200728195,0.05762228906126326,0.02327053981320247,0.005698907709355707,0.02263732784549628
B:GGTTA,0.030732860520094562,0.08321513002364066,0.12387706855791962,0.07659574468085106,0.034988179669030735,0.06477541371158392,0.05342789598108747,0.04539007092198582,0.030732860520094562,0.031205673758865248,0.03546099290780142,0.06524822695035461,0.061465721040189124,0.017966903073286054,0.039243498817966904,0.026477541371158392,0.026477541371158392,0.051536643026004726,0.013711583924349883,0.042080378250591015,0.019858156028368795,0.008037825059101654,0.017494089834515367
B:GGTTC,0.032411820781696854,0.0894184938036225,0.1122974261201144,0.05757864632983794,0.034699714013346046,0.045948522402287896,0.05395614871306006,0.04938036224976168,0.03355576739752145,0.040419447092469016,0.03927550047664442,0.06787416587225929,0.04652049571020019,0.013536701620591039,0.036034318398474735,0.029551954242135366,0.03698760724499523,0.06634890371782651,0.012202097235462344,0.05300285986653956,0.01963775023832221,0.008198284080076263,0.021163012392755004
B:GGTTG,0.025858741798533386,0.08510227711308375,0.09185642609031262,0.06117329216518719,0.037823234272481666,0.04380548050945581,0.04766499421072945,0.04901582400617522,0.04380548050945581,0.04689309147047472,0.037437282902354305,0.06831339251254342,0.052875337707448865,0.010613662678502509,0.03550752605171748,0.034928598996526436,0.0364724044770359,0.07140100347356233,0.016209957545349287,0.054612118873021996,0.0192975685063682,0.006754148977228869,0.02257815515245079
B:GGTTT,0.03161911684535708,0.07268762493185535,0.12647646738142831,0.0695984008722515,0.04215882246047611,0.053061966200254405,0.04960930401599128,0.0430674177721243,0.04833727057968381,0.03816100308922406,0.035253498091949845,0.050881337452298746,0.0554243140105397,0.01689987279665637,0.03325458840632382,0.028348173723423586,0.029620207159731057,0.053243685262584044,0.016354715609667454,0.06687261493730692,0.017263310921315646,0.007450481555515174,0.014355805924041431
B:GTCAA,0.03039448156930373,0.0920456995042035,0.12330243586979953,0.061435654235826684,0.036214701444276784,0.054322052166415176,0.05604656175899978,0.04807070489329597,0.031041172666522957,0.040741539124811384,0.03707695624056909,0.06035783574046131,0.058202198749730545,0.013580513041603794,0.031687863763742184,0.028454408277646046,0.03190342746281526,0.06294460012933822,0.020047424013796077,0.03837033843500755,0.021771933606380686,0.00495796507868075,0.01702953222677301
B:GTCAC,0.023465397041319502,0.09879272232613501,0.11052542084679476,0.05118177180751573,0.05118177180751573,0.06359462676415575,0.04353001190273763,0.052031967352491076,0.0283965312021765,0.03774868219690529,0.033497704472028565,0.058153375276313556,0.053392280224451624,0.01207277673864989,0.033837782690018706,0.026866179221220882,0.03434790001700391,0.06342458765516068,0.015983676245536472,0.05526271042339738,0.02278524060533923,0.008501955449753443,0.021424927733378677
B:GTCAG,0.02503576537911302,0.12002861230329041,0.09113018597997138,0.06022889842632332,0.034620886981402005,0.04663805436337625,0.04978540772532189,0.04935622317596566,0.03490701001430615,0.03748211731044349,0.040200286123032905,0.05965665236051502,0.05422031473533619,0.013304721030042918,0.030758226037195996,0.0296137339055794,0.03891273247496423,0.06466380543633762,0.01530758226037196,0.045779685264663805,0.01917024320457797,0.006294706723891273,0.032904148783977114
B:GTCAT,0.029868376645291933,0.09230509618629767,0.09905501181235235,0.06598042524468443,0.044886938913263584,0.04876814039824502,0.04758690516368545,0.06277421532230847,0.028518393520081,0.03678704016199798,0.038474519068511646,0.06783665204184948,0.057880526493418835,0.014174822814714817,0.03425582180222747,0.031049611879851502,0.03138710766115423,0.060917988525143435,0.01603104961187985,0.043705703678704015,0.01653729328383395,0.007593655079311508,0.02362470469119136
B:GTCCA,0.020645780818629215,0.11007081982955227,0.08990517344856559,0.051734485655983674,0.036130116432601125,0.04441243548193494,0.0487336454207178,0.04861361181130717,0.0387708558396351,0.04081142719961589,0.03853078862081383,0.06397791381586844,0.05569559476653463,0.012843596206937943,0.0339695114632097,0.03324930980674589,0.036610250870243666,0.0686592245828832,0.013563797863401752,0.052694754531268755,0.02364662105389509,0.011043092065778418,0.025687192413875886
B:GTCCC,0.02581303777162024,0.09639784162170045,0.07991833163190899,0.04579262067959749,0.02785474697389529,0.05381362111710661,0.05118856642846726,0.053667784745515534,0.04025083855913665,0.050459384570511884,0.038646638471634825,0.06533469447280152,0.053230275630742306,0.013271109814787808,0.03354236546594721,0.02450051042730057,0.041271693160274174,0.06256380341257109,0.013125273443196733,0.06329298527052647,0.025521365028438093,0.010354382382966312,0.030188128919352488
B:GTCCG,0.03280461427541456,0.10598413842826243,0.06200432588320115,0.03604902667627974,0.0273972602739726,0.07390050468637346,0.04650324441240086,0.054434030281182405,0.03677000720980533,0.03424657534246575,0.04037490987743331,0.05227108868060562,0.0555155010814708,0.014780100937274693,0.031002162941600575,0.03280461427541456,0.040735400144196104,0.07390050468637346,0.01802451333813987,0.05695746214852199,0.031002162941600575,0.010454217736121124,0.03208363374188897
B:GTCCT,0.02338556505223172,0.10553181386514719,0.08736942070275404,0.048907882241215575,0.030626780626780627,0.06873219373219373,0.053062678062678066,0.04973884140550807,0.04772079772079772,0.04226020892687559,0.0389363722697056,0.057692307692307696,0.05626780626780627,0.013532763532763533,0.027777777777777776,0.02849002849002849,0.03478157644824312,0.05781101614434948,0.012939221272554606,0.05140075973409307,0.023266856600189935,0.008309591642924977,0.03145773979107312
B:GTCGA,0.03348729792147806,0.0825635103926097,0.07390300230946882,0.05254041570438799,0.02771362586605081,0.05023094688221709,0.05889145496535797,0.04907621247113164,0.050808314087759814,0.04561200923787529,0.03348729792147806,0.07043879907621248,0.05254041570438799,0.015011547344110854,0.03464203233256351,0.028290993071593534,0.03464203233256351,0.06581986143187067,0.017321016166281754,0.049653579676674366,0.030600461893764433,0.008083140877598153,0.03464203233256351
B:GTCGC,0.02596849723286505,0.08471690080885483,0.08216262239250745,0.04299702000851426,0.04086845466155811,0.035334184759472115,0.05321413367390379,0.04938271604938271,0.05534269902085994,0.04299702000851426,0.034908471690080885,0.04853128991060025,0.05576841209025117,0.018731375053214133,0.02767134951042997,0.02639421030225628,0.05108556832694764,0.06641123882503193,0.01532567049808429,0.07194550872711793,0.03065134099616858,0.010217113665389528,0.02937420178799489
B:GTCGG,0.026154891304347828,0.11514945652173914,0.06623641304347826,0.042119565217391304,0.029211956521739132,0.05366847826086957,0.049252717391304345,0.05332880434782609,0.046875,0.03091032608695652,0.03940217391304348,0.05502717391304348,0.052309782608695655,0.012228260869565218,0.029211956521739132,0.029891304347826088,0.043138586956521736,0.07948369565217392,0.012907608695652174,0.06385869565217392,0.02717391304347826,0.009510869565217392,0.03294836956521739
B:GTCGT,0.03705509507557289,0.09117503656752804,0.07996099463676255,0.052169673330082884,0.03266699171136031,0.03705509507557289,0.05314480741101901,0.05509507557289127,0.03754266211604096,0.03315455875182838,0.03705509507557289,0.062408581179912236,0.05265724037055095,0.013651877133105802,0.03266699171136031,0.03266699171136031,0.039492930277913216,0.06630911750365676,0.019502681618722574,0.056557776694295465,0.024865919063871283,0.012676743052169674,0.040468064358849344
B:GTCTA,0.029438001784121322,0.1159678858162355,0.0927743086529884,0.0695807314897413,0.03256021409455843,0.05530776092774309,0.056645851917930416,0.040588760035682424,0.034344335414808205,0.04192685102586976,0.0463871543264942,0.060660124888492414,0.054415700267618196,0.013826940231935772,0.032114183764495985,0.025423728813559324,0.026761819803746655,0.06512042818911686,0.018287243532560213,0.040588760035682424,0.014272970561998216,0.01784121320249777,0.015165031222123104
B:GTCTC,0.02572689907139595,0.10092860404932258,0.08433551529913229,0.057086314507535395,0.03455624904856142,0.05297609986299284,0.046430202466128785,0.06150098949611813,0.04673466281016898,0.04140660678946567,0.0379053128330035,0.06195768001217841,0.05388948089511341,0.013396255137768306,0.033490637844420766,0.03379509818846095,0.031511645608159534,0.06347998173237936,0.014461866341908967,0.052823869690972754,0.019789922362612268,0.006698127568884153,0.025117978383315573
B:GTCTG,0.02699662542182227,0.11623547056617922,0.079740032495938,0.05499312585926759,0.0339957505311836,0.07336582927134108,0.048493938257717785,0.04461942257217848,0.0386201724784402,0.04211973503312086,0.03774528183977003,0.05474315710536183,0.049493813273340834,0.014373203349581302,0.03237095363079615,0.03374578177727784,0.04024496937882765,0.06174228221472316,0.012998375203099613,0.04036995375578053,0.01937257842769654,0.016497937757780277,0.02712160979877515
B:GTCTT,0.028368794326241134,0.10297872340425532,0.1076595744680851,0.061134751773049646,0.03361702127659574,0.05276595744680851,0.05460992907801419,0.04695035460992908,0.04581560283687943,0.0350354609929078,0.03872340425531915,0.05773049645390071,0.04978723404255319,0.013617021276595745,0.03574468085106383,0.02893617021276596,0.04354609929078014,0.05319148936170213,0.01602836879432624,0.04666666666666667,0.01829787234042553,0.008226950354609928,0.02056737588652482
B:GTTAA,0.04088586030664395,0.07112436115843271,0.14906303236797275,0.07708688245315162,0.042163543441226574,0.05834752981260647,0.06431005110732538,0.046848381601362864,0.030664395229982964,0.04386712095400341,0.04131175468483816,0.054088586030664396,0.056218057921635436,0.020442930153321975,0.036626916524701875,0.025979557069846677,0.0217206132879046,0.044293015332197615,0.019591141396933562,0.02512776831345826,0.01192504258943782,0.00596252129471891,0.012350936967632026
B:GTTAC,0.032230703986429174,0.08015267175572519,0.14206955046649702,0.0631891433418151,0.04028837998303647,0.056827820186598814,0.056827820186598814,0.05216284987277354,0.026293469041560644,0.03477523324851569,0.03859202714164546,0.046225614927905,0.0631891433418151,0.017387616624257845,0.03689567430025445,0.02883799830364716,0.01993214588634436,0.0542832909245123,0.015267175572519083,0.047073791348600506,0.015691263782866838,0.01441899915182358,0.017387616624257845
B:GTTAG,0.027675276752767528,0.08794587945879459,0.12915129151291513,0.07195571955719557,0.032595325953259535,0.04920049200492005,0.05289052890528905,0.056580565805658053,0.03198031980319803,0.02706027060270603,0.03936039360393604,0.06334563345633457,0.056580565805658053,0.014760147601476014,0.03690036900369004,0.033210332103321034,0.027675276752767528,0.06027060270602706,0.02214022140221402,0.03628536285362854,0.012915129151291513,0.006150061500615006,0.023370233702337023
B:GTTAT,0.031486648066958944,0.07532881626145875,0.1267437225986449,0.0685532084495815,0.0502192108409725,0.06815464328417696,0.056197688322040654,0.06058190514149064,0.031088082901554404,0.03387803905938621,0.03587086488640893,0.05261060183339976,0.05898764447987246,0.01753686727779992,0.038262255878836186,0.03507373455559984,0.03068951773614986,0.04264647269828617,0.01992825827022718,0.02949382223993623,0.01753686727779992,0.0035870864886408927,0.015544041450777202
B:GTTCA,0.025840229690930586,0.08613409896976862,0.10825874007768958,0.06536058098294208,0.0410403648032427,0.05438270562404999,0.05168045938186117,0.04847154196926195,0.0410403648032427,0.03479142036818105,0.03783144739064347,0.0553960479648708,0.05201824016213477,0.018409052524911332,0.036480324269549065,0.03529809153859145,0.025840229690930586,0.07245397736868772,0.016720148623543322,0.047795980408714744,0.018915723695321737,0.006417834825198446,0.01942239486573214
B:GTTCC,0.034953242373141194,0.0863099800705197,0.10593285298175686,0.05472941897899739,0.03204047217537943,0.051203434002759465,0.05442281158975931,0.05534263375747356,0.03679288670856968,0.03740610148704584,0.04261842710409321,0.05840870764985436,0.049210485972711944,0.013490725126475547,0.03847922734937912,0.0292810056722367,0.034340027594665035,0.07051969952475855,0.014870458378046911,0.0475241453319025,0.020695998773570444,0.008431703204047217,0.02299555419285605
B:GTTCG,0.02973977695167286,0.09789343246592318,0.080545229244114,0.07001239157372986,0.03717472118959108,0.05885997521685254,0.05080545229244114,0.04460966542750929,0.048327137546468404,0.030359355638166045,0.042131350681536554,0.0644361833952912,0.048327137546468404,0.012391573729863693,0.03345724907063197,0.02664188351920694,0.0322180916976456,0.06939281288723669,0.014250309789343246,0.061957868649318466,0.020446096654275093,0.00929368029739777,0.016728624535315983
B:GTTCT,0.029892443078642267,0.08367090375750803,0.10629976253666713,0.06593099594915491,0.037295711691577034,0.05643246263444615,0.058248358709316946,0.050984774409833775,0.03408297248219025,0.03869255482609303,0.03603855287051264,0.06006425478418773,0.05182288029054337,0.01578432742003073,0.034502025422545046,0.038273501885738234,0.02975275876519067,0.05936583321692974,0.014946221539321134,0.04874982539460818,0.021232015644643106,0.008101690180192765,0.019835172510127112
B:GTTGA,0.028442267847052175,0.07798078734224902,0.10491618007157656,0.06272367677528724,0.04332265963458278,0.057637973252966664,0.047466566208325484,0.059144848370691276,0.030514221133923526,0.03842531550197777,0.03465812770766623,0.05857977020154455,0.06046336409870032,0.015822188736108495,0.03277453381051045,0.0323978150310793,0.03333961197965719,0.06573742701073648,0.015822188736108495,0.05387078545865511,0.019777735920135618,0.009417969485778867,0.016763985684686383
B:GTTGC,0.030277366080880795,0.08363328392970569,0.10120686004658057,0.061401651492695324,0.039805208553885245,0.05462629684522549,0.052085538852424305,0.050179970357823414,0.04446326487402075,0.03917001905568494,0.038111369892017785,0.06055473216176159,0.056955325005293246,0.011645140800338767,0.04022866821935211,0.0296421765826805,0.03726445056108406,0.053567647681558334,0.015456277789540547,0.04467499470675418,0.024560660597078128,0.006987084480203261,0.023502011433410967
B:GTTGG,0.027229740746779717,0.09440730474482309,0.09587477580303277,0.05527474319256481,0.036849828795043206,0.04402413174629056,0.05233980107614544,0.0629382031632154,0.035708462416435674,0.04793738790151639,0.03342572965922061,0.06195988912440894,0.054296429153758353,0.011576716125876406,0.03913256155225828,0.03358878199902168,0.03244741562041415,0.0629382031632154,0.017935757378118377,0.04728517854231208,0.019729333115930215,0.0071743029512473504,0.025925322028371108
B:GTTGT,0.025666144200626958,0.0832680250783699,0.11755485893416928,0.061716300940438874,0.03977272727272727,0.050156739811912224,0.055642633228840124,0.05877742946708464,0.03644200626959248,0.043691222570532914,0.03585423197492163,0.06524294670846395,0.05172413793103448,0.012539184952978056,0.03585423197492163,0.03369905956112853,0.029976489028213166,0.05760188087774295,0.020768025078369907,0.04134012539184953,0.015478056426332288,0.0066614420062695925,0.020572100313479624
B:GTTTA,0.030436376971030438,0.07444077741107444,0.1301796846351302,0.07260726072607261,0.044737807114044736,0.05427209387605427,0.06123945727906124,0.05427209387605427,0.0319031903190319,0.033003300330033,0.0374037403740374,0.06453978731206454,0.058672533920058674,0.01906857352401907,0.03813714704803814,0.030436376971030438,0.02676934360102677,0.05097176384305097,0.01796846351301797,0.03850385038503851,0.0121012101210121,0.007334066740007334,0.011001100110011002
B:GTTTC,0.028383252312999842,0.0752705033714913,0.11776697506664575,0.06664575819350792,0.041085149756939,0.053630233652187546,0.053316606554806335,0.05159165751920966,0.04233965814646386,0.036537556844911404,0.04014426846479536,0.04845538654539752,0.056139250431237256,0.025874235533950133,0.030421828445977732,0.033401285871099265,0.028853692959071663,0.056139250431237256,0.01693586325858554,0.05786419946683394,0.017719931002038575,0.007056609691077309,0.014426846479535831
B:GTTTG,0.02721461187214612,0.07652968036529681,0.10721461187214612,0.062100456621004566,0.04694063926940639,0.05899543378995434,0.0536986301369863,0.0536986301369863,0.033789954337899546,0.04073059360730594,0.03945205479452055,0.05990867579908676,0.05954337899543379,0.01643835616438356,0.03287671232876712,0.03488584474885845,0.03433789954337899,0.05242009132420091,0.02045662100456621,0.04,0.021187214611872146,0.007671232876712329,0.01990867579908676
B:GTTTT,0.029832385053052437,0.07442718745194525,0.1339381823773643,0.07734891588497617,0.049361833000153774,0.060741196370905734,0.06104874673227741,0.04613255420575119,0.04628632938643703,0.0362909426418576,0.03536829155774258,0.05443641396278641,0.05120713516838382,0.019683223127787176,0.03475319083499923,0.03521451637705674,0.023066277102875597,0.04305705059203445,0.016453944333384592,0.03521451637705674,0.014608642165154544,0.008765185299092726,0.012763339996924496
B:TACAA,0.027721886876816454,0.06885758998435054,0.1374916163648558,0.06997540800357702,0.04024144869215292,0.049183992845964676,0.05276101050748938,0.0482897384305835,0.031075340934495863,0.03509948580371115,0.03755868544600939,0.05902079141515761,0.05924435501900291,0.018108651911468814,0.043594902749832326,0.028616141292197632,0.023474178403755867,0.05030181086519115,0.023697742007601164,0.05141962888441762,0.019226469930695284,0.0069304717192041135,0.018108651911468814
B:TACAC,0.029014650962367137,0.08388394139615053,0.10025854639471417,0.0663602413099684,0.031025567365699513,0.04136742315426602,0.04625107727664464,0.0629129560471129,0.047687446136167766,0.04050560183855214,0.03964378052283826,0.0617638609594944,0.057167480609020396,0.018385521401896008,0.03447285262855501,0.024418270611893136,0.03045101982189026,0.057742028152829646,0.021258259120942258,0.05659293306521115,0.019534616489514506,0.007469118069520253,0.021832806664751507
B:TACAG,0.03032379647078979,0.0779510022271715,0.10964536577008738,0.06150419736165839,0.03854719890354634,0.06424533150591057,0.062360801781737196,0.05173890697275998,0.03066643823882131,0.03923248243960939,0.038718519787562106,0.06527325681000513,0.05173890697275998,0.013020387185197876,0.036320027411341445,0.038033236251499056,0.028953229398663696,0.05379475758094912,0.01456227514133973,0.0467706013363029,0.01798869282165496,0.008737365084803838,0.019873222545828337
B:TACAT,0.03035372848948375,0.07743785850860421,0.11161567877629062,0.0788718929254302,0.04565009560229445,0.04780114722753346,0.05234225621414914,0.053776290630975145,0.04445506692160612,0.033938814531548754,0.04397705544933078,0.06094646271510516,0.05568833652007648,0.013862332695984704,0.03465583173996176,0.035850860420650096,0.025095602294455066,0.04182600382409178,0.014579349904397706,0.05903441682600383,0.01505736137667304,0.0057361376673040155,0.017447418738049714
B:TACCA,0.0273972602739726,0.09378292939936776,0.11801896733403583,0.060695468914647,0.03667017913593256,0.043414120126448894,0.056059009483667016,0.06006322444678609,0.03561643835616438,0.0410958904109589,0.04362486828240253,0.06406743940990517,0.05837723919915701,0.014330874604847207,0.040042149631190724,0.02929399367755532,0.02255005268703899,0.048261327713382506,0.01875658587987355,0.041938883034773444,0.018124341412012645,0.007165437302423604,0.02065331928345627
B:TACCC,0.032632342277012324,0.08339376359680928,0.09535895576504713,0.05293691080493111,0.03952139231327049,0.05039883973894126,0.05656272661348803,0.0681653372008702,0.029006526468455404,0.03480783176214648,0.03444525018129079,0.06526468455402465,0.05511240029006526,0.016316171138506162,0.04205946337926034,0.0337200870195794,0.03517041334300217,0.05728788977519942,0.011602610587382161,0.05474981870920957,0.025018129079042786,0.008339376359680928,0.018129079042784626
B:TACCG,0.035522788203753354,0.08780160857908847,0.07707774798927614,0.05697050938337802,0.027479892761394103,0.04825737265415549,0.04691689008042895,0.04691689008042895,0.035522788203753354,0.036193029490616625,0.04289544235924933,0.06367292225201072,0.04155495978552279,0.01675603217158177,0.036193029490616625,0.03753351206434316,0.04758713136729222,0.06501340482573727,0.012064343163538873,0.07372654155495978,0.024798927613941018,0.00871313672922252,0.030831099195710455
B:TACCT,0.029927204098139662,0.08627662442706929,0.1083850094365058,0.061202480452952276,0.03558910757616608,0.04421677001887301,0.057427878134267994,0.05230520355891076,0.0350498786734969,0.036667565381504445,0.03855486654084659,0.06902129954165544,0.06255055270962524,0.011863035858722027,0.036397950930169856,0.02965758964680507,0.03612833647883527,0.057158263682933405,0.021029927204098138,0.044486384470207606,0.01779455378808304,0.007818819088703155,0.020490698301428956
B:TACGA,0.03765387400434468,0.07313540912382331,0.09630702389572773,0.0666183924692252,0.031136857349746562,0.04561911658218682,0.04561911658218682,0.06010137581462708,0.03258508327299059,0.036929761042722664,0.04055032585083273,0.06806661839246922,0.05213613323678494,0.013034033309196235,0.031136857349746562,0.024619840695148443,0.03765387400434468,0.0666183924692252,0.015206372194062274,0.05937726285300507,0.017378711078928313,0.00724112961622013,0.041274438812454746
B:TACGC,0.018769551616266946,0.09384775808133472,0.09071949947862357,0.061522419186652764,0.0364963503649635,0.04275286757038582,0.053180396246089674,0.072992700729927,0.027111574556830033,0.0364963503649635,0.04171011470281543,0.05213764337851929,0.04483837330552659,0.035453597497393116,0.027111574556830033,0.03753910323253389,0.040667361835245046,0.047966631908237745,0.018769551616266946,0.058394160583941604,0.029197080291970802,0.0072992700729927005,0.02502606882168926
B:TACGG,0.031064111037673495,0.11500330469266358,0.07732980832782552,0.056840713813615336,0.024454725710508923,0.07799074686054197,0.044282881692002646,0.054196959682749506,0.018506278916060808,0.029081295439524125,0.043621943159286185,0.0495703899537343,0.05485789821546596,0.017184401850627893,0.03238598810310641,0.037012557832121616,0.037012557832121616,0.06741573033707865,0.011896893588896233,0.05551883674818242,0.02775941837409121,0.00991407799074686,0.027098479841374753
B:TACGT,0.02375102375102375,0.0819000819000819,0.10565110565110565,0.06715806715806716,0.04013104013104013,0.04013104013104013,0.05241605241605242,0.05405405405405406,0.0475020475020475,0.04013104013104013,0.04914004914004914,0.06388206388206388,0.054873054873054876,0.012285012285012284,0.04095004095004095,0.03276003276003276,0.029484029484029485,0.05896805896805897,0.010647010647010647,0.051597051597051594,0.015561015561015561,0.009009009009009009,0.018018018018018018
B:TACTA,0.04849412965798877,0.09188361408882083,0.1138335885655947,0.07146503318019398,0.04900459418070444,0.037263910158244005,0.055640632976008166,0.05410923940786115,0.03164880040837162,0.030117406840224605,0.030627871362940276,0.06533945890760592,0.06431852986217458,0.02041858090862685,0.0444104134762634,0.029606942317508933,0.016845329249617153,0.04747320061255743,0.018887187340479835,0.039305768249106685,0.01582440020418581,0.009188361408882083,0.014293006636038795
B:TACTC,0.040290820963344444,0.09209330505907301,0.10542259921235989,0.06028476219327476,0.03726143592850651,0.05998182368979097,0.04725840654347167,0.06149651620720994,0.0293850348379279,0.03817025143895789,0.03483792790063617,0.05271129960617994,0.05786125416540442,0.015752802181157224,0.046046652529536505,0.030596788851863073,0.03241441987276583,0.05210542259921236,0.016055740684641016,0.04513783701908512,0.01847924871251136,0.008179339594062406,0.018176310209027567
B:TACTG,0.03473491773308958,0.0747511679869998,0.11395490554539915,0.07373552711761121,0.03920373755839935,0.05078204346942921,0.04936014625228519,0.05728214503351615,0.035750558602478166,0.0398131220800325,0.04082876294942109,0.059313426772293315,0.05687588868576071,0.017062766605728214,0.0385943530367662,0.03148486695104611,0.028641072516758074,0.049969530773918344,0.016453382084095063,0.04550071094860857,0.019500304692260818,0.006500101564086939,0.01990656104001625
B:TACTT,0.02799160251924423,0.0774434336365757,0.13086074177746676,0.0702122696524376,0.04362024725915559,0.05108467459762071,0.05621646839281549,0.05481688826685328,0.03778866340097971,0.03382318637742011,0.04478656403079076,0.057849311873104735,0.057849311873104735,0.019827385117797993,0.0417541404245393,0.031024026125495683,0.024725915558665733,0.04641940751108001,0.017728014928854677,0.03498950314905528,0.015162118031257289,0.006531373921156987,0.01749475157452764
B:TATAA,0.04043126684636118,0.06873315363881402,0.1280323450134771,0.08423180592991913,0.052223719676549867,0.06637466307277629,0.05862533692722372,0.05592991913746631,0.036725067385444746,0.03335579514824798,0.03807277628032345,0.05053908355795148,0.052223719676549867,0.01954177897574124,0.03436657681940701,0.03605121293800539,0.01954177897574124,0.04110512129380054,0.015161725067385445,0.03975741239892183,0.014487870619946091,0.0047169811320754715,0.00977088948787062
B:TATAC,0.03915094339622641,0.05849056603773585,0.13537735849056604,0.06792452830188679,0.04339622641509434,0.04292452830188679,0.057547169811320756,0.05188679245283019,0.04858490566037736,0.03915094339622641,0.0509433962264151,0.06367924528301887,0.06132075471698113,0.01839622641509434,0.03820754716981132,0.033962264150943396,0.019339622641509433,0.03962264150943396,0.01839622641509434,0.028773584905660378,0.015566037735849057,0.0042452830188679245,0.02311320754716981
B:TATAG,0.034706154558074964,0.08745950948634891,0.1263304025913929,0.07311429893567793,0.044423877834335955,0.05599259602036094,0.06987505784359092,0.04534937528921795,0.027764923646459973,0.02822767237390097,0.04673762147154095,0.06432207311429894,0.06062008329477094,0.017121702915316984,0.03887089310504396,0.026839426191577972,0.02174919018972698,0.03840814437760296,0.012031466913465988,0.04118463674224896,0.02036094400740398,0.006941230911614993,0.01156871818602499
B:TATAT,0.03986254295532646,0.07628865979381444,0.15738831615120275,0.06460481099656358,0.038831615120274915,0.0570446735395189,0.04570446735395189,0.047079037800687284,0.060824742268041236,0.03402061855670103,0.04639175257731959,0.05189003436426117,0.06632302405498282,0.012371134020618556,0.03951890034364261,0.03573883161512027,0.014089347079037801,0.03127147766323024,0.018556701030927835,0.026804123711340205,0.013058419243986255,0.006185567010309278,0.016151202749140895
B:TATCA,0.032528339083292265,0.06998521439132578,0.12345983242976837,0.07491375061606703,0.05470675209462789,0.05717102020699852,0.058403154263183835,0.049038935436175456,0.03400689995071464,0.031049778215869888,0.038689009364218825,0.055692459339576145,0.053474618038442584,0.015032035485460818,0.036471168063085264,0.03721044849679645,0.0527353376047314,0.03696402168555939,0.01996057171020207,0.033760473139477575,0.015278462296697881,0.006160670280926565,0.01330704780680138
B:TATCC,0.03356554781507283,0.08106396453451552,0.116846105129829,0.06238125395820139,0.039898670044331855,0.04274857504749842,0.06333122229259025,0.04749841671944269,0.044331855604813175,0.03926535782140595,0.04148195060164661,0.07473084230525649,0.05984800506649778,0.016782773907536415,0.033882203926535785,0.03356554781507283,0.021849271690943636,0.0506649778340722,0.02121595946801773,0.03578214059531349,0.01551614946168461,0.007599746675110829,0.016149461684610514
B:TATCG,0.044662309368191724,0.10130718954248366,0.10239651416122005,0.058823529411764705,0.05228758169934641,0.054466230936819175,0.05010893246187364,0.05664488017429194,0.03159041394335512,0.032679738562091505,0.04357298474945534,0.06318082788671024,0.05119825708061002,0.014161220043572984,0.042483660130718956,0.04139433551198257,0.018518518518518517,0.03376906318082789,0.029411764705882353,0.034858387799564274,0.0196078431372549,0.010893246187363835,0.011982570806100218
B:TATCT,0.03176966989327377,0.07396376272027798,0.11094564408041697,0.0759493670886076,0.04095309009679821,0.08041697691734921,0.0573343261355175,0.06304293869446513,0.03698188136013899,0.0379746835443038,0.04095309009679821,0.06279473814842393,0.058823529411764705,0.014643832216430876,0.0387192851824274,0.03251427153139737,0.020104244229337303,0.0387192851824274,0.019856043683296104,0.027302060064532143,0.014892032762472078,0.005460412012906428,0.015884834946636884
B:TATGA,0.03851261620185923,0.08455068614431165,0.11221779548472775,0.07171314741035857,0.04072598494909252,0.05289951305887561,0.049136786188579015,0.06020362992474546,0.03142983621071271,0.03187250996015936,0.04094732182381585,0.05422753430721558,0.05887560867640549,0.017928286852589643,0.03652058432934927,0.03032315183709606,0.020584329349269587,0.03939796370075255,0.017485613103142984,0.0681717574147853,0.015493581230633024,0.007082779991146525,0.019698981850376274
B:TATGC,0.02925243770314193,0.0805344889851932,0.10256410256410256,0.07764535933550018,0.04297580353918382,0.0527266161068978,0.04550379198266522,0.050920910075839654,0.037197544239797764,0.04008667388949079,0.043698085951607075,0.05994944023113037,0.05706031058143734,0.02564102564102564,0.04586493318887685,0.033947273383893105,0.022029613578909354,0.046948356807511735,0.022029613578909354,0.04008667388949079,0.01986276634163958,0.005417118093174431,0.01805706031058144
B:TATGG,0.033828805740645826,0.11353152229625833,0.09072270630445925,0.07201435161455663,0.03767298821117376,0.0566376217324449,0.05817529472065607,0.04818042029728344,0.03485392106611994,0.04202972834443875,0.035366478728856995,0.060225525371604305,0.05407483341875961,0.02229625832906202,0.033828805740645826,0.030753459764223477,0.021014864172219375,0.04997437211686315,0.017683239364428498,0.05099948744233726,0.013839056893900564,0.006663249615581753,0.015633008713480268
B:TATGT,0.035046728971962614,0.07739485981308411,0.11974299065420561,0.07739485981308411,0.04702102803738318,0.04760514018691589,0.056366822429906545,0.04877336448598131,0.04848130841121495,0.0397196261682243,0.040595794392523366,0.06074766355140187,0.06629672897196262,0.016939252336448597,0.03475467289719626,0.03387850467289719,0.017523364485981307,0.0370911214953271,0.014310747663551402,0.04760514018691589,0.01723130841121495,0.006425233644859813,0.009053738317757009
B:TATTA,0.039495114006514655,0.06555374592833876,0.14332247557003258,0.0732899022801303,0.053338762214983716,0.052931596091205214,0.05252442996742671,0.06881107491856678,0.028501628664495113,0.03501628664495114,0.04315960912052117,0.04560260586319218,0.06677524429967427,0.019951140065146578,0.038273615635179156,0.03175895765472313,0.03257328990228013,0.030944625407166124,0.01710097719869707,0.024429967426710098,0.014250814332247556,0.006921824104234527,0.015472312703583062
B:TATTC,0.030279702335129586,0.07903515524762637,0.14754939697202976,0.07108031819348216,0.044393122915062866,0.04824223761868104,0.054657428791377985,0.049525275853220425,0.033615601744932,0.03900436232999743,0.04336669232743136,0.06440851937387734,0.06646138054914036,0.016166281755196306,0.03181934821657685,0.03207595586348473,0.020528611752630228,0.049525275853220425,0.015396458814472672,0.03181934821657685,0.014113420579933282,0.007441621760328458,0.009494482935591481
B:TATTG,0.03864872602347552,0.071571714858288,0.13455482393358145,0.06441454337245921,0.05468079015173204,0.050672774119667904,0.049241339822502145,0.05639851130833095,0.03922129974234183,0.03864872602347552,0.03778986544517607,0.06097910105926138,0.0709991411394217,0.01717721156598912,0.040366447180074434,0.04008016032064128,0.02004008016032064,0.03979387346120813,0.018894932722588034,0.02662467792728314,0.015745777268823362,0.006298310907529345,0.0071571714858288
B:TATTT,0.032914201183431954,0.07414940828402367,0.14386094674556213,0.07655325443786982,0.04770710059171598,0.05602810650887574,0.06878698224852071,0.058616863905325445,0.042899408284023666,0.03476331360946745,0.036242603550295856,0.052144970414201186,0.06379437869822485,0.01830621301775148,0.0323594674556213,0.027551775147928993,0.01904585798816568,0.040865384615384616,0.017011834319526627,0.02551775147928994,0.013868343195266272,0.009430473372781065,0.007581360946745562
B:TCCAA,0.025865300512307884,0.08396851180807197,0.10258653005123079,0.05860302386605023,0.039110333624890664,0.04748219417718356,0.06035236786205173,0.05722853929776334,0.04698238160689741,0.039985005622891416,0.03986005248031988,0.062476571285767835,0.05972760214919405,0.01699362738972885,0.03736098962888917,0.035736598775459205,0.026240159940022493,0.05685367987004873,0.018618018243158816,0.0374859427714607,0.01899287767087342,0.0069973759840059975,0.02049231538173185
B:TCCAC,0.022753679318357863,0.08259101471727343,0.08946553059643687,0.05809450038729667,0.039504260263361735,0.05238187451587916,0.05151045701006971,0.05683578621223857,0.036986831913245546,0.03814872192099148,0.04085979860573199,0.06419442292796282,0.05644848954298993,0.012974438419829589,0.03214562354763749,0.03040278853601859,0.047347017815646784,0.06177381874515879,0.015201394268009295,0.0575135553834237,0.021107668474051124,0.008036405886909372,0.023721920991479472
B:TCCAG,0.02678411999285757,0.10630319623831914,0.08630438664365217,0.05535384798523897,0.03005773465865127,0.042437950122016545,0.05190167251949289,0.049818463186715074,0.0429141122552229,0.039580977322778405,0.03654544372358788,0.06243675971668353,0.05142551038628653,0.012201654663412892,0.035712159990476756,0.031783822391524316,0.03577168025712755,0.07701922504612821,0.0132134991964764,0.055591929051842154,0.022736741860603534,0.008451877864412833,0.02565323492649247
B:TCCAT,0.028422084286180985,0.09299793095938147,0.10454099967330938,0.06141783730806926,0.03789611238157465,0.05640858107372319,0.054012849831209846,0.05248829358597408,0.03844059675487314,0.042360884242622236,0.04127191549602526,0.06446694979854078,0.05314167483393226,0.020145921812043995,0.03473810301644343,0.029293259283458564,0.031035609278013722,0.05684416857236197,0.015790046825656105,0.04225198736796254,0.017205706196232167,0.007296090602199717,0.01753239682021126
B:TCCCA,0.029259718775847807,0.09098428453267163,0.08860628618693135,0.05748552522746071,0.03225806451612903,0.07092638544251448,0.050454921422663356,0.05686517783291977,0.03773779983457403,0.04187344913151365,0.03815136476426799,0.06100082712985939,0.05572787427626137,0.011786600496277916,0.035153019023986765,0.025537634408602152,0.02977667493796526,0.05882961124896609,0.013647642679900745,0.05965674110835401,0.019851116625310174,0.007650951199338296,0.026778329197684036
B:TCCCC,0.025400139178844816,0.09371375550916261,0.07411273486430063,0.04732080723729993,0.02806773370447692,0.05996288564138251,0.0562514497796335,0.049408489909533754,0.04268151241011366,0.04210160055671538,0.038622129436325675,0.06309440964973324,0.05404778473672002,0.01368591974019949,0.03549060542797495,0.02841568081651589,0.05010438413361169,0.060774762236140104,0.011830201809324982,0.060078868012062164,0.025748086290883786,0.009046624913013222,0.030039434006031082
B:TCCCG,0.025982392097917115,0.09899076658793214,0.07773244578054542,0.04251664161477346,0.02619712261112304,0.08095340347863432,0.04273137212797939,0.05196478419583423,0.04058406699592012,0.030277002362035645,0.039080953403478634,0.05625939445995276,0.05239424522224608,0.016319519003650418,0.027056044663946746,0.02877388876959416,0.04273137212797939,0.06721065063345501,0.017393171569680052,0.06441915396177797,0.031350654928065276,0.00687137642258965,0.032209576980888985
B:TCCCT,0.03057905009759271,0.09499024072869226,0.0856213402732596,0.05491216655823032,0.030058555627846453,0.047104749512036435,0.05348080676642811,0.05426154847104749,0.04775536759921926,0.04398178269355888,0.04333116460637606,0.0631099544567339,0.05374105400130123,0.013142485361093038,0.03305139882888744,0.03083929733246584,0.03682498373454782,0.0586857514638907,0.012752114508783344,0.052309694209499026,0.021210149642160052,0.010540013012361744,0.02771633051398829
B:TCCGA,0.03824756606397774,0.07962447844228095,0.08344923504867872,0.059805285118219746,0.02573018080667594,0.05458970792767733,0.054242002781641166,0.0476356050069541,0.03268428372739916,0.03268428372739916,0.04207232267037552,0.05180806675938804,0.06258692628650904,0.015299026425591099,0.02920723226703755,0.030945757997218357,0.05285118219749652,0.06988873435326842,0.02086230876216968,0.05111265646731571,0.029554937413073714,0.0076495132127955496,0.027468706536856746
B:TCCGC,0.02794871794871795,0.08435897435897435,0.0782051282051282,0.041025641025641026,0.02923076923076923,0.04641025641025641,0.05076923076923077,0.05076923076923077,0.050512820512820515,0.03641025641025641,0.036153846153846154,0.050512820512820515,0.05179487179487179,0.01641025641025641,0.028974358974358974,0.03538461538461538,0.05512820512820513,0.07846153846153846,0.018974358974358976,0.05923076923076923,0.03512820512820513,0.007435897435897436,0.03076923076923077
B:TCCGG,0.026474686483975846,0.09916395726892707,0.07779842080817465,0.046214584300975386,0.024849047840222946,0.0531816070599164,0.049001393404551785,0.049001393404551785,0.04482117974918718,0.036228518346493266,0.03994426381792847,0.0592196934509986,0.0548072457036693,0.01648862052949373,0.02693915466790525,0.030887134231305156,0.04551788202508128,0.07826288899210404,0.01741755689735253,0.06084533209475151,0.029958197863446355,0.007663725034835114,0.025313516024152345
B:TCCGT,0.03434117207913401,0.09518477043673013,0.08921239268383725,0.041060097051138486,0.030981709593131766,0.06196341918626353,0.04665920119447555,0.0507652108995894,0.04591265397536394,0.030235162374020158,0.04329973870847331,0.06009705113848451,0.05673758865248227,0.013811123553564763,0.026502426278462114,0.036580813736468834,0.04180664427025009,0.06942889137737962,0.011198208286674132,0.0507652108995894,0.023142963792459875,0.01269130272489735,0.027622247107129527
B:TCCTA,0.030215364834458372,0.08775313404050145,0.11828993892639023,0.06589521054323369,0.0353584056573449,0.04757312761170042,0.05175184828029573,0.06203792992606879,0.02925104468016715,0.041465766634522665,0.04210864673738348,0.07650273224043716,0.0623593699774992,0.014143362262937963,0.03728704596592736,0.028608164577306333,0.020893603342976536,0.045644487303117966,0.015107682417229186,0.04403728704596593,0.019286403085824494,0.007714561234329798,0.01671488267438123
B:TCCTC,0.02951044162957891,0.08880520369736392,0.07517973296816159,0.05066757959602876,0.02998972954467648,0.05703526189661075,0.05409106470386854,0.04868195823348168,0.04587470044505306,0.0421773365285861,0.03991783635741185,0.05669291338582677,0.05340636768230058,0.0171858952413557,0.028688805203697362,0.035809654228004105,0.03669976035604245,0.07483738445737761,0.012940773707634372,0.055802807257788425,0.02451215337213283,0.012461485792536803,0.029031153714481343
B:TCCTG,0.02675382438169688,0.09683940966372397,0.0906395309656985,0.05148594918795067,0.030932003504279264,0.05559673832468495,0.048116449895545525,0.053709818720938066,0.03800795201833008,0.04245569108430487,0.04164701125412763,0.06213356695195094,0.051418559202102566,0.013275827212076286,0.03308848305141856,0.03753622211739335,0.0361884224004313,0.06408787654154592,0.0136127771413168,0.05296852887660894,0.019610485881797965,0.012601927353595256,0.027292944268481705
B:TCCTT,0.030889540566959924,0.08289345063538613,0.10351906158357771,0.06217008797653959,0.03655913978494624,0.04271749755620723,0.05943304007820137,0.05102639296187683,0.04428152492668622,0.03900293255131965,0.0386119257086999,0.056793743890518084,0.060215053763440864,0.016520039100684263,0.03128054740957967,0.03587487781036168,0.03206256109481916,0.05894428152492669,0.013587487781036169,0.05063538611925709,0.025317693059628544,0.007917888563049853,0.019745845552297164
B:TCTAA,0.03099730458221024,0.07277628032345014,0.12264150943396226,0.07311320754716981,0.04177897574123989,0.07142857142857142,0.056266846361185986,0.0545822102425876,0.0373989218328841,0.032681940700808626,0.0444743935309973,0.054245283018867926,0.05997304582210242,0.018867924528301886,0.0373989218328841,0.04009433962264151,0.022911051212938006,0.0431266846361186,0.02122641509433962,0.03638814016172507,0.013477088948787063,0.007412398921832884,0.006738544474393531
B:TCTAC,0.026573426573426574,0.1034965034965035,0.09696969696969697,0.06270396270396271,0.0337995337995338,0.06923076923076923,0.053613053613053616,0.055944055944055944,0.031235431235431235,0.03566433566433566,0.0386946386946387,0.0655011655011655,0.049883449883449886,0.015384615384615385,0.037296037296037296,0.028205128205128206,0.03496503496503497,0.05501165501165501,0.01818181818181818,0.04522144522144522,0.014685314685314685,0.006993006993006993,0.020745920745920746
B:TCTAG,0.02672530446549391,0.13971583220568334,0.10723951285520975,0.06393775372124492,0.036535859269282815,0.060554803788903926,0.05175913396481732,0.03924221921515562,0.02537212449255751,0.04296346414073072,0.030108254397834912,0.05852503382949932,0.04566982408660352,0.011840324763193504,0.030446549391069014,0.028416779431664412,0.018606224627875506,0.06968876860622462,0.016576454668470908,0.04397834912043302,0.017591339648173207,0.019282814614343707,0.015223274695534507
B:TCTAT,0.031679617453676034,0.08218768679019725,0.10161386730424388,0.07561267184698146,0.04722056186491333,0.05469216975493126,0.0657501494321578,0.046921697549312615,0.04303646144650329,0.040944411237298264,0.04662283323371189,0.06694560669456066,0.06485355648535565,0.018230723251643755,0.03795576808129109,0.030185295875672445,0.022414823670053794,0.043933054393305436,0.016138673042438732,0.02749551703526599,0.017632994620442318,0.006873879258816497,0.01105797967722654
B:TCTCA,0.027635619242579325,0.08213920163766633,0.09762026612077788,0.06857727737973388,0.03582395087001024,0.0496417604912999,0.059237461617195494,0.05859774820880246,0.047210849539406345,0.03646366427840327,0.04017400204708291,0.05872569089048107,0.05207267144319345,0.012922210849539406,0.032753326509723645,0.03236949846468782,0.03505629477993859,0.06870522006141248,0.01394575230296827,0.04452405322415558,0.01842374616171955,0.007932446264073694,0.019447287615148412
B:TCTCC,0.02579641307018262,0.08754401768896897,0.08590615019244943,0.05667021537957579,0.0311194824338711,0.045450823028417,0.052329866513799034,0.054868561133404305,0.04749815739906642,0.043157808533289654,0.03734337892064532,0.05970027024813693,0.0583899762509213,0.013594300221112111,0.03013676193595938,0.03799852591925313,0.03398575055278028,0.06723446073212677,0.012529686348374416,0.06305789861600196,0.022848251576447466,0.007206616984685939,0.02563262632053067
B:TCTCG,0.0262451535937966,0.08887563376081122,0.09275275872353117,0.04712198031613481,0.03459588428273188,0.05070086489710707,0.051595586042350136,0.05815687444079928,0.045630778407396363,0.03549060542797495,0.03698180733671339,0.04950790337011631,0.05636743215031315,0.014315538323889055,0.035788845809722636,0.03042051893826424,0.03370116313748882,0.07575305696391291,0.014613778705636743,0.06263048016701461,0.025648672830301224,0.006859528780196839,0.0262451535937966
B:TCTCT,0.029440247917877204,0.0852217702885919,0.09248498934727871,0.07301956226999806,0.03408870811543676,0.052585705984892504,0.05704048034088708,0.04580670153011815,0.0453224869262057,0.03970559752082123,0.0326360643036994,0.05936471043966686,0.05229517722254503,0.0168506682161534,0.03554135192717412,0.03738136742204145,0.026050745690490026,0.060139453805926786,0.014913809800503584,0.0651752856866163,0.017915940344760798,0.007456904900251792,0.019562269998063143
B:TCTGA,0.029831103312129854,0.07973239745558236,0.1117569642465453,0.0663522702347006,0.038385610879578855,0.05779776266725159,0.0551656064926519,0.05242377714411055,0.047817503838561086,0.03981136214082036,0.04364992322877824,0.0565913577538934,0.05406887475323536,0.013928493090590043,0.03290195218249616,0.034437376617679316,0.026760254441763543,0.053520508883527086,0.016341302917306427,0.04354025005483659,0.017109015134898004,0.008115814871682387,0.019960517657381004
B:TCTGC,0.02481520591341077,0.08623724040830694,0.08553326293558607,0.05825413586765223,0.032294966561070046,0.06010207673354453,0.053502287926786345,0.04892643435410067,0.03414290742696234,0.03836677226328757,0.04267863428370292,0.060542062653995074,0.05332629355860612,0.01689545934530095,0.03326293558606125,0.03458289334741288,0.04391059486096445,0.06969376979936642,0.013375571981696586,0.04320661738824358,0.02375923970432946,0.014607532558958114,0.0279831045406547
B:TCTGG,0.031274372172827955,0.11924816721260334,0.085634066448292,0.05350179379192014,0.032522227421619095,0.059351115270628606,0.05053813757604118,0.04554671658087662,0.038995476524723134,0.04320698798939323,0.03946342224301981,0.057557323350491345,0.04991420995164561,0.01396038059585088,0.035407892684448605,0.030182498830135705,0.033068164092965216,0.0659023553267821,0.01419435345499922,0.05092809234128841,0.019731711121509905,0.008812977694587427,0.02105755732335049
B:TCTGT,0.02660458929165281,0.08812770202859993,0.10043232457598936,0.06540294867531316,0.03469681853453054,0.05986032590621882,0.06119055537080147,0.05387429331559694,0.03469681853453054,0.03946347411595167,0.03968517902671544,0.06396186675534864,0.054095998226360714,0.013523999556590179,0.03480767098991243,0.034918523445294315,0.032812326793038464,0.0558696375124709,0.018955769870302626,0.04389757233122714,0.017292983039574328,0.008424786609023389,0.017403835494956214
B:TCTTA,0.031885818402672336,0.0716671727907683,0.12389918007895535,0.08077740662010324,0.04190707561494078,0.0525356817491649,0.06134224111752202,0.05283935621014273,0.04129972669298512,0.03856665654418463,0.04008502884907379,0.05800182204676587,0.05648344974187671,0.01700576981475858,0.03765563316125114,0.029456422714849682,0.017613118736714242,0.05344670513209839,0.019738839963559063,0.04129972669298512,0.015183723048891588,0.005466140297600972,0.011843303978135438
B:TCTTC,0.027313520192495284,0.09286596865448397,0.10359628015867854,0.06587760941666125,0.036352994732392535,0.05332639656630032,0.05397671847564545,0.05378162190284191,0.036873252259868636,0.03700331664173766,0.036808220068934125,0.05690316706769851,0.05677310268582948,0.015412629251479482,0.03407686804968459,0.03726344540547571,0.0289393249658581,0.06600767379853027,0.01586785458802107,0.0470182740456526,0.01658320868830071,0.008649281394290173,0.018729270989139624
B:TCTTG,0.029449423815621,0.07543747332479726,0.11022193768672642,0.06145966709346991,0.03734528382415706,0.055591122492530946,0.04972257789159198,0.04844216816047802,0.051002987622705935,0.03798548868971404,0.03713188220230474,0.05985915492957746,0.05409731113956466,0.014618011096884336,0.03371745625266752,0.03339735381988903,0.04257362355953905,0.05847204438753734,0.016325224071702945,0.04385403329065301,0.02144686299615877,0.008002560819462228,0.019846350832266324
B:TCTTT,0.03222962382445141,0.0729819749216301,0.14390673981191224,0.07121865203761756,0.044572884012539185,0.050156739811912224,0.05995297805642633,0.05270376175548589,0.03330721003134796,0.036931818181818184,0.03595219435736677,0.0570141065830721,0.05446708463949843,0.016947492163009406,0.03575626959247649,0.03467868338557994,0.02664576802507837,0.04956896551724138,0.01577194357366771,0.04016457680250784,0.015184169278996865,0.006563479623824452,0.013322884012539185
B:TGCAA,0.02943454686289698,0.07002323780015492,0.10611928737412858,0.06893880712625872,0.04399690162664601,0.06707978311386523,0.05855925639039504,0.04926413632842758,0.04585592563903951,0.03981409759876065,0.03903950426026336,0.05375677769171185,0.05778466305189776,0.016421378776142526,0.03423702556158017,0.032532920216886134,0.0308288148721921,0.057629744384198295,0.01735089078233927,0.034546862896979086,0.020604182804027885,0.011618900077459334,0.014562354763749032
B:TGCAC,0.024796983758700698,0.08207656612529002,0.07874129930394431,0.055539443155452436,0.03233758700696056,0.0675754060324826,0.05002900232018562,0.049303944315545245,0.040458236658932716,0.03973317865429234,0.037703016241299306,0.05901972157772622,0.05046403712296984,0.015081206496519721,0.03871809744779582,0.030887470997679814,0.03929814385150812,0.06612529002320186,0.017111368909512762,0.05640951276102088,0.025812064965197216,0.015516241299303945,0.027262180974477957
B:TGCAG,0.026721074108200606,0.08351981045149401,0.08029485323153876,0.0542319336580229,0.030801632223246018,0.06844807160721338,0.045873371067526654,0.050019744636040545,0.034684743977886005,0.044096353823877846,0.04133210477820192,0.06153744899302356,0.0542319336580229,0.015664077925496907,0.036264314861129396,0.033894958536264314,0.03850204027905752,0.0712123206528893,0.013492167961037251,0.04771620376464394,0.024351717783335527,0.015137554297749111,0.027971567724101618
B:TGCAT,0.03063705624898687,0.07213486788782623,0.0967741935483871,0.06824444804668504,0.0439293240395526,0.05803209596368941,0.05608688604311882,0.04830604636083644,0.03631058518398444,0.0389041984114119,0.04376722321283839,0.05624898686983303,0.05673528934997568,0.017831090938563787,0.03582428270384179,0.02771924136813098,0.04052520667855406,0.06013940671097422,0.019289998378991733,0.04700923974712271,0.018641595072134868,0.007780839682282379,0.019127897552277517
B:TGCCA,0.028333645034598842,0.08546848700205723,0.10407705255283337,0.062277912848326164,0.032448101739293064,0.057602393865719095,0.050776136151112775,0.048064335141200676,0.03712362072190013,0.041051056667290066,0.03562745464746587,0.06087525715354404,0.05302038526276417,0.014120067327473349,0.040115952870768655,0.03375724705442304,0.03160650832242379,0.05975313259771835,0.014587619225734056,0.046755189826070694,0.019824200486253975,0.015990274920516176,0.026743968580512437
B:TGCCC,0.027571472174178453,0.10835283345202971,0.07203174280191271,0.04690202462101943,0.027062773425577374,0.05544816359751755,0.04914029911486418,0.04751246311934073,0.038152406145080885,0.04435853087801404,0.037643707396479806,0.06501170007121783,0.053413368603113236,0.011191372469223726,0.03672804964899786,0.027469732424458236,0.04568114762437685,0.06501170007121783,0.013124427713907824,0.05819513683996337,0.02624885542781565,0.01200529046698545,0.03174280191270729
B:TGCCG,0.023161055114733004,0.08771177353634999,0.08084923868754021,0.04846665236971907,0.029809135749517476,0.05575809564657946,0.04739438129959254,0.05597254986060476,0.048895560797769674,0.03881621273858031,0.03581385374222604,0.05983272571306026,0.05232682822217456,0.013939523911644864,0.03131031524769462,0.030023589963542784,0.04911001501179498,0.06304953892343984,0.01565515762384731,0.057259275144756594,0.029380227321466865,0.013725069697619559,0.03173922367574523
B:TGCCT,0.030636292223095052,0.0969588149478173,0.08910335540343396,0.056334867018292,0.033441813488946245,0.055100437661317475,0.049377174278981036,0.04455167770171698,0.0537537874537089,0.04140949388396364,0.041185052182695546,0.0591403882841432,0.0537537874537089,0.013915385478621927,0.03456402199528672,0.030411850521826954,0.040175064526989115,0.0589159465828751,0.014476489731792167,0.044102794299180785,0.02412748288632028,0.010885422511502638,0.023678599483784087
B:TGCGA,0.02743142144638404,0.085785536159601,0.10224438902743142,0.05187032418952618,0.03640897755610972,0.04139650872817955,0.0543640897755611,0.059351620947630926,0.024438902743142144,0.04339152119700748,0.04039900249376559,0.0428927680798005,0.05536159600997506,0.015461346633416459,0.03890274314214464,0.02892768079800499,0.04239401496259352,0.06533665835411472,0.014962593516209476,0.058354114713216956,0.03790523690773067,0.006982543640897756,0.02543640897755611
B:TGCGC,0.024328147100424326,0.09024045261669024,0.08118811881188119,0.05205091937765205,0.02743988684582744,0.03734087694483734,0.047524752475247525,0.055445544554455446,0.031117397454031116,0.03479490806223479,0.03903818953323904,0.05176803394625177,0.053182461103253184,0.013295615275813296,0.03762376237623762,0.02630834512022631,0.04639321074964639,0.08033946251768034,0.013578500707213578,0.08203677510608204,0.03507779349363508,0.013578500707213578,0.02630834512022631
B:TGCGG,0.021873009131450415,0.08536844340624336,0.0768740709280102,0.04544489275854746,0.028031429178169462,0.04077298789551922,0.04565725207050329,0.0558504990443831,0.05415162454873646,0.03546400509662349,0.04417073688681249,0.06009768528349968,0.05054151624548736,0.008706731790189,0.02866850711403695,0.034826927160756,0.052877468677001487,0.07029093225737948,0.016351667020598853,0.06986621363346783,0.03716287959227012,0.007220216606498195,0.029730303673816096
B:TGCGT,0.02338586680223691,0.08490086426029486,0.08185053380782918,0.05033045246568378,0.03355363497712252,0.03253685815963396,0.042704626334519574,0.057447890188103715,0.042196237925775294,0.0498220640569395,0.04016268429079817,0.05236400610066091,0.04880528723945094,0.013218098627351297,0.030503304524656837,0.030503304524656837,0.058973055414336555,0.06507371631926792,0.017793594306049824,0.07015760040671072,0.029994916115912557,0.01728520589730554,0.026436197254702594
B:TGCTA,0.03147632311977716,0.07576601671309192,0.11615598885793872,0.06545961002785515,0.05738161559888579,0.06128133704735376,0.06239554317548746,0.05236768802228412,0.034818941504178275,0.029526462395543174,0.034818941504178275,0.07075208913649025,0.05487465181058496,0.016991643454038998,0.03871866295264624,0.039832869080779945,0.024233983286908078,0.04373259052924791,0.016713091922005572,0.026462395543175487,0.01838440111420613,0.008913649025069638,0.01894150417827298
B:TGCTC,0.02675513698630137,0.08679366438356165,0.08112157534246575,0.061001712328767124,0.03627996575342466,0.041630993150684935,0.04869434931506849,0.05329623287671233,0.036494006849315065,0.04238013698630137,0.038741438356164386,0.06678082191780822,0.057148972602739725,0.014233732876712328,0.032534246575342464,0.03724315068493151,0.0351027397260274,0.07298801369863013,0.01444777397260274,0.05104880136986301,0.023009417808219176,0.011451198630136987,0.030821917808219176
B:TGCTG,0.024730820995962317,0.09124046657694034,0.08232391206819202,0.05882682817406909,0.04088156123822342,0.04985419470614626,0.051256168685509196,0.04901301031852849,0.03336698070883804,0.040264692687303726,0.037236428891879766,0.06572454015253477,0.0496859578286227,0.012954239569313594,0.03762898160610139,0.03589053387169134,0.04312471960520413,0.0639300134589502,0.0132907133243607,0.048844773441004935,0.0211978465679677,0.01990803050695379,0.02882458501570211
B:TGCTT,0.02781791907514451,0.08116570327552987,0.10573217726396918,0.06370423892100192,0.03913776493256262,0.06310211946050097,0.052745664739884394,0.051541425818882464,0.03420038535645472,0.03684971098265896,0.04226878612716763,0.05936897880539499,0.05575626204238921,0.017220616570327554,0.03998073217726397,0.0378131021194605,0.02745664739884393,0.05936897880539499,0.017702312138728325,0.039378612716763,0.0197495183044316,0.006502890173410405,0.021435452793834298
B:TGTAA,0.027188170760791795,0.07035535416169807,0.1323634629143811,0.07607917958502265,0.04292869067493441,0.056522776055330314,0.05676126878130217,0.052945385165752444,0.03577390889577868,0.03243501073217267,0.03625089434772239,0.05389935606963987,0.06010016694490818,0.016217505366086335,0.037443357977581686,0.03243501073217267,0.024326258049129502,0.04650608156451228,0.016932983544001908,0.056522776055330314,0.01669449081803005,0.007870259957071309,0.011447650846649178
B:TGTAC,0.02899884925201381,0.07917146144994246,0.11254315304948216,0.06720368239355581,0.03751438434982739,0.04579976985040276,0.04787111622554661,0.047180667433831994,0.03475258918296893,0.04165707710011508,0.0379746835443038,0.06628308400460299,0.053394706559263524,0.014039125431530495,0.039125431530494824,0.030149597238204835,0.03383199079401611,0.05684695051783659,0.015880322209436134,0.05454545454545454,0.018642117376294592,0.007825086306098964,0.028768699654775604
B:TGTAG,0.031134173461823574,0.08432171979243884,0.1002594514455152,0.06356560415122313,0.03502594514455152,0.0528169014084507,0.05763528539659007,0.05744996293550778,0.030763528539659007,0.035211267605633804,0.04132690882134915,0.06616011860637509,0.049851742031134176,0.012045959970348406,0.037064492216456635,0.03391401037805782,0.03020756115641216,0.05800593031875463,0.018902891030392884,0.05559673832468495,0.020756115641215715,0.00759822090437361,0.020385470719051148
B:TGTAT,0.02981029810298103,0.07119980290711998,0.1197339246119734,0.06947524020694752,0.04262133530426213,0.05420054200542006,0.0551860064055186,0.05567873860556787,0.05025868440502587,0.03991130820399113,0.04286770140428677,0.06060606060606061,0.06134515890613452,0.02118748460211875,0.03547671840354767,0.03375215570337522,0.0174919931017492,0.03991130820399113,0.020694752402069475,0.04262133530426213,0.01453559990145356,0.005912786400591279,0.015521064301552107
B:TGTCA,0.02802008987575998,0.0816812053925456,0.12014274385408406,0.059873116574147504,0.05075337034099921,0.052339413164155434,0.05048902987047317,0.05260375363468147,0.03555379328575205,0.03885804916732752,0.035818133756278084,0.06238435104414486,0.05604017975151996,0.013481363996827915,0.037932857520486384,0.028813111287338093,0.0317208564631245,0.06304520222045995,0.01731430081945546,0.04176579434311393,0.0169177901136664,0.005815490351572826,0.018636003172085646
B:TGTCC,0.02106914714782024,0.12025103664686765,0.08046621091561135,0.04819007060405693,0.029586461952258208,0.06029362322088984,0.048302140535694274,0.053569427322649334,0.043931413201837945,0.042698643953827185,0.03754342709850947,0.06320744144346072,0.055810825955396166,0.011767342821920879,0.032500280174829095,0.03104337106354365,0.03911240614143226,0.05850050431469237,0.014232881317942396,0.04628488176622212,0.021293287011094925,0.010198363778998095,0.03014681161044492
B:TGTCG,0.028793774319066146,0.11361867704280156,0.07470817120622568,0.04396887159533074,0.04046692607003891,0.04046692607003891,0.05252918287937743,0.0556420233463035,0.046303501945525294,0.03463035019455253,0.03151750972762646,0.054474708171206226,0.05914396887159533,0.012062256809338522,0.026459143968871595,0.03346303501945525,0.04319066147859922,0.06342412451361867,0.011673151750972763,0.05758754863813229,0.026848249027237352,0.009727626459143969,0.03929961089494163
B:TGTCT,0.028834504482675067,0.10491882723527987,0.0969227041434456,0.06203053065180519,0.036224860673612795,0.06384783135449479,0.04918827235279864,0.0466440513690332,0.04434213714562636,0.042282529682578146,0.0363460140537921,0.058274775866246666,0.051247879815846865,0.012599951538647928,0.033801793070026655,0.032105645747516356,0.03998061545917131,0.05282287375817785,0.016598013084565058,0.039738308698812695,0.01817300702689605,0.011630724497213472,0.02144414829173734
B:TGTGA,0.027745364968235448,0.07817969661610269,0.10799948139504732,0.06793724880072605,0.038506417736289385,0.06599248022818618,0.049008168028004666,0.05821340593802671,0.038895371450797356,0.03396862440036302,0.03798781278361208,0.06197329184493712,0.05484247374562427,0.013872682484117724,0.0348761830675483,0.026059898872034228,0.027226760015558148,0.04874886555166602,0.01750291715285881,0.06897445870608064,0.015947102294826914,0.009075586671852716,0.016465707247504215
B:TGTGC,0.02785181236673774,0.08288912579957355,0.08968550106609809,0.05570362473347548,0.03158315565031983,0.053304904051172705,0.04970682302771855,0.048507462686567165,0.03904584221748401,0.03931236673773987,0.03571428571428571,0.06849680170575694,0.054371002132196165,0.012393390191897655,0.035181236673773986,0.03824626865671642,0.037979744136460554,0.06396588486140725,0.0142590618336887,0.053304904051172705,0.028118336886993604,0.016124733475479745,0.024253731343283583
B:TGTGG,0.024028764360256073,0.0895378409190564,0.08401297904060336,0.06287818995001315,0.03472770323599053,0.05796720161361045,0.053056213277207755,0.05673945452950978,0.03648162764184864,0.03963869157239323,0.03560466543891958,0.07366482504604052,0.05279312461632903,0.01403139524686486,0.032096816627203366,0.030518284661931072,0.03446461457511181,0.053494694378672276,0.011926685959835131,0.07208629308076822,0.01859159870209594,0.007629571165482768,0.024028764360256073
B:TGTGT,0.024332261222206684,0.09523143616277444,0.08362466787861837,0.05845336316599077,0.03887568172283597,0.049643406516571106,0.04544818906446651,0.05733463851209621,0.06446650818067404,0.04083344986715145,0.038735841141099146,0.06642427632498951,0.05006292826178157,0.011746608865892882,0.03160397147252133,0.030485246818626764,0.03635855125157321,0.05076213117046567,0.017340232135365685,0.05285973989651797,0.020836246678786183,0.015242623409313382,0.019298000279681163
B:TGTTA,0.029940119760479042,0.07374724235739048,0.15096123542388906,0.06397730854081311,0.04790419161676647,0.05609832965647652,0.055783170501103055,0.05861960289946423,0.026788528206744405,0.04254648597541759,0.03971005357705641,0.052946738102741885,0.06051055783170501,0.019539867633154743,0.03592814371257485,0.030885597226599434,0.021745981720768987,0.04538291837377876,0.024267254963756698,0.027103687362117868,0.01229120705956508,0.00787897888433659,0.015442798613299717
B:TGTTC,0.026832641770401105,0.08160442600276625,0.10221300138312586,0.06832641770401106,0.038865836791147995,0.057676348547717846,0.05753803596127247,0.04827109266943292,0.04135546334716459,0.036514522821576766,0.040525587828492395,0.05892116182572614,0.05062240663900415,0.01715076071922545,0.035961272475795295,0.036929460580912864,0.030705394190871368,0.06376210235131397,0.018810511756569847,0.04232365145228216,0.01784232365145228,0.007053941908713693,0.020193637621023514
B:TGTTG,0.02941546197360151,0.09541169076052797,0.10634820867379007,0.06461345065996228,0.038843494657448144,0.05505971087366436,0.05166561910747957,0.06033940917661848,0.03016970458830924,0.04135763670647392,0.03230672532998114,0.06084223758642363,0.0590823381521056,0.01345065996228787,0.035323695788812066,0.032935260842237586,0.03004399748585795,0.05593966059082338,0.019736015084852294,0.04286612193588938,0.019736015084852294,0.006411062225015713,0.018101822752985542
B:TGTTT,0.027307482250136537,0.0741398143091207,0.12834516657564174,0.0718186783178591,0.0505188421627526,0.058574549426542874,0.055024576734025124,0.05557072637902785,0.034817039868924086,0.038776624795193886,0.03672856362643364,0.057755324959038776,0.05584380120152922,0.018432550518842163,0.03345166575641726,0.0363189513926816,0.02744401966138722,0.04669579464773348,0.018022938285090113,0.03509011469142545,0.015565264882577826,0.008328782086291644,0.015428727471327144
B:TTCAA,0.027763295099061523,0.06725755995828989,0.13581856100104275,0.06960375391032325,0.04340458811261731,0.05539624608967675,0.04874869655891554,0.05669968717413973,0.03571428571428571,0.036235662148070905,0.042101147028154325,0.05265901981230448,0.05578727841501564,0.01981230448383733,0.035583941605839414,0.035583941605839414,0.023201251303441084,0.060218978102189784,0.019681960375391033,0.04040667361835245,0.01837851929092805,0.006647549530761209,0.013295099061522419
B:TTCAC,0.02865370770338373,0.07113030957523399,0.11447084233261338,0.0658027357811375,0.03441324694024478,0.06047516198704104,0.05053995680345572,0.056299496040316775,0.04622030237580994,0.03412526997840173,0.03830093592512599,0.05716342692584593,0.056155507559395246,0.016990640748740102,0.03311735061195104,0.031821454283657305,0.024910007199424045,0.05946724262059035,0.018286537077033836,0.06033117350611951,0.01655867530597552,0.007631389488840893,0.01713462922966163
B:TTCAG,0.02816086411418652,0.07869611341498699,0.12055164432442858,0.06779824476805864,0.03790143697560035,0.052271192979072234,0.054007136657344,0.04850998167615006,0.04040891117754846,0.036069051981869035,0.04069823512392709,0.061047352685890635,0.05603240428199441,0.017552319413636802,0.034815314880894975,0.03462243224997589,0.02893239463786286,0.05950429163853795,0.016684347574500918,0.042916385379496574,0.01716655415179863,0.007425981290384801,0.0182274086218536
B:TTCAT,0.030686317641882975,0.0829300483941927,0.10371755389353278,0.07325120985481742,0.042454905411350635,0.05070391553013638,0.05477342718873735,0.054883413990321164,0.035855697316322044,0.0398152221733392,0.03970523537175539,0.05774307083150022,0.060602727672679275,0.01715794104707435,0.03376594808622965,0.032996040475142985,0.025736911570611528,0.05466344038715354,0.017927848658161022,0.05103387593488781,0.01671799384073911,0.008908930928288605,0.013968323801143863
B:TTCCA,0.029148918399732732,0.08494111751440742,0.10573791029817088,0.06489601603608118,0.0408418942620897,0.04744007349870542,0.06097051699657563,0.05470642278459868,0.04301344692224171,0.03766808652802138,0.038002171552660155,0.05762966675018792,0.052367827612127285,0.01804059133049361,0.035997661404827526,0.031487513572204126,0.03674935271026476,0.058047273030986384,0.01678777248809822,0.043096968178401404,0.017288900025056377,0.007182828029733567,0.01795707007433392
B:TTCCC,0.03107380027565468,0.08958777095602055,0.08858539030196717,0.061145219897255985,0.030322014785114648,0.059015161007392555,0.055882721463475754,0.052249091592532264,0.04874075930334545,0.040847011652675104,0.0399699285803784,0.05788748277158251,0.05187319884726225,0.013657436411477259,0.03408094223781481,0.02681368249592783,0.033329156747274775,0.058513970680365866,0.014283924320260618,0.06026813682495928,0.02104999373512091,0.007141962160130309,0.023681242952011027
B:TTCCG,0.03005058018446891,0.08241594763463254,0.09878012496280869,0.04849747099077655,0.024695031240702173,0.05712585540017852,0.05206783695328771,0.045224635525141325,0.044629574531389465,0.03391847664385599,0.04016661707825052,0.05385301993454329,0.058018446890806305,0.01636417732817614,0.02915798869384112,0.03838143409699494,0.048795001487652485,0.06664683130020826,0.01636417732817614,0.051770306456411785,0.02767033620946147,0.007438262421898245,0.0279678667063374
B:TTCCT,0.031477605692758474,0.08020092088740059,0.10908329845123482,0.05893679363750523,0.03750523231477606,0.0524905818334031,0.05475094181665969,0.05282544997907074,0.03984930933444956,0.039012138970280455,0.04562578484721641,0.05969024696525743,0.057011301799916286,0.020426956885726245,0.03357053160318125,0.03365424863959816,0.028296358308915866,0.058183340309753036,0.014566764336542486,0.04654667224780243,0.017329426538300545,0.010129761406446211,0.018836333193804938
B:TTCGA,0.028651949271958667,0.07468294974166276,0.09441052137153594,0.0732738374823861,0.02959135744480977,0.06106153123532175,0.055425082198215125,0.0615312353217473,0.03334899013621419,0.03475810239549084,0.040864255519023014,0.05495537811178957,0.050258337247534056,0.021136683889149837,0.033818694222639736,0.03663691874119305,0.03147017379051198,0.05119774542038516,0.020666979802724285,0.052137153593236264,0.025833724753405354,0.011272898074213245,0.023015500234852042
B:TTCGC,0.029506437768240343,0.0917381974248927,0.08530042918454936,0.06169527896995708,0.03701716738197425,0.05793991416309013,0.046137339055793994,0.04291845493562232,0.03701716738197425,0.03648068669527897,0.04130901287553648,0.049892703862660946,0.04774678111587983,0.018776824034334765,0.03540772532188841,0.030042918454935622,0.032188841201716736,0.07457081545064377,0.011802575107296138,0.07296137339055794,0.03379828326180258,0.004828326180257511,0.02092274678111588
B:TTCGG,0.027620128641695045,0.08702232311766932,0.0851305334846765,0.058267120696178586,0.03518728717366629,0.060158910329171394,0.05297010972379872,0.048051456678017405,0.05864547862277715,0.03253878168747635,0.03670071888006054,0.060915626182368524,0.053348467650397274,0.011350737797956867,0.034430571320469165,0.03216042376087779,0.036322360953461974,0.07037457434733257,0.015512674990541053,0.04918653045781309,0.021566401816118047,0.00681044267877412,0.025728339008702233
B:TTCGT,0.023141309699655343,0.09798129000492369,0.09354997538158542,0.059084194977843424,0.032988675529295915,0.06253077301821763,0.04775972427375677,0.04775972427375677,0.043328409650418516,0.03545051698670606,0.03938946331856229,0.05268340718857706,0.055145248645987195,0.02117183653372723,0.0310192023633678,0.029542097488921712,0.035942885278188084,0.06991629739044805,0.01772525849335303,0.05957656326932546,0.017232890201871,0.0103397341211226,0.01674052191038897
B:TTCTA,0.028617216117216116,0.08447802197802198,0.11904761904761904,0.07005494505494506,0.04304029304029304,0.06456043956043957,0.05746336996336996,0.05242673992673993,0.030906593406593408,0.038232600732600736,0.03869047619047619,0.06066849816849817,0.061126373626373624,0.018086080586080588,0.039377289377289376,0.03205128205128205,0.02152014652014652,0.05128205128205128,0.018543956043956044,0.03685897435897436,0.013965201465201466,0.0086996336996337,0.010302197802197802
B:TTCTC,0.02669242251295109,0.07357976995346387,0.10439898147335148,0.06945298094652735,0.03222407586267451,0.05083852840460093,0.05926771446132233,0.0500482922117833,0.04662393537624023,0.03722890508385284,0.036350864869611026,0.05786285011853543,0.05312143296162964,0.014838879620686628,0.03204846781982615,0.03398015629115814,0.02844850294143472,0.06400913161822812,0.013873035385020634,0.0655017999824392,0.0229168495917113,0.006673105628237773,0.02001931688471332
B:TTCTG,0.029237897427704107,0.08979070138999841,0.11111998721840549,0.06446716727911807,0.03770570378654737,0.050007988496564945,0.0578367151302125,0.05008787346221441,0.04050167758427864,0.03850455344304202,0.03818501358044416,0.057517175267614636,0.059194759546253396,0.014858603610800448,0.03562869467966129,0.03451030516056878,0.030835596740693402,0.05591947595462534,0.01621664802684135,0.045454545454545456,0.01845342706502636,0.007748841667998082,0.01621664802684135
B:TTCTT,0.028259091247118315,0.07265561091693315,0.13318955900944449,0.06901167546664684,0.04268610098906819,0.05562579013906448,0.055179593961478396,0.05451029969509928,0.035175131999702534,0.03510076597010486,0.03911653156837956,0.05562579013906448,0.05718747676061575,0.01717855283706403,0.03167992860861159,0.03577006023648398,0.024094593589648248,0.06060831412210902,0.01695545474827099,0.04112441436751692,0.01755038298505243,0.007585335018963337,0.014129545623559158
B:TTTAA,0.033127713045464934,0.06625542609092987,0.14987434315741374,0.07356636965958419,0.038610920721955676,0.05574594471098926,0.06625542609092987,0.05757368060315284,0.030386109207219555,0.02901530728809687,0.04363719442540553,0.04980580306145762,0.06397075622572539,0.0210189627598812,0.03564084989718986,0.03404158099154672,0.023075165638565227,0.04340872743888508,0.017363490975554032,0.030386109207219555,0.015078821110349555,0.01028101439342015,0.011880283299063285
B:TTTAC,0.02839643652561247,0.07015590200445435,0.12583518930957685,0.0801781737193764,0.04927616926503341,0.05512249443207127,0.057071269487750556,0.05094654788418708,0.03758351893095768,0.03591314031180401,0.042316258351893093,0.05790645879732739,0.06096881959910913,0.01920935412026726,0.042037861915367486,0.029788418708240536,0.025612472160356347,0.04259465478841871,0.017538975501113586,0.037305122494432075,0.014198218262806235,0.006959910913140312,0.013084632516703786
B:TTTAG,0.03097209444955535,0.07206378411530205,0.14320760502913216,0.0821833793314934,0.046304814474087706,0.0821833793314934,0.054891137687825824,0.04783808647654094,0.031278748850046,0.034651947255443113,0.03833180006133088,0.05121128488193805,0.06225084329960135,0.013799448022079117,0.033731984053971174,0.03557191045691506,0.016865992026985587,0.041704998466728,0.014719411223551058,0.037105182459368294,0.01778595522845753,0.005519779208831647,0.005826433609322294
B:TTTAT,0.03123698458975427,0.06497292794668888,0.13536026655560182,0.08267388588088297,0.053311120366513955,0.0556018325697626,0.068304872969596,0.05601832569762599,0.03810912119950021,0.031028738025822573,0.03769262807163682,0.06226572261557684,0.05726780508121616,0.024156601416076635,0.030195751770095793,0.031028738025822573,0.019366930445647648,0.03915035401915869,0.017076218242399,0.03373594335693461,0.011661807580174927,0.008746355685131196,0.011037067888379841
B:TTTCA,0.03214124038026256,0.06643277501131734,0.1363739248528746,0.07537347215934811,0.04436396559529199,0.059642372114078766,0.0552286102308737,0.055454956994114984,0.03655500226346763,0.0370076957899502,0.04300588501584427,0.054662743322770484,0.056360344047080124,0.01935264825712992,0.03248076052512449,0.033159800814848345,0.023540063377093707,0.04923042100497963,0.019805341783612495,0.03463105477591671,0.016296966953372568,0.00882752376641014,0.010072430964237211
B:TTTCC,0.02957717142262029,0.07592168298271193,0.1088314934388669,0.06925640491564257,0.04269943761716309,0.048219121016454904,0.060091647573422204,0.05113518017079775,0.05280149968756509,0.04030410331181004,0.038846073734638616,0.05467610914392835,0.05790460320766507,0.02353676317433868,0.031451780878983544,0.03082691106019579,0.023849198083732554,0.051447615080191626,0.01749635492605707,0.05165590501978754,0.017288064986461155,0.007810872734846907,0.014372005832118308
B:TTTCG,0.026587086272381984,0.0781334780249593,0.09658166033640803,0.062398263700488336,0.0341833966359197,0.0759631036353771,0.05968529571351058,0.040151926207270754,0.05805751492132393,0.02984264785675529,0.032555615843733045,0.051003798155181766,0.05154639175257732,0.024416711882799782,0.0341833966359197,0.0341833966359197,0.040694519804666304,0.05588714053174173,0.024416711882799782,0.04286489419424851,0.015735214324470972,0.010309278350515464,0.020618556701030927
B:TTTCT,0.027835880933226066,0.07304907481898633,0.13676588897827835,0.06894609814963797,0.042316975060337894,0.057039420756234915,0.06074014481094127,0.052775543041029764,0.03724859211584875,0.03716814159292035,0.036283185840707964,0.05293644408688657,0.05687851971037812,0.018423169750603378,0.03274336283185841,0.03378921962992759,0.02421560740144811,0.04851166532582462,0.016814159292035398,0.050120675784392596,0.016090104585679808,0.007401448109412711,0.011906677393403058
B:TTTGA,0.02826233941852603,0.0742393509127789,0.12359702501690331,0.06883029073698445,0.043137254901960784,0.06098715348208249,0.05625422582826234,0.04989858012170385,0.03515889114266396,0.03664638269100744,0.038404327248140635,0.057741717376605814,0.05963488843813387,0.020148749154834347,0.03407707910750507,0.03407707910750507,0.02636916835699797,0.05260311020960108,0.01852603110209601,0.040973630831643,0.019202163624070318,0.005949966193373901,0.015280594996619337
B:TTTGC,0.030712530712530713,0.08092751842751843,0.11025798525798526,0.07202088452088452,0.04284398034398034,0.04683660933660934,0.060810810810810814,0.05451474201474202,0.0386977886977887,0.03470515970515971,0.04054054054054054,0.053593366093366096,0.05773955773955774,0.018581081081081082,0.03562653562653563,0.03777641277641278,0.030712530712530713,0.05144348894348894,0.019656019656019656,0.03900491400491401,0.019041769041769043,0.007831695331695332,0.016124078624078626
B:TTTGG,0.029298751200768493,0.08477425552353507,0.11947646493756003,0.059918347742555236,0.043707973102785784,0.050072046109510084,0.05859750240153699,0.048270893371757925,0.04142651296829971,0.04106628242074928,0.03878482228626321,0.06075888568683958,0.05847742555235351,0.01681075888568684,0.04046589817483189,0.0335014409221902,0.027377521613832854,0.05547550432276657,0.01585014409221902,0.032420749279538905,0.018371757925072046,0.007084534101825168,0.018011527377521614
B:TTTGT,0.025182429532121905,0.07297181284876234,0.13120618114179425,0.07340105880669624,0.04335384175132351,0.058091286307053944,0.056803548433252256,0.05623122048934039,0.032908856774932035,0.037916726284160825,0.0367720703963371,0.05852053226498784,0.05923594219487766,0.017169838317355846,0.03591357848046931,0.031478036915152385,0.028330233223637143,0.04550007154099299,0.018886822149091428,0.041636857919587926,0.017312920303333812,0.006867935326942338,0.014308198597796537
B:TTTTA,0.03461538461538462,0.06275303643724696,0.13502024291497974,0.08582995951417004,0.048582995951417005,0.06700404858299595,0.060931174089068826,0.0562753036437247,0.03441295546558704,0.030566801619433197,0.04271255060728745,0.05303643724696356,0.06578947368421052,0.022469635627530363,0.03279352226720648,0.032388663967611336,0.020445344129554656,0.0354251012145749,0.020445344129554656,0.027530364372469637,0.01174089068825911,0.008704453441295546,0.010526315789473684
B:TTTTC,0.029059345221247288,0.07444098499858477,0.13708840456646854,0.07227096895933578,0.04604207944145674,0.05934522124728748,0.06057175205208039,0.05198603641853005,0.04500424568355505,0.035380696292103025,0.0373620152844608,0.055665628832908765,0.050853854137182755,0.018303613548447967,0.031512406830833097,0.032550240588734784,0.022737994150391547,0.04745730729314086,0.017831870931219927,0.03962637984715539,0.01471836965751486,0.008680064156995944,0.011510519860364185
B:TTTTG,0.028106881774640786,0.07827073355180236,0.1270481472145198,0.07373329972271238,0.04965969246281825,0.055583564406352405,0.0639021930930174,0.05041593143433325,0.039828585833123265,0.03793798840433577,0.03819006806150744,0.053819006806150746,0.05495336526342324,0.0213007310310058,0.033526594403831614,0.03289639526090245,0.024703806402823294,0.04726493571968742,0.016637257373329974,0.032014116460801614,0.01814973531635997,0.007058230400806655,0.01499873960171414
B:TTTTT,0.027160765339784475,0.07444468880580603,0.12733670552012316,0.08379151088629866,0.05113261491093028,0.05926984825159446,0.06729711897954696,0.053991642841433915,0.03485814822960193,0.03122938201011656,0.03727732570925885,0.0525621288761821,0.057180558610072575,0.021992522542335607,0.031009456784693204,0.03441829777875522,0.024301737409280846,0.04112601715416758,0.01572465361776996,0.038376951836375635,0.013305476138113042,0.0100065977567627,0.012205850010996262
N:AACAA,0,0,0,0,0,0,0,0,0,0,0,0,0,0,0,0,0,0,0,0,0,0,0
N:AACAC,0,0,0,0,0,0,0,0,0,0,0,0,0,0,0,0,0,0,0,0,0,0,0
N:AACAG,0,0,0,0,0,0,0,0,0,0,0,0,0,0,0,0,0,0,0,0,0,0,0
N:AACAT,0,0,0,0,0,0,0,0,0,0,0,0,0,0,0,0,0,0,0,0,0,0,0
N:AACCA,0,0,0,0,0,0,0,0,0,0,0,0,0,0,0,0,0,0,0,0,0,0,0
N:AACCC,0,0,0,0,0,0,0,0,0,0,0,0,0,0,0,0,0,0,0,0,0,0,0
N:AACCG,0,0,0,0,0,0,0,0,0,0,0,0,0,0,0,0,0,0,0,0,0,0,0
N:AACCT,0,0,0,0,0,0,0,0,0,0,0,0,0,0,0,0,0,0,0,0,0,0,0
N:AACGA,0,0,0,0,0,0,0,0,0,0,0,0,0,0,0,0,0,0,0,0,0,0,0
N:AACGC,0,0,0,0,0,0,0,0,0,0,0,0,0,0,0,0,0,0,0,0,0,0,0
N:AACGG,0,0,0,0,0,0,0,0,0,0,0,0,0,0,0,0,0,0,0,0,0,0,0
N:AACGT,0,0,0,0,0,0,0,0,0,0,0,0,0,0,0,0,0,0,0,0,0,0,0
N:AACTA,0,0,0,0,0,0,0,0,0,0,0,0,0,0,0,0,0,0,0,0,0,0,0
N:AACTC,0,0,0,0,0,0,0,0,0,0,0,0,0,0,0,0,0,0,0,0,0,0,0
N:AACTG,0,0,0,0,0,0,0,0,0,0,0,0,0,0,0,0,0,0,0,0,0,0,0
N:AACTT,0,0,0,0,0,0,0,0,0,0,0,0,0,0,0,0,0,0,0,0,0,0,0
N:AATAA,0,0,0,0,0,0,0,0,0,0,0,0,0,0,0,0,0,0,0,0,0,0,0
N:AATAC,0,0,0,0,0,0,0,0,0,0,0,0,0,0,0,0,0,0,0,0,0,0,0
N:AATAG,0,0,0,0,0,0,0,0,0,0,0,0,0,0,0,0,0,0,0,0,0,0,0
N:AATAT,0,0,0,0,0,0,0,0,0,0,0,0,0,0,0,0,0,0,0,0,0,0,0
N:AATCA,0,0,0,0,0,0,0,0,0,0,0,0,0,0,0,0,0,0,0,0,0,0,0
N:AATCC,0,0,0,0,0,0,0,0,0,0,0,0,0,0,0,0,0,0,0,0,0,0,0
N:AATCG,0,0,0,0,0,0,0,0,0,0,0,0,0,0,0,0,0,0,0,0,0,0,0
N:AATCT,0,0,0,0,0,0,0,0,0,0,0,0,0,0,0,0,0,0,0,0,0,0,0
N:AATGA,0,0,0,0,0,0,0,0,0,0,0,0,0,0,0,0,0,0,0,0,0,0,0
N:AATGC,0,0,0,0,0,0,0,0,0,0,0,0,0,0,0,0,0,0,0,0,0,0,0
N:AATGG,0,0,0,0,0,0,0,0,0,0,0,0,0,0,0,0,0,0,0,0,0,0,0
N:AATGT,0,0,0,0,0,0,0,0,0,0,0,0,0,0,0,0,0,0,0,0,0,0,0
N:AATTA,0,0,0,0,0,0,0,0,0,0,0,0,0,0,0,0,0,0,0,0,0,0,0
N:AATTC,0,0,0,0,0,0,0,0,0,0,0,0,0,0,0,0,0,0,0,0,0,0,0
N:AATTG,0,0,0,0,0,0,0,0,0,0,0,0,0,0,0,0,0,0,0,0,0,0,0
N:AATTT,0,0,0,0,0,0,0,0,0,0,0,0,0,0,0,0,0,0,0,0,0,0,0
N:ACCAA,0,0,0,0,0,0,0,0,0,0,0,0,0,0,0,0,0,0,0,0,0,0,0
N:ACCAC,0,0,0,0,0,0,0,0,0,0,0,0,0,0,0,0,0,0,0,0,0,0,0
N:ACCAG,0,0,0,0,0,0,0,0,0,0,0,0,0,0,0,0,0,0,0,0,0,0,0
N:ACCAT,0,0,0,0,0,0,0,0,0,0,0,0,0,0,0,0,0,0,0,0,0,0,0
N:ACCCA,0,0,0,0,0,0,0,0,0,0,0,0,0,0,0,0,0,0,0,0,0,0,0
N:ACCCC,0,0,0,0,0,0,0,0,0,0,0,0,0,0,0,0,0,0,0,0,0,0,0
N:ACCCG,0,0,0,0,0,0,0,0,0,0,0,0,0,0,0,0,0,0,0,0,0,0,0
N:ACCCT,0,0,0,0,0,0,0,0,0,0,0,0,0,0,0,0,0,0,0,0,0,0,0
N:ACCGA,0,0,0,0,0,0,0,0,0,0,0,0,0,0,0,0,0,0,0,0,0,0,0
N:ACCGC,0,0,0,0,0,0,0,0,0,0,0,0,0,0,0,0,0,0,0,0,0,0,0
N:ACCGG,0,0,0,0,0,0,0,0,0,0,0,0,0,0,0,0,0,0,0,0,0,0,0
N:ACCGT,0,0,0,0,0,0,0,0,0,0,0,0,0,0,0,0,0,0,0,0,0,0,0
N:ACCTA,0,0,0,0,0,0,0,0,0,0,0,0,0,0,0,0,0,0,0,0,0,0,0
N:ACCTC,0,0,0,0,0,0,0,0,0,0,0,0,0,0,0,0,0,0,0,0,0,0,0
N:ACCTG,0,0,0,0,0,0,0,0,0,0,0,0,0,0,0,0,0,0,0,0,0,0,0
N:ACCTT,0,0,0,0,0,0,0,0,0,0,0,0,0,0,0,0,0,0,0,0,0,0,0
N:ACTAA,0,0,0,0,0,0,0,0,0,0,0,0,0,0,0,0,0,0,0,0,0,0,0
N:ACTAC,0,0,0,0,0,0,0,0,0,0,0,0,0,0,0,0,0,0,0,0,0,0,0
N:ACTAG,0,0,0,0,0,0,0,0,0,0,0,0,0,0,0,0,0,0,0,0,0,0,0
N:ACTAT,0,0,0,0,0,0,0,0,0,0,0,0,0,0,0,0,0,0,0,0,0,0,0
N:ACTCA,0,0,0,0,0,0,0,0,0,0,0,0,0,0,0,0,0,0,0,0,0,0,0
N:ACTCC,0,0,0,0,0,0,0,0,0,0,0,0,0,0,0,0,0,0,0,0,0,0,0
N:ACTCG,0,0,0,0,0,0,0,0,0,0,0,0,0,0,0,0,0,0,0,0,0,0,0
N:ACTCT,0,0,0,0,0,0,0,0,0,0,0,0,0,0,0,0,0,0,0,0,0,0,0
N:ACTGA,0,0,0,0,0,0,0,0,0,0,0,0,0,0,0,0,0,0,0,0,0,0,0
N:ACTGC,0,0,0,0,0,0,0,0,0,0,0,0,0,0,0,0,0,0,0,0,0,0,0
N:ACTGG,0,0,0,0,0,0,0,0,0,0,0,0,0,0,0,0,0,0,0,0,0,0,0
N:ACTGT,0,0,0,0,0,0,0,0,0,0,0,0,0,0,0,0,0,0,0,0,0,0,0
N:ACTTA,0,0,0,0,0,0,0,0,0,0,0,0,0,0,0,0,0,0,0,0,0,0,0
N:ACTTC,0,0,0,0,0,0,0,0,0,0,0,0,0,0,0,0,0,0,0,0,0,0,0
N:ACTTG,0,0,0,0,0,0,0,0,0,0,0,0,0,0,0,0,0,0,0,0,0,0,0
N:ACTTT,0,0,0,0,0,0,0,0,0,0,0,0,0,0,0,0,0,0,0,0,0,0,0
N:AGCAA,0,0,0,0,0,0,0,0,0,0,0,0,0,0,0,0,0,0,0,0,0,0,0
N:AGCAC,0,0,0,0,0,0,0,0,0,0,0,0,0,0,0,0,0,0,0,0,0,0,0
N:AGCAG,0,0,0,0,0,0,0,0,0,0,0,0,0,0,0,0,0,0,0,0,0,0,0
N:AGCAT,0,0,0,0,0,0,0,0,0,0,0,0,0,0,0,0,0,0,0,0,0,0,0
N:AGCCA,0,0,0,0,0,0,0,0,0,0,0,0,0,0,0,0,0,0,0,0,0,0,0
N:AGCCC,0,0,0,0,0,0,0,0,0,0,0,0,0,0,0,0,0,0,0,0,0,0,0
N:AGCCG,0,0,0,0,0,0,0,0,0,0,0,0,0,0,0,0,0,0,0,0,0,0,0
N:AGCCT,0,0,0,0,0,0,0,0,0,0,0,0,0,0,0,0,0,0,0,0,0,0,0
N:AGCGA,0,0,0,0,0,0,0,0,0,0,0,0,0,0,0,0,0,0,0,0,0,0,0
N:AGCGC,0,0,0,0,0,0,0,0,0,0,0,0,0,0,0,0,0,0,0,0,0,0,0
N:AGCGG,0,0,0,0,0,0,0,0,0,0,0,0,0,0,0,0,0,0,0,0,0,0,0
N:AGCGT,0,0,0,0,0,0,0,0,0,0,0,0,0,0,0,0,0,0,0,0,0,0,0
N:AGCTA,0,0,0,0,0,0,0,0,0,0,0,0,0,0,0,0,0,0,0,0,0,0,0
N:AGCTC,0,0,0,0,0,0,0,0,0,0,0,0,0,0,0,0,0,0,0,0,0,0,0
N:AGCTG,0,0,0,0,0,0,0,0,0,0,0,0,0,0,0,0,0,0,0,0,0,0,0
N:AGCTT,0,0,0,0,0,0,0,0,0,0,0,0,0,0,0,0,0,0,0,0,0,0,0
N:AGTAA,0,0,0,0,0,0,0,0,0,0,0,0,0,0,0,0,0,0,0,0,0,0,0
N:AGTAC,0,0,0,0,0,0,0,0,0,0,0,0,0,0,0,0,0,0,0,0,0,0,0
N:AGTAG,0,0,0,0,0,0,0,0,0,0,0,0,0,0,0,0,0,0,0,0,0,0,0
N:AGTAT,0,0,0,0,0,0,0,0,0,0,0,0,0,0,0,0,0,0,0,0,0,0,0
N:AGTCA,0,0,0,0,0,0,0,0,0,0,0,0,0,0,0,0,0,0,0,0,0,0,0
N:AGTCC,0,0,0,0,0,0,0,0,0,0,0,0,0,0,0,0,0,0,0,0,0,0,0
N:AGTCG,0,0,0,0,0,0,0,0,0,0,0,0,0,0,0,0,0,0,0,0,0,0,0
N:AGTCT,0,0,0,0,0,0,0,0,0,0,0,0,0,0,0,0,0,0,0,0,0,0,0
N:AGTGA,0,0,0,0,0,0,0,0,0,0,0,0,0,0,0,0,0,0,0,0,0,0,0
N:AGTGC,0,0,0,0,0,0,0,0,0,0,0,0,0,0,0,0,0,0,0,0,0,0,0
N:AGTGG,0,0,0,0,0,0,0,0,0,0,0,0,0,0,0,0,0,0,0,0,0,0,0
N:AGTGT,0,0,0,0,0,0,0,0,0,0,0,0,0,0,0,0,0,0,0,0,0,0,0
N:AGTTA,0,0,0,0,0,0,0,0,0,0,0,0,0,0,0,0,0,0,0,0,0,0,0
N:AGTTC,0,0,0,0,0,0,0,0,0,0,0,0,0,0,0,0,0,0,0,0,0,0,0
N:AGTTG,0,0,0,0,0,0,0,0,0,0,0,0,0,0,0,0,0,0,0,0,0,0,0
N:AGTTT,0,0,0,0,0,0,0,0,0,0,0,0,0,0,0,0,0,0,0,0,0,0,0
N:ATCAA,0,0,0,0,0,0,0,0,0,0,0,0,0,0,0,0,0,0,0,0,0,0,0
N:ATCAC,0,0,0,0,0,0,0,0,0,0,0,0,0,0,0,0,0,0,0,0,0,0,0
N:ATCAG,0,0,0,0,0,0,0,0,0,0,0,0,0,0,0,0,0,0,0,0,0,0,0
N:ATCAT,0,0,0,0,0,0,0,0,0,0,0,0,0,0,0,0,0,0,0,0,0,0,0
N:ATCCA,0,0,0,0,0,0,0,0,0,0,0,0,0,0,0,0,0,0,0,0,0,0,0
N:ATCCC,0,0,0,0,0,0,0,0,0,0,0,0,0,0,0,0,0,0,0,0,0,0,0
N:ATCCG,0,0,0,0,0,0,0,0,0,0,0,0,0,0,0,0,0,0,0,0,0,0,0
N:ATCCT,0,0,0,0,0,0,0,0,0,0,0,0,0,0,0,0,0,0,0,0,0,0,0
N:ATCGA,0,0,0,0,0,0,0,0,0,0,0,0,0,0,0,0,0,0,0,0,0,0,0
N:ATCGC,0,0,0,0,0,0,0,0,0,0,0,0,0,0,0,0,0,0,0,0,0,0,0
N:ATCGG,0,0,0,0,0,0,0,0,0,0,0,0,0,0,0,0,0,0,0,0,0,0,0
N:ATCGT,0,0,0,0,0,0,0,0,0,0,0,0,0,0,0,0,0,0,0,0,0,0,0
N:ATCTA,0,0,0,0,0,0,0,0,0,0,0,0,0,0,0,0,0,0,0,0,0,0,0
N:ATCTC,0,0,0,0,0,0,0,0,0,0,0,0,0,0,0,0,0,0,0,0,0,0,0
N:ATCTG,0,0,0,0,0,0,0,0,0,0,0,0,0,0,0,0,0,0,0,0,0,0,0
N:ATCTT,0,0,0,0,0,0,0,0,0,0,0,0,0,0,0,0,0,0,0,0,0,0,0
N:ATTAA,0,0,0,0,0,0,0,0,0,0,0,0,0,0,0,0,0,0,0,0,0,0,0
N:ATTAC,0,0,0,0,0,0,0,0,0,0,0,0,0,0,0,0,0,0,0,0,0,0,0
N:ATTAG,0,0,0,0,0,0,0,0,0,0,0,0,0,0,0,0,0,0,0,0,0,0,0
N:ATTAT,0,0,0,0,0,0,0,0,0,0,0,0,0,0,0,0,0,0,0,0,0,0,0
N:ATTCA,0,0,0,0,0,0,0,0,0,0,0,0,0,0,0,0,0,0,0,0,0,0,0
N:ATTCC,0,0,0,0,0,0,0,0,0,0,0,0,0,0,0,0,0,0,0,0,0,0,0
N:ATTCG,0,0,0,0,0,0,0,0,0,0,0,0,0,0,0,0,0,0,0,0,0,0,0
N:ATTCT,0,0,0,0,0,0,0,0,0,0,0,0,0,0,0,0,0,0,0,0,0,0,0
N:ATTGA,0,0,0,0,0,0,0,0,0,0,0,0,0,0,0,0,0,0,0,0,0,0,0
N:ATTGC,0,0,0,0,0,0,0,0,0,0,0,0,0,0,0,0,0,0,0,0,0,0,0
N:ATTGG,0,0,0,0,0,0,0,0,0,0,0,0,0,0,0,0,0,0,0,0,0,0,0
N:ATTGT,0,0,0,0,0,0,0,0,0,0,0,0,0,0,0,0,0,0,0,0,0,0,0
N:ATTTA,0,0,0,0,0,0,0,0,0,0,0,0,0,0,0,0,0,0,0,0,0,0,0
N:ATTTC,0,0,0,0,0,0,0,0,0,0,0,0,0,0,0,0,0,0,0,0,0,0,0
N:ATTTG,0,0,0,0,0,0,0,0,0,0,0,0,0,0,0,0,0,0,0,0,0,0,0
N:ATTTT,0,0,0,0,0,0,0,0,0,0,0,0,0,0,0,0,0,0,0,0,0,0,0
N:CACAA,0,0,0,0,0,0,0,0,0,0,0,0,0,0,0,0,0,0,0,0,0,0,0
N:CACAC,0,0,0,0,0,0,0,0,0,0,0,0,0,0,0,0,0,0,0,0,0,0,0
N:CACAG,0,0,0,0,0,0,0,0,0,0,0,0,0,0,0,0,0,0,0,0,0,0,0
N:CACAT,0,0,0,0,0,0,0,0,0,0,0,0,0,0,0,0,0,0,0,0,0,0,0
N:CACCA,0,0,0,0,0,0,0,0,0,0,0,0,0,0,0,0,0,0,0,0,0,0,0
N:CACCC,0,0,0,0,0,0,0,0,0,0,0,0,0,0,0,0,0,0,0,0,0,0,0
N:CACCG,0,0,0,0,0,0,0,0,0,0,0,0,0,0,0,0,0,0,0,0,0,0,0
N:CACCT,0,0,0,0,0,0,0,0,0,0,0,0,0,0,0,0,0,0,0,0,0,0,0
N:CACGA,0,0,0,0,0,0,0,0,0,0,0,0,0,0,0,0,0,0,0,0,0,0,0
N:CACGC,0,0,0,0,0,0,0,0,0,0,0,0,0,0,0,0,0,0,0,0,0,0,0
N:CACGG,0,0,0,0,0,0,0,0,0,0,0,0,0,0,0,0,0,0,0,0,0,0,0
N:CACGT,0,0,0,0,0,0,0,0,0,0,0,0,0,0,0,0,0,0,0,0,0,0,0
N:CACTA,0,0,0,0,0,0,0,0,0,0,0,0,0,0,0,0,0,0,0,0,0,0,0
N:CACTC,0,0,0,0,0,0,0,0,0,0,0,0,0,0,0,0,0,0,0,0,0,0,0
N:CACTG,0,0,0,0,0,0,0,0,0,0,0,0,0,0,0,0,0,0,0,0,0,0,0
N:CACTT,0,0,0,0,0,0,0,0,0,0,0,0,0,0,0,0,0,0,0,0,0,0,0
N:CATAA,0,0,0,0,0,0,0,0,0,0,0,0,0,0,0,0,0,0,0,0,0,0,0
N:CATAC,0,0,0,0,0,0,0,0,0,0,0,0,0,0,0,0,0,0,0,0,0,0,0
N:CATAG,0,0,0,0,0,0,0,0,0,0,0,0,0,0,0,0,0,0,0,0,0,0,0
N:CATAT,0,0,0,0,0,0,0,0,0,0,0,0,0,0,0,0,0,0,0,0,0,0,0
N:CATCA,0,0,0,0,0,0,0,0,0,0,0,0,0,0,0,0,0,0,0,0,0,0,0
N:CATCC,0,0,0,0,0,0,0,0,0,0,0,0,0,0,0,0,0,0,0,0,0,0,0
N:CATCG,0,0,0,0,0,0,0,0,0,0,0,0,0,0,0,0,0,0,0,0,0,0,0
N:CATCT,0,0,0,0,0,0,0,0,0,0,0,0,0,0,0,0,0,0,0,0,0,0,0
N:CATGA,0,0,0,0,0,0,0,0,0,0,0,0,0,0,0,0,0,0,0,0,0,0,0
N:CATGC,0,0,0,0,0,0,0,0,0,0,0,0,0,0,0,0,0,0,0,0,0,0,0
N:CATGG,0,0,0,0,0,0,0,0,0,0,0,0,0,0,0,0,0,0,0,0,0,0,0
N:CATGT,0,0,0,0,0,0,0,0,0,0,0,0,0,0,0,0,0,0,0,0,0,0,0
N:CATTA,0,0,0,0,0,0,0,0,0,0,0,0,0,0,0,0,0,0,0,0,0,0,0
N:CATTC,0,0,0,0,0,0,0,0,0,0,0,0,0,0,0,0,0,0,0,0,0,0,0
N:CATTG,0,0,0,0,0,0,0,0,0,0,0,0,0,0,0,0,0,0,0,0,0,0,0
N:CATTT,0,0,0,0,0,0,0,0,0,0,0,0,0,0,0,0,0,0,0,0,0,0,0
N:CCCAA,0,0,0,0,0,0,0,0,0,0,0,0,0,0,0,0,0,0,0,0,0,0,0
N:CCCAC,0,0,0,0,0,0,0,0,0,0,0,0,0,0,0,0,0,0,0,0,0,0,0
N:CCCAG,0,0,0,0,0,0,0,0,0,0,0,0,0,0,0,0,0,0,0,0,0,0,0
N:CCCAT,0,0,0,0,0,0,0,0,0,0,0,0,0,0,0,0,0,0,0,0,0,0,0
N:CCCCA,0,0,0,0,0,0,0,0,0,0,0,0,0,0,0,0,0,0,0,0,0,0,0
N:CCCCC,0,0,0,0,0,0,0,0,0,0,0,0,0,0,0,0,0,0,0,0,0,0,0
N:CCCCG,0,0,0,0,0,0,0,0,0,0,0,0,0,0,0,0,0,0,0,0,0,0,0
N:CCCCT,0,0,0,0,0,0,0,0,0,0,0,0,0,0,0,0,0,0,0,0,0,0,0
N:CCCGA,0,0,0,0,0,0,0,0,0,0,0,0,0,0,0,0,0,0,0,0,0,0,0
N:CCCGC,0,0,0,0,0,0,0,0,0,0,0,0,0,0,0,0,0,0,0,0,0,0,0
N:CCCGG,0,0,0,0,0,0,0,0,0,0,0,0,0,0,0,0,0,0,0,0,0,0,0
N:CCCGT,0,0,0,0,0,0,0,0,0,0,0,0,0,0,0,0,0,0,0,0,0,0,0
N:CCCTA,0,0,0,0,0,0,0,0,0,0,0,0,0,0,0,0,0,0,0,0,0,0,0
N:CCCTC,0,0,0,0,0,0,0,0,0,0,0,0,0,0,0,0,0,0,0,0,0,0,0
N:CCCTG,0,0,0,0,0,0,0,0,0,0,0,0,0,0,0,0,0,0,0,0,0,0,0
N:CCCTT,0,0,0,0,0,0,0,0,0,0,0,0,0,0,0,0,0,0,0,0,0,0,0
N:CCTAA,0,0,0,0,0,0,0,0,0,0,0,0,0,0,0,0,0,0,0,0,0,0,0
N:CCTAC,0,0,0,0,0,0,0,0,0,0,0,0,0,0,0,0,0,0,0,0,0,0,0
N:CCTAG,0,0,0,0,0,0,0,0,0,0,0,0,0,0,0,0,0,0,0,0,0,0,0
N:CCTAT,0,0,0,0,0,0,0,0,0,0,0,0,0,0,0,0,0,0,0,0,0,0,0
N:CCTCA,0,0,0,0,0,0,0,0,0,0,0,0,0,0,0,0,0,0,0,0,0,0,0
N:CCTCC,0,0,0,0,0,0,0,0,0,0,0,0,0,0,0,0,0,0,0,0,0,0,0
N:CCTCG,0,0,0,0,0,0,0,0,0,0,0,0,0,0,0,0,0,0,0,0,0,0,0
N:CCTCT,0,0,0,0,0,0,0,0,0,0,0,0,0,0,0,0,0,0,0,0,0,0,0
N:CCTGA,0,0,0,0,0,0,0,0,0,0,0,0,0,0,0,0,0,0,0,0,0,0,0
N:CCTGC,0,0,0,0,0,0,0,0,0,0,0,0,0,0,0,0,0,0,0,0,0,0,0
N:CCTGG,0,0,0,0,0,0,0,0,0,0,0,0,0,0,0,0,0,0,0,0,0,0,0
N:CCTGT,0,0,0,0,0,0,0,0,0,0,0,0,0,0,0,0,0,0,0,0,0,0,0
N:CCTTA,0,0,0,0,0,0,0,0,0,0,0,0,0,0,0,0,0,0,0,0,0,0,0
N:CCTTC,0,0,0,0,0,0,0,0,0,0,0,0,0,0,0,0,0,0,0,0,0,0,0
N:CCTTG,0,0,0,0,0,0,0,0,0,0,0,0,0,0,0,0,0,0,0,0,0,0,0
N:CCTTT,0,0,0,0,0,0,0,0,0,0,0,0,0,0,0,0,0,0,0,0,0,0,0
N:CGCAA,0,0,0,0,0,0,0,0,0,0,0,0,0,0,0,0,0,0,0,0,0,0,0
N:CGCAC,0,0,0,0,0,0,0,0,0,0,0,0,0,0,0,0,0,0,0,0,0,0,0
N:CGCAG,0,0,0,0,0,0,0,0,0,0,0,0,0,0,0,0,0,0,0,0,0,0,0
N:CGCAT,0,0,0,0,0,0,0,0,0,0,0,0,0,0,0,0,0,0,0,0,0,0,0
N:CGCCA,0,0,0,0,0,0,0,0,0,0,0,0,0,0,0,0,0,0,0,0,0,0,0
N:CGCCC,0,0,0,0,0,0,0,0,0,0,0,0,0,0,0,0,0,0,0,0,0,0,0
N:CGCCG,0,0,0,0,0,0,0,0,0,0,0,0,0,0,0,0,0,0,0,0,0,0,0
N:CGCCT,0,0,0,0,0,0,0,0,0,0,0,0,0,0,0,0,0,0,0,0,0,0,0
N:CGCGA,0,0,0,0,0,0,0,0,0,0,0,0,0,0,0,0,0,0,0,0,0,0,0
N:CGCGC,0,0,0,0,0,0,0,0,0,0,0,0,0,0,0,0,0,0,0,0,0,0,0
N:CGCGG,0,0,0,0,0,0,0,0,0,0,0,0,0,0,0,0,0,0,0,0,0,0,0
N:CGCGT,0,0,0,0,0,0,0,0,0,0,0,0,0,0,0,0,0,0,0,0,0,0,0
N:CGCTA,0,0,0,0,0,0,0,0,0,0,0,0,0,0,0,0,0,0,0,0,0,0,0
N:CGCTC,0,0,0,0,0,0,0,0,0,0,0,0,0,0,0,0,0,0,0,0,0,0,0
N:CGCTG,0,0,0,0,0,0,0,0,0,0,0,0,0,0,0,0,0,0,0,0,0,0,0
N:CGCTT,0,0,0,0,0,0,0,0,0,0,0,0,0,0,0,0,0,0,0,0,0,0,0
N:CGTAA,0,0,0,0,0,0,0,0,0,0,0,0,0,0,0,0,0,0,0,0,0,0,0
N:CGTAC,0,0,0,0,0,0,0,0,0,0,0,0,0,0,0,0,0,0,0,0,0,0,0
N:CGTAG,0,0,0,0,0,0,0,0,0,0,0,0,0,0,0,0,0,0,0,0,0,0,0
N:CGTAT,0,0,0,0,0,0,0,0,0,0,0,0,0,0,0,0,0,0,0,0,0,0,0
N:CGTCA,0,0,0,0,0,0,0,0,0,0,0,0,0,0,0,0,0,0,0,0,0,0,0
N:CGTCC,0,0,0,0,0,0,0,0,0,0,0,0,0,0,0,0,0,0,0,0,0,0,0
N:CGTCG,0,0,0,0,0,0,0,0,0,0,0,0,0,0,0,0,0,0,0,0,0,0,0
N:CGTCT,0,0,0,0,0,0,0,0,0,0,0,0,0,0,0,0,0,0,0,0,0,0,0
N:CGTGA,0,0,0,0,0,0,0,0,0,0,0,0,0,0,0,0,0,0,0,0,0,0,0
N:CGTGC,0,0,0,0,0,0,0,0,0,0,0,0,0,0,0,0,0,0,0,0,0,0,0
N:CGTGG,0,0,0,0,0,0,0,0,0,0,0,0,0,0,0,0,0,0,0,0,0,0,0
N:CGTGT,0,0,0,0,0,0,0,0,0,0,0,0,0,0,0,0,0,0,0,0,0,0,0
N:CGTTA,0,0,0,0,0,0,0,0,0,0,0,0,0,0,0,0,0,0,0,0,0,0,0
N:CGTTC,0,0,0,0,0,0,0,0,0,0,0,0,0,0,0,0,0,0,0,0,0,0,0
N:CGTTG,0,0,0,0,0,0,0,0,0,0,0,0,0,0,0,0,0,0,0,0,0,0,0
N:CGTTT,0,0,0,0,0,0,0,0,0,0,0,0,0,0,0,0,0,0,0,0,0,0,0
N:CTCAA,0,0,0,0,0,0,0,0,0,0,0,0,0,0,0,0,0,0,0,0,0,0,0
N:CTCAC,0,0,0,0,0,0,0,0,0,0,0,0,0,0,0,0,0,0,0,0,0,0,0
N:CTCAG,0,0,0,0,0,0,0,0,0,0,0,0,0,0,0,0,0,0,0,0,0,0,0
N:CTCAT,0,0,0,0,0,0,0,0,0,0,0,0,0,0,0,0,0,0,0,0,0,0,0
N:CTCCA,0,0,0,0,0,0,0,0,0,0,0,0,0,0,0,0,0,0,0,0,0,0,0
N:CTCCC,0,0,0,0,0,0,0,0,0,0,0,0,0,0,0,0,0,0,0,0,0,0,0
N:CTCCG,0,0,0,0,0,0,0,0,0,0,0,0,0,0,0,0,0,0,0,0,0,0,0
N:CTCCT,0,0,0,0,0,0,0,0,0,0,0,0,0,0,0,0,0,0,0,0,0,0,0
N:CTCGA,0,0,0,0,0,0,0,0,0,0,0,0,0,0,0,0,0,0,0,0,0,0,0
N:CTCGC,0,0,0,0,0,0,0,0,0,0,0,0,0,0,0,0,0,0,0,0,0,0,0
N:CTCGG,0,0,0,0,0,0,0,0,0,0,0,0,0,0,0,0,0,0,0,0,0,0,0
N:CTCGT,0,0,0,0,0,0,0,0,0,0,0,0,0,0,0,0,0,0,0,0,0,0,0
N:CTCTA,0,0,0,0,0,0,0,0,0,0,0,0,0,0,0,0,0,0,0,0,0,0,0
N:CTCTC,0,0,0,0,0,0,0,0,0,0,0,0,0,0,0,0,0,0,0,0,0,0,0
N:CTCTG,0,0,0,0,0,0,0,0,0,0,0,0,0,0,0,0,0,0,0,0,0,0,0
N:CTCTT,0,0,0,0,0,0,0,0,0,0,0,0,0,0,0,0,0,0,0,0,0,0,0
N:CTTAA,0,0,0,0,0,0,0,0,0,0,0,0,0,0,0,0,0,0,0,0,0,0,0
N:CTTAC,0,0,0,0,0,0,0,0,0,0,0,0,0,0,0,0,0,0,0,0,0,0,0
N:CTTAG,0,0,0,0,0,0,0,0,0,0,0,0,0,0,0,0,0,0,0,0,0,0,0
N:CTTAT,0,0,0,0,0,0,0,0,0,0,0,0,0,0,0,0,0,0,0,0,0,0,0
N:CTTCA,0,0,0,0,0,0,0,0,0,0,0,0,0,0,0,0,0,0,0,0,0,0,0
N:CTTCC,0,0,0,0,0,0,0,0,0,0,0,0,0,0,0,0,0,0,0,0,0,0,0
N:CTTCG,0,0,0,0,0,0,0,0,0,0,0,0,0,0,0,0,0,0,0,0,0,0,0
N:CTTCT,0,0,0,0,0,0,0,0,0,0,0,0,0,0,0,0,0,0,0,0,0,0,0
N:CTTGA,0,0,0,0,0,0,0,0,0,0,0,0,0,0,0,0,0,0,0,0,0,0,0
N:CTTGC,0,0,0,0,0,0,0,0,0,0,0,0,0,0,0,0,0,0,0,0,0,0,0
N:CTTGG,0,0,0,0,0,0,0,0,0,0,0,0,0,0,0,0,0,0,0,0,0,0,0
N:CTTGT,0,0,0,0,0,0,0,0,0,0,0,0,0,0,0,0,0,0,0,0,0,0,0
N:CTTTA,0,0,0,0,0,0,0,0,0,0,0,0,0,0,0,0,0,0,0,0,0,0,0
N:CTTTC,0,0,0,0,0,0,0,0,0,0,0,0,0,0,0,0,0,0,0,0,0,0,0
N:CTTTG,0,0,0,0,0,0,0,0,0,0,0,0,0,0,0,0,0,0,0,0,0,0,0
N:CTTTT,0,0,0,0,0,0,0,0,0,0,0,0,0,0,0,0,0,0,0,0,0,0,0
N:GACAA,0,0,0,0,0,0,0,0,0,0,0,0,0,0,0,0,0,0,0,0,0,0,0
N:GACAC,0,0,0,0,0,0,0,0,0,0,0,0,0,0,0,0,0,0,0,0,0,0,0
N:GACAG,0,0,0,0,0,0,0,0,0,0,0,0,0,0,0,0,0,0,0,0,0,0,0
N:GACAT,0,0,0,0,0,0,0,0,0,0,0,0,0,0,0,0,0,0,0,0,0,0,0
N:GACCA,0,0,0,0,0,0,0,0,0,0,0,0,0,0,0,0,0,0,0,0,0,0,0
N:GACCC,0,0,0,0,0,0,0,0,0,0,0,0,0,0,0,0,0,0,0,0,0,0,0
N:GACCG,0,0,0,0,0,0,0,0,0,0,0,0,0,0,0,0,0,0,0,0,0,0,0
N:GACCT,0,0,0,0,0,0,0,0,0,0,0,0,0,0,0,0,0,0,0,0,0,0,0
N:GACGA,0,0,0,0,0,0,0,0,0,0,0,0,0,0,0,0,0,0,0,0,0,0,0
N:GACGC,0,0,0,0,0,0,0,0,0,0,0,0,0,0,0,0,0,0,0,0,0,0,0
N:GACGG,0,0,0,0,0,0,0,0,0,0,0,0,0,0,0,0,0,0,0,0,0,0,0
N:GACGT,0,0,0,0,0,0,0,0,0,0,0,0,0,0,0,0,0,0,0,0,0,0,0
N:GACTA,0,0,0,0,0,0,0,0,0,0,0,0,0,0,0,0,0,0,0,0,0,0,0
N:GACTC,0,0,0,0,0,0,0,0,0,0,0,0,0,0,0,0,0,0,0,0,0,0,0
N:GACTG,0,0,0,0,0,0,0,0,0,0,0,0,0,0,0,0,0,0,0,0,0,0,0
N:GACTT,0,0,0,0,0,0,0,0,0,0,0,0,0,0,0,0,0,0,0,0,0,0,0
N:GATAA,0,0,0,0,0,0,0,0,0,0,0,0,0,0,0,0,0,0,0,0,0,0,0
N:GATAC,0,0,0,0,0,0,0,0,0,0,0,0,0,0,0,0,0,0,0,0,0,0,0
N:GATAG,0,0,0,0,0,0,0,0,0,0,0,0,0,0,0,0,0,0,0,0,0,0,0
N:GATAT,0,0,0,0,0,0,0,0,0,0,0,0,0,0,0,0,0,0,0,0,0,0,0
N:GATCA,0,0,0,0,0,0,0,0,0,0,0,0,0,0,0,0,0,0,0,0,0,0,0
N:GATCC,0,0,0,0,0,0,0,0,0,0,0,0,0,0,0,0,0,0,0,0,0,0,0
N:GATCG,0,0,0,0,0,0,0,0,0,0,0,0,0,0,0,0,0,0,0,0,0,0,0
N:GATCT,0,0,0,0,0,0,0,0,0,0,0,0,0,0,0,0,0,0,0,0,0,0,0
N:GATGA,0,0,0,0,0,0,0,0,0,0,0,0,0,0,0,0,0,0,0,0,0,0,0
N:GATGC,0,0,0,0,0,0,0,0,0,0,0,0,0,0,0,0,0,0,0,0,0,0,0
N:GATGG,0,0,0,0,0,0,0,0,0,0,0,0,0,0,0,0,0,0,0,0,0,0,0
N:GATGT,0,0,0,0,0,0,0,0,0,0,0,0,0,0,0,0,0,0,0,0,0,0,0
N:GATTA,0,0,0,0,0,0,0,0,0,0,0,0,0,0,0,0,0,0,0,0,0,0,0
N:GATTC,0,0,0,0,0,0,0,0,0,0,0,0,0,0,0,0,0,0,0,0,0,0,0
N:GATTG,0,0,0,0,0,0,0,0,0,0,0,0,0,0,0,0,0,0,0,0,0,0,0
N:GATTT,0,0,0,0,0,0,0,0,0,0,0,0,0,0,0,0,0,0,0,0,0,0,0
N:GCCAA,0,0,0,0,0,0,0,0,0,0,0,0,0,0,0,0,0,0,0,0,0,0,0
N:GCCAC,0,0,0,0,0,0,0,0,0,0,0,0,0,0,0,0,0,0,0,0,0,0,0
N:GCCAG,0,0,0,0,0,0,0,0,0,0,0,0,0,0,0,0,0,0,0,0,0,0,0
N:GCCAT,0,0,0,0,0,0,0,0,0,0,0,0,0,0,0,0,0,0,0,0,0,0,0
N:GCCCA,0,0,0,0,0,0,0,0,0,0,0,0,0,0,0,0,0,0,0,0,0,0,0
N:GCCCC,0,0,0,0,0,0,0,0,0,0,0,0,0,0,0,0,0,0,0,0,0,0,0
N:GCCCG,0,0,0,0,0,0,0,0,0,0,0,0,0,0,0,0,0,0,0,0,0,0,0
N:GCCCT,0,0,0,0,0,0,0,0,0,0,0,0,0,0,0,0,0,0,0,0,0,0,0
N:GCCGA,0,0,0,0,0,0,0,0,0,0,0,0,0,0,0,0,0,0,0,0,0,0,0
N:GCCGC,0,0,0,0,0,0,0,0,0,0,0,0,0,0,0,0,0,0,0,0,0,0,0
N:GCCGG,0,0,0,0,0,0,0,0,0,0,0,0,0,0,0,0,0,0,0,0,0,0,0
N:GCCGT,0,0,0,0,0,0,0,0,0,0,0,0,0,0,0,0,0,0,0,0,0,0,0
N:GCCTA,0,0,0,0,0,0,0,0,0,0,0,0,0,0,0,0,0,0,0,0,0,0,0
N:GCCTC,0,0,0,0,0,0,0,0,0,0,0,0,0,0,0,0,0,0,0,0,0,0,0
N:GCCTG,0,0,0,0,0,0,0,0,0,0,0,0,0,0,0,0,0,0,0,0,0,0,0
N:GCCTT,0,0,0,0,0,0,0,0,0,0,0,0,0,0,0,0,0,0,0,0,0,0,0
N:GCTAA,0,0,0,0,0,0,0,0,0,0,0,0,0,0,0,0,0,0,0,0,0,0,0
N:GCTAC,0,0,0,0,0,0,0,0,0,0,0,0,0,0,0,0,0,0,0,0,0,0,0
N:GCTAG,0,0,0,0,0,0,0,0,0,0,0,0,0,0,0,0,0,0,0,0,0,0,0
N:GCTAT,0,0,0,0,0,0,0,0,0,0,0,0,0,0,0,0,0,0,0,0,0,0,0
N:GCTCA,0,0,0,0,0,0,0,0,0,0,0,0,0,0,0,0,0,0,0,0,0,0,0
N:GCTCC,0,0,0,0,0,0,0,0,0,0,0,0,0,0,0,0,0,0,0,0,0,0,0
N:GCTCG,0,0,0,0,0,0,0,0,0,0,0,0,0,0,0,0,0,0,0,0,0,0,0
N:GCTCT,0,0,0,0,0,0,0,0,0,0,0,0,0,0,0,0,0,0,0,0,0,0,0
N:GCTGA,0,0,0,0,0,0,0,0,0,0,0,0,0,0,0,0,0,0,0,0,0,0,0
N:GCTGC,0,0,0,0,0,0,0,0,0,0,0,0,0,0,0,0,0,0,0,0,0,0,0
N:GCTGG,0,0,0,0,0,0,0,0,0,0,0,0,0,0,0,0,0,0,0,0,0,0,0
N:GCTGT,0,0,0,0,0,0,0,0,0,0,0,0,0,0,0,0,0,0,0,0,0,0,0
N:GCTTA,0,0,0,0,0,0,0,0,0,0,0,0,0,0,0,0,0,0,0,0,0,0,0
N:GCTTC,0,0,0,0,0,0,0,0,0,0,0,0,0,0,0,0,0,0,0,0,0,0,0
N:GCTTG,0,0,0,0,0,0,0,0,0,0,0,0,0,0,0,0,0,0,0,0,0,0,0
N:GCTTT,0,0,0,0,0,0,0,0,0,0,0,0,0,0,0,0,0,0,0,0,0,0,0
N:GGCAA,0,0,0,0,0,0,0,0,0,0,0,0,0,0,0,0,0,0,0,0,0,0,0
N:GGCAC,0,0,0,0,0,0,0,0,0,0,0,0,0,0,0,0,0,0,0,0,0,0,0
N:GGCAG,0,0,0,0,0,0,0,0,0,0,0,0,0,0,0,0,0,0,0,0,0,0,0
N:GGCAT,0,0,0,0,0,0,0,0,0,0,0,0,0,0,0,0,0,0,0,0,0,0,0
N:GGCCA,0,0,0,0,0,0,0,0,0,0,0,0,0,0,0,0,0,0,0,0,0,0,0
N:GGCCC,0,0,0,0,0,0,0,0,0,0,0,0,0,0,0,0,0,0,0,0,0,0,0
N:GGCCG,0,0,0,0,0,0,0,0,0,0,0,0,0,0,0,0,0,0,0,0,0,0,0
N:GGCCT,0,0,0,0,0,0,0,0,0,0,0,0,0,0,0,0,0,0,0,0,0,0,0
N:GGCGA,0,0,0,0,0,0,0,0,0,0,0,0,0,0,0,0,0,0,0,0,0,0,0
N:GGCGC,0,0,0,0,0,0,0,0,0,0,0,0,0,0,0,0,0,0,0,0,0,0,0
N:GGCGG,0,0,0,0,0,0,0,0,0,0,0,0,0,0,0,0,0,0,0,0,0,0,0
N:GGCGT,0,0,0,0,0,0,0,0,0,0,0,0,0,0,0,0,0,0,0,0,0,0,0
N:GGCTA,0,0,0,0,0,0,0,0,0,0,0,0,0,0,0,0,0,0,0,0,0,0,0
N:GGCTC,0,0,0,0,0,0,0,0,0,0,0,0,0,0,0,0,0,0,0,0,0,0,0
N:GGCTG,0,0,0,0,0,0,0,0,0,0,0,0,0,0,0,0,0,0,0,0,0,0,0
N:GGCTT,0,0,0,0,0,0,0,0,0,0,0,0,0,0,0,0,0,0,0,0,0,0,0
N:GGTAA,0,0,0,0,0,0,0,0,0,0,0,0,0,0,0,0,0,0,0,0,0,0,0
N:GGTAC,0,0,0,0,0,0,0,0,0,0,0,0,0,0,0,0,0,0,0,0,0,0,0
N:GGTAG,0,0,0,0,0,0,0,0,0,0,0,0,0,0,0,0,0,0,0,0,0,0,0
N:GGTAT,0,0,0,0,0,0,0,0,0,0,0,0,0,0,0,0,0,0,0,0,0,0,0
N:GGTCA,0,0,0,0,0,0,0,0,0,0,0,0,0,0,0,0,0,0,0,0,0,0,0
N:GGTCC,0,0,0,0,0,0,0,0,0,0,0,0,0,0,0,0,0,0,0,0,0,0,0
N:GGTCG,0,0,0,0,0,0,0,0,0,0,0,0,0,0,0,0,0,0,0,0,0,0,0
N:GGTCT,0,0,0,0,0,0,0,0,0,0,0,0,0,0,0,0,0,0,0,0,0,0,0
N:GGTGA,0,0,0,0,0,0,0,0,0,0,0,0,0,0,0,0,0,0,0,0,0,0,0
N:GGTGC,0,0,0,0,0,0,0,0,0,0,0,0,0,0,0,0,0,0,0,0,0,0,0
N:GGTGG,0,0,0,0,0,0,0,0,0,0,0,0,0,0,0,0,0,0,0,0,0,0,0
N:GGTGT,0,0,0,0,0,0,0,0,0,0,0,0,0,0,0,0,0,0,0,0,0,0,0
N:GGTTA,0,0,0,0,0,0,0,0,0,0,0,0,0,0,0,0,0,0,0,0,0,0,0
N:GGTTC,0,0,0,0,0,0,0,0,0,0,0,0,0,0,0,0,0,0,0,0,0,0,0
N:GGTTG,0,0,0,0,0,0,0,0,0,0,0,0,0,0,0,0,0,0,0,0,0,0,0
N:GGTTT,0,0,0,0,0,0,0,0,0,0,0,0,0,0,0,0,0,0,0,0,0,0,0
N:GTCAA,0,0,0,0,0,0,0,0,0,0,0,0,0,0,0,0,0,0,0,0,0,0,0
N:GTCAC,0,0,0,0,0,0,0,0,0,0,0,0,0,0,0,0,0,0,0,0,0,0,0
N:GTCAG,0,0,0,0,0,0,0,0,0,0,0,0,0,0,0,0,0,0,0,0,0,0,0
N:GTCAT,0,0,0,0,0,0,0,0,0,0,0,0,0,0,0,0,0,0,0,0,0,0,0
N:GTCCA,0,0,0,0,0,0,0,0,0,0,0,0,0,0,0,0,0,0,0,0,0,0,0
N:GTCCC,0,0,0,0,0,0,0,0,0,0,0,0,0,0,0,0,0,0,0,0,0,0,0
N:GTCCG,0,0,0,0,0,0,0,0,0,0,0,0,0,0,0,0,0,0,0,0,0,0,0
N:GTCCT,0,0,0,0,0,0,0,0,0,0,0,0,0,0,0,0,0,0,0,0,0,0,0
N:GTCGA,0,0,0,0,0,0,0,0,0,0,0,0,0,0,0,0,0,0,0,0,0,0,0
N:GTCGC,0,0,0,0,0,0,0,0,0,0,0,0,0,0,0,0,0,0,0,0,0,0,0
N:GTCGG,0,0,0,0,0,0,0,0,0,0,0,0,0,0,0,0,0,0,0,0,0,0,0
N:GTCGT,0,0,0,0,0,0,0,0,0,0,0,0,0,0,0,0,0,0,0,0,0,0,0
N:GTCTA,0,0,0,0,0,0,0,0,0,0,0,0,0,0,0,0,0,0,0,0,0,0,0
N:GTCTC,0,0,0,0,0,0,0,0,0,0,0,0,0,0,0,0,0,0,0,0,0,0,0
N:GTCTG,0,0,0,0,0,0,0,0,0,0,0,0,0,0,0,0,0,0,0,0,0,0,0
N:GTCTT,0,0,0,0,0,0,0,0,0,0,0,0,0,0,0,0,0,0,0,0,0,0,0
N:GTTAA,0,0,0,0,0,0,0,0,0,0,0,0,0,0,0,0,0,0,0,0,0,0,0
N:GTTAC,0,0,0,0,0,0,0,0,0,0,0,0,0,0,0,0,0,0,0,0,0,0,0
N:GTTAG,0,0,0,0,0,0,0,0,0,0,0,0,0,0,0,0,0,0,0,0,0,0,0
N:GTTAT,0,0,0,0,0,0,0,0,0,0,0,0,0,0,0,0,0,0,0,0,0,0,0
N:GTTCA,0,0,0,0,0,0,0,0,0,0,0,0,0,0,0,0,0,0,0,0,0,0,0
N:GTTCC,0,0,0,0,0,0,0,0,0,0,0,0,0,0,0,0,0,0,0,0,0,0,0
N:GTTCG,0,0,0,0,0,0,0,0,0,0,0,0,0,0,0,0,0,0,0,0,0,0,0
N:GTTCT,0,0,0,0,0,0,0,0,0,0,0,0,0,0,0,0,0,0,0,0,0,0,0
N:GTTGA,0,0,0,0,0,0,0,0,0,0,0,0,0,0,0,0,0,0,0,0,0,0,0
N:GTTGC,0,0,0,0,0,0,0,0,0,0,0,0,0,0,0,0,0,0,0,0,0,0,0
N:GTTGG,0,0,0,0,0,0,0,0,0,0,0,0,0,0,0,0,0,0,0,0,0,0,0
N:GTTGT,0,0,0,0,0,0,0,0,0,0,0,0,0,0,0,0,0,0,0,0,0,0,0
N:GTTTA,0,0,0,0,0,0,0,0,0,0,0,0,0,0,0,0,0,0,0,0,0,0,0
N:GTTTC,0,0,0,0,0,0,0,0,0,0,0,0,0,0,0,0,0,0,0,0,0,0,0
N:GTTTG,0,0,0,0,0,0,0,0,0,0,0,0,0,0,0,0,0,0,0,0,0,0,0
N:GTTTT,0,0,0,0,0,0,0,0,0,0,0,0,0,0,0,0,0,0,0,0,0,0,0
N:TACAA,0,0,0,0,0,0,0,0,0,0,0,0,0,0,0,0,0,0,0,0,0,0,0
N:TACAC,0,0,0,0,0,0,0,0,0,0,0,0,0,0,0,0,0,0,0,0,0,0,0
N:TACAG,0,0,0,0,0,0,0,0,0,0,0,0,0,0,0,0,0,0,0,0,0,0,0
N:TACAT,0,0,0,0,0,0,0,0,0,0,0,0,0,0,0,0,0,0,0,0,0,0,0
N:TACCA,0,0,0,0,0,0,0,0,0,0,0,0,0,0,0,0,0,0,0,0,0,0,0
N:TACCC,0,0,0,0,0,0,0,0,0,0,0,0,0,0,0,0,0,0,0,0,0,0,0
N:TACCG,0,0,0,0,0,0,0,0,0,0,0,0,0,0,0,0,0,0,0,0,0,0,0
N:TACCT,0,0,0,0,0,0,0,0,0,0,0,0,0,0,0,0,0,0,0,0,0,0,0
N:TACGA,0,0,0,0,0,0,0,0,0,0,0,0,0,0,0,0,0,0,0,0,0,0,0
N:TACGC,0,0,0,0,0,0,0,0,0,0,0,0,0,0,0,0,0,0,0,0,0,0,0
N:TACGG,0,0,0,0,0,0,0,0,0,0,0,0,0,0,0,0,0,0,0,0,0,0,0
N:TACGT,0,0,0,0,0,0,0,0,0,0,0,0,0,0,0,0,0,0,0,0,0,0,0
N:TACTA,0,0,0,0,0,0,0,0,0,0,0,0,0,0,0,0,0,0,0,0,0,0,0
N:TACTC,0,0,0,0,0,0,0,0,0,0,0,0,0,0,0,0,0,0,0,0,0,0,0
N:TACTG,0,0,0,0,0,0,0,0,0,0,0,0,0,0,0,0,0,0,0,0,0,0,0
N:TACTT,0,0,0,0,0,0,0,0,0,0,0,0,0,0,0,0,0,0,0,0,0,0,0
N:TATAA,0,0,0,0,0,0,0,0,0,0,0,0,0,0,0,0,0,0,0,0,0,0,0
N:TATAC,0,0,0,0,0,0,0,0,0,0,0,0,0,0,0,0,0,0,0,0,0,0,0
N:TATAG,0,0,0,0,0,0,0,0,0,0,0,0,0,0,0,0,0,0,0,0,0,0,0
N:TATAT,0,0,0,0,0,0,0,0,0,0,0,0,0,0,0,0,0,0,0,0,0,0,0
N:TATCA,0,0,0,0,0,0,0,0,0,0,0,0,0,0,0,0,0,0,0,0,0,0,0
N:TATCC,0,0,0,0,0,0,0,0,0,0,0,0,0,0,0,0,0,0,0,0,0,0,0
N:TATCG,0,0,0,0,0,0,0,0,0,0,0,0,0,0,0,0,0,0,0,0,0,0,0
N:TATCT,0,0,0,0,0,0,0,0,0,0,0,0,0,0,0,0,0,0,0,0,0,0,0
N:TATGA,0,0,0,0,0,0,0,0,0,0,0,0,0,0,0,0,0,0,0,0,0,0,0
N:TATGC,0,0,0,0,0,0,0,0,0,0,0,0,0,0,0,0,0,0,0,0,0,0,0
N:TATGG,0,0,0,0,0,0,0,0,0,0,0,0,0,0,0,0,0,0,0,0,0,0,0
N:TATGT,0,0,0,0,0,0,0,0,0,0,0,0,0,0,0,0,0,0,0,0,0,0,0
N:TATTA,0,0,0,0,0,0,0,0,0,0,0,0,0,0,0,0,0,0,0,0,0,0,0
N:TATTC,0,0,0,0,0,0,0,0,0,0,0,0,0,0,0,0,0,0,0,0,0,0,0
N:TATTG,0,0,0,0,0,0,0,0,0,0,0,0,0,0,0,0,0,0,0,0,0,0,0
N:TATTT,0,0,0,0,0,0,0,0,0,0,0,0,0,0,0,0,0,0,0,0,0,0,0
N:TCCAA,0,0,0,0,0,0,0,0,0,0,0,0,0,0,0,0,0,0,0,0,0,0,0
N:TCCAC,0,0,0,0,0,0,0,0,0,0,0,0,0,0,0,0,0,0,0,0,0,0,0
N:TCCAG,0,0,0,0,0,0,0,0,0,0,0,0,0,0,0,0,0,0,0,0,0,0,0
N:TCCAT,0,0,0,0,0,0,0,0,0,0,0,0,0,0,0,0,0,0,0,0,0,0,0
N:TCCCA,0,0,0,0,0,0,0,0,0,0,0,0,0,0,0,0,0,0,0,0,0,0,0
N:TCCCC,0,0,0,0,0,0,0,0,0,0,0,0,0,0,0,0,0,0,0,0,0,0,0
N:TCCCG,0,0,0,0,0,0,0,0,0,0,0,0,0,0,0,0,0,0,0,0,0,0,0
N:TCCCT,0,0,0,0,0,0,0,0,0,0,0,0,0,0,0,0,0,0,0,0,0,0,0
N:TCCGA,0,0,0,0,0,0,0,0,0,0,0,0,0,0,0,0,0,0,0,0,0,0,0
N:TCCGC,0,0,0,0,0,0,0,0,0,0,0,0,0,0,0,0,0,0,0,0,0,0,0
N:TCCGG,0,0,0,0,0,0,0,0,0,0,0,0,0,0,0,0,0,0,0,0,0,0,0
N:TCCGT,0,0,0,0,0,0,0,0,0,0,0,0,0,0,0,0,0,0,0,0,0,0,0
N:TCCTA,0,0,0,0,0,0,0,0,0,0,0,0,0,0,0,0,0,0,0,0,0,0,0
N:TCCTC,0,0,0,0,0,0,0,0,0,0,0,0,0,0,0,0,0,0,0,0,0,0,0
N:TCCTG,0,0,0,0,0,0,0,0,0,0,0,0,0,0,0,0,0,0,0,0,0,0,0
N:TCCTT,0,0,0,0,0,0,0,0,0,0,0,0,0,0,0,0,0,0,0,0,0,0,0
N:TCTAA,0,0,0,0,0,0,0,0,0,0,0,0,0,0,0,0,0,0,0,0,0,0,0
N:TCTAC,0,0,0,0,0,0,0,0,0,0,0,0,0,0,0,0,0,0,0,0,0,0,0
N:TCTAG,0,0,0,0,0,0,0,0,0,0,0,0,0,0,0,0,0,0,0,0,0,0,0
N:TCTAT,0,0,0,0,0,0,0,0,0,0,0,0,0,0,0,0,0,0,0,0,0,0,0
N:TCTCA,0,0,0,0,0,0,0,0,0,0,0,0,0,0,0,0,0,0,0,0,0,0,0
N:TCTCC,0,0,0,0,0,0,0,0,0,0,0,0,0,0,0,0,0,0,0,0,0,0,0
N:TCTCG,0,0,0,0,0,0,0,0,0,0,0,0,0,0,0,0,0,0,0,0,0,0,0
N:TCTCT,0,0,0,0,0,0,0,0,0,0,0,0,0,0,0,0,0,0,0,0,0,0,0
N:TCTGA,0,0,0,0,0,0,0,0,0,0,0,0,0,0,0,0,0,0,0,0,0,0,0
N:TCTGC,0,0,0,0,0,0,0,0,0,0,0,0,0,0,0,0,0,0,0,0,0,0,0
N:TCTGG,0,0,0,0,0,0,0,0,0,0,0,0,0,0,0,0,0,0,0,0,0,0,0
N:TCTGT,0,0,0,0,0,0,0,0,0,0,0,0,0,0,0,0,0,0,0,0,0,0,0
N:TCTTA,0,0,0,0,0,0,0,0,0,0,0,0,0,0,0,0,0,0,0,0,0,0,0
N:TCTTC,0,0,0,0,0,0,0,0,0,0,0,0,0,0,0,0,0,0,0,0,0,0,0
N:TCTTG,0,0,0,0,0,0,0,0,0,0,0,0,0,0,0,0,0,0,0,0,0,0,0
N:TCTTT,0,0,0,0,0,0,0,0,0,0,0,0,0,0,0,0,0,0,0,0,0,0,0
N:TGCAA,0,0,0,0,0,0,0,0,0,0,0,0,0,0,0,0,0,0,0,0,0,0,0
N:TGCAC,0,0,0,0,0,0,0,0,0,0,0,0,0,0,0,0,0,0,0,0,0,0,0
N:TGCAG,0,0,0,0,0,0,0,0,0,0,0,0,0,0,0,0,0,0,0,0,0,0,0
N:TGCAT,0,0,0,0,0,0,0,0,0,0,0,0,0,0,0,0,0,0,0,0,0,0,0
N:TGCCA,0,0,0,0,0,0,0,0,0,0,0,0,0,0,0,0,0,0,0,0,0,0,0
N:TGCCC,0,0,0,0,0,0,0,0,0,0,0,0,0,0,0,0,0,0,0,0,0,0,0
N:TGCCG,0,0,0,0,0,0,0,0,0,0,0,0,0,0,0,0,0,0,0,0,0,0,0
N:TGCCT,0,0,0,0,0,0,0,0,0,0,0,0,0,0,0,0,0,0,0,0,0,0,0
N:TGCGA,0,0,0,0,0,0,0,0,0,0,0,0,0,0,0,0,0,0,0,0,0,0,0
N:TGCGC,0,0,0,0,0,0,0,0,0,0,0,0,0,0,0,0,0,0,0,0,0,0,0
N:TGCGG,0,0,0,0,0,0,0,0,0,0,0,0,0,0,0,0,0,0,0,0,0,0,0
N:TGCGT,0,0,0,0,0,0,0,0,0,0,0,0,0,0,0,0,0,0,0,0,0,0,0
N:TGCTA,0,0,0,0,0,0,0,0,0,0,0,0,0,0,0,0,0,0,0,0,0,0,0
N:TGCTC,0,0,0,0,0,0,0,0,0,0,0,0,0,0,0,0,0,0,0,0,0,0,0
N:TGCTG,0,0,0,0,0,0,0,0,0,0,0,0,0,0,0,0,0,0,0,0,0,0,0
N:TGCTT,0,0,0,0,0,0,0,0,0,0,0,0,0,0,0,0,0,0,0,0,0,0,0
N:TGTAA,0,0,0,0,0,0,0,0,0,0,0,0,0,0,0,0,0,0,0,0,0,0,0
N:TGTAC,0,0,0,0,0,0,0,0,0,0,0,0,0,0,0,0,0,0,0,0,0,0,0
N:TGTAG,0,0,0,0,0,0,0,0,0,0,0,0,0,0,0,0,0,0,0,0,0,0,0
N:TGTAT,0,0,0,0,0,0,0,0,0,0,0,0,0,0,0,0,0,0,0,0,0,0,0
N:TGTCA,0,0,0,0,0,0,0,0,0,0,0,0,0,0,0,0,0,0,0,0,0,0,0
N:TGTCC,0,0,0,0,0,0,0,0,0,0,0,0,0,0,0,0,0,0,0,0,0,0,0
N:TGTCG,0,0,0,0,0,0,0,0,0,0,0,0,0,0,0,0,0,0,0,0,0,0,0
N:TGTCT,0,0,0,0,0,0,0,0,0,0,0,0,0,0,0,0,0,0,0,0,0,0,0
N:TGTGA,0,0,0,0,0,0,0,0,0,0,0,0,0,0,0,0,0,0,0,0,0,0,0
N:TGTGC,0,0,0,0,0,0,0,0,0,0,0,0,0,0,0,0,0,0,0,0,0,0,0
N:TGTGG,0,0,0,0,0,0,0,0,0,0,0,0,0,0,0,0,0,0,0,0,0,0,0
N:TGTGT,0,0,0,0,0,0,0,0,0,0,0,0,0,0,0,0,0,0,0,0,0,0,0
N:TGTTA,0,0,0,0,0,0,0,0,0,0,0,0,0,0,0,0,0,0,0,0,0,0,0
N:TGTTC,0,0,0,0,0,0,0,0,0,0,0,0,0,0,0,0,0,0,0,0,0,0,0
N:TGTTG,0,0,0,0,0,0,0,0,0,0,0,0,0,0,0,0,0,0,0,0,0,0,0
N:TGTTT,0,0,0,0,0,0,0,0,0,0,0,0,0,0,0,0,0,0,0,0,0,0,0
N:TTCAA,0,0,0,0,0,0,0,0,0,0,0,0,0,0,0,0,0,0,0,0,0,0,0
N:TTCAC,0,0,0,0,0,0,0,0,0,0,0,0,0,0,0,0,0,0,0,0,0,0,0
N:TTCAG,0,0,0,0,0,0,0,0,0,0,0,0,0,0,0,0,0,0,0,0,0,0,0
N:TTCAT,0,0,0,0,0,0,0,0,0,0,0,0,0,0,0,0,0,0,0,0,0,0,0
N:TTCCA,0,0,0,0,0,0,0,0,0,0,0,0,0,0,0,0,0,0,0,0,0,0,0
N:TTCCC,0,0,0,0,0,0,0,0,0,0,0,0,0,0,0,0,0,0,0,0,0,0,0
N:TTCCG,0,0,0,0,0,0,0,0,0,0,0,0,0,0,0,0,0,0,0,0,0,0,0
N:TTCCT,0,0,0,0,0,0,0,0,0,0,0,0,0,0,0,0,0,0,0,0,0,0,0
N:TTCGA,0,0,0,0,0,0,0,0,0,0,0,0,0,0,0,0,0,0,0,0,0,0,0
N:TTCGC,0,0,0,0,0,0,0,0,0,0,0,0,0,0,0,0,0,0,0,0,0,0,0
N:TTCGG,0,0,0,0,0,0,0,0,0,0,0,0,0,0,0,0,0,0,0,0,0,0,0
N:TTCGT,0,0,0,0,0,0,0,0,0,0,0,0,0,0,0,0,0,0,0,0,0,0,0
N:TTCTA,0,0,0,0,0,0,0,0,0,0,0,0,0,0,0,0,0,0,0,0,0,0,0
N:TTCTC,0,0,0,0,0,0,0,0,0,0,0,0,0,0,0,0,0,0,0,0,0,0,0
N:TTCTG,0,0,0,0,0,0,0,0,0,0,0,0,0,0,0,0,0,0,0,0,0,0,0
N:TTCTT,0,0,0,0,0,0,0,0,0,0,0,0,0,0,0,0,0,0,0,0,0,0,0
N:TTTAA,0,0,0,0,0,0,0,0,0,0,0,0,0,0,0,0,0,0,0,0,0,0,0
N:TTTAC,0,0,0,0,0,0,0,0,0,0,0,0,0,0,0,0,0,0,0,0,0,0,0
N:TTTAG,0,0,0,0,0,0,0,0,0,0,0,0,0,0,0,0,0,0,0,0,0,0,0
N:TTTAT,0,0,0,0,0,0,0,0,0,0,0,0,0,0,0,0,0,0,0,0,0,0,0
N:TTTCA,0,0,0,0,0,0,0,0,0,0,0,0,0,0,0,0,0,0,0,0,0,0,0
N:TTTCC,0,0,0,0,0,0,0,0,0,0,0,0,0,0,0,0,0,0,0,0,0,0,0
N:TTTCG,0,0,0,0,0,0,0,0,0,0,0,0,0,0,0,0,0,0,0,0,0,0,0
N:TTTCT,0,0,0,0,0,0,0,0,0,0,0,0,0,0,0,0,0,0,0,0,0,0,0
N:TTTGA,0,0,0,0,0,0,0,0,0,0,0,0,0,0,0,0,0,0,0,0,0,0,0
N:TTTGC,0,0,0,0,0,0,0,0,0,0,0,0,0,0,0,0,0,0,0,0,0,0,0
N:TTTGG,0,0,0,0,0,0,0,0,0,0,0,0,0,0,0,0,0,0,0,0,0,0,0
N:TTTGT,0,0,0,0,0,0,0,0,0,0,0,0,0,0,0,0,0,0,0,0,0,0,0
N:TTTTA,0,0,0,0,0,0,0,0,0,0,0,0,0,0,0,0,0,0,0,0,0,0,0
N:TTTTC,0,0,0,0,0,0,0,0,0,0,0,0,0,0,0,0,0,0,0,0,0,0,0
N:TTTTG,0,0,0,0,0,0,0,0,0,0,0,0,0,0,0,0,0,0,0,0,0,0,0
N:TTTTT,0,0,0,0,0,0,0,0,0,0,0,0,0,0,0,0,0,0,0,0,0,0,0
T:AACAA,0.04197552915959632,0.0962311333392873,0.08747878896132892,0.06541930874341341,0.06037331428061088,0.05684558363847459,0.05528266499955345,0.04952219344467268,0.036974189515048675,0.03630436724122533,0.04188621952308654,0.05689023845672948,0.05840850227739573,0.026703581316424044,0.03666160578726445,0.03291060105385371,0.02978476377601143,0.040144681611145844,0.017593998392426542,0.030901134232383675,0.01933553630436724,0.010538537108153969,0.011833526837545771
T:AACAC,0.03883691734499656,0.10338962458996477,0.07658040740290771,0.059490543878832056,0.048232292552545256,0.052929980156319605,0.056210262017575834,0.04811080063175799,0.03733851698862026,0.04264366419633094,0.03794597659255659,0.059126068116470254,0.052282023245454175,0.02219252419714089,0.030737455959178716,0.03312679706799498,0.03644757623618029,0.050864617502936055,0.017089863524075648,0.047017373344672576,0.020086664236828252,0.011784716316364961,0.01753533390029563
T:AACAG,0.039239566315164114,0.10631219367295411,0.0796376058220704,0.059705926035942374,0.04577454329422249,0.05049754938363285,0.051121342640724786,0.04826971632259023,0.03635823555621565,0.040605970592603596,0.03817020644586366,0.059319768305361655,0.05643843754641319,0.023050646071587702,0.0318728649933165,0.03398188029110352,0.036922619931679786,0.049428189514332393,0.017436506757760286,0.04464577454329422,0.021565424030892618,0.011406505272538245,0.018238526659735632
T:AACAT,0.03769800802229927,0.10639744374192671,0.08739547215990211,0.06210483377523965,0.05357264259976885,0.05197498130396356,0.053198721870963354,0.04724998300360324,0.04065538105921545,0.03796995037052145,0.043578761302603845,0.0597253382282956,0.054456455231490924,0.023421034740634984,0.035454483649466316,0.035318512475355224,0.028723910530967435,0.041709157658576385,0.02015772656196886,0.03627031069413284,0.01961384186552451,0.01012985247127609,0.013223196682303352
T:AACCA,0.04073904062428276,0.10672481064952949,0.08212837579374187,0.059903603396832684,0.048810343508530335,0.047854028000918064,0.055657562543034195,0.04816004896335399,0.03874990436844924,0.04062428276336929,0.03886466222936271,0.05932981409226532,0.05366842628720067,0.022110014535995717,0.0359957157065259,0.03293550608216663,0.03427434779282381,0.050225690459796496,0.01736668961823885,0.03829087292479535,0.021306709509601406,0.01028995486190804,0.01598959528727718
T:AACCC,0.03908375089477452,0.10851825340014316,0.07738010021474588,0.05790980672870437,0.04251968503937008,0.04316392269148175,0.05189692197566213,0.044595561918396566,0.03858267716535433,0.03836793128131711,0.03815318539727989,0.05955619183965641,0.04838940586972083,0.022691481746599858,0.03657838224767359,0.03435934144595562,0.03965640658554044,0.052970651395848244,0.016893342877594846,0.05583392984967788,0.02219040801717967,0.01066571224051539,0.020042949176807445
T:AACCG,0.0369786441163824,0.09330657875877885,0.07682384979217428,0.0554679661745736,0.03540203525870718,0.04787157804213846,0.05876451196789451,0.04543500071664039,0.035115379102766235,0.039988533753762365,0.039701877597821414,0.056041278486455494,0.04744159380822703,0.022215852085423534,0.029382255983947256,0.035545363336677654,0.04844489035402035,0.06277769815106779,0.017629353590368352,0.05747455926616024,0.021069227461659738,0.011609574315608428,0.025512397878744444
T:AACCT,0.041215898400752585,0.1110653809971778,0.08290216368767639,0.0590310442144873,0.04497883349012229,0.04844778927563499,0.057913922859830665,0.047801034807149576,0.04003998118532456,0.04186265286923801,0.0417450611476952,0.05250470366886171,0.04927093132643462,0.020931326434619004,0.03310206961429915,0.033513640639698965,0.03292568203198495,0.051211194731890876,0.017285983066792097,0.046977892756349955,0.017873941674506115,0.010348071495766699,0.01705079962370649
T:AACGA,0.04287515762925599,0.10308953341740228,0.08259773013871374,0.055170239596469106,0.04870744010088272,0.05091424968474149,0.05343631778058008,0.05091424968474149,0.035781841109709965,0.03704287515762925,0.038461538461538464,0.05154476670870114,0.05249054224464061,0.02569356872635561,0.03546658259773014,0.03199873896595208,0.038461538461538464,0.05012610340479193,0.015132408575031526,0.05249054224464061,0.023171500630517025,0.009300126103404792,0.015132408575031526
T:AACGC,0.04062091977368345,0.09052662120992311,0.072392282025243,0.050776149717104306,0.03829972435804439,0.05686928768315683,0.04947047729580734,0.051501523284491514,0.03699405193674742,0.03960539677934136,0.0397504714928188,0.051501523284491514,0.04889017844189758,0.020745684027274044,0.033947482953721166,0.03365733352676629,0.046568983026258524,0.05179167271144639,0.018569563325112434,0.07050631075003627,0.02147105759466125,0.011896126505150153,0.023647178296822863
T:AACGG,0.03912756113681427,0.09821546596166557,0.07111698612029081,0.04573694646397885,0.04216787838730998,0.05604758757435559,0.047719762062128225,0.05327164573694646,0.04124256444150694,0.04388631857237277,0.03582286847323199,0.04943820224719101,0.052346331791143424,0.0216787838730998,0.03304692663582287,0.02934567085261071,0.04666226040978189,0.059616655651024454,0.015069398545935229,0.06384666226040978,0.025380039656311963,0.012161269001982816,0.0170522141440846
T:AACGT,0.03653820509401254,0.09761301506867583,0.08067742365648753,0.056274169889318576,0.05000666755567409,0.05267368982531004,0.05067342312308308,0.05120682757701027,0.04000533404453927,0.037204960661421524,0.04613948526470196,0.05747432991065475,0.0494732631017469,0.02400320042672356,0.030137351646886253,0.027203627150286704,0.03773836511534871,0.05080677423656488,0.020002667022269636,0.05227363648486465,0.02093612481664222,0.010668089078543806,0.02026936924923323
T:AACTA,0.03666834677419355,0.09740423387096774,0.10093245967741936,0.05796370967741935,0.060357862903225805,0.05670362903225806,0.05733366935483871,0.04397681451612903,0.04070060483870968,0.035660282258064516,0.042086693548387094,0.049647177419354836,0.06149193548387097,0.028729838709677418,0.03767641129032258,0.03666834677419355,0.026461693548387098,0.03477822580645161,0.021295362903225805,0.03452620967741935,0.018775201612903226,0.01033266129032258,0.009828629032258064
T:AACTC,0.04280716938944787,0.10205921598326662,0.07432651736449204,0.05788164016012117,0.049010061668289515,0.04738721194417397,0.05045259475639222,0.045692235565653286,0.03541418731292149,0.03858776010674745,0.03873201341555772,0.05521295394713116,0.05229182444372318,0.018969310108550616,0.033719210934400806,0.03974178657722961,0.040967939702116915,0.04991164484835371,0.017418587038840205,0.056150600454397924,0.022539579501604817,0.010169858271124094,0.020556096505463594
T:AACTG,0.03888240848747431,0.1052880075542965,0.07809809476198411,0.06035105260234405,0.04749208465255791,0.051630283841581956,0.05532411264789202,0.054685330222740657,0.037743709381769706,0.03763261678609121,0.03799366772204633,0.051963561628617455,0.05585180247736488,0.02285730156085097,0.03307782036327279,0.036827195467422094,0.03338332500138866,0.04899183469421763,0.020940954285396877,0.046881075376326166,0.019385657945897906,0.009165139143476088,0.015552963394989724
T:AACTT,0.040291415901172,0.10408615774469433,0.08295850490972442,0.06249604054482103,0.05121951219512195,0.050934431422236304,0.055527399429838455,0.04745011086474501,0.03718720304086158,0.039562876148242,0.043807412100095026,0.051757998099461515,0.05372188786822933,0.025847323408299018,0.03465315172632246,0.03443142223630029,0.03367120684193855,0.04377573645866329,0.019068736141906874,0.04184352233132721,0.01916376306620209,0.010928096293949953,0.015616091225847324
T:AATAA,0.04065288356909685,0.10676822633297062,0.0925353645266594,0.06215451577801959,0.061371055495103376,0.0597170837867247,0.058585418933623505,0.051926006528835694,0.043264417845484224,0.03569096844396083,0.04165397170837867,0.053144722524483136,0.05989118607181719,0.03125136017410229,0.03342763873775843,0.031947769314472255,0.021632208922742112,0.03373231773667029,0.01954298150163221,0.030511425462459194,0.013101196953210012,0.008705114254624592,0.008792165397170837
T:AATAC,0.04081763424323978,0.09669357939254133,0.0852236319364347,0.06394976291170062,0.05965654235550429,0.05376137383057798,0.056068178905549146,0.05139049083685762,0.03748558246828143,0.03819043957452262,0.04088171216198898,0.054145841343073174,0.061771113674227864,0.025887479174676407,0.04043316673074458,0.036011790337049855,0.024862232474689223,0.0394719979495066,0.020376778162245292,0.03806228373702422,0.015250544662309368,0.00922722029988466,0.010380622837370242
T:AATAG,0.04271443334481571,0.10110230795728557,0.08451027672522678,0.06717189114708921,0.05327821793546905,0.05551728097370536,0.05534504535537949,0.04943162245952463,0.037949247904466646,0.03708806981283729,0.0410494890343323,0.06108623263290849,0.05551728097370536,0.026064990239981628,0.03737512917671375,0.03278217935469055,0.027270639568262717,0.04214031461706281,0.019749684234699735,0.03111723504420714,0.01590308875875531,0.013376966356642553,0.012458376392237914
T:AATAT,0.03855421686746988,0.10070627336933943,0.09451599501454092,0.06568342334856668,0.06327378479434981,0.055380141254673866,0.05845450768591608,0.050560864146240135,0.03938512671375156,0.03693394266722061,0.047029497299543,0.053635230577482346,0.057125051931865393,0.03294557540506855,0.03631076028250935,0.0343581221437474,0.02268383880348982,0.034233485666805154,0.021063564603240548,0.024844204403822186,0.014457831325301205,0.009181553801412546,0.008683007893643539
T:AATCA,0.046814459756341124,0.10217695226682644,0.08516077491511884,0.06375074895146794,0.05811863391252247,0.0548831635710006,0.056920311563810666,0.04933093668863591,0.0396245256640703,0.036788496105452366,0.04202117036149391,0.05516277211903335,0.05568204513680847,0.022848012782105052,0.0329538645895746,0.035270621130417415,0.029478729778310366,0.0420611144397843,0.016496904333932496,0.03115638106650689,0.01805472338725784,0.010465348512083084,0.014779308967445576
T:AATCC,0.03797027403622852,0.1015250038705682,0.08356556742529804,0.061851679826598546,0.052562316148010525,0.05267843319399288,0.055697476389533984,0.0488078649945812,0.037660628580275586,0.0367703978944109,0.04427930020126954,0.055271713887598696,0.054729834339681066,0.024849047840222946,0.034796408112710946,0.03557052175259328,0.03371264901687568,0.046175878618981266,0.017262734169376064,0.03855085926614027,0.01908190122309955,0.010644062548382103,0.015985446663570213
T:AATCG,0.043471832027206864,0.10202572822711814,0.07555818423776431,0.058849622948395686,0.046724826260535264,0.052491497855981076,0.04982995711962147,0.05101286411355907,0.041697471536300455,0.03947952092266745,0.04465473902114446,0.05323081472719207,0.053082951352949874,0.02158805263936123,0.03282566908176845,0.03740943368327665,0.03504361969540145,0.04687268963477747,0.018630785154517226,0.045689782640839866,0.020848735768150228,0.010054709448469614,0.018926511903001625
T:AATCT,0.04103461688059121,0.102878257487359,0.09091793076623882,0.060482302605989885,0.05438869441203163,0.054647996888370284,0.056592765460910154,0.0485219758848697,0.036723713211461166,0.039154673927136,0.04427589783482432,0.051503954362764164,0.05455075845974329,0.02443925839491767,0.035783741734733567,0.03620510825878387,0.027388824063269805,0.0436276416439777,0.018183586153247763,0.03351484506677039,0.019609749773110332,0.011409308958900558,0.014164397769998704
T:AATGA,0.04012751413172078,0.10421322466149599,0.0799263835940581,0.06148941764164585,0.05189299329564875,0.05044695675036151,0.054259234915209675,0.0518601288287104,0.03371894307874326,0.03904298672275536,0.04032470093335086,0.06250821611673459,0.055146575522545024,0.02277507558827396,0.033817536479558305,0.034639148153016955,0.0329630603391613,0.04410411463126068,0.018436965952412253,0.04791639279610885,0.018568423820165637,0.008018929932956487,0.01380307611410543
T:AATGC,0.04068406087974578,0.09888777387522997,0.08475497574845292,0.06338852650944975,0.05247533032279646,0.04984111055360428,0.057074761665830406,0.0474577688576685,0.03746445893962201,0.038551597257066396,0.038133467134972406,0.05699113564141161,0.05477504599431343,0.02408429503261415,0.033157718682053854,0.035164743268105036,0.03357584880414785,0.044865362100685736,0.018857668506439204,0.04298377655126275,0.021826392373306573,0.010118748954674696,0.014885432346546245
T:AATGG,0.044084088237327984,0.10403844824009405,0.07758799529769725,0.06189060230966047,0.04664269414286702,0.04806030011755757,0.05144872415462278,0.04743793651891294,0.03668487656455294,0.04242445197427564,0.041594633842749466,0.06119908720005532,0.05784523891847037,0.02171357444160155,0.03402254339257313,0.03588963418850702,0.032570361662402326,0.04726505774151165,0.01704584745176682,0.042597330751676925,0.021540695664200263,0.009819514556393058,0.016596362630523477
T:AATGT,0.03722993178992642,0.10107187258492659,0.08605221598736601,0.06316992036557911,0.0542992506972212,0.05335842209603172,0.054803266019286985,0.048385470918315916,0.03591949195255536,0.0407244380229159,0.04472295957797117,0.05540808440576594,0.053593629246329086,0.026141594704479017,0.03175296529014482,0.0351802694801922,0.03306340512751588,0.04186687275293169,0.018446960787607943,0.04233728705352643,0.01837975874466584,0.009609892140721077,0.014482040254023722
T:AATTA,0.03907975927477718,0.09179553591833625,0.0950712272415632,0.06391407023691628,0.062009598537365734,0.058886264950102844,0.06208577740534776,0.0510398415479546,0.04395520682562657,0.03618496229146035,0.043802849089662525,0.048449760036565856,0.06010512683781519,0.03031918945684467,0.033137807572179476,0.028414717757294126,0.021634798506894187,0.03024301058886265,0.020949188695055992,0.04646910946903329,0.014169269444656053,0.010055610573626876,0.008227317742058354
T:AATTC,0.03978151738073438,0.10055883560130079,0.08856123512139677,0.06251381302686831,0.05332617686988918,0.05556783380166072,0.05844094339026931,0.051400246266536165,0.03697155305780949,0.03788715941022322,0.043033498563445204,0.048400846146560164,0.05629400435702333,0.02658415685283996,0.036561108830865406,0.030783317020806365,0.027120891611151453,0.03836074890285101,0.018438417579641965,0.05016891358570391,0.017964828087014176,0.009755943548132478,0.011524010987276229
T:AATTG,0.04295131845841785,0.09994929006085193,0.08488843813387424,0.06125760649087221,0.05755578093306288,0.055324543610547665,0.057910750507099394,0.05207910750507099,0.037981744421906695,0.03706896551724138,0.043052738336714,0.05354969574036511,0.06009127789046653,0.027281947261663286,0.033772819472616636,0.03498985801217039,0.02733265720081136,0.03884381338742394,0.022109533468559837,0.034026369168356996,0.017241379310344827,0.008874239350912779,0.011866125760649087
T:AATTT,0.03978195633620571,0.10337802494287367,0.09666051812900917,0.06120089199680643,0.06120089199680643,0.05503400049555378,0.05536436968312089,0.051675247088621534,0.038708256476612614,0.03931393332048564,0.04592131707182777,0.04583872477493599,0.05864053079316136,0.02857693472455469,0.036092833741706354,0.03490901081959089,0.02428213528618231,0.03369765713184484,0.021033504941772432,0.03358753406932247,0.01610549789389643,0.009498114142554304,0.009498114142554304
T:ACCAA,0.04280725955942579,0.09854722593438807,0.08246756046040436,0.06444798896409018,0.05298098892098116,0.05056688364874768,0.054920894943311635,0.050135793421563137,0.03711686856058973,0.038453248264861836,0.04000517308272621,0.05642971073845756,0.05664525585204983,0.02392550760874251,0.03625468810622063,0.033064620425054966,0.0329352933568996,0.04798034228564038,0.017804026382721903,0.037979049014958834,0.01836444367806182,0.010044402293400008,0.01612277449670216
T:ACCAC,0.03731993643307531,0.10145076126518686,0.0698979853385964,0.05651817296355154,0.03801199569385349,0.04677807966371046,0.04647049777003127,0.04503511559952837,0.0361921361562516,0.04113907827959194,0.03655098169887733,0.06307992002870765,0.053391090377813095,0.015071512790280413,0.03175783052237658,0.03557697236889322,0.044573742759009584,0.06146511508689188,0.012918439534526068,0.06992361716306966,0.024247705951709643,0.010919157225611318,0.02171015532885631
T:ACCAG,0.038177036245582316,0.10117531026547218,0.06745705597106928,0.05299169885756554,0.03484836031889537,0.04520424097969919,0.04851236952412263,0.04822470617243363,0.035320950110955866,0.038546889126325305,0.03562916084490836,0.06295717925536287,0.049169885756554614,0.014321525437659242,0.03408810717514588,0.03178680036163393,0.04818361140790663,0.06515574915755733,0.013458535382592257,0.07522396646667215,0.025273280184104546,0.009657269663844826,0.024636311333936057
T:ACCAT,0.04256205519875022,0.10834924492275647,0.07911820864433258,0.05898281548342302,0.0467279986113522,0.048880402707863216,0.054539142509980904,0.046971011977087314,0.03565353237285194,0.03981947578545392,0.03825724700572817,0.05755945148411734,0.052004860267314705,0.02128102759937511,0.032390210032980385,0.03607012671411213,0.03440374934907134,0.04901926748828329,0.018469015795868772,0.050373199097378925,0.020899149453219926,0.010588439507030029,0.017080367991668115
T:ACCCA,0.040829579122529325,0.1032915296887049,0.07053857705264012,0.05840334429157028,0.037582694102845086,0.0418036446284346,0.05057023418158205,0.045172287836356996,0.035228702463574006,0.039449652989163524,0.036283940094971386,0.06392304882503348,0.04963675473842283,0.017046146353342263,0.03579690734201875,0.032265919883112136,0.04720159097365965,0.06185315962498478,0.014326880149356711,0.06367953244855716,0.023458744267218636,0.010877064815942205,0.020780064125979138
T:ACCCC,0.03655946601941747,0.10436893203883495,0.06563511326860841,0.04783576051779935,0.028822815533980584,0.03868325242718446,0.05137540453074434,0.04363875404530744,0.03307038834951456,0.04171723300970874,0.03635720064724919,0.06366302588996764,0.052083333333333336,0.016585760517799353,0.0335254854368932,0.029783576051779934,0.05137540453074434,0.06649474110032362,0.014006877022653722,0.08373786407766991,0.02310881877022654,0.011074029126213593,0.02649676375404531
T:ACCCG,0.036089181920707904,0.09768369914114687,0.05907868482692808,0.05092391775830658,0.02732714496399757,0.04346317341892947,0.044851218877418234,0.04528498308319597,0.03912553136115208,0.043289667736618374,0.03487464214453023,0.06003296607963911,0.0482345796824846,0.016743298343020734,0.031231022815997225,0.03305283248026373,0.05474104276915069,0.06896850871866053,0.014140713108354299,0.08727335820248112,0.02619935802897545,0.011104363667910124,0.026286110870130996
T:ACCCT,0.043458527175763075,0.10615000567343696,0.07125836831952798,0.05406785430613866,0.036083059117213205,0.040451605582661976,0.05174174514921139,0.043685464654487687,0.03551571542040168,0.04260751163054578,0.03375694996028594,0.05645069783274708,0.04669238624758879,0.016906842164983546,0.031033700215590605,0.035402246681039376,0.046068308181096106,0.06331555656416657,0.01338931124475207,0.06955633722909338,0.029104731646431407,0.009134233518665607,0.02416884148417111
T:ACCGA,0.03739992830684669,0.09738319990440913,0.0653602580953519,0.05293344485601625,0.03441271358585255,0.05866889712032501,0.046839526825188195,0.04731748118054726,0.035727088063089975,0.047795435535906323,0.03501015653005138,0.05341139921137531,0.04636157246982913,0.018998685625522763,0.03226191898673677,0.030469590154140278,0.0461225952921496,0.060939180308280556,0.016130959493368385,0.07229059624805831,0.024614649300991755,0.012426813239335643,0.02712390966662684
T:ACCGC,0.035766901293174,0.09240464887870355,0.06506793255852021,0.047389098052054345,0.03584874774922246,0.04714355868390899,0.048207562612538876,0.04403339335406777,0.037076444589949256,0.039941070551645114,0.03985922409559666,0.05843836961859551,0.049680798821411035,0.016696677033884433,0.029137338353249304,0.032574889507284335,0.05500081846456049,0.061630381404485186,0.014814208544770011,0.0834015387133737,0.028891798985103946,0.010721885742347356,0.026272712391553446
T:ACCGG,0.04020561777125023,0.0954653937947494,0.06425555351569671,0.04975215715072517,0.027997062603267855,0.03965485588397283,0.050119331742243436,0.0477326968973747,0.041674316137323295,0.0400220304754911,0.03699284009546539,0.05828896640352488,0.04341839544703507,0.01606388837892418,0.029373967321461355,0.03212777675784836,0.056912061685331375,0.05498439507986047,0.01459519001285111,0.09225261611896457,0.028547824490545253,0.012575729759500642,0.02698733247659262
T:ACCGT,0.032618730126166784,0.09580469791773515,0.06492973638321879,0.049953841419632786,0.03661914042465894,0.04585085649810237,0.049953841419632786,0.047389475843676275,0.03549081957123808,0.04277361780695456,0.03702943891681198,0.06882757205867268,0.04605600574417889,0.017129962047389476,0.030567237665401578,0.028310595958559854,0.04903066981228844,0.0605190275925736,0.01559134270181557,0.0773412657708483,0.029438916811980714,0.011488357780285157,0.027284849728177248
T:ACCTA,0.04534501642935378,0.10295728368017525,0.08127053669222344,0.05761226725082147,0.058488499452354875,0.05805038335158817,0.05936473165388828,0.05147864184008762,0.03329682365826944,0.046659364731653885,0.04424972617743702,0.05235487404162103,0.051916757940854326,0.023877327491785325,0.04096385542168675,0.03176341730558598,0.03176341730558598,0.03986856516976999,0.019934282584884996,0.0348302300109529,0.014895947426067908,0.009857612267250822,0.009200438116100766
T:ACCTC,0.039148395297108354,0.10657769304099142,0.06536383857642199,0.05395614871306006,0.036161423578010804,0.048840165236733395,0.0469335875436924,0.044391483952971086,0.03263425484588497,0.042103590721321894,0.036669844296155066,0.05792818557356212,0.050873848109310456,0.014235780108039402,0.03400063552589768,0.03527168732125834,0.04734667937718462,0.06387035271687322,0.015157292659675883,0.06841436288528757,0.02586590403558945,0.009278678106132825,0.02497616777883699
T:ACCTG,0.041104546459827494,0.10299832548734637,0.06359988625951786,0.06543237180499827,0.03567027898012701,0.04578054405863954,0.04833970490663802,0.04619127357745411,0.0384190072983476,0.044169220561751606,0.03437490126694259,0.05705980853685508,0.04862405611197119,0.018577612081766767,0.03219487535938833,0.03298473981864712,0.045875327793750593,0.058323591671669145,0.01418596568828789,0.06615904710751636,0.026128716312280812,0.010394616283845692,0.023411582572430572
T:ACCTT,0.04134896248245514,0.09601304958082015,0.07344182694131482,0.05682637229240165,0.04150070179431736,0.04969462463487728,0.05174310534501726,0.045028640795114,0.03907287280452183,0.04172831076211069,0.038845263836728504,0.058533439550851635,0.04977049429080839,0.01927089260650203,0.03364819240544744,0.033230909297826336,0.03846591555707295,0.05284321535601836,0.017829369143810933,0.06475475133720268,0.02571981336064641,0.009294032851561019,0.02139524297257312
T:ACTAA,0.03889007928005143,0.0894578958645811,0.09267195200342833,0.06117420184272552,0.06031712020569959,0.057103064066852366,0.05828155131776302,0.04810370687808014,0.037818727233769014,0.03953289050782087,0.0403899721448468,0.047782301264195415,0.06095993143346904,0.02774801799871438,0.036211699164345405,0.0380329976430255,0.024962502678380117,0.03385472466252411,0.022284122562674095,0.052817655881722735,0.012856224555388901,0.009535033211913435,0.009213627598028712
T:ACTAC,0.04073634204275534,0.10498812351543943,0.08741092636579573,0.06199524940617577,0.0501187648456057,0.05486935866983373,0.057007125890736345,0.04786223277909739,0.0332541567695962,0.034085510688836106,0.04073634204275534,0.055463182897862236,0.056532066508313536,0.024228028503562947,0.04073634204275534,0.03646080760095012,0.027078384798099764,0.04228028503562945,0.01840855106888361,0.04489311163895487,0.017577197149643706,0.009857482185273159,0.01342042755344418
T:ACTAG,0.04588394062078273,0.10919928025191183,0.08513270355375618,0.06061628430049483,0.049145299145299144,0.05713000449842555,0.052406657669815566,0.04532163742690058,0.03148897885739991,0.038461538461538464,0.04093567251461988,0.05791722896986055,0.05566801619433198,0.02496626180836707,0.0362123256860099,0.03565002249212776,0.03013945119208277,0.04599640125955915,0.016756635177687808,0.03688708951866847,0.021704903283850652,0.007534862798020693,0.014844804318488529
T:ACTAT,0.038770821367030445,0.09458165805092858,0.09888952709170974,0.06634118322802987,0.05973578403216542,0.055236454145127324,0.059448592762780014,0.051694428489373924,0.035611717403790925,0.03723913459697492,0.0421213861765269,0.051024315527474634,0.0546620716063565,0.027666092284127895,0.037334865020103386,0.0350373348650201,0.023549684089603676,0.03771778671261727,0.02096496266513498,0.03302699597932223,0.01732720658625311,0.010434616121003255,0.011583381198544898
T:ACTCA,0.045554649265905384,0.10228384991843394,0.0714926590538336,0.05946166394779771,0.045432300163132135,0.044249592169657424,0.053466557911908644,0.04367862969004894,0.030587275693311582,0.0383768352365416,0.0367047308319739,0.05966557911908646,0.05195758564437194,0.017210440456769983,0.035114192495921695,0.03539967373572594,0.039437194127243065,0.05224306688417618,0.016068515497553018,0.06969820554649266,0.023450244698205547,0.009828711256117456,0.018637846655791192
T:ACTCC,0.03866324481142602,0.10379937513947779,0.06669828163356394,0.05302945771033252,0.03885851372461504,0.04162017406828833,0.05054675295692926,0.04770140593617496,0.03495313546083464,0.04069962062039723,0.037826378040615935,0.05749274715465298,0.057241687123409955,0.016067841999553672,0.03428364204418657,0.03830060254407498,0.043991296585583574,0.05782749386297702,0.015230975228743584,0.0682604329390761,0.024743360856951575,0.010460834635126088,0.021702744923008256
T:ACTCG,0.03752832955605919,0.10051993067590988,0.060325289961338485,0.05119317424343421,0.034862018397547,0.042927609652046395,0.04352752966271164,0.04859352086388481,0.037594987335022,0.03972803626183176,0.03546193840821224,0.06085855219304093,0.04479402746300493,0.01493134248766831,0.031529129449406744,0.03126249833355552,0.0510598586855086,0.0631249166777763,0.014064791361151846,0.09045460605252632,0.02726303159578723,0.010531929076123183,0.027862951606452472
T:ACTCT,0.04294819414937081,0.10014708285667592,0.07988233371465926,0.05932341885929073,0.05082529825134826,0.04719725445334205,0.0539303807811734,0.043863376368687694,0.036705344010459225,0.03984311161954568,0.04147736558261154,0.05170779539140383,0.05291714332407256,0.020885765647981697,0.03536525576074522,0.03971237130250041,0.03464618401699624,0.050629187775780356,0.017649942801111294,0.054943618238274226,0.019578362477529008,0.00924987743095277,0.016571335185487826
T:ACTGA,0.039301310043668124,0.10064046579330423,0.0817467248908297,0.0617467248908297,0.04422125181950509,0.05039301310043668,0.05656477438136827,0.050131004366812226,0.0357787481804949,0.03860262008733625,0.039941775836972344,0.053857350800582245,0.05283842794759825,0.02116448326055313,0.034264919941775836,0.035604075691411934,0.034759825327510915,0.04940320232896652,0.01781659388646288,0.054177583697234355,0.01967976710334789,0.010538573508005822,0.01682678311499272
T:ACTGC,0.03980849790544584,0.10575703171753441,0.07370436864153201,0.05797725912627169,0.04131657690005985,0.04631956912028725,0.05149012567324955,0.04562537402752843,0.03389587073608617,0.04227408737283064,0.03758228605625374,0.05661280670257331,0.053046080191502094,0.01910233393177738,0.03344105326152005,0.035451825254338716,0.04141232794733692,0.054649910233393176,0.01680430879712747,0.05898264512268103,0.022788749251944945,0.010245362058647517,0.021711549970077796
T:ACTGG,0.0415207066256904,0.10597236251101416,0.07010380176656422,0.05445831811050698,0.038877307601384026,0.04465839977649309,0.04994519782510584,0.05022458146182115,0.034514624658829596,0.04025273473598246,0.03881283445444972,0.060003008746856934,0.052459650555543615,0.017300294427371,0.03264490339773484,0.03589005179342804,0.041434742429777995,0.05849863531838989,0.015795920998903958,0.06167931056714878,0.024521286884012807,0.009112204766714663,0.021319120586275817
T:ACTGT,0.03727538654408692,0.10430422064354367,0.07981613038027581,0.06145702744114779,0.050870594790360775,0.05056414542415378,0.05212425128848029,0.052681431954311186,0.03418303384872545,0.038863351441704976,0.03969912244045132,0.05803036634628778,0.05454798718484469,0.02178576403398802,0.033291544783396014,0.036885360078005296,0.03390444351581,0.04763894692854158,0.020030644936620698,0.04635743139713052,0.019835631703579885,0.00961136648558295,0.01624181640897061
T:ACTTA,0.041598427775958076,0.1014302871492521,0.0858172289551261,0.06125122830003275,0.0554645703679441,0.05109728136259417,0.06299814390217273,0.05098809913746042,0.038650507697346875,0.03755868544600939,0.042690250027295554,0.047821814608581724,0.05240746806419915,0.02587618735669833,0.03417403646686319,0.03624849874440441,0.027841467409105796,0.04050660552462059,0.01899770717327219,0.04793099683371547,0.01790588492193471,0.010153946937438586,0.010590675837973578
T:ACTTC,0.039853071807552876,0.11115645931865652,0.07821765539096824,0.05977960771132931,0.04832785153530358,0.04991237125777255,0.05531414303891676,0.045927064077017264,0.03661200873886635,0.0394449379396442,0.04278203250666218,0.051712961851487285,0.05329748157395626,0.022015220992485537,0.03265070943269392,0.035387607135140324,0.03819652846133532,0.04679134756200034,0.016565433462175594,0.04511079634119991,0.022159268239982714,0.010659496314791251,0.0181259453100617
T:ACTTG,0.039053668514830164,0.1044571244011412,0.07560424180438176,0.05676374010873661,0.0433600689024062,0.04564784410830597,0.048527749367497444,0.049927329493459655,0.03523173817085644,0.03803089842278086,0.03959196856327717,0.05684448511600366,0.052726489745384075,0.01967486677073801,0.03377832804004952,0.03574312321688109,0.040184098616568874,0.05194595467513592,0.018786671690800453,0.058593960273456425,0.023846692146202293,0.009743230876890779,0.021935726974215426
T:ACTTT,0.04286497245218796,0.10286439553465831,0.08751838924625725,0.06066287824155537,0.055557158104249,0.05287449159142701,0.05731675656964837,0.04782646320708455,0.036143883231892,0.037701560561917674,0.04644186113595061,0.04961490754896587,0.053624484379957885,0.02662474399284622,0.035249661060951336,0.03608619147892809,0.030230478553090835,0.04145152450457207,0.019124816107537426,0.03755733117950789,0.019038278478091558,0.01090374131017971,0.012721031528542995
T:AGCAA,0.04004263093788063,0.1067904993909866,0.08273447015834348,0.06175395858708892,0.05115712545676005,0.048781973203410475,0.05371498172959805,0.04634591961023143,0.037758830694275276,0.03861144945188794,0.04022533495736906,0.0603836784409257,0.054628501827040196,0.019853836784409256,0.03380024360535932,0.03431790499390987,0.03440925700365408,0.052679658952496954,0.017630937880633375,0.0376979293544458,0.019732034104750305,0.011144945188794154,0.015803897685749087
T:AGCAC,0.034199889986367873,0.10436945447588071,0.06572118719058666,0.0565613565159161,0.03534785832157463,0.04579915337335279,0.045512161289551094,0.04646880156889006,0.0379547030827733,0.04187692822806304,0.03534785832157463,0.06438189079951212,0.04857341018343577,0.01681295290938225,0.03154521321120226,0.03321933370004544,0.04931480639992347,0.06454930284839643,0.013345131896778514,0.06746705570038027,0.025422715423432905,0.010044722933059096,0.0261641116399206
T:AGCAG,0.035035170204146766,0.10332551773241183,0.06647352720933944,0.05336295896195726,0.03411448423171824,0.04151679945004358,0.045702851671351935,0.045899264678803356,0.036090890119198145,0.04005597770712365,0.03481420557076392,0.06943199813407643,0.048722701660917495,0.014387252795816404,0.03086139379580413,0.03401627772799254,0.05087096892991738,0.06926013675255643,0.0124967775990965,0.07100330219368778,0.02586513791875867,0.011207817237696566,0.025484587716821546
T:AGCAT,0.04323625619921916,0.10514930885301256,0.07890155112377334,0.059591642924976256,0.046243536984277724,0.04927719742534557,0.050701698849846995,0.0453730083359713,0.03466286799620133,0.0393056874538356,0.03943758573388203,0.06127994090957054,0.053577081354859134,0.021789595863669936,0.033871478315922764,0.03492666455629419,0.035295979740424185,0.050411522633744855,0.017647989870212093,0.04803735359290915,0.02189511448770708,0.009997889627519256,0.019389047166824946
T:AGCCA,0.03657842300028466,0.11208368915456875,0.0713599487617421,0.05686023341873043,0.03577782522060917,0.043339026473099916,0.04892541986905779,0.043445772843723314,0.033162539140335894,0.039976515798462856,0.03552875035582124,0.06789069171648164,0.05468972388272132,0.016314403643609452,0.03118773128380302,0.034817107884998574,0.04438869911756334,0.0595822658696271,0.013788072872189012,0.06169940222032451,0.02448050099629946,0.011653145459721036,0.02247011101622545
T:AGCCC,0.03478640732054996,0.10392238009840438,0.05787005104152297,0.05021382259622017,0.029268404837448844,0.03793626707132018,0.0465811376281786,0.04743182967765669,0.033337931668735915,0.04120108520715501,0.0336368234699039,0.06695176346162689,0.05104152296868534,0.014461764841127512,0.032556214650296594,0.03225732284912861,0.052742907067641516,0.07010162321239712,0.010852071550098864,0.08686255575481676,0.02676231204304042,0.01027727962477583,0.028946521359267945
T:AGCCG,0.027268148787682567,0.100330959061803,0.056227066695445714,0.04737750917332182,0.02730412259874811,0.03824016116267357,0.04165767321390028,0.047485430606518456,0.036801208720051805,0.04158572559176919,0.03406719907907044,0.06331390747535794,0.04482336858766818,0.01586445067990503,0.029786315562270668,0.030182027483991652,0.05860133822577164,0.07313475789625153,0.010972012374991007,0.10083459241672063,0.03291603712497302,0.011727462407367436,0.029498525073746312
T:AGCCT,0.039434023366464885,0.10131280671599033,0.06703534862865257,0.05373290486510724,0.033480307899260146,0.040729392422091025,0.05181476222504546,0.04655855317240864,0.037715168273422514,0.04010661883765538,0.037889544877064495,0.059686620332311986,0.05012081807538051,0.016042647535062154,0.03338066412575044,0.04364397279724983,0.046433998455521514,0.06130583165184465,0.013501731310564731,0.06451934334753257,0.026978551677752035,0.00991455546421543,0.024661833943651446
T:AGCGA,0.035156865836355036,0.09380419359924326,0.0619580640075674,0.05147406589941668,0.036496925744915656,0.052025855273529875,0.04674444269273215,0.04737505912029008,0.038625256187923694,0.04091124073782122,0.03555100110357875,0.06597824373324924,0.044537285196279364,0.018130222292290714,0.02963897209522308,0.031767302538231124,0.0487151190288507,0.05880498186977771,0.014583004887277314,0.07985180513952389,0.02963897209522308,0.01087813337537443,0.027352987545325554
T:AGCGC,0.028115765687467407,0.09716669563705893,0.054884408134886147,0.04554145663132279,0.02881105510168608,0.04397705544933078,0.03841474013558144,0.04662784634103946,0.0385885624891361,0.04254302103250478,0.03537284894837476,0.061489657569963496,0.038849296019468106,0.014340344168260038,0.029115244220406743,0.030027811576568746,0.06457500434555884,0.06926820789153486,0.012297931513992699,0.10516252390057361,0.030940378932730748,0.010429341213280027,0.033460803059273424
T:AGCGG,0.031243585006363674,0.09754895923143245,0.05907952539311081,0.048610255778626266,0.024387239807858112,0.04158968674303075,0.04158968674303075,0.047624912756086546,0.03592396436342735,0.04179496653939319,0.03387116639980293,0.0630208974832697,0.04360142874738268,0.012275731822474031,0.029396066839101696,0.029724514513281602,0.057232007225848834,0.07262799195303199,0.011988340107566614,0.10703288582337726,0.03025824198382395,0.008416471650860123,0.031161473087818695
T:AGCGT,0.03316344842437729,0.09267102146292441,0.059507573038547125,0.05211399038116431,0.035316919101284906,0.045940707774029144,0.040772378149450866,0.047304572536070635,0.03689613093101716,0.04170554877611083,0.0373986074222956,0.061732826071351665,0.045294666570956856,0.015792118297322518,0.031512454238748114,0.031225324815160434,0.05484171990524729,0.06309669083339316,0.015217859450147154,0.09245567439523365,0.02785155408800517,0.011054482808125763,0.027133730529035963
T:AGCTA,0.04145168342807171,0.10039352864013992,0.0860515959772628,0.06287713161346742,0.05045911674682991,0.05080891998250984,0.0585045911674683,0.04975951027547005,0.03716659379099257,0.037079142982072585,0.04022737210319195,0.05378224748578924,0.0605159597726279,0.026060341058154787,0.036029733275032796,0.037079142982072585,0.029908176650634017,0.04486226497595103,0.0174901617839965,0.034980323567993,0.01766506340183647,0.0125054656755575,0.014341932662877132
T:AGCTC,0.034172913893365096,0.10356967701254116,0.06274083934701885,0.05054998949064667,0.03221116793946612,0.04347369158551111,0.04713444966019758,0.04548798430603237,0.03510124010369228,0.040758775310025926,0.03644994044699783,0.060709031037623484,0.05030477124640931,0.014029986688152456,0.03440061654872837,0.039620262033209556,0.051495831289847964,0.0683283121978561,0.014012471099278358,0.07156869613956421,0.027061584810481328,0.010947243046311218,0.025870524767042668
T:AGCTG,0.034068972713518025,0.10553294725309124,0.06542494913131945,0.05380341211457192,0.03412114571920488,0.04077320394427923,0.04648614806699014,0.049877393436635886,0.036286325455209475,0.04175144780090781,0.035255908592894035,0.060246778316898834,0.05607293786195023,0.015821463974539575,0.03328637762821516,0.03503417331872489,0.04780351646058329,0.06579016017112746,0.013773673501330411,0.06740752334742005,0.026190848854802527,0.010056346846141807,0.025134345489643658
T:AGCTT,0.039572284370772766,0.10128185858759367,0.07392695338500849,0.05702875056363129,0.04451076804156915,0.04459665471410474,0.05047989178279261,0.04629291649668263,0.03536383741652889,0.04049556610053035,0.04040967942799476,0.05565456380306186,0.05492452708650935,0.019260086316105898,0.034612329031842484,0.03669508084083052,0.03882077598608636,0.0577587872801838,0.017585296201661906,0.05700727889549739,0.02293174156700234,0.009426062310780924,0.021364309793227836
T:AGTAA,0.038331071913161464,0.09943787555727854,0.08596627253343671,0.062172901725140534,0.05849001744524133,0.053111068036441174,0.05151192091490599,0.05490405117270789,0.03605349874006591,0.03566582671060283,0.03930025198681915,0.05480713316534212,0.05563093622795115,0.024374878852490792,0.03736189183950378,0.03067454933126575,0.02616786198875751,0.04051172707889126,0.020110486528396976,0.0539348710990502,0.01744524132583834,0.009207210699748013,0.014828455126962589
T:AGTAC,0.03816652233081776,0.10410738587158233,0.07255969318322406,0.059198317456389954,0.04707410614870716,0.049548434987009775,0.05313621180254856,0.055919831745639,0.03532104416676976,0.03847581343560559,0.0366819250278362,0.06643572930842509,0.05406408511691204,0.02127922800940245,0.03575405171347272,0.03377458864283063,0.03414573796857602,0.05084745762711865,0.01614499566992453,0.04880613633551899,0.02140294445131758,0.009773598911295311,0.017382160089075838
T:AGTAG,0.0431455668917948,0.10698376203477511,0.07317861761747378,0.0548570196867366,0.041888202327920676,0.04853427216554103,0.052018968242563586,0.05065382957321454,0.035134358384825405,0.04030751544762178,0.035888777123149876,0.0655625808305791,0.052917085788187955,0.01904009196723667,0.03373329501365139,0.031182641184078173,0.038367581549073146,0.05604253484696077,0.015088374766489438,0.051408248311539013,0.022524788044259232,0.010094841212817934,0.02144704698950999
T:AGTAT,0.04191755442334414,0.09500926354793886,0.07897174617878648,0.06084993052339046,0.05274432607688745,0.04898100972672534,0.052396943029180174,0.05390226956924502,0.03693839740620658,0.038270032422417784,0.03751736915238536,0.05013895321908291,0.05094951366373321,0.025880037054191757,0.03421723019916628,0.034159333024548405,0.024895785085687818,0.03543307086614173,0.019569245020842983,0.09130384437239462,0.0162691060676239,0.009263547938860583,0.010421491431218156
T:AGTCA,0.04013155814174125,0.11264665886594352,0.07567755605452073,0.05980203029632206,0.04247177508617691,0.04677271433541001,0.05423610891496158,0.047563328167989624,0.032035672496125996,0.03972043894879985,0.0398153126087094,0.05954903386989659,0.056418203092881314,0.018626861895575726,0.032699788115492866,0.033490401948072485,0.03696910281142279,0.05240188482337687,0.018215742702634326,0.049587299579393444,0.022137187312229214,0.009076246798013977,0.019955093134309477
T:AGTCC,0.03534928122192273,0.1078167115902965,0.06623427672955975,0.056491464510332434,0.03692160826594789,0.044783243486073675,0.04812443845462713,0.04770327942497754,0.03551774483378257,0.04214398023360288,0.036584681042228215,0.060141509433962265,0.052055256064690025,0.01768867924528302,0.03383310871518419,0.03231693620844564,0.04632749326145553,0.05915880503144654,0.014235175202156334,0.06836814914645103,0.025774932614555258,0.008872416891284816,0.023556828391734053
T:AGTCG,0.035677504781521256,0.10092687950566426,0.06392526114462263,0.050169192290716494,0.03464763866411652,0.040900397234073856,0.0486979549801383,0.04965425923201412,0.03876710313373547,0.042224510813594233,0.03736942768868619,0.0592173017507724,0.04560835662792408,0.016257172281889068,0.028615565690745918,0.03192584963954686,0.04965425923201412,0.06355745181697808,0.015447991761071062,0.08194791819920554,0.02817419449757246,0.010298661174047374,0.026335147859349713
T:AGTCT,0.0418478936249534,0.1036100410090717,0.08043370200074562,0.060364110848763516,0.0444264943457189,0.047471107244936,0.05424381757176588,0.04744003976637256,0.036473219833478315,0.039704237604076056,0.040574127003852364,0.055393314278613145,0.052193363986578846,0.02065987324468746,0.037001366969056794,0.03824406611159438,0.03787125636883311,0.05132347458680254,0.01624829128867901,0.04840313160183919,0.020100658630545543,0.008761028954890022,0.017211383124145645
T:AGTGA,0.04005163682102546,0.10734500678560789,0.07258945417232134,0.05862103207440998,0.04640693787031214,0.04620833471252193,0.052166429446228194,0.0529939426036874,0.03564926682334249,0.037138790506769055,0.03849591208500215,0.06464532786071299,0.05322564628777598,0.019529310516037204,0.033067425772069774,0.032537817351295885,0.038131806295720105,0.04895567839528649,0.017543278938135117,0.05891893681109529,0.018999702095263315,0.008242031048293668,0.01853629472708616
T:AGTGC,0.03666187655532579,0.10290561144018787,0.06890750411832744,0.05523816199922891,0.04072762959587817,0.04307595247274894,0.049490028390172094,0.04658091199046651,0.03469909922540395,0.0409729767621184,0.03669692615050296,0.06431600715011741,0.04892923486733728,0.016823805685044338,0.035119694367530055,0.03767831481546388,0.04871893729627423,0.05849777435070625,0.01549192106831166,0.059409063825312816,0.02537590690827521,0.009393291507483088,0.02428936945778276
T:AGTGG,0.043980746852850944,0.10232201417539405,0.0681265206812652,0.057204062202475404,0.038902993758595156,0.042050142811805774,0.048423780810324765,0.051570929863535384,0.029197080291970802,0.040119538770760604,0.03734264254733947,0.06939595895482915,0.050645297789061676,0.014466306992489157,0.032079763038188935,0.03490955252300857,0.043478260869565216,0.057547868401565644,0.014598540145985401,0.06561409076483656,0.025441658732677456,0.00878028139215064,0.023801967629324024
T:AGTGT,0.036765522603576586,0.09781924543670628,0.07301269947054685,0.06464511829390203,0.0464289681217372,0.047428634899477955,0.053759857825169385,0.051649450183272244,0.0325447073197823,0.0396534488503832,0.03865378207264245,0.05801769780443556,0.046465992817209076,0.02040060720500574,0.03069347254618831,0.03480321374356696,0.034840238439038836,0.04709541264023103,0.017549705653670998,0.0807878855196416,0.01899366877707431,0.00862675404494798,0.019363915731793108
T:AGTTA,0.03938966746828095,0.09876440832573181,0.08524753296293225,0.06186250932913177,0.06136495563479559,0.0534040965254167,0.05572601376565221,0.05000414628078614,0.038726262542499376,0.03350194875196948,0.04627249357326478,0.05224313790529895,0.06294054233352683,0.02595571772120408,0.03283854382618791,0.03209221328468364,0.030433700970229703,0.039887221162617136,0.022306990629405422,0.039638444315449044,0.016336346297371258,0.009619371423832821,0.011443734969732151
T:AGTTC,0.03702666367913959,0.10727089401747704,0.0745854806184181,0.05960116513555904,0.0478937934125028,0.0505545597131974,0.0530752856822765,0.04822989020838001,0.035038090970199415,0.03960340578086489,0.0425162446784674,0.05273918888639928,0.055652027784001794,0.022798565987004256,0.03428187317947569,0.037194712077078196,0.034421913511091196,0.05153484203450594,0.015740533273582793,0.05329935021286131,0.020866009410710283,0.008906565090746135,0.017168944656060947
T:AGTTG,0.04128005515497975,0.1037315790985608,0.07213237195139467,0.06000976702766367,0.04297492172014593,0.047197724857085406,0.05173652006549654,0.05348883973456666,0.03251845680962914,0.040303352388612795,0.036999798914136336,0.06015339978742352,0.060613024618655025,0.02091292982103358,0.03180029301082991,0.034127143718939414,0.035103846485306366,0.05173652006549654,0.017149751515325617,0.05572951078682026,0.02209071845106432,0.00976702766366953,0.018442446353164228
T:AGTTT,0.04017041996348144,0.09926409561223926,0.0870082443423892,0.0620815581253804,0.05405854036407901,0.054141537099540754,0.05663143916339291,0.04866375255906601,0.037293199800807836,0.038731809882144634,0.046007857024290374,0.04932772644275992,0.05726774746859957,0.025590660100702704,0.035522602777624084,0.03737619653626957,0.029934155923200353,0.041636695623305485,0.020417196923587674,0.037016544015935376,0.018148619487633487,0.010374591932717314,0.013334808830852652
T:ATCAA,0.04176624140593404,0.10158461708151036,0.08772381337549175,0.06305378874223318,0.0527225265634766,0.054597595499834554,0.058605095775579985,0.050479797051362185,0.03775874113018861,0.037685209015037316,0.04323688370895989,0.057538880105886245,0.05650943049376815,0.025883304533254898,0.03614103459686018,0.03728078238170521,0.02893488731203353,0.04312658553623295,0.020478694069634915,0.025442111842347147,0.017500643406007575,0.00852972535754991,0.01341961101511085
T:ATCAC,0.045808065234522216,0.09929078014184398,0.07815123171274882,0.06074622263336417,0.0464247781546579,0.04906293897968274,0.05324288210504677,0.04786377496830781,0.03477575632987289,0.041045671017918936,0.04049748175557611,0.05653201767910371,0.05420221331414671,0.02021447904889163,0.0338849487785658,0.03659163326138349,0.03436461438311577,0.04841196423065063,0.016068797752424025,0.054476307945318124,0.021036762942405866,0.009593312090999418,0.017713365539452495
T:ATCAG,0.04555387460077324,0.10192189163444837,0.08051773407295344,0.05928167198969014,0.04639435199193142,0.049448086513139464,0.04956015016529389,0.04936403877402364,0.03471171625483274,0.04020283521039951,0.042163949123101924,0.0581330195551073,0.05303412338208102,0.021320109822379113,0.034095366167983414,0.03541211408079789,0.03689695747184401,0.05236174146915448,0.016557404605816103,0.044012999383649914,0.020535664257298147,0.010505967389477223,0.018014232083823613
T:ATCAT,0.04728568864271611,0.10472600456445368,0.08369874605738903,0.061697053619509196,0.053747724183911584,0.054619586122009386,0.05249121727312357,0.04461881683206401,0.03859271225991743,0.038413211272662,0.04282380695950971,0.052337359284047494,0.053209221222145296,0.02474549324306998,0.03541298048567838,0.03551555247839577,0.03520783650024361,0.04395209887940098,0.018257814703695155,0.035130907505705564,0.019719465599917944,0.009026335359130189,0.014770366951303947
T:ATCCA,0.04038786014822409,0.10661882488626898,0.07851177890262916,0.05869161273787403,0.05136584011447855,0.050874607547895176,0.052775464001196044,0.04747869545716665,0.03528331304329254,0.03838021400653553,0.03938403707737981,0.05670532453386301,0.057944084919160206,0.02101621067469725,0.03737639093569125,0.03468529078832148,0.03581726148523098,0.050362017043634265,0.017129066017385362,0.04164797847119882,0.019670660601012368,0.009589714017214498,0.018303752589649943
T:ATCCC,0.03985684073531804,0.10562062794859281,0.07231169676264845,0.05706035464454205,0.041971693509028796,0.04713681470636082,0.0531966813079551,0.04717748495200911,0.034935741011875715,0.037701317715959005,0.04111761835041484,0.0586871644704734,0.056734992679355785,0.019277696437286482,0.031356759394826746,0.03444769806409631,0.04050756466569058,0.05335936229054823,0.014275256222547585,0.055758906783796976,0.02484952009110135,0.009801529201236376,0.022856678054335448
T:ATCCG,0.03509384548232213,0.09663902226102139,0.06442601484068093,0.052116979484941074,0.03640331732867743,0.04644260148406809,0.04714098646879092,0.043037974683544304,0.032736796158882586,0.04050632911392405,0.04155390659100829,0.05752946311654299,0.051680488869489304,0.018070711479703187,0.03090353557398516,0.03203841117415976,0.05831514622435618,0.0627673505019642,0.015800960279353994,0.06765604539502401,0.0319511130510694,0.011348756001745963,0.025840244434744652
T:ATCCT,0.042683758352652396,0.10541388244920223,0.07584890222282831,0.058557207145779354,0.04344742942861039,0.053429701350061365,0.05334787944906587,0.04538388108550389,0.03630165007500341,0.0398745397518069,0.0397654438838129,0.05602072821491886,0.05258420837310787,0.02018273557888995,0.033028774035183416,0.037610800490931406,0.03621982817400791,0.05220237283512887,0.01609164052911496,0.05146597572616937,0.021710077730805945,0.009054957043501977,0.01977362607391245
T:ATCGA,0.039819485001327315,0.10220334483674011,0.07605521635253518,0.059861959118662066,0.043403238651446775,0.05003981948500133,0.05415449960180515,0.05521635253517388,0.040881337934696046,0.03703212105123441,0.0444650915848155,0.052694451818423145,0.050836209185027875,0.0177860366339262,0.029466418900982214,0.03172285638439076,0.041146801168038226,0.05534908415184497,0.02017520573400584,0.0504380143350146,0.023626227767454207,0.009423944783647465,0.014202282983806743
T:ATCGC,0.0418127515907025,0.09751980262303597,0.0728476821192053,0.05272042591871186,0.04116348526165433,0.04376055057784703,0.053239838981950394,0.04765614855213609,0.03544994156603039,0.03778730035060382,0.04064407219841579,0.057005583690429816,0.047136735488897546,0.018179457213348914,0.03090507726269316,0.03376184911050513,0.045578496299181925,0.05414881184261784,0.017919750681729647,0.06869237761329697,0.025061680301259576,0.009479288404103363,0.027528892351642645
T:ATCGG,0.04140424539304875,0.10158619080942384,0.06473058082575227,0.05120130627478423,0.046536039188243526,0.03848845346396081,0.046769302542570564,0.043736878936319105,0.03615581992069046,0.040937718684394685,0.04000466526708654,0.059132260321903427,0.04781898763704222,0.01761138325169116,0.0324236062514579,0.034289713086074175,0.043853510613482624,0.06263121063680896,0.015512013062747841,0.07231163984138092,0.029624445999533473,0.009447165850244927,0.023792862141357594
T:ATCGT,0.04118597138901708,0.09183202584217813,0.07660359944623904,0.05814490078449469,0.04683894785417628,0.0531841255191509,0.047185048454083986,0.048107983387171205,0.03634056299030918,0.03311029072450392,0.04037840332256576,0.0535302261190586,0.05179972311952007,0.020881402861098294,0.03345639132441163,0.03472542685740655,0.03957083525611444,0.05560682971850484,0.02180433779418551,0.05745269958467928,0.02445777572681126,0.01326718966312875,0.020535302261190585
T:ATCTA,0.04376384931940488,0.10541310541310542,0.09314656536878758,0.06457739791073125,0.059195948084836976,0.06085786641342197,0.05903767014878126,0.04621715732826844,0.03774928774928775,0.039648622981956316,0.04344729344729345,0.044317822095599875,0.052152579930357705,0.028331750553972777,0.038540677429566315,0.037116176005064894,0.023187717632162076,0.04036087369420703,0.020417853751187084,0.02413738524849636,0.01590693257359924,0.011237733459955683,0.011237733459955683
T:ATCTC,0.04215271070163707,0.10434158060281844,0.07236793223865072,0.0570126557198405,0.042722341927334866,0.04973128266092082,0.049557916635708445,0.04500086683012606,0.034450305867201624,0.03950268717339079,0.040741015924907746,0.05579909354335389,0.05495702999232236,0.01914456249845209,0.033930207791564505,0.03871015677241994,0.037843326646358075,0.05862248309681254,0.015999207469599028,0.056121059018748295,0.022413750402456845,0.00889120043589172,0.019986626049483616
T:ATCTG,0.038895468428598146,0.1022044920941636,0.08038812358453323,0.058571755074902865,0.04398595441417856,0.0503854225103368,0.05331504913877288,0.046707806104427686,0.03712938145400902,0.039685013193708575,0.04136799019302292,0.05726277296432504,0.054104593903883315,0.022813688212927757,0.035010077084502066,0.03559184691142554,0.03617361673834902,0.05063475243616115,0.017930977165534292,0.04724802094371377,0.021795591015811674,0.01026408194643562,0.018533524486276466
T:ATCTT,0.043487295740058565,0.1044677434589591,0.0863322943232266,0.05739114007745348,0.04788892037404364,0.05043921790875602,0.05185604987248512,0.048701237366581655,0.03719656182110135,0.039954661377160666,0.04205157268347974,0.05255502030792481,0.052196089543780105,0.023368281855105318,0.035118541607632,0.045206385189383205,0.031680362708982716,0.04439406819684519,0.017738736185888355,0.04269386984037027,0.020629073391895722,0.009936714838953434,0.014716161329932937
T:ATTAA,0.03865979381443299,0.0976238370631129,0.09529796328891124,0.06594166457128489,0.06361579079708322,0.06128991702288157,0.0585868745285391,0.04714609001760121,0.040168468694996226,0.037716872014080964,0.044757354790042746,0.05198642192607493,0.05632386220769424,0.02998491325119437,0.0353281367865225,0.03249937138546643,0.023321599195373396,0.032185064118682424,0.021938647221523763,0.03243650993210963,0.014269549911993966,0.01018355544380186,0.008737742016595424
T:ATTAC,0.04094503012048193,0.09487951807228916,0.08725527108433735,0.06155873493975904,0.054875753012048195,0.052428463855421686,0.0573230421686747,0.04593373493975904,0.04216867469879518,0.03614457831325301,0.04301581325301205,0.046121987951807226,0.0572289156626506,0.02739081325301205,0.035862198795180725,0.03106174698795181,0.023531626506024098,0.036897590361445784,0.022496234939759035,0.07172439759036145,0.013177710843373495,0.009506777108433735,0.008471385542168674
T:ATTAG,0.043199315654405476,0.10145423438836612,0.0951240376390077,0.0658682634730539,0.054918733960650126,0.05431993156544055,0.05945252352437981,0.04875962360992301,0.039948674080410605,0.036783575705731396,0.04379811804961506,0.05645851154833191,0.0602224123182207,0.02797262617621899,0.03310521813515826,0.032848588537211294,0.02677502138579983,0.0388366124893071,0.019503849443969205,0.024379811804961505,0.01573994867408041,0.008639863130881095,0.011890504704875963
T:ATTAT,0.041528335954336304,0.09557924165647387,0.09651115382375211,0.061855670103092786,0.06028306832081076,0.06045780185217543,0.055274040421690256,0.05177936979439688,0.040945890849787406,0.033490593511561535,0.04345040479934766,0.044964762071174794,0.05620595258896849,0.02970470033199371,0.033665327042926206,0.034946706272933774,0.033199370959287086,0.033024637427922415,0.021666957889218942,0.039781000640689616,0.013221503873259946,0.009377366183237229,0.009086143630962782
T:ATTCA,0.04135085574572127,0.10100855745721271,0.08505501222493887,0.06026894865525673,0.053636919315403424,0.05302567237163814,0.05449266503667482,0.048563569682151586,0.035971882640586796,0.040311735941320294,0.04168704156479218,0.04944987775061125,0.05724327628361858,0.022830073349633252,0.03334352078239609,0.033068459657701714,0.027750611246943765,0.04012836185819071,0.019315403422982887,0.06274449877750611,0.017634474327628363,0.00941320293398533,0.011705378973105135
T:ATTCC,0.041250154263852895,0.10289398988029125,0.08092681722818709,0.061520424534123166,0.04738985560903369,0.05211032950758978,0.056923361717882266,0.049703813402443536,0.03773293841786993,0.03973836850549179,0.041281007034431695,0.05217203504874738,0.05547328150067876,0.02455880538072319,0.03483277798346292,0.033444403307417006,0.030575095643588793,0.04495248673330865,0.016999876588917686,0.05019745773170431,0.020301123040849068,0.010150561520424534,0.014871035418980624
T:ATTCG,0.04340383910013449,0.10074581244650935,0.07543709499938868,0.054040836288054776,0.04205893140970779,0.05061743489424135,0.05416310062354811,0.04780535517789461,0.04450421811957452,0.037046093654480985,0.04083628805477442,0.05073969922973469,0.05416310062354811,0.021396258711333903,0.03178872722826751,0.033989485267147575,0.03582345029954762,0.04633818315197457,0.017483799975547134,0.07091331458613523,0.01980682234992053,0.008803032155520234,0.018095121653013815
T:ATTCT,0.03777271995769823,0.09517897786054211,0.08446559532841345,0.06126859323631515,0.05542911005356691,0.053888773938432534,0.054900337954341676,0.05046325033910384,0.0368761063981424,0.039749867806975196,0.04361220314044647,0.047911350208060324,0.053497942386831275,0.02390969492148884,0.03393337471549762,0.034186265719474904,0.028852564544681242,0.0431064211324919,0.018897855024484447,0.062142216704600316,0.019081775754649748,0.008782214865393016,0.012092788008368393
T:ATTGA,0.04432259538496687,0.10198766278272789,0.07978067169294037,0.06273703449851496,0.0533698880511766,0.05501485035412383,0.053278501256568425,0.0507653644048435,0.03235092529129541,0.037971213159698425,0.03847384053004341,0.0590815627141878,0.05711674663011195,0.02289239204934887,0.03207676490747087,0.03436143477267535,0.03143705734521362,0.044870916152615944,0.018140278729723555,0.04692711903129998,0.020242175005711675,0.008361891706648389,0.0144391135480923
T:ATTGC,0.04481483260483213,0.10485614102502522,0.08362553436764494,0.06215476247658389,0.05110716172726836,0.04827321196983524,0.05365291320428455,0.04745665017532062,0.03895480090302128,0.03660118161294971,0.041308420193092846,0.056823094288870744,0.05874441615831692,0.02252749891925645,0.034199529276141984,0.035400355444545846,0.028963927181901147,0.044430568230942886,0.01834862385321101,0.04577549353955521,0.0193092847879341,0.008357750132090879,0.014313847927374033
T:ATTGG,0.047596444291015796,0.10080262362993009,0.0790541123673082,0.059376887891602656,0.043151808060757746,0.04996979373435747,0.05255890221800293,0.050228704582722015,0.036851644083887115,0.03836195736601364,0.041684646586691985,0.06261327349615949,0.05747820833692932,0.022050573919047207,0.030853542763441787,0.03365841028739104,0.03348580305514801,0.05009924915853974,0.0183826702338828,0.044618969534823506,0.02010874255631311,0.008846120652455339,0.01816691119357901
T:ATTGT,0.04149328260611104,0.10189038164308643,0.08108429437641185,0.06384496492688146,0.055364007450560776,0.05758332342567273,0.05373915111163952,0.048507906313161334,0.034597550826298895,0.040264732691316925,0.04593191455633496,0.05619625094122776,0.05655292672294218,0.025601394998612928,0.033804937978044625,0.03523164110490231,0.028732215749217294,0.04085919232750763,0.019220861570166052,0.03828320057068125,0.019854951848769467,0.007965759124955415,0.013395157135497167
T:ATTTA,0.037412845076809705,0.09262513462955614,0.09903066719573721,0.06354515050167224,0.06099427470098067,0.060087296638512554,0.05702624567768267,0.05283147213876764,0.0401904653931183,0.038829998299416135,0.04585907828354402,0.04410180828751205,0.056516070517544356,0.029136670256788164,0.03491865540502239,0.03735615894790545,0.022050904143756024,0.032537837991043594,0.020577064792245338,0.041607618615724734,0.014908451901819626,0.008956408366872627,0.00889972223796837
T:ATTTC,0.04219325961032122,0.09963577321397227,0.08923556257679481,0.06185272950675794,0.05807881341056696,0.05603826575390557,0.057442513603651046,0.04849043356152361,0.03697121291908022,0.03999912234509391,0.04552834825346674,0.045067579427769004,0.05674038967877831,0.026263823064770934,0.03405301035632789,0.03411883447428471,0.028282429348780058,0.03977970861857118,0.02064683166578901,0.03942864665613481,0.018628225381779884,0.009961383184131999,0.011563103387747938
T:ATTTG,0.04242802388804706,0.09748343583801289,0.0844103752562617,0.0585019461033366,0.05841281159937012,0.05211397331907181,0.05324301036931396,0.04988561071990968,0.03728793415931307,0.03678283863683632,0.04418100246605461,0.04926166919214428,0.05517425795525448,0.02558160263838132,0.032950054966277446,0.03464361054164067,0.027304869715066703,0.03993225777698547,0.01987699438452625,0.06182963425141873,0.018688534331639778,0.00837864337284963,0.01164690851828743
T:ATTTT,0.038879303584032625,0.09860010979531017,0.09501215590934044,0.06438710689357698,0.06091679083993412,0.0562504901576347,0.058034663947925655,0.04936867696651243,0.03846757117088856,0.03756568112304917,0.0479374166732021,0.04676103834993334,0.055701513606775936,0.0311348129558466,0.0359187514704729,0.033232687632342564,0.025115677201788096,0.0354482001411654,0.02248843227982119,0.03048780487804878,0.017390792878989883,0.010744255352521371,0.010156066190886989
T:CACAA,0.037666803369191454,0.10536609987696773,0.07757342502918073,0.061673869838165245,0.050569418593646484,0.04864506766774977,0.05255686299252342,0.04687845042430361,0.03649957411905738,0.0384239250449541,0.040569103126281585,0.06463926306823559,0.0574781538849806,0.020726205874002333,0.032871699422694724,0.03425975582825957,0.03511151771349254,0.04949682955298274,0.016530489920817692,0.04419697782264425,0.021735701441685858,0.00962175462948358,0.01690905075869901
T:CACAC,0.032916157916157915,0.09940984940984941,0.06372100122100122,0.05629324379324379,0.038995726495726496,0.04881461131461132,0.04739010989010989,0.04377798127798128,0.03411172161172161,0.04189560439560439,0.03813085063085063,0.062423687423687424,0.04868742368742369,0.0161019536019536,0.03016890516890517,0.03495115995115995,0.045405982905982904,0.05919312169312169,0.015466015466015465,0.08325702075702075,0.025335775335775336,0.011345136345136345,0.022206959706959708
T:CACAG,0.03516402296890102,0.10688498493376543,0.06475638182955257,0.05719483768264256,0.036329524134402186,0.040906248223321395,0.04924953095684803,0.047018022627778724,0.033884814372619254,0.04215702996190801,0.03583205412473705,0.06889248962419695,0.05004548297231224,0.01621752231508329,0.03347262493603957,0.03627267041901188,0.045781454318039684,0.06118881118881119,0.014483483995679117,0.06400307010063108,0.02467451247939053,0.011711865370401956,0.023878560463926318
T:CACAT,0.03582872799888543,0.09227697023173734,0.06989272279756653,0.05777179213300516,0.04342172479450146,0.04771745692657781,0.04699763154228394,0.04873914456880137,0.03332094924070032,0.039149212836112016,0.03768634189383736,0.05870059908048112,0.0482050805740027,0.01720614870199229,0.029443180234988157,0.03599126921469373,0.033715692193377604,0.04692797102122324,0.0169042864440626,0.11350020898156318,0.02120001857613895,0.008289602006223007,0.017113268007244695
T:CACCA,0.03788336197420773,0.10114099050980757,0.06688031210812317,0.056476708002415124,0.03621135417150465,0.0475283699472079,0.04741999907110678,0.045655101946031305,0.036644837675909155,0.040344929017076155,0.03681513476692521,0.06211199355967365,0.0517548341151518,0.01545059062127475,0.031086959887294287,0.034400012385242984,0.046289845648909325,0.06356725961017448,0.01404176923196012,0.07061136655674763,0.02433700246156704,0.01000108370876101,0.02334618302292818
T:CACCC,0.038851820961912704,0.10300250208507089,0.061335835418404226,0.053099805393383374,0.030025020850708923,0.03909507923269391,0.04767862107311648,0.04364748401445649,0.03297887128162358,0.04190992493744787,0.034438420906310815,0.06293438976925216,0.05094523213789269,0.013865721434528773,0.03256185710314151,0.0316930775646372,0.053655824298026136,0.07158743397275508,0.012058659994439811,0.08215179316096748,0.02571587433972755,0.0105643591882124,0.026202390881289964
T:CACCG,0.034136839542244946,0.09578767957146335,0.06057949841733626,0.04436328220112004,0.03179936693450207,0.04694424153883613,0.04747991234477721,0.04709033357682006,0.03871439006574142,0.04450937423910397,0.03662040418797176,0.059995130265400536,0.04480155831507183,0.01480399318237156,0.03004626247869491,0.03063063063063063,0.05512539566593621,0.06160214268322376,0.0145118091064037,0.08979790601412223,0.02916971025079133,0.01241782322863404,0.029072315558802044
T:CACCT,0.037168832361449106,0.10069332843564902,0.06210110657054961,0.05675191698425088,0.032737958583957026,0.04867073786675238,0.04520409568850728,0.043941411451398134,0.036043895495660956,0.0442398640892603,0.034735295468111486,0.06079250654300014,0.049703843151659856,0.01558841085449286,0.03349556912622251,0.03305936911703935,0.04915285366637587,0.06416731714036457,0.015680242435373526,0.07190412782956059,0.028720326920427936,0.009757105468570641,0.025689884751365993
T:CACGA,0.0385559060637925,0.09183315807921485,0.06320831872882346,0.0539198504498189,0.0330646103516766,0.04620866923706041,0.04206098843322818,0.04568290688164505,0.03937375861666083,0.04153522607781283,0.03756279939245239,0.05754176889823578,0.04393036569692721,0.014955018109592242,0.02874167542937259,0.03283093819371422,0.0583596214511041,0.06338357284729525,0.014195583596214511,0.08616660824862718,0.028624839350391403,0.010865755345250614,0.027398060521088913
T:CACGC,0.03169404680154245,0.09497649358195552,0.051027415350483336,0.049918123712429346,0.0272568802493265,0.042364375891395065,0.03930061803391263,0.04225872906872326,0.038613913686545875,0.046114838096244254,0.034493687602345356,0.06322962336907717,0.03940626485658444,0.012836088954624689,0.031799693624214254,0.034335217368337646,0.05895092705086895,0.06671596851724684,0.01220220801859384,0.10717870160054936,0.03232792773757329,0.013522793301991442,0.029475463525434474
T:CACGG,0.035365355325234965,0.0935027304134626,0.05884319625543297,0.050559084661391585,0.02931015268026301,0.03811434302908726,0.041271964040268956,0.0446153274638731,0.03670270069467662,0.04316653664697797,0.03432519781566923,0.06255804450388201,0.044838218358780046,0.014710799063858242,0.030536052602251198,0.02931015268026301,0.059363275010215835,0.06917047438612133,0.013262008246963112,0.09796054831160148,0.028975816337902596,0.012073256807459415,0.03146476466436346
T:CACGT,0.03171512032271526,0.09964297306069458,0.061436453841517136,0.0474335790791487,0.03375527426160337,0.04585709649000788,0.04242592850187787,0.04316780266147355,0.03676913803496082,0.0389020262437984,0.03533175685074419,0.05888626141790699,0.043585106876246116,0.017804979830296285,0.03129781610794269,0.03064867621829647,0.05768071590856401,0.06584133166411647,0.013307367737747485,0.09551629804794362,0.027495711040014838,0.012982797792924375,0.028515788009458896
T:CACTA,0.046261583079861356,0.09987974817853859,0.08544952960316898,0.0640164108368112,0.052486383249628635,0.05439626511989814,0.052132701421800945,0.05149607413171111,0.033458300912499114,0.03862205559878334,0.0385513192332178,0.05411331965763599,0.05460847421659475,0.0241211006578482,0.03763174648086581,0.036287755535120605,0.027870128032821673,0.04512980123081276,0.017825564122515385,0.04477611940298507,0.016835255004597864,0.009195727523519841,0.014854636768762822
T:CACTC,0.037858787844745265,0.09942144582373758,0.06701117789136662,0.05485030612818064,0.0408077290344324,0.04089198449699489,0.04993540414536876,0.04648093018030669,0.03642644498118295,0.03889793854968264,0.03642644498118295,0.05889456833118014,0.0528000898724934,0.015165983261248104,0.03311239678705836,0.036173678593495476,0.04527326855024434,0.05751839577599281,0.014463854406560691,0.084058866483177,0.023085996742122115,0.009661293040498793,0.0207830140987474
T:CACTG,0.03976560541489095,0.10599461017798947,0.07356166959137629,0.05685948859363249,0.040799699172724996,0.045421784908498374,0.04847706192028077,0.045218099774379544,0.032589621459012286,0.042084482326397596,0.03942090749561294,0.059538731511657055,0.052221734770619206,0.01748558535973928,0.03284031085485084,0.036161945349711705,0.04172411631987967,0.05497931812484332,0.015652419152669843,0.06433316620706944,0.023173101027826524,0.009808222612183505,0.021888317874153924
T:CACTT,0.04031434986731986,0.10609308022045315,0.07825576648295571,0.057256582976117576,0.04962747499489692,0.04904062053480302,0.05327617881200245,0.04735660338844662,0.034420289855072464,0.03842620943049602,0.04248315982853643,0.05429679526433966,0.0536589099816289,0.021305368442539295,0.034420289855072464,0.03577260665441927,0.03929373341498265,0.04687181057358645,0.017860787915901205,0.04870892018779343,0.022274954072259646,0.010257195345988977,0.018728311900387835
T:CATAA,0.0447497631148247,0.10138685502627272,0.08415884227754329,0.06421741752088897,0.059910414333706606,0.05082263760875183,0.05659402187957619,0.048712206047032476,0.03940907916271858,0.03807390817469205,0.04251012145748988,0.05775691274011543,0.055344990955293306,0.023602377465759324,0.03501593591179258,0.034025325178740636,0.02437763803945215,0.039796709449564996,0.019295374278576968,0.04083039021448876,0.017486432939960377,0.008915496597467482,0.013007149625290723
T:CATAC,0.042864290876744315,0.10096180574859621,0.07633290709957191,0.0637126813809974,0.04425418357702785,0.047867904597765056,0.053538666814921886,0.047979096013787734,0.036359593039417354,0.041196419636404066,0.038416634235836994,0.05737477066770445,0.05731917495969311,0.020348029132151,0.03324623339078223,0.03496970033913382,0.03413576471896369,0.05064768999833213,0.017067882359481847,0.053149496858842495,0.021015177628287095,0.00911769611386001,0.018124200811697338
T:CATAG,0.04577104893318002,0.10652229462118308,0.07177079340743579,0.06036795707167497,0.042385332822281845,0.04832630637536732,0.05091350453558196,0.04414207231378561,0.03289893956816149,0.038264980196754825,0.035869426344704226,0.0679059665261275,0.05260636259103105,0.017439632042928324,0.03283505813210681,0.032707295259997445,0.03535837485626677,0.05401175418423406,0.013926153059920787,0.06314679954005366,0.02133639964226396,0.011402836335760828,0.02009071163919765
T:CATAT,0.04570199315128633,0.10110633066994468,0.08754060935990868,0.06106769690051805,0.0561067696900518,0.05228729475809992,0.054877513390113264,0.05017999824391957,0.03867767143735183,0.03657037492317148,0.043067872508560895,0.05079462639388884,0.05917991043989815,0.027482658705768725,0.03529721661252085,0.03613135481605057,0.024497321977346564,0.03907278953376064,0.01804372640266924,0.04495565896918079,0.016155939942049346,0.008999912195978576,0.01220475897796119
T:CATCA,0.04578072172773063,0.10513696267163458,0.08105637204167529,0.061236458980197334,0.046832953839784724,0.05119712964879597,0.05045539225833161,0.046539708824949975,0.03631063271924377,0.040830055889049886,0.041451045332229354,0.05587180017939695,0.05274960325674464,0.021044642241081903,0.03462016145725522,0.036552128613813566,0.034671910577520185,0.049299661905747603,0.017542951769819914,0.043193265714482856,0.021458635203201546,0.009176843993652107,0.01699096115366039
T:CATCC,0.04068947185474472,0.10718302083546323,0.0702557916044738,0.05716973030445539,0.04077125973786983,0.04858200257631832,0.050279101151164456,0.044165456887562106,0.031365653178481605,0.04007606273130636,0.03829717627333511,0.0590917455578956,0.05414357862882614,0.016337129654241726,0.0325311305130145,0.03510744883145562,0.04461529024475024,0.05637229844398552,0.015969084180178707,0.05982783650602163,0.024986198294722636,0.008771750465168586,0.02341178154456417
T:CATCG,0.04044989497933464,0.09817738329155092,0.07270140253404703,0.053391151162002846,0.042143776678636766,0.04166948980283217,0.04790297445626397,0.044311945253743476,0.03692662104478623,0.03760417372450708,0.03868825801206044,0.059353614743546314,0.0451250084694085,0.016464530117216613,0.03103191273121485,0.03265803916254489,0.048580527135984826,0.0611830069787926,0.018158411816518734,0.0706009892269124,0.027034351920861847,0.011179619215393996,0.02466291754183888
T:CATCT,0.04320568751009856,0.10601066408143481,0.07828405235094522,0.05841008240426563,0.04301179512037486,0.05100985619647762,0.05033123283244466,0.04422362255614801,0.03512683793827759,0.04053966715139764,0.0410243981257069,0.056406527710454034,0.05138148327678139,0.021150428179027306,0.035660042010017774,0.042010017773469056,0.03619324608175796,0.050428179027306515,0.017757311358862497,0.0480368395540475,0.021715947649054775,0.00938762320245597,0.018694457909193732
T:CATGA,0.03805947142737031,0.10596676102127182,0.07359659202376614,0.06165746475715367,0.04613099408648861,0.04660743813233934,0.05131582635015835,0.04627112468820941,0.031697542109245816,0.040525770017656455,0.03721868781704549,0.06347916257952411,0.05310949805218464,0.019786440962977495,0.03147333314649253,0.03475238922675934,0.03853591547322104,0.05285726296908719,0.015722653513074183,0.058910904963425915,0.022981418682211822,0.009220593593228889,0.020122754407107424
T:CATGC,0.04033046703759906,0.09806103523857697,0.07115157646265385,0.059484066767830045,0.03753161355589277,0.04225257123587928,0.04795144157814871,0.04410723318158827,0.03705951778789412,0.041004889563311414,0.039082785365031195,0.061675939976395214,0.05081773731242623,0.017400101163378857,0.030517619288484236,0.03648625864103861,0.04387118529758894,0.05867475973697522,0.016759399763952115,0.06609340751981116,0.025324565840499073,0.0088349350868319,0.02552689259821278
T:CATGG,0.03981445689988403,0.1044109436069235,0.06839754327191513,0.05811106816131942,0.03545505304299274,0.04325044023536486,0.04934931065584332,0.04340076450629214,0.0342309839797277,0.04249881888072843,0.03663617231456427,0.06824721900098785,0.049542584718464115,0.015333075634583172,0.032835115749688615,0.03569127689730705,0.0432289653395181,0.05980758493321307,0.015826998239058542,0.06457501181119271,0.026328222308121804,0.008654383026242322,0.024374006786067087
T:CATGT,0.0372991638366485,0.10247995205616278,0.07548300562198568,0.05853143460517679,0.045289803373191405,0.04737307725236152,0.049285123141462855,0.04423389743443395,0.03767015781513085,0.03981050769099055,0.03835506977540595,0.05516395080049085,0.051482549014012155,0.019919522844667675,0.03279016009817071,0.03398875602865215,0.039724893695956165,0.05310921491966553,0.018292856939014297,0.06455295225592877,0.025170514540110156,0.00856139950343883,0.02143203675694187
T:CATTA,0.042770266874403176,0.0993114539880384,0.09669799467256371,0.06222043524149369,0.05518419862290798,0.05664170477961502,0.05573704578579686,0.046489420515655626,0.0398049957279992,0.03553299492385787,0.04653967934864552,0.049756244659999,0.0546313514600191,0.02804442880836307,0.03427652409911042,0.03412574760014073,0.025933557822787355,0.03789516007438307,0.02216414534854501,0.04166457254862542,0.014022214404181535,0.009398401769110921,0.011157460923757351
T:CATTC,0.03762727977783893,0.09954717169948213,0.07277776387881214,0.058217207475419676,0.050511620925170746,0.048810387530959946,0.050011258162167574,0.04780966200495359,0.035075429686522726,0.041405018638512925,0.04107978284256086,0.049060568912461536,0.05271321708238473,0.019339020790072804,0.03084736433914588,0.033649395811963675,0.032598634009657,0.04533286632808786,0.01741262415251057,0.09276725626078908,0.019939456105676615,0.009106602286657828,0.014360411298191189
T:CATTG,0.04522085542784851,0.10303894915345482,0.07701004010659201,0.06247476514764071,0.04392883098705284,0.052246238324674975,0.04960835509138381,0.04632445963769481,0.03421173050523539,0.040133509192215554,0.04042959812656456,0.0613442437619445,0.054911038733816045,0.020699308228580657,0.032139107964792336,0.03388872439503647,0.03418481332938548,0.050927296708029396,0.01730774407149202,0.05227315550052489,0.022395090307124978,0.008048235579123039,0.0172539097197922
T:CATTT,0.040901292941127244,0.09740993347001967,0.08623791790451484,0.06305703167496549,0.05853801414285117,0.05667601154860036,0.05544165027825432,0.04830746056320348,0.03629858989915896,0.036696096070965314,0.045985187664755844,0.04682204276329553,0.05493953721913051,0.02688397004058747,0.03399723837817482,0.03372526047114942,0.02715594794761287,0.038495334532825644,0.021569940164860454,0.052408050546047955,0.017929620486212813,0.009853968785304824,0.01066990250638102
T:CCCAA,0.04000883359711436,0.10423644594942766,0.07372372925024845,0.061172660016931064,0.04243807280356288,0.047038904633957816,0.053774522433656005,0.04670764474216938,0.03772682100923847,0.04045051345283227,0.037469174426736356,0.06224005300158269,0.054510655526519194,0.018955427141227135,0.0345246420552836,0.034745481983142555,0.03916228054032169,0.054547462181162354,0.01494350178512275,0.05049873017041481,0.021826346203393573,0.008759983805071958,0.02053811329088299
T:CCCAC,0.03533207976414328,0.09979803607493558,0.059498108039092786,0.052417763539707965,0.029853518118717646,0.043619564965062564,0.04740348677948789,0.04343385101098034,0.032151728300485176,0.03978921466211668,0.03516958005432133,0.06390881444854563,0.048749912946584026,0.01360354713652297,0.029830303874457367,0.0350999373215405,0.05220883534136546,0.06495345544025814,0.01225712096942684,0.10068017735682615,0.025582097174826474,0.009169626482809851,0.02548924019778536
T:CCCAG,0.03638237711197471,0.10226623765548173,0.06078587048876631,0.05201064170601591,0.027857869151588596,0.037190255317370774,0.04656442828688034,0.04682907804382043,0.03260763584193445,0.04134107782095747,0.035086986196425834,0.06532670316047526,0.050924184809103955,0.013427492931065703,0.03147939214129511,0.03245441756160072,0.055868956583510924,0.06872536319696906,0.011435655286727119,0.08752942487429137,0.026729625450949257,0.009485604446115917,0.027690721936679062
T:CCCAT,0.040280309936189605,0.10642661804922517,0.07053327256153145,0.057600273473108476,0.03979603463992707,0.04324293527803099,0.05187443026435734,0.04600615314494075,0.03486782133090246,0.04065063810391978,0.038599589790337285,0.06261394712853235,0.05309936189608022,0.017576344576116683,0.03116453965360073,0.03463992707383774,0.04227438468550593,0.05643231540565178,0.014727666362807658,0.0625,0.02418527803099362,0.008745442114858705,0.02216271649954421
T:CCCCA,0.03678588206458465,0.10329050838456667,0.06176596744214547,0.0522477991789048,0.028064298698911333,0.03970669335566494,0.05079760616025654,0.04556874119160931,0.03225147572458588,0.040401151984313405,0.034069323311342145,0.06578974243754979,0.05343246389836394,0.013664494781347658,0.03080128270593762,0.03370166874323414,0.05324863661430993,0.06893523152025163,0.011315590596213157,0.08439714863457179,0.025163912661614822,0.008333503543781531,0.026266876365938847
T:CCCCC,0.03379960561991619,0.10201503574069509,0.05487429134828691,0.043751540547202365,0.024309834853339908,0.03361473995563224,0.048157505545969925,0.04378235149124969,0.0341693369484841,0.03709637663298004,0.03281365541040177,0.06479541533152576,0.05102292334237121,0.014265467093911757,0.0330909539068277,0.029023909292580724,0.058201873305398076,0.07804412127187577,0.013710870101059897,0.10290855311806754,0.027421740202119793,0.010013556815380823,0.0291163421247227
T:CCCCG,0.029930206135367635,0.09274468430449602,0.05427690310014608,0.04148677162798247,0.025677649732186333,0.03729913975004058,0.04349943191040415,0.0466482713845155,0.03632527187144944,0.04281772439539036,0.036130498295731214,0.059600714169777635,0.041324460314883946,0.016328518097711412,0.030287291024184385,0.028274630741762702,0.06223015744197371,0.071319590975491,0.015938970946274954,0.11413731537088136,0.02996266839798734,0.01321214088621977,0.030546989125142022
T:CCCCT,0.04215015994480336,0.1165715360973468,0.06090447218214891,0.04710531267640971,0.0302327040080286,0.036850028225553534,0.04995922975600577,0.04252650065859625,0.03612870852411717,0.041209308160321145,0.035940538167220724,0.059493194505425576,0.05021012356520103,0.016715800037634072,0.033431600075268145,0.034403813585899765,0.05030420874364925,0.06253528194191808,0.012638775638211128,0.07583265382926677,0.02853917079596061,0.010223922724706768,0.026092956156306843
T:CCCGA,0.03711790393013101,0.09629970121811078,0.06033095840036773,0.049931050333256725,0.025568834750632038,0.040795219489772466,0.04475982532751092,0.049873592277637324,0.041599632268444035,0.040967593656630656,0.035738910595265454,0.05705584923006205,0.045564238106182486,0.016318087795908987,0.03160193059066881,0.03321075614801195,0.05556193978395771,0.07073086646747874,0.016030797517811998,0.08854286370949208,0.025453918639393242,0.010917030567685589,0.02602849919558722
T:CCCGC,0.028573246786305205,0.09555173730431463,0.0539646175385007,0.042032582410589284,0.025041364388443427,0.04095074455899198,0.041141657121038566,0.04285987017945781,0.039296169021254934,0.042032582410589284,0.03496881761486573,0.05902380043273514,0.03983708794705358,0.013777523227695048,0.029909634720631285,0.03340969835815197,0.061919307623774976,0.07467863052055491,0.013745704467353952,0.11203385516100292,0.031596029018709434,0.011804760086547027,0.03185057910143821
T:CCCGG,0.03174474959612278,0.09776521270866989,0.05554658050619279,0.04332256327409801,0.026978998384491113,0.036591276252019383,0.042864835756596664,0.045826602046311254,0.037372105546580506,0.04262250942380183,0.03562197092084007,0.060770059235325795,0.045395799676898226,0.015239633817985999,0.0306677436725902,0.028836833602584815,0.05745826602046311,0.07428648357565966,0.013677975228863758,0.10535810446957458,0.030936995153473344,0.011120086160473882,0.029994614970382336
T:CCCGT,0.030598695225448877,0.09601062294324808,0.05455805092084753,0.0446279083193811,0.03169562958258761,0.040528837826915305,0.04306910686449974,0.047976444778015125,0.03261936377807286,0.043819640898331506,0.03429363200738987,0.06137059061255124,0.045320708965995035,0.016569482131516655,0.030367761676577565,0.039027769759251776,0.05715605334564979,0.06749032965764101,0.014895213902199642,0.098724092142486,0.029270827319438832,0.01287454534957566,0.02713469199237919
T:CCCTA,0.04529780564263323,0.10956112852664576,0.07021943573667712,0.055329153605015675,0.042946708463949844,0.04357366771159875,0.059404388714733546,0.04764890282131661,0.032915360501567396,0.039655172413793106,0.03761755485893417,0.0664576802507837,0.05470219435736677,0.01974921630094044,0.0335423197492163,0.034796238244514104,0.03949843260188088,0.05344827586206897,0.013166144200626959,0.055485893416927896,0.020219435736677116,0.006426332288401254,0.01833855799373041
T:CCCTC,0.041756749962290715,0.10510835134999245,0.06134043943888581,0.04897179345366786,0.033209311679823016,0.03946905324551259,0.04877067725878626,0.04467293478807381,0.034089195032429985,0.04120368042636633,0.03426517170295138,0.060887928000402235,0.046457841017647945,0.013726180300668711,0.032228870229775254,0.03416461360551058,0.05314495449746091,0.06501080999547489,0.013600482678867716,0.08102468701292172,0.029337824928352355,0.011287646437729398,0.026270802956408063
T:CCCTG,0.03762837304062201,0.10652363727079955,0.06463348717309052,0.05035133674275498,0.031246102033179495,0.037940210386262524,0.048168475323271384,0.04409380067356867,0.03608997546879548,0.04220198744334955,0.035674192341274794,0.05879173423142489,0.049291089767577234,0.016090807035050517,0.031246102033179495,0.03523762005737807,0.051390794561556694,0.06299114381938381,0.012722963702132967,0.08078666167726914,0.029499812897592615,0.009791692653112137,0.027607999667373498
T:CCCTT,0.044413381198970675,0.11726022174921372,0.06963814848937319,0.05289576516186422,0.03952092003685231,0.045811227245290215,0.051180226832290246,0.043905073545763576,0.03624868951933158,0.03958445849350319,0.03628045874765702,0.054452457349810975,0.05098961146233758,0.01941099850684627,0.035232074212917366,0.034533151189757604,0.04133176605140261,0.056644534104266606,0.013724306636591797,0.06042507227499444,0.025224767290402517,0.00991199923753852,0.021380690663023796
T:CCTAA,0.03909969701341798,0.10979656615207041,0.0780551147020632,0.05872168518251335,0.055547540037512624,0.05251767421728466,0.06088587505410475,0.04717933920069254,0.039676814312509016,0.03419419997114413,0.04198528350887318,0.054249026114557786,0.054826143413648824,0.028278747655460974,0.039676814312509016,0.03404992064637138,0.029577261578415812,0.042418121483191455,0.018034915596595008,0.0429952387822825,0.017313518972731208,0.008656759486365604,0.012263742605684606
T:CCTAC,0.048028785982478096,0.10028160200250313,0.07931789737171464,0.06320400500625782,0.04646433041301627,0.053973717146433044,0.053973717146433044,0.045525657071339175,0.03785982478097622,0.0434918648310388,0.038172715894868585,0.05913642052565707,0.05663329161451815,0.01939924906132666,0.03050688360450563,0.030819774718398,0.03739048811013767,0.04630788485607009,0.016896120150187734,0.04724655819774718,0.02362327909887359,0.007822277847309137,0.013923654568210262
T:CCTAG,0.04459238789096847,0.10476070845371184,0.07235271950759954,0.05903780932043713,0.043838713729430975,0.04986810702173094,0.055395050873005905,0.048486371058912195,0.033538500188418544,0.04396432608968723,0.0400703429217435,0.0630574048486371,0.04986810702173094,0.018088179876899885,0.03316166310764979,0.037306870996106016,0.039191056399949756,0.052003517146087176,0.015199095591006155,0.046979022735837206,0.02060042708202487,0.008416028137168697,0.020223590001256123
T:CCTAT,0.043055555555555555,0.10611111111111111,0.08236111111111111,0.058611111111111114,0.05513888888888889,0.050972222222222224,0.058611111111111114,0.04791666666666667,0.03819444444444445,0.03819444444444445,0.04388888888888889,0.05125,0.05402777777777778,0.02666666666666667,0.0325,0.035694444444444445,0.02722222222222222,0.041944444444444444,0.016944444444444446,0.05236111111111111,0.016527777777777777,0.009722222222222222,0.012083333333333333
T:CCTCA,0.04434766222073327,0.10944534014531293,0.06685650872086936,0.05772733934965137,0.0316170774094935,0.0447664314579451,0.0493100776816935,0.04378232375049729,0.03241273896019598,0.03999246215373019,0.03628635440440545,0.0627316317343328,0.05035700077472309,0.013714692518687578,0.03456940053183693,0.03651667748487196,0.04683933918214368,0.060554031700831255,0.013065600201009234,0.06505580100085848,0.02690592349086036,0.008668523210284973,0.024477061915031722
T:CCTCC,0.03956924320405083,0.10455123557309434,0.058468341039569244,0.04710510988815062,0.03151038261758448,0.039593015654158396,0.0454410383806207,0.043753194422983206,0.036597686940604536,0.0402348718070628,0.034184783254686144,0.058099868062901905,0.04895936099654111,0.013324458285293174,0.03203337651995103,0.04352735614696129,0.052216186661278245,0.06846465630980257,0.013585955236476448,0.08357204835316352,0.026969844647038548,0.010174608646040103,0.028063377351986784
T:CCTCG,0.03610064049523459,0.09043547546811315,0.05868652508350954,0.04458950078146548,0.029266648279243666,0.04121847323097668,0.043210444056265514,0.04590726609665655,0.04054426772087892,0.041432993166007785,0.035794183445190156,0.05669455425822071,0.041984615856087766,0.013974441482026295,0.03187153320462137,0.030798933529465847,0.0574606968833318,0.06984156170512702,0.013392173086941865,0.10327602586497503,0.03276025864975024,0.010174374061475285,0.03058441359443474
T:CCTCT,0.044829263209087436,0.10763539097509292,0.06751311355820336,0.05474693438010213,0.039340674610067045,0.04592350713863897,0.049883628026539756,0.04489873901413833,0.036023204918887,0.03994858790426234,0.03972279153784695,0.05460798277000035,0.04946677319623441,0.01700420328620558,0.03345260013200403,0.04338764025428145,0.044968214819189216,0.056223295237433565,0.015597318233925036,0.05750859763087505,0.02582763052766874,0.009743981658387467,0.021745926980928892
T:CCTGA,0.042272334407165865,0.10607370157931956,0.07129200387627353,0.05667740499201173,0.03855320709253293,0.04819150886566617,0.052251119666850004,0.04706529425630549,0.033367381681988426,0.04083182734868128,0.03802938634399308,0.05903459836044106,0.05193682721772609,0.020402818155627143,0.03080066001414316,0.036012676462114666,0.04017705141300647,0.05481784133469527,0.016317016317016316,0.060763206830622564,0.023310023310023312,0.009926403184830151,0.021895707288965716
T:CCTGC,0.03683701024099455,0.10825223756390007,0.05952684227509723,0.048046059000356654,0.03308367724732936,0.039978940575058165,0.045957099913384626,0.042934053429799085,0.03693891068426148,0.0437152901615122,0.03388189738625363,0.055824459503065506,0.04714593841816545,0.014894448124182674,0.030519182758445,0.047808291299400486,0.05220699376708955,0.06582768635043562,0.013314991253545285,0.07511761009493724,0.030213481428644214,0.011107148316095175,0.02686775020804674
T:CCTGG,0.03963116835757915,0.10267897841970228,0.06229243452326687,0.05146972637172291,0.02938150371827097,0.03883672167016136,0.04704166286808278,0.047653777528880094,0.03967023950614068,0.0425875519320683,0.03476029850357501,0.05950535925921102,0.046103955302606046,0.015810791451232695,0.030657827904614302,0.03435656330177253,0.05243348136957399,0.06579581417761744,0.011643202271336103,0.07979630907883255,0.029876404933383692,0.00954638396520063,0.028469843585168592
T:CCTGT,0.040675159575888686,0.10236893411318537,0.0656998637929653,0.06310925940763294,0.04171674278236252,0.04665758619768715,0.05010282295756216,0.046096733701893544,0.03434553855193227,0.04195710813770264,0.03875223673316775,0.055738055177202685,0.055524397083567024,0.019389471997436104,0.03207542130705339,0.03958016184600593,0.045081857757124165,0.05373501054936837,0.014261677750180274,0.06257511417354379,0.02264775792537991,0.00886681088587987,0.019042277595278156
T:CCTTA,0.042678271491830816,0.10703924263246298,0.07504962589708353,0.05970377156817835,0.046801038326462055,0.051152847763017255,0.05619178500534433,0.04313635669567873,0.03389830508474576,0.0378683768514277,0.0407695831424645,0.051152847763017255,0.05054206749122003,0.022827912658421132,0.03435639028859368,0.036799511375782565,0.028630325240494733,0.046037562986715526,0.01580393953275309,0.07611849137272866,0.019315926095587112,0.010535959688502062,0.013589861047488166
T:CCTTC,0.04004852379469189,0.10899821314404681,0.06676939722299634,0.05290077211848986,0.03763872723397977,0.045294339437058406,0.04908116260389174,0.04575334830576548,0.03934361731774889,0.04191734561728496,0.039360010491631285,0.053851576203668795,0.050605727774954506,0.018327568400518024,0.033638792806675304,0.037343650104096654,0.04270421796363994,0.057769544761561285,0.015163685841215718,0.06286782183898625,0.02634383042900936,0.010229340502614712,0.02404878608547401
T:CCTTG,0.040180604037031414,0.10257626346941873,0.06799210805888602,0.05365002276521475,0.03494460464410381,0.0424191834876309,0.049059037790256485,0.044923357110335405,0.03583624222188496,0.040996357565639706,0.036576111701320385,0.05875322507208985,0.050671573835179846,0.0158028532402489,0.0343375322507209,0.034641068447412354,0.044923357110335405,0.06256639854302626,0.013545302777356199,0.07535286082865382,0.02760282288662923,0.00808165123691,0.024567460919714675
T:CCTTT,0.04299213734400923,0.10493159248839838,0.08283440332780302,0.05948688355093895,0.05010940392892351,0.052970737454615405,0.05499050229628027,0.04621414316285556,0.03734160475125634,0.039673952246988387,0.043785616388949004,0.049075476688547455,0.05292264781552814,0.026521435956623145,0.033734881819711945,0.03746182884897449,0.03166702733895982,0.04407415422347255,0.01781721128182933,0.044675274712063284,0.020918993002957513,0.01033927240376061,0.015460818966553656
T:CGCAA,0.038393645189761696,0.0928214180641365,0.0706090026478376,0.0529567519858782,0.037069726390114736,0.047366872609591056,0.05192703736393057,0.04442483083259782,0.043542218299499856,0.041776993233303916,0.04089438070020594,0.05898793762871433,0.04957340394233598,0.021771109149749928,0.03103854074727861,0.03501029714621948,0.05016181229773463,0.05354516034127685,0.014268902618417182,0.06501912327155046,0.023536334215945868,0.010297146219476317,0.025007355104442484
T:CGCAC,0.029852550157118685,0.09034324389654338,0.05535412134396906,0.050700991056321004,0.02767706067198453,0.04429538312787044,0.03728547256466038,0.047437756828619775,0.03637901861252115,0.04072999758278946,0.03541213439690597,0.06375392796712594,0.04085085810974136,0.013234227701232778,0.03106115542663766,0.03335750543872371,0.06133671742808799,0.06339134638627024,0.01408025138989606,0.10835146241237611,0.031786318588349044,0.011240029006526469,0.03208846990572879
T:CGCAG,0.030365971389287073,0.09446215955299418,0.05689962847029225,0.047508995699616766,0.02846444138899453,0.03566100108240938,0.03908375508293596,0.04432027616066466,0.039054500775239157,0.0437644443144253,0.034578591697627475,0.06590995524090923,0.039727349852265746,0.012433080771143551,0.029956411081531756,0.0318579410818243,0.06292601585583477,0.07044437293391452,0.011496942924845684,0.10674896878565368,0.030834040312436008,0.0115554515402393,0.03194570400491473
T:CGCAT,0.039486673247778874,0.0945705824284304,0.060414610069101676,0.050444225074037514,0.03228035538005923,0.04955577492596249,0.050542941757156956,0.0456071076011846,0.0349457058242843,0.04274432379072063,0.036920039486673245,0.05686080947680158,0.0437314906219151,0.01618953603158934,0.030009871668311944,0.039190523198420535,0.052023692003948664,0.0631786771964462,0.01609081934846989,0.08203356367226061,0.02704837117472853,0.011056268509378084,0.025074037512339584
T:CGCCA,0.035817761914759605,0.09452026034012177,0.05752676884316607,0.04631534747008188,0.032080621457064876,0.04669326055007348,0.038379172790258244,0.04606340541675415,0.035229897123661556,0.041528448456854924,0.03678353978584926,0.0605080831408776,0.044257820701238716,0.014318706697459584,0.029603191266008817,0.030820911190426202,0.059248372874238925,0.06546294352298972,0.01356288053747638,0.10296031912660088,0.029813142977115265,0.010161662817551964,0.028343480999370146
T:CGCCC,0.028865899492425122,0.08973613855631757,0.055407028555930105,0.0397923205083498,0.029020884187686467,0.04242706032779263,0.0441318919756674,0.04696036266418691,0.0381649812081057,0.04324072997791468,0.03498779495524817,0.058506722461156964,0.03886241233678174,0.016777093262040372,0.028129722189933745,0.029137122709132473,0.06222635514742919,0.0676508194815762,0.013871130225890193,0.11631601379363787,0.03200433957146732,0.012205044751830757,0.031578131659498625
T:CGCCG,0.030793245352632326,0.09365687526607067,0.05864197530864197,0.03813679579963105,0.03207038456080602,0.045019157088122604,0.04395487441464453,0.05246913580246913,0.036895132680573296,0.040832978572442176,0.036043706541790836,0.054562225060309354,0.03891726976018164,0.018376614162054775,0.030473960550588902,0.02852277564921243,0.05906768837803321,0.0642117212998439,0.014261387824606215,0.11068539804171988,0.031502767134951044,0.01096211153682418,0.029941819213849866
T:CGCCT,0.03813620764657547,0.09367296631059983,0.05853352022814056,0.04171298757793997,0.033496060708589105,0.04253468026487506,0.04437140509449466,0.04688481801923727,0.04287302431243656,0.04446807482236938,0.03431775339552419,0.05075160713422592,0.04147131325825318,0.01628884914688965,0.030160955096911402,0.033061046933152885,0.055198414616462854,0.0668954516893035,0.014113780269708541,0.099231475663396,0.029677606457537822,0.012228720576151578,0.02991928077722461
T:CGCGA,0.03461021505376344,0.07762096774193548,0.05594758064516129,0.038306451612903226,0.030577956989247312,0.047211021505376344,0.04973118279569892,0.054771505376344086,0.035618279569892476,0.04418682795698925,0.03225806451612903,0.053763440860215055,0.046538978494623656,0.016297043010752688,0.02788978494623656,0.039986559139784945,0.05309139784946237,0.06636424731182795,0.013608870967741936,0.10668682795698925,0.03125,0.012600806451612902,0.031081989247311828
T:CGCGC,0.024964672633066416,0.08490343853038154,0.05717145548751766,0.03774140367404616,0.028850682995760716,0.05181347150259067,0.036387187941592083,0.047103155911446065,0.04457136128120584,0.042039566650965615,0.038683466792275085,0.05516957136128121,0.03438530381535563,0.017192651907677815,0.02826189354686764,0.02902731983042864,0.056818181818181816,0.06176401318888366,0.017899199246349504,0.12529439472444653,0.033266603862458784,0.010303815355628828,0.036387187941592083
T:CGCGG,0.027336860670194002,0.08715461493239271,0.05668234371938076,0.03791887125220458,0.030619243582206544,0.045953360768175584,0.039535567313345094,0.04698216735253772,0.042034097589653145,0.04472859102488732,0.032823829120125415,0.055751518714481675,0.03635116598079561,0.017881638252008624,0.026161081716637273,0.02919851067999216,0.062414266117969824,0.06550068587105624,0.014207329022143837,0.1205663335292965,0.033607681755829906,0.012394669802077209,0.03419557123260827
T:CGCGT,0.029513666110612086,0.07968689849865264,0.05800076992172463,0.04196073399204414,0.031053509559861414,0.06505838573078404,0.04106249197998203,0.04824842807647889,0.043500577441293466,0.03503143847042217,0.03734120364429616,0.05145643526241499,0.03374823559604773,0.018991402540741692,0.029513666110612086,0.030283587835236752,0.06095213653278583,0.06185037854484794,0.014115231618118824,0.10958552547157706,0.030155267547799305,0.017066598229180035,0.03182343128448608
T:CGCTA,0.044256756756756756,0.0902027027027027,0.06993243243243243,0.05574324324324324,0.03918918918918919,0.05405405405405406,0.052364864864864864,0.05439189189189189,0.03209459459459459,0.037162162162162164,0.04594594594594595,0.057094594594594594,0.04831081081081081,0.026013513513513515,0.02972972972972973,0.033445945945945944,0.04087837837837838,0.05540540540540541,0.01587837837837838,0.05878378378378379,0.026013513513513515,0.009121621621621622,0.023986486486486488
T:CGCTC,0.03074141048824593,0.1015410016510732,0.05924207877977829,0.04446104253479047,0.026299237361427787,0.04194512147181382,0.04174856513876877,0.0445789763346175,0.037542259611604685,0.03966506800849123,0.03365044421731268,0.06053935057787562,0.043556883402783235,0.014073433446025631,0.034240113216447834,0.034043556883402784,0.06022486044500354,0.07229341929396965,0.013169274314018398,0.09639122572529286,0.03046623162198286,0.009867127918861546,0.02971931755641167
T:CGCTG,0.03310877423595136,0.09617701829335086,0.05720779932084566,0.04800635337934056,0.02924745317121262,0.04033848176141965,0.042940081060357106,0.04726695147332676,0.04044802278453281,0.03959907985540585,0.0345054222806441,0.06043925950268376,0.04378902398948406,0.014924964399167488,0.030507174937013912,0.03291707744550334,0.056933946763062765,0.07046226311753752,0.013090152262022127,0.09565669843356336,0.03130134735458429,0.010735020265089277,0.030397633913900757
T:CGCTT,0.038108090739669684,0.09800141379088748,0.06593406593406594,0.049032838506522715,0.032388663967611336,0.04125698862540968,0.05327421116894801,0.04755478439688966,0.039650408071460704,0.040742882848146006,0.03907203907203907,0.053081421502474135,0.048068890174153334,0.016387121650279547,0.029882398303450936,0.03290276974487501,0.04819741661846925,0.06721933037722512,0.016258595205963625,0.07705160336739283,0.027440395861448492,0.011438853544116702,0.02705481652850074
T:CGTAA,0.039491298527443104,0.09956492637215529,0.0819946452476573,0.060240963855421686,0.04752342704149933,0.051706827309236945,0.05187416331994645,0.05220883534136546,0.036646586345381524,0.035809906291834004,0.04334002677376171,0.0535475234270415,0.05572289156626506,0.02242302543507363,0.02928380187416332,0.03329986613119143,0.04099732262382865,0.048694779116465865,0.020080321285140562,0.04769076305220884,0.019410977242302542,0.010876840696117804,0.017570281124497992
T:CGTAC,0.034748530372305686,0.09745264532984978,0.061528412802090135,0.04546048334421946,0.030437622468974527,0.045068582625734814,0.049118223383409536,0.04624428478118876,0.047028086218158065,0.04206401045068583,0.03618549967341607,0.05604180274330503,0.04977139124755062,0.016851730894839975,0.03278902677988243,0.032658393207054215,0.05120836054866101,0.06701502286087524,0.013716525146962769,0.08099281515349445,0.02860875244937949,0.008883082952318745,0.02612671456564337
T:CGTAG,0.03257227943913637,0.09324978285147041,0.05745129668693386,0.04808288869586797,0.029718327335897753,0.04119617818587914,0.04069983868966373,0.048765355503164166,0.035550316416428834,0.04113413574885221,0.03443355254994416,0.0666956198039459,0.04504280928154858,0.016317160938081648,0.032634321876163296,0.030524879017247798,0.05366670802829135,0.06868097778880755,0.0131529966497084,0.0974686685693014,0.02947015758779005,0.011850105472142946,0.031641642883732474
T:CGTAT,0.03341514064564848,0.09533698319803663,0.07721351708514253,0.05323768170662639,0.043609590334151405,0.058523692656220504,0.051916178969227865,0.05153860675854257,0.03737964885784406,0.03662450443647348,0.03926750991127053,0.04493109307154993,0.0496507457051161,0.022465546535774965,0.03265999622427789,0.06607513686992637,0.034925429488389656,0.051916178969227865,0.01831225221823674,0.05418161223333963,0.02114404379837644,0.008872946951104398,0.016801963375495565
T:CGTCA,0.0367126742801093,0.09766692356197015,0.06361661879072375,0.051215581867862396,0.03292930708330414,0.0409864779653892,0.04329853569677013,0.04575071813914384,0.03447067890422476,0.040846353254396416,0.038254046101029913,0.06039375043788972,0.047642401737546414,0.015413718209206194,0.031177748195894348,0.033139494149793315,0.05366776431023611,0.0631962446577454,0.013522034610803615,0.08554613606109437,0.02746444335458558,0.013031598122328873,0.030056750507952076
T:CGTCC,0.027547984840458048,0.09409511390032194,0.055992501731936914,0.04189249765679123,0.031949142181833,0.0457638860589266,0.040466196666530826,0.043115041362728715,0.03961041607237459,0.042503769509759974,0.03716532866049961,0.05807082603203065,0.04376706467256204,0.015159541953624843,0.031093361587676758,0.029911569338603856,0.058152328945759814,0.06846244753249929,0.014915033212437345,0.10216390235950935,0.03235665675047883,0.013244223480989446,0.03260116549166633
T:CGTCG,0.03518821603927987,0.08666121112929624,0.05630114566284779,0.044353518821603925,0.038216039279869066,0.04067103109656301,0.039361702127659576,0.04770867430441898,0.036579378068739773,0.04517184942716858,0.03486088379705401,0.06072013093289689,0.040343698854337154,0.014566284779050736,0.03314238952536825,0.03126022913256956,0.05597381342062193,0.06366612111292963,0.014729950900163666,0.10319148936170212,0.033306055646481175,0.013338788870703765,0.030687397708674305
T:CGTCT,0.034694468578048074,0.09527946713003185,0.0615696495800753,0.0491167101071532,0.0349840718216044,0.04755285259194903,0.04442513756154069,0.04483058210251955,0.04077613669273096,0.04094989863886476,0.04060237474659716,0.05473501303214596,0.04737909064581523,0.018997972777295105,0.028786562409498985,0.03318853171155517,0.050333043730089774,0.06487112655661743,0.015059368664929048,0.0841007819287576,0.028902403706921518,0.01280046336518969,0.026064291920069503
T:CGTGA,0.034674389480275514,0.08782091421415153,0.06441765810895429,0.0645742016280526,0.03303068252974327,0.04375391358797746,0.045084533500313086,0.05095491546649969,0.03365685660613651,0.04156230432060113,0.03678772698810269,0.05471195992485911,0.047589229805886035,0.019411396368190358,0.03224796493425172,0.029978083907326238,0.050798371947401375,0.059408265497808393,0.014402003757044458,0.08414214151534126,0.029117094552285536,0.01557608015028178,0.026299311208515967
T:CGTGC,0.03214940015365522,0.08699249453342,0.05732521718574552,0.04999704509189764,0.02966727734767449,0.041132320784823595,0.04184149872938952,0.04485550499379469,0.039950357543880384,0.04349624726671,0.036818154955380884,0.06028012528810354,0.042136989539625316,0.015306423970214526,0.028899001241061404,0.03362685420483423,0.061757579339282546,0.06707641392352698,0.014419951539507122,0.09757106553986171,0.03179481118137226,0.013533479108799717,0.029371786537438684
T:CGTGG,0.028955970005768123,0.09440492213035954,0.058104210728706016,0.04583733897327437,0.03241684291482407,0.04029994231878485,0.039569313593539705,0.04791386271870794,0.03949240530667179,0.04106902518746395,0.03580080753701211,0.06425687367813882,0.04103057104403,0.015689290521053643,0.03122476446837147,0.028994424149202076,0.061757354354931744,0.06775620073062873,0.014074216496827533,0.0986348779080946,0.03095558546433378,0.012151509325129782,0.029609690444145357
T:CGTGT,0.031393400830359096,0.09403452545706169,0.05950906839536747,0.0474907130890815,0.03685628960594362,0.04166363172845801,0.04399446427270741,0.050040061184354286,0.03773035181003715,0.04333891761963726,0.039988345837278755,0.056231335130016755,0.03991550732027096,0.01726272853084711,0.03328720227256173,0.032048947483429235,0.05586714254497779,0.06016461504843761,0.01566028115667565,0.094981426178163,0.026658897224852502,0.012091193823293758,0.02979095345618763
T:CGTTA,0.04557561408700799,0.09766203018644569,0.0722107132287659,0.05238236164545724,0.049718851731281447,0.05652559928973069,0.05119857946137911,0.050902633915359576,0.03728913879846108,0.03965670316661734,0.03788102989050015,0.047055341817105655,0.050014797277300974,0.026931044687777447,0.03699319325244155,0.03551346552234389,0.03462562888428529,0.042616158626812665,0.021012133767386802,0.057117490381769755,0.021012133767386802,0.013909440662918023,0.02219591595146493
T:CGTTC,0.036664460622104565,0.09695565850430178,0.06770350761085374,0.05036399735274653,0.04056915949702184,0.050893448047650565,0.05056254136333554,0.04473858371939113,0.03540701522170748,0.036068828590337526,0.03732627399073461,0.054334877564526804,0.05082726671078756,0.02018530774321641,0.03514228987425546,0.03613500992720053,0.04599602911978822,0.05956320317670417,0.016677696889477168,0.06922567835870284,0.02898742554599603,0.011515552614162806,0.024156187954996692
T:CGTTG,0.03513067243637192,0.08779821215054376,0.05967089904913739,0.05067471388714912,0.038262255878836186,0.05147184421795821,0.04566418037920628,0.04680293799464784,0.03222684051699596,0.03940101349427774,0.03979957865968229,0.06251779308774127,0.046575186471559525,0.014917724762284347,0.030347890451517395,0.033194784490121275,0.052952229118032226,0.06582019017252178,0.015316289927688891,0.08472356658885156,0.02949382223993623,0.009907191254341514,0.02733018277059728
T:CGTTT,0.04823731728288908,0.09802235597592433,0.07411865864144454,0.05399828030954428,0.0530524505588994,0.04926913155631986,0.05597592433361995,0.0526225279449699,0.04282029234737747,0.03989681857265692,0.04213241616509028,0.04514187446259673,0.051934651762682714,0.023129836629406708,0.029750644883920895,0.03336199484092863,0.037403267411865865,0.047377472055030095,0.019690455717970765,0.04892519346517627,0.023645743766122097,0.012639724849527086,0.016852966466036113
T:CTCAA,0.04396639142401854,0.10647544545849631,0.07634361871650007,0.06384905113718672,0.03998261625380269,0.04726205997392438,0.053744748660002895,0.043495581631174854,0.03393452122265682,0.04255396204548747,0.040562074460379544,0.05627987831377662,0.05200637404027234,0.019266985368680285,0.03498478922207736,0.03491235694625525,0.038606403013182675,0.05244096769520498,0.016333478197884978,0.052115022454005504,0.022961031435607706,0.00995943792553962,0.01796320440388237
T:CTCAC,0.038988749515065306,0.10581275054959266,0.06549851286693392,0.05470063364800207,0.03814819604293288,0.04962498383551015,0.049754299754299756,0.0431915168757274,0.03229665071770335,0.04109013319539635,0.036305444200181045,0.0602935471356524,0.0473942842363895,0.014935988620199146,0.033331178068020176,0.03691969481443166,0.04623044096728307,0.05935600672442778,0.014289409026251131,0.07251390146126989,0.02495797232639338,0.011541445751972067,0.022824259666364928
T:CTCAG,0.04100812375002212,0.10929010106015823,0.06465372294295677,0.054069839471867755,0.03385780782641015,0.04247712429868498,0.05088405514946638,0.045291233783472856,0.032707385709987435,0.03941523158882144,0.03470735031238385,0.06511389178952585,0.05035309109573282,0.014371427054388418,0.03507902514999735,0.03741526698642502,0.04812304207005186,0.06199890267428895,0.012318366046618644,0.0660165306808729,0.026247323056229094,0.009238774534963983,0.025362382966673157
T:CTCAT,0.0458764846668307,0.10586709016485114,0.07329948330239112,0.0577985550361241,0.03762274364193527,0.044690987988458185,0.050350057038047735,0.0428568233162592,0.03261234258617219,0.040150312031672894,0.040239783479097235,0.057015679871161115,0.05332498266490706,0.016261435569373924,0.034110989330529896,0.03639251123985058,0.03965821907083902,0.05804460151654103,0.01563513543740354,0.06526942089605654,0.023665197843738116,0.008633994676448879,0.020623168631310532
T:CTCCA,0.035636025810621134,0.10639307677549001,0.06478910218218906,0.05174241888739662,0.03578749659190742,0.04019024730129558,0.046390451281947714,0.04583505841723132,0.0340001413727292,0.03956416807197891,0.03590867321693645,0.05847781962859364,0.053893303981661936,0.014935019034828181,0.03384867059144291,0.03787779337365822,0.04584515646931707,0.0640115521715861,0.013450605378222541,0.08225873229054115,0.025103757485181108,0.009471972856435994,0.024588756828807724
T:CTCCC,0.03789010004479618,0.10599895475586084,0.06017619829774526,0.048323876362550394,0.033485142601164704,0.041268478423174555,0.04963043153650888,0.04515081379722264,0.03522099447513812,0.04149245931013887,0.03443706137076303,0.05838435120203076,0.047633268627743766,0.01467074809616246,0.032122592205465136,0.040279229505748845,0.05142227863222339,0.0657010601761983,0.014614752874421382,0.07941988950276244,0.026821711213976408,0.009985814543825593,0.02586979244437808
T:CTCCG,0.03218891090395297,0.09510507681813753,0.05664728619222399,0.043427420664566216,0.02884334296943515,0.04310260824373924,0.04310260824373924,0.04752005716698607,0.04180335856043135,0.04099132750836392,0.03631402864845552,0.05687465488680287,0.04488907655828759,0.015720921168025464,0.02981778023191607,0.03280605450352422,0.05742683600220872,0.07126384512943774,0.013512196706402052,0.09708643258518206,0.030077630168577646,0.012472796959755741,0.029005749179848637
T:CTCCT,0.04146336377663789,0.10203719921598065,0.06102214437632929,0.05104466408107094,0.03285166187080362,0.041379957462779934,0.04816714625297135,0.04326702531381626,0.03559364443888402,0.041233996413528505,0.03612535968972851,0.05544434713707828,0.049334834646982774,0.015013136494432628,0.03152758663830852,0.05274406772592685,0.04911589307310563,0.06361816589515826,0.013397139163434673,0.0750344051044664,0.02625213728679261,0.009435339255181618,0.024896784686600774
T:CTCGA,0.03813606502616635,0.09213896002672309,0.0635786660728204,0.05500501057788665,0.03334817949003452,0.04565193185614074,0.04487250862932858,0.04637568199532346,0.034405968154993874,0.04069702705712059,0.037078276361206995,0.057287607170693686,0.050384144304643136,0.01748134951564414,0.03217904464981628,0.03384923727869948,0.049103663289166016,0.06586126266562743,0.013138848680547823,0.08083732323794678,0.03184500612403964,0.009353078721745909,0.027391159113684446
T:CTCGC,0.035514098669291,0.09469000042788071,0.061914338282486846,0.043857772453040095,0.032390569509220826,0.044627957725386164,0.043173163322065805,0.04544093106841812,0.03940781310170725,0.039707329596508495,0.03444439690214368,0.0580206238500706,0.04210346155491849,0.015617645800350861,0.029652132985323692,0.031919900731676006,0.056137948739891315,0.06593641692696077,0.013521030336742117,0.10042360189979034,0.030379530186983868,0.010782593812844979,0.030336742116297975
T:CTCGG,0.03594385034444989,0.09448591934972472,0.05545787334620817,0.044274061049779496,0.0298619318018044,0.041766350560631826,0.041016919839737126,0.04963537313002623,0.041708702043639925,0.04277519960799008,0.03456028593664428,0.05877266307324244,0.04231401147205488,0.01366269852708039,0.032023751189000665,0.03156256305306546,0.061309197820886056,0.07059060905658202,0.01346092871760874,0.09437062231574092,0.03211022396448851,0.010290260283054218,0.028046003516559538
T:CTCGT,0.03475027543150937,0.09543701799485861,0.06256885787734116,0.04526257803892765,0.03112376055820786,0.04209511568123393,0.04085567388909291,0.045951156812339335,0.03672420124862284,0.04200330517811238,0.03773411678295997,0.05582078589790672,0.04898090341535072,0.01620455380095483,0.03245501285347044,0.03929489533602644,0.05205655526992288,0.06390011017260375,0.013863385971355124,0.09080058758721998,0.029379360998898273,0.011522218141755417,0.031215571061329415
T:CTCTA,0.04483270149991759,0.10323608592934454,0.08290753255315642,0.06060106587550135,0.04856875995824405,0.05472226800725235,0.05428273171803747,0.04532717982528432,0.03582220757101258,0.037415526619416516,0.04082193286083182,0.05115103565738146,0.05186528212735564,0.02335036536454041,0.03867919345090929,0.043514092632272953,0.03159167078731938,0.045656832042195485,0.01758145156859513,0.04455799131915829,0.018680292291632327,0.010109334651942201,0.014724465688698424
T:CTCTC,0.04357852305122292,0.10348083452871643,0.06734697583207742,0.05238501625115755,0.04187169756505003,0.04590271094728814,0.04851742233036152,0.04604797269079222,0.035316761389428575,0.04043723784794727,0.03782252646487389,0.052058177328273385,0.04898952299674977,0.017885352168939408,0.03192126813502079,0.0427795834619505,0.04078223448876945,0.05538103971092913,0.014980117298857879,0.07983948577342799,0.023205563524776207,0.009914113994153215,0.019555862219236286
T:CTCTG,0.039791829160054866,0.1028347812054544,0.06848928216024314,0.053925392001290984,0.03620128560286168,0.04660982760011834,0.04919179150641457,0.04494230924396869,0.03609370377343267,0.04257550899653049,0.04031629057852129,0.05625184906269331,0.0503886393588123,0.017468599553535406,0.031978698797773056,0.03989941098948387,0.04418923643796563,0.058134531077700974,0.016110378956994163,0.06787068664102633,0.024811059412065302,0.009991662408219252,0.0219332454748393
T:CTCTT,0.04457719867663892,0.10561801276322186,0.07551311601360992,0.05672891481254998,0.04939084622983207,0.04780720322373269,0.05307556015491478,0.045941326810605705,0.03780359690797623,0.038148548849898864,0.04288379823447324,0.04954764256706963,0.05291876381767722,0.021731972341126112,0.03606315756463929,0.03839942298947897,0.037646800570738666,0.04935948696238456,0.01742007306709315,0.04918701099142324,0.022343478056352603,0.009674334007557583,0.01821973438700472
T:CTTAA,0.04162569649295313,0.09852507374631268,0.0885611274991806,0.0610947230416257,0.05355621107833497,0.05526057030481809,0.058931497869550965,0.04981973123566044,0.03552933464437889,0.04038020321206162,0.044772205834152735,0.04759095378564405,0.055522779416584726,0.02661422484431334,0.036774827925270405,0.03572599147820387,0.02753195673549656,0.04392002622091118,0.019600131104555885,0.03736479842674533,0.017502458210422813,0.011143887250081941,0.012651589642740085
T:CTTAC,0.038498763307882565,0.09904290783955264,0.0758146037208302,0.057425529626841595,0.04570383912248629,0.04968276158726745,0.05581245295193032,0.043230454887622324,0.035702763738036346,0.035595225293042265,0.04064953220776427,0.048069684912356164,0.050005376922249704,0.021615227443811162,0.029680610818367568,0.03376707172814281,0.02892784170340897,0.04150983976771696,0.019679535433917626,0.10592536831917411,0.019249381653941283,0.00978599849446177,0.014625228519195612
T:CTTAG,0.04559048800058356,0.10861477861259027,0.08009336931942519,0.05981472025676563,0.048654168794222775,0.048143555328616236,0.05872054854475162,0.043329199795754614,0.03858778904369392,0.038441899482092055,0.043329199795754614,0.05609453643591801,0.055146254285505875,0.023852943321905316,0.03530527390765191,0.035451163469253776,0.03005324968998468,0.05055073309504705,0.01539134874899701,0.04318331023415275,0.018673863885039027,0.00889926325771391,0.014078342694580203
T:CTTAT,0.041576152546463914,0.09950518947622496,0.08399710354815351,0.06154960173787111,0.05062756456673908,0.04857591117547671,0.054429157615254645,0.0515327057687666,0.03632633357470432,0.036024619840695146,0.04139512430605841,0.05098962104755009,0.0540067583876418,0.024921554429157614,0.0334902244750181,0.03813661597875935,0.027697320782041998,0.040671011344436396,0.018223509534153994,0.06595462225440502,0.016714940864108133,0.009232440260680666,0.014421916485638427
T:CTTCA,0.041442729648439425,0.10630639514816824,0.07795473595976529,0.05784971155268478,0.046410433410581334,0.0475075193530891,0.0518712095064346,0.048493664020511806,0.036290123761155764,0.04050589221438785,0.041048271781470344,0.0531655243824269,0.052795720132143384,0.020746018440905283,0.036105221636014005,0.035834031852472754,0.0368694837532666,0.05148907844780829,0.0178985257137222,0.048703219762339135,0.022225235442039346,0.009762832207484837,0.018724421872688725
T:CTTCC,0.04186071699339326,0.10898407884761183,0.07030488465287556,0.05422127152604787,0.03977580418065634,0.047303151738329906,0.05040344416765948,0.04670746236326221,0.03790750568612585,0.04073703021769739,0.039748727390880534,0.05167605328712228,0.05228528105707787,0.01858821618108957,0.032884761182714176,0.037393046680385573,0.04251055994801256,0.05464096176757283,0.016137766706379293,0.05886494097259829,0.025736488681901874,0.010316256904581394,0.021011588866024045
T:CTTCG,0.04147764095917045,0.09320685795086314,0.06816708890590939,0.05137571436988158,0.04784068815177046,0.04748718552995935,0.05060979202262417,0.0460731750427149,0.037471277911977845,0.039179873917398224,0.040711718611913035,0.05072762622989454,0.051493548577151944,0.020738820479585224,0.03281682672479821,0.03334708065751488,0.043539739586401935,0.05832793259883344,0.0160254521887704,0.06622282448594827,0.027160784775820422,0.013079597007011135,0.02291875331408708
T:CTTCT,0.04079308282950997,0.11052476722886077,0.07402169683279392,0.055722705745010016,0.04281470373288029,0.04676303376011997,0.05257163466557834,0.044912254059851366,0.038211482427084026,0.03989142092425091,0.0417706741583698,0.051166940328964225,0.05152760509106785,0.02054840026195651,0.03365571701103824,0.04286215962263076,0.03788878237678078,0.051764884539820234,0.01590721424435987,0.0526665464450793,0.02341473600288532,0.00983286035629882,0.020766697354808704
T:CTTGA,0.03963038196518899,0.10289958975584498,0.07679133309435615,0.056677420639662246,0.04472856175568567,0.04572429999601705,0.04906998048353049,0.04578404429043693,0.0349504122356315,0.04239853427331023,0.03899310949137691,0.05384952403712112,0.05412833074441391,0.01995459433624089,0.0334368901103278,0.03333731628629466,0.04156211415143187,0.056358784402756205,0.017047038674473255,0.05926634006452384,0.02391763253275979,0.0090811327518222,0.020412633926793326
T:CTTGC,0.04062956717256886,0.10095559302979201,0.07183811129848229,0.056323777403035416,0.041596402473299605,0.0446318156267566,0.04892636312535132,0.04582349634626195,0.03611017425519955,0.039482855536818434,0.03784148397976391,0.05450252951096121,0.04872400224845419,0.018347386172006746,0.03327712197863968,0.035345699831365936,0.04418212478920742,0.06001124227093873,0.01585160202360877,0.06767847105115234,0.025789769533445757,0.010207982012366498,0.021922428330522766
T:CTTGG,0.04114703677066916,0.10726691251855365,0.06668604918057872,0.05381708007528577,0.03660234732444798,0.042845557068751816,0.049670242230417286,0.045309176600205045,0.03700019892580068,0.03990757601260884,0.03857630334654405,0.05999908188091996,0.04994567795443069,0.015301984667411363,0.032516717418249144,0.034949732980367555,0.0456458202628881,0.0611314287463084,0.014016617955348809,0.06676255910391578,0.026885587060641765,0.009074076907774939,0.024942235007880523
T:CTTGT,0.037720576331552534,0.1007770762506071,0.07442933462846042,0.057977173385138414,0.04290108466893314,0.04454022988505747,0.052715719604986236,0.04968026550105229,0.034968431277319086,0.03917759430144083,0.03990610328638498,0.053909664885866924,0.05548810101991258,0.019730451675570665,0.03444228589930387,0.03721466731423021,0.03921806702282662,0.05482030111704711,0.016654524850250933,0.05959608224056986,0.02363606928929901,0.00926825319734499,0.021227942366844745
T:CTTTA,0.040871546567929365,0.10246368555966961,0.08939760751922529,0.0637638849330675,0.05493449159783537,0.05853033323839362,0.05731985189404728,0.043363714041583595,0.0365992594702364,0.038984619766448306,0.04760039874679579,0.04760039874679579,0.055931358587297066,0.028766733124465965,0.035175163771005415,0.03827257191683281,0.026523782398177157,0.03987467957846767,0.021076616348618626,0.03428510395898604,0.01687553403588721,0.010039874679578467,0.011748789518655654
T:CTTTC,0.04238238799691509,0.10057491411344037,0.08241604150599453,0.058823529411764705,0.05151440790857463,0.05084834887471079,0.054862230947206055,0.04616840776835168,0.037982892799551284,0.04012129285564047,0.04357428311014513,0.04695716188740097,0.05319708336254645,0.024100820304283812,0.035353712402720325,0.036826053424945666,0.03261936479001613,0.045852906120731965,0.01826403982331908,0.052916637453551144,0.019403351328612494,0.010323915024889574,0.014916216784687653
T:CTTTG,0.04259181166461928,0.1015566271245485,0.08127830439485892,0.05736968519095726,0.04906400689389633,0.04913734621660769,0.05285931684420894,0.047413872132890854,0.03498285693331622,0.0408500027502246,0.044150272272235565,0.05329935278047707,0.05324434828844356,0.023706936066445427,0.03336939183366642,0.0350195265946719,0.033956106415357255,0.04629544746154269,0.01750976329733595,0.05498615720283823,0.02101171595680314,0.009130745677563668,0.01721640600649053
T:CTTTT,0.04180549856380796,0.10399671727533853,0.09035699630693475,0.060073861304883056,0.05697168649979483,0.056610586787033235,0.05748050882232253,0.048551497743126795,0.03712761592121461,0.03819450143619204,0.048387361510053344,0.04380796060730406,0.05436192039392696,0.02821501846532622,0.03535494460402134,0.03668444809191629,0.027821091505949937,0.03804677882642593,0.02071399261386951,0.03402544111612638,0.019269593762823143,0.010488305293393516,0.011653672548215019
T:GACAA,0.0401195435609491,0.10763448650606774,0.07516754211193624,0.05990762543017569,0.05017207027712371,0.04849664915776127,0.05252671617460605,0.049492845499003804,0.03527440681036044,0.03984785364970114,0.040527078427821044,0.06085854011954356,0.05691903640644811,0.022776670892954175,0.0302934251041478,0.03151602970476363,0.036587574714725596,0.050670168447744975,0.016754211193624344,0.04559862343778301,0.021780474551711646,0.010233653323673248,0.016844774497373663
T:GACAC,0.03762423908931458,0.10090449496165355,0.06506861092960071,0.05440726347284795,0.042714172713828796,0.04821680365924958,0.049626852839013656,0.04701310313993878,0.035491969597964024,0.03944698558998521,0.03666127867386594,0.06101042060735289,0.048629500980156136,0.01802111634625305,0.03208721670048492,0.03284382845548028,0.04718506035698318,0.0592908484369089,0.01568249819444922,0.06761357774185782,0.025105753688482304,0.010145475805619562,0.025208928018708946
T:GACAG,0.032286729857819906,0.10039000789889416,0.06336394154818326,0.060451224328594,0.03586591627172196,0.04398696682464455,0.05010860979462875,0.04833135860979463,0.03300256714060031,0.043123025276461294,0.03623617693522907,0.0655855055292259,0.05287322274881517,0.01634083728278041,0.03218799368088467,0.034532977883096366,0.04564079778830964,0.0634873617693523,0.014415481832543445,0.06869569510268562,0.02473341232227488,0.010614139020537124,0.02374605055292259
T:GACAT,0.043015661212163776,0.10218414214481354,0.07321441112437671,0.06204789662195379,0.04856380363789592,0.051864597232951754,0.04972259287871339,0.047650818175433665,0.0343774141442517,0.039820212093545894,0.03574689233794508,0.06050284430086383,0.05362033850691762,0.02124446941498701,0.03297282112507901,0.033920921413020576,0.034482758620689655,0.0509516117704895,0.019242924362665916,0.05340964955404172,0.02268417725963902,0.009937495610646815,0.01882154645691411
T:GACCA,0.040259063984898785,0.1005012041918896,0.0705916813122437,0.05454663802642713,0.040063789624422315,0.04491310290958797,0.0502506020959448,0.04839549567141834,0.03407537590314392,0.037590314391720364,0.036679034042830176,0.061609060730326105,0.049274230293562454,0.016598320640499903,0.03254572674607824,0.033359369914730194,0.044848011456095814,0.05923322267786239,0.013962116774067565,0.07342315953915252,0.024506932239796914,0.011683915901842088,0.0210896309314587
T:GACCC,0.03802469135802469,0.09840628507295174,0.06841750841750842,0.04938271604938271,0.027789001122334456,0.04008978675645342,0.04974186307519641,0.04413019079685746,0.03591470258136925,0.042828282828282827,0.035016835016835016,0.061459034792368125,0.047452300785634116,0.015622895622895623,0.03227833894500561,0.03313131313131313,0.05441077441077441,0.06576879910213243,0.013647586980920313,0.08345679012345679,0.02707070707070707,0.010280583613916948,0.02567901234567901
T:GACCG,0.03828246249353337,0.09322296947749611,0.06435592343507501,0.05463010863942059,0.032902224521469216,0.04604242110708743,0.04500775995861355,0.04521469218830833,0.03859286083807553,0.04035178479048112,0.03942058975685463,0.06218313502327988,0.048318675633729956,0.016968442834971547,0.027004655975168133,0.02824624935333678,0.053181583031557164,0.05276771857216762,0.015106052767718573,0.08804966373512675,0.03176409725814796,0.011588204862907398,0.02679772374547336
T:GACCT,0.0437684174033628,0.09811059109031028,0.06266250650026,0.062532501300052,0.03635812099150633,0.04424510313745883,0.04801525394349107,0.04506846940544289,0.0343647079216502,0.044201768070722826,0.037701508060322415,0.057592303692147684,0.0484052695441151,0.01638065522620905,0.033541341653666144,0.03479805858901023,0.04766857340960305,0.0578523140925637,0.014083896689200901,0.07462298491939677,0.02626105044201768,0.008233662679840527,0.023530941237649507
T:GACGA,0.03531935963030203,0.09498267040765802,0.0639544479287011,0.053804258128404024,0.04035319359630302,0.04406667766958244,0.04546954943059911,0.05083347086978049,0.03812510315233537,0.037877537547450074,0.0366397095230236,0.06048852946030698,0.04885294603069813,0.02153820762502063,0.02880013203498927,0.03292622544974418,0.052813995708862846,0.060653573196897174,0.015266545634593167,0.07534246575342465,0.026076910381251033,0.01328602079551081,0.022528470044561807
T:GACGC,0.03345973678340397,0.0927206483753439,0.05517138820730166,0.04632314670235705,0.02974198825191464,0.04267975314149751,0.04007732916945498,0.049148635586288944,0.03963119934567626,0.04267975314149751,0.034203286489701834,0.059409621533199494,0.041267008699531565,0.01881180756933601,0.03137779760576995,0.032641832106476316,0.0688527028031824,0.06401962971224627,0.011748085359506283,0.09628968696557365,0.0288497286043572,0.013160829801472228,0.027734404044910402
T:GACGG,0.034598061962604065,0.09717483281015422,0.054865565715845506,0.04572130476320459,0.028388153405213595,0.03917019243892453,0.04230926709430872,0.04756380510440835,0.04060324825986079,0.044629452709157906,0.03582639552340658,0.06087075201310223,0.043742322915244984,0.014808243483008052,0.029411764705882353,0.02954824621263819,0.05916473317865429,0.06871843865156271,0.016036577043810563,0.0966971475365088,0.027296301351166917,0.013238706155315954,0.029616486966016105
T:GACGT,0.03553581343697946,0.09470928849052114,0.06107717934480844,0.04775124930594114,0.04069167922582692,0.03751883874038233,0.04457840882049655,0.04505433489331324,0.04053303720155469,0.04410248274767986,0.03672562861902118,0.05544538748314429,0.05068612675497739,0.01776790671848973,0.031569762830173716,0.030459268660268105,0.05457285634964702,0.06583644007297533,0.015308955342270168,0.08011422225747601,0.031411120805901485,0.013246609026731181,0.02530340287142064
T:GACTA,0.03737259343148358,0.09498867497168743,0.0859286523216308,0.05988108720271801,0.04714043035107588,0.052236693091732726,0.06242921857304643,0.04515855039637599,0.028737259343148358,0.03638165345413363,0.045866364665911666,0.05988108720271801,0.05605889014722537,0.02378255945639864,0.035532276330690823,0.039637599093997736,0.03128539071347678,0.04006228765571914,0.019535673839184597,0.054784824462061156,0.02080973952434881,0.008069082672706682,0.014439411098527746
T:GACTC,0.04376976115195612,0.1014437545236372,0.07070206849262885,0.0534074892385052,0.03843663098548627,0.04197935316749838,0.04925526646603939,0.04582682564473734,0.032913031884499636,0.04167460287227153,0.03938897565807017,0.057902556093101215,0.05329320787779513,0.017332673041027008,0.03637956649270504,0.036151003771284905,0.0414460401508514,0.05988343301207573,0.016570797302959888,0.06757837796655365,0.02319911622414384,0.01062816654603634,0.020837301436135765
T:GACTG,0.04073738289513448,0.10347537020247809,0.07404049561801149,0.05587790873375642,0.03934723481414325,0.045210033242671505,0.05267452402538531,0.04895738893925657,0.03200362647325476,0.03989120580235721,0.037685101239045025,0.06267754608643095,0.049954669084315506,0.018525234209731036,0.03348443638561499,0.03493502568751889,0.04140223632517377,0.05654276216379571,0.01640979147778785,0.05980658809307948,0.024267150196433968,0.010970081595648232,0.02112420670897552
T:GACTT,0.04109920497753197,0.11012789491876944,0.07480124438299343,0.055098513653646736,0.045661942620117524,0.046906325613549946,0.05326650535776011,0.049740753543034914,0.03574144486692015,0.038541306602143104,0.042136190805392326,0.0508814379536813,0.05167646042170757,0.02049775319737297,0.031904597303836844,0.03563774628413412,0.03767715174559281,0.04932595921189077,0.017213964742481852,0.0602834427929485,0.023850674040788108,0.009989630141721396,0.0179398548219841
T:GATAA,0.03788224554997718,0.10531720675490644,0.08204016430853492,0.06492469192149704,0.0555111821086262,0.05317206754906435,0.05864901871291647,0.04895025102692834,0.04324509356458238,0.03765403925148334,0.038680967594705615,0.05842081241442264,0.05237334550433592,0.025787311729803742,0.03599954358740301,0.036113646736649935,0.02898219990871748,0.04210406207211319,0.01928343222272935,0.03776814240073026,0.016602008215426747,0.01032633500684619,0.01021223185759927
T:GATAC,0.04186611416732157,0.10202186182753448,0.07765949846395656,0.06887190112166892,0.044438093877259416,0.05143959419875688,0.05444023719368436,0.04965349717796671,0.03529327713081375,0.036293491462456244,0.04229477745231121,0.0590126455669072,0.058512538401085945,0.020075730513681504,0.03429306279917125,0.0337215117525184,0.03365006787168679,0.049010502250482244,0.01878974065871258,0.04122311923983711,0.020933057083660785,0.009859255554761734,0.01664642423376438
T:GATAG,0.03885976408912189,0.10340760157273919,0.07522935779816514,0.06166448230668414,0.04541284403669725,0.049868938401048495,0.05563564875491481,0.04960681520314548,0.033486238532110094,0.03689384010484928,0.03892529488859764,0.06684141546526867,0.05943643512450852,0.02129750982961992,0.03394495412844037,0.03591087811271298,0.03492791612057667,0.052883355176933156,0.01618610747051114,0.0473132372214941,0.01782437745740498,0.008125819134993446,0.016317169069462647
T:GATAT,0.041179490104374605,0.09707408886100496,0.08646552215821593,0.06119888210802487,0.0603433525352193,0.054183539611019224,0.05492499857411738,0.04711116180915987,0.035647065533565274,0.03861290138595791,0.043403866993669084,0.05686419893914333,0.05686419893914333,0.025494781269605887,0.03581817144812639,0.03501967718017453,0.03039981748702447,0.04391718473735242,0.020703815661894713,0.03405007699766155,0.01973421547938174,0.009524895910568642,0.011464096275594592
T:GATCA,0.041992619926199265,0.09904059040590406,0.0740590405904059,0.05819188191881919,0.043800738007380075,0.047084870848708486,0.0529520295202952,0.05158671586715867,0.034022140221402215,0.04014760147601476,0.04343173431734317,0.06003690036900369,0.05239852398523985,0.021955719557195573,0.034464944649446494,0.034022140221402215,0.03900369003690037,0.05309963099630996,0.017047970479704796,0.052177121771217715,0.02129151291512915,0.008708487084870849,0.01948339483394834
T:GATCC,0.04105084378274853,0.10277165468145846,0.07082716004769993,0.05387923246485744,0.04155675206880353,0.04928992158421566,0.052433780218986016,0.04708560690926174,0.037545622086510314,0.0403642539659596,0.03736494055577639,0.05998626820366422,0.057312181548802084,0.019441332706970692,0.033787446247244605,0.03324540165504282,0.04094243486430817,0.05716763632421494,0.01394861417265927,0.05420445922017851,0.023705416832291402,0.009539984822751419,0.022549055035594262
T:GATCG,0.040114182692307696,0.09585336538461539,0.06625600961538461,0.056490384615384616,0.045973557692307696,0.045072115384615384,0.05318509615384615,0.05348557692307692,0.03350360576923077,0.03560697115384615,0.038912259615384616,0.055288461538461536,0.05243389423076923,0.016075721153846152,0.03200120192307692,0.031400240384615384,0.039963942307692304,0.06204927884615385,0.017728365384615384,0.06881009615384616,0.028395432692307692,0.010516826923076924,0.02088341346153846
T:GATCT,0.040336270309595024,0.10715921644706707,0.0715113302616334,0.05494031740899415,0.040093767682483225,0.044970764961064856,0.04909330962196535,0.04637189125104411,0.038019022983860104,0.04012071241882898,0.03877347560154124,0.05591032791744133,0.055425322663217744,0.01907687333279444,0.03273785466009215,0.035108991458518576,0.04138711502707946,0.061892059386198905,0.015493223398809043,0.0579581278797187,0.023926925875030314,0.009484547193705709,0.020208552259316143
T:GATGA,0.03508916267302906,0.10405397066990271,0.06762788210370431,0.05699417923034205,0.042946173306731936,0.04267878812809807,0.048170468335424425,0.04782081079413398,0.03362882823587486,0.04041629815504227,0.03638495238487011,0.06742220119706288,0.05248976737489459,0.017750262243155967,0.029679754828359283,0.03325860260392028,0.043378103210678955,0.0579608794915568,0.01505584236615315,0.07128900224192188,0.023632736173101052,0.01042802196672083,0.021843312285320552
T:GATGC,0.035936476751800915,0.10306155861165685,0.0669340755293604,0.06297751582623881,0.03615476970093866,0.043822309539401874,0.04712399039511024,0.04300371098013534,0.03342610783671687,0.03975660336171142,0.03653678236192971,0.06458742632612967,0.05080768391180965,0.015498799388779742,0.030233573455577385,0.03315324165029469,0.04745142981881685,0.0608218729535036,0.014789347304082079,0.07135450774939969,0.028459943243833226,0.009277450338354072,0.02483082296441825
T:GATGG,0.03632296759634989,0.1026148577762822,0.06706387695718442,0.05683010352540628,0.031077416417585463,0.041093449989113004,0.047190166076129775,0.04639838476612759,0.0314535125398365,0.04271660167461747,0.0365802965221006,0.07082483817969477,0.05152516874839169,0.01561788633979295,0.0310180328193353,0.03416536352659395,0.04788297472238168,0.06274866881767256,0.014113501850788811,0.07215107187394841,0.025554741780320276,0.009976444506027434,0.025079672994318968
T:GATGT,0.03777403035413154,0.09407371717658396,0.06716453866538183,0.06005781739339918,0.04237533124548302,0.04500120452902915,0.04659118284750662,0.04810888942423512,0.030570946759816912,0.04201397253673814,0.03897855938328114,0.06080462539147193,0.05275837147675259,0.018477475307154902,0.029462780052999276,0.034979523006504455,0.044398940014454345,0.05979282100698627,0.016285232474102625,0.07309082148879788,0.025584196579137557,0.009563960491447844,0.02209106239460371
T:GATTA,0.042207480049995194,0.10037496394577444,0.08710700894144793,0.06403230458609749,0.05720603788097298,0.05201422940101913,0.054321699836554174,0.04691856552254591,0.03807326218632824,0.03691952696856071,0.036342659359676954,0.053840976829151045,0.0594173637150274,0.02672819921161427,0.032016152293048744,0.0336506105182194,0.039034708201134506,0.03816940678780886,0.020286510912412268,0.04634169791366215,0.015767714642822804,0.008653014133256417,0.010575906162868956
T:GATTC,0.04383161715390382,0.09989347851816784,0.08217935061348483,0.06032272063755079,0.04584368958851146,0.053813074525584884,0.0579950289975145,0.04982838205704817,0.0396496626819742,0.03937349587722413,0.04209571152404624,0.05259005010454886,0.05637748056969267,0.02296129719493431,0.035546613011401745,0.03527044620665167,0.03022053891979327,0.047263976012940384,0.018739890322326112,0.04008363908943859,0.021541010770505385,0.009902552570323905,0.01467629305243224
T:GATTG,0.04690126963881964,0.09971592556090209,0.07843932981622123,0.06006145283784567,0.05281465592208244,0.048698475273928926,0.05391616905327845,0.053742245927300134,0.034146907067076356,0.039016754594469245,0.04191547336077454,0.061742709722302745,0.056640964693605425,0.02029103136413705,0.03234970143196707,0.03507449707229405,0.03095831642414053,0.044466345875123194,0.017740158849788395,0.04603165400892805,0.01959533886022378,0.008058438170328714,0.01768218447446229
T:GATTT,0.04170858867648404,0.09841763468398426,0.08719778042013476,0.06158724351352175,0.05402603737918839,0.05399554864477576,0.055794383975121195,0.04792829049666148,0.037379188389889934,0.04103783651940608,0.045794079087777065,0.047531936949297235,0.05289795420592091,0.026860575017531023,0.03244001341504314,0.03429982621421385,0.029299673770541785,0.04225738589591146,0.01936034635202293,0.04933077227964267,0.01844568431964389,0.009664928808805146,0.012744290984481235
T:GCCAA,0.0380423948435112,0.11622034686690146,0.0737258289587348,0.06063525815668815,0.04508605222938401,0.04594989700312313,0.05026912087181873,0.045551199415243535,0.03571665891421357,0.03777659645159147,0.0380423948435112,0.062296498106186454,0.054488670343544425,0.0180410658515516,0.029370722307130042,0.03658050368795269,0.04099940195361818,0.05226260881121669,0.016080802711143597,0.05216293441424679,0.02282543690610672,0.008704897335371121,0.019170709017210446
T:GCCAC,0.03538696537678208,0.0993417224323538,0.06319100960139656,0.052771312190864124,0.03304116962467268,0.040878673261565315,0.042406168169915624,0.04718868199010765,0.03433226651149258,0.040460430608088446,0.03382310154204248,0.06610052371254001,0.049043497235961596,0.01447483270293861,0.031295461157986613,0.032168315391329645,0.049698137910968866,0.06282732033750364,0.012019930171661333,0.09637765493162642,0.02676752982251964,0.011037969159150422,0.02536732615653186
T:GCCAG,0.03503238052702099,0.10265464493077267,0.06044830281375614,0.050887673068334076,0.029296002679767754,0.03905203215721304,0.043937025457793655,0.044565096025011165,0.03452992407324699,0.043350826261723985,0.034599709691826706,0.06876674854845913,0.04801250558284949,0.012868468066100938,0.03052422956677088,0.033859982134881644,0.05440486824475212,0.06992518981688253,0.012254354622599375,0.08519428316212595,0.02855627512282269,0.00930940151853506,0.027970075926753015
T:GCCAT,0.04265370857798475,0.10253987536838316,0.07122449438707791,0.05747902184427797,0.03822186227531439,0.044138489572788014,0.047108051562394546,0.0436660592562597,0.034689883242221775,0.04274369530494252,0.037996895457919955,0.06341814582349103,0.051922341454635444,0.01716496816719534,0.031945288070009674,0.037052034824863335,0.04332860903016805,0.05738903511732019,0.01487030662977211,0.06130345773998335,0.025061303457739985,0.010011023374052328,0.024071449461204472
T:GCCCA,0.03535928663797263,0.10300901352994538,0.06043118256740847,0.05429348979946343,0.027310802725289997,0.039991507594912275,0.0444693211866206,0.043427071471309184,0.0329080697149254,0.041979502422265544,0.03487676362162475,0.06788133793981974,0.04790488506301751,0.013587848140356296,0.029955028854876376,0.03207813012680705,0.05550944780066009,0.06799714346374322,0.01212097817065874,0.08793499449923761,0.028314450599293585,0.009245140993225378,0.029414603076566754
T:GCCCC,0.03420889348500517,0.10086866597724922,0.05609100310237849,0.04562564632885212,0.024012409513960702,0.034332988624612204,0.04595656670113754,0.04531540847983454,0.035056876938986556,0.04107549120992761,0.03377456049638056,0.06467425025853155,0.046783867631851085,0.013774560496380558,0.030879007238883142,0.03234746639089969,0.059855222337125126,0.07317476732161324,0.011499482936918303,0.10136504653567735,0.029948293691830403,0.009431230610134437,0.029948293691830403
T:GCCCG,0.029736061221302516,0.09670466968608465,0.053474933624863344,0.04347961892862721,0.026674996095580196,0.03732625331875683,0.040668436670310795,0.04797751054193347,0.04044978916133063,0.04057473059503358,0.03445260034358894,0.060409183195377164,0.042761205684835234,0.014149617366859284,0.030454474465094486,0.030766828049351866,0.0590348274246447,0.07418397626112759,0.013212556614087146,0.10873028267999375,0.03229736061221303,0.01074496329845385,0.031735124160549744
T:GCCCT,0.03867741606286356,0.10304622920706194,0.060669456066945605,0.0502092050209205,0.030385753648331463,0.03857536483314624,0.046739463210531684,0.04451984896418002,0.03536075109705072,0.04301459332584957,0.03431472599244821,0.06319522400244923,0.04576997652821717,0.013292172670680683,0.03191652209409123,0.033013572813552404,0.054750484743341155,0.06605265843453413,0.011480763343198285,0.087100724563731,0.0287784467802837,0.010460251046025104,0.028676395550566385
T:GCCGA,0.02970351898032696,0.09731227486838459,0.059296203934607924,0.04710446106954835,0.031809365475200885,0.03978941535051261,0.04427819340537545,0.049653643668606265,0.033582709891936825,0.04045441950678858,0.035854807425879744,0.06195622055971183,0.04472152950955943,0.015239678581324467,0.029260182876142977,0.033582709891936825,0.05741202549182599,0.0712662787475755,0.014353006372956497,0.09326683291770574,0.031864782488223886,0.010141313383208644,0.028096425602660017
T:GCCGC,0.03098481221985291,0.09330258061708517,0.05687801906088168,0.04077636102528395,0.028678358501240262,0.042016623873971884,0.043017537751860395,0.05256973758649201,0.040210627094303494,0.04134209495626442,0.03424866182166326,0.057617824970625356,0.03888332825623395,0.01647156099046956,0.030092693328691415,0.029483441403020148,0.05918447277949432,0.06764872274685582,0.013207711388659211,0.10944775664737369,0.03268201401279429,0.010727185691283345,0.03052787327559946
T:GCCGG,0.02907694033198744,0.09749327052489906,0.05338716913414087,0.04365746971736205,0.02582436069986541,0.0370121130551817,0.03841408703454464,0.05044302377747869,0.040320771646478244,0.04320883804396591,0.03331090174966353,0.06339726334679228,0.042227456258411844,0.01502916105877075,0.028207716464782415,0.0300583221175415,0.06126626289816061,0.06906123822341857,0.011019515477792733,0.11148497083894122,0.03213324360699865,0.012169134140870345,0.03179676985195155
T:GCCGT,0.03213270142180095,0.09146919431279621,0.05639810426540284,0.04341232227488152,0.03071090047393365,0.04355450236966825,0.04180094786729858,0.04597156398104266,0.04009478672985782,0.042796208530805686,0.03777251184834123,0.06127962085308057,0.04274881516587678,0.017440758293838864,0.032796208530805684,0.02995260663507109,0.057251184834123225,0.06739336492890995,0.013033175355450236,0.09819905213270143,0.03327014218009479,0.011516587677725119,0.02900473933649289
T:GCCTA,0.052222898903775884,0.11144945188794153,0.07095006090133983,0.05831303288672351,0.040499390986601706,0.05176613885505481,0.05313641900121803,0.0453714981729598,0.038215590742996346,0.040956151035322776,0.03836784409257003,0.05618148599269184,0.04902557856272838,0.01766138855054811,0.030298416565164434,0.03806333739342266,0.03380024360535932,0.04902557856272838,0.015682095006090135,0.05739951278928136,0.02192448233861145,0.010505481120584652,0.019183922046285017
T:GCCTC,0.039561146451290115,0.100046458437567,0.06011007075977414,0.04983560860553213,0.03069830605389179,0.03923951111428776,0.045207633478664855,0.04345650775498535,0.040097205346294046,0.038739189478950754,0.0365592166392681,0.05957401186477021,0.046708598384675865,0.013276391966264027,0.033110571081409475,0.0433314273461511,0.053051961975555714,0.0663998284611536,0.012043456507754985,0.08174898148809949,0.028768494031877635,0.010417411192909728,0.028018011578872133
T:GCCTG,0.03946815699596369,0.103902982484978,0.060453308494511714,0.051942359322776833,0.03223567658393148,0.04092926414990959,0.04520300257520136,0.04878271510236882,0.03669205340346648,0.04361404854528519,0.03400726900809088,0.06070900224645225,0.04781473161287966,0.015140722882764414,0.02945957299143426,0.03453692035139627,0.0532208280824795,0.0664255839862656,0.013003853670118533,0.07645243183021935,0.02892992164812887,0.009716362573740252,0.027359231457637023
T:GCCTT,0.040196659748987056,0.10344401620713509,0.06687913825476825,0.053093191026781304,0.0365895839509833,0.04368020555390849,0.05119082913331357,0.04368020555390849,0.03599663998418816,0.041357841683960866,0.03965312777942485,0.05581085087459235,0.048744935270283625,0.018578910959580985,0.03367427611424054,0.03565075600355767,0.041357841683960866,0.05773791876667655,0.01502124715881016,0.07779918964324538,0.026756596501630595,0.009042395493625852,0.02406364265243601
T:GCTAA,0.03844609516161413,0.09857458341698454,0.08974101586026902,0.06073077695241919,0.05179682794619554,0.05129492069865489,0.05561132302750452,0.049387673158000404,0.040855249949809276,0.04035334270226862,0.04236097169243124,0.05259987954226059,0.05761895201766713,0.023890784982935155,0.0331258783376832,0.036538847620959644,0.028307568761292912,0.0399518169042361,0.01877133105802048,0.04597470387472395,0.018269423810479822,0.013350732784581409,0.012447299739008232
T:GCTAC,0.041574074074074076,0.10583333333333333,0.08009259259259259,0.06027777777777778,0.05138888888888889,0.044537037037037035,0.06481481481481481,0.04888888888888889,0.03111111111111111,0.03611111111111111,0.03851851851851852,0.059444444444444446,0.05564814814814815,0.021666666666666667,0.03546296296296296,0.0375,0.03314814814814815,0.05185185185185185,0.015462962962962963,0.04175925925925926,0.019351851851851853,0.008055555555555555,0.0175
T:GCTAG,0.04240934234787953,0.10254046301987298,0.0743700061462815,0.06504814587174759,0.04353616062282319,0.05019463224749027,0.04886293792255685,0.051833640647408315,0.03339479614833026,0.03872157344806392,0.040872771972956363,0.05869698832206515,0.056340913747182954,0.018951034624052447,0.03769719319811514,0.03913132554804343,0.03626306084818685,0.05244826879737759,0.014136447449293177,0.04773611964761319,0.019668100799016593,0.00973161237451342,0.017414464249129277
T:GCTAT,0.0455567081604426,0.10554979253112033,0.08826071922544952,0.06345089903181189,0.04936030428769018,0.05437413554633472,0.05506569847856155,0.04961964038727524,0.038208852005532506,0.03699861687413555,0.04088865836791148,0.05212655601659751,0.05705394190871369,0.025155601659751038,0.03518326417704011,0.031725449515905946,0.03258990318118949,0.04227178423236515,0.017461964038727525,0.03578838174273859,0.018499308437067773,0.009595435684647304,0.015214384508990318
T:GCTCA,0.03709806392207226,0.10930722818580532,0.06525479173229301,0.05270299740725484,0.0299013787588747,0.04417359276939107,0.049044076667716686,0.042792410768373354,0.03322106181395236,0.0392304150815382,0.03581380697375754,0.06414015362620853,0.04700865056095374,0.015217233274370592,0.03508686907848506,0.037413070343357,0.0505221837214374,0.0656909544694565,0.013278732220310644,0.06985873173568538,0.02653323317744554,0.010758680850032712,0.025951682861227555
T:GCTCC,0.03450986770765561,0.10455974842767296,0.05985686402081978,0.04874213836477988,0.028532314031663415,0.03937594881804381,0.046099002385599656,0.04483842984168293,0.03484873129472999,0.041991975710258075,0.034184558664064196,0.06049392756451963,0.04880991108219475,0.014056061591845586,0.033045977011494254,0.04163955757970072,0.053269355888093686,0.06983300802428974,0.013161461721969204,0.08062242463673823,0.02877629581435697,0.010301453047061374,0.02845098677076556
T:GCTCG,0.032385566747418076,0.08976157082748948,0.05882102936801394,0.04335075863827617,0.03140804964086871,0.04398826979472141,0.039525691699604744,0.04526329210761188,0.04284074971311998,0.04386076756343236,0.03400059501041268,0.056908495898678225,0.04445577797611458,0.015257767010922692,0.030175528071741255,0.036805644098771725,0.061668579200136,0.06906370861490076,0.01270772238514174,0.09375664074121297,0.032598070466233156,0.011432700072251265,0.029963024352926176
T:GCTCT,0.0401251151366288,0.10734571691740866,0.06754682222904514,0.051811482959778936,0.037745624808105616,0.04580518882407123,0.04814630027632791,0.04540221062327295,0.03563478661344796,0.04231271108381947,0.03787995087503838,0.05647451642615904,0.05106309487258213,0.01657967454712926,0.03273718145532699,0.03987565244089653,0.04582437826220448,0.060216456862143074,0.014891003991403131,0.062192968989867974,0.02619358305188824,0.01065013816395456,0.02354544058949954
T:GCTGA,0.03460670098437641,0.1054818025828592,0.06708209157409915,0.058665221710466904,0.036412896234082906,0.04392666847286192,0.048171227309672174,0.04869502393208706,0.0354375507992414,0.040801950690869684,0.03679219723652127,0.05852072609049038,0.05479996387609501,0.017140792919714622,0.03164454077485776,0.034588639031879344,0.04808091754718685,0.05917095638038472,0.015244287907522804,0.06733495890905807,0.02544929106836449,0.009319967488485506,0.022631626478822362
T:GCTGC,0.03574612328450524,0.10130636232569913,0.062489682268910336,0.05223248186830723,0.03288467252897219,0.04105081276207037,0.04744505464270385,0.04686175891176827,0.034810648999042515,0.04305382829094351,0.034304392326909745,0.05958420919406139,0.05032851655789485,0.016013118651156136,0.03223534331906276,0.03643947481373056,0.05158315265839781,0.06696895325930247,0.013239712534254867,0.07340721745925184,0.028625513135159524,0.009607871190693682,0.02978109901720172
T:GCTGG,0.03495887191539365,0.10291060291060292,0.05833634637982464,0.052144535840188015,0.02885745277049625,0.03840504383982645,0.04344436409653801,0.05203154659676399,0.03619045466871554,0.04243875983006418,0.03364819669167495,0.06485582572539095,0.048641869294043204,0.013377926421404682,0.03059748711922625,0.03388547410286541,0.050845159540811716,0.07107023411371237,0.012406218927958058,0.08314878423574076,0.02886875169483865,0.010293320075928772,0.0286427732079906
T:GCTGT,0.037486218302094816,0.10209831819534135,0.06713218179590837,0.05470677797028403,0.03799373479638088,0.04354141509599062,0.04905409425806339,0.05145167217934583,0.03841374844682452,0.04116133774347666,0.03830874503421361,0.061356994102308327,0.050384137484468246,0.017518069337253462,0.032796065872140845,0.035473652893719045,0.0447314537722476,0.05918692357501619,0.016730543742671636,0.060971981589401654,0.02514831732031291,0.010027825904341892,0.024325790588194115
T:GCTTA,0.04154355806249441,0.10251589220162952,0.0795057749127048,0.0631211388665055,0.045124899274778404,0.050855045214432806,0.05380965171456711,0.04593070104754231,0.033127406213627,0.03849941803205301,0.04288656101710091,0.05945026412391441,0.0530933834721103,0.024174053182917002,0.034112275047005106,0.0346494762288477,0.029904199122571404,0.047810905183991406,0.020324111379711702,0.05363058465395291,0.0188915748947981,0.009759154803473901,0.017279971349270302
T:GCTTC,0.039299720351463605,0.10090513461188423,0.06959773633610776,0.054159151456985424,0.04017672463720153,0.04398259229229064,0.050005791537736,0.046381943640064205,0.03771118428673076,0.04227822547283769,0.039316267602137904,0.053662733936756406,0.05124683533830854,0.019161716280839937,0.03375639137557295,0.035411116443002995,0.043701289030827525,0.05963629143017887,0.016249400162163058,0.06359108434133669,0.025813711051908727,0.010193106415369087,0.02376185196829547
T:GCTTG,0.03952727515523803,0.10311366317241993,0.06759253076940197,0.05552958981549487,0.03850348311855957,0.0450691059624758,0.04985422091651644,0.04718345908170306,0.03569918319200552,0.04262090761389686,0.0383699450268189,0.055930204090716876,0.05078898755870112,0.018227949522601324,0.030379915871002205,0.03480892924706772,0.04477977343037101,0.06069306269613407,0.01500077897220182,0.0657675101822795,0.02635151677015869,0.010059869577797066,0.02414813825643765
T:GCTTT,0.04077258218587638,0.09654947461615526,0.08226742154190257,0.057640781901633235,0.05027841848978356,0.05048810605531092,0.05475175322103399,0.04557209757461383,0.03725449080869504,0.03865240791221081,0.045502201719438036,0.04927657789893059,0.05365671815661331,0.022413270893036043,0.034109177325784584,0.03527410824538105,0.03091726660609026,0.04752918151953589,0.018755387805503135,0.06409449919619767,0.019291256028517507,0.009249551501595956,0.015703268796160387
T:GGCAA,0.04063961782171648,0.10071990180141327,0.0768005838834887,0.06047838635835849,0.044985568788773515,0.046611153501642175,0.05357794512822214,0.04627940151942408,0.03509935971867432,0.039544836280396775,0.03967753707328401,0.06283382543210696,0.05629831138241051,0.01963971734731115,0.03234581826626414,0.03639319244932489,0.039611186676840396,0.05543575622864347,0.014796138406926982,0.046611153501642175,0.023488040341041037,0.010450187439869953,0.017682380652224397
T:GGCAC,0.039254587968539645,0.1061196532747585,0.06275537920120929,0.056354661187085195,0.031106072415503436,0.036703748317154394,0.043033609674295564,0.044757788327546705,0.034719761921632536,0.04251399418975413,0.03715250714471291,0.06636906870733839,0.04655282363778077,0.014690946881126148,0.030090460332081532,0.03242873001251801,0.05330782493681948,0.06504641111032382,0.012848673799570135,0.0767377595125062,0.029547225961879118,0.010557641890455608,0.027350669595408487
T:GGCAG,0.03345230961623635,0.10663575020191231,0.060508558476408826,0.05158533725868223,0.029205637912617564,0.037138837506187634,0.04405596227496548,0.04692181434489227,0.0348201026496105,0.04240158403459865,0.03573196467185994,0.06750384284709376,0.04720839955188495,0.013104759919756142,0.030000260532006356,0.033478362816872054,0.05419065732225204,0.07128155693926999,0.01244040330354584,0.08180704999609202,0.02831982909100383,0.010577599458093426,0.02762941927415783
T:GGCAT,0.041683123996102904,0.10940832609210838,0.06993706717223583,0.0580351265239487,0.04091950391026147,0.0473181135950707,0.04797640677252021,0.04518524370013429,0.03338862996023909,0.0387339705611291,0.037786028385601814,0.06382810648550438,0.05179450720172736,0.01627300734655186,0.032914658872475445,0.03359928377702293,0.04165679226900493,0.05711351607551939,0.016536324617531663,0.05769281407167496,0.02662137609605814,0.00895278721331332,0.022645285304263105
T:GGCCA,0.03616649902372641,0.10200579847346311,0.06091355541092243,0.051816460564463644,0.02730607656351695,0.036950476303177326,0.04069285841074493,0.04604757114963612,0.03513105733388557,0.044464824566593696,0.034716880657949235,0.06844269569847938,0.04581089876338678,0.012395716229808887,0.029939056860540797,0.033666646943967815,0.053916927992426485,0.06953730548488254,0.011759659191763801,0.09064552393349506,0.02951008816046388,0.009289391160286374,0.028874031122418792
T:GGCCC,0.03664158768787811,0.10142418893211537,0.05487669026033008,0.049238204596479804,0.02351368489605649,0.034190817323347444,0.04202299953726713,0.04524499134518158,0.037926956760184406,0.042211520334538725,0.03276834221666181,0.06509108982159077,0.043942484018577865,0.011602598159351489,0.03031757185213114,0.030865995989648495,0.06090935577302096,0.07146652042023,0.011242694819105725,0.10380640627945638,0.030900272498243328,0.009323210337794992,0.0304718161408079
T:GGCCG,0.030602648501639428,0.09028289657626516,0.05248710062781181,0.0416592532343746,0.026205424090689575,0.038177058180616626,0.0396258546628371,0.05248710062781181,0.04425183641308492,0.04404849655593117,0.03360191139465724,0.06209490887832651,0.038837912716366316,0.014792974607935338,0.03052639605520677,0.02973845410873599,0.06102737462826932,0.06796634725364105,0.013344178125714867,0.11282820323818722,0.033449406501791935,0.010980352286302519,0.03098391073380271
T:GGCCT,0.04001135577281357,0.10344399297361558,0.056743377277808336,0.04984119661456023,0.026561862346741426,0.03931936336698664,0.044039106442626735,0.048066857112439895,0.03649816355861531,0.041129189659149384,0.03516740893202505,0.06178250146383009,0.045210170514026156,0.012704270835181603,0.03140580918752994,0.033233378874713886,0.05450770950513671,0.06834755762167533,0.011338029418548945,0.09178658244468496,0.03007505456093969,0.009439486151280187,0.029347575365070353
T:GGCGA,0.032743266724587314,0.09263683753258037,0.0591876629018245,0.046101216333622935,0.030951346655082538,0.04506950477845352,0.04333188531711555,0.051911381407471764,0.03594700260642919,0.04235447437011294,0.03431798436142485,0.060599478714161596,0.04599261511728931,0.016181581233709816,0.02856211989574283,0.03035403996524761,0.052400086880973064,0.07026498696785403,0.013792354474370112,0.09556907037358818,0.03024543874891399,0.010154213727193745,0.03133145091225022
T:GGCGC,0.030289389067524115,0.0904823151125402,0.056205787781350484,0.04151125401929261,0.028585209003215435,0.04096463022508039,0.03954983922829582,0.05019292604501608,0.03897106109324759,0.042508038585209004,0.031543408360128616,0.05881028938906752,0.03868167202572347,0.01414790996784566,0.027909967845659165,0.030707395498392284,0.05922829581993569,0.06929260450160772,0.013504823151125401,0.11951768488745981,0.033954983922829585,0.010643086816720257,0.03279742765273312
T:GGCGG,0.03560033970665871,0.09068790598388689,0.05338903298368031,0.03846948378359768,0.02779626781738472,0.04108614318176602,0.040925471113457436,0.04824752679780568,0.04154520623407625,0.045975164688870016,0.033741134344802255,0.059150274290173756,0.03959418826175775,0.015929487915165148,0.027268345307227947,0.02807170564877086,0.058645304932632494,0.07159088300778112,0.013014437532995157,0.11660201528679964,0.03135400647278904,0.009984621387747607,0.031331053320173524
T:GGCGT,0.031366267052501035,0.0888797023563456,0.05596320793716412,0.05120917734601075,0.03007441091360066,0.041856138900372056,0.04154609342703597,0.046713517982637454,0.03989251756924349,0.04159776767259198,0.036482017362546505,0.059632079371641174,0.04247622984704423,0.013176932616783795,0.029144274493592394,0.03059115336916081,0.056996692848284417,0.06557461761058289,0.012763538652335676,0.10644894584539066,0.03239975196362133,0.01291856138900372,0.032296403472509304
T:GGCTA,0.04396052524263926,0.1088002609901313,0.07813392056112878,0.06329010684283501,0.04029035152108311,0.0494250061169562,0.05040371910937118,0.04722290188402251,0.03360247940624745,0.038332925536253164,0.038332925536253164,0.06149579969007422,0.055786640567653534,0.016230323790881657,0.032623766413832474,0.03596770247125031,0.03604926188728489,0.05244270451023571,0.013538863061740477,0.05888589837696762,0.01981893809640323,0.008155941603458118,0.017209036783296633
T:GGCTC,0.03963833500427017,0.10634584679365787,0.060209424083769635,0.04756600200512421,0.02818313467750919,0.041624893245701976,0.046062158850395454,0.043277264119416285,0.0365378188704467,0.043277264119416285,0.03397571571794586,0.06080353495971186,0.047528870075377816,0.014537150495711262,0.032063421336006835,0.0358694441350117,0.05402695778099588,0.06607626898369909,0.013051873305855706,0.08089190895250827,0.028944339237310164,0.011083881029297093,0.028424492220860718
T:GGCTG,0.03486706857921604,0.10085926131245236,0.05977871711362114,0.05284919040029566,0.029300348786177904,0.04127688078904211,0.045515441295359525,0.04902640149677777,0.036195227865936756,0.04336728801422863,0.035536922828170836,0.06360150601713903,0.04611600027718107,0.014009193172106344,0.031356108377797794,0.03471692883376065,0.052444968008685006,0.06814034601436722,0.013085256276996282,0.08161827547178528,0.027706557642113043,0.009770632665788927,0.028861478761000623
T:GGCTT,0.039975772259236826,0.09766807995154451,0.0693302760231894,0.05468547200830665,0.03748810244873237,0.046833088171670846,0.050315825906377086,0.047265726399584665,0.03748810244873237,0.04055983386692048,0.04062472960110755,0.054534048628536815,0.0479146837414554,0.01756511205330103,0.029441031409535346,0.033442935017738165,0.043047503677424936,0.05483689538807649,0.014212165786968937,0.08566236912693606,0.024876698105044562,0.009755992039456606,0.02247555594012287
T:GGTAA,0.04363905325443787,0.10207100591715976,0.07797971259509721,0.06186601859678783,0.05457523245984784,0.04723161453930685,0.05806213017751479,0.04945054945054945,0.03967666948436179,0.03920118343195266,0.041155959425190194,0.056530008453085374,0.05267328825021133,0.02308748943364328,0.032121724429416736,0.03444632290786137,0.03333685545224007,0.04569949281487743,0.018808114961961116,0.04316356720202874,0.018438292476754017,0.010355029585798817,0.01643068469991547
T:GGTAC,0.04056222946354749,0.1079714021691552,0.0670200865716648,0.05525023101989203,0.037303633091775694,0.045425806137833764,0.04586352803851953,0.04897621711006274,0.035066387821604005,0.043869461602062156,0.03404503672000389,0.06118379456252128,0.05155391274743446,0.015563445357716064,0.031175526482174993,0.03316959291863236,0.04527989883760517,0.05943290695977822,0.013763921988230144,0.06604737123680755,0.026749671708574486,0.009289431447886775,0.025436506006517194
T:GGTAG,0.03946998343698241,0.10172192881027532,0.06325197662426951,0.05553298540579393,0.03043845120160005,0.042282571330354075,0.048845276414887964,0.04928279008719023,0.034751085971436606,0.04240757523672615,0.0362511328479015,0.06928341510672209,0.050751585987062094,0.014906715834869839,0.03193849807806494,0.03418856839276228,0.048282758836213635,0.06315822369449045,0.013312916028625894,0.07190849714053564,0.02559454982968218,0.009062783211975374,0.023375730491577863
T:GGTAT,0.042316799222876574,0.10606520551271932,0.0791694493351952,0.05949851253718657,0.050330884585028234,0.05087729949608403,0.053609374051363,0.05379151235504827,0.038188331006010566,0.037824054398640033,0.04067755448970919,0.05591645923137636,0.055673608159796,0.023313702871713922,0.031995628680711555,0.03393843725335438,0.031206362698075404,0.04917734199502155,0.016210309027988586,0.04820593770870014,0.021249468763280918,0.00764980875478113,0.01311395786533908
T:GGTCA,0.03719885767287461,0.103810197954551,0.06492714003270765,0.057311625863457734,0.0336107788815934,0.042764041104249556,0.04857331152822866,0.04400888476653079,0.03185335253484342,0.04237350191608289,0.03722326637213503,0.06756327955283263,0.04932998120530157,0.014303497766604018,0.03265883961043716,0.03309819619712465,0.04674265908369743,0.06309648758817643,0.014279089067343601,0.07486148063169713,0.024457516658937244,0.009812297102687398,0.02614171690790598
T:GGTCC,0.033290518203449075,0.09953464867027437,0.06131688109325978,0.05106230654229223,0.029858288938956853,0.04171316670527047,0.04487165989345349,0.04495588637847171,0.035943652481522814,0.043187130193089215,0.03556463329894085,0.062390768777242006,0.05059906087469205,0.015455560000842266,0.030700553789138996,0.03320629171843086,0.05321008191025668,0.06698111221073466,0.011496915204986208,0.08725863847886968,0.029563496241393105,0.009896611989640142,0.027942136404792487
T:GGTCG,0.03456775279547914,0.0865696765660695,0.05639052542984249,0.047312732956594925,0.03258386437417338,0.038655765299987974,0.04430684140916196,0.045749669351929784,0.04160153901647229,0.04382589876157268,0.03733317301911747,0.06444631477696285,0.04214259949501022,0.013766983287242997,0.028616087531561862,0.02969820848863773,0.05789347120355898,0.07075868702657208,0.012143801851629193,0.09690994348923891,0.0288565588553565,0.0115426235421426,0.0343272814716845
T:GGTCT,0.03796703168956778,0.10346190509404571,0.06614586966124945,0.0515449536165167,0.03731603543279626,0.04343075027318593,0.04896421845574388,0.049243216851503104,0.03666503917602474,0.040640766315593685,0.037571783962242214,0.0606124014786915,0.05001046243984097,0.01606565762246867,0.030666573667201415,0.035456046127734765,0.04459324358884936,0.06256539024900606,0.013601171793262189,0.07519006765711098,0.025644602543535375,0.009392945990560553,0.0232498663132687
T:GGTGA,0.03574550099728827,0.10136482821989647,0.06362475067793191,0.05896326841621658,0.03352681472849107,0.0404293942314157,0.04509087649313104,0.05450348490621008,0.033997445149145024,0.0404293942314157,0.03720221420407432,0.06691916362250958,0.04959548194796172,0.015598036798816701,0.03162188207346317,0.030097935949440845,0.04829564554806033,0.060307926760942154,0.013984446785146008,0.077385087738957,0.026131193832500392,0.009547074247551602,0.025638152439434347
T:GGTGC,0.03651969808541974,0.09984812223858616,0.06065905743740795,0.04804860088365243,0.03009941089837997,0.04022459499263623,0.04257179675994109,0.04800257731958763,0.03594440353460972,0.04178939617083947,0.03670379234167894,0.06707934462444771,0.04639175257731959,0.016292341678939618,0.03171023564064801,0.03237757731958763,0.05265095729013255,0.06431793078055964,0.013622974963181149,0.08774392488954344,0.02809738586156112,0.010447349042709867,0.02885677466863034
T:GGTGG,0.03632552262807259,0.1016253158741098,0.055321042958878935,0.0522771651734436,0.029376292212267403,0.03799104066161268,0.04608890420399724,0.05246381805651275,0.03216172754422238,0.04043188605559384,0.0347605099931082,0.07311049850677694,0.047941075120606476,0.013955892487939351,0.029060418102458074,0.03395646680450264,0.05323914541695383,0.0677119228118539,0.013295428440156213,0.08601826326671261,0.026547783138065703,0.010136687342062946,0.02620319320009189
T:GGTGT,0.03646231046143777,0.09766008508781499,0.06577942620268354,0.056343405694338385,0.03771681029780735,0.04180757063379514,0.04595287444092942,0.050807243372968255,0.035753245336533214,0.038753136249590925,0.03758045161994109,0.07041562125013635,0.04668921130140722,0.015408530598887313,0.030080724337296826,0.033871495581978835,0.048761863204974366,0.061252318097523725,0.014454019853823497,0.07750627249918185,0.02522635540525799,0.009381477037198648,0.02233555143449329
T:GGTTA,0.04114746750336172,0.10228597041685343,0.07664724338861498,0.05818018825638727,0.047691618108471535,0.05163603765127745,0.05073957866427611,0.05002241147467503,0.035589421783953384,0.03809950694755715,0.041237113402061855,0.05611833258628418,0.05934558493948902,0.024831913939937247,0.03487225459435231,0.03245181532944868,0.034424025100851637,0.043836844464365754,0.016494845360824743,0.05970416853428956,0.020708202599731062,0.008964589870013447,0.014970865082922457
T:GGTTC,0.041212852617287674,0.10288127922763614,0.07026700859858198,0.05454819731482878,0.03858802232614271,0.043385125961683514,0.05144063961381807,0.04522552421179665,0.031347111178156584,0.042027455121436116,0.0382259767687434,0.05901342585608689,0.050927741740835725,0.01749886860763313,0.03092472469452406,0.03575199879318147,0.045044501433096996,0.06022024438075124,0.015809322673103032,0.0686076331271685,0.02501131392366873,0.009533866344848393,0.022507165484990193
T:GGTTG,0.038592107764590856,0.09787892778577442,0.06460986936802368,0.05624507753727492,0.03546889003557752,0.03856494934955596,0.045408869938350395,0.051166453925748895,0.031232177290133348,0.03935254338556802,0.038510632519486165,0.07911246299665951,0.051872572716656254,0.016240732190869342,0.03139512778034274,0.035115830640123843,0.044159582846745066,0.060020097227125827,0.01382363325276337,0.07289318595366774,0.02379077157057114,0.009233861111865511,0.025311642812525462
T:GGTTT,0.03978885231013736,0.0928028153025315,0.07466795322965149,0.057781814053808604,0.04801907140424566,0.04992053581564309,0.05264502213645136,0.0484163923260302,0.03802928822794869,0.03919287092746055,0.04305255988193893,0.045578385741854924,0.05040299693495289,0.02165399023725735,0.02968554887047338,0.0319559541378136,0.03587240322397548,0.043478260869565216,0.018418662731297535,0.09518674083323873,0.019667385628334658,0.009422181859461915,0.014360313315926894
T:GTCAA,0.04038303219376923,0.11010009099181074,0.07560986177910654,0.06278434940855324,0.04753238875167901,0.049222236665366785,0.05160535551800338,0.049265566099051084,0.0323237575284891,0.04068633822955934,0.04094631483166515,0.059447983014861996,0.052298626456952206,0.01967156289267299,0.033103687334806536,0.0347935352484943,0.03509684128428441,0.050955414012738856,0.016205208197928853,0.04636249404220287,0.023441223623207243,0.009272498808440574,0.018891633086355563
T:GTCAC,0.03774689551043047,0.10236341786583675,0.06517117061596771,0.059008412165285185,0.036791667950574675,0.044433488429421006,0.04920962622869997,0.04467999876744831,0.03290913012664469,0.041721874711120696,0.03753119896465658,0.06517117061596771,0.056358426031491694,0.016793516778109883,0.031245185344960406,0.03475795766184944,0.041721874711120696,0.05398576402797892,0.017286537454164485,0.07527809447508704,0.022309185591470743,0.010815641080947833,0.022709764890765108
T:GTCAG,0.03578444385452615,0.10846827714361561,0.06864879214228829,0.05426068489514202,0.03358109901778604,0.043668701884788955,0.049269976108309,0.04544730554818158,0.032280329174409345,0.04127953278470932,0.035147332094504914,0.0641359171754712,0.050278736395009294,0.01452083886381736,0.03257233873108575,0.033342182107778076,0.049615078311653835,0.06299442527209981,0.014414653570480489,0.06936554287231218,0.024263339527475444,0.010034510220334483,0.026625962304220867
T:GTCAT,0.04258714825703486,0.10242195156096878,0.07629847403051938,0.06087078258434831,0.04331513369732606,0.0501469970600588,0.0502869942601148,0.047039059218815626,0.03121937561248775,0.03863922721545569,0.041999160016799666,0.06047879042419151,0.05451490970180596,0.01892762144757105,0.031023379532409353,0.034215315693686126,0.03959120817583648,0.053562928741425174,0.01744365112697746,0.05135097298054039,0.024135517289654206,0.008203835923281534,0.021727565448691026
T:GTCCA,0.03394038235027634,0.09913925885657335,0.06746398477847242,0.05459816979251608,0.03522696384887197,0.04651626347739422,0.04736794418773217,0.04368940835371931,0.03678535834012866,0.04243906858747848,0.03658602881217722,0.06110356075020386,0.054072664673371386,0.015565824046389417,0.03078735163540817,0.03290749297816436,0.04785720757452206,0.06135725287668751,0.014188638216906769,0.07489353991120776,0.026601431548428017,0.01038325631965208,0.0265289480837184
T:GTCCC,0.034091514408991636,0.09806637191711501,0.06312256964789857,0.04975230384062217,0.029617003142811484,0.04064347733446972,0.0470889042774197,0.04706227028178767,0.03377190646140734,0.042880732967559794,0.037181057902306504,0.06093858200607255,0.052096095456240346,0.016566345283119375,0.03214723272785383,0.03355883449635114,0.05185638949555212,0.06567943322857295,0.013396899802908433,0.08440313215788632,0.02828530336121025,0.010813402226602035,0.026980237575241036
T:GTCCG,0.027287711372932056,0.09858982968072767,0.05512483975337281,0.044502777608204626,0.03644466149807704,0.04560161162322202,0.041206275563152435,0.04395336060069593,0.037299310176423905,0.04340394359318723,0.037482449178926805,0.056162627434222574,0.045235333618216224,0.015505768878578841,0.030523167083816617,0.030706306086319517,0.060313778157621636,0.06629631890604969,0.014773212868567243,0.0986508760148953,0.03076735242048715,0.010866247481838716,0.02930224040046395
T:GTCCT,0.03344848608006503,0.10660434870961187,0.06380816907132697,0.05240804714488925,0.035907335907335906,0.04255232676285308,0.04474700264173948,0.04747002641739484,0.03779719569193253,0.04171916277179435,0.03836618573460679,0.05763056289372079,0.04781548465758992,0.017882544198333673,0.032147937411095305,0.03393619183092867,0.04931924405608616,0.06297500508026824,0.013960577118471856,0.07451737451737452,0.02800243852875432,0.010099573257467994,0.026884779516358464
T:GTCGA,0.034363411619283066,0.0977338277709106,0.060980634528224144,0.054717758549649775,0.04029666254635352,0.04095591264936135,0.04557066337041615,0.045488257107540175,0.038566131025957975,0.040214256283477544,0.03757725587144623,0.05949732179645653,0.0454058508446642,0.015822002472187888,0.032056036258755666,0.033704161516275234,0.04647713226205192,0.06295838483724762,0.01557478368355995,0.0830655129789864,0.027441285537700866,0.011207251751133086,0.030325504738360116
T:GTCGC,0.03746076037670038,0.09340774328566445,0.05776072549703523,0.0463899546564353,0.029508196721311476,0.044576212068364145,0.044785490059295434,0.04792465992326474,0.03892570631321939,0.04576212068364144,0.03711196372514824,0.06013254272758981,0.044157656086501566,0.016114405301709104,0.031182420648761772,0.03048482734565748,0.05406348099058249,0.062364841297523545,0.01353331008022323,0.0927799093128706,0.028740844087896757,0.01137077084059993,0.031461457970003485
T:GTCGG,0.03292041405056847,0.08626053509813904,0.055546128174670514,0.04994626392895526,0.03456077832456587,0.03902935686407602,0.04287572826517337,0.047174613948752754,0.04457265682448102,0.043611063974206686,0.03546580688952995,0.06335199954748572,0.04264947112393235,0.014932971321907348,0.030205328355676225,0.031166921205950562,0.05729962101928842,0.06731149951920358,0.012557271338876633,0.09683805645115674,0.031166921205950562,0.011765371344533062,0.028791221222919848
T:GTCGT,0.03492322326403044,0.08893871449925261,0.06223671694523712,0.049259410245957334,0.03736920777279522,0.04565837749694252,0.04599809756760429,0.049123522217692624,0.03675771164560402,0.041377904606604156,0.03702948770213344,0.06196494088870771,0.045454545454545456,0.016034787335235764,0.030642750373692077,0.029895366218236172,0.05068623454273678,0.06196494088870771,0.016034787335235764,0.08988993069710559,0.02833265389319201,0.011210762331838564,0.029215926076912625
T:GTCTA,0.040968342644320296,0.0995344506517691,0.0813780260707635,0.05968342644320298,0.05288640595903166,0.06024208566108007,0.050837988826815644,0.04944134078212291,0.03603351955307262,0.03556797020484171,0.04217877094972067,0.05093109869646183,0.052048417132216016,0.024767225325884545,0.03472998137802607,0.031843575418994415,0.034171322160148974,0.04674115456238361,0.01759776536312849,0.056424581005586595,0.018063314711359402,0.009497206703910615,0.014432029795158287
T:GTCTC,0.0409860783032618,0.1006433130622707,0.06558777705181686,0.051942503895059555,0.03769412474242348,0.043750314117706184,0.05226918630949389,0.0471427853445243,0.03598532442076695,0.04163944313213047,0.03849826607026185,0.05528471628888777,0.04947982107855456,0.01809317987636327,0.033221088606322564,0.03651304216716088,0.045735538020807154,0.06264763532190783,0.013770920239232045,0.07189526059204905,0.025179675327938886,0.009775343016535156,0.022264663014524802
T:GTCTG,0.03449135449951277,0.10363269653500125,0.07038774446484013,0.056903936365490515,0.038661137172252814,0.04559566705191832,0.049992068348176856,0.04901760826704739,0.036938835633512364,0.04156185555328937,0.039363654905160105,0.061821560495841546,0.050535953044621204,0.01765359077208965,0.032066535227865026,0.03816257620051216,0.04423595531080744,0.05665465587962019,0.015387404536904842,0.061753574908786,0.024746753688218097,0.009019421216035535,0.02141545992249643
T:GTCTT,0.03966063812803613,0.10294889046000867,0.07786165530138892,0.05512349761671266,0.04739206787237439,0.04784819942071293,0.051177959723584285,0.047734166533628296,0.03608000547357858,0.04050448149246243,0.04137113143430565,0.051246379455835066,0.051406025497753555,0.02057153283006819,0.03224850046753484,0.03521335553173535,0.042260587953565805,0.05213583597509522,0.016785640978858304,0.059958492029101196,0.021939927475083814,0.00971560197961092,0.01881542636896481
T:GTTAA,0.03761809829245038,0.09170494929357718,0.08225708589754702,0.060414319147091965,0.06353471439715698,0.05599375920949987,0.05252665337609431,0.05798734506370807,0.03909161827164774,0.03631793360492329,0.04775938285516165,0.05105313339689694,0.05504030510531334,0.029210366646441884,0.03484441362572593,0.03449770304238537,0.02877697841726619,0.03727138770910982,0.021236023229609085,0.04663257345930485,0.01664210800034671,0.009274508104359886,0.010314639854381556
T:GTTAC,0.043455497382198956,0.11193717277486911,0.08115183246073299,0.0593717277486911,0.05287958115183246,0.05130890052356021,0.05214659685863875,0.04890052356020942,0.03769633507853403,0.035287958115183246,0.040104712041884816,0.05235602094240838,0.060418848167539264,0.025863874345549737,0.03151832460732984,0.03581151832460733,0.029109947643979058,0.0425130890052356,0.020942408376963352,0.04397905759162304,0.020104712041884815,0.01068062827225131,0.012460732984293194
T:GTTAG,0.04179397642950677,0.10246617197730248,0.08151462243561763,0.056307289393278045,0.052051505892623307,0.05052378873854212,0.05718027062418158,0.04975993016150153,0.03688345700567438,0.03426451331296377,0.04277608031427324,0.053142732431252726,0.05772588389349629,0.02411610650371017,0.03677433435181143,0.033500654735923174,0.03208206023570493,0.046704495853339155,0.01811436054124836,0.045613269314709735,0.01964207769532955,0.009821038847664776,0.017241379310344827
T:GTTAT,0.038880872214205546,0.09339426006092673,0.0896264229597563,0.06365239698573032,0.058922558922558925,0.05563572230238897,0.05355138688472022,0.050024050024050026,0.038640371973705304,0.03751803751803752,0.04417187750521084,0.050905884239217575,0.060365560365560365,0.025573192239858905,0.033750200416867084,0.03407086740420074,0.031024531024531024,0.04304954304954305,0.02036235369568703,0.033750200416867084,0.020442520442520443,0.00937950937950938,0.013307679974346641
T:GTTCA,0.03731449975695537,0.10410888399622566,0.07451462556829554,0.058244931804534925,0.04918079661453121,0.04858033340005147,0.05427043719440711,0.04763674834872616,0.03505561433105538,0.039087295913990794,0.038572613158722444,0.054327624167214705,0.052440454064564095,0.020987619020387156,0.03499842735824779,0.03605638635518829,0.03785777599862751,0.05215451920052612,0.01930060332256312,0.05312669773825523,0.023646813255940296,0.009979126754925228,0.018557172676064392
T:GTTCC,0.04083159638715194,0.1076906632462188,0.07257762813318369,0.05528833306611084,0.040190262412484634,0.0467104911549356,0.049649938538827425,0.04609587942921276,0.033269199935866606,0.040591096146651705,0.039335150446261555,0.0583881139436695,0.056357223023889694,0.02062957618513174,0.032574421463310355,0.04000320666987334,0.040858318636096416,0.054219443108331995,0.015392015392015393,0.05745283523061301,0.02204585537918871,0.00916573138795361,0.02068302068302068
T:GTTCG,0.04029990627928772,0.09572901325478646,0.07042442093988485,0.05074307136162806,0.043780961306734506,0.044182621502209134,0.05529522024367385,0.045655375552282766,0.03454277681081805,0.03829160530191458,0.04538760208863302,0.05234971214352658,0.0522158254117017,0.017539161869058777,0.032534475833444904,0.03614941759271656,0.046860356138706656,0.055964653902798235,0.01700361494175927,0.0668094791806132,0.024902932119426964,0.011514258936939348,0.021823537287454814
T:GTTCT,0.03702616571620262,0.10114055686011406,0.0729830593760483,0.05969054008721905,0.045685172760818515,0.04878815833612882,0.05254109359275411,0.04690120764844012,0.035076316672257635,0.03989852398523985,0.04186933914793693,0.05155568601140557,0.0532329755115733,0.0216580006709158,0.033650620597115065,0.036963267359946324,0.03885021804763502,0.05528765514927877,0.01708738678295874,0.058160013418316,0.023062730627306273,0.009728279100972828,0.019163032539416303
T:GTTGA,0.03790879257666629,0.1004017200407378,0.07180038474595452,0.05839085662555166,0.04252008600203689,0.043566821319452304,0.04588661310399457,0.053468371619327826,0.02959149032477085,0.03847459545094489,0.03875749688808419,0.06356795292520086,0.05312888989476067,0.018643204707479915,0.032363924408736,0.03346724001357927,0.04116215910376825,0.05584474369129795,0.015502998755233676,0.07259250876994455,0.024386103881407717,0.00811927124589793,0.02045377390517144
T:GTTGC,0.04405125481343779,0.10347231443367415,0.0675209135572965,0.058026822467135836,0.041129996016465276,0.04478156951268092,0.04952861505776125,0.04823396627273934,0.0339264373921126,0.04199309520647988,0.03651573496215642,0.0611140618775727,0.0548067985659275,0.02008365422918603,0.03379365290134112,0.035519851281370335,0.03844111007834285,0.05623423184172089,0.01633249236489178,0.0587239410436861,0.024432346301951933,0.00952728721285354,0.021809852609215245
T:GTTGG,0.04051172707889126,0.09927713349628166,0.06547402361017214,0.05533309064433928,0.035909303655936343,0.043866035675282126,0.04742836340943367,0.04865047584377763,0.032554995059545476,0.039757657704508814,0.039601643351188306,0.07431483696500078,0.05114670549690572,0.016199490353112488,0.02979874148421655,0.03611732279369702,0.04365801653752145,0.06167767434603984,0.013755265484424567,0.06526600447241146,0.024520255863539446,0.009386863591450413,0.025794373082323574
T:GTTGT,0.036357020907386156,0.09390131265918442,0.06851577150214112,0.057768199501805256,0.04229057628257158,0.050939013126591846,0.04973550897030424,0.05774021103305438,0.03400598953231269,0.03909989084497187,0.038568109938705256,0.06448543200201518,0.06062302331439447,0.02062750146939461,0.031207142657225222,0.033614150969800444,0.03772845587617901,0.05239441350163732,0.020487559125640237,0.057824176439307005,0.02213887878194184,0.00929217162529038,0.020655489938145484
T:GTTTA,0.037897893804103334,0.097675686728921,0.09195010565060323,0.06175448163042738,0.06379933201554086,0.05718764910367392,0.0564378706291323,0.04894008588371618,0.034694294867425535,0.03748892372708063,0.0448503851134892,0.045327516870015676,0.05418853520550746,0.028559743712085067,0.03544407334196715,0.033331061277349874,0.026446731647467792,0.03544407334196715,0.02153909072319542,0.04812214572967078,0.016767773157930613,0.011723808874650672,0.010428736964078795
T:GTTTC,0.041975785988738794,0.09489862497281361,0.07969841231483048,0.057175998646721925,0.04777554916507576,0.0504337739542302,0.055001087455595565,0.0486213479616249,0.036514342331021486,0.03907590440057031,0.041709963509823346,0.04770305212537155,0.05405862593944081,0.023319881104854886,0.032913656025712286,0.03453275657910635,0.03218868562867016,0.04318406998380899,0.019405040960827433,0.07522776153307073,0.02010584567796815,0.010246248278195307,0.01423358546192697
T:GTTTG,0.04082309990043147,0.09744440756720876,0.07829405907733156,0.061898440092930634,0.05087952207102556,0.04985064719548623,0.054264852306671094,0.05087952207102556,0.03800199137072685,0.04012612014603385,0.04497178891470295,0.0492864254895453,0.055160969133753734,0.023929638234317957,0.032094258214404245,0.036010620643876536,0.03372054430799867,0.04570195818121474,0.020975771656156654,0.04862263524726187,0.021672751410554265,0.008961168270826419,0.016428808496515103
T:GTTTT,0.03957808490099593,0.09782685470769666,0.08706707790831822,0.06392296282344077,0.05556471169919714,0.056271042780119136,0.0564358533656676,0.048218868457608366,0.04023732724318979,0.04073175899983519,0.0478421585477833,0.043039107197513714,0.05389306147434841,0.026369693687754575,0.033032750217785414,0.0376239022437784,0.030631224542650624,0.039436818684811525,0.020412968238645728,0.042803663503873046,0.017187389635768605,0.01033597815082523,0.011536740988392627
T:TACAA,0.03982672787224413,0.09885562811146312,0.08935152259649577,0.06303743453804875,0.05560224995150967,0.0539212516971617,0.056895325531777334,0.04933083338721148,0.039697420314217365,0.0353009633413073,0.0415077261265921,0.055990172625589966,0.05786513221697808,0.0267666645115407,0.03549492467834745,0.03562423223637422,0.025732204047326568,0.03782246072282925,0.018943557250921315,0.04247753281179285,0.01881424969289455,0.008857567724833516,0.012284218012542833
T:TACAC,0.03801674863751163,0.10062475076432274,0.07277681775887279,0.059750099694270906,0.03981124551375781,0.046656918782400636,0.05237272364748106,0.04559351322610661,0.04133989100093048,0.04333377641898179,0.04193805662634587,0.05489831184367938,0.05177455802206567,0.0210687225840755,0.03223448092516283,0.03130400106340556,0.03622225176126545,0.052239797952944304,0.017280340289778016,0.07337498338428819,0.0193406885550977,0.011232221188355708,0.016815100358899375
T:TACAG,0.038641882274135474,0.10533366825755673,0.08059114125429122,0.05986770493175919,0.04630327388428368,0.05124340617935192,0.050950347483881775,0.04337268692958218,0.037385916436406263,0.03973038600016746,0.03964665494431885,0.05810935275893829,0.056978983504982,0.021518881353093863,0.03202712886209495,0.03554383320773675,0.03617181612660136,0.04885707108766642,0.017290463032738842,0.05199698568198945,0.020430377627061878,0.00975466800636356,0.018253370174997906
T:TACAT,0.0382712965276043,0.09537846615038721,0.0769922558081439,0.05950537097177117,0.04951286535098676,0.05106170372220834,0.05410941793654759,0.04841368973270047,0.03562328253809643,0.040269797651761176,0.041518860854359234,0.05795653260054959,0.053809642767924055,0.022982762927804146,0.032675493379965025,0.03177616787409443,0.027079690232325756,0.038471146640019986,0.019435423432425682,0.0878840869347989,0.016637521858606046,0.00849362977766675,0.01214089432925306
T:TACCA,0.04270366571289748,0.10338498083463801,0.08589321384225018,0.05943961561302165,0.04982994115424067,0.04972196728391729,0.052583274847486906,0.050585758246504346,0.03277006964314636,0.038222750094477134,0.03676510284511148,0.05706419046590725,0.056146412568158506,0.02035307455595746,0.03876261944609404,0.03509150785509907,0.03147438319926578,0.047184581331317824,0.01738379312206446,0.04945203260810884,0.01792366247368137,0.00874588349619392,0.01851751876045997
T:TACCC,0.04614710073440754,0.10829770908692316,0.07015236216156966,0.057218020388030255,0.0423106434286967,0.045489422339142827,0.055464211333991015,0.04691439219554971,0.036062698673681906,0.04143373890167708,0.037816507727721146,0.059410281705579306,0.0506412364353831,0.019511125726186563,0.03551463334429464,0.03222624136797106,0.03661076400306917,0.05656034199276554,0.016332346815740435,0.053052723884687056,0.023018743834265044,0.01096130658774526,0.018853447330921844
T:TACCG,0.04328899637243047,0.09891172914147521,0.06771463119709795,0.05513905683192261,0.041112454655380895,0.05006045949214027,0.04812575574365175,0.0471584038694075,0.03506650544135429,0.03893591293833132,0.03361547762998791,0.05997581620314389,0.04885126964933494,0.019588875453446192,0.03893591293833132,0.0316807738814994,0.04353083434099154,0.0592503022974607,0.014510278113663845,0.07230955259975816,0.0249093107617896,0.00894800483675937,0.01837968561064087
T:TACCT,0.047383639585859526,0.10372166775487361,0.07825762522152785,0.05839007555265367,0.056338028169014086,0.056897677455461246,0.055685104001492396,0.049622236731648166,0.03721667754873612,0.03730995242981065,0.036283928737990856,0.05316668221248018,0.05391288126107639,0.022572521220035443,0.03451170599757485,0.03488480552187296,0.029474862419550416,0.04150732207816435,0.017815502285234586,0.0444921182725492,0.02163977240929018,0.011566085253241301,0.017349127879861953
T:TACGA,0.04652844744455159,0.09522661523625844,0.07738669238187078,0.05737704918032787,0.04218900675024108,0.05279652844744455,0.05038572806171649,0.04339440694310511,0.03664416586306654,0.034474445515911285,0.0429122468659595,0.05544840887174542,0.05014464802314368,0.024349083895853423,0.03640308582449373,0.03326904532304725,0.034233365477338476,0.04966248794599807,0.013982642237222759,0.0781099324975892,0.020250723240115717,0.011089681774349084,0.013741562198649951
T:TACGC,0.041315574884479477,0.10192987224789345,0.06605055721663496,0.04838271269366676,0.03452025006795325,0.046480021745039415,0.05436259853220984,0.048654525686327804,0.032889372111986954,0.039412883935852135,0.039956509921174235,0.05735254145148138,0.04783908670834466,0.017396031530307148,0.0337048110899701,0.04158738787714053,0.04512095678173417,0.0636042402826855,0.013047023647730362,0.06278880130470237,0.025278608317477577,0.01331883664039141,0.025006795324816526
T:TACGG,0.041054038571701354,0.09299217109031889,0.06683215581439755,0.055948061867481386,0.035707466106549554,0.04449112087072751,0.05499331678441856,0.05365667366813061,0.032843230857361086,0.036471262172999806,0.037998854305900324,0.054802367767806,0.05002864235249189,0.02062249379415696,0.035898415123162115,0.031888485774298266,0.04468206988734008,0.055948061867481386,0.015084972312392591,0.08229902616001528,0.024250525109795685,0.009547450830628221,0.02195913691044491
T:TACGT,0.04973238180196253,0.09790365744870651,0.07471008028545942,0.05976806422836753,0.051070472792149865,0.049955396966993755,0.043264942016057094,0.04683318465655665,0.03501338090990187,0.04192685102586976,0.03724353256021409,0.05017841213202498,0.055530776092774306,0.019625334522747548,0.03278322925958965,0.03479036574487065,0.03858162355040143,0.05307760927743087,0.01784121320249777,0.05976806422836753,0.023639607493309546,0.008697591436217662,0.01806422836752899
T:TACTA,0.03861198738170347,0.10347003154574133,0.09766561514195583,0.06763406940063091,0.061198738170347,0.06170347003154574,0.05968454258675079,0.05034700315457413,0.03596214511041009,0.03772870662460568,0.04037854889589906,0.04782334384858044,0.05741324921135647,0.029779179810725552,0.03924290220820189,0.03293375394321767,0.01892744479495268,0.03482649842271293,0.02170347003154574,0.03141955835962145,0.013753943217665616,0.00996845425867508,0.007823343848580442
T:TACTC,0.04190542339526538,0.10742605776465822,0.07391329513225675,0.05961683162586097,0.04630433524338716,0.04769346530068878,0.057938299473288185,0.04422064015743474,0.03397580598483533,0.04103721710945187,0.03993748914742143,0.053539387625166406,0.05458123516814262,0.020836950859524223,0.0346124905944319,0.034901892689703076,0.03293395844185912,0.05220813798691903,0.016148636916131272,0.05382878972043757,0.024830699774266364,0.009260867048677433,0.018348092840192162
T:TACTG,0.03901028026423797,0.10057460032052534,0.08009224875894148,0.0637532736582887,0.04956416370245866,0.05081499433217371,0.056912793652034555,0.053590274791853965,0.037876715006058714,0.03912754563577375,0.04080834929445335,0.0524957979908533,0.0557401399366767,0.02204588984872767,0.03490599226048548,0.03584411523277176,0.032599773286948366,0.049290544502208496,0.01833248641676113,0.04186373763827542,0.01954422858929758,0.009381229722862839,0.01583082515733104
T:TACTT,0.04119736614105008,0.1038814763472535,0.08871945936579449,0.06272743025472188,0.05077109686362849,0.052027378270663664,0.05627274302547219,0.04860509443770577,0.03829492289031364,0.03669208109513083,0.04284352798475134,0.05211401836770057,0.05332697972621729,0.02456246750996361,0.034049558135505115,0.03742852191994455,0.030670594351065672,0.04500953041067406,0.01867094091145382,0.035869000173280194,0.020100502512562814,0.010396811644429042,0.01576849766071738
T:TATAA,0.03796440414157136,0.10090004737091426,0.09081680990728835,0.06828178926710428,0.0620558976788252,0.05400284225485552,0.05914597008865128,0.05055153278743994,0.040129931650538,0.03688164038708804,0.0429045137714015,0.04811531433985247,0.054611896866752385,0.02794883941260066,0.04080665899709007,0.03390404006225892,0.023482438925356973,0.031603167083981865,0.020098802192596604,0.04141571360898694,0.014820328889490425,0.010759964810177979,0.008797455505176964
T:TATAC,0.0436928894023737,0.09694359836151664,0.0923222350593425,0.06585442705598152,0.06175821867450898,0.05493120470538809,0.05650666946749291,0.053250708959142946,0.04012183594160277,0.03455519378216574,0.04432307530721563,0.04820922172040752,0.05241046108602038,0.027518117844764205,0.0343451318138851,0.031089171305535134,0.024262157336414243,0.03980674298918181,0.020586072891502993,0.034030038861464135,0.017855267303854637,0.011868501207856317,0.013759058922382102
T:TATAG,0.04244771494965143,0.10720371804802478,0.08264910921766074,0.06591789310611929,0.04949651432997676,0.053214562354763746,0.05592563903950426,0.045933384972889235,0.032765298218435324,0.03563129357087529,0.040821068938807124,0.0621998450813323,0.05910147172734315,0.02300542215336948,0.034314484895429896,0.03284275755228505,0.02927962819519752,0.045158791634391945,0.015801704105344695,0.04872192099147947,0.015956622773044153,0.008210689388071263,0.013400464756003098
T:TATAT,0.03679910620766706,0.09810767404510858,0.09775853641505482,0.06256546330563507,0.05795684658892535,0.06068012010334474,0.06012149989525871,0.053068919768172615,0.041128412820333776,0.03302841980308638,0.04448013406884994,0.047762027791355355,0.057188743802807064,0.03372669506319391,0.038684449409957404,0.031981006912925075,0.019761189861043225,0.033377557433140144,0.02087843027721528,0.03805600167586062,0.014105160254172194,0.00893792332937644,0.009845681167516235
T:TATCA,0.04679004101879233,0.09796813889153869,0.09214919393303443,0.06195745492702471,0.05656777639988553,0.05666316894018888,0.05590002861776209,0.04492988648287704,0.037060001907850804,0.037203090718305826,0.0427835543260517,0.05232280835638653,0.05818944958504245,0.030000953925403032,0.038681675093007725,0.03810931985118764,0.03229037489268339,0.03911094152437279,0.020700181245826576,0.02499284555947725,0.015024325097777354,0.010063913002003244,0.010540875703519985
T:TATCC,0.04267815191855912,0.10901666853115562,0.08317485177312899,0.05934668307416937,0.05498377894619085,0.053697281575120256,0.054200693589887015,0.0482156840809934,0.039378006488421526,0.036581273073050674,0.04329343326994071,0.04894283476898982,0.056549949658798525,0.024387515382033785,0.037476227765969344,0.037588097102584185,0.028638550173397472,0.04452399597270388,0.017787224521758585,0.033672670321064996,0.01957713390759593,0.010627586978409218,0.015661707126076743
T:TATCG,0.04158878504672897,0.09672897196261682,0.07289719626168224,0.05514018691588785,0.04766355140186916,0.054906542056074766,0.053738317757009345,0.05046728971962617,0.035981308411214954,0.03551401869158879,0.04789719626168224,0.048598130841121495,0.05420560747663551,0.025,0.03130841121495327,0.035046728971962614,0.03808411214953271,0.05186915887850467,0.022897196261682243,0.049766355140186916,0.024766355140186914,0.008878504672897197,0.01705607476635514
T:TATCT,0.04080042645671875,0.09476360355927338,0.09230327633575265,0.06003198425390577,0.05326608438922377,0.05576741706646984,0.05687456431705417,0.052035920777463406,0.03756099561241645,0.03813507196457129,0.04379382457866896,0.04986263173002009,0.05461926436216017,0.02858080124656579,0.035879772009677284,0.045803091811210894,0.025587403124615573,0.03776602288104318,0.01935457415836306,0.039365235576331654,0.016689219666215605,0.009718292532906877,0.011440521589371387
T:TATGA,0.03903516847726017,0.08954765850365187,0.07622905542257412,0.05444055729454367,0.0541336770392193,0.050696618179586324,0.052169643405143316,0.0541336770392193,0.03602774197508132,0.039587552936844045,0.0387282882219358,0.04775056772847235,0.05210826735407844,0.023752531762106427,0.029583256613269503,0.0327134352175781,0.02540968514085804,0.03596636592401645,0.017001166144970232,0.11919229116798626,0.013625483336402136,0.009206407659731172,0.008960903455471675
T:TATGC,0.040411265087170314,0.1002235136343317,0.08413053196244971,0.06115333035315154,0.05301743406347787,0.052033974072418415,0.05364327223960662,0.054090299508270004,0.03755029056772463,0.040053643272239606,0.040500670540903,0.05382208314707197,0.053196244970943225,0.026732230666070632,0.03388466696468485,0.03504693786320966,0.030040232454179704,0.04711667411712114,0.01895395619132767,0.04425569959767546,0.016808225301743408,0.008404112650871704,0.014930710773357175
T:TATGG,0.041345525800130636,0.09777922926192031,0.07315480078380143,0.059568909209666884,0.051796211626387985,0.04768125408229915,0.051730894839973875,0.052841280209013713,0.03318092749836708,0.039320705421293276,0.041149575440888306,0.056237753102547354,0.051796211626387985,0.022926192031352058,0.03291966035271065,0.033246244284781186,0.03305029392553886,0.04317439581972567,0.020182887001959502,0.072893533638145,0.018876551273677336,0.009797517962116264,0.01534944480731548
T:TATGT,0.03874305906108026,0.09963402322059565,0.08669863705199395,0.0599444724886421,0.05830388692579505,0.05224634023220596,0.05092125189298334,0.05401312468450278,0.03615598182735992,0.034073700151438666,0.0395002523977789,0.05224634023220596,0.048965169106511865,0.02921504290762241,0.033758202927814236,0.032496214033316505,0.025302877334679456,0.0348308934881373,0.018803634528016155,0.07616102978293791,0.0176678445229682,0.008329126703685007,0.01198889449772842
T:TATTA,0.03940845307117049,0.09621040248718594,0.09553819006806151,0.06663305604571045,0.06394420636921268,0.06369212671204101,0.058314427359045455,0.05058398453911436,0.04100495756659104,0.03529115200403327,0.045794471052852705,0.0465507100243677,0.05629779010167213,0.03117385093689606,0.038232081337702714,0.03604739097554827,0.025039912612385515,0.03134190404167717,0.021930930173934965,0.027224602974539956,0.012519956306192757,0.009831106629694983,0.007394336610368877
T:TATTC,0.04033629321745702,0.09890421311165691,0.0941337615718874,0.06206310221046665,0.05941809937653505,0.05578122047987909,0.05686756092952957,0.04907424900812394,0.03972227470243718,0.04005290005667863,0.043311921405630074,0.04902701681466087,0.056017381447194405,0.028244851690912526,0.033251464197997356,0.03627432457963348,0.02678065369355753,0.04033629321745702,0.020026450028339315,0.03381825051955413,0.016484035518609483,0.008549027016814661,0.01152465520498772
T:TATTG,0.04183757178014766,0.10611742646197117,0.08736669401148482,0.06463143091527013,0.05578342904019688,0.056017813195827965,0.05513887261221141,0.04816594398218681,0.03773584905660377,0.03568498769483183,0.04382983710301184,0.05525606469002695,0.06064690026954178,0.0277745224422829,0.03275518574944334,0.03550919957810852,0.026368217508496425,0.03955232626274464,0.018574944333763038,0.033223954060705496,0.01769600375014649,0.008906597913981015,0.011426227587015118
T:TATTT,0.03937807393304776,0.09630334761224814,0.09665238775186419,0.06212914485165794,0.06387434554973823,0.05619546247818499,0.060130096779311436,0.050928129462160875,0.03998096144693003,0.03668094558146914,0.046549262256068535,0.045311756306520706,0.05736950658416627,0.030588608599079803,0.035729017927970806,0.03436458829128986,0.024083769633507852,0.03553863239727114,0.02208472156116135,0.026971283515786135,0.01865778200856735,0.01012216404886562,0.010376011423131841
T:TCCAA,0.03873400614687098,0.10508533687904614,0.08202367199250168,0.06090197702552477,0.05163807572421911,0.05362164047343985,0.055365433659567975,0.04830307125574907,0.03873400614687098,0.03951871308062864,0.04331146326045731,0.05264075680624278,0.05865684329838481,0.02314885454585086,0.034156549033284654,0.036009329293545785,0.032390958432329926,0.04612332977308891,0.018985548313969963,0.03631449310111821,0.01924711729188918,0.009787039257144102,0.015301785208274299
T:TCCAC,0.036446331109763495,0.09963614311704064,0.07036082474226804,0.055336567616737414,0.03984232868405094,0.044693753790175865,0.04790782292298363,0.044739235900545786,0.035385081867798665,0.04093389933292905,0.03743177683444512,0.057974530018192846,0.05277440873256519,0.0164038811400849,0.03364160097028502,0.03717404487568223,0.04596725288053366,0.059899939357186176,0.015160703456640388,0.06983020012128563,0.02531837477258945,0.009930260764099454,0.023211036992116435
T:TCCAG,0.034253527854626514,0.1045717811436419,0.06358099635770156,0.05230579384192823,0.03495014230838127,0.041408753458193184,0.047021475628445754,0.04545906892502438,0.03372609119678363,0.04066238082917023,0.03495014230838127,0.06026710188483968,0.056147124972633,0.01550464741357005,0.033079234918297076,0.03606472543438887,0.04623529645920825,0.06254602631212308,0.012976932109945664,0.08447942997034413,0.024829329458830086,0.00939434349063551,0.025585653722906672
T:TCCAT,0.041906783945000504,0.1049607387187005,0.08047720149630978,0.061183567552994304,0.0481919590199845,0.05134297172513733,0.05253934553297611,0.046473224817173864,0.037441445084757184,0.03966568934721801,0.04064300879587504,0.05361776699356317,0.053702018670171534,0.02119772183466451,0.034981296127792945,0.03552050685808648,0.03565530954065986,0.05046675428841034,0.017440097057931453,0.04342331412395107,0.020944966804839416,0.01004279985171705,0.01818151181208506
T:TCCCA,0.038585523102471424,0.10170948520074241,0.06810589039757742,0.0552700986617173,0.04104718179154049,0.04438800429813422,0.05077659470548012,0.04868613851714369,0.03532284849076878,0.04032431376379799,0.039367002051382244,0.05823971866757839,0.05360945589528182,0.017329295692097294,0.031571749535996875,0.036768584546253785,0.04171143889811468,0.05386343655367783,0.014183842922731268,0.07605743870274495,0.022858259255641302,0.008947933965028817,0.021275764384096903
T:TCCCC,0.03858035285233748,0.1074346124802636,0.06027322029244182,0.05038786297796389,0.03221894235829844,0.042333127388389284,0.05013615249078968,0.04530788769135718,0.034667398915356626,0.041623761469989244,0.03658955172650511,0.0584425985675385,0.05038786297796389,0.01631541612320084,0.0312349831811629,0.03368343973822109,0.0509141667238736,0.062332669732958056,0.014187318368000731,0.08043294203793963,0.026498249467975563,0.01082355094849088,0.025193931488981944
T:TCCCG,0.03333913952273123,0.1000174185681937,0.05828252917610172,0.04532311443999303,0.028427103292109387,0.04201358648319108,0.04337223480229925,0.04344190907507403,0.03630029611565929,0.043616094757010976,0.0353248562968124,0.05887476049468734,0.04546246298554259,0.014596760146315974,0.030517331475352728,0.03933112698136213,0.05507751262846194,0.07343668350461592,0.013865180282180804,0.09263194565406724,0.028670963246821113,0.01100853509841491,0.02706845497300122
T:TCCCT,0.04129014697876973,0.10925421883505716,0.07030484485574306,0.05321175830157866,0.042025040827436036,0.046543277082199234,0.05160587915078933,0.04605334784975504,0.03462166575939031,0.03854109961894393,0.037098530212302666,0.05424605334784976,0.05291235710397387,0.01924333151878062,0.03356015242242787,0.03625476320087098,0.04259662493195427,0.055362003266194885,0.01567773543821448,0.06235710397387044,0.025939031028851388,0.010315732172019598,0.020985302123026673
T:TCCGA,0.0367462725953292,0.09631877556405859,0.06531204644412192,0.04987465364823855,0.034635176144610105,0.04881910542287901,0.04683995250032986,0.04591634780314026,0.03470114790869508,0.04261775959889168,0.036944187887584114,0.05462462066235651,0.05264546773980736,0.017482517482517484,0.032458107929806045,0.03193033381712627,0.05264546773980736,0.059242644148304525,0.01537142103179839,0.07817654044069139,0.032062277345296215,0.010621454017680432,0.024013722126929673
T:TCCGC,0.029663381067509764,0.09442997954249581,0.05816440394271899,0.04161242328435931,0.0331969499721034,0.045796912776641246,0.0437511623581923,0.04486702622280082,0.037334945136693325,0.04179840059512739,0.038218337362841734,0.05500278965966152,0.045053003533568906,0.015808071415287336,0.02864050585828529,0.03268551236749117,0.06411567788729775,0.06848614469034778,0.013483355030686256,0.09684768458248094,0.030221312999814023,0.011623581923005393,0.02919843779058955
T:TCCGG,0.03303607620591812,0.09886501824077827,0.055857316578840695,0.04446696392379408,0.030482367247669236,0.04203486015403324,0.04292663153627888,0.04766923388731253,0.04061613295500608,0.04122415889744629,0.03802188893392785,0.05926226185650588,0.04706120794487231,0.015889744629104176,0.030441832184839885,0.03169841913254966,0.052938792055127686,0.07166599108228618,0.01349817592217268,0.09404134576408593,0.028901499797324686,0.011349817592217268,0.028050263477908392
T:TCCGT,0.031354912269588905,0.09349464749477418,0.061126243111420786,0.05403179831506936,0.03521885095331602,0.04472033951985811,0.04668398049027681,0.0473807563184899,0.03946284917970482,0.04186989294989548,0.041363146893013236,0.05498194717172357,0.04795084563248242,0.01741939570532717,0.032368404383353394,0.03401532906822069,0.051371381516437574,0.06378665991005257,0.016152530563121555,0.07392158104769747,0.029771330841831888,0.013935516564261735,0.027617660100082347
T:TCCTA,0.03675444310040011,0.10123755466641854,0.08458174374243975,0.06439006234297943,0.05620173071554853,0.05406159858565181,0.05815576439936727,0.046338513073415834,0.040662510468037594,0.03721968921559505,0.042895691820973296,0.05368940169349586,0.05666697683074346,0.02791476691169629,0.03331162184795757,0.033125523401879596,0.03061319437982693,0.04261654415185633,0.017958500046524613,0.04233739648273937,0.019168139946031452,0.008188331627430911,0.011910300548990416
T:TCCTC,0.04295445944241201,0.10624027585046886,0.06359068163660064,0.05163786215886632,0.03373491442748413,0.044026744039359154,0.04756948824691981,0.044804676001850216,0.03529077835246625,0.04039989907909676,0.03686766746562382,0.05587443757621631,0.04921996551869139,0.01547453849711955,0.032788780959589585,0.04232370379714898,0.047443337117867204,0.061877128800302765,0.014885833228207393,0.0723581851057567,0.02658635044783651,0.00890416719229637,0.02514612505781927
T:TCCTG,0.04016930097215793,0.10521790886846108,0.06529991402685008,0.051676476423516964,0.03708749421334568,0.04438859863765624,0.050168639640235435,0.044930890814099594,0.03654520203690232,0.04094967264069837,0.037973678989484824,0.05499636267442629,0.05022154619403479,0.01839825408372462,0.03120164010316778,0.04810528404206071,0.045248330136895706,0.05884531446332914,0.013940876926129225,0.06622577871833873,0.02571258514648502,0.009972885391177832,0.022723364856821637
T:TCCTT,0.03979610991581592,0.10580047073772977,0.07472600464961807,0.057196078148239064,0.043232784139315264,0.04814231874431433,0.050770363738755,0.04695825451604985,0.037976694150433914,0.04060473914487459,0.04151444702756559,0.05105915989199024,0.05315293200294572,0.02093772110955482,0.0334281547369789,0.03898748068675725,0.03845320780327206,0.05315293200294572,0.015392834967438233,0.05586761584335696,0.023262530143098495,0.00994902747895398,0.019638138419996246
T:TCTAA,0.03740814963259853,0.09874294042630716,0.09084836339345358,0.06333879880974069,0.06224570352826866,0.057387502277281836,0.05945223780895124,0.04584927430618813,0.041537620695937326,0.037954697273334545,0.04263071597740936,0.04548490921236412,0.05538349426124977,0.03163903564705168,0.038987065039169246,0.03765105969514787,0.02429100625493411,0.037954697273334545,0.02016153519159531,0.03418959130381976,0.014513876237323132,0.011659683002368373,0.01068804275217101
T:TCTAC,0.04466318467925539,0.10392393196732289,0.0887237176911745,0.06093477969733494,0.05276550154010982,0.05269854024373912,0.05571179858042052,0.045734565421186556,0.03790009374581492,0.039574126155082365,0.04352484264095353,0.04908263023972144,0.051359314316325164,0.02303468595152002,0.039172358376858174,0.038100977634927015,0.030333467255926075,0.04600241060666935,0.019017008169278156,0.03615910004017678,0.018213472612829785,0.010847730012053034,0.012521762421320477
T:TCTAG,0.041560539230912595,0.10449152015903584,0.08405292911722681,0.0615642666335342,0.04342424054171585,0.05963844194570417,0.053860967882214075,0.047027396409268805,0.033981487233646024,0.04050444182145741,0.04323787041063552,0.04845623408088464,0.05522768217680313,0.02435236379449587,0.03659066906877058,0.042057526247126796,0.03255264956203019,0.046654656147108155,0.01658694166614897,0.041809032739019696,0.01919612350127353,0.00888364291482885,0.01428837671615829
T:TCTAT,0.039421128798842256,0.10309696092619393,0.08729377713458755,0.06263386396526772,0.0591027496382055,0.059623733719247465,0.05800289435600579,0.05140376266280752,0.038321273516642544,0.03739507959479016,0.04422575976845152,0.046483357452966716,0.05296671490593343,0.028422575976845152,0.036642547033285094,0.03629522431259045,0.025991316931982634,0.037742402315484806,0.02159189580318379,0.03444283646888567,0.014934876989869754,0.011924746743849494,0.012040520984081041
T:TCTCA,0.04467777488089877,0.10575715199924154,0.07323836837240169,0.05757151999241544,0.04384821407409163,0.04806712332013937,0.05316299684766893,0.04522291483965775,0.03446232608850229,0.043800810599416935,0.04031665521082695,0.05524874973335545,0.053352610746367705,0.01780000474034747,0.033727572231044535,0.03635846507549003,0.03612144770211657,0.05430068023986158,0.01566684837998625,0.057998151264487686,0.021260458391600106,0.00940958972292669,0.018629565547154607
T:TCTCC,0.03842738452929799,0.10109844660430377,0.06478767014974395,0.052465118542216596,0.03842738452929799,0.04388920651526026,0.04902258931721143,0.045056990280633036,0.03584852871409977,0.04014256693468926,0.03772184850438527,0.05338961402313672,0.04902258931721143,0.01685987811256949,0.0307516391548165,0.0451178123517462,0.045093483523300934,0.059447492306008,0.01369713041468488,0.08448185677618694,0.024353157273711484,0.009171968323865364,0.021725643801622733
T:TCTCG,0.03878665318503539,0.10014155712841254,0.06264914054600607,0.04865520728008089,0.03166835187057634,0.04610717896865521,0.0421840242669363,0.05007077856420627,0.0334479271991911,0.040040444893832156,0.036966632962588473,0.05726996966632963,0.050677451971688575,0.017917087967644085,0.03276036400404449,0.036440849342770476,0.049180990899898885,0.06503538928210313,0.014277047522750252,0.07882709807886755,0.029969666329625885,0.010111223458038422,0.026814964610717897
T:TCTCT,0.04312540997360914,0.10028526535780208,0.07377236739737311,0.05534453037999786,0.04584077006391775,0.05043247448629353,0.051408783732247186,0.04709166628529587,0.03746586731347154,0.03889982151846597,0.042667765014568364,0.04817475935502571,0.05006635851906091,0.022851738288102757,0.03415556877640993,0.03865574420697756,0.03447592024773847,0.04759507574024072,0.017253214955837263,0.07528259576220768,0.01989230088630574,0.009686818299696429,0.015575183439354415
T:TCTGA,0.039383821520716344,0.10153285779329185,0.07967825163150706,0.06104871755956898,0.04759826984367886,0.052397935953862496,0.05425709515859766,0.045492487479131885,0.03682273486113219,0.04101532857793292,0.04315905296706632,0.05266353012596752,0.051278646228562756,0.02229093944452876,0.0325542570951586,0.03650022765214752,0.034546213385946274,0.047370617696160265,0.018724389133404157,0.0560783123387464,0.020071331006222493,0.010358172712095918,0.015176809834572773
T:TCTGC,0.036678158650122264,0.10269884422034233,0.06895190073356318,0.05502483179685008,0.03825767355679419,0.045365490636817885,0.048737147456829125,0.04521361420348405,0.036738909223455796,0.04293546770347645,0.04055100770013517,0.0553893352368513,0.05136460975350455,0.019424995823398083,0.03412663457011376,0.0388196163601294,0.04551736707015173,0.06146439257020488,0.01611408957672038,0.057120726576857066,0.026229060036754098,0.010190908676700637,0.023085217866743616
T:TCTGG,0.041000519349269404,0.10190474853669834,0.07272293418300746,0.05481240262201199,0.03749140266412139,0.045815027441292476,0.049829456929101804,0.046601069578765635,0.037351037996715464,0.04111281108319414,0.03968109147565375,0.05929003551226086,0.04888901365748214,0.017573656359221257,0.03177856070070042,0.03683168872731356,0.04321828109428295,0.056328341029995926,0.015019019412433502,0.06427298120517104,0.025700770602024057,0.009923781985598585,0.02285136785368387
T:TCTGT,0.03592814371257485,0.10549383161388068,0.07928720871509992,0.05798643676502417,0.0473270326816247,0.05129500036072433,0.05546136642377895,0.04988817545631628,0.03619868696342255,0.040419161676646706,0.04285405093427603,0.05409061395281726,0.05481206262174446,0.023465117956857368,0.03426881177404228,0.038561431354159154,0.03300627660341967,0.04743524998196378,0.01870355674193781,0.046695765096313395,0.020885938965442608,0.009144361878652333,0.016791717769280717
T:TCTTA,0.04308415398388541,0.09730304386750224,0.08622426141450314,0.05718442256042972,0.05170098478066249,0.048287824529991044,0.05673679498657117,0.04912712623097583,0.03967099373321396,0.03760071620411817,0.043587735004476276,0.047448522829006266,0.0565129811996419,0.025290957923008058,0.03413160250671441,0.035866159355416295,0.027976723366159355,0.04213294538943599,0.01818487018800358,0.062444046553267685,0.015778871978513877,0.009232318710832587,0.014491942703670546
T:TCTTC,0.043819307940511074,0.10979861291399325,0.07799577198382969,0.056494084486147685,0.04672143307495457,0.04903942439639506,0.05309127322627304,0.047453918332529765,0.03707858917776212,0.038237584838482365,0.042159626154359676,0.049679190001112636,0.05268330675369951,0.02108444905982272,0.03543745132218225,0.04247487297407559,0.03484404554389348,0.048204947520676486,0.01740347884137522,0.047129399547528095,0.022150725067685346,0.009921002855765308,0.017097503986945074
T:TCTTG,0.04115891186607582,0.10333579517479075,0.07567085179714426,0.05728397341211226,0.04729812900049237,0.045313269325455444,0.05206794682422452,0.04569793205317577,0.03677375677006401,0.03832779419005416,0.04077424913835549,0.0534219596258001,0.05268340718857706,0.01951009354997538,0.03418882323978336,0.0359582717872969,0.04082040866568193,0.05580686853766617,0.016048129000492368,0.05551452486459872,0.023018217626784836,0.00957040866568193,0.019756277695716397
T:TCTTT,0.04247532438726849,0.10360984806476656,0.08721026949096151,0.05984529222579572,0.0553399134967284,0.055270599977819676,0.056033048685815684,0.0474936231562604,0.036237107685482974,0.04063158478429633,0.04650937118775646,0.045234002439835864,0.0545497393811689,0.027143174004657867,0.03500332704890762,0.03616779416657425,0.029860263945880004,0.03948098037041144,0.020419762670511255,0.039896861483863816,0.019005766884773206,0.009606853720749695,0.012975490739713874
T:TGCAA,0.03947018104366347,0.10546458998935038,0.08479765708200213,0.060436634717784876,0.05065228966986156,0.049254526091586794,0.05734158679446219,0.04792332268370607,0.03873801916932907,0.04306443024494143,0.04040202342917998,0.05324813631522897,0.053647497337593185,0.02542598509052183,0.03387912673056443,0.035875931842385515,0.03314696485623003,0.044395633652822154,0.01700612353567625,0.04229898828541001,0.02000133120340788,0.010250266240681576,0.013278753993610224
T:TGCAC,0.03687459389213775,0.09895494910114794,0.06719731427333767,0.05550140784058913,0.03776803118908382,0.041991552956465235,0.04583604071908166,0.0438325752653238,0.03841780376868096,0.04334524583062595,0.0388780593458956,0.05772146415421269,0.048787091184752,0.016975308641975308,0.03592700888022526,0.03370695256660169,0.049707602339181284,0.059616634178037684,0.018626813948451375,0.07028373402642409,0.02574723846653671,0.010910764565735327,0.023391812865497075
T:TGCAG,0.03464640439822619,0.09976401026944322,0.06751640258292056,0.05344778403049714,0.03271440056015145,0.04369699955914006,0.045667902803350535,0.047094214361660745,0.036435777080469904,0.04234848681310132,0.036474676486605635,0.0635486631570758,0.04861129120095433,0.01637664998314359,0.03236430590492985,0.035541090739348045,0.050698892663572005,0.06424885246751899,0.015637561266564664,0.06872228417312828,0.027696377168641893,0.010697336687326574,0.026049635642229195
T:TGCAT,0.04014164384319584,0.09804409771211996,0.07939801366641769,0.06108390737820566,0.048856059977314854,0.049215702547929285,0.05259080974908015,0.04631089716988962,0.036849531081417544,0.040916258610673086,0.04310177884748388,0.05414003928403464,0.053669737460923454,0.023930063352422055,0.03400005532962625,0.03624090519268542,0.03391706089025369,0.04761114338672642,0.017456497081362217,0.053337759703433206,0.02127424129250007,0.009433701275347884,0.018480095166957148
T:TGCCA,0.0398221069211526,0.10134346335587881,0.06902622069860094,0.058278513851570464,0.043861762253312335,0.04378764013712592,0.049921245251551935,0.04562216251273974,0.03543037153710738,0.03965533215973316,0.03646808116371723,0.06296673770036135,0.05346057629945335,0.01727045307143519,0.03226165107013805,0.03698693597702214,0.041619568238673216,0.055684239785045865,0.014768831650143612,0.06826646900769016,0.023274344482534976,0.008524043361437968,0.02169924951357361
T:TGCCC,0.0356837510687126,0.10509382171623993,0.06392026279080232,0.052513162039328626,0.028079017234396795,0.039036133735319264,0.046505872294469695,0.04144354947576835,0.03280385186518472,0.04079107231246906,0.03680871169509067,0.06446024389146379,0.04850830220942267,0.013837015704450345,0.03120640777572785,0.035256266030688925,0.05354812581559645,0.06974755883544076,0.01289204877829276,0.08077217297394591,0.029361472348467803,0.008864689735859245,0.02886648967286145
T:TGCCG,0.033118279569892474,0.09720430107526881,0.058807429130009775,0.04559139784946237,0.030068426197458455,0.04136852394916911,0.042072336265884656,0.04785923753665689,0.03671554252199413,0.04066471163245357,0.03597262952101662,0.06213098729227762,0.04453567937438905,0.015522971652003911,0.028347996089931573,0.033470185728250244,0.057165200391006844,0.06928641251221897,0.0118475073313783,0.09481915933528837,0.03178885630498534,0.011221896383186707,0.03042033235581623
T:TGCCT,0.0422366912966079,0.10734752603214086,0.06776891750188992,0.057477991562416175,0.041700197527251445,0.04448021069573487,0.04769917331187358,0.04009071621918209,0.03706684224644573,0.0407735264710903,0.03831053234813568,0.05799009925134733,0.05257638939693223,0.018265174238544638,0.03206769575926061,0.041797741848952616,0.041895286170653794,0.057380447240715,0.015314458507084157,0.0609895871436584,0.0252639793206038,0.0090228497573585,0.02248396615212037
T:TGCGA,0.04269756759578244,0.09458189790165988,0.06514249921703727,0.05240630545986011,0.036642655809583466,0.04499425827330619,0.048230504227998745,0.052197515398267044,0.035076730347635456,0.03685144587117653,0.03779100114834534,0.05240630545986011,0.04906566447437102,0.017538365173817728,0.030483348992587953,0.03424157010126318,0.048961269443574484,0.06503810418624073,0.016703204927445453,0.07693913769704562,0.027977868253471136,0.010543898110449942,0.02348888192922017
T:TGCGC,0.03363626288374155,0.08733237282500277,0.05729801618087111,0.047323506594259115,0.03125346337138424,0.041671284495178984,0.043943256123240605,0.044829879197606115,0.03784772248697772,0.04023052199933503,0.033691676825889395,0.05857253685027153,0.041505042668735455,0.016679596586501165,0.029646459049096754,0.03175218885071484,0.05696553252798404,0.0707636041227973,0.015128006206361521,0.10711515017178322,0.028150282611104954,0.012412723041117145,0.03225091433004544
T:TGCGG,0.036824366496067906,0.09570174343610868,0.05529896392460367,0.04893271751341905,0.026754878708442557,0.03719885157907877,0.04597844630300004,0.04710190155203262,0.04090209295551949,0.043939583073274245,0.032288936046269714,0.06104106853077019,0.04443889651728873,0.01481296550576291,0.027420629967128532,0.02987558773353306,0.05550701119294304,0.06815628510797653,0.014105604793409063,0.09898889027587068,0.031165480797237133,0.010568801231639828,0.03299629675862356
T:TGCGT,0.035796358493901365,0.08767898179246951,0.06019091391196747,0.050645218313593775,0.03473572564963762,0.0419833834187732,0.04569559837369631,0.05046844617288315,0.038536326674916035,0.04021566201166696,0.0375640799010076,0.05515290790171469,0.03968534558953509,0.01626303694537741,0.03040480820222733,0.03429379529786106,0.06284249602262683,0.06399151493724589,0.014760473749337104,0.08599964645571857,0.03234930175004419,0.010959872724058689,0.029786105709740145
T:TGCTA,0.040882333915518466,0.10349957953295814,0.08803932984022253,0.06235849666860729,0.057248204929167476,0.049485736464195615,0.059900381654699526,0.050714793971149495,0.03745391034348923,0.038488906138818814,0.041787955236431855,0.052202600426935766,0.0561485218966298,0.024322401190245164,0.03810078271557022,0.03590141665049486,0.03027362701339026,0.04139983181318326,0.018112426418267675,0.031955495180800826,0.017788990232227183,0.010155896241671519,0.013778381525325054
T:TGCTC,0.03791086550882733,0.10519233529496197,0.06760442084110808,0.053591933400315775,0.03706760442084111,0.043454858619204825,0.04811970719104349,0.04496196354241424,0.03450193770632984,0.042198937849863644,0.03694201234390699,0.05748528778527343,0.050093296971436774,0.01733170661690828,0.0321336299698579,0.04618200086120281,0.045787282905124155,0.06109157456581025,0.013922778814410794,0.06258073776374336,0.027127888617769484,0.010137074781110951,0.024580163628534518
T:TGCTG,0.03859565528145373,0.10486019362803492,0.06644863659006736,0.05726538303263953,0.03812999501851812,0.04207186329081025,0.04941413441337636,0.05103853067943081,0.03391739403521691,0.04210435121613134,0.035606766151913535,0.06054666349006953,0.05326936821814559,0.017575967598709146,0.03129670139264906,0.03650559875246367,0.044616750774295555,0.059929392908968836,0.01560503346256308,0.05972363604860194,0.026629269454852614,0.009410669034675445,0.025438045526412684
T:TGCTT,0.04074016482662105,0.10311382366661484,0.07805939978230446,0.05854454983672835,0.048942621676255633,0.04954517182397761,0.05284947908567875,0.04526900948530555,0.03632794277717307,0.04227569584823511,0.04233400715285337,0.05088633183019748,0.053957393873425595,0.024374125330430728,0.03537552480174157,0.03605582335562121,0.03457860363862541,0.05174156429793189,0.018640180376302287,0.045871559633027525,0.022274918364173533,0.009874047582024568,0.018368060954750427
T:TGTAA,0.03806849208206568,0.09778453857555192,0.08198767454559638,0.060418129339262036,0.05757079335361573,0.052500195023012716,0.05647866448240892,0.051369061549262816,0.03748342304391918,0.04005772681176379,0.0443872376940479,0.05308526406115922,0.055971604649348625,0.025860051486075356,0.03670333099305718,0.032919884546376475,0.02781028161323036,0.03857555191512598,0.019346282861377642,0.05312426866370232,0.01782510336219674,0.009322100007800921,0.011350339340042126
T:TGTAC,0.038384734856889285,0.10197470601286887,0.07850011093854005,0.059596183714222324,0.0421122698025294,0.0489904592855558,0.05351675171954737,0.045351675171954736,0.03527845573552252,0.04291102729088085,0.04095850898602174,0.05648990459285556,0.050543598846239185,0.021344575105391613,0.033281562014643884,0.03501220323940537,0.0357665853117373,0.05307299755935212,0.01695140891945862,0.05924118038606612,0.020945196361215886,0.00994009318837364,0.019835810960727757
T:TGTAG,0.03570032254911543,0.10666112794448246,0.06656240836672857,0.05798553416088359,0.0406363014368097,0.04430163229400841,0.04762486560453524,0.05221874694555762,0.03384322158146809,0.038559280617730424,0.036115726712931284,0.06612256866386472,0.05070374352458215,0.018619880754569447,0.03311015541002835,0.03462515883100381,0.04022089727299384,0.05634835304466817,0.015321082983090607,0.07284234190206236,0.023433681947023752,0.008332518815365068,0.02011044863649692
T:TGTAT,0.039976188295631467,0.09771957138932137,0.08705009616265226,0.05865921787709497,0.05875080135543548,0.05540800439600696,0.05627804744024178,0.04798974265042586,0.036724974814543454,0.038190310467991574,0.043776902646762525,0.051836248740727175,0.05426321091675062,0.02843667002472754,0.036679183075373205,0.03567176481362762,0.026513416979576883,0.03823610220716183,0.01872882132063376,0.050874622218151845,0.016118692187929298,0.009524681747412767,0.012592728271819764
T:TGTCA,0.04058299671650958,0.10450475987999905,0.07603996881865212,0.06224458460302837,0.04552004346490917,0.05206340207403208,0.05045709021330877,0.048047622422223796,0.03155930361656391,0.039165662721753716,0.03928377388798337,0.06075638390853471,0.057071315522169465,0.019700942527106514,0.031039614485153428,0.03611839463302861,0.03810266222568682,0.049299600784258144,0.017740297167694232,0.05017362341435759,0.022464743816880448,0.008551248435027048,0.019511964661139063
T:TGTCC,0.03417809811671704,0.1014299000232504,0.06876307835387119,0.05386344261024568,0.037452530419282336,0.04386576765093389,0.047450205378594124,0.046229559017282804,0.036018755328218244,0.04210261179570642,0.039835697124699684,0.05682786948771604,0.05339843447260327,0.017379679144385027,0.030806789118809578,0.03501123769665969,0.04729520266604666,0.06068356196233434,0.01567464930636286,0.06990622335890878,0.02555607223126405,0.010617685809501667,0.025652948926606217
T:TGTCG,0.034059116895754776,0.09037829947694928,0.0590560759031748,0.056319182581194505,0.036126991850139886,0.048899160686047924,0.04579734825447026,0.047500304099258,0.04184405790049872,0.040810120423306166,0.03649191095973726,0.060637392044763413,0.04841260187325143,0.018063495925069943,0.03332927867656003,0.03211288164456879,0.04743948424765843,0.05771803916798443,0.015265782751490086,0.08441795402019218,0.026821554555406885,0.010825933584722053,0.027673032477800754
T:TGTCT,0.03809667218792351,0.10291049110504012,0.07602125325359778,0.05700518424505776,0.04809946866866006,0.04951922042721621,0.05326220233613699,0.048830855938219286,0.034310667498440424,0.04158151741347043,0.041710585755157355,0.051777916406737366,0.051519779723363524,0.021360810549185795,0.03299847269129004,0.03676296599049197,0.04300126917202659,0.050250607696775446,0.016929464151268097,0.055865080560156606,0.021704992793684257,0.008798158624991934,0.017682362811108483
T:TGTGA,0.036011794005667994,0.09240546188417828,0.07219534537543297,0.05879827097586809,0.0526722583230756,0.04889359631294192,0.05313027796066756,0.053788681189706006,0.03346405977156271,0.039361062605559216,0.0407064952909856,0.05645092033320929,0.05041078636246529,0.021269286920676724,0.028826610940944093,0.03125984026565139,0.03486674491168809,0.04688976039847709,0.017920018320785505,0.08533478372885238,0.020324621418143302,0.00861649443219878,0.016402828271262132
T:TGTGC,0.0345403599525811,0.09685849768293997,0.06757193663110249,0.05571721090634767,0.038554801163918524,0.04149154003664188,0.048631318029960124,0.048766030822286886,0.038689513956245286,0.04130294212738442,0.039928871645651474,0.06536264683694364,0.048442720120702665,0.019533354887380106,0.03311240435391745,0.03575277508352193,0.04440133635089988,0.058303696519021446,0.017081582067033085,0.06609009591550814,0.02594568380213385,0.009726263605992025,0.02419441750188598
T:TGTGG,0.03706196792714314,0.0989705008909127,0.0657889526826371,0.06313601267075826,0.03533953672540091,0.04108097406454168,0.048307265887942985,0.05325678083547812,0.03518115224707979,0.03995248465650366,0.03664620867155019,0.06541278954662443,0.05014848544842605,0.016214610968125123,0.029182340130667193,0.033933874480300934,0.04668382498515145,0.05664224905959216,0.015878043951692733,0.07230251435359335,0.025658285488022174,0.009621857058008314,0.023599287269847554
T:TGTGT,0.03388050627314431,0.09210744486818107,0.07301166196871718,0.05800585861935555,0.05029569446747361,0.046758414856574365,0.04742165478361798,0.05455148399933676,0.03556624108771348,0.04418836013928038,0.04183938539766761,0.06206820317249765,0.04863759464986459,0.021196042668435305,0.03034322666224507,0.035289891118111975,0.03852318576244956,0.04888630962250594,0.018791797932902227,0.07024816227270216,0.020919692698833803,0.008787929033327806,0.018681257945061626
T:TGTTA,0.039038853542528874,0.09697943047748471,0.0901846933102724,0.06214095991105072,0.06257335227623695,0.05491383037865217,0.05472851936500093,0.05454320835134968,0.039965408610785104,0.03551794428315523,0.04558650935820619,0.04929272963123108,0.05590215578479214,0.027549570696151708,0.03440607820124776,0.03743282475755142,0.02637593427636049,0.042559762801902525,0.021125455556241894,0.02853789610229168,0.019766508122799432,0.009636172709864723,0.011242201494842176
T:TGTTC,0.03795519457336666,0.10458318457693681,0.07591038914673331,0.060536415565869334,0.04873259550160657,0.047728489825062476,0.05279364512674045,0.0473491610139236,0.03596929667975723,0.0392493752231346,0.04139146733309532,0.0519234202070689,0.05558282756158515,0.022402713316672616,0.03478668332738308,0.039740271331667264,0.0373527311674402,0.05027222420564084,0.01968047126026419,0.047259907176008566,0.02135398072117101,0.009840235630132095,0.017605319528739737
T:TGTTG,0.040560268297494574,0.10065101597948313,0.07163148550009864,0.058630893667390015,0.04276977707634642,0.04803708818307358,0.04825409350956796,0.05391595975537582,0.033478003550996255,0.03985006904714934,0.03892286447030972,0.062300256460840406,0.05594791872164135,0.020516867232195698,0.032333793647662264,0.03517459064904321,0.03695008877490629,0.05438942592227264,0.01832708621029789,0.05533635825606629,0.022963109094495955,0.008167291378970211,0.020891694614322352
T:TGTTT,0.03899161842218958,0.09759785708113713,0.08938909530804459,0.0643307698954463,0.05545234597770673,0.05532273394971053,0.056683660243670615,0.0486261125032403,0.03698263198824851,0.04076298280480429,0.045969065929318244,0.04456493562602609,0.05538753996370863,0.02771537198652035,0.03426077940032835,0.03830035427287652,0.027823382009850513,0.039099628445519743,0.021947636740689537,0.04037414672081569,0.018340101961462022,0.009958524151041216,0.012118724617644518
T:TTCAA,0.04022093899071052,0.1071051970876224,0.0950288727090133,0.0616118503640472,0.05699221692191815,0.05428069294501632,0.05621390911373337,0.04812955059000753,0.038739643484810446,0.03936731107205624,0.045769520461963344,0.046949535525985436,0.05455686668340447,0.027115239769018327,0.03675621390911373,0.035325131810193325,0.027893547577203113,0.03766005523474768,0.020461963344212904,0.029073562641225206,0.018503640472006026,0.010369068541300527,0.011875470750690434
T:TTCAC,0.03892127287985665,0.09970741001156751,0.07620948535915988,0.055501372224364354,0.05014856313366146,0.048946449227698516,0.05221257002880537,0.05067023520606047,0.03418086143936129,0.04030483794143664,0.04025947515253238,0.05241670257887455,0.052257932817709636,0.020866882895960445,0.03458912653949965,0.03558710789539341,0.03524688697861145,0.048628909705368685,0.01932454807321554,0.06430175327179115,0.021842182857402075,0.010569529814693007,0.01730590396697589
T:TTCAG,0.041636803066922246,0.10587548962413534,0.07930660888407368,0.05742145178764897,0.04473706142178515,0.046470539211600964,0.05317109759146595,0.04957079756646387,0.03553629469122427,0.040470039169930826,0.03931994332861072,0.05352112676056338,0.055237936494707894,0.019851654304525377,0.03528627385615468,0.035719643303608634,0.038719893324443706,0.051720976748062336,0.01888490707558963,0.04603716976414701,0.022685223768647386,0.010750895907992332,0.01806817234769564
T:TTCAT,0.04262528981630105,0.10049126903059487,0.08312661121649886,0.06318400700423173,0.05403959336543606,0.05259659192243462,0.0540233798660765,0.04497624722343824,0.03670736255005918,0.03983656792645557,0.04346839178299852,0.04979165653322957,0.05496376282893137,0.024255395041911897,0.0354751365987321,0.03505358561538337,0.0296220633299285,0.04434392074841513,0.019893963714188435,0.04893234106717253,0.019537266728277963,0.008317525171457755,0.014738070917846199
T:TTCCA,0.03985471541396252,0.10103754592935678,0.0813987864795236,0.06288626413075613,0.04917432742528121,0.05218701167063196,0.054678811256739825,0.04697816507820309,0.037841566595807584,0.0409668745512649,0.04203679979727732,0.05182098461278561,0.05621330930694184,0.023186406318190137,0.03368856728562781,0.037391071755381304,0.03422352990863402,0.046288344853800345,0.018315430856080978,0.04413441639801219,0.02004702039896949,0.009671561105401716,0.015978488871369646
T:TTCCC,0.04112958123805969,0.1074902830540855,0.0673927842069435,0.05432706032192187,0.04304003162124772,0.04780517797931443,0.04934232196578757,0.04622411559322778,0.036364434879992975,0.04025121324578932,0.039109334855837855,0.0532949779310042,0.05151628274665671,0.01906058543226685,0.031247941325018118,0.034607698895452246,0.040690397241924504,0.05226289554008652,0.015217725466084017,0.07960209929950153,0.022398383802894224,0.009969476712268605,0.01765519664463427
T:TTCCG,0.03589990891067888,0.09451856614692172,0.06478058190001608,0.05079569201093072,0.034721105931522264,0.04640197181589241,0.04902748754219579,0.049348979263783954,0.03665005626105128,0.04243690724963832,0.0412581042704817,0.05454642876279269,0.05245673257246959,0.017628462733751273,0.03230991801961099,0.033703048813159726,0.047580774795049026,0.06263730375609494,0.014681455285859723,0.07415742377967101,0.028398435406954938,0.011841611745164229,0.02421904302630874
T:TTCCT,0.04466983167889512,0.10971083297367286,0.07666522802474464,0.05576176089771256,0.04491440080563948,0.04992087469428859,0.05324413753416775,0.04754711552294634,0.03746223564954683,0.03888649115235218,0.04215220831535031,0.049028916702632715,0.05465400661775284,0.02245720040281974,0.0339663357790246,0.037922601064595024,0.0357358653431161,0.04881312041432887,0.016918429003021148,0.05007912530571141,0.023205294202273054,0.009293626816285427,0.016990361099122428
T:TTCGA,0.040244718478156964,0.09798298441831566,0.08001147117866361,0.05410572603001625,0.051620303986234586,0.05305420131918555,0.05171589714176465,0.046267087276550996,0.03489150176847338,0.0377592964343753,0.04339929261064908,0.04798776407609215,0.05515725074084696,0.023898288882516012,0.032692859191281905,0.03326641812446229,0.03556065385718383,0.0523850492304751,0.017589140617531786,0.058885383806519455,0.023324729949335626,0.010706433419367173,0.01749354746200172
T:TTCGC,0.04019474637681159,0.08944746376811594,0.078125,0.051743659420289856,0.0390625,0.04608242753623189,0.05310235507246377,0.043817934782608696,0.03883605072463768,0.035552536231884056,0.04110054347826087,0.051177536231884056,0.049592391304347824,0.020493659420289856,0.033627717391304345,0.03860960144927536,0.041893115942028984,0.05627264492753623,0.016870471014492752,0.07461503623188406,0.026947463768115944,0.011322463768115942,0.021512681159420288
T:TTCGG,0.04490824037423534,0.09722921914357682,0.06937747391147894,0.05131342209427852,0.04274919035624325,0.043396905361640876,0.05491183879093199,0.04426052536883771,0.04346887369557395,0.03807124865059374,0.04037423533645196,0.05332853544440446,0.054623965455199715,0.017488305145735877,0.03130622526088521,0.033537243612810366,0.04857862540482188,0.055631522130262685,0.014825476790212306,0.06074127383951061,0.025836631881971932,0.011083123425692695,0.022957898524649155
T:TTCGT,0.04311279826464208,0.09508315256688359,0.06995661605206074,0.05477223427331887,0.04844540853217643,0.05133767172812726,0.05549530007230658,0.05224150397686189,0.035882140274765,0.03895516992046276,0.042932031814895154,0.0492588575560376,0.05133767172812726,0.022053506869125092,0.03398409255242227,0.03389370932754881,0.03895516992046276,0.051970354302241506,0.019522776572668113,0.056127982646420826,0.021149674620390455,0.013376717281272595,0.020155459146782358
T:TTCTA,0.03551393803400363,0.10149305255890222,0.09143868128074566,0.06295848796064556,0.057521360144990076,0.05648571675153189,0.06019677224475706,0.0493225166134461,0.04073530680935531,0.0409510658496591,0.04604297920082851,0.04440321049451972,0.05687408302407871,0.03024941745059118,0.03810304651764909,0.038405109174074394,0.025502718563907827,0.03771468024510227,0.02110123414171054,0.02809182704755329,0.014844221972900664,0.011780443600586865,0.010270130318460344
T:TTCTC,0.03883086670296491,0.09965104192446667,0.06992773350492501,0.05455872890164827,0.04110775627382072,0.047752808988764044,0.04957184576548038,0.04647824580507846,0.036665346730683564,0.04032816908379944,0.041021135474929464,0.05017819135771915,0.04988120576152057,0.02002177894372123,0.03170321239419888,0.04165222986685146,0.03910310349948028,0.050735039350591496,0.01575261099836658,0.08478938771469584,0.022137801316636143,0.009379795079938623,0.018771964559718853
T:TTCTG,0.03883062668635137,0.10286107010130835,0.079608511938095,0.05871048210558469,0.0485414651529807,0.05015781703405794,0.05421778750699995,0.04707783943389503,0.03725245634577203,0.04131242681871405,0.043412411546097845,0.05064144988036451,0.05117599144733493,0.02326528534337932,0.03365066435880466,0.03662882451763987,0.03497429109606476,0.04989054625057272,0.018008959934836838,0.048999643638955356,0.022705289416076975,0.010118108231940131,0.017958051214172988
T:TTCTT,0.042487299726455645,0.10750293083235639,0.08176045330207111,0.05952520515826495,0.051484955060570534,0.05150449394294646,0.056623681125439626,0.046834701055099646,0.036811254396248536,0.03820828448612739,0.04442164908167253,0.04648300117233294,0.05530480656506448,0.02370066432200078,0.03505275498241501,0.03708479874951153,0.030685814771395075,0.04524228214146151,0.018815943728018758,0.04555490425947636,0.020115279406017976,0.009613130128956624,0.015181711606096132
T:TTTAA,0.03668783778452799,0.09933330703380804,0.09641405972622194,0.06371060002366957,0.06027851197285889,0.06173813562665194,0.057674858968795616,0.04958775494102331,0.040119925835338674,0.03798966428655963,0.047654739831946034,0.045287782555524875,0.05621523531500256,0.0339263876287033,0.03720067852775257,0.03491261982721212,0.025247544281825712,0.03463647481162965,0.022604441989822085,0.022604441989822085,0.01593751232790248,0.01045406130419346,0.009783423409207464
T:TTTAC,0.03778801843317972,0.09688940092165899,0.09556451612903226,0.061635944700460826,0.05789170506912442,0.05846774193548387,0.05841013824884793,0.044642857142857144,0.03605990783410138,0.03894009216589862,0.04544930875576037,0.04377880184331797,0.05432027649769585,0.029493087557603687,0.03559907834101383,0.037557603686635944,0.023559907834101383,0.033640552995391704,0.01826036866359447,0.05316820276497696,0.016244239631336404,0.01065668202764977,0.011981566820276499
T:TTTAG,0.042330978809283555,0.1037840565085772,0.09127144298688193,0.0624117053481332,0.059031281533804235,0.05353178607467205,0.05882946518668012,0.04934409687184662,0.03673057517658931,0.03703329969727548,0.04535822401614531,0.04924318869828456,0.057719475277497476,0.027194752774974774,0.03440968718466196,0.03905146316851665,0.025529767911200808,0.03985872855701312,0.021745711402623612,0.029616548940464178,0.0156912209889001,0.009283551967709384,0.01099899091826438
T:TTTAT,0.03919306212081736,0.09502363494249451,0.09658689098150147,0.06461458294562102,0.061599732013250454,0.05739382886068411,0.05731938809692187,0.04924256522871925,0.03707150035359363,0.03863475639260059,0.04652547735139762,0.04313842260021588,0.053746231436334536,0.02877135519410429,0.036922618826069155,0.03710872073547475,0.024751553950943538,0.03312613987419511,0.02233222912867086,0.03952804555774742,0.016749171846503146,0.010942792273048722,0.009677299289090707
T:TTTCA,0.04272330233868695,0.0993413637644407,0.09351225697379544,0.06234150464919696,0.05730487461256692,0.0541701887855734,0.05587841645533953,0.04770710059171598,0.03698224852071006,0.03971189067342913,0.045558608058608056,0.046386306001690615,0.05624823894054663,0.026820935474781628,0.03626021414482953,0.03581994928148774,0.027912792335869258,0.03832065370526909,0.02227740208509439,0.03382995209918287,0.018579177233023388,0.01039025077486616,0.011922372499295576
T:TTTCC,0.04116152683538605,0.09912531755474804,0.07975045824356047,0.06045599253947326,0.052963308357719396,0.05407274013570441,0.054539023056886515,0.04733575586069396,0.03876579734379522,0.039601890857639,0.044570215776441456,0.046322796411229376,0.05471588899250732,0.02386082258738785,0.03284882786120848,0.03521239990995916,0.03268804064700775,0.044489822169341095,0.018361899861722996,0.05704730359841785,0.019921535839470046,0.009422130752162588,0.012766504807537705
T:TTTCG,0.0439975938815846,0.09426828220331701,0.08266735412907107,0.05594225315803042,0.04554438429148406,0.050184755521182435,0.058004640371229696,0.047348973103033425,0.03884162584858641,0.03540431382658761,0.04219300507003523,0.048895763512932885,0.0545673283492309,0.02234252814299218,0.03351379221448827,0.03609177623098737,0.040044685056285986,0.05207527713328177,0.018131820916043654,0.04674744349918364,0.02302999054739194,0.01151499527369597,0.018647417719343473
T:TTTCT,0.04128699663101725,0.10058335405973727,0.08408890496755375,0.05894589278042824,0.0526827503561173,0.054129830194225244,0.05692224206932417,0.04788929839238474,0.037183168652633006,0.03999819115020237,0.045729983946458046,0.044068103194880956,0.05363239649987564,0.02640920704546996,0.034515115201121487,0.035611730390937665,0.02870418522621928,0.040212992063671515,0.020213896488570332,0.05634567119632804,0.01796413955276189,0.010468718203812151,0.0124132317362697
T:TTTGA,0.04071029776674938,0.0999793217535153,0.08715880893300249,0.06113006617038875,0.05761476426799007,0.05182485525227461,0.05342741935483871,0.050196443341604634,0.03546319272125724,0.037686104218362285,0.0445616211745244,0.05048076923076923,0.05521091811414392,0.025847808105872623,0.03404156327543424,0.03453267162944582,0.02938895781637717,0.04099462365591398,0.02000620347394541,0.04841294458229942,0.019696029776674936,0.009331058726220016,0.012303556658395368
T:TTTGC,0.040711229535497426,0.09863954292741667,0.08552176475109528,0.05969613896646256,0.05318849119930312,0.05078014911224411,0.054213317619328225,0.048986702877200174,0.038610335374445956,0.039737644436473575,0.0435551228510671,0.04908918551920269,0.05434142092183136,0.02513386795111578,0.03146217109477082,0.03374240987932669,0.03276882478030284,0.04358074351156773,0.01875432348645948,0.05349593912531065,0.019369219338474547,0.008890369193717815,0.01573108554738541
T:TTTGG,0.04484941073766914,0.10259711916193802,0.07920122217372326,0.06036665211697949,0.051003928415539065,0.051025752946311655,0.054714098646879095,0.04714098646879092,0.03670886075949367,0.03991706678306416,0.04807944129201222,0.05242252291575731,0.053295504146660844,0.023330423395896988,0.03190746398952422,0.036075949367088606,0.03363160192055871,0.04674814491488433,0.018005237887385422,0.04061545176778699,0.022151898734177215,0.009711916193801833,0.01649934526407682
T:TTTGT,0.040073445030984624,0.09628184530640349,0.08432407619921965,0.06056919899013082,0.05591002983704384,0.05368372733532247,0.0552444342437457,0.04946063805370668,0.037296304796878586,0.03979802616479229,0.04590314436538903,0.04654578838650448,0.0548083543722745,0.028023869635070003,0.034565067707137936,0.03467982556805141,0.028804223089281617,0.039591462015148036,0.02058756024787698,0.052123020426899244,0.019256369061280698,0.009524902455818223,0.012944686711039707
T:TTTTA,0.03844013080080707,0.09862241703193488,0.10018785222291797,0.06334794406178251,0.062095595908996035,0.05659917901621095,0.059695261949488626,0.05058095039309817,0.03868364294162666,0.037500869686217214,0.04671954358867321,0.04369303555277256,0.0546162944409657,0.032491477075071315,0.038196618659987476,0.037326932442774644,0.02389897724900856,0.03196966534474362,0.022542266750156543,0.02567313713212273,0.015967438948027553,0.01102762123425868,0.010123147568357336
T:TTTTC,0.040744885742543334,0.10116599864660872,0.08781427307271876,0.06131903596897611,0.05561917651345583,0.05688147415543179,0.05653011295611889,0.04795429701733382,0.03850658476914268,0.03933944094529176,0.048253604705637394,0.04381604289209307,0.0548513872260684,0.0273150799021394,0.034758731976471814,0.036372390817760655,0.028486283899849044,0.03862370516891364,0.02149810004684816,0.04082296600905731,0.01807558169798553,0.01031960855759721,0.010931237311956691
T:TTTTG,0.04045683712316082,0.09951641115341084,0.0899681037143739,0.06432760572075316,0.059244778269369275,0.05584936721884968,0.057248688136639574,0.04889391912748225,0.03829612100010289,0.03860479473196831,0.04872929313715403,0.04630105977981274,0.05473814178413417,0.02858318757073773,0.03337791953904723,0.03391295400761395,0.0287066570634839,0.0394073464348184,0.019899166580923965,0.03189628562609322,0.019281819117193125,0.010638954624961415,0.012120588537915424
T:TTTTT,0.03751118661549896,0.09839671151425061,0.09465014334036131,0.06306975897583691,0.05857994448405054,0.05803388596477922,0.05929285421754365,0.047901466773855934,0.03858813536183961,0.037617364660912825,0.049645820377083746,0.04508016442428747,0.055379434829432556,0.031898918500765996,0.0341286574544572,0.03672243542099595,0.025042850425470595,0.03544829887602955,0.02153897492681299,0.03271800627967297,0.01736769457126822,0.010587467956982724,0.010799824047810457
U:AACAA,0.04034029722162395,0.09799698470816283,0.0817790221839328,0.06211501184578936,0.051475339220331685,0.05110919664010338,0.055395218608658196,0.05063536506569029,0.03693732500538445,0.03844497092397157,0.04316174886926556,0.051087658841266426,0.059724316174886924,0.025673056213654965,0.035085074305405986,0.03857419771699332,0.030626749946155503,0.046241654102950676,0.02039629549860004,0.039112642687917296,0.019922463924186947,0.009347404695240147,0.014818005599827698
U:AACAC,0.037524453138893826,0.0945758491908234,0.07889027209674551,0.0598257158100658,0.05086252889916415,0.05047127867686289,0.04922639160590432,0.052178552374177484,0.0353192246131958,0.04221945580650898,0.04253956962475547,0.05790503290058688,0.049155255201849546,0.021127512004268184,0.031264449582073625,0.03620842966388049,0.0350346789969767,0.05029343766672595,0.019242397296816646,0.056482304819491375,0.022194558065089808,0.008500800284545616,0.018957851680597545
U:AACAG,0.03903288597479766,0.10658743981149472,0.07906976744186046,0.06087491035754533,0.049482634975924596,0.05116279069767442,0.05286343612334802,0.051203770105521976,0.03532424956459379,0.039094355086569,0.041717037188812624,0.05114230099375064,0.057494109210121914,0.023604138920192603,0.03571355393914558,0.03962708738858724,0.03376703206638664,0.04815080422087901,0.020858518594406312,0.03751664788443807,0.020489703923778302,0.009609671140252024,0.015613154389919066
U:AACAT,0.03885832187070151,0.10038399816597891,0.07926409903713892,0.06155433287482806,0.048544245758826224,0.05029229711141678,0.05195437872535534,0.048143053645116916,0.03527624942686841,0.039288170563961486,0.04226845483723063,0.05307198532783127,0.05295735900962861,0.024272122879413112,0.03143626776707932,0.035620128381476386,0.03410132966529115,0.04642365887207703,0.019314534617148098,0.05845942228335626,0.02146377808344796,0.009513984410820724,0.017537826685006877
U:AACCA,0.043909492161737104,0.10192278423215463,0.0738420171477855,0.058850388108162954,0.046623712647760135,0.04768910760489067,0.051519456141240934,0.047054943939932016,0.035107300492111006,0.03858251737608442,0.041753335700877685,0.060017249251686874,0.053853178428288774,0.021637664248389223,0.03267211201866978,0.034980467759119276,0.036324894728831617,0.049845264065750086,0.018111714271219118,0.056313733448328344,0.022195728273552838,0.00943635533458475,0.017756582618842272
U:AACCC,0.03720650612871981,0.09512040346013827,0.0655622724691894,0.05267025149460606,0.03713970809258208,0.04358571857987375,0.04655823118800307,0.049998330049096554,0.030894091713703616,0.040579806953675565,0.038241875688854746,0.06542867639691394,0.04799438896496443,0.01686650412477873,0.029123943756053573,0.03286463377976687,0.04575665475435022,0.05641094151831936,0.014027587588924886,0.1003306502788818,0.023045322467519454,0.008783941752112489,0.02180955879897131
U:AACCG,0.04526820758831226,0.09576973397296118,0.0648931530745748,0.050937636284343654,0.0316615787178369,0.04160488443087658,0.048495420846053204,0.048320976886175315,0.03750545137374618,0.040907108591365024,0.04256432621020497,0.054688181421718274,0.05268207588312255,0.01875272568687309,0.0324465765372874,0.033318796336676844,0.04866986480593109,0.060706498037505455,0.015176624509376364,0.07631923244657654,0.026341037941561275,0.009594417793283908,0.023375490623637158
U:AACCT,0.036037532176368015,0.09773312297600266,0.07301613662155056,0.05829112347421739,0.042099144731379226,0.042929502615627335,0.05095629549669241,0.04879736499764732,0.033408065542915664,0.040410750366741396,0.0389161061750948,0.06047773256940408,0.052727725649755045,0.018157159068892027,0.030446455755764067,0.03432145921558859,0.039857178443909326,0.052893797226604665,0.015749121204572503,0.08107060809875723,0.02147859060588447,0.009632151457278087,0.02059287552935315
U:AACGA,0.043043118368575516,0.0958687636391,0.07050944390097073,0.05425539920234781,0.04439762209346076,0.052750395063586426,0.05259989464971029,0.04507487395590338,0.03717360222740613,0.0394311084355482,0.040484611332681164,0.051922642787267666,0.04876213409586876,0.019264052976145685,0.033260591466626535,0.03815185491760102,0.041613364436752204,0.05327714651215291,0.017834299044322374,0.060726916999021746,0.024682067875686657,0.011889532696214915,0.02302656332304914
U:AACGC,0.03592021930239153,0.08772095661215616,0.06304943756498724,0.047263446450515174,0.04310426316286984,0.05690518952642026,0.05019378013044711,0.050477360809150204,0.03516400415918329,0.039701295018432746,0.039701295018432746,0.05822856602703469,0.04679081198601002,0.017676528972492674,0.031004820871537952,0.03015407883542868,0.0473579733434162,0.059079308063143966,0.018243690329898855,0.07741752528594385,0.028358067870309103,0.01087059268361849,0.025616787976179223
U:AACGG,0.035796387520525455,0.09638752052545156,0.06264367816091954,0.050821018062397375,0.040229885057471264,0.045402298850574715,0.050656814449917896,0.049178981937602624,0.037848932676518884,0.0367816091954023,0.03908045977011494,0.056568144499178984,0.05041050903119869,0.02019704433497537,0.03226600985221675,0.03423645320197044,0.04893267651888342,0.06050903119868637,0.01600985221674877,0.07389162561576355,0.02857142857142857,0.01083743842364532,0.022742200328407226
U:AACGT,0.0433392539964476,0.09396092362344582,0.06980461811722913,0.05293072824156306,0.04591474245115453,0.050355239786856125,0.046269982238010654,0.04706927175843695,0.03374777975133215,0.03774422735346359,0.03845470692717584,0.05284191829484902,0.05186500888099467,0.020959147424511545,0.03161634103019538,0.033836589698046184,0.04413854351687389,0.05825932504440497,0.01678507992895204,0.0674955595026643,0.027353463587921848,0.01216696269982238,0.023090586145648313
U:AACTA,0.039272913466461855,0.10153609831029185,0.08330773169482847,0.061136712749615976,0.05514592933947773,0.051203277009728626,0.053609831029185866,0.04900153609831029,0.033947772657450075,0.03799283154121864,0.04352278545826933,0.053609831029185866,0.05857654889912955,0.027035330261136713,0.03604710701484895,0.037071172555043524,0.029288274449564774,0.04679979518689196,0.018074756784434202,0.04055299539170507,0.01858678955453149,0.00931899641577061,0.015360983102918587
U:AACTC,0.04032545856826779,0.1074512882734994,0.07415602026978803,0.05641995574905431,0.04746270787238598,0.049461137677539076,0.054635643423024766,0.050567411319677395,0.033009778031546644,0.03875526372136179,0.04096781100563843,0.05188780244093926,0.05474270216258654,0.02044821925629862,0.03165370066376418,0.03443722789237028,0.036435657697523376,0.04942545143101849,0.01702233959032189,0.06270073513667833,0.02069802298194276,0.010099207765327243,0.017236457069445436
U:AACTG,0.0399592771697633,0.10562484092644439,0.07683889030287605,0.062076864342071776,0.04695851361669636,0.0501654364978366,0.053016034614405703,0.048994655128531434,0.03530160346144057,0.039882921863069486,0.042529905828455075,0.0543395265970985,0.06258589972003054,0.022295749554594044,0.03435988801221685,0.03759226266225503,0.034741664545685925,0.048791040977347926,0.018732501908882666,0.0399592771697633,0.020030542122677526,0.009798931025706286,0.015423771952150675
U:AACTT,0.038230814658253814,0.09610543001895999,0.08277126783327635,0.06210176234730986,0.051596058807074255,0.05283933733254592,0.05529481242035247,0.05165822273334784,0.03872812606844248,0.03826189662139061,0.04236471575544711,0.055046156715258136,0.05604077953563547,0.024989898361980543,0.033537438224598266,0.0345320610449756,0.02980760264818326,0.044509371211885744,0.018680259845211825,0.0484256985671215,0.0198924564075467,0.009417834830447891,0.01516799801075436
U:AATAA,0.03937041828374299,0.09805950840879689,0.0988788270806382,0.06459680896938336,0.061836998706338936,0.05657611039241052,0.05653298835705045,0.04963346269943941,0.03855109961190168,0.0364381198792583,0.0463130659767141,0.047003018542475204,0.058085381630012936,0.02919361793876671,0.03454075032341526,0.03747304872789996,0.025053902544200087,0.033807675722294095,0.02233721431651574,0.028072445019404917,0.015998275118585596,0.010392410521776628,0.011254851228978008
U:AATAC,0.04022897957040071,0.09484795966598393,0.08901843390578226,0.059450659104038656,0.058452812352292424,0.054566461845491306,0.06044850585578489,0.05025996533795494,0.039651278819389735,0.03765558531589727,0.04353762932619085,0.049787301087127776,0.055249199096686095,0.02793970904889449,0.035922483062864344,0.03534478231185337,0.028569928049997376,0.04338007457591513,0.018538942282443148,0.03665773856415104,0.020114489785200355,0.008455438264797017,0.011921642770862875
U:AATAG,0.03964466632405844,0.103663460832538,0.09360546215402687,0.06768959694589237,0.05755818221863299,0.0622568093385214,0.05924675133984289,0.04764701563761838,0.04309522061522649,0.03707510461786947,0.043168636663974747,0.04654577490639454,0.05579619704867484,0.030247412084281625,0.03421187871668747,0.034505542911680495,0.02246531091696645,0.03553336759415608,0.021951398575728653,0.026209529403127523,0.01637177887086117,0.010351662873504149,0.011159239409734968
U:AATAT,0.04098705068948394,0.10099698231406853,0.09308988120249055,0.06256923488292143,0.06409717712670461,0.05691584858092364,0.056724855800450745,0.050613086825318,0.03873333587990374,0.037358187860498875,0.04587646586959013,0.049849115703426414,0.059360556170976735,0.03059704343175828,0.0346842889338783,0.033996714924175865,0.024943657129760495,0.035944841284999425,0.020818213071545896,0.028954505519691354,0.015890599335345125,0.008671072233469575,0.008327285228618359
U:AATCA,0.042859557208044616,0.10109852966030083,0.08727395639682271,0.06357951664694947,0.055298293053912456,0.05489268210241677,0.05651512590839953,0.05090417441270914,0.0349839445665033,0.03941186412033125,0.04407639006253169,0.05120838262633091,0.05637992225790096,0.02690552644921413,0.032313672469156667,0.035457157343248266,0.02727733648808518,0.03985127598445158,0.020280547574784518,0.04025688693594727,0.018827108331924962,0.008923440932905188,0.011424708467128612
U:AATCC,0.046303180503924,0.09756299049979347,0.07653862040479141,0.060140437835605125,0.05026848409748038,0.053572903758777365,0.05510119785212722,0.04981412639405204,0.032589838909541514,0.040437835605121854,0.041346551011978525,0.053944650970673275,0.05299463031805039,0.022139611730689797,0.0335398595621644,0.03329202808756712,0.034242048740190004,0.04849235852953325,0.017430813713341594,0.05427509293680297,0.020363486162742667,0.00859149111937216,0.01701776125567947
U:AATCG,0.04199772985244041,0.09619750283768445,0.07902951191827469,0.05831441543700341,0.04299091940976164,0.0503688989784336,0.054341657207718504,0.05150397275822929,0.040011350737797956,0.03901816118047673,0.042707150964812715,0.04597048808172531,0.05859818388195233,0.019721906923950056,0.032491486946651535,0.031498297389330306,0.03901816118047673,0.05476730987514188,0.017877412031782065,0.05008513053348468,0.024262202043132803,0.01177639046538025,0.017451759364358683
U:AATCT,0.04159160335239289,0.09974935380277278,0.08933187123051617,0.06007676039790084,0.05149996083653168,0.04942429701574371,0.05616041356622543,0.047191979321688726,0.04445053653951594,0.03963342993655518,0.042688180465262,0.054554711365238505,0.05619957703454218,0.02475131197618861,0.03434636171379337,0.03587373697814678,0.030195034072217436,0.040925824391008066,0.019464243753426803,0.042022401503877184,0.017192762591055063,0.009634213205921517,0.013041434949479127
U:AATGA,0.043668425437378505,0.10041192261408868,0.08344904193279644,0.0646116819402018,0.05338794779227992,0.05875682680736832,0.05403591594927335,0.046144589465889105,0.036610200870128666,0.04054429325187448,0.04524206239007683,0.05116634268258817,0.055702119781542166,0.025617883921133018,0.03462001295936314,0.034643154679255765,0.029598259742664074,0.042418772563176894,0.021220957141534758,0.03614736647227622,0.019230769230769232,0.009117837637693233,0.013653614736647227
U:AATGC,0.04255099583777648,0.09951498056482405,0.08135255065185236,0.0600598534622132,0.048880327474115096,0.05328334078635066,0.05245777579030649,0.04554366894843659,0.03718482336348939,0.037666402944515155,0.045062089367410824,0.05586323139898868,0.05558804306697396,0.02256544322520725,0.0339513604623164,0.034020157545320076,0.03106188297616181,0.046403632485982595,0.01933198032403426,0.05228578308279729,0.020639124901104193,0.009425200371504247,0.015307350968318943
U:AATGG,0.04205076732084841,0.10631553923769778,0.0854486383686838,0.06310256477984098,0.05488787342507726,0.05256345915106051,0.05467656303653028,0.046303388890356324,0.034628489923135844,0.03896035288834887,0.04300166406930981,0.053303045510974936,0.05470297683509866,0.023006418553052115,0.03328138619614887,0.03650386962149026,0.0327795240233498,0.04553738873187353,0.018304762407881876,0.037375524974246545,0.019678279933437227,0.009746691671729311,0.01384083044982699
U:AATGT,0.03647425434040659,0.09134886481673839,0.074373052381659,0.056595934114853835,0.050037097492209526,0.04787060394717317,0.04828609585991987,0.05175842113073156,0.03561359252114557,0.03733491615966761,0.03994657961121828,0.04709897610921502,0.0508384033239353,0.021457189493990208,0.028401840035613593,0.02970767176138893,0.02763021219765544,0.0399762576049859,0.01837067814215759,0.13123608844042142,0.016946134441311766,0.008102092298560617,0.010595043775040808
U:AATTA,0.04001173938563882,0.10115437292115045,0.09724124437487772,0.06554490315006847,0.06265897084719232,0.05977303854431618,0.05952846801017413,0.04857170808061045,0.04001173938563882,0.037272549403247895,0.04612600273918998,0.04685971434161612,0.05703384856192526,0.03130502837018196,0.038397573860301314,0.03282136568186265,0.02264723146155351,0.03482684406182743,0.021571121111328508,0.023038544316180787,0.01491880258266484,0.009880649579338681,0.008804539229113676
U:AATTC,0.04150792786909038,0.09792823192191866,0.08457603134864482,0.05547694205580349,0.05340880229309532,0.05155836145277747,0.05417074852146148,0.05275570552592431,0.03396103189289213,0.03806102826457676,0.042052175175066216,0.049381372228874135,0.0550052610572911,0.02445484561518087,0.03225572366750118,0.03185660897645223,0.0257973223032546,0.039439788106382205,0.019447770400203186,0.07895214252022786,0.017742462174812235,0.008562824280686478,0.011646892347882878
U:AATTG,0.04033165284779801,0.10724553143619016,0.08978792550310404,0.06328902962376567,0.055539352526978045,0.0557060122494896,0.05778925878088413,0.04962293237781759,0.04203991500354152,0.03812341152451981,0.045289779592516975,0.04991458689221282,0.062789050456231,0.02724886463064039,0.03574851047873005,0.03504020665805591,0.025873921919920002,0.0355401858255906,0.021290779550852047,0.02558226740552477,0.015916003499854173,0.009499604183159035,0.01079121703262364
U:AATTT,0.03926835072926937,0.09601196749736511,0.09553598748852549,0.0644952911977697,0.06136742256825213,0.057117601060755446,0.0593615068167137,0.05415972529153776,0.03960833644986911,0.03848638357188998,0.04375616224118587,0.04783599088838269,0.05925951110053378,0.02940876483187706,0.03603848638357189,0.03178866487607521,0.026246897630299526,0.033454594907013906,0.01982116751096454,0.02879679053479754,0.017543263182946318,0.010471560194471832,0.010165573045932071
U:ACCAA,0.04271577398609364,0.1061486983554427,0.0723083129642374,0.05847314838985263,0.04603811196278981,0.046465269702650754,0.053489641424808373,0.04724839222572914,0.035430361422909895,0.04031894444576283,0.044495597902180876,0.05572035406630437,0.05256413298844301,0.022093547545029544,0.03122997698094402,0.03414888820332709,0.03825434870310164,0.05275398087282565,0.016113339186976435,0.052184437219677735,0.023161441894681885,0.009729704074610218,0.018913595481620353
U:ACCAC,0.03780518615494154,0.09432922207675877,0.06366705712120169,0.05535267231677347,0.03709318082638554,0.0411585015733021,0.05225200395048118,0.061737752359953144,0.031190426973517996,0.03844828774202439,0.03656491880842463,0.07480649532602954,0.049541790119203476,0.01763935781712947,0.029789384230230368,0.03424515951216151,0.04499414318197478,0.05831553320011943,0.01711109579916856,0.06697443671191346,0.023863662463538438,0.010634144100691334,0.022485587634075196
U:ACCAG,0.03944612520363044,0.0992885401775325,0.06984939658898234,0.056551082150337446,0.03514079590411915,0.04248811463147046,0.0471923933641411,0.04823963562618438,0.036304398417500584,0.040626350610060175,0.03746800093088201,0.06211975132152,0.050267628578077726,0.0170883340536587,0.0312011702516706,0.03638751288274211,0.045097908840054525,0.060706805412413974,0.014561654310316167,0.07063067256225274,0.02574886133182619,0.010023604508128595,0.023571262342498088
U:ACCAT,0.03999886447510362,0.1039289161414864,0.07238971214443876,0.058905353999886445,0.04065179129052404,0.045165502753647876,0.04979276670641004,0.047237835689547494,0.03375347754499517,0.040453074433656956,0.0370464997445069,0.06506557656276614,0.055498779310736386,0.01779935275080906,0.03227729517969682,0.03520127178788395,0.039629818883779026,0.05484585249531596,0.017259978425026967,0.0607505819565094,0.023022767274172486,0.008857094191790154,0.02046783625730994
U:ACCCA,0.0400355871886121,0.10341925555448687,0.06626911609118015,0.05619409445032221,0.03359142060209676,0.042680580936808696,0.04760988746753871,0.048235067808021545,0.03510628065788208,0.041189766278734254,0.038304318553428876,0.06925074540732903,0.047730114456093105,0.016639415215927673,0.02919111282100606,0.03462537270366452,0.045012984514763876,0.05799749927863807,0.01356160430893527,0.0735789169952871,0.027459844185822833,0.008704433971337886,0.023612580552082332
U:ACCCC,0.032418604651162794,0.09888372093023255,0.05702325581395349,0.051651162790697674,0.027930232558139534,0.035651162790697674,0.04332558139534884,0.04658139534883721,0.03367441860465116,0.04111627906976744,0.03583720930232558,0.07362790697674419,0.050372093023255814,0.013162790697674419,0.02958139534883721,0.031953488372093025,0.05465116279069768,0.06804651162790698,0.01044186046511628,0.09683720930232557,0.028465116279069766,0.009465116279069768,0.02930232558139535
U:ACCCG,0.0363990325054569,0.09728039643678839,0.05533596837944664,0.048020765736534715,0.031856527638487404,0.04229838947554716,0.041590466639136334,0.04796177216683382,0.037460916760073154,0.0408235502330246,0.03575010323874698,0.0611173382101351,0.0430653058816589,0.016872160934458143,0.028434900595835054,0.027844964898826027,0.05397911627632588,0.06949442510766327,0.01380449531001121,0.10046604920063713,0.029201817001946788,0.011149784673470591,0.029791752698955815
U:ACCCT,0.03786134561268867,0.1028651829112305,0.05917114351496546,0.05042210283960092,0.03576362240982348,0.04072652852391916,0.047301100025581994,0.050370938859043236,0.032028651829112305,0.041314914300332566,0.03481708876950627,0.06398055768738808,0.048938347403427986,0.01204911742133538,0.02872857508314147,0.03241238168329496,0.05262215400358148,0.06193399846508058,0.01212586339217191,0.09910463034024047,0.02389357892044001,0.008390892811460732,0.023177283192632386
U:ACCGA,0.037137741229524505,0.0962265402215001,0.060481464288082765,0.06174149479408449,0.03780091518005173,0.043968432919954906,0.04967172889448902,0.04821274620332913,0.043371576364480406,0.039790437031633395,0.03680615425426089,0.05709927714039392,0.0484116983884873,0.016181444392864248,0.03262815836593939,0.031169175674779493,0.05026858544996352,0.062338351349558986,0.014855096491809801,0.07089329531136017,0.024935340539823596,0.011804496319384574,0.02420584919424365
U:ACCGC,0.03633840460526316,0.09452097039473684,0.05499588815789474,0.04553865131578947,0.029039884868421052,0.04178659539473684,0.04235197368421053,0.048982319078947366,0.034745065789473686,0.04399671052631579,0.03479646381578947,0.06316817434210527,0.0458984375,0.015625,0.02652138157894737,0.0302734375,0.05674342105263158,0.06460731907894737,0.013414884868421052,0.10408100328947369,0.03011924342105263,0.0107421875,0.031712582236842105
U:ACCGG,0.035563692853972484,0.09592765201952952,0.05470483799378606,0.04560585885486019,0.027130492676431424,0.042665335108743895,0.04410785619174434,0.04549489569462938,0.04172214824678207,0.04088992454505104,0.037561029738126944,0.06397026187305814,0.047547714158899246,0.015923213493120283,0.03162450066577896,0.02929427430093209,0.05470483799378606,0.06913004882379051,0.012094984465157568,0.09481802041722148,0.02896138482023968,0.010430537061695517,0.030126498002663114
U:ACCGT,0.040203062310652585,0.09735527716367805,0.056742815033161385,0.05199377712273807,0.03406206501269139,0.049046098419716695,0.04757225906820601,0.04757225906820601,0.038237943175305,0.0397936624907885,0.03529026447228363,0.06312945222304102,0.045852779824776875,0.017276672398264144,0.030868746417751575,0.029968066814050603,0.05207565708671088,0.06034553344796528,0.0134283140915418,0.0852370424957013,0.026774748219110783,0.011217555064275771,0.025955948579382625
U:ACCTA,0.04452218158689776,0.1047861345205915,0.07701277362590767,0.06036995812794827,0.04059998939948058,0.05051147506227805,0.050299464673769015,0.0482323633858059,0.03280860762177347,0.038267875125881166,0.040493984205226055,0.06169502305612975,0.05273758414162294,0.02029999469974029,0.03439868553559124,0.03174855567922828,0.03853288811151746,0.055122701012349604,0.016059786929559547,0.05400964647267716,0.021254041448030954,0.008586420734615996,0.017649864843377324
U:ACCTC,0.03539661957733342,0.10391501171546214,0.06533360631497531,0.05489205850906526,0.03792169976569076,0.041493209581655636,0.04711208171250483,0.05268545690302327,0.030778680133761005,0.040242043722559656,0.03828567528833686,0.0668122568757251,0.04961441343069679,0.01596942605609773,0.03082417707409177,0.035760595099979524,0.045269455629108946,0.05978297959462226,0.014263290793694124,0.07497895766509702,0.02459109624877727,0.009781842171113993,0.024295366136627312
U:ACCTG,0.03433205676954269,0.10071337388300668,0.0635878951715852,0.05325523766614102,0.03286025381091837,0.04011413982128107,0.04592625966809341,0.04507021100848539,0.0350229030562439,0.04421416234887737,0.035278215814372606,0.06690696102725839,0.04923030712622963,0.014492753623188406,0.03264999624540062,0.034317038372005705,0.05103251483066757,0.06840880078095667,0.012885785086731246,0.07642862506570548,0.026492453255237667,0.009927160771945633,0.026852894796125255
U:ACCTT,0.03735385526121059,0.09986680479502738,0.07103744265206452,0.056918750924966705,0.04102412313156727,0.04481278673967737,0.04759508657688323,0.04960781411869173,0.03628829362142963,0.04037294657392334,0.038389817966553205,0.05804351043362439,0.050466183217404176,0.01796655320408465,0.03392037886636081,0.03101968329140151,0.038715406245375165,0.05117655764392482,0.015657836317892557,0.0922598786443688,0.020630457303537072,0.008406097380494302,0.01846973508953678
U:ACTAA,0.04428571428571428,0.10365079365079365,0.08888888888888889,0.061587301587301586,0.056666666666666664,0.051666666666666666,0.059682539682539684,0.05126984126984127,0.036349206349206346,0.03666666666666667,0.044444444444444446,0.04904761904761905,0.0596031746031746,0.029206349206349208,0.03841269841269841,0.03531746031746032,0.025158730158730158,0.03968253968253968,0.019682539682539683,0.035555555555555556,0.015873015873015872,0.00753968253968254,0.009761904761904762
U:ACTAC,0.04009325791163431,0.10220149824185905,0.0680706314019263,0.056298731080874485,0.043227335269836416,0.04383886255924171,0.047622687662436936,0.0499541354532946,0.0350863782296285,0.04009325791163431,0.036309432808439075,0.06604494725577129,0.050145237731233756,0.01949243234979361,0.03428374866228406,0.03252560770524385,0.04009325791163431,0.05595474698058401,0.0163583549915915,0.06558630178871733,0.02446109157621159,0.009096468429903684,0.02316159608622535
U:ACTAG,0.041283907921755104,0.10061601642710473,0.0878633956554631,0.06354695774343457,0.05014589862747217,0.053388090349075976,0.053388090349075976,0.04949746028315141,0.03242191721603804,0.041175834864368314,0.04539068410245326,0.047984437479736304,0.05371230952123635,0.026585972117151194,0.039662812060953206,0.03869015454447206,0.026694045174537988,0.047335999135415543,0.017183616124500162,0.04214849238084945,0.01837241975575489,0.008429698476169891,0.014481789689830325
U:ACTAT,0.04225201072386059,0.10402144772117962,0.08193029490616623,0.06697050938337802,0.050670241286863274,0.05227882037533512,0.05624664879356568,0.04804289544235925,0.03501340482573727,0.036890080428954426,0.04107238605898123,0.060428954423592494,0.06053619302949061,0.022359249329758715,0.03431635388739947,0.03383378016085791,0.029276139410187668,0.04439678284182306,0.0174798927613941,0.03839142091152815,0.01839142091152815,0.009061662198391421,0.016139410187667562
U:ACTCA,0.04030333736475664,0.11224789984637008,0.07282711731441834,0.054914522930082046,0.04805020756382179,0.04589285130585428,0.050436374333997974,0.04782139705161311,0.032393031085542444,0.0401725885006374,0.04004183963651816,0.05651619651554277,0.05249566894387605,0.01804334324845553,0.03118360409243945,0.034615761775569576,0.03523681888013598,0.04824633086000065,0.016180171934756318,0.07194456248161345,0.02078906939495963,0.009087046056287386,0.020560258882750957
U:ACTCC,0.039311965297023736,0.10841667670803712,0.06783949873478733,0.05121098927581636,0.03578744427039402,0.04358958910712134,0.050186769490300036,0.05600072297867213,0.03286540547053862,0.04105916375466924,0.038468490179539704,0.0639233642607543,0.0489516809254127,0.018074466803229303,0.03196168213037715,0.03202193035305458,0.04554765634413785,0.0576876732136402,0.014339076997228582,0.06609230027714183,0.023587179178214242,0.010573563079889143,0.022502711170020485
U:ACTCG,0.03571109722346219,0.09838407285063834,0.06570841889117043,0.049281314168377825,0.03303276493170253,0.05097759128649228,0.04883492545308454,0.04678153736273547,0.035443263994286225,0.04097848406392286,0.03633604142487278,0.05669136684224623,0.045888759932148915,0.01660566020890992,0.031872154271940005,0.04017498437639497,0.04767431479332202,0.06660119632175698,0.016873493438085887,0.07445763771091866,0.02785465583430051,0.008481385590572271,0.025354879028658156
U:ACTCT,0.038669001751313485,0.10500875656742557,0.076077057793345,0.05891418563922942,0.049912434325744305,0.04963222416812609,0.053169877408056045,0.051558669001751316,0.031838879159369525,0.03758318739054291,0.03873905429071804,0.06052539404553415,0.0559369527145359,0.020035026269702275,0.03628721541155867,0.033450087565674254,0.036707530647985986,0.04956217162872154,0.017618213660245186,0.05092819614711033,0.021506129597197898,0.009527145359019265,0.01681260945709282
U:ACTGA,0.045099411113054634,0.10407556410704916,0.07638038598332458,0.06151244825374614,0.046936038714943736,0.050492682642411524,0.054574077313276195,0.05122150311935164,0.03174741997551163,0.03868579091598157,0.03996851495539619,0.05830563815520961,0.05364118710279284,0.020960876916797853,0.0339921870444872,0.035216605445746604,0.0345752434260393,0.049151652964841704,0.020232056439857735,0.04620721823800362,0.020494431811556177,0.009882805667308028,0.01664625969331234
U:ACTGC,0.03858710326713959,0.10181889589827929,0.06990844154250227,0.058960701048135694,0.03777706865656987,0.04452735707798424,0.049706669284960356,0.04882299516433884,0.034217825670733205,0.04239181128648224,0.03809617320012764,0.06112079334298829,0.050393971378777096,0.016642529271705245,0.0342423721740838,0.036967034046000144,0.0460492402857213,0.05601512064606397,0.015390657600824762,0.0610226073295859,0.02493924740420727,0.009278578266525934,0.02312280615626304
U:ACTGG,0.03764157933735578,0.1026569281253308,0.06806393564094422,0.055213295225997674,0.04147348364560178,0.04441621678839843,0.05091563459299248,0.046490949507780245,0.03410606541759289,0.036731237429871916,0.03556684661797396,0.05853710172541548,0.05749973536572457,0.01606859320419181,0.031502064147348366,0.03270879644331534,0.04185455700222293,0.05436646554461734,0.015518153911294592,0.08870540912458982,0.02091669313009421,0.008489467555837833,0.02055679051550757
U:ACTGT,0.038326247208882634,0.10724008197473466,0.07549016609060044,0.06285749242957207,0.04530021717187165,0.04707429725017588,0.05383415410026611,0.04747193588841648,0.03719450646927477,0.04104854250145291,0.03930505001070565,0.05976814608631817,0.055210595540329734,0.020524271250726454,0.035726302266540236,0.03493102499005903,0.034258098063805704,0.04900131526626495,0.01624200899275074,0.05056128223167039,0.02040192090049858,0.009818615605787171,0.018413727709295568
U:ACTTA,0.039986693280106456,0.10632069194943447,0.08695941450432468,0.06180971390552229,0.053825681969394544,0.05475715236194278,0.058416500332668,0.05535595475715236,0.038389886892880906,0.03699268130405855,0.041051230871590155,0.05189620758483034,0.05482368596141051,0.026347305389221556,0.03313373253493014,0.034264803725881574,0.02661343978709248,0.038522954091816365,0.021157684630738523,0.03985362608117099,0.015568862275449102,0.012042581503659349,0.011909514304723886
U:ACTTC,0.03793604651162791,0.09888565891472868,0.0715843023255814,0.06005329457364341,0.04060077519379845,0.043968023255813955,0.048376937984496125,0.05625,0.03500484496124031,0.03863856589147287,0.03815406976744186,0.0631782945736434,0.05075096899224806,0.019452519379844962,0.03146802325581395,0.03444767441860465,0.04093992248062016,0.05360949612403101,0.016715116279069766,0.06555232558139534,0.023885658914728682,0.009060077519379844,0.021487403100775192
U:ACTTG,0.037974200442714295,0.10018319212273873,0.08323792076940692,0.05930844973666132,0.05255324021067094,0.049461873139455007,0.05568277230745745,0.04831692237233799,0.03805053049385543,0.04221051828104725,0.04247767346004122,0.055606442256316314,0.052591405236241506,0.025723227234562246,0.03572246393405083,0.03629493931760934,0.03194412640256469,0.04824059232119685,0.018166552171589957,0.040073276849095486,0.02114342416609419,0.009884741622776888,0.015151515151515152
U:ACTTT,0.03924260808480746,0.10016603869978925,0.082189156395683,0.06609617472380101,0.054824701449645574,0.05351555016284565,0.05367520275879686,0.04942844370649467,0.037071332779871,0.03885944185452456,0.04036017625646593,0.05728335142729421,0.055974200140494285,0.024139472507822977,0.0336547672265151,0.03391021138003704,0.03215403282457373,0.046075739191519256,0.017625646593013602,0.04173318858164634,0.018966728399003766,0.008110351874321476,0.014943482981033271
U:AGCAA,0.04271004942339374,0.10411861614497529,0.07975700164744645,0.0589168039538715,0.0503500823723229,0.04981466227347611,0.05403624382207578,0.04787891268533773,0.034822899505766065,0.03927100494233937,0.04098023064250412,0.051873970345963756,0.05490115321252059,0.023517298187808896,0.0332166392092257,0.03717051070840198,0.03278418451400329,0.05115321252059308,0.01723640856672158,0.04514003294892916,0.022775947281713345,0.009884678747940691,0.017689456342668865
U:AGCAC,0.036064231889640565,0.10048872089943905,0.06728940462719984,0.05320557575173941,0.03830319955702145,0.04263668536485543,0.04684979656691624,0.05342225004213111,0.03380118930110504,0.044466379372607556,0.03681055444543419,0.06555601030406626,0.047692418807328406,0.01894696294869634,0.03360858993186797,0.036521655391578596,0.04658497243421528,0.05635939042299636,0.016226496858222788,0.06596528396369501,0.02573609071430291,0.009581818619544021,0.023882321785396152
U:AGCAG,0.03843122660303422,0.10727029926224305,0.06684690995862431,0.0539197443026336,0.037610280435210926,0.04256879528886359,0.049935418901464565,0.04639987740537227,0.03451257689529105,0.04298474134722739,0.03630771251559798,0.054915825652925854,0.0541277173318155,0.017699599378270103,0.03277217101950568,0.04245933579982049,0.04510825543466363,0.06238096280566562,0.014777031020819195,0.056437312550625014,0.02659865583747455,0.009796624269357911,0.02613892598349351
U:AGCAT,0.039039838986562485,0.10196531107559344,0.07461670514414255,0.06692120996862606,0.04501864677677144,0.04593618658615995,0.05271414195228793,0.04635055940330314,0.037323151601254954,0.0398389865624815,0.03977979044574676,0.05842656721719055,0.05265494583555319,0.01988989522287338,0.03243947197063873,0.03495530693186527,0.038240691410643464,0.050997454566980405,0.017640442786953175,0.05247735748534896,0.023530456402060026,0.009826555377967205,0.019416326288995443
U:AGCCA,0.041236605897507425,0.10229566301832921,0.06885348123594953,0.0562019001985527,0.03472210826865329,0.04489588290313582,0.0478167407820679,0.0463070839008221,0.03713427741586124,0.0433041794522571,0.04000590735301357,0.060730870842290084,0.04912948589619468,0.016753909519043007,0.0311612871465844,0.03821729213501583,0.045076385356328255,0.05762951051016557,0.015030931556751613,0.06340558901232339,0.025910306690077288,0.009779951100244499,0.02440064980883149
U:AGCCC,0.03489981544951226,0.10133799103611917,0.05983060901660955,0.050322963353546,0.029033746374901134,0.04193580279462167,0.04572567888215133,0.04719219615080411,0.03457026100711837,0.04264434484576852,0.03521289216978645,0.06296137621935144,0.04631887687846032,0.013890719746902189,0.030137753756920644,0.03419127339836541,0.05208607962035328,0.06912404429211706,0.012028737147376747,0.0899518850514105,0.02853941471131031,0.009771289216978644,0.028292248879514897
U:AGCCG,0.032281759839171115,0.09885564060929405,0.05729529111575041,0.04558107167710508,0.026598623675867936,0.04156034949354365,0.0441892832289492,0.04782339751024511,0.04098043764014536,0.043764014536457126,0.03390551302868631,0.05775922059846903,0.04608366195005026,0.015193690559035026,0.0303487203278435,0.03224309904894456,0.054511714219438644,0.06966674398824713,0.014807082656769504,0.09591742055207608,0.030232737957163844,0.012564756823629475,0.027835768963117607
U:AGCCT,0.0400168734300999,0.10453856920982493,0.06381224474143386,0.054148371138764785,0.03336337315207179,0.043161467221444594,0.049086342108795276,0.047015512051080476,0.0353191570954691,0.04041953483021111,0.03522328533353786,0.05919122581634805,0.04770578873698541,0.014514984756389853,0.03297988610434682,0.033171629628209305,0.04983414185185896,0.06078269706440665,0.012233236822426323,0.08331256111824824,0.024466473644852646,0.009414607021647843,0.02628803712154622
U:AGCGA,0.038271049076992344,0.09742233228275551,0.06793111211166142,0.05127194957226475,0.03320576316974336,0.04446195407474111,0.0475011256190905,0.04474335884736605,0.04119765871229176,0.038665015758667265,0.03945294912201711,0.05431112111661414,0.046375506528590724,0.017390814948221523,0.03224898694281855,0.03444394416929311,0.04761368752814048,0.06314723097703737,0.015139576767221972,0.07884961728950923,0.02785907248986943,0.010468257541647907,0.028027915353444396
U:AGCGC,0.03163049232398094,0.09520028233633315,0.056202576319040055,0.043541556379036526,0.027086641962237517,0.041644609140638784,0.04477677783659785,0.047247220751720484,0.040056467266631375,0.040100582318687135,0.0328215987294865,0.0600405858478913,0.04195341450502912,0.014205046761955178,0.03163049232398094,0.03185106758425975,0.05787894829715899,0.07040762308099524,0.014425622022233986,0.10561143462149285,0.030880536439032998,0.010058231868713605,0.030748191282865715
U:AGCGG,0.031418807187741156,0.09870282585528975,0.058391210083416016,0.04575019292250027,0.02792782861132547,0.038511005769301436,0.042773674346819536,0.046705618638150884,0.037592327196560464,0.040679087200970125,0.03439532576342189,0.06155146437364495,0.04428030720611473,0.014074155734391651,0.029250725756072467,0.033182670047403814,0.059603865799434094,0.07680152868114504,0.012163304303090434,0.09385220299121744,0.032006761474295375,0.009517510013596443,0.030867600044096572
U:AGCGT,0.035531778984350046,0.10212392206962631,0.05972532737144682,0.052299584797189394,0.030501437240498242,0.044235068668157136,0.045752155860747365,0.04758862983072501,0.03792717981475567,0.03872564675822421,0.03784733312040881,0.05812839348450974,0.04758862983072501,0.016847652507186204,0.035052698818268925,0.03441392526349409,0.055493452571063556,0.06403704886617693,0.014132864899393164,0.07577451293516449,0.027307569466624083,0.013653784733312042,0.02531140210795273
U:AGCTA,0.03874538745387454,0.1032310323103231,0.07587075870758708,0.06309063090630906,0.042570425704257044,0.049095490954909546,0.05364053640536405,0.044775447754477546,0.03847538475384754,0.04059040590405904,0.03973539735397354,0.05431554315543156,0.05989559895598956,0.02106021060210602,0.03744037440374404,0.03915039150391504,0.03370533705337053,0.053055530555305555,0.017325173251732516,0.044055440554405544,0.02056520565205652,0.010035100351003511,0.01957519575195752
U:AGCTC,0.03715865164803192,0.10260193690510827,0.06637848622137246,0.052932374579159565,0.03821854607423417,0.04331019576873519,0.04912922399102207,0.05208030258946756,0.03605719273452762,0.040172076977430485,0.03616110395278274,0.05889687850700362,0.05027224739182842,0.016314061266054284,0.032274824390041146,0.034456959973398725,0.04784072488465855,0.062034997298308324,0.01456835279936822,0.06868531526663618,0.025291990523296896,0.010889895673136871,0.02427366058439669
U:AGCTG,0.03407168655419924,0.10562108535637545,0.06432588122342614,0.05155899967997074,0.031225712065103096,0.040746582544689804,0.04519270333287615,0.04287249119919535,0.03418598271841997,0.04156951492707905,0.03673478718054222,0.06069126320120697,0.0556622319754949,0.014572760938142916,0.03408311617062131,0.0379234672884378,0.050096008777945414,0.07016641521510539,0.01403556896630549,0.06941206053124857,0.027979701001234397,0.010400950944086317,0.02687102820829333
U:AGCTT,0.03714809747008647,0.10023581472531952,0.07394683979155142,0.05639174357332091,0.046813589915281374,0.04489213659786311,0.052024804215552126,0.055867710850388656,0.03778858190922589,0.039942938659058486,0.03775946898017409,0.05743980901918542,0.05289819208710588,0.01994235640047745,0.03446970799732161,0.0363038225275845,0.03904043785845294,0.05467408075926519,0.01656525663046959,0.057789164167806925,0.02067017962677225,0.009461701941832368,0.01793356429590381
U:AGTAA,0.038838475499092556,0.10272232304900182,0.09431336963097399,0.06134301270417423,0.06067755595886267,0.05765275257108288,0.05922565033272837,0.04446460980036298,0.0397459165154265,0.03569267997580157,0.04404113732607381,0.04519056261343013,0.05644283121597096,0.030913490623109496,0.036660617059891105,0.03853599516031458,0.02262552934059286,0.03853599516031458,0.020326678765880218,0.03139745916515427,0.01863278886872353,0.010949788263762856,0.011070780399274047
U:AGTAC,0.03906805538126908,0.10816915547747522,0.07207094156523194,0.0590621993558372,0.03998828794913624,0.04605345714644246,0.05186765382523947,0.05341531768937968,0.036600158949261725,0.042539841887313336,0.03735307650478939,0.05717990546701803,0.05107290751662693,0.018195507591918684,0.03266825615928389,0.03296105743087799,0.0384824528380809,0.05638515915840549,0.014891036098213913,0.057807336763291084,0.02417701928305517,0.009076839419416907,0.02091437654243527
U:AGTAG,0.04221463343747729,0.10172200828307781,0.08907941582503814,0.06154181501126208,0.05572912882365763,0.05253215142047519,0.06699120831214125,0.04635617234614546,0.03335028700138051,0.03865436314756957,0.041851340550752014,0.052096199956404854,0.05369468865799608,0.02434062341059362,0.04134273050933663,0.03901765603429485,0.0266656978856354,0.04381312213906852,0.018673254377679284,0.030589261062268402,0.016929448521397952,0.009663590786892393,0.013151202499455061
U:AGTAT,0.04162487462387161,0.10080240722166499,0.08365095285857573,0.06980942828485456,0.050601805416248744,0.052908726178535606,0.055065195586760284,0.05115346038114343,0.037211634904714144,0.03676028084252758,0.04282848545636911,0.051654964894684054,0.05932798395185557,0.02271815446339017,0.03164493480441324,0.03440320962888666,0.03074222668004012,0.04493480441323972,0.020561685055165497,0.038164493480441326,0.019358074222668005,0.009578736208625878,0.014493480441323972
U:AGTCA,0.042299103530858605,0.10285122495873653,0.08071458623256417,0.058027767888928446,0.04585908929091556,0.048124534774588175,0.05336742289394479,0.04744490112948639,0.03391695524126995,0.0393216608951746,0.042299103530858605,0.05705686268164018,0.05284960678339105,0.020680280915239976,0.03197514482669342,0.036959124890773166,0.03521149551765429,0.04776853619858248,0.01805883685556167,0.05647431955726723,0.02135991456034176,0.010097414155797922,0.01728211268973106
U:AGTCC,0.03973621345176811,0.10480804818142055,0.06645133070892635,0.052353554725614884,0.03643888159886949,0.04151946435180512,0.05077218128595942,0.04949362403687628,0.031896638740284644,0.040510077049897376,0.038255778742303424,0.05928468086538138,0.05040207260859325,0.01641936677769927,0.03445375323845093,0.03643888159886949,0.04505231990848222,0.0603950068974799,0.016217489317317722,0.07008512499579422,0.026614178526967465,0.009824703071902021,0.022576629319336496
U:AGTCG,0.038372824491507654,0.09173830991822185,0.06343048857202768,0.049800796812749,0.04078423149507234,0.04172782553994548,0.04812329628853009,0.05200251625078633,0.03313063535332355,0.04036485636401761,0.037953449360452925,0.053155797861186835,0.04843782763682113,0.017928286852589643,0.03617110505347033,0.035856573705179286,0.046865170895365904,0.05976095617529881,0.01593625498007968,0.08544768295240092,0.029041727825539945,0.010589222059131893,0.023380163556301112
U:AGTCT,0.04324787656822255,0.11002883191771215,0.079287773708408,0.05735213901659783,0.04281929400763656,0.04784539858178134,0.055014415958856075,0.04566352372788904,0.03381906023533079,0.0392347853190992,0.04102703966336788,0.057702797475259096,0.053416971869399206,0.02123431777448765,0.034987921764201665,0.03397490843918024,0.035689238681524196,0.052053300085716514,0.017065378321514845,0.049131146263539316,0.02068884906101457,0.011260032728122808,0.01745499883113847
U:AGTGA,0.04198473282442748,0.10142821965033243,0.07867520315193302,0.05789214479192317,0.04974144299433637,0.050997291307559714,0.05311499630632849,0.048928835262250676,0.03479438561930559,0.039276040384141835,0.04181236148731839,0.05419847328244275,0.055454321595666094,0.02083230731346959,0.0343018960847082,0.03597636050233933,0.034942132479684807,0.048559468111302635,0.018960847081999507,0.04976606747106624,0.020241319871952723,0.01061314947057375,0.017508002954937207
U:AGTGC,0.03785796105383734,0.11105383734249713,0.06995990836197022,0.056328751431844216,0.0404639175257732,0.0418098510882016,0.046019473081328754,0.04450171821305842,0.03556701030927835,0.04195303550973654,0.03734249713631157,0.06194158075601375,0.04934135166093929,0.017268041237113403,0.0320446735395189,0.036311569301260026,0.04639175257731959,0.05486827033218786,0.015120274914089347,0.0672680412371134,0.025057273768613976,0.009278350515463918,0.02225085910652921
U:AGTGG,0.04059662502370068,0.10287146859923736,0.07521014599616575,0.056291739524301096,0.04063875955927276,0.043609244317104515,0.050540375418711946,0.04558956748899235,0.03214865064149831,0.039543261634398634,0.04002780879347757,0.05854593717740746,0.055133039796068845,0.017169823245623276,0.03589862430741357,0.03712052583900394,0.04228200644658394,0.05656561400551963,0.013904396738786946,0.061432152864095056,0.023279330903575115,0.009606674110434617,0.021994227568626623
U:AGTGT,0.039544372662359745,0.10102006120367223,0.07188031281876912,0.05824549472968378,0.046582794967698064,0.047942876572594356,0.05151309078544713,0.04753485209112547,0.03403604216252975,0.04012240734444067,0.03774226453587215,0.05521931315878953,0.05049302958177491,0.018837130227813668,0.03185991159469568,0.034002040122407345,0.038830329819789185,0.04889493369602176,0.0171370282216933,0.07997279836790207,0.02033321999319959,0.009792587555253316,0.01846310778646719
U:AGTTA,0.03740806492518387,0.10486938879026123,0.08977935582044129,0.06467156987065686,0.06137458787725082,0.05560486938879026,0.05909206188181588,0.050405782399188435,0.0407684504184631,0.0362668019274664,0.04171950291656099,0.04882069490235861,0.05509764138980472,0.025424803449150393,0.03791529292416941,0.04057823991884352,0.028785188942429624,0.03550595992898808,0.02092315495815369,0.027960943444078113,0.015533857468932285,0.009890945980218108,0.011602840476794319
U:AGTTC,0.04027324027324027,0.10353430353430354,0.07187407187407187,0.05565785565785566,0.040926640926640924,0.04686664686664686,0.04811404811404811,0.05063855063855064,0.034392634392634396,0.040243540243540245,0.03623403623403623,0.05488565488565489,0.051262251262251264,0.019512919512919513,0.03201663201663202,0.036768636768636766,0.0416988416988417,0.05550935550935551,0.017612117612117614,0.06845856845856846,0.02358182358182358,0.009207009207009207,0.020730620730620732
U:AGTTG,0.043917380686286686,0.10728920899043834,0.08402665673248065,0.061219421333664474,0.05203029926735378,0.05045738648122853,0.05823916552837452,0.04606978765677387,0.03832940105136802,0.037335982449604704,0.04184775859927977,0.05207169170909392,0.05683182250920982,0.02363508423361894,0.03427294176083447,0.0387433254687694,0.029636988285938987,0.043917380686286686,0.020240904010927603,0.0378740841922265,0.018047104598700278,0.009644438925452213,0.014321784842087834
U:AGTTT,0.03845131272848122,0.09943502824858758,0.08231970754403456,0.062246593552675304,0.05240943835161183,0.052342971086739784,0.05526753074111,0.04945164506480558,0.03738783649052842,0.03818544366899302,0.042838152210036555,0.05244267198404785,0.05639747424393486,0.0256563642406115,0.03423064140910601,0.03369890329012961,0.03489531405782652,0.04456630109670987,0.02003988035892323,0.03991359255566634,0.020338983050847456,0.011399135925556664,0.016085078099036226
U:ATCAA,0.03985914055323058,0.10107686026334592,0.08119832601816883,0.06004389098703685,0.05024497295090334,0.049045626212105745,0.050193936919465144,0.04725936511176891,0.03225477186893947,0.04019087475757885,0.04215576196794937,0.057083801163621516,0.05550168418903746,0.023297948351536184,0.031208533224456467,0.034347249157905484,0.036056956211085026,0.05042359906093702,0.01936817393079514,0.051036031438195364,0.02258344391140145,0.008956823517403286,0.016612228233132593
U:ATCAC,0.036611020629750274,0.09955211726384365,0.07088083604777416,0.05927660152008686,0.04645086862106406,0.04729913137893594,0.05323697068403909,0.05513707926167209,0.03559310532030402,0.03847719869706841,0.04051302931596091,0.06436617806731813,0.05371199782844734,0.019917209554831703,0.031283930510314875,0.03145358306188925,0.039698697068403906,0.05401737242128122,0.016693811074918567,0.05646036916395222,0.022428067318132464,0.008923724212812161,0.018017100977198698
U:ATCAG,0.038376165343067134,0.10092240911557243,0.07739357766487447,0.05948798895082129,0.04429536822374587,0.05139841168056035,0.05314950919942781,0.045454545454545456,0.034504020125289796,0.04012726286193459,0.04153307354609579,0.05371676614215952,0.058180831648004736,0.022123020766536772,0.032506289153060725,0.03889409559512652,0.03497262368667686,0.04915404725496966,0.0183988556207764,0.058772751936072606,0.020643220046367088,0.009816011443792237,0.016179154540521875
U:ATCAT,0.03947407918830487,0.10170203824332844,0.0735748806772131,0.06216792243268394,0.05067090925464533,0.04808933449404137,0.05337255725992856,0.0490499204514754,0.03347041695434215,0.04037462852339927,0.03899378620958785,0.061567556209287666,0.055713985531174015,0.020232341728454357,0.03178939152883259,0.03440098460060637,0.038273346741512324,0.05031068952060757,0.017110437366793744,0.05310239245940023,0.020562543151322308,0.009095548284453516,0.01690030918860505
U:ATCCA,0.040387042490534285,0.10049741394243857,0.0729787918533,0.06590116063253236,0.045435422801851075,0.04778638422133683,0.0543195822712762,0.047291444975129306,0.03850627335494568,0.03912494741270509,0.03788759929718627,0.05563117127372615,0.05179539211561781,0.01821376426043703,0.03209681011655819,0.03340839911900814,0.03927342918656735,0.05466603974362147,0.01712489791878047,0.05540844861293276,0.022618723551684032,0.00873567769556287,0.02091118315226806
U:ATCCC,0.039112305730728145,0.10227781798132259,0.06581894620765705,0.05713498052999759,0.03614873014232055,0.04607326234535994,0.05082876735931631,0.048382094489817014,0.031048623315758642,0.04035287225610807,0.0392156862745098,0.0643026982321927,0.05272407732864675,0.016609807367586753,0.029497915159033737,0.03563182742341225,0.04428133291981116,0.06051207829353182,0.012819187428925877,0.06905820324614907,0.024845790688859025,0.00923532857782832,0.024087666701126848
U:ATCCG,0.041490138787436084,0.10102264426588752,0.0633308984660336,0.051278305332359386,0.030094959824689554,0.041344046749452155,0.04674945215485756,0.04616508400292184,0.032359386413440466,0.041490138787436084,0.03827611395178963,0.06194302410518627,0.049306062819576335,0.015193571950328708,0.031409788166544925,0.03411249086924763,0.04747991234477721,0.06888239590942294,0.014097881665449234,0.0772826880934989,0.03031409788166545,0.009422936449963478,0.02695398100803506
U:ATCCT,0.040487361888905705,0.10471217395691439,0.06942132082135109,0.05819585288330559,0.04232884314615812,0.04452348519247263,0.04906412390898542,0.04813077039503557,0.0337520811260784,0.04174865042127037,0.03720801170475758,0.0660410675546138,0.052368699863780836,0.018894102214822663,0.03155743907976389,0.032011502951415166,0.040790071136673225,0.05748953130518138,0.014202108874426113,0.06364461934312093,0.02396448211492861,0.009131728974320165,0.02033197114171838
U:ATCGA,0.03703195720751611,0.09450006857769853,0.0672061445617885,0.05589082430393636,0.03778631189137292,0.044506926347551774,0.04478123714168152,0.04944452064188726,0.03367164997942669,0.04094088602386504,0.040803730626800164,0.05863393224523385,0.05294198326704156,0.018310245508160745,0.03401453847208888,0.031614319023453574,0.04416403785488959,0.06364010423810176,0.01666438074338225,0.0694006309148265,0.02818543409683171,0.010423810176930462,0.02544232615553422
U:ATCGC,0.034986713906111605,0.09663418954827281,0.06545615589016829,0.048095659875996455,0.033569530558015946,0.04304694419840567,0.04827280779450841,0.051904340124003544,0.032329495128432244,0.0420726306465899,0.03622674933569531,0.0608503100088574,0.05358724534986714,0.0170947741364039,0.027015057573073518,0.0283436669619132,0.050487156775907885,0.06793622674933569,0.015234720992028343,0.07679362267493357,0.0295837023914969,0.011160318866253321,0.029317980513728963
U:ATCGG,0.03354199757077455,0.0959544053069233,0.06605624591236102,0.05419041390264412,0.03195365785293843,0.04372605811454732,0.046529010557787534,0.04802391852751565,0.038774175464822945,0.03821358497617491,0.03858731196860693,0.05699336634588433,0.05045314397832384,0.01896664486592544,0.03120620386807437,0.0328879753340185,0.052415210688591986,0.06820517611884519,0.015416238437821172,0.07726805568532187,0.026908343455106044,0.009903765299448752,0.023825095767541812
U:ATCGT,0.03908588011245125,0.0920467942323388,0.06747075360478824,0.056407000997551464,0.04062755055772196,0.04751972431304979,0.04280402648045706,0.042531966990115175,0.037997642151083706,0.03709077718327741,0.03935793960279314,0.05604425501042895,0.04751972431304979,0.019406910311054685,0.030742722408633353,0.03201233336356216,0.05531876303618391,0.062301623288292377,0.01577945043982951,0.07545116532148363,0.02847555998911762,0.012061304071823705,0.021946132220912306
U:ATCTA,0.03941533913614715,0.10226090764767067,0.08501669677560629,0.060874801554716154,0.046696228171018775,0.050747249137789455,0.05408660425904637,0.04932391744676192,0.03717085454644988,0.037992007445119616,0.03777303333880769,0.06678710242513823,0.05414134778562435,0.022335358843816717,0.03459790879728472,0.03645918870093611,0.031587014835495704,0.048721738654404115,0.015328187441835003,0.04291892483713801,0.01981715662122954,0.01040127004981661,0.015547161548146931
U:ATCTC,0.040067720090293454,0.10284158810250962,0.0724339397158412,0.056134643473642276,0.043553312973044746,0.0453459035984597,0.05251626610011951,0.04839994688620369,0.03704687292524233,0.041395564998008234,0.03877307130527154,0.06413490904262382,0.05420926835745585,0.02024963484265038,0.034391183109812776,0.03485592882751295,0.040333289071836406,0.05178595140087638,0.015768158279113,0.05537113265170628,0.020482007701500465,0.00942769884477493,0.020482007701500465
U:ATCTG,0.041376539903588645,0.10439207284413497,0.07975361542581681,0.05905195500803428,0.0433851098018211,0.046759507230851635,0.05257096946973755,0.04657204070701661,0.03497589716122121,0.03960899839314408,0.04089448312801285,0.06242635243706481,0.056132833422603105,0.020915907873594,0.03336904124263524,0.03540439207284413,0.03730583824317086,0.051580074986609534,0.01676486341724692,0.04705409748259239,0.02174611676486342,0.01068559185859668,0.017273701124799142
U:ATCTT,0.039586704842524585,0.10313705962903025,0.07998257189094983,0.06454624673222956,0.0477716917714428,0.04727374579858085,0.05172413793103448,0.045655421386779534,0.03706585335491099,0.04048923191833686,0.038746421013320057,0.059909124859952693,0.05486742188472551,0.021442798456367484,0.035820988422756134,0.036225569525706464,0.032988920702103824,0.04988796215610606,0.018392879372588076,0.050074691895929294,0.019575501058135193,0.009616581600896302,0.015218473795593178
U:ATTAA,0.03840388690753088,0.10001550628004342,0.09495012146586033,0.06579831498423529,0.0601126789683155,0.06155993177236781,0.05706311055977671,0.051067348942988575,0.03840388690753088,0.039075825709412315,0.04879309453662067,0.05013697214038352,0.056132733757171656,0.03054737168553264,0.03716338450405748,0.03488913009768956,0.02351785806585,0.03302837649247945,0.02243241846281077,0.02222566806223187,0.015506280043417585,0.009562206026774177,0.009613893626918902
U:ATTAC,0.04132008210003241,0.09538727449497678,0.08588095495300853,0.06368153829534406,0.05963054985416442,0.05395916603651291,0.0579021281192611,0.052500810197688236,0.03699902776277412,0.037161067300421305,0.04196824025062115,0.05482337690396457,0.05282488927298261,0.024521983363940802,0.038619423139245976,0.033434157934536024,0.030301393540023765,0.04002376579885492,0.018796586367073567,0.03624284325375392,0.018202441395700552,0.00956033272118397,0.01625796694393432
U:ATTAG,0.03822304488662656,0.1033780657103193,0.09541878759833411,0.06191577973160574,0.05997223507635354,0.06052753354928274,0.06385932438685793,0.045256825543729756,0.03961129106894956,0.038130495141138365,0.04470152707080056,0.043868579361406757,0.05793614067561314,0.03507635354002776,0.038500694123091164,0.03341045812124017,0.02313743637204998,0.03563165201295696,0.024155483572420176,0.023970384081443776,0.013697362332253587,0.011013419713095789,0.008607126330402592
U:ATTAT,0.041433164905833715,0.09765732659623334,0.0932475884244373,0.06394120349104272,0.06352779053743685,0.05585668350941663,0.05898024804777216,0.0491502067064768,0.04244372990353698,0.038493339457969684,0.04267340376665135,0.05415709692237024,0.05810748736793753,0.028525493798805694,0.03651814423518603,0.03353238401469913,0.022462103812586127,0.03863114377583831,0.01929260450160772,0.024253559944878274,0.015939366100137804,0.009692237023426734,0.011483693155718878
U:ATTCA,0.0393555743984094,0.09692699043887605,0.08157656208882781,0.06119704102219233,0.05227917312359288,0.051811350545305696,0.05298090699102365,0.050554077366158884,0.036841028040115784,0.03944329113183825,0.03994035262126838,0.052308412034735824,0.05186982836759159,0.025701002894652204,0.03435572059296512,0.032659863746674074,0.027747726674658635,0.039531007865267094,0.01751410777462647,0.07920821028624894,0.01634455132890851,0.008216134031168679,0.011637086634893717
U:ATTCC,0.04430863254392666,0.10527847502637419,0.08035941649387028,0.060242278729673686,0.04834661137182145,0.049692604314453055,0.05256648113790971,0.05020189894139474,0.03546873294772455,0.03976135908909018,0.04387209429226236,0.05755029284441049,0.05420349958165084,0.021208483393357343,0.035541489323001926,0.036705591327440064,0.03004838298955946,0.04736440030557677,0.01837098475753938,0.04387209429226236,0.01920768307322929,0.010404161664665866,0.01542435155880534
U:ATTCG,0.04207643470683431,0.10954811402962779,0.07855097721897174,0.05552097597410681,0.04332129963898917,0.05215984065728868,0.05576994896053778,0.04568654301008341,0.03373583966139674,0.038092866923938755,0.039711191335740074,0.05191086767085771,0.05440059753516743,0.020789244366986183,0.034731731607120626,0.032490974729241874,0.03846632640358521,0.049794597286194446,0.017801568529814515,0.05701481389269264,0.021411676833063612,0.008963027511515,0.018050541516245487
U:ATTCT,0.04194173481788025,0.10418103589844648,0.08473741255296088,0.05980884816238053,0.05415968732551647,0.05225473774099255,0.055933261076624954,0.052780241074654316,0.036489637731139356,0.03951128189969455,0.041153479817387595,0.058363713994810655,0.054783722534239826,0.02555259959930371,0.03369790127106119,0.03507734752192334,0.02969093835189017,0.04289420961014222,0.01753867376096167,0.03878871481590961,0.016356291260222682,0.010444378756527737,0.013860150425329261
U:ATTGA,0.042508038585209004,0.10819935691318328,0.08655948553054663,0.06344051446945338,0.05,0.05247588424437299,0.05308681672025724,0.04665594855305466,0.03594855305466238,0.03948553054662379,0.0442443729903537,0.05254019292604502,0.05871382636655949,0.023794212218649517,0.034533762057877816,0.03639871382636656,0.028488745980707397,0.04508038585209003,0.01919614147909968,0.035273311897106106,0.020257234726688104,0.010096463022508039,0.013022508038585208
U:ATTGC,0.04391140755943219,0.10535317256712844,0.08307679151701727,0.0650761074055071,0.04942705661022747,0.05212074568154609,0.05498546263040876,0.04429622028390628,0.0370702924576706,0.038010945784162815,0.043654865743116125,0.05742260988541132,0.05823499230374551,0.023644604070463485,0.03296562339661365,0.0362151530699504,0.03266632461091158,0.044510005130836326,0.015264238070805541,0.03719856336582863,0.02043783136651274,0.009577561142466221,0.014879425346331451
U:ATTGG,0.04138915318744053,0.11152077386615922,0.08606882334284809,0.06355058674278465,0.05193466539803362,0.0511814145258484,0.053877259752616556,0.047454804947668884,0.037067871868062166,0.03603710751665081,0.04039803361877577,0.0570488423723438,0.061726926736441486,0.021883920076117985,0.03326197272438947,0.035323501427212176,0.0310418648905804,0.04555185537583254,0.01871233745639074,0.03294481446241675,0.01815731049793847,0.008087535680304472,0.01577862353314304
U:ATTGT,0.04119492565816396,0.10248715500386486,0.08457236393397899,0.06270176874460055,0.05660892102032465,0.052607647887964355,0.05406265629973173,0.047833401536852636,0.03642067930705224,0.03869412995043878,0.044923384713317874,0.05888237166371118,0.058518619560769335,0.023734824716955396,0.03419269767653344,0.03341972445778202,0.03296503432910471,0.040876642568089844,0.01709634883826672,0.03814850179602601,0.017641976992679487,0.009275678625017051,0.013140544718774155
U:ATTTA,0.037899925595238096,0.10007440476190477,0.09602864583333333,0.06254650297619048,0.05966331845238095,0.059895833333333336,0.060314360119047616,0.053013392857142856,0.03999255952380952,0.035807291666666664,0.04487537202380952,0.049479166666666664,0.057384672619047616,0.03125,0.03510974702380952,0.0322265625,0.023763020833333332,0.03283110119047619,0.022042410714285716,0.030924479166666668,0.015671502976190476,0.011021205357142858,0.00818452380952381
U:ATTTC,0.03911879761169446,0.09868917713266076,0.0846201358863496,0.062384187770228534,0.05370255987921213,0.05301626518427013,0.05572712922929106,0.054834946125866445,0.03966783336764807,0.03915311234644156,0.040113924919360375,0.05504083453434905,0.058026216457346784,0.024843867956900693,0.032255850662274384,0.03500102944204241,0.029785189760483152,0.04038844279733718,0.01870153043716972,0.040113924919360375,0.018941733580399425,0.01187289822249674,0.014000411776816966
U:ATTTG,0.04024275468146561,0.1005744328692435,0.09129263622496998,0.06179210073670204,0.06101320871060916,0.053386557621783015,0.05877389413559212,0.04907019764385162,0.03939895498653166,0.040145393178204,0.04371531496446305,0.053678642131567846,0.056274948885210785,0.027845389932820562,0.03271346509590108,0.03524486418070295,0.028624281958913447,0.03790607860318697,0.01908285463927563,0.029597896991529548,0.0181741472755006,0.010028234835945867,0.011423749716028948
U:ATTTT,0.03804331897183388,0.09361352911867288,0.0899791904803775,0.06489053020311264,0.06201823031155661,0.05653741317154665,0.05926316715026818,0.05389958674052581,0.0408570004982561,0.03651924147835517,0.04323104428617486,0.05266860107271608,0.058530437586095725,0.030071221313637563,0.03698818839942554,0.03253319264925701,0.025967935754271813,0.03695887921685864,0.020897447170198424,0.028254051994489875,0.017380345262170638,0.010609924089217153,0.010287523080981272
U:CACAA,0.0381015849100339,0.09352997421261554,0.07292904123084056,0.059166111320372035,0.050155014052675806,0.04783704690986005,0.05198041317764321,0.05548633848115203,0.035609770231506965,0.03923159389215658,0.04401240112421406,0.060440993248920695,0.05476197374902211,0.022339408338886795,0.03190102280300177,0.03291513342798366,0.03508822762437343,0.04902500507055312,0.019731695303219075,0.0576594326775418,0.02193376408889404,0.008692376785559064,0.01747167733897372
U:CACAC,0.03170106167243231,0.08845282118573303,0.06390910175354884,0.05394846713587021,0.036860312537277826,0.03912680424668973,0.04521054515090063,0.05725873792198497,0.03495168793987832,0.042556364070141954,0.03754622450196827,0.0686806632470476,0.04294405344148873,0.01678993200524872,0.027555767624955266,0.030508171299057616,0.046671835858284626,0.055737802695932245,0.015656686150542765,0.10592866515567219,0.024215674579506144,0.010199212692353573,0.02358940713348443
U:CACAG,0.03625640529826936,0.10018047632859584,0.06798478842373264,0.06134583776467176,0.04099390892390989,0.0428792419994199,0.04990492764832898,0.05080730929130813,0.03686873569886236,0.04136452995584775,0.03754552193109672,0.06294111959779561,0.04924425537400497,0.017677011827645105,0.030793773566663445,0.03609526571916594,0.04374939572657836,0.055222533758741824,0.016001160204969545,0.06674401366463631,0.02410648103387154,0.009362209545908665,0.021931096715975377
U:CACAT,0.03522949902043101,0.09585782255807444,0.073957458718164,0.06108312342569269,0.047544080604534,0.048453680380632524,0.0489434648754548,0.04771900363839911,0.034144976210467394,0.04086202071088721,0.04037223621606493,0.05800447802966695,0.05104254128183599,0.021935348446683458,0.030681500139938426,0.03505457598656591,0.03946263643996641,0.05041281835992163,0.01899664147774979,0.06783515253288554,0.023264763504058216,0.008676182479708928,0.020465994962216624
U:CACCA,0.037634732341783585,0.10037935810200518,0.06403926055277895,0.057039200337207205,0.03515084000722587,0.04061540314325285,0.04808213403986271,0.05384777503462396,0.03352501957006082,0.038854097669657375,0.03844764256036611,0.07155115312819896,0.04860902029264768,0.017161437947853315,0.029445414584211477,0.0338411513217318,0.04678749924730535,0.06035105678328416,0.015761425904738967,0.0710543746612874,0.02491419281026073,0.01004094658878786,0.022866863370867706
U:CACCC,0.03507402920097747,0.1028810809700803,0.05692342444093065,0.05242622748834631,0.027866192989301188,0.036490954268230076,0.04279524406020905,0.04860669035053494,0.03139823808448159,0.04008460480111711,0.03439636938620449,0.07228371357578496,0.0481754522865885,0.013347844836437563,0.02938579378606485,0.031850011294330245,0.055424358790069204,0.07027126927736821,0.01106844364129207,0.09232601597634352,0.02848224736636754,0.00915867507238639,0.029283118056553793
U:CACCG,0.032811102904015864,0.09190218870271741,0.05244333864634763,0.050071920071531315,0.03152820433075458,0.042374528631963615,0.043190918633129884,0.051082688644403844,0.04451269292073242,0.04124713291606733,0.03463826147805466,0.06433930723477044,0.04439606577770867,0.014578392877969132,0.028884655755549507,0.028223768611748242,0.05858570151226529,0.06258990008941415,0.014111884305874121,0.0988998172841426,0.028379271469113246,0.011351708587645297,0.029856548614080783
U:CACCT,0.037158652419115465,0.10229296527159394,0.06277827248441674,0.05220391807658059,0.03220540219649748,0.040460819234194124,0.04456070050460077,0.05166592460670822,0.03227960819234194,0.04226031463342238,0.036064113980409616,0.06823241317898486,0.04812258830513506,0.014470169189670526,0.03335559513208667,0.034431582071831404,0.049031611754229744,0.06339047195013357,0.013524042742653607,0.08092163846838825,0.025990650044523597,0.009795191451469279,0.02480335411101217
U:CACGA,0.035239311743932675,0.09429709219325269,0.06544443609587497,0.05131865654820047,0.03531444886918626,0.04365466977233451,0.044631452400631155,0.050116462544143064,0.03531444886918626,0.0381696596288226,0.03854534525509054,0.05770531219475543,0.044781726651138325,0.01743181305883237,0.03396198061462168,0.03538958599443985,0.051393793673454057,0.059809151701855884,0.017281538808325194,0.08017131264557818,0.028777518972124126,0.014952287925463971,0.02629799383875573
U:CACGC,0.03175303197353914,0.08588754134509372,0.05567805953693495,0.05474090407938258,0.029658213891951488,0.040077177508269016,0.03919514884233737,0.05066152149944873,0.03693495038588754,0.04173098125689085,0.035501653803748624,0.059316427783902975,0.0396361631753032,0.013781697905181918,0.02916207276736494,0.029327453142227122,0.06449834619625137,0.06543550165380375,0.011852260198456449,0.10837927232635061,0.030926130099228226,0.01328555678059537,0.03257993384785005
U:CACGG,0.02980550644102046,0.09046897364654374,0.05628525721983666,0.048370800707249306,0.03165782605034941,0.04205607476635514,0.04285594005220173,0.047991917150795656,0.038140944683000756,0.04458196514271281,0.03658331228424686,0.06175801970194494,0.04104571861581208,0.016670876483960595,0.030521175380988464,0.03010019365159552,0.06020038730319104,0.06630462237938874,0.014734360528753052,0.09623642333922708,0.03203670960680306,0.012082175633577504,0.0295108192304454
U:CACGT,0.030391278375149343,0.09632616487455196,0.06421744324970131,0.047491039426523295,0.03651433691756272,0.040173237753882915,0.0420400238948626,0.04353345280764635,0.04308542413381123,0.041666666666666664,0.038978494623655914,0.059513142174432494,0.04517622461170848,0.019563918757467144,0.03233273596176822,0.02949522102747909,0.05563022700119474,0.06362007168458782,0.014710274790919952,0.08930704898446834,0.0270310633213859,0.01291816009557945,0.026284348864994027
U:CACTA,0.04848708034125084,0.10329589394218376,0.07500153440127662,0.0627877002393666,0.04505002148161787,0.04670717486036948,0.052476523660467685,0.04830295218805622,0.033940956238875594,0.03805315166022218,0.03995580924323329,0.06788191247775119,0.049346345056159084,0.019885840545019334,0.034861597004848706,0.03473884490271896,0.034431964647394585,0.048855336647640094,0.018535567421592094,0.053826796783894924,0.019640336340759835,0.0069354937703308165,0.017001166144970232
U:CACTC,0.03825215939609494,0.10140088553386079,0.06979023009363432,0.05251506133410757,0.0432967990128475,0.04177251941641867,0.048922116571096755,0.04950279451259345,0.03259054946650214,0.0404659940480511,0.03876025259490455,0.06685054801480729,0.049212455541845106,0.01636785947593816,0.032009871525005444,0.03607461711548233,0.0447122014952457,0.05650722218189737,0.015206503592944762,0.06851999709661029,0.024715104884953182,0.00860129200841983,0.02395296508673877
U:CACTG,0.03830283116188438,0.104611622664578,0.06651893172353189,0.05935506055859092,0.03811179459748596,0.04386199518587858,0.05093034806862033,0.047396171627249455,0.032094142818935543,0.039277117640316356,0.0359339777633439,0.06411187101211172,0.04974592136935009,0.01491995567951706,0.032399801321973024,0.033775264585641694,0.044893592633630075,0.055496121957742714,0.015244717838994384,0.07643372941581018,0.02357391204676575,0.008730370993008062,0.024280747335039928
U:CACTT,0.0387115517303991,0.09957511711515415,0.07618840106039147,0.061335657479028215,0.04982387333405963,0.047136579874350874,0.05138540872280931,0.059846751643243636,0.03351853869339434,0.039764680248393074,0.0387841812833642,0.06148091658495842,0.051458038275774415,0.02226095798380361,0.03279224316374333,0.0362784617060682,0.036169517376620546,0.049242836910338816,0.017540037041072012,0.04982387333405963,0.019755238406507607,0.01016813741511421,0.0169590006173512
U:CATAA,0.03927702467848453,0.0916232186305179,0.08481056656239137,0.06221758776503302,0.05637817170663886,0.05060827250608273,0.0535279805352798,0.05679527285366701,0.03482794577685089,0.03927702467848453,0.04226624956551964,0.04664581160931526,0.051164407368786934,0.02745915884602016,0.031977754605491834,0.03336809176225235,0.0264859228362878,0.03628779979144943,0.017935349322210636,0.08070907194994786,0.016127911018421967,0.009732360097323601,0.010497045533541884
U:CATAC,0.04054323946474935,0.09679781639038679,0.06863724119565941,0.053857932228213834,0.052593036415684705,0.04973037747153984,0.04566939617868318,0.05212702216896345,0.03175554224086279,0.03641568470807536,0.03601624392517143,0.048864922441914656,0.046534851208308366,0.02150322881299514,0.02915917715198722,0.03222155648758405,0.0314892483855935,0.038146594767325744,0.01764196791159044,0.13354636841754877,0.016443645562878636,0.007855668730444045,0.012449237733839292
U:CATAG,0.04122834158415842,0.09893254950495049,0.08214727722772278,0.055847772277227724,0.053991336633663366,0.05198019801980198,0.055383663366336634,0.055074257425742575,0.03589108910891089,0.035659034653465344,0.039603960396039604,0.054610148514851485,0.05252165841584158,0.022586633663366336,0.03186881188118812,0.035117574257425746,0.031791460396039604,0.04370358910891089,0.01848700495049505,0.05979269801980198,0.01802289603960396,0.009359529702970297,0.01639851485148515
U:CATAT,0.03858325219084713,0.09816212268743914,0.08367818889970789,0.06219571567672833,0.054832035053554044,0.050085199610516065,0.053554040895813046,0.05136319376825706,0.03961781888997079,0.04053067185978578,0.04186952288218111,0.05866601752677702,0.05495374878286271,0.03030671859785784,0.035966407010710806,0.03316699123661149,0.02446445959104187,0.04077409931840312,0.02038704965920156,0.050085199610516065,0.016309639727361245,0.009006815968841285,0.011441090555014606
U:CATCA,0.037004255319148936,0.10025531914893616,0.06871489361702128,0.059353191489361704,0.042110638297872344,0.04340425531914894,0.048714893617021277,0.046740425531914896,0.03193191489361702,0.03976170212765957,0.0388936170212766,0.06486808510638298,0.05407659574468085,0.01795744680851064,0.02995744680851064,0.035080851063829785,0.04262127659574468,0.05654468085106383,0.016493617021276597,0.07198297872340426,0.024034042553191488,0.008919148936170213,0.02057872340425532
U:CATCC,0.035624129086980226,0.10174283579376779,0.06401841791707898,0.061453642183492536,0.034594179776642364,0.040975826483833834,0.04604479269745744,0.04572167134519458,0.03281701233919664,0.04216733647030313,0.03576549467859523,0.06743138720035544,0.05024537027687461,0.014500070682795808,0.02819233798493447,0.033382474705656646,0.04788254538845245,0.06480602621321971,0.013308560696326514,0.07504493406304906,0.027727851041056607,0.009713835652402206,0.026839267322333743
U:CATCG,0.03151714014333823,0.09485363958207409,0.0626025386408773,0.0508159917105604,0.03138761764959848,0.04097228218633969,0.040626888869700374,0.045073827821431656,0.0331145842327951,0.04140402383213885,0.03626629824712892,0.06191175200759865,0.04766427769622658,0.017269665831966152,0.02784733615404542,0.029919696053881357,0.05806925135998618,0.07067610741732147,0.014420170969691736,0.09092479060530179,0.03130126932043865,0.011138934461618167,0.030221915205940766
U:CATCT,0.038034796874325434,0.10458489832923197,0.07110477917368216,0.0596209472002763,0.03974010275007555,0.04571946639036394,0.05042524716142123,0.047575875318395716,0.031537365626214224,0.042265682338211805,0.03667486940379053,0.06877347493847948,0.05316668825281699,0.017743815567931615,0.033588049907179555,0.034904805077062555,0.041315891723869964,0.05534688943573803,0.015304580581099167,0.05923239649440919,0.022622285541596513,0.010577213659715926,0.020139878254112162
U:CATGA,0.0387877534133223,0.09947765825403393,0.07382602399669011,0.05903496069507654,0.0431319817956144,0.04509722796855606,0.04946731485312371,0.04406288787753413,0.035529582126603225,0.03938249896565991,0.039977244517997515,0.058543649151841126,0.0524151841125362,0.01882498965659909,0.033202316921803886,0.03573645014480761,0.039666942490690936,0.05686284650393049,0.016342573438146463,0.06508585022755482,0.02557405875051717,0.008145428216797684,0.02182457592056268
U:CATGC,0.03900239626686846,0.10594021944759743,0.07169882709042755,0.058456299659477864,0.0395699331567663,0.043857989658216676,0.04953335855719511,0.0440786984487325,0.03688989784335982,0.04149325261697566,0.03531340648253248,0.06309118426031025,0.048366754950182875,0.01775129272291588,0.031214528944381384,0.032917139614074914,0.043731870349350485,0.05678521881700088,0.01604868205322235,0.06488838441165343,0.024971623155505107,0.00920670954723168,0.025192331946020937
U:CATGG,0.0396960538078413,0.10529564514069217,0.06915414414030906,0.058447916223234433,0.03597122302158273,0.043293176109999575,0.04880592567366225,0.04331446085734962,0.03426844323357882,0.041930952279596444,0.037844280788387044,0.06334340811374568,0.05174322080796901,0.01653824869098804,0.03145885658337236,0.03535396534843131,0.04393171853050104,0.05889489591758546,0.01568685879698608,0.06549316759610063,0.02605253075645992,0.00893959388702056,0.024541313694606444
U:CATGT,0.03712845104192377,0.1006311484080251,0.07468001833503755,0.06202179048693628,0.04749479919607912,0.04830577201085998,0.05063291139240506,0.0468601248192941,0.033426183844011144,0.04160643136701809,0.03741052854271711,0.0661824336236381,0.05144388420718592,0.01925178942914566,0.03265047071682945,0.036387997602341245,0.03645851697753958,0.05045661295440922,0.019533866929939,0.056380240471069425,0.02288353725185995,0.009061739712986143,0.019110750678748987
U:CATTA,0.03884435358045946,0.0989401194383171,0.08635067520309894,0.0618173992575456,0.06084898047022112,0.05530747296497552,0.05928875020175391,0.051433797815677626,0.03798353688061548,0.039489966105342444,0.04282563081723786,0.05342443643406682,0.054715661483832785,0.027223328132565772,0.03588529617474579,0.03470167321246032,0.028084144832409747,0.03992037445526443,0.019960187227632216,0.03341044816269435,0.0168397266906978,0.009899392048205734,0.012804648410179158
U:CATTC,0.039643247178740446,0.10010921004732436,0.07753913360029123,0.06334182744812522,0.04484892610120131,0.046123043319985436,0.052275209319257374,0.051729159082635603,0.0340735347651984,0.04317437204222788,0.039970877320713506,0.06261376046596287,0.05220240262104114,0.021368765926465236,0.03352748452857663,0.03512923188933382,0.036585365853658534,0.0474699672369858,0.01718238077903167,0.05602475427739352,0.019038951583545686,0.009282854022570076,0.016745540589734254
U:CATTG,0.04318181818181818,0.10945566778900112,0.08097643097643098,0.06315937149270483,0.046043771043771047,0.048484848484848485,0.05064534231200898,0.042901234567901236,0.03268799102132435,0.039113355780022445,0.04031986531986532,0.06080246913580247,0.058389450056116725,0.020594837261503927,0.032491582491582495,0.0372334455667789,0.03580246913580247,0.04938271604938271,0.015937149270482603,0.0441358024691358,0.022166105499438832,0.00819304152637486,0.017901234567901235
U:CATTT,0.03931802366040362,0.0978364015942304,0.08458277978110963,0.061238691718858734,0.05693680015183147,0.0536471183652812,0.057284747263870436,0.051812488138166635,0.039792496995002216,0.039887391661921935,0.04267096855823369,0.05715822104131081,0.05494401214651737,0.02691845384956032,0.03239071297526412,0.03333965964446131,0.029702030745872084,0.03874865565888531,0.02049724805465933,0.03966597077244259,0.019991143164420827,0.010438413361169102,0.011197570696526856
U:CCCAA,0.043111162097051736,0.10281059997705633,0.06598600435929793,0.053986463232763564,0.03425490421016405,0.04480899391992658,0.050200757141218307,0.048044051852701615,0.0347137776758059,0.03950900539176322,0.038132384994837676,0.07422278306756912,0.05049902489388551,0.016450613743260296,0.030973958930824826,0.03306183319949524,0.042744063324538256,0.05937822645405529,0.01463806355397499,0.06346220029826775,0.02608695652173913,0.008649764827348859,0.024274406332453827
U:CCCAC,0.035350584307178634,0.10607262103505843,0.057074290484140235,0.05139816360601002,0.026335559265442406,0.03654006677796327,0.04257095158597663,0.04826794657762938,0.03136477462437395,0.04246661101836394,0.03583055091819699,0.07218280467445742,0.04952003338898164,0.011957429048414023,0.028923205342237062,0.03265859766277129,0.05200333889816361,0.06830133555926544,0.011393989983305508,0.09367696160267112,0.02842237061769616,0.009056761268781303,0.028631051752921535
U:CCCAG,0.03673080333392446,0.10585875155169357,0.059341195247384286,0.04921085298811846,0.027265472601525093,0.03860391913459833,0.04593012945557723,0.05153839333215109,0.03716306082638766,0.04215064727788615,0.03528994502571378,0.06334234793403086,0.04700523142401135,0.0135662351480759,0.03065703138854407,0.033782585564816454,0.05105071821244902,0.06839643553821599,0.011094608973222203,0.08536531299875864,0.02963734704734882,0.008966572087249512,0.02805240290831708
U:CCCAT,0.040095600490581466,0.10368250573917419,0.0672977137645838,0.05940438378565364,0.03569294631906664,0.03946664989465078,0.047957482939715086,0.04446680713229976,0.031321739677348345,0.04430956948331709,0.037642693166451774,0.07000220132708576,0.05122802603855467,0.016101135255825655,0.0300952860152835,0.03610176420642158,0.04493852007924778,0.0602849146199566,0.013207962514544482,0.06811534953929368,0.02490644359885531,0.009119783640995,0.02456052077109343
U:CCCCA,0.03622588079350495,0.10711111780566057,0.05521999126361295,0.048712889183449064,0.02456732289987799,0.036587386464625164,0.04428444471222642,0.04595640844115742,0.03407190950308033,0.04208528521291178,0.03491542273569417,0.07082498606696892,0.050655982165720224,0.012351443763274036,0.029191582942957418,0.03337902363343325,0.05354802753468195,0.07273795357664674,0.011221738541023362,0.0898944102185603,0.02863426169998042,0.008917139887631988,0.028905390953320582
U:CCCCC,0.031075016877804694,0.10333187720900679,0.05057384535959652,0.041161987212580915,0.023132520551209245,0.03439100909415829,0.0446765418370994,0.04568921011874032,0.03131329176760256,0.04211508677177237,0.03449029029824074,0.06673682538421825,0.051050395139192246,0.012509431714387832,0.02924824272268774,0.028870974147174457,0.057444104682101586,0.07773718279655295,0.010305388983757595,0.1144712283070569,0.02952623009411858,0.009173583257217743,0.030975735673722252
U:CCCCG,0.02904178516735944,0.09169218989280245,0.05223145919929993,0.03765587398818639,0.027565084226646247,0.03929665281120105,0.04088273900678189,0.04963355939619339,0.03905053598774885,0.04271494202581492,0.03325311747976373,0.061119011157296,0.04317982935900241,0.014302122073944433,0.027565084226646247,0.0281940494421352,0.06379894990155327,0.0716199956245898,0.012442572741194487,0.11969481513891927,0.031256836578429224,0.011622183329687159,0.0321866112448042
U:CCCCT,0.0335513463008579,0.10245901639344263,0.0589696763781534,0.051558651150938585,0.02696848721651236,0.037033891106769724,0.045761488150853645,0.049413913191200205,0.03149154845833687,0.041726832583028964,0.03482544805911832,0.06899261020980209,0.0510914805062431,0.013760298989212605,0.029707805996772276,0.030684617344771934,0.054404145077720206,0.07294232566040941,0.00968317336277924,0.08999405419179478,0.02752059797842521,0.009428353011127155,0.02803023868172938
U:CCCGA,0.03613974032927319,0.0942756435996966,0.05644045866238344,0.042519966091107836,0.036362825146120555,0.039709097398831036,0.04283228483469415,0.04747244902511935,0.03921831080176683,0.04314460357828046,0.03520278409851425,0.05911747646455182,0.043992325882300454,0.014188194351492437,0.031231874358631152,0.02975951456743854,0.058091286307053944,0.06786240128496855,0.012537366706821934,0.09927274349707758,0.030964172578414315,0.010261901574978806,0.029402578860482757
U:CCCGC,0.030438702857320525,0.0917824829773342,0.053104498958430495,0.037962876597332336,0.025557317414420296,0.04138295557006498,0.04163168858626372,0.04993315300189659,0.03895780866212729,0.04216024624568604,0.031184901905916735,0.060379939682243575,0.03982837421882287,0.014239965177377733,0.027205173646736934,0.02782700618723378,0.061281596865963996,0.07437117184342257,0.012063551285638777,0.12256319373192799,0.03196219258153779,0.00998041227497435,0.03420078972732643
U:CCCGG,0.0311222230903456,0.09693465635336095,0.054222986170794595,0.04237310206526552,0.028752246269239785,0.037997760241685545,0.04146157251868635,0.050342474672500456,0.04057608667343803,0.04195640284397219,0.03445581686069224,0.05964007604760788,0.04143552881735552,0.015053259369221554,0.028569940359923954,0.02953355730916478,0.0576867984477954,0.06880745891606115,0.012553064041461573,0.11190978461859,0.030575305362398105,0.012240539625491575,0.03179935932494726
U:CCCGT,0.03489710749748165,0.09159591308101885,0.0602244927327673,0.04957547848611311,0.03065189235861275,0.038350841847747875,0.03640811627572312,0.04655346092963016,0.03345805151820406,0.04604979133688301,0.03468124910059001,0.05907324794934523,0.046697366527557925,0.01647719096272845,0.02827744999280472,0.02647863001870773,0.06360627428406965,0.07202475176284358,0.013671031803137142,0.0981436177867319,0.029428694776226796,0.01410274859692042,0.029572600374154556
U:CCCTA,0.0386968415816961,0.10982342700820691,0.059139517532952005,0.05128077592638647,0.03153444416811738,0.040835613031584186,0.04546132802785377,0.049539915443919426,0.030838099975130564,0.038746580452623726,0.03491668739119622,0.06088037801541905,0.048694354638149716,0.014921661278288983,0.030290972394926636,0.03551355384232778,0.04640636657547874,0.05799552350161651,0.011589156926137777,0.11231037055458841,0.021039542402387465,0.007659786122855011,0.021885103208157175
U:CCCTC,0.032139311714096626,0.10452514890800794,0.06103160158835209,0.05439278623428193,0.029181833223031105,0.0381783587028458,0.0484571475843812,0.048850099272005294,0.03577928524156188,0.04200446724023825,0.034703838517538055,0.06622270019854401,0.0516421244209133,0.013132859033752482,0.029388649900727995,0.030629549966909333,0.0538964262078094,0.06620201853077431,0.011312872270019854,0.08328507610853739,0.027341164791528788,0.009451522170747849,0.028251158173395102
U:CCCTG,0.03378460344032802,0.10268821117500061,0.05723366572045515,0.04962758085256084,0.028240774437732003,0.03769075866754009,0.044653904942135524,0.04617026954897251,0.03460950578644734,0.042336899822888616,0.03418492369653298,0.06796952713686101,0.04836596549967247,0.012664677196302496,0.030145328383919257,0.03360263968750758,0.055693039279908776,0.0712327437707742,0.010614552247858892,0.0903510687337749,0.028447000024261832,0.010008006405124099,0.029684353543440813
U:CCCTT,0.03910041060097051,0.10106382978723404,0.06550951847704367,0.05826178922483514,0.04068682344158268,0.044139604329973874,0.0468769441333831,0.05194724399651611,0.03147940773920617,0.03987806395421177,0.036674132138857785,0.06401642403882045,0.05222719920368297,0.01598855294264029,0.031043921861391065,0.032848077640910786,0.04846335697399527,0.06031479407739206,0.013126788602712455,0.07593007341047654,0.022458628841607566,0.007714321264153291,0.020250093318402388
U:CCTAA,0.04773937986613851,0.10995765605791559,0.07997541319491873,0.06003278240677503,0.04992487365114055,0.05033465373582844,0.0560032782406775,0.04514410599644857,0.036333834175659066,0.03421663707143833,0.044734325911760686,0.05962300232208715,0.05511542139052042,0.022128124573145745,0.033123890178937306,0.034489823794563584,0.03291900013659336,0.04732959978145062,0.018371807130173473,0.03933888813003688,0.01844010381095479,0.009220051905477394,0.015503346537358284
U:CCTAC,0.036127167630057806,0.10526653821451509,0.06332691072575465,0.05359666024405909,0.03163134232498394,0.042999357739242135,0.045054592164418754,0.051669877970456,0.03269107257546564,0.039595375722543354,0.03410404624277456,0.06746949261400129,0.04720616570327553,0.015350032113037893,0.0317276814386641,0.03220937700706487,0.04865125240847784,0.06416184971098265,0.01348747591522158,0.08660886319845858,0.025658317276814387,0.008670520231213872,0.022736030828516378
U:CCTAG,0.04788525193085693,0.10481794777491725,0.06892239794041927,0.058992276572269214,0.03758734828981243,0.05082751011401251,0.04825303420375138,0.0488414858403825,0.034865759470393526,0.04111805810959912,0.040529606472968,0.059948510481794774,0.052592865023905845,0.01802133137182788,0.03273262228760574,0.03883780801765355,0.04310408238322913,0.05450533284295697,0.011989702096358955,0.05384332475174697,0.023096726737771238,0.00831187936741449,0.020375137918352337
U:CCTAT,0.04488639238904914,0.10662415869642225,0.0675067051262588,0.06234502302515055,0.04088861899701432,0.051414402105156624,0.04939021304589849,0.04584788219219675,0.031982187136278525,0.03684024087849805,0.03952229138201508,0.06897424219422094,0.05212286827589697,0.01862253934517484,0.03264004858053742,0.031324325692019636,0.03506907545164718,0.05318556753200749,0.014675370679621477,0.07322503921866302,0.0180152826273974,0.008147360963513992,0.016750164465361064
U:CCTCA,0.03595077252357702,0.10194970236104609,0.0632900809310414,0.059427463045950105,0.03446257775399639,0.04345863152966357,0.04697010233429202,0.052688783358972646,0.03210487592803157,0.041368470336432345,0.034914052571734334,0.06380844090696275,0.04906026352752324,0.016253093438565982,0.029747174102066752,0.032439301718948564,0.0487091164470604,0.06063139589325129,0.013209818741221324,0.07954317436960738,0.0260016052437964,0.008862283459300381,0.025148819476958063
U:CCTCC,0.03714468406673255,0.10361564843341278,0.061239318723478466,0.04959890716735453,0.03234900889379759,0.038089286752310644,0.04782596058826949,0.05111027146427949,0.03615648433412777,0.041373597628320644,0.03481950822530954,0.06424751496831949,0.05039818636284369,0.01579666337266756,0.030111027146427948,0.03214555600767308,0.049845957100505725,0.06577341161425333,0.011553217462070569,0.08197698075916991,0.026695925129337907,0.010841132360634774,0.027291751438702553
U:CCTCG,0.0315899399530067,0.09376903663736838,0.062179096684361675,0.04882081629101036,0.029631885823688104,0.04333826472891828,0.04477417109041859,0.05378122008528414,0.040988599773735965,0.042424506135236274,0.036767905317204766,0.05761030371595161,0.04290314158906971,0.01601253154642764,0.030197545905491254,0.031067792185188407,0.05486902793490558,0.06309285527804369,0.01292315725350274,0.09403011052127752,0.030806718301279262,0.010442955356365852,0.02797841789226351
U:CCTCT,0.03793753098661378,0.10135845314823996,0.06742687159147248,0.05824491819533961,0.03752107089737233,0.04085275161130392,0.04882498760535449,0.04922161626177491,0.03436787307882994,0.039167079821517105,0.03504214179474467,0.07081804660386713,0.04928111056023798,0.015091720376797223,0.032801189885969265,0.03383242439266237,0.046841844323252356,0.060961824491819534,0.01336638572136837,0.0689340604858701,0.024670302429350522,0.008963807635101637,0.024471988101140308
U:CCTGA,0.04120017173618679,0.1097295155057961,0.06750553188678622,0.05186763103140791,0.03545361471647016,0.040919449123154664,0.04871362990851746,0.04620363948611249,0.03362066118431917,0.041348789590144985,0.036312295650450806,0.06466527956669639,0.04831731563129562,0.014812246111166156,0.03438026354899435,0.03499124805971135,0.049539284652729616,0.06141219987450048,0.013326067571584266,0.06565606525975098,0.025628323260345455,0.009775752171471978,0.02462102447240662
U:CCTGC,0.03158636897767333,0.10049353701527615,0.06007050528789659,0.049870740305522916,0.028319623971797884,0.03719153936545241,0.04173913043478261,0.04667450058754406,0.038249118683901295,0.04217391304347826,0.03283196239717979,0.06918918918918919,0.045158636897767335,0.012596944770857814,0.029153936545240892,0.0318213866039953,0.05741480611045829,0.07319623971797885,0.011304347826086957,0.09110458284371328,0.029118683901292595,0.011233842538190365,0.029506462984723855
U:CCTGG,0.035561140796024675,0.10180060051993899,0.059207812514989015,0.0505741392707424,0.027426302005890083,0.03662596049614842,0.04513492512686703,0.04645875502431818,0.03401667258233167,0.043034064637433686,0.03403585852287444,0.0655391728941032,0.04849246472185183,0.013219113033968707,0.03050564546300471,0.03318208416872116,0.055236322822635575,0.07138129178937674,0.010782498585036885,0.09099891599435933,0.027973101311359036,0.009333960074057731,0.0294791976439665
U:CCTGT,0.03559198920825983,0.10337241880253191,0.06529002801701775,0.05927155753865311,0.03428452838020131,0.04210854000207533,0.04671578291999585,0.04939296461554426,0.033599667946456364,0.04327072740479402,0.03519767562519456,0.06773892290131783,0.050243851821106154,0.016436650409878593,0.03166960672408426,0.034429801805541144,0.047711943550897584,0.06188647919477016,0.013427415170696275,0.06653522880564491,0.024468195496523813,0.01218221438206911,0.025173809276745875
U:CCTTA,0.03967379325545515,0.09323341415031959,0.07097200793475865,0.05901476746748953,0.05130041877892881,0.04771875688781133,0.050418778928807584,0.04700242450958783,0.03399823672029976,0.03620233634560282,0.04099625303063698,0.05163103372272427,0.05058408640070531,0.02115935640290941,0.029479832488428476,0.033557416795239145,0.028873705091470133,0.044908529865549926,0.01631033722724267,0.11494379545955477,0.018128719418117698,0.0071633237822349575,0.012728675336125194
U:CCTTC,0.03506836432033567,0.10440931780366057,0.06577805107429646,0.05349779353251827,0.033440642407581565,0.04219416913839254,0.04566664255226796,0.04969977573609202,0.03512262171742748,0.040855820010128045,0.036967373218548795,0.06440353034797078,0.049663604138030816,0.015626130362439414,0.031487376112276644,0.030944802141358606,0.04834334080879693,0.061636403096288796,0.013383491282644867,0.08594371699341677,0.02425305650003617,0.008916298922086377,0.02269767778340447
U:CCTTG,0.0400476149987246,0.10611342572910466,0.06753960830995097,0.05739307881982825,0.04191820423433382,0.04574440948898903,0.05155457302383584,0.045886120794717,0.03511606155939121,0.040954567355383616,0.039282373947793554,0.06039735850126123,0.052574894425077234,0.01743049060454043,0.032650284839724514,0.034577558597624916,0.04293852563557521,0.05747810560326503,0.014567922228835416,0.06164441799166737,0.024232633279483037,0.009041181305444549,0.020916588725448517
U:CCTTT,0.0383990884489389,0.10055547642785928,0.07121492664862555,0.06278307933342829,0.04529269334852585,0.04902435550491383,0.04959407491810283,0.05016379433129184,0.0325024925224327,0.04150405925081897,0.039082751744765706,0.06033328585671557,0.051901438541518304,0.0192850021364478,0.032815838199686656,0.03307221193562171,0.03831363053696055,0.04950861700612448,0.01646489104116223,0.0714143284432417,0.020168067226890758,0.009685230024213076,0.01692066657171343
U:CGCAA,0.040969125935896356,0.09893160595608648,0.05838310759653403,0.05215781946664423,0.03137881719525532,0.03869773702363927,0.050559434676537396,0.046100782367292,0.0429881383023471,0.040043745267939766,0.03432321022966266,0.06284175990577942,0.047110288550517375,0.014553714141499117,0.030621687557836293,0.03154706822579288,0.048792798855892994,0.06587027845545554,0.014217212080423992,0.08370488769243711,0.028686800706654327,0.009253806679565912,0.028266173130310424
U:CGCAC,0.03531022555307343,0.08777113208906824,0.055055127188873676,0.044678244577358216,0.026590761692008358,0.04107516033724869,0.04071485191323773,0.04957843914390719,0.038697124738776394,0.04230020897888593,0.03523816386827124,0.05815377963536787,0.0409310369676443,0.016718310874108237,0.030265907616920083,0.030410030986524464,0.06290985083231246,0.06939540246450962,0.014412336960438135,0.10600273834402249,0.030049722562513512,0.012034301361965843,0.0317071413129639
U:CGCAG,0.0346436973514457,0.0890566896865751,0.05786597859907414,0.048152083175229565,0.03392274417545724,0.04181528420733095,0.045268270471275705,0.048152083175229565,0.03790695909539349,0.040904606511345525,0.03494725658344085,0.054223267815132425,0.041853229111330346,0.017302876223723153,0.028989906655536163,0.03202549897548759,0.057334749943082644,0.06674508613493207,0.015519465735751688,0.09740456856644153,0.032101388783486375,0.01210442437580633,0.03175988464749184
U:CGCAT,0.03818483674598783,0.09546209186496957,0.06290352333517801,0.0549714074893931,0.02877697841726619,0.038830474082272644,0.047500461169525915,0.046762589928057555,0.03587898911639919,0.041228555617044825,0.0326508024349751,0.06124331304187419,0.04648588821250692,0.013927319682715366,0.026194429072126914,0.03357314148681055,0.053495665006456375,0.06954436450839328,0.014849658734550821,0.09158826784726065,0.026102195166943367,0.009869027854639365,0.02997601918465228
U:CGCCA,0.03484611751026489,0.09174811961774645,0.056211620217288615,0.04959848842701937,0.027542603829802698,0.04095054685512881,0.0406235238545111,0.04829039642454853,0.04105955452200138,0.04225863885759965,0.03222993350532321,0.06017223211365866,0.04331237963736783,0.01595145525235275,0.029613749500381526,0.0297227571672541,0.05730169688601432,0.07179971658006613,0.014207332582391628,0.09956033574361396,0.031248864503470076,0.010246720686021584,0.03150321572617274
U:CGCCC,0.030325028873123248,0.08988615739976902,0.05174063685860419,0.036462629929054614,0.029302095363801354,0.041379310344827586,0.04035637683550569,0.05018973766705164,0.04184128031677941,0.04312819666721663,0.03378980366276192,0.05853819501732387,0.041544299620524666,0.013958092723972942,0.025804322719023262,0.02672826266292691,0.057548259363141396,0.07348622339547929,0.012572182808117472,0.12327998680085794,0.03240389374690645,0.011648242864213827,0.034086784359016666
U:CGCCG,0.0322180916976456,0.08869362772708497,0.0577897938492734,0.03935263414817318,0.03233074236791709,0.04400886185272802,0.041492996883331454,0.04791408508880628,0.03935263414817318,0.046825128609515224,0.03495925800758515,0.054598024858247905,0.03770042431752469,0.01670984942360407,0.02988997784536818,0.028312868461567345,0.06000525703127934,0.06424843227817205,0.014381735571326649,0.11362697608050767,0.03353234951747963,0.010025909654162442,0.03203034058052645
U:CGCCT,0.03450115596656589,0.09244175706918015,0.057086964253956964,0.046025253423439445,0.026569446914458474,0.04093900053352303,0.04168593277609817,0.05008002845456162,0.03595945224968878,0.04264627423083763,0.034109905744264625,0.06423617286146185,0.0410101369375778,0.013551484972434644,0.02692512893473235,0.03378979192601814,0.055166281344478034,0.0686821981148853,0.011844211275120043,0.11104392672950382,0.031086608571936687,0.010812733416325805,0.029806153298950738
U:CGCGA,0.03608595756183268,0.09528314637113124,0.05676442762535478,0.038113258548452496,0.030409514799297203,0.050141911069063384,0.04392485471009596,0.04419516150831193,0.03946479253953237,0.038653872144884444,0.03122043519394513,0.056358967428030815,0.040140559535072305,0.016894174888498446,0.02946344100554129,0.03108528179483714,0.055142586836058924,0.06149479659413434,0.01446141370455467,0.11433977564535748,0.031490741992161106,0.010947425327746993,0.03392350317610488
U:CGCGC,0.024838012958963283,0.081505058542685,0.05689439581675571,0.03802432647493464,0.03018074343526202,0.05194952824826646,0.035978174377628735,0.05217687848130044,0.04393543253381835,0.04268500625213141,0.0347277480959418,0.05234739115607594,0.03245424576560191,0.01716494259406616,0.024838012958963283,0.029328180061384563,0.06098670001136751,0.06615891781289075,0.01614186654541321,0.12566784130953734,0.03381834716380584,0.012106399909059908,0.036091849494145734
U:CGCGG,0.025762959866220736,0.08308946488294314,0.05905100334448161,0.03658026755852843,0.031302257525083615,0.050271739130434784,0.043687290969899664,0.047658862876254184,0.03903637123745819,0.04373954849498328,0.037938963210702344,0.05518394648829431,0.03903637123745819,0.018551421404682276,0.02915969899665552,0.028428093645484948,0.05800585284280937,0.06495610367892976,0.016252090301003344,0.11339882943143813,0.03260869565217391,0.012855351170568562,0.033444816053511704
U:CGCGT,0.031140350877192982,0.08172514619883041,0.05160818713450292,0.04517543859649123,0.02631578947368421,0.05175438596491228,0.035964912280701755,0.044152046783625734,0.05087719298245614,0.040497076023391816,0.03435672514619883,0.05716374269005848,0.035380116959064324,0.01695906432748538,0.02850877192982456,0.03903508771929825,0.062426900584795324,0.05672514619883041,0.011403508771929825,0.12149122807017544,0.031140350877192982,0.013742690058479532,0.03245614035087719
U:CGCTA,0.04082131508188707,0.09973111708628697,0.05964311904179907,0.05096553409924224,0.03043265705206551,0.048887802493277926,0.048154485455878755,0.04619897335614764,0.030677096064531898,0.03813248594475678,0.037399168907357616,0.07223172818381814,0.04705450989978,0.013810804204351015,0.03092153507699829,0.033365925201662185,0.04571009533121486,0.06709850892202396,0.013321926179418235,0.08530921535076998,0.02517721828403813,0.008922023955023221,0.026032754827670496
U:CGCTC,0.029323827046918122,0.09360625574977001,0.058820147194112236,0.043985740570377185,0.030128794848206072,0.04628564857405704,0.04473321067157314,0.05048298068077277,0.039155933762649496,0.041168353265869366,0.0359360625574977,0.06158003679852806,0.04341076356945722,0.015639374425023,0.02754139834406624,0.030876264949402023,0.057440202391904324,0.06698482060717571,0.012591996320147195,0.09791858325666973,0.03030128794848206,0.010407083716651335,0.03168123275068997
U:CGCTG,0.028178042866300622,0.09565483987848045,0.05579865659578026,0.046684690208757214,0.027982942668413276,0.045737060676161546,0.03659522283229744,0.045458346107751055,0.038044538588031994,0.043953287438334404,0.03503442124919869,0.061958248557652106,0.04038574096268012,0.013879985506842442,0.029599487165194123,0.029069929485214193,0.060731904456645946,0.07054265726469522,0.01335042782686251,0.10775105214749575,0.03160623205774966,0.010312439031188161,0.03168984642827281
U:CGCTT,0.03674311562574399,0.09721450678517578,0.06483612411713356,0.05967780334894056,0.034521069756368546,0.03809221490357908,0.04555194032219665,0.0488056503452107,0.037695420998333465,0.03904452027616856,0.03372748194587731,0.06094754384572653,0.045075787635901914,0.01563367986667725,0.03261645901118959,0.03190222998174748,0.056662169669073885,0.059281009443694944,0.013014840092056185,0.08451710181731609,0.027458138242996588,0.008808824696452663,0.028172367272438697
U:CGTAA,0.0481994459833795,0.096398891966759,0.07590027700831024,0.05706371191135734,0.04127423822714681,0.051800554016620495,0.05734072022160665,0.044598337950138504,0.03684210526315789,0.03462603878116344,0.04542936288088643,0.05457063711911357,0.05013850415512466,0.02548476454293629,0.036011080332409975,0.03795013850415512,0.037673130193905814,0.049307479224376734,0.01551246537396122,0.05955678670360111,0.019113573407202215,0.008033240997229917,0.017174515235457065
U:CGTAC,0.039783700270374665,0.09424488219389726,0.06546929316338354,0.050019312475859404,0.043453070683661645,0.04866743916570104,0.044804943993820005,0.04557744302819621,0.03398995751255311,0.0440324449594438,0.03514870606411742,0.05465430668211665,0.04712244109694863,0.01853997682502897,0.03495558130552337,0.036693704132869834,0.043453070683661645,0.06257242178447277,0.014677481653147934,0.07956740054074933,0.024913093858632676,0.01216685979142526,0.02549246813441483
U:CGTAG,0.04904157331341797,0.09434901667911377,0.06572068707991038,0.05675877520537715,0.03634553149116256,0.0475479213343291,0.05202887727159572,0.04929051530993279,0.030868807567836692,0.031117749564351507,0.04007966143888474,0.05750560119492158,0.05327358725416978,0.018670649738610903,0.03286034353995519,0.034602937515558874,0.04779686333084392,0.05825242718446602,0.013193925815285038,0.07393577296489919,0.02663679362708489,0.011700273836196167,0.018421707742096092
U:CGTAT,0.04313232830820771,0.10175879396984924,0.07872696817420435,0.06009212730318258,0.04187604690117253,0.04585427135678392,0.05129815745393635,0.05360134003350084,0.03559463986599665,0.03936348408710218,0.038316582914572864,0.05129815745393635,0.05402010050251256,0.0207286432160804,0.035385259631490786,0.03098827470686767,0.03412897822445561,0.04983249581239531,0.01675041876046901,0.0695142378559464,0.02219430485762144,0.009422110552763818,0.016122278056951423
U:CGTCA,0.034922944639195715,0.09841920761955156,0.06230570804947417,0.051590713671539126,0.040677293471790464,0.038626893313049804,0.04735762947284873,0.05383953965209339,0.03512137046100933,0.03942059660030425,0.03584893180765924,0.05840333355380647,0.043785964680203716,0.015874065745088962,0.030888286262318935,0.03035915073748264,0.05708049474171572,0.06230570804947417,0.015278788279648126,0.08300813545869436,0.028374892519346516,0.01217011707123487,0.02434023414246974
U:CGTCC,0.03434715821812596,0.09081413210445469,0.05523809523809524,0.04411674347158218,0.03176651305683564,0.038279569892473116,0.04233486943164363,0.04589861751152074,0.044731182795698925,0.045345622119815666,0.03551459293394777,0.05738863287250384,0.04608294930875576,0.01794162826420891,0.028632872503840247,0.029861751152073734,0.06138248847926267,0.06783410138248848,0.013763440860215054,0.09462365591397849,0.0306605222734255,0.013886328725038402,0.02955453149001536
U:CGTCG,0.03720316622691293,0.08548812664907651,0.05712401055408971,0.046701846965699206,0.03205804749340369,0.04340369393139842,0.03812664907651715,0.04511873350923483,0.048812664907651716,0.03970976253298153,0.03456464379947229,0.056860158311345645,0.04445910290237467,0.017941952506596307,0.033773087071240104,0.03350923482849604,0.06160949868073878,0.0662269129287599,0.016886543535620052,0.09274406332453826,0.030211081794195252,0.01279683377308707,0.02467018469656992
U:CGTCT,0.033655567490153956,0.10096670247046187,0.058933046902971714,0.05005370569280344,0.031936985320443964,0.044897959183673466,0.04217687074829932,0.04611528822055138,0.034085213032581455,0.04375223773720014,0.036663086287146436,0.06330110991765127,0.04876476906552094,0.020694593626924454,0.029430719656283567,0.03293949158610813,0.05707124955245256,0.06373075546007877,0.013533834586466165,0.08227712137486573,0.02456140350877193,0.014035087719298246,0.026423200859291084
U:CGTGA,0.03985296962662024,0.09666602179660798,0.06139162958663829,0.052105500741600565,0.03533887921583801,0.04649513123105694,0.04875217643644805,0.04243244986135294,0.030502353775714194,0.03985296962662024,0.032823885986973625,0.059843941445798673,0.049010124459921325,0.015541368414264525,0.03585477526278455,0.03327529502805185,0.05404011091765009,0.059457019410588764,0.013929193267556587,0.08538079576965242,0.02695556845295673,0.011801122073902109,0.0286967176114013
U:CGTGC,0.032771358211782536,0.09173138852055314,0.05469785944307634,0.048778177685167644,0.026425459367304414,0.03883311233188104,0.03518658836900928,0.046410304982004165,0.04068005304034855,0.04603144534949801,0.036938814169350256,0.061990907368819854,0.03831218033718507,0.014917598029929912,0.029551051335480204,0.030640272778935405,0.06355370335290775,0.06966281492706952,0.014207236218980868,0.10290774767948475,0.031776851676453874,0.012028793332070468,0.03196628149270695
U:CGTGG,0.03353724140051028,0.09489410101134303,0.05788324982324552,0.049614214134210445,0.027665918662199133,0.04122221880667671,0.04036150133718607,0.04438842949801727,0.039961882512065415,0.0413144385355507,0.033844640496756936,0.06089576096646276,0.043958070763271954,0.01401739878884756,0.030248071070671054,0.03215394546740032,0.05892840675048416,0.06925701638437183,0.010912667916756325,0.10439273308536473,0.030002151793673725,0.012203744120992285,0.028342196673941777
U:CGTGT,0.032077460150177844,0.09834013963904624,0.06310104070609933,0.05190357001712554,0.03886181003820314,0.047226979317612966,0.04478988275589514,0.041101304175997895,0.03543670135686998,0.04189171387169016,0.038466605190357,0.05980766697404821,0.04215518377025425,0.017586615729152943,0.027532604399947307,0.02911342379133184,0.05585561849558688,0.06395731787643262,0.01600579633776841,0.08503490976155974,0.027137399552101173,0.013898037149255698,0.028718218943485706
U:CGTTA,0.04589917231000752,0.09882116879859544,0.08251818409831954,0.056433408577878104,0.05919237521946326,0.05768748432405317,0.05618259342864309,0.05517933283170304,0.03511412089290193,0.040130423877602205,0.040130423877602205,0.05417607223476298,0.057436669174818156,0.023827439177326312,0.028843742162026585,0.03260596940055179,0.030599448206671685,0.04640080260847755,0.01780787559568598,0.040632054176072234,0.015550539252570855,0.008276899924755455,0.01655379984951091
U:CGTTC,0.037652527600232424,0.09122603137710633,0.07414294015107496,0.05206275421266705,0.037187681580476466,0.05241138872748402,0.046600813480534575,0.052643811737362,0.03358512492736781,0.04264962231260895,0.0368390470656595,0.05427077280650784,0.04590354445090064,0.019291109819872167,0.0337013364323068,0.029866356769320163,0.04962231260894828,0.057757117954677514,0.014758861127251598,0.07739686228936665,0.026147588611272515,0.01115630447414294,0.023126089482858804
U:CGTTG,0.038405701464959745,0.09700409132902205,0.07377590075227662,0.049227926620034314,0.04408077075359641,0.056486736175267255,0.0506796885310809,0.04606044608684176,0.04368483568694734,0.038405701464959745,0.0402533984426554,0.05054771017553121,0.05503497426422067,0.023360168932295103,0.033390523954071535,0.029035238220931767,0.04342087897584796,0.05582684439751881,0.01781707799920813,0.06084202190840702,0.021644450310149135,0.010954203510624257,0.020060710043552858
U:CGTTT,0.039649720262709805,0.10277304792021406,0.08039406470445147,0.052420335684748236,0.04585259061055704,0.05144733641449769,0.05047433714424714,0.05400145949890538,0.04086596935052299,0.03709559717830212,0.04402821697883726,0.05193383604962296,0.049014838238871324,0.02614935538798346,0.03417659936755047,0.03125760155679883,0.03916322062758453,0.04974458769155923,0.018851860861104353,0.04962296278277791,0.023595232303575773,0.01228411578691316,0.015203113597664802
U:CTCAA,0.03872443081871639,0.10036688948082625,0.07332763733226115,0.05676735186208976,0.04427803186410011,0.04352414936925165,0.04920339749711012,0.05236970397547369,0.032416947278484196,0.040282454641403224,0.03844800723727195,0.05840076393426145,0.05425441021259486,0.018872191787706688,0.03332160627230236,0.0333969945217872,0.041865607880585014,0.05553601045383726,0.015504849977383526,0.06777403628687742,0.023521133839272252,0.007991154445393778,0.0198522390310097
U:CTCAC,0.03443246489547287,0.10238224611776818,0.0640318014127606,0.049875596991449084,0.03923699488088769,0.043412360225355336,0.04578602682529242,0.05482311894071553,0.03191580633168416,0.03975176595075357,0.037549689707438445,0.06408899819830126,0.05036176966854463,0.01644407584293763,0.03045728830039752,0.03263076615094232,0.046215002716847316,0.05568107072382532,0.014270597992392827,0.08556639116881631,0.02470901135356193,0.01038121657562845,0.025995939028226615
U:CTCAG,0.038293902890136226,0.10593949531177123,0.06697010148447174,0.05907329076668221,0.037811409363591036,0.04631937854833781,0.05032407481866285,0.04631937854833781,0.0343213728549142,0.04091545105103173,0.03776316001093652,0.06132492722389308,0.050935233285620087,0.017337600720523667,0.02996284799845602,0.034080126091641606,0.04611029802016823,0.0577383920099072,0.014699969442076652,0.06647152484037505,0.023529600977853546,0.009858951059073291,0.023899512681538188
U:CTCAT,0.03671935511632577,0.10961301242146934,0.06821767692704897,0.057603488338736054,0.04308786826931352,0.043977165151037036,0.04945638142230127,0.049026076479531826,0.03473995237958633,0.04185432743337445,0.03591611922315614,0.0639720014917238,0.05143578415904071,0.017785937634470294,0.030178719986230243,0.032731862646662266,0.04070684758598927,0.05332912590722626,0.0144869330732379,0.07180355145012765,0.023666771852319343,0.008921655813419777,0.020769385237671762
U:CTCCA,0.038201025322355135,0.10598104707161721,0.06924032934596862,0.05289731241261457,0.03762622339599192,0.04132359794935529,0.050877738076743825,0.05058256951996271,0.03635233804567345,0.039474910672673606,0.03630573248407643,0.0643467453782818,0.051934130806276214,0.01665372067733416,0.032468541245922015,0.03493863601056393,0.04536274662109679,0.05813267049867951,0.013779711045518098,0.06537206773341618,0.024032934596861892,0.009942519807363678,0.024172751281652943
U:CTCCC,0.03544259008079259,0.10261249041693696,0.06072221894596135,0.047787541035167386,0.031687995124923825,0.03890232155845177,0.04690295060053862,0.053154056338581904,0.03495115095044328,0.04204753199268738,0.03394861512453068,0.0650665408582493,0.048573843643726286,0.014055159127990408,0.030567513907727387,0.03096066521200684,0.05409761946885259,0.06919462955318355,0.011538990780601915,0.08352499459416957,0.025751410430304104,0.01006467338955397,0.02844449686461835
U:CTCCG,0.03786283496428424,0.09802221396424295,0.05813617407820306,0.04661629299310459,0.029646145588174574,0.0376976753788348,0.04517114662042198,0.04731822123126471,0.03827573392790784,0.043560840662289935,0.036706717866138154,0.05995292951814691,0.04653371320037987,0.017217886783104173,0.028613898179115572,0.030926132375407738,0.0564432883273463,0.06841735827243074,0.01238696890870804,0.09376935463891986,0.027499070977331848,0.011024402328750155,0.02820099921549197
U:CTCCT,0.03701063105027172,0.10513807690479586,0.06708176877861749,0.0511114279829523,0.033208168956065716,0.04257173186304799,0.04846554810906729,0.053519653975949426,0.03625013863143052,0.039181203162380975,0.03617092067113456,0.06510131977121852,0.05009743809116403,0.018267661644247982,0.0319248379992712,0.032114961103981494,0.04643756832549076,0.06234453475291918,0.012421376174406262,0.07055151543958046,0.024636785652043032,0.011629196571446678,0.024763534388516563
U:CTCGA,0.0382759194541521,0.0963554667998003,0.0708936595107339,0.05591612581128307,0.03702779164586454,0.04601431186553503,0.048760193043767684,0.04809452487934764,0.041853885837909804,0.0399400898652022,0.03711100016641704,0.05217174238642037,0.04934265268763521,0.017723414877683474,0.03111998668663671,0.034947578632051925,0.04900981860542519,0.06140788816774838,0.014478282576135796,0.06673323348310867,0.03003827591945415,0.009402562822433017,0.023381594275253787
U:CTCGC,0.03287758346581876,0.08972972972972973,0.05837837837837838,0.047631160572337045,0.03294117647058824,0.046677265500794915,0.04724960254372019,0.05100158982511924,0.03930047694753577,0.039936406995230524,0.036184419713831475,0.05685214626391097,0.04127186009538951,0.015262321144674086,0.03027027027027027,0.03548489666136725,0.0539268680445151,0.06702702702702702,0.012909379968203497,0.09386327503974563,0.03160572337042925,0.011001589825119238,0.028616852146263912
U:CTCGG,0.03211185701458075,0.09791764655577885,0.0595202462906743,0.04797537093256938,0.03104288707401548,0.044212596741779624,0.0445119083251379,0.048360200111172875,0.036815324753067945,0.04322914439645957,0.034848420062427846,0.059905075469277806,0.04459742592038312,0.015435925941762518,0.030786334288279815,0.030914610681147647,0.05597126608799761,0.06768717663659297,0.013768332834480694,0.09030658057895412,0.030187711121563262,0.011160046179501433,0.02873391200239449
U:CTCGT,0.0366412213740458,0.09284351145038168,0.06650763358778626,0.053721374045801525,0.03587786259541985,0.040935114503816795,0.0491412213740458,0.05438931297709924,0.03568702290076336,0.04179389312977099,0.0383587786259542,0.059637404580152674,0.046087786259541984,0.021374045801526718,0.030725190839694657,0.03463740458015267,0.0525763358778626,0.05830152671755725,0.014885496183206106,0.07614503816793892,0.025763358778625955,0.010877862595419847,0.023091603053435116
U:CTCTA,0.03928375662342408,0.1021377672209026,0.0756897496802485,0.056458980449479265,0.0457701443449662,0.048373835190937325,0.0533985017357939,0.048373835190937325,0.03407637493148182,0.03983190206468116,0.037410926365795724,0.0635848711858213,0.052439247213594005,0.01868262378951215,0.0332541567695962,0.03375662342408186,0.04019733235885255,0.05335282294902247,0.014617211766855473,0.05846884706742189,0.021103599488397587,0.008861684633656131,0.02087520555454047
U:CTCTC,0.03706782346676364,0.10541081123204406,0.07070680832272645,0.05260150141569473,0.03865236252175494,0.04449697379016547,0.04948437540587578,0.05026365690833052,0.035119619710626805,0.039691404525027923,0.037197703717172764,0.06522586175546147,0.05312102241733122,0.018391043457931786,0.0324700626022807,0.03514559576070863,0.04161363223108294,0.05667974127854118,0.014416707795412629,0.06384913110112476,0.02267709172143284,0.011507390186248278,0.024209678676260487
U:CTCTG,0.036902641609933916,0.10426619172062519,0.06967724753233351,0.05386420760024635,0.037485227291642394,0.04241223762837692,0.05091798858132064,0.048238094445461656,0.030860395825357458,0.039715698187326266,0.0366862526424422,0.06738019541588296,0.053231686002962866,0.015729813406128803,0.034256038084458276,0.03525475639595852,0.045974332939394444,0.0604224578457646,0.014547996737520183,0.06316893320239027,0.024818150040780997,0.010752867153819266,0.023436589709872332
U:CTCTT,0.03740616101475537,0.10320994046078177,0.07421692984726896,0.06629562516179136,0.04302355682112348,0.04918457157649495,0.05185089308827336,0.04675122961428941,0.03660367589955993,0.03810509966347398,0.03657778928294072,0.06792648200880146,0.05254983173699197,0.019544395547501942,0.03285011648977479,0.03207351799119855,0.039062904478384675,0.05407714211752524,0.015972042454051257,0.0536111830183795,0.021667098110276988,0.00898265596686513,0.01845715764949521
U:CTTAA,0.03920926883550435,0.10276886823329187,0.0860771093801139,0.06342868364207632,0.05400274923086994,0.053086338940891535,0.056162859200104734,0.04994436080382274,0.03862014793480396,0.04123846304902795,0.04699875630032074,0.05125351836093474,0.056817437978660734,0.029259671401453163,0.03547816979773516,0.03318714407278916,0.025855861752961968,0.03992930549191595,0.020357400013091574,0.03816194278981475,0.01741179550958958,0.009753223800484389,0.010996923479740787
U:CTTAC,0.03865592890863649,0.09763954457095252,0.07503471257983893,0.056762010552624274,0.05065259650097195,0.04831991113579561,0.05276312135517912,0.05059705637322966,0.03648986392668703,0.034823660094418216,0.041210774784782,0.05626214940294363,0.05242988058872535,0.020161066370452653,0.03093585115245765,0.031991113579561234,0.029491807831158012,0.046153846153846156,0.01893918356012219,0.08991946681477367,0.018605942793668426,0.009053040821993891,0.013107470147181338
U:CTTAG,0.0392088827203331,0.10131852879944483,0.08206106870229007,0.06254337265787648,0.054996530187369885,0.049791811242192924,0.05412907702984039,0.045281054823039554,0.04120402498265094,0.04007633587786259,0.03868841082581541,0.05846634281748785,0.05811936155447606,0.02229354614850798,0.03469812630117974,0.03860166551006246,0.03374392782789729,0.04389312977099236,0.018216516308119362,0.03929562803608605,0.019257460097154754,0.009715475364330326,0.01439972241498959
U:CTTAT,0.04454702185640398,0.09854846782715088,0.07997330515544185,0.06084199988877148,0.055002502641677324,0.053222846337801014,0.056615316167065236,0.04832879150214115,0.03798453923586007,0.03804015349535621,0.04054279517268228,0.056226016350592295,0.053945831711250766,0.024581502697291587,0.034425226628107444,0.0353150547800456,0.02519325955174907,0.039819809799232525,0.017740948779267005,0.06417885545853957,0.015238307101940938,0.0087870530003893,0.010900394861242422
U:CTTCA,0.03654701578870187,0.10263470907402278,0.07224675345836117,0.057419386375116094,0.03864891727632672,0.046388477017581024,0.049337656624248445,0.05132550144200218,0.035683443859677706,0.039610252065240416,0.03879556156616101,0.06222606031968455,0.052938588630179396,0.01901487624851319,0.03234321281345217,0.032946083782770925,0.03995242207485376,0.054567969628338195,0.016619686181219756,0.07201864011861894,0.021263422025972332,0.008798657390057517,0.01867270623889984
U:CTTCC,0.03381553022010407,0.10387160876374597,0.06537444637173506,0.06113066469072599,0.03472491200889173,0.0403327663730823,0.044138697563193614,0.04809619238476954,0.03588689985012041,0.04008016032064128,0.03548273016621478,0.06724373115979859,0.04804567117428134,0.015863660093295835,0.031121065660733232,0.03309139286977316,0.05146427308398309,0.0626463010053721,0.01364072683181489,0.07478823192603695,0.025496370893046596,0.008992775466900187,0.024671191121739277
U:CTTCG,0.03476718403547672,0.09804878048780488,0.06195121951219512,0.049223946784922396,0.032017738359201776,0.04172949002217295,0.041596452328159644,0.04926829268292683,0.037339246119733924,0.042838137472283815,0.036053215077605325,0.06124168514412417,0.04554323725055432,0.016674057649667406,0.02811529933481153,0.03388026607538803,0.048824833702882486,0.0670509977827051,0.012505543237250555,0.09463414634146342,0.0283370288248337,0.010288248337028825,0.028070953436807097
U:CTTCT,0.037497478775876926,0.10348937418633221,0.07006252635825219,0.05808900379558832,0.04074298182885014,0.04549205126794653,0.0519463850230119,0.05469681133909089,0.03353686488072318,0.03901938133744064,0.035920567687991636,0.06546014632268002,0.05216641912829822,0.017584392247465025,0.0340319416176174,0.03458202688083319,0.04187982470616279,0.057593927058694094,0.01532904266828025,0.05764893558501568,0.02323193428314722,0.009498138878192787,0.020499844142508755
U:CTTGA,0.040606635071090046,0.11196208530805687,0.07901421800947868,0.059943127962085306,0.04720379146919431,0.05209478672985782,0.057251184834123225,0.04913744075829384,0.03435071090047393,0.042123222748815164,0.043109004739336494,0.05262559241706161,0.05251184834123223,0.023393364928909952,0.03700473933649289,0.034464454976303315,0.03290995260663507,0.044436018957345974,0.01823696682464455,0.04128909952606635,0.02081516587677725,0.009933649289099527,0.015582938388625593
U:CTTGC,0.039092295957284515,0.10739893211289092,0.07353165522501907,0.05541571319603356,0.0446605644546148,0.04336384439359268,0.05045766590389016,0.04717772692601068,0.03859649122807018,0.040655987795575894,0.038062547673531656,0.06174675819984744,0.05167810831426392,0.01884057971014493,0.033752860411899316,0.03562166285278413,0.04057971014492753,0.057971014492753624,0.015255530129672006,0.053737604881769645,0.02311212814645309,0.011212814645308924,0.018077803203661327
U:CTTGG,0.037323443541387204,0.10647307924984876,0.07325284726058023,0.05878639627554644,0.04218943159998948,0.046476761619190406,0.05155317078302954,0.04673978800073647,0.039059417659591256,0.04100581288303217,0.04021673373839396,0.060574975670059705,0.05281569741445067,0.018674873089770904,0.03461427181146269,0.03640285120597596,0.041663378836897344,0.05518293484836529,0.015334438044135828,0.05031694678976301,0.02262026881296194,0.00894289697256635,0.019779583892264394
U:CTTGT,0.0396741523557904,0.10211360634081902,0.07626596213121972,0.06336415675913694,0.05178335535006605,0.0488771466314399,0.05623073535887274,0.04804051078819903,0.034346103038309116,0.039013650374284455,0.03800088066930867,0.05966534566270366,0.0555702333773668,0.022413033905768383,0.03355350066050198,0.03315719947159841,0.031968295904887714,0.05046235138705416,0.01673271686481726,0.05015411712901805,0.022413033905768383,0.00977542932628798,0.016424482606781154
U:CTTTA,0.039163532972576354,0.0927726313858571,0.08259194717050353,0.06236815555351738,0.058837017334678526,0.053975969916536734,0.05452627717142071,0.05172888195909383,0.03902595615885536,0.03838393102815739,0.04214436393653123,0.04906906356048794,0.05379253416490874,0.024672108593964962,0.03457763918187655,0.034027331926992574,0.0285242593781528,0.04099789048885628,0.016738512336054296,0.06328533431165734,0.01696780702558929,0.009813812712097587,0.012015041731633496
U:CTTTC,0.040123839009287926,0.09894736842105263,0.07662538699690402,0.06321981424148607,0.044829721362229104,0.04888544891640867,0.0530030959752322,0.0486687306501548,0.03371517027863777,0.03996904024767802,0.040402476780185756,0.05984520123839009,0.05393188854489164,0.021795665634674923,0.03315789473684211,0.03337461300309597,0.03529411764705882,0.04990712074303406,0.01743034055727554,0.05820433436532508,0.02061919504643963,0.00978328173374613,0.01826625386996904
U:CTTTG,0.039265318076271365,0.10384285505093822,0.07660607074869778,0.06491224400142251,0.04328180239733908,0.04767483212350689,0.050457084283413174,0.047465640231784616,0.03290588456791415,0.039997489697299334,0.037026964834843,0.06497500156893919,0.053971508064347425,0.018910947011693827,0.03288496537874192,0.03489320753927578,0.03941175240047696,0.05384599292931406,0.01573123025751522,0.050896387256029955,0.023052946467794908,0.0087651402631634,0.019224734849277243
U:CTTTT,0.04018927444794953,0.10261829652996846,0.07962145110410095,0.06186119873817035,0.057570977917981075,0.052397476340694006,0.05318611987381704,0.05280757097791798,0.037350157728706625,0.03675078864353312,0.038012618296529965,0.05946372239747634,0.05798107255520505,0.025141955835962144,0.03444794952681388,0.0332807570977918,0.0305993690851735,0.04167192429022082,0.018832807570977918,0.04798107255520505,0.01675078864353312,0.009369085173501577,0.012113564668769715
U:GACAA,0.038306647258612325,0.10167394468704512,0.0735080058224163,0.05769044153323629,0.04325570111596312,0.05475497331392528,0.05050946142649199,0.047234352256186315,0.033309073265405144,0.0418243571081999,0.04129063561377972,0.05482775351770985,0.05798156234837457,0.02098495875788452,0.032338670548277534,0.034788937409024744,0.03954391072295002,0.050776322173702086,0.018098010674429888,0.05327510917030567,0.023823386705482775,0.009461426491994178,0.02074235807860262
U:GACAC,0.035323880317321504,0.10047473296270848,0.0650883877818727,0.06040352301830221,0.04172652882753451,0.043444312574177024,0.04806671247423324,0.048847523268161656,0.033731026297707536,0.03904053969642076,0.03979011805859204,0.059591479792616656,0.04759822599787619,0.016865513148853768,0.0317321506652508,0.03694796676869261,0.04987819351614717,0.05678056093447436,0.014960334811668436,0.07333374976575677,0.0241426697482666,0.00930726466362671,0.022924604909738272
U:GACAG,0.03665962974991881,0.10123010717765508,0.07240581357583631,0.05478645664176681,0.04094267619356934,0.04827054238389088,0.05153864891198441,0.046991718090289056,0.036822020136407924,0.0414298473530367,0.0391969795388113,0.05614647612861318,0.05539542059110101,0.01908087041247158,0.03164582656706723,0.037349788892497564,0.04388600194868464,0.055557810977590126,0.016563819421890225,0.057973367976615786,0.023323319259499837,0.00962163039948035,0.023181227671321858
U:GACAT,0.03752090004817638,0.10170884461699777,0.07487176580610423,0.05798169297474991,0.04514410406098563,0.0454841726414827,0.04820472128545923,0.04769461841471363,0.035083741887947405,0.041261654433644115,0.03944795533765976,0.05738657295888004,0.05010343752656786,0.01961062147533086,0.030974579873607844,0.03290163516309123,0.04248023351375861,0.05435429478278119,0.015898206138237878,0.06784368180916485,0.02388981777991895,0.009635276447416895,0.020517471023323037
U:GACCA,0.03724826234182855,0.10100695063268579,0.06754589199786135,0.05531545179112458,0.03568882552129745,0.04259490286936375,0.05012475494564249,0.049189092853323825,0.034084833363036894,0.04212707182320442,0.03733737301728747,0.060728925325253966,0.05212974514346819,0.016685973979682765,0.03158973445018713,0.03637943325610408,0.04500089110675459,0.06146408839779006,0.014502762430939226,0.0680360007128854,0.025819818214222065,0.010448226697558367,0.024950989128497594
U:GACCC,0.036608588022469774,0.10087594020755974,0.05800723602780158,0.04955726935161382,0.0307055127106541,0.03920308483290488,0.0451775683138151,0.046320099019327814,0.03803675140436066,0.04277349328763211,0.03598971722365039,0.06588593735123298,0.047534037893935066,0.01282966771398648,0.027825383223840806,0.03227649243073408,0.05431781395791679,0.06412453584690088,0.011568123393316195,0.09387793963629439,0.02922974388270018,0.00971151099685804,0.027563553270494145
U:GACCG,0.034222247279697804,0.09714156847268422,0.05660483734566161,0.04842983593617861,0.03179793651688561,0.04555449061284321,0.04668207701415121,0.04279190392963861,0.033883971359305404,0.04239724868918081,0.034898799120482604,0.06427242487455602,0.04640018041382421,0.016913796019620002,0.030839488075773806,0.029430005074138805,0.053785871342391614,0.07092518464227321,0.012065174493995603,0.08891018774313582,0.028809832553419405,0.011670519253537803,0.03157241923662401
U:GACCT,0.03442541908228844,0.10044492382364838,0.06628915554357108,0.05415486944406993,0.03408835557952451,0.043189070154150376,0.04586310727607748,0.043863197159678215,0.0355489640915015,0.042200350546042875,0.0378185250101119,0.0640645364253292,0.048402318996899014,0.015235270324929216,0.0332794031728911,0.03300975237067997,0.0477731337917397,0.06712057885038875,0.01301065120668734,0.08044582265965575,0.025144937306188487,0.008808592872230462,0.02581906431171633
U:GACGA,0.03745997865528282,0.09183564567769477,0.06270010672358592,0.047225186766275344,0.03922091782283885,0.04018143009605123,0.0432230522945571,0.04695837780149413,0.03532550693703308,0.04295624332977588,0.0391675560298826,0.057097118463180364,0.04903948772678762,0.017609391675560297,0.030362860192102454,0.03340448239060832,0.048665955176093914,0.0639274279615795,0.016435432230522944,0.08810032017075774,0.028601921024546426,0.010725720384204909,0.02977588046958378
U:GACGC,0.02994658824941487,0.088279421472724,0.056892516353597794,0.04597011342495349,0.029706535437796316,0.046930324671427714,0.039368661105443195,0.04422973054071896,0.043809638120386483,0.03894856868511072,0.037628278221208664,0.056532437136169955,0.03912860829382464,0.015723459161015422,0.02820620536518034,0.03396747284402569,0.05995318970173438,0.0653543779631519,0.013983076276780892,0.10760367280801776,0.03222708995979116,0.014403168697113364,0.03120686551041229
U:GACGG,0.030142120880837106,0.09407048779218075,0.05570305585923265,0.043521266073194856,0.03196418345567182,0.04456244468738612,0.04180332135977927,0.044458326825966996,0.038783903378624605,0.04456244468738612,0.03711801759591858,0.06168983289083242,0.04503097506377219,0.015045030975063772,0.03310947993128221,0.030975063772190118,0.05419334686865532,0.06746837419959394,0.013795616638034254,0.09459107709927637,0.032328595970638765,0.014316205945129888,0.030766828049351866
U:GACGT,0.03382506332886306,0.10251825361347042,0.06198778125465653,0.048502458649977646,0.03591119058262554,0.0464908359409924,0.04276560870213083,0.04365966323945761,0.03494263150052153,0.0424675905230219,0.036730740575175086,0.05617642676203249,0.04656534048576963,0.015347936224109671,0.03151542244076889,0.026598122485471613,0.05803904038146327,0.06586201758307257,0.014006854418119505,0.08709581284458352,0.028386231560125166,0.013112799880792728,0.02749217702279839
U:GACTA,0.039544194641207266,0.10354173082845704,0.07680936248845088,0.060979365568216815,0.04373267631659994,0.04859870649830613,0.054758238373883585,0.04619648906683092,0.03775793039728981,0.04200800739143825,0.03855866954111487,0.05635971666153372,0.05913150600554358,0.02014166923313828,0.03523252232830305,0.033138281490606714,0.036772405297197414,0.05315676008623345,0.015891592238989838,0.04471820141669233,0.024514936864798276,0.0070218663381583,0.02143517092700955
U:GACTC,0.036833461809163116,0.11365083621007474,0.06753359922244194,0.05147970640479941,0.037805409391024565,0.046150752421490096,0.05007205818279318,0.05044072795522338,0.03210778563528505,0.040352582364178706,0.03720213158159332,0.06002614203840869,0.04990448101350672,0.017562087341220632,0.03475550491001106,0.03281160974628817,0.04300030163890472,0.056574052351107684,0.014981398934209203,0.06971210242316586,0.023728927170962227,0.00992056842175822,0.023393772832389314
U:GACTG,0.04078127164427206,0.10707854273445075,0.07097936002216373,0.05776423327330655,0.03947915223715196,0.04363485247264164,0.05236182296716997,0.0454910652444937,0.036126887380523616,0.040171768943066906,0.03862030752181743,0.06000831140047098,0.05297132566837512,0.016927552292561297,0.03277462252389528,0.03524033799695249,0.04441058318326638,0.05729325391328439,0.016401163596065936,0.05856766865216789,0.022884055963429836,0.009281063859260285,0.020750796509211803
U:GACTT,0.03738786776237375,0.1030989272943981,0.077253622733831,0.06197854588796186,0.041779060284800204,0.045825230537607425,0.050781004955774416,0.04871087133805909,0.03569412207515212,0.041120381406436236,0.040304874223699896,0.05642682391317985,0.050781004955774416,0.02066997051627878,0.03274574995295151,0.035129540179411584,0.040304874223699896,0.05344708613010476,0.01674926290696945,0.05812056960040148,0.02327332036886017,0.009190138636221066,0.019227150116052947
U:GATAA,0.044911333847340015,0.09478604471858135,0.08876252891287587,0.05970508866615266,0.05324787972243639,0.05686198920585968,0.057440246723207404,0.0485254433307633,0.0380686198920586,0.035611025443330765,0.04356206630686199,0.04871819583654587,0.05777756360832691,0.026744410177332305,0.035418272937548186,0.03869506553585197,0.03594834232845027,0.03787586738627602,0.021250963762528913,0.03681572860447186,0.01816692367000771,0.009589437162683115,0.011516962220508867
U:GATAC,0.041202229299363055,0.1035031847133758,0.08306794055201698,0.05951433121019108,0.047837048832271765,0.051220806794055204,0.0517515923566879,0.050557324840764334,0.040339702760084924,0.04206475583864119,0.0384156050955414,0.05148619957537155,0.05440552016985138,0.02541135881104034,0.0368895966029724,0.049628450106157115,0.027335456475583865,0.046775477707006366,0.017847664543524416,0.038282908704883226,0.01957271762208068,0.010416666666666666,0.012473460721868366
U:GATAG,0.04400839793281654,0.10812338501291989,0.08397932816537468,0.060723514211886306,0.052083333333333336,0.05377906976744186,0.056363049095607236,0.046027131782945735,0.03407622739018088,0.03811369509043928,0.046027131782945735,0.04982235142118863,0.05587855297157623,0.02915051679586563,0.038598191214470286,0.03867894056847545,0.028262273901808785,0.04513888888888889,0.019622093023255814,0.028989018087855298,0.017603359173126616,0.010497416020671835,0.014454134366925065
U:GATAT,0.042152466367713005,0.09651220727453912,0.09571499750871948,0.060787244643746886,0.06143497757847534,0.057299451918286,0.05665171898355755,0.04927752864972596,0.03771798704534131,0.03462879920279023,0.046437468858993525,0.05127055306427504,0.056203288490284005,0.02899850523168909,0.03692077727952167,0.037120079720976584,0.025560538116591928,0.037120079720976584,0.01898355754857997,0.03074240159441953,0.015396113602391629,0.010214250124564025,0.012855007473841554
U:GATCA,0.0385502471169687,0.10467874794069193,0.07308072487644152,0.05723228995057661,0.04398682042833608,0.05011532125205931,0.05258649093904448,0.051499176276771,0.03528830313014827,0.040395387149917625,0.041911037891268536,0.05439868204283361,0.05742998352553542,0.02115321252059308,0.033080724876441515,0.034925864909390446,0.03831960461285008,0.05518945634266886,0.016968698517298188,0.04971993410214168,0.021548599670510708,0.009126853377265239,0.018813838550247118
U:GATCC,0.04258899676375404,0.106084142394822,0.06815533980582525,0.05307443365695793,0.038802588996763754,0.04488673139158576,0.051650485436893205,0.048446601941747575,0.035954692556634305,0.04064724919093851,0.037896440129449836,0.05851132686084142,0.051294498381877024,0.017475728155339806,0.03323624595469256,0.03239482200647249,0.04313915857605178,0.061197411003236245,0.013980582524271845,0.0646925566343042,0.024692556634304207,0.008770226537216829,0.022427184466019417
U:GATCG,0.037703513281919454,0.09057412167952014,0.06452442159383033,0.05364181662382177,0.037532133676092545,0.04652956298200514,0.04515852613538989,0.05115681233933162,0.038817480719794344,0.03916023993144816,0.03950299914310197,0.0585261353898886,0.054155955441302486,0.019365895458440446,0.032047986289631535,0.030591259640102827,0.049185946872322195,0.06709511568123393,0.016281062553556127,0.0676949443016281,0.02699228791773779,0.009425878320479864,0.024335904027420738
U:GATCT,0.04333796105211812,0.10224757044763799,0.07853363851262617,0.05759633784848599,0.044801320775955875,0.045176541217965556,0.05204307530674271,0.04412592398033845,0.03710930171475742,0.03879779370380098,0.03932310232261454,0.06179880679899441,0.056583242655059846,0.021049866796743085,0.03508311132790515,0.036734081272747736,0.03617125060973322,0.05436944204720273,0.015646692431803683,0.0473528197816217,0.02273835878578665,0.010205996022663314,0.019173764586694682
U:GATGA,0.04738582877496502,0.1077789085358097,0.08031738964508332,0.058818852563287116,0.046622567103421955,0.050200356188780056,0.05147245897468516,0.043203790866301994,0.03309057371835644,0.0396260017809439,0.042217911207225546,0.05280816689988551,0.05330110672942374,0.019987915023533902,0.0361595216893525,0.036970487215367,0.0387037272611627,0.05056608573972777,0.017857142857142856,0.04445999236738329,0.02154624093626765,0.008634397659330873,0.018270576262562014
U:GATGC,0.040947264096812895,0.10315059204006051,0.07258358979708936,0.05656981899744406,0.042120911793855305,0.049214960095978304,0.04882374419696416,0.04540712534557404,0.03108862344165667,0.04183402013457827,0.03909550884147932,0.06001251890876845,0.051562255490063116,0.019352146471232592,0.03270564915758176,0.03703510510667154,0.041364561055761306,0.05633508945803557,0.016561473058265087,0.05591779249908716,0.025481195555787386,0.010275937614104638,0.022560116843148504
U:GATGG,0.04344533041593907,0.10492099892701605,0.07426732027518883,0.057962172056131786,0.040836506700889945,0.04643285434768887,0.04990427300077844,0.045065325787380865,0.038395994193263346,0.04108897351202373,0.037827943868212324,0.05697334371252446,0.05154530727314805,0.0188298163303949,0.033241463465948536,0.038017293976562665,0.04129936252130189,0.05537438724201048,0.01632618711998485,0.054448675601186595,0.023605646841009027,0.008752182785971261,0.021438640045444025
U:GATGT,0.03728076449886985,0.10314440216302824,0.07782323824783267,0.060742181911819404,0.043890017453005636,0.05310291551028583,0.04926897656719407,0.047151726703098626,0.0359074132356728,0.03899745357786615,0.041257760865211296,0.06257331692941547,0.05170095276243884,0.019484421046608108,0.03333237961717834,0.03951246030156505,0.03373294040227747,0.047723956396097396,0.018425796114560383,0.05567794912878029,0.02174472833395325,0.009956796658178594,0.01756745157506223
U:GATTA,0.041990049751243784,0.09618573797678276,0.08656716417910448,0.06321724709784411,0.05691542288557214,0.05658374792703151,0.057976782752902155,0.04935323383084577,0.039933665008291874,0.04019900497512438,0.047429519071310114,0.05412935323383085,0.05499170812603649,0.02673300165837479,0.03383084577114428,0.035356550580431176,0.026998341625207298,0.04119402985074627,0.019038142620232172,0.027993366500829186,0.017578772802653398,0.010149253731343283,0.015655058043117745
U:GATTC,0.045140152894066254,0.10172713667435182,0.08384904744569834,0.05877118472677264,0.05306799336650083,0.05246127088136553,0.05367471585163613,0.047041216680823526,0.0377381385754156,0.0380617239008211,0.042389677628119564,0.05488816082190673,0.05128827407677062,0.023581280588925294,0.03777858674109129,0.036160660114063825,0.03134732839865712,0.04489746390001213,0.015653440116490717,0.04283460745055212,0.019657808518383692,0.011729968045949116,0.016260162601626018
U:GATTG,0.04241762242854542,0.10922992900054615,0.0811942472237393,0.06367194611323503,0.0488803932277444,0.049472055343164026,0.05320407791734935,0.04847078099399235,0.035226652102676136,0.03695612597851811,0.043236846896049515,0.05543418896777717,0.05884762424904424,0.018887675223011106,0.0323138539959949,0.035636264336428185,0.03431640269433825,0.05111050427817222,0.01538321500091025,0.038913162206444564,0.0212998361551065,0.010149280902967413,0.015747314764245405
U:GATTT,0.038139701921350334,0.10023343508708925,0.09161429340994792,0.0619141677141318,0.057999640869096786,0.05749685760459688,0.058825641946489496,0.050709283533848085,0.04011492188902855,0.03699048303106482,0.04323936074699228,0.051283892978990844,0.05516250673370444,0.02664751301849524,0.03383013108277967,0.035949003411743584,0.02826360208295924,0.040186748069671395,0.019572634225175075,0.029807864966780392,0.01781289279942539,0.010845753277069492,0.013359669599569043
U:GCCAA,0.043217009475387105,0.10017438073828182,0.07164317078807488,0.054919427695022796,0.03865789860705507,0.04622140050843541,0.04861650944387251,0.04565413786583188,0.03577956593902977,0.04042271571737715,0.04285984410782192,0.05849108137067462,0.05216715339202051,0.016156480450448558,0.03220791226337794,0.03580057566653361,0.04319599974788327,0.060213879025989035,0.015042964892745342,0.05941550938084333,0.025232682732104966,0.009706494106771435,0.024203206084417086
U:GCCAC,0.038730887445045326,0.09856826051433684,0.059526125355016925,0.05553826401587363,0.03231140333813173,0.04201844142707077,0.043185620355600515,0.04736801151616543,0.035637863284441504,0.04166828774851185,0.03474302610590203,0.06248297864062561,0.044975294712679456,0.014317394856631522,0.031591642998871725,0.034139983659495,0.053690230712368205,0.06427265299770454,0.014200676963778547,0.08444539547912695,0.029704703731081975,0.009707038088939034,0.027175816052600863
U:GCCAG,0.038917281311493974,0.10433625437093874,0.06407406883078273,0.05348471764089641,0.030210796041734503,0.04060195081897589,0.0443252119993771,0.04569843000127412,0.036185002194317424,0.042980307770715064,0.036383198606962354,0.06122853462066622,0.047114118663023626,0.015586732165862083,0.03001259962908957,0.03607174710137746,0.050780752296954855,0.06601356229737956,0.013604768039412773,0.07479083200022651,0.029686991236887183,0.010787547602531252,0.027124594759120574
U:GCCAT,0.03959450525233233,0.10254903401160655,0.06719067557971546,0.057665466833174174,0.03310560983373736,0.04498151276965646,0.045985455079703225,0.04500599916746247,0.03565219520556331,0.0428267097627268,0.03890888611376381,0.06633365165650482,0.049780846739636134,0.016503832121256643,0.03200372193246651,0.034501334508680426,0.043438869707877276,0.06092215774137467,0.015867185778300156,0.06733759396655158,0.025906608878767844,0.009476235950929258,0.024461911408212737
U:GCCCA,0.0371262694707959,0.10292961234084559,0.060047850892603186,0.05148153725175258,0.027940905820743194,0.038849570847763894,0.04480583580116783,0.049540731817497366,0.03536950593116833,0.04204520738175308,0.034114674831434356,0.06756010640967726,0.047164918268667706,0.013033512355903562,0.031186735598721746,0.03444929645803008,0.05074536967324198,0.06709163613244323,0.011310210978935569,0.08472619585403805,0.029948635580317556,0.008900935267446335,0.029630745035051614
U:GCCCC,0.03285007568782285,0.10273256449070678,0.05209194900045257,0.044476349506078434,0.02387677710326316,0.03745376800511868,0.043586822515956865,0.04781597715320152,0.034597918194728385,0.04230715210911531,0.03313097894786123,0.06623074642238487,0.0455063281262192,0.012312926231682767,0.028652132523915793,0.030790118447541315,0.05794410025125236,0.07582827447369653,0.010924015668159615,0.10607219213782987,0.030774512710872517,0.00994085425802525,0.03010346603411414
U:GCCCG,0.03082332259009669,0.09437445062994433,0.055347201875183126,0.04289481394667448,0.026399062408438326,0.036185174333431,0.03888075007324934,0.04734837386463522,0.03975974216232054,0.04459419865221213,0.03258130676823909,0.06006445941986522,0.039525344271901554,0.013565777907998828,0.02859654263111632,0.030266627600351596,0.05874597128625842,0.07339583943744506,0.011690594784646938,0.11640785232932904,0.0327864049223557,0.011485496630530325,0.034280691473776735
U:GCCCT,0.03363674408872149,0.10462439840970915,0.0577701053218944,0.052905070795842925,0.02824858757062147,0.03824021761874869,0.0434888749389691,0.04599986050080212,0.037159098835181696,0.042599567552486575,0.034142428681035085,0.0669770523819488,0.04830159726581572,0.01292111320359908,0.029678454348887495,0.03344493269163702,0.05510218316244682,0.06631443119202064,0.011491246425333054,0.09118016321406151,0.027620841180163214,0.009259259259259259,0.028893771360814675
U:GCCGA,0.038504689673742314,0.09195350715792308,0.05910335233137369,0.04236413409325495,0.031055064398869094,0.039536866669658485,0.0420499932684109,0.045954314948615536,0.04707624646591572,0.04115244805457075,0.03442085895076964,0.06130233810528205,0.04312704752501907,0.013283669164834179,0.03136920522371314,0.033882331822465556,0.05901359780998968,0.06807880446977517,0.013777319032446259,0.09092133016200692,0.03446573621146165,0.010321769959161693,0.027285374500740475
U:GCCGC,0.03324449098091476,0.08942934653276854,0.05725572319261339,0.04240635857408025,0.02846128218552187,0.04164485269620675,0.040883346818333256,0.04604730855266289,0.04333444386273857,0.04773689971919471,0.034791299795345294,0.056232449669220884,0.03957450859073818,0.015896435200609203,0.02800913807053448,0.028342296892104137,0.05823140259863881,0.06772642901337395,0.013921279329874827,0.11248869639712532,0.03200704392937033,0.010661082290228928,0.03167388510780068
U:GCCGG,0.02925995024875622,0.0995957711442786,0.05528606965174129,0.043532338308457715,0.02720771144278607,0.037562189054726365,0.04107587064676617,0.046330845771144276,0.03753109452736318,0.043718905472636814,0.03597636815920398,0.0597636815920398,0.04213308457711443,0.015827114427860698,0.029508706467661693,0.029228855721393034,0.06097636815920398,0.0708955223880597,0.014303482587064677,0.1070273631840796,0.03240049751243781,0.012126865671641791,0.028731343283582088
U:GCCGT,0.03125181527737438,0.09520766773162939,0.059831542259657276,0.04559976764449608,0.029973860005808886,0.038687191402846356,0.04635492303223933,0.04774905605576532,0.040836479814115596,0.04147545744989834,0.035085681092070865,0.05901829799593378,0.043450479233226834,0.014289863491141447,0.03247168167295963,0.030961370897473132,0.05797269822828928,0.0687191402846355,0.014464130119082196,0.09665988963113564,0.029741504501887887,0.011443508568109207,0.02875399361022364
U:GCCTA,0.04422377774160291,0.105757230452005,0.06565738781268653,0.06213033805415378,0.037766563568289106,0.046828368332519396,0.0490531227955939,0.04373541700580607,0.03575885832112431,0.03803787508817624,0.038851809647837646,0.06755656845189646,0.0476423028921808,0.014542297465950404,0.030766726355201043,0.03478213684953063,0.045146236909219165,0.0605567312388084,0.012968690650605024,0.0627814857018829,0.023929676054045255,0.009116067068207716,0.0224103315426773
U:GCCTC,0.0379922301056049,0.09872872854615426,0.0625968956900797,0.050686705455341347,0.03160851405329491,0.04216900432268773,0.04649169204953764,0.05386032429277546,0.034508545059915734,0.041585350283619385,0.03350538968026702,0.061922045707406934,0.04572564612326044,0.014135371258686413,0.03166323161945757,0.032137450526200595,0.05314899593266092,0.06529629562077079,0.011490688894157988,0.08490342349572291,0.028872635745162054,0.00915607273788462,0.027814762799350686
U:GCCTG,0.0369959663446211,0.10562355322068669,0.060518692042193976,0.04998405943750606,0.026849451783263794,0.036081116671056096,0.04316427096183968,0.04581179047170204,0.036136562105817616,0.0426929847663668,0.03402963558488003,0.06721372828964695,0.044993970308969684,0.013015815810265723,0.030938552596925552,0.033489042595955254,0.05695632285876662,0.06798996437630817,0.011782154886822006,0.08734042110807701,0.028083112706707512,0.010631662115520564,0.029677168956101077
U:GCCTT,0.03737317209664469,0.10143799119199981,0.06457578043261393,0.05605975814496703,0.037932796418404344,0.04406433246551011,0.04681379108980754,0.047860045256575584,0.034064089150587604,0.04155818876371688,0.037640818511399304,0.05868755930801236,0.04766539331857223,0.01627776831553079,0.029781746514513735,0.030560354266527166,0.04501326066327648,0.05912552616851992,0.014282585950996374,0.09457651037738145,0.02416117180466678,0.00946495048541327,0.021022409304362638
U:GCTAA,0.041542615800041545,0.10205635948210205,0.08993976320708993,0.06141383369106141,0.05345149899605345,0.04881257356504881,0.058367375199058366,0.045973828152045974,0.039257771931039256,0.039742435782039745,0.04341203351104341,0.053797687461053796,0.05781347365505781,0.025064044866025065,0.033718756491033716,0.03718064114103718,0.030326109534030327,0.04666620508204666,0.017655611715017654,0.030810773385030812,0.017932562487017932,0.008723949318008723,0.01634009554801634
U:GCTAC,0.03759293518098363,0.10237704631924326,0.06398129079549024,0.05403329959160878,0.03539390554644141,0.04597019093162065,0.048867325212049284,0.046179622325386575,0.038081608433104125,0.039373102027993996,0.03675520960591993,0.06310865998813223,0.05249746937065866,0.017696952773220705,0.03322978114419351,0.036196725889210794,0.04310796188348633,0.06286432336207197,0.014625292331320466,0.06785577158015986,0.025760061433208838,0.011204579566477016,0.02324688470801773
U:GCTAG,0.04431368943642548,0.11161165762618369,0.07630780546106464,0.06619472280959823,0.0399007079157856,0.04982991633722534,0.05341546382274524,0.04569274616162545,0.034200606784959085,0.041187827525972234,0.040912016180932244,0.05405902362783856,0.0574606968833318,0.01884710857773283,0.03557966351015905,0.0387055254206123,0.033924795439919095,0.05304771536269192,0.017376114737519537,0.04082007906591891,0.02068585087799945,0.006803346510986485,0.019122919922772822
U:GCTAT,0.044123954535706625,0.10631567660304525,0.07891915076131246,0.062406176281363926,0.046054042461934376,0.05146901136607334,0.0536135535063264,0.04675101865751662,0.03425906069054257,0.03592108084923869,0.03688612481235256,0.06428265065408535,0.05586532275359211,0.021338194295517907,0.036135535063263995,0.03420544713703624,0.03050611194509972,0.050825648723997426,0.015547930516834656,0.04439202230323826,0.01849667595968261,0.01474372721423976,0.016941882907999143
U:GCTCA,0.03608852755194219,0.104516711833785,0.06596657633242999,0.0521680216802168,0.03922764227642277,0.04500903342366757,0.048306233062330624,0.048215898825654926,0.033717253839205055,0.03999548328816622,0.03757904245709124,0.06275971093044264,0.051377597109304424,0.01641824751580849,0.03021680216802168,0.031639566395663954,0.04740289069557362,0.061449864498644986,0.014272809394760614,0.07411924119241192,0.025203252032520326,0.00934959349593496,0.025
U:GCTCC,0.034373121885965766,0.10137453713576705,0.06256179601015878,0.04949496907776119,0.03204668385645877,0.03941373761656424,0.046218568852872184,0.05071634904325236,0.03953005951803959,0.03954944650161881,0.034334347918807316,0.06597390512010236,0.048351137046586924,0.015276943060429227,0.029952889629902484,0.03319051588763304,0.05360500959655687,0.06700141524980129,0.012116864737015568,0.07896318411818305,0.026637715437855026,0.011147515558054322,0.028169287140613793
U:GCTCG,0.035336131821314454,0.09416703214084331,0.06045987093540505,0.05300419773197168,0.03207819058956206,0.04260384687676211,0.0445460810726145,0.047365453292400224,0.03696510243719065,0.041852014284819244,0.036213269845247795,0.05707662427166218,0.04636300983647641,0.01722949689869056,0.03163962157759539,0.0321408433055573,0.05607418081573836,0.06566004636300983,0.012969112211014348,0.08514504103752897,0.03145166342960967,0.01215462690307625,0.027504542321909655
U:GCTCT,0.03535353535353535,0.10485133020344288,0.07222459335135391,0.05453597002892777,0.0347370417792953,0.0445535163845023,0.05052876179636743,0.04645041968985631,0.035092711149049174,0.040048371034286524,0.03727414995020629,0.0660833689002703,0.05171432636221369,0.016337079717361407,0.03139374970360886,0.035258690188267654,0.04562052449376393,0.06155451225873761,0.013633992507231943,0.06364110589462701,0.02487314459145445,0.011499976288708682,0.02273912837293119
U:GCTGA,0.037027535488284594,0.10682401231400718,0.068924234650248,0.053856678638618094,0.034769967504703264,0.042774072173764326,0.04737472207969899,0.04455276210022233,0.034034547631263894,0.04025996237386694,0.03673678809645972,0.05974003762613306,0.054626304087566274,0.015426714554472379,0.03456473405165042,0.0357790319822131,0.04852060885924406,0.0633487258423123,0.013733538566786387,0.06404994014024286,0.026919787925431846,0.01038139216692321,0.02577390114588678
U:GCTGC,0.03245756205749382,0.1029386675765589,0.06228141260769428,0.050147146634820436,0.029471978162586367,0.03866331143905144,0.04230998891068839,0.044335920839375584,0.035997611532884076,0.04243794250618443,0.03509127356478717,0.06654653245756206,0.04538087520259319,0.013936279109442975,0.03020771133668856,0.03512326196366118,0.055147999658790414,0.07450098097756547,0.013211208734965452,0.0815064403309733,0.028693593789985497,0.010972020813784867,0.02864027979186215
U:GCTGG,0.031941195383438474,0.10334046586915308,0.05960286927503132,0.050256660421078306,0.02904752929698327,0.04037828309145537,0.04255130436710755,0.045123451999512176,0.034624211448274336,0.04130957792387773,0.034047695599631916,0.06591128308036853,0.050145791988647076,0.012517046021486303,0.03349335343747575,0.03329379025909952,0.054935308269676374,0.0705012361830216,0.011752053837710788,0.08776345111256471,0.028770358215905185,0.009601206248544852,0.029091876669955764
U:GCTGT,0.03335586212380233,0.10617023814256749,0.06621476563431797,0.05740865900687791,0.03603943863555043,0.046078002623941475,0.047330338329423925,0.043314912734067505,0.03500576471991412,0.04281795412078082,0.035502723333200814,0.06337216236631814,0.052777004731046,0.017830875044726274,0.030374110444082218,0.03780861129885103,0.04659483958175963,0.062437880173339164,0.015286446944698445,0.06396851270226216,0.025523794378404168,0.011907128374348984,0.022879974555719
U:GCTTA,0.04172923417371374,0.10226823678179088,0.08290523986406385,0.05966964356279143,0.051213151031375956,0.04915830237888248,0.05405832608867462,0.04986959614320714,0.03991148344266182,0.03833083063305145,0.04354698490476567,0.05777286019125899,0.058642219236544696,0.022366237255986722,0.03777760214968782,0.036434047261519005,0.03019046866355805,0.04655022524302537,0.018730735793882874,0.036275981980557974,0.018967833715324428,0.008930688374298586,0.014700071129376432
U:GCTTC,0.03511484098939929,0.10357773851590106,0.06649734982332156,0.053599823321554774,0.036815371024734984,0.041453180212014135,0.0478577738515901,0.05167844522968198,0.035534452296819785,0.04065812720848057,0.03564487632508834,0.06157243816254417,0.04878533568904594,0.01671819787985866,0.03182420494699647,0.0357773851590106,0.04787985865724382,0.06364840989399294,0.014531802120141343,0.07122349823321555,0.025242932862190814,0.009253533568904593,0.02511042402826855
U:GCTTG,0.038474547606967696,0.10468459326906815,0.07094537459834263,0.06058684255031287,0.04422458988669034,0.04714189074919668,0.053187891087434463,0.04790292575680703,0.03902418400135295,0.04105361068831388,0.0395738203957382,0.056020632504650766,0.049974632166412986,0.01902587519025875,0.03737527481819719,0.03665651953323186,0.040757652629798746,0.05483680027059022,0.01610857432775241,0.04989007272112295,0.022577371892440384,0.010358532048029764,0.019617791307289023
U:GCTTT,0.04176224743110329,0.10219023976369293,0.0778996323413883,0.05992521132514219,0.04873833390943657,0.04839267196681645,0.0526034629041888,0.04892687678722936,0.036388775414008735,0.037959966062282,0.03777142318448921,0.05759984916569776,0.05593438707852811,0.02146246425541275,0.03334066555635861,0.03349778462118593,0.034440499010149894,0.049492505420607735,0.015491939791974357,0.05810263017314521,0.021242497564654496,0.009835653458190617,0.01700028281431669
U:GGCAA,0.04379643284454214,0.09994713264142019,0.07162135841286625,0.05590027546676313,0.04396338239795208,0.04463118061159187,0.04849884526558892,0.044937254792843426,0.034920281588246754,0.03764712429394251,0.03778624892178414,0.056846322936086144,0.052867358579815796,0.018086201619410668,0.03247168813823423,0.03397423411892373,0.04020701744622833,0.055009877848576756,0.01577673279723977,0.0782715156236957,0.02312251314727733,0.008375302596065556,0.021341717910904588
U:GGCAC,0.03625342762303363,0.09914850627796219,0.05972001731851638,0.05400490691297446,0.033886563717708186,0.03902439024390244,0.044046759994227164,0.041853081252706016,0.03911098282580459,0.04113147640352143,0.038071871842978784,0.06861018906047049,0.04713522874873719,0.014893924087169866,0.03140424303651321,0.034723625342762306,0.050598932024823205,0.06555058449992784,0.013335257612931159,0.07978063212584789,0.028229181700101025,0.010131332082551596,0.02935488526482898
U:GGCAG,0.036322566071831944,0.10726601912506588,0.06339884044876139,0.051547323243731645,0.032768616821022514,0.04150289887809653,0.04785784202996762,0.043641292071380164,0.03480159626534147,0.041713726376025904,0.03561478804306904,0.06043219637075521,0.05019200361418568,0.01543558466982908,0.0312928243355169,0.041036066561252915,0.05111060914087794,0.06451321436638807,0.012935772908666517,0.07263007303666892,0.028220766508546043,0.009396882764852045,0.026368496348166553
U:GGCAT,0.03820139416108772,0.10242252743460556,0.07153702809027539,0.060666712678583756,0.04110014493753882,0.045034163848436747,0.048208986127407,0.042998136517357996,0.03281799986196425,0.03978880530057285,0.03792532265856857,0.06366899026847954,0.05262613016771344,0.017806611912485334,0.02995375802332804,0.03495755400648768,0.043101663330802675,0.06090827524328801,0.014597280695700186,0.0650493477810753,0.026226792739319483,0.008385671889019257,0.02201670232590241
U:GGCCA,0.040434472369777215,0.10297312296836597,0.06095298501546024,0.05321493696979307,0.02827241734718148,0.04138587171965433,0.04221041782288115,0.044969475937524775,0.03432965987473242,0.04203599460873702,0.036454451756124634,0.06315706017600888,0.045270752398319195,0.013541584079917545,0.03182430825338936,0.03358439705066202,0.05242210417822881,0.06766035043209387,0.012780464600015857,0.08494410528819472,0.030127646079441846,0.008879727265519702,0.0285736938079759
U:GGCCC,0.034067341710381845,0.10183603757472245,0.05267170916188849,0.04742588751982433,0.023331706721971452,0.033243869708429914,0.0416158350616079,0.04940832011711602,0.0365682566792729,0.043613517140417224,0.03229840185433695,0.06741795778943516,0.045046968403074296,0.011772599731609126,0.030102476515798463,0.03203916066853727,0.05900024399170428,0.07087959009393681,0.010140905209222886,0.10607539343662316,0.030864950591679884,0.00934793217030621,0.031230938148102964
U:GGCCG,0.03227393995907478,0.09254798352630351,0.0544719869453726,0.04136555546921543,0.02639417722174735,0.03582251923226358,0.03970782500582796,0.04481052658844251,0.046623669282772555,0.042841971663169894,0.034579221384722976,0.05962649260496801,0.03996684539073225,0.01388349263087005,0.029502421840598855,0.030279482995311732,0.0636154065324941,0.07172274457999844,0.013002823322195456,0.11194861035563498,0.03372445411453882,0.010904758204470693,0.03038309114927345
U:GGCCT,0.037353062951161996,0.10028622347032456,0.058738816582959805,0.050998181850911775,0.02608413889938975,0.037425068855646164,0.042573491026264156,0.0499360947597703,0.03692102752425699,0.04322154416662166,0.03330273082392756,0.06696549117027596,0.043887598783100217,0.011988983096613922,0.030062465122140017,0.03170059944915483,0.05589458335583518,0.06818959154650682,0.011790966859282461,0.09472376734892261,0.029036380983240625,0.009972817771057227,0.028946373602635415
U:GGCGA,0.03924341523775853,0.09174474102881386,0.06263626185846444,0.04401626303694538,0.03311531435979023,0.04413411113075246,0.0451947439750162,0.0476106298980614,0.0370632255023275,0.04230746567674268,0.035177656001414176,0.05833480643450592,0.04484119969359496,0.016970125508219906,0.028165694419892758,0.030169112014613163,0.05727417359024218,0.06304873018678923,0.013788226975428673,0.09545695598373696,0.029285251311060044,0.011725885333804725,0.02869601084202463
U:GGCGC,0.030177717019822282,0.08909774436090226,0.055126452494873544,0.041455912508544086,0.032638414217361585,0.04354066985645933,0.03913192071086808,0.04712918660287081,0.03838004101161996,0.042344497607655504,0.03585099111414901,0.056937799043062204,0.0385850991114149,0.016131237183868764,0.028673957621326043,0.029630895420369105,0.05844155844155844,0.06729323308270677,0.01431989063568011,0.11842105263157894,0.031408065618591934,0.011483253588516746,0.03380041011619959
U:GGCGG,0.03203360564904775,0.09628121536994562,0.05770172409349793,0.03958456820348942,0.03059041826662887,0.04406875757029095,0.04499652088756024,0.04976419349019406,0.03958456820348942,0.039996907455609104,0.036028142153957166,0.05308867871040899,0.040976213179393345,0.0168285957271345,0.03048733345359895,0.029353400510269825,0.058474860191222326,0.06620622116846636,0.01419993299487153,0.10878024894982347,0.03066773187640131,0.0113908718398062,0.028915290054892663
U:GGCGT,0.03439528463776766,0.09333731254196821,0.05573379094232635,0.04290084309482951,0.029993285085428634,0.04588524957099157,0.04111019920913228,0.04700440199955234,0.034096843990151456,0.04939192718048198,0.03446989479967172,0.060061180332761324,0.03931955532343505,0.01619040513317914,0.030142505409236738,0.033425352533015,0.06468701037081251,0.06602999328508542,0.012832947847496829,0.09908229500858017,0.03185853913302992,0.011415354771319854,0.026635827799746326
U:GGCTA,0.03988046166529266,0.10876957955482275,0.06971352019785655,0.05657460840890355,0.037974031327287716,0.047557708161582855,0.05224649629018961,0.045857378400659524,0.03709810387469085,0.03931368507831822,0.036170651277823575,0.05971764220939819,0.051988870568837595,0.019476504534212697,0.03019373454245672,0.035603874690849135,0.04106553998351195,0.05951154163231657,0.013911788953009069,0.056420032976092334,0.024319868095630668,0.015045342126957956,0.021589035449299257
U:GGCTC,0.034046848831073485,0.10234703007777549,0.06430816527863813,0.0511849863491408,0.031477275334388696,0.038176520522174046,0.04843187188840709,0.04707825727854636,0.036914676394337764,0.040310184229242665,0.03643288136370936,0.0665106568472251,0.0516667813797692,0.015532154082639318,0.030169545965540185,0.03218849657007823,0.05113910110812857,0.06511115699635213,0.011333654530020418,0.07958795053571019,0.02730171840227591,0.011218941427489849,0.02753114460733705
U:GGCTG,0.03355953623825485,0.10592614978844991,0.06163800208802681,0.05204956316281115,0.02897137205340953,0.03780427496016265,0.04535963514478818,0.04489257651519314,0.03313368866421232,0.04132095170064289,0.033367217979009836,0.06747623495796472,0.049151052255618444,0.014011758887850981,0.03196604209022474,0.036773998571350074,0.054618385625583826,0.06797076762459475,0.011786361888015824,0.08205121160503324,0.02884773888675202,0.009945601406670695,0.027377877905379416
U:GGCTT,0.037510630543068885,0.10645729558984328,0.06724577815575264,0.05479285627505771,0.03638683027578666,0.04516462155266675,0.049781314542582916,0.04671364354270441,0.0346555704045681,0.0400619608796015,0.03811809014700522,0.06059409549264974,0.053577937067185034,0.017251852751792005,0.034777062325355365,0.03653869517677075,0.040973150285506015,0.06147491191835743,0.014730895395456202,0.06657757259142268,0.02417689223666626,0.010023083464949581,0.02241525938525088
U:GGTAA,0.044415271852094956,0.10283338803194399,0.08084454654851767,0.05885570506509134,0.05382343288480473,0.05262006345038836,0.05623017175363746,0.04857236626189695,0.037742041352149654,0.03675746636035445,0.037742041352149654,0.04955694125369216,0.05841811617984903,0.020676074827699377,0.035007110819385186,0.03270976917186304,0.02800568865550815,0.03982058855705065,0.018269335958866643,0.0653101411224155,0.017394158188382015,0.010502133245815556,0.013893447106443496
U:GGTAC,0.03884005709563519,0.1038990308767185,0.07257155735857561,0.05439110510104425,0.04169483885508226,0.04920742243257456,0.05101044249117272,0.051536323341597176,0.03493351363533919,0.04041769964690857,0.03493351363533919,0.06197881451431147,0.05401547592216963,0.018631207272180903,0.03643603035083765,0.035008639471114114,0.038689805424085344,0.053339343400195326,0.015701299676958907,0.05566824430921794,0.025016903313049357,0.008714596949891068,0.023364134926001052
U:GGTAG,0.047058823529411764,0.11080945198592257,0.07792860734037205,0.05912518853695324,0.04595274007038713,0.04987430869783811,0.0530920060331825,0.04796380090497738,0.03157365510306687,0.03961789844142785,0.03459024635495224,0.05641025641025641,0.05017596782302665,0.021417797888386124,0.03790849673202614,0.03549522373051785,0.034891905480140775,0.0563097033685269,0.01608848667672197,0.04384112619406737,0.021518350930115636,0.009753645047762695,0.01860231271995978
U:GGTAT,0.04901593252108716,0.09925023430178069,0.08528584817244611,0.061668228678537954,0.05679475164011247,0.05060918462980318,0.05417057169634489,0.04882849109653233,0.035520149953139644,0.037300843486410495,0.03917525773195876,0.05670103092783505,0.053327085285848175,0.023149015932521087,0.03880037488284911,0.03355201499531396,0.02914714151827554,0.04536082474226804,0.018556701030927835,0.04029990627928772,0.017057169634489222,0.010871602624179943,0.015557638238050609
U:GGTCA,0.040727963953815824,0.09764854970430864,0.06758659532526048,0.061813573641227824,0.036327794987327515,0.04445930723739792,0.04692340185863137,0.046184173472261336,0.03583497606308082,0.03886229231202478,0.03808786257392284,0.05931427766826246,0.049809912700647704,0.01742466910729372,0.03263165305547733,0.033687693607434524,0.046712193748239934,0.05980709659250915,0.015453393410306956,0.07050830751900873,0.026788228667980852,0.009715573078006195,0.02369050971557308
U:GGTCC,0.041287409888589525,0.10041505861792761,0.06582684045729266,0.04969780819922814,0.03426054030437632,0.03717323236000874,0.04693075074637734,0.046457438287337074,0.03524357387315226,0.043289885676836816,0.03666351125027306,0.0613121677710624,0.04791378431515328,0.014854729483725333,0.03222165586543363,0.03294982887934173,0.05166387533678002,0.06258647054540159,0.012269715284351562,0.08607005024393796,0.026687540959732033,0.009247797276632929,0.024976334377047986
U:GGTCG,0.04058998399268237,0.0876972330208095,0.06368625657443402,0.05202378230048022,0.0351017608049394,0.04504916533272353,0.05042305053738852,0.04962268465584267,0.03613080265264121,0.04356277155270981,0.034530070889549506,0.055568259775897556,0.04516350331580151,0.017836725360164646,0.026983764006402927,0.03144294534644409,0.05305282414818203,0.06414360850674594,0.015549965698605077,0.08655385319002973,0.02835581980333867,0.012920192087811571,0.024010976446375485
U:GGTCT,0.03837319281178219,0.10201324145385758,0.07048597036436517,0.055397919200108094,0.034094491735351076,0.04927262081700671,0.0535963608521371,0.04382290681439445,0.03364410214835833,0.041345764085934336,0.03643651758771337,0.0630995811376841,0.048506958519119035,0.016033869296941856,0.033238751520064856,0.03328379047876413,0.046795478088546595,0.05472233481961897,0.013691843444579561,0.07422420393640498,0.02477142728460118,0.011394856550916543,0.021753817051749762
U:GGTGA,0.03967397171542697,0.10037244953038972,0.06628522077080859,0.057108927993090794,0.03648925833963079,0.048013602504588145,0.04987585015653676,0.045044801900032384,0.03613840008636511,0.04229191406671705,0.03818957141314909,0.0601047176940516,0.052358847025801576,0.016193457843031417,0.031280362733455684,0.03316959948180935,0.04366835798337472,0.05883623016301414,0.014709057540753535,0.07257368023318579,0.024101263089711757,0.010444780308755263,0.023075677426319767
U:GGTGC,0.037069703494254064,0.0991984227865833,0.06070196373446782,0.052841837661158526,0.029546810552802925,0.04324366390827259,0.04358089704013074,0.043892189161845965,0.036654647331967105,0.04230978754312693,0.03631741420010895,0.062414070403901525,0.046771641287711746,0.013956263456899012,0.03169991439466653,0.030843861059949674,0.05517652857402267,0.06934032011206516,0.01437131961918597,0.08122130275752938,0.029027990349944226,0.010973047290461491,0.028846403278943684
U:GGTGG,0.03634579355874744,0.10163261664733696,0.06400214113658667,0.05219020430011598,0.0320099919707378,0.04612365063788027,0.04469622624676599,0.045748951735212776,0.03434739941118744,0.04155589258631457,0.03341957355696316,0.06125434918369168,0.05160139173878134,0.013756802569363904,0.03236684806851637,0.03402622892318673,0.05226157551967169,0.06869479882237488,0.013239361227584977,0.07800874297439557,0.026835578552948523,0.009760014274243911,0.02612186635739138
U:GGTGT,0.037226495407363155,0.10040325591815398,0.06500634754685983,0.05738929131506235,0.038458666268389216,0.04775595549249496,0.05290867000224031,0.045179598237622284,0.03879471286685087,0.04417145844223733,0.03696512583078187,0.06201926667164513,0.04928683444104249,0.018221193338809647,0.03140168770069449,0.03274587409454111,0.043760734821895304,0.05933089388395191,0.0151220969307744,0.06687327309386902,0.025016802329923083,0.010940183705473826,0.021021581659323427
U:GGTTA,0.040959447098282344,0.10824270759223498,0.07683707693871328,0.06575871531659722,0.05325744486228275,0.05711962597824982,0.06057526171358878,0.048073991259274314,0.04065453806281126,0.037097265982315275,0.039129992885455836,0.05274926313649761,0.056509807907307655,0.023376359386116475,0.03780872039841447,0.03343835755666226,0.029372903750381138,0.04461835552393536,0.019107632889521293,0.03293017583087712,0.017278178676694785,0.010570179896330929,0.014533997357455026
U:GGTTC,0.04042033235581623,0.10571847507331378,0.08005865102639297,0.05347018572825024,0.039345063538611925,0.041593352883675466,0.05361681329423265,0.046871945259042036,0.03763440860215054,0.04130009775171065,0.035386119257087,0.05698924731182796,0.04951124144672532,0.019843597262952102,0.03235581622678397,0.03186705767350929,0.04081133919843597,0.06036168132942327,0.016177908113391985,0.06026392961876833,0.0239980449657869,0.010361681329423266,0.02204301075268817
U:GGTTG,0.038392857142857145,0.1107780612244898,0.07716836734693877,0.059885204081632656,0.04272959183673469,0.046747448979591835,0.05503826530612245,0.04451530612244898,0.03431122448979592,0.041645408163265306,0.04241071428571429,0.06014030612244898,0.05133928571428571,0.021237244897959185,0.034630102040816325,0.03628826530612245,0.0396045918367347,0.052614795918367346,0.01792091836734694,0.04457908163265306,0.020089285714285716,0.010395408163265306,0.017538265306122448
U:GGTTT,0.040622527037720915,0.1028224742811923,0.08609865470852018,0.06024795568451596,0.048588762859403854,0.04800844104457927,0.05702980743867053,0.048536006330783435,0.042099709839092586,0.039567396465312585,0.042310735953574256,0.0566077552097072,0.04922184120284885,0.0242152466367713,0.035557900290160906,0.03355315220258507,0.03381693484568715,0.04769190187285677,0.016776576101292535,0.040622527037720915,0.018939593774729622,0.01065681878132419,0.016407280400949617
U:GTCAA,0.04267328968164371,0.1019041168059005,0.0775946413787913,0.058026642582975844,0.04948445849326409,0.04997365846315948,0.04944682772634906,0.04613532023782645,0.03311507488522616,0.039963874463761574,0.04184541280951306,0.0567095657409498,0.05471513509445323,0.021073229472416646,0.03371716715586664,0.03469556709565741,0.03665236697523896,0.0529088582825318,0.016407014374952962,0.0525325506133815,0.023820275457213817,0.008956122525777075,0.01764882968314894
U:GTCAC,0.038325449737420386,0.09527356698573504,0.06544005363328242,0.07456516071362061,0.04231070058475176,0.0418637565644903,0.050094975604305564,0.049461804908935154,0.03422846288502365,0.03899586576781258,0.037617788372006404,0.059853253380014154,0.048977615553651904,0.017803270140414912,0.031025364073149837,0.03072740139297553,0.04406123133077582,0.05448992513687661,0.015009870013780773,0.07274013929755298,0.0249916197996201,0.010018995120861112,0.02212372900294238
U:GTCAG,0.039687528059621086,0.10278052138517255,0.0724611654844213,0.05728652240280147,0.03956780700966747,0.04636197659453473,0.05303642512944839,0.05049235281793421,0.034210290024243514,0.04082487803418036,0.0400167609469935,0.05357516985423962,0.05064200413037622,0.018586693005297656,0.032025380862590165,0.03642512944838526,0.041423483283948404,0.0562688934781958,0.01789829696806441,0.059501361826943225,0.02502169944030409,0.010415731345963904,0.021489928466672654
U:GTCAT,0.0372610513739546,0.10125448028673835,0.07519414575866189,0.05787037037037037,0.04640830346475508,0.0456989247311828,0.04954450418160095,0.04476553166069295,0.033602150537634407,0.039165173237753884,0.03770908004778972,0.06612156511350059,0.052568697729988054,0.02038530465949821,0.03181003584229391,0.03513291517323775,0.04099462365591398,0.05174731182795699,0.016987753882915173,0.06384408602150538,0.02236409796893668,0.010528673835125449,0.01904121863799283
U:GTCCA,0.03943005645667175,0.10362338321832901,0.06604534456492517,0.053648773784986704,0.039848254025151596,0.04011709531917436,0.04991486692355946,0.04791349284583445,0.03282850912566837,0.04137168802461391,0.03865340382949488,0.06296860531110912,0.047823879081160196,0.017056486542999672,0.034232458105565015,0.03563640708546166,0.045792633748543775,0.06045941990023001,0.015055112465274667,0.06804671864265018,0.02595812050064223,0.010215969172864952,0.023359321325088868
U:GTCCC,0.03786419829781947,0.10188233832391129,0.0618127601416413,0.048642604211964965,0.028390383301236256,0.03659066906877058,0.046778902901161705,0.04951233149033982,0.034447412561346834,0.044231844443063925,0.03587625023296266,0.059731627011244334,0.05109647760452258,0.015158103994533143,0.03143442877554824,0.031776107349195504,0.05497918866869603,0.0660682114679754,0.012176181897247935,0.08470522457600795,0.02885630862893707,0.009815493570230477,0.028172951481642543
U:GTCCG,0.03278822567457073,0.08961569910057236,0.056663941128372856,0.047097301717089125,0.03286999182338512,0.04153720359771055,0.042027800490596894,0.04848732624693377,0.046443172526574,0.04341782502044154,0.03409648405560098,0.05829926410466067,0.045053147996729354,0.014636140637775961,0.03025347506132461,0.033851185609157806,0.05388389206868357,0.07285363859362225,0.01659852820932134,0.08601798855273916,0.03107113654946852,0.012837285363859361,0.029599345870809486
U:GTCCT,0.040375169964203456,0.10142353692038739,0.06376779421150484,0.05202985820129311,0.03768349196658989,0.043566334600549435,0.04825595915309266,0.04706274107167633,0.037849987512834034,0.04220662097288898,0.03524155728834254,0.06179759691428254,0.04811721286455587,0.017176790520853566,0.030218941643311042,0.03271637483697311,0.04811721286455587,0.061769847656575186,0.014540611038654717,0.07692094236479174,0.025335072286816328,0.01096095679440575,0.022865388350861614
U:GTCGA,0.03744896522596086,0.0905251302266648,0.0674362945234408,0.05659580458961003,0.053357736167816416,0.051809094748697736,0.053780092918485144,0.04434745882021681,0.0366042517246234,0.03646346614106716,0.04054624806419822,0.053780092918485144,0.04885259749401661,0.017738983528086723,0.03421089680416725,0.0366042517246234,0.043784316485991834,0.06011544417851612,0.017457412360974235,0.06222722793185978,0.02520061945656765,0.012389131352949457,0.01872448261298043
U:GTCGC,0.03990971580999282,0.08792448958653945,0.05827434082281728,0.047296604083307686,0.030983892479737356,0.049553708833487226,0.04391094695803837,0.052426387606443005,0.0396019287986047,0.040114907150918235,0.032317636195752536,0.060941828254847646,0.04380835128757567,0.01774905099004822,0.027495639684005334,0.03252282753667795,0.04986149584487535,0.062070380629937416,0.015389350569405972,0.09787626962142197,0.031086488150200063,0.010464758387196061,0.028419000718169694
U:GTCGG,0.03651297064324632,0.09075384240058551,0.057656338944458,0.04586484508416687,0.029763356916321055,0.04407579084329511,0.04366918760673335,0.049768236155159795,0.036594291290558675,0.04440107343254452,0.035130519638936326,0.05391558916808978,0.046434089615353336,0.017321297877531106,0.03163373180450516,0.034398633813125155,0.05773765959177035,0.0652191591445068,0.018053183703342277,0.09262421728876961,0.03033260144750752,0.01187281450760348,0.02626656908188989
U:GTCGT,0.03888086168396165,0.0923420464994089,0.06646525679758308,0.05201628792854328,0.03940627873374491,0.047550243005385524,0.04387232365690267,0.05280441350321818,0.036647839222382766,0.03585971364770787,0.03861815315907001,0.05569420727702614,0.04768159726783134,0.01878365952975174,0.03349533692368317,0.03034283462498358,0.04873243136739787,0.06042296072507553,0.017207408380401943,0.08052016287928543,0.02640220675160909,0.01300407198213582,0.023249704452909498
U:GTCTA,0.04173142679515076,0.10452284737332919,0.07483680447622008,0.057973267018961765,0.04476220080820641,0.051834006838669566,0.05230027976375505,0.04686042897109108,0.02991917935965185,0.042197699720236244,0.040177183711532484,0.063179981349083,0.054787068697544294,0.021448554553932235,0.032872241218526575,0.03326080198943115,0.03846751631955238,0.04950264221324215,0.017096673919801058,0.05020205160087038,0.020205160087037613,0.013677339135840846,0.018184644078333853
U:GTCTC,0.03833829682964527,0.10057677083726015,0.07234138801975346,0.051494703509631694,0.04063784069061711,0.04357824103743356,0.05424661665472914,0.047461077392845025,0.03407848607079579,0.041580276699212125,0.037584348022769255,0.06046669431145625,0.05334187808647793,0.019074904813963133,0.03347532702529498,0.031175783164323144,0.047988841557658236,0.05888340181701662,0.014438119651675652,0.06555584875786934,0.02178912051871678,0.010856862819014589,0.021035171711840765
U:GTCTG,0.037277298404618534,0.10292383139859705,0.06840896393320504,0.05583835123223043,0.0358184865603079,0.05043764355329319,0.05077906760196164,0.04466447327580855,0.03525979266248681,0.03948103544602396,0.038549878949655475,0.06043205661431498,0.05233099509590912,0.01728847228257496,0.03404928921720777,0.03426655906636042,0.046216400769756034,0.058011049723756904,0.01623316158669067,0.06266683220559935,0.02365137500775964,0.011298032155937674,0.02411695325594388
U:GTCTT,0.0376638199063324,0.11543154000550986,0.07304498406076587,0.05942776181667913,0.04179621393994254,0.04825061985910504,0.05021842654177654,0.04514148530048408,0.03455468534771144,0.040340036994765634,0.036601204297689795,0.06340273131567555,0.05147782281868629,0.021763941910346727,0.03164233145735763,0.03467275374867173,0.03927742138612303,0.049549372269668226,0.015781809595025384,0.060490377425321734,0.022118147113227595,0.010783580621039788,0.016568932268093983
U:GTTAA,0.04025016035920462,0.09789929441949968,0.09196600384862091,0.06197883258499038,0.06470493906350225,0.06101667735728031,0.06109685695958948,0.048027581783194356,0.03992944194996793,0.03696279666452854,0.04345734445157152,0.04754650416933932,0.05660679923027582,0.02990699166132136,0.036561898652982684,0.03431686978832585,0.027822322001282873,0.03880692751763951,0.021327774214239897,0.021648492623476588,0.015635022450288645,0.011706221937139192,0.010824246311738294
U:GTTAC,0.038522238163558105,0.09935437589670014,0.08177905308464849,0.06262553802008608,0.051291248206599714,0.05021520803443329,0.05624103299856528,0.05236728837876614,0.03766140602582496,0.04598278335724534,0.03873744619799139,0.05581061692969871,0.05925394548063128,0.024892395982783356,0.03500717360114777,0.03572453371592539,0.0321377331420373,0.04569583931133429,0.019655667144906745,0.03572453371592539,0.01599713055954089,0.009612625538020086,0.01571018651362984
U:GTTAG,0.0413265306122449,0.09668367346938775,0.08762755102040816,0.06377551020408163,0.05433673469387755,0.05471938775510204,0.0552295918367347,0.048596938775510204,0.043239795918367345,0.03762755102040816,0.04260204081632653,0.05089285714285714,0.06058673469387755,0.022576530612244898,0.03711734693877551,0.044642857142857144,0.027040816326530614,0.041198979591836736,0.018494897959183673,0.02959183673469388,0.017091836734693878,0.0125,0.0125
U:GTTAT,0.039154438471596685,0.12385587679790788,0.08339386895249165,0.0667586808077873,0.05920383553682987,0.05571698387331105,0.057896266163010315,0.050123492663082955,0.04155164899026587,0.03508644486415807,0.04053465058840622,0.05244806043876217,0.054191486270521574,0.024698532616591603,0.03537701583611797,0.03305244806043876,0.02600610199041116,0.03690251343890745,0.020339968037193085,0.0302920238268197,0.015327618770884788,0.008571843672817086,0.009516199331686764
U:GTTCA,0.03848359135215353,0.10526493305001855,0.08152045600188877,0.05720260379776721,0.04775877769907923,0.04452089446524335,0.051435124287497046,0.04863570440824311,0.03376167830280954,0.03892205470673547,0.03743802489122736,0.05194104354278391,0.04978245472022665,0.021181152821343047,0.03366049445175217,0.033458126749637426,0.0376403925933421,0.04961381496846436,0.018550372693851395,0.06762454045667644,0.0240480286013019,0.00947755404904044,0.018078181388916995
U:GTTCC,0.03905141544490237,0.10340517532599149,0.0688804810485778,0.05438821701236403,0.03547057631241132,0.04594284169988514,0.0473616647523816,0.048037294777379905,0.037869062901155326,0.039591919464901024,0.03709208837240727,0.06195527329234511,0.05073981487737315,0.01820822917370448,0.029761502601175598,0.033612593743665965,0.0445578001486386,0.061989054793595025,0.01547192757246132,0.06499560840483751,0.025505033443686237,0.011249239916221877,0.02486318491993784
U:GTTCG,0.04045943708609272,0.09664735099337748,0.06622516556291391,0.053911423841059604,0.03507864238410596,0.0607408940397351,0.04718543046357616,0.040873344370860924,0.034975165562913905,0.040666390728476824,0.034147350993377484,0.054635761589403975,0.05122102649006623,0.01841887417218543,0.03145695364238411,0.03404387417218543,0.04708195364238411,0.060637417218543044,0.01593543046357616,0.07377897350993377,0.02566225165562914,0.009519867549668874,0.02669701986754967
U:GTTCT,0.03853338705541921,0.10347606314787004,0.07699351672099923,0.056994249294897624,0.04036482180139921,0.04776381817515842,0.05413721109116882,0.05032782681953042,0.034211201054906416,0.04098750961503242,0.038496758360499615,0.06091351965129482,0.05366103805721402,0.021208014358448407,0.03256290978352441,0.03527343320757481,0.039815391377605217,0.05457675543020402,0.017691659646166806,0.05135343027727922,0.02197721695176001,0.010402549357166405,0.018277718764880407
U:GTTGA,0.04367318154342132,0.10356639129558734,0.08820269997985089,0.06357042111626032,0.05158170461414467,0.05279065081603869,0.0537981059842837,0.048559339109409634,0.03692323191617973,0.040046342937739274,0.04498287326213984,0.05525891597823897,0.051883941164618176,0.025136006447713077,0.03576465847269796,0.03526093088857546,0.032792665726375174,0.044025790852307074,0.021005440257908525,0.03198670159177917,0.017328228893814225,0.008764859963731613,0.01309691718718517
U:GTTGC,0.038649394775960924,0.10134848163091952,0.08260777235081758,0.05786791250796348,0.04544489275854746,0.04921427054576343,0.05802718199193035,0.04491399447865789,0.03923338288383946,0.041197706519430874,0.039180293055850496,0.05739010405606286,0.052665109365045655,0.0221384582713952,0.03636653217243576,0.035782544064557234,0.03710978976428116,0.05282437884901253,0.017254194096411126,0.042790401359099596,0.02038649394775961,0.011573582501592695,0.01603312805266511
U:GTTGG,0.039533241975001035,0.10834267679913624,0.07665794609858395,0.060462605373531,0.04621901083842033,0.051908143349528674,0.055188738009218884,0.04783854491092562,0.0367509654914663,0.038702711681408576,0.04023919272455463,0.054358207715626425,0.05489805240646153,0.020680204310452224,0.031560151156513436,0.03646027988870894,0.03604501474191271,0.04800465096964412,0.017856401312237865,0.04875212823387733,0.020306465678335616,0.010049416552468752,0.019185249781985797
U:GTTGT,0.03976392035292715,0.10981280553237152,0.08274710862048408,0.05901991176821271,0.05478717062119948,0.051865983069035414,0.05425062596876118,0.04608322403720043,0.043162036485036366,0.036306188148324786,0.041135090020269466,0.058662215333253845,0.05830451889829498,0.025038750447120544,0.03135805413139382,0.034279241683557886,0.03028496482651723,0.042446643615118636,0.017348277095504946,0.03737927745320138,0.021223321807559318,0.010552044831286515,0.014188625253368309
U:GTTTA,0.042512990080302314,0.10405560429178758,0.09055941696470747,0.061677576084756054,0.06012551454214184,0.05250016870234159,0.0541197111815912,0.04892367906066536,0.042715432890208516,0.03900398137526149,0.04345772319319792,0.049733450300290166,0.051757878399352183,0.03090626897901343,0.03475268236723126,0.03515756798704366,0.0269248937175248,0.03866657669208449,0.02145893785005736,0.029354207436399216,0.01781496727174573,0.01221404953100749,0.011606721101288886
U:GTTTC,0.03962005818928632,0.10011980147184665,0.0827485880540818,0.05733356152661304,0.04851959609789492,0.051771350333732674,0.05425295225055622,0.0510439842546637,0.037694677391750815,0.03705288379257231,0.041930515146328944,0.05485195960978949,0.05596440184836556,0.023746363169604656,0.03397227451651549,0.032774259798048946,0.03803696731131268,0.047663871298990246,0.017799075817217184,0.04890467225740202,0.019638884134862228,0.010054766387129899,0.014504535341434194
U:GTTTG,0.03850043591979076,0.10151700087183958,0.0796512641673932,0.0599128160418483,0.047881429816913686,0.04854402789886661,0.05360069747166522,0.04910200523103749,0.0379075850043592,0.04020924149956408,0.04212728857890148,0.057785527462946816,0.05422842197035745,0.01963382737576286,0.03170008718395815,0.033757628596338275,0.03933740191804708,0.05276373147340889,0.016843940714908457,0.04181342632955536,0.022284219703574543,0.01039232781168265,0.020505666957279862
U:GTTTT,0.03959361150597876,0.09808512417426206,0.08370265072330463,0.0661426540680659,0.058784179279203944,0.053808846893552975,0.056401036875992974,0.048248181286060704,0.03900827828413747,0.038004849903838116,0.042771134710260054,0.05447779914708588,0.05477046575800652,0.029726565766368427,0.039802659085207796,0.03227694623296262,0.0295593277029852,0.039886278116899404,0.019775900995066476,0.03252780332803746,0.01818713939292583,0.012250188142821306,0.0122083786269755
U:TACAA,0.03777453325463639,0.09928240812649498,0.07933894566804386,0.05958187070920443,0.048895654064800724,0.04818116864962257,0.05293404988972073,0.052250629057811186,0.03544468950949023,0.03824050200366562,0.040477151999005936,0.053337889472212734,0.0524680811406915,0.02370227703395359,0.034947656177192386,0.03320803951414992,0.03159268118418192,0.0446398061570004,0.017831070796185268,0.07005063527072784,0.020036656208256967,0.008822341648286788,0.016961262464664038
U:TACAC,0.03656297807241204,0.10045894951555329,0.07027027027027027,0.05747067822539521,0.048393676695563485,0.048138704742478326,0.05130035696073432,0.04895461499235084,0.037531871494135643,0.04130545639979602,0.037582865884752674,0.06654767975522692,0.04645588985211627,0.021468638449770525,0.03355430902600714,0.034217236104028555,0.037123916369199386,0.0506374298827129,0.01774604793472718,0.0691993880673126,0.017644059153493114,0.008975012748597654,0.01845996940336563
U:TACAG,0.03732318039074007,0.10807881499597032,0.07625823305449796,0.05724925659339132,0.04496567823694522,0.04994024956229331,0.05408109384987355,0.049217686129561185,0.03587805352527582,0.04090820665314176,0.04360392407525776,0.057749492816052024,0.05413667565239141,0.022427257315954758,0.03587805352527582,0.03673957146430259,0.03318233610315983,0.048661868104382625,0.01678570436039241,0.05052385848873079,0.020676430536642303,0.009865769946919378,0.01586860461884779
U:TACAT,0.03887109341182582,0.09631200761838801,0.07908406198597524,0.06189940264912129,0.05289585317288546,0.051207687646091245,0.050644965803826505,0.047961215479179295,0.033503592762531384,0.03874123452514934,0.038221798978443425,0.059388797506709376,0.05540645831529738,0.023244740715089602,0.03333044758029608,0.03389316942256082,0.03471560903817851,0.049519522119297034,0.016621937494589213,0.05873950307332698,0.02172972037053069,0.008527400225088737,0.01553978010561856
U:TACCA,0.04355777223607647,0.09871986699916875,0.07900249376558603,0.05762261014131338,0.04375727348295927,0.04631753948462178,0.054696591853699086,0.05290108063175395,0.03620947630922693,0.040731504571903575,0.038171238570241066,0.05925187032418953,0.0544638403990025,0.020182876142975894,0.03182044887780549,0.03627597672485453,0.03687448046550291,0.05310058187863674,0.016425602660016626,0.04940980881130507,0.02261014131338321,0.009010806317539484,0.01888611803823774
U:TACCC,0.04019119083106337,0.10623426016343733,0.06434702163745695,0.0567405047026777,0.039060492367785374,0.044302821606619726,0.05072724469342653,0.04933956930667626,0.03777560775042401,0.04116770314025801,0.038752120059618644,0.06701958164156858,0.05103561700159326,0.016240941563447603,0.031556766202395024,0.03315002312792311,0.042298401603536005,0.05607236470164979,0.014030940021586061,0.06604306933237396,0.02456699388394922,0.008326052320501619,0.021020712340031864
U:TACCG,0.04269838175082862,0.10401637746149346,0.0569311756677715,0.054299083642035485,0.03051277052056931,0.04601286800545915,0.04650029245466952,0.045817898225775006,0.038798986157145644,0.04133359329303958,0.03548449990251511,0.06005069214271788,0.048157535581984795,0.015792552154416065,0.028660557613569896,0.033242347436147394,0.04757262624293235,0.062390329498927664,0.012575550789627608,0.08637161240007799,0.027393254045622928,0.010625852992786119,0.024761162019886918
U:TACCT,0.03846968306628079,0.10852685819157196,0.06991600197642409,0.059151549375308816,0.04316369026611139,0.04581068680736924,0.04916354909296252,0.04919884238017929,0.0352579939295546,0.04150490576692313,0.03691677842874285,0.06303381096915367,0.05223406508082163,0.018881908660972682,0.03296393026046446,0.03225806451612903,0.04249311780899273,0.05639867297240065,0.01549375308816263,0.0573162984400367,0.02234065080821628,0.0092468412507941,0.020258346862426765
U:TACGA,0.03288076106031218,0.09097626304608848,0.06705458575782765,0.04913641821372495,0.03426618638588713,0.053477417567193125,0.0447030571718851,0.05283088574859148,0.03925371755795696,0.037221760413780364,0.037221760413780364,0.055601736399741385,0.053662140943936454,0.018195252609217696,0.03315784612542717,0.033989101320772146,0.04682737600443336,0.06058926757181121,0.015424401958067794,0.08146300914380715,0.023644592223145838,0.011083402604599613,0.027339059758012377
U:TACGC,0.03559445660102115,0.09452954048140044,0.06039387308533917,0.050911743253099925,0.03165572574762947,0.04566010211524435,0.04434719183078045,0.045951859956236324,0.04157549234135667,0.04113785557986871,0.03574033552151714,0.05849744711889132,0.04201312910284464,0.016046681254558718,0.03617797228300511,0.03355215171407731,0.05485047410649161,0.06491611962071481,0.013274981765134938,0.0837345003646973,0.030926331145149526,0.009336250911743253,0.029175784099197667
U:TACGG,0.03458149779735683,0.0987885462555066,0.06365638766519824,0.04933920704845815,0.029625550660792952,0.040969162995594714,0.04702643171806167,0.04680616740088106,0.032158590308370046,0.04262114537444934,0.03898678414096916,0.06310572687224669,0.04889867841409692,0.01817180616740088,0.030506607929515418,0.045484581497797355,0.04856828193832599,0.06585903083700441,0.014757709251101321,0.07720264317180617,0.026651982378854626,0.011784140969162995,0.02444933920704846
U:TACGT,0.03475969381352742,0.09888317229263395,0.069142928849291,0.0529552014054461,0.044547622035387126,0.04291630066507717,0.04806123729451625,0.048939641109298535,0.041284979294767224,0.03864976785042038,0.0356380976283097,0.058978541849667464,0.04743380599824319,0.02183460911030242,0.029238298406324508,0.03337934496172669,0.04492408081315096,0.0593550006274313,0.01694064499937257,0.07441335173798469,0.025097251850922323,0.009787928221859706,0.022838499184339316
U:TACTA,0.03956211459848957,0.10316635488117508,0.07850065821381556,0.06000138571329592,0.04995496431788263,0.048915679345943326,0.05161782027298552,0.05563638883115084,0.0345735467331809,0.037137116330631194,0.03893854361532599,0.0577842444398254,0.05355781888727222,0.02480426799695143,0.03672140234185547,0.031039977828587265,0.029377121873484378,0.045174253446961826,0.017044273539804613,0.05993210004849996,0.018568558165315597,0.011709277350516177,0.016282131227049124
U:TACTC,0.042353207632636884,0.1071287016590227,0.07570352754657154,0.05764113017382934,0.044674706981484624,0.05084649793329936,0.04982730309721986,0.05741464243247834,0.033690051525961155,0.03980522054243814,0.038219806352981146,0.06239737274220033,0.05265839986410736,0.019704433497536946,0.03306721023724591,0.03244436894853066,0.03408640507332541,0.05084649793329936,0.017779287696053452,0.05243191212275636,0.020836872204291944,0.009908838684106223,0.016533605118622955
U:TACTG,0.04047500178303973,0.09596319806005278,0.07606447471649669,0.05691462805791313,0.047892447043720136,0.04867698452321518,0.05249268953712289,0.0527066543042579,0.03491191783752942,0.03908423079666215,0.0345909706868269,0.05741387918122816,0.05324156622209543,0.020647600028528636,0.03619570644033949,0.032451323015476784,0.03145282076884673,0.045895442550460026,0.016617930247485913,0.08059339562085444,0.01943513301476357,0.009236145781328009,0.017045859781755938
U:TACTT,0.040624713749198495,0.10456169277273976,0.08010442429238802,0.0615553723550426,0.054868553631950166,0.05189154529632683,0.054135751580104426,0.04987633965375103,0.039296510030228084,0.037235504259411925,0.03847210772190162,0.06183017312448475,0.0542731519648255,0.024686269121553542,0.034395896308509664,0.03247229092241458,0.03128148758816525,0.045571127599157275,0.0186864523220665,0.03947971054318952,0.01973985527159476,0.008564623980947147,0.01639644591004855
U:TATAA,0.03696215328236558,0.09919757376634865,0.09268970746193214,0.06482593037214886,0.0614140392999305,0.05718076704365957,0.055538004675554434,0.04903013837113793,0.041637707714664816,0.035256207746256395,0.043027737410753775,0.04536551462690339,0.05250521261136033,0.02685284640171858,0.0362671384343211,0.03449800973020787,0.02445188601756492,0.03803626713843432,0.020092247425285904,0.04852467302710558,0.015606242496998799,0.009603841536614645,0.011436153408731914
U:TATAC,0.04047554224521281,0.10146111262365005,0.08412741628096923,0.06370814048461748,0.05481441147109538,0.05490516380796805,0.05690171521916689,0.053453126418005266,0.036482439422815136,0.03566566839096107,0.04537616843633724,0.06062256103094655,0.057809238587893635,0.02885924312551048,0.03512115436972502,0.031581813231690715,0.02414012160813141,0.03675469643343316,0.018604229058898268,0.04247209365641165,0.01379435520464652,0.009165986024140121,0.013703602867773845
U:TATAG,0.04032586558044807,0.09969450101832994,0.09694501018329939,0.06853360488798371,0.059877800407331976,0.056517311608961306,0.05855397148676171,0.05244399185336049,0.03706720977596741,0.037169042769857434,0.04164969450101833,0.04979633401221996,0.05509164969450102,0.026680244399185336,0.03879837067209776,0.029124236252545826,0.026782077393075355,0.03441955193482688,0.017820773930753563,0.035641547861507125,0.015682281059063136,0.012525458248472504,0.008859470468431772
U:TATAT,0.04215096860387441,0.10307281229124916,0.09071476285905143,0.06633266533066132,0.054509018036072145,0.054509018036072145,0.061322645290581165,0.04896459585838343,0.03807615230460922,0.03313293253173013,0.04241816967267869,0.052772211088844355,0.05918503674014696,0.029926519706078826,0.03907815631262525,0.03353373413493654,0.02191048764195057,0.037608550434201735,0.02004008016032064,0.03507014028056112,0.01623246492985972,0.00888443553774215,0.010554442217768871
U:TATCA,0.03735269817802322,0.09627342696873505,0.08557637952776449,0.06170370048267165,0.05887724485802496,0.055615949906509546,0.05652911249293386,0.047658390224811935,0.03609166413010392,0.03970083054311432,0.04044005739879115,0.05770317867547941,0.058790276992651214,0.024524938035395922,0.034047919293820936,0.03517850154367961,0.032699917380527896,0.04304909336000348,0.020437448362829933,0.037178762447275734,0.018654607122668174,0.010392659912162455,0.011523242162021134
U:TATCC,0.04160553958101051,0.10498210198931987,0.07440877882753359,0.06631066251980518,0.047591103808461946,0.050407839915497916,0.057919136200927174,0.049116835866439765,0.039786397511883106,0.03626547737808814,0.03990376151634294,0.06261369637932046,0.05557185611173053,0.02130156680945954,0.03303796725544276,0.036030749369168474,0.03198169121530427,0.04894078985975001,0.017487236664514995,0.04137081157209084,0.020010562760401383,0.008039434305498503,0.015316002582008098
U:TATCG,0.04574611748818366,0.10162052667116812,0.07106684672518569,0.06262660364618501,0.04304523970290344,0.04929101958136394,0.05401755570560432,0.04794058068872384,0.0337609723160027,0.035111411208642807,0.04321404456448346,0.05790006752194463,0.05064145847400405,0.019412559081701555,0.03899392302498312,0.03578663065496286,0.03426738690074274,0.054692775151924375,0.01823092505064146,0.05232950708980419,0.022451046590141795,0.011816340310600946,0.016036461850101283
U:TATCT,0.03934461571628759,0.10682332650641371,0.08391721461679422,0.06499946103266142,0.050393446157162874,0.050501239624878735,0.05422011426107578,0.050393446157162874,0.03713484962811254,0.036649779023391185,0.04090762099816751,0.06138837986418023,0.05675326075239841,0.02500808451007869,0.03702705616039668,0.03454780640293198,0.02985879055729223,0.0462433976501024,0.018109302576263878,0.03735043656354425,0.01622291689123639,0.008946857820416083,0.01325859652905034
U:TATGA,0.04616585975324067,0.10101514914883648,0.08036857722942371,0.06268936436045604,0.04960174918007184,0.04878962986100265,0.054380759019209746,0.04675933156332969,0.035171013587380916,0.03670154615024208,0.041012025612993906,0.05528658441355615,0.05569264407309074,0.02164610338903639,0.03167265344369827,0.03342183351553959,0.029767296579728254,0.047165391222864284,0.0160549742308293,0.06409495548961425,0.018709979697017022,0.007746368889583008,0.016086209589255038
U:TATGC,0.04570244328097731,0.10722076788830716,0.0775523560209424,0.0636998254799302,0.05011998254799302,0.05039267015706806,0.052410558464223385,0.047011343804537524,0.03599476439790576,0.036485602094240836,0.03926701570680628,0.0587369109947644,0.05557373472949389,0.022960296684118673,0.03664921465968586,0.037576352530541014,0.03179537521815009,0.04832024432809773,0.01788830715532286,0.03943062827225131,0.020833333333333332,0.008289703315881327,0.016088568935427573
U:TATGG,0.042579174468777986,0.10583733615566229,0.07970365545876415,0.05939102825042742,0.047586094602295854,0.04734185459578279,0.054139868110396484,0.0486037612961003,0.0379793210127819,0.04042172107791256,0.0403403077424082,0.05996092159895791,0.056745094846535865,0.02063828055035415,0.033990067573068466,0.03529268094113816,0.03097777415940731,0.04778962794105675,0.016079133762110235,0.04481804119514776,0.018765773833753968,0.013636733696979566,0.017381747130179922
U:TATGT,0.04563724243195116,0.09778682269142712,0.07886034088018316,0.06268125158992623,0.05515136097685067,0.05326888832358179,0.05362503179852455,0.04721444924955482,0.03754769778682269,0.03968455863647927,0.037089799033324856,0.06491986771813787,0.05515136097685067,0.02335283642838972,0.03561434749427626,0.031289748155685575,0.026761638259984736,0.041821419486135845,0.018773848893411344,0.050775883998982446,0.018824726532688883,0.00925973034851183,0.014907148308318494
U:TATTA,0.0391151009939083,0.09701827508816928,0.09727476755370311,0.06546970182750882,0.06361013145238859,0.05905739018916319,0.05841615902532863,0.05065726194293042,0.039756332157742866,0.03629368387303623,0.04174414876563001,0.05379929464571978,0.05790317409426098,0.030650849631292082,0.04155177941647964,0.03321577428663033,0.022378967617826227,0.032125681308111574,0.022250721385059315,0.023276691247194614,0.015068932350112215,0.008977236293683874,0.01038794485411991
U:TATTC,0.040846966245599504,0.1121867881548975,0.08303996686684614,0.06419548560778629,0.05389314557879478,0.05731000207082212,0.05699937875336509,0.05083868295713398,0.03950093186995237,0.03768896251811969,0.041209360115966036,0.055290950507351416,0.055756885483536966,0.027904328018223234,0.0346862704493684,0.03510043487264444,0.02417684820873887,0.04110581901014703,0.019103334023607373,0.038517291364671774,0.012424932698281217,0.008490370677158831,0.009732863946986954
U:TATTG,0.04334566543345665,0.10068993100689931,0.09174082591740826,0.06424357564243575,0.06059394060593941,0.056194380561943806,0.05629437056294371,0.047495250474952504,0.03904609539046095,0.037446255374462556,0.0463953604639536,0.05599440055994401,0.05834416558344165,0.028147185281471854,0.03554644535546445,0.03244675532446755,0.024147585241475852,0.036646335366463355,0.019448055194480552,0.029797020297970205,0.015898410158984102,0.00994900509949005,0.01014898510148985
U:TATTT,0.03870713441072132,0.09751675206937327,0.08939692550256208,0.06491919590067008,0.06145053212455656,0.0541190382341348,0.057942451714623575,0.05368545526212062,0.04067796610169491,0.0362238864800946,0.04233346472211273,0.055143870713441075,0.06089869925108396,0.031296807252660624,0.03555380370516358,0.03405597162002365,0.02412297989751675,0.03646038628301143,0.020575482853764288,0.029128892392589673,0.014781237682301931,0.01170674024438313,0.009302325581395349
U:TCCAA,0.04235116804822909,0.1056016076362723,0.07626224566691786,0.05950766139161015,0.045968349660889224,0.04717407686510927,0.0515950766139161,0.0480783722682743,0.037804571715649334,0.03838231600100477,0.041321276061291136,0.05699572971615172,0.053554383320773676,0.01986937955287616,0.031876412961567444,0.038583270535041445,0.03667420246169304,0.050967093695051494,0.01667922632504396,0.0498367244410952,0.021878924893242904,0.008917357447877418,0.020120572720422003
U:TCCAC,0.036194997797464636,0.10068033870099359,0.06558660858499339,0.059566345259654443,0.03891145807841026,0.040159561450736625,0.047941853066418676,0.051563800107679504,0.03531398365229308,0.03820175223924428,0.03673339533062503,0.0673486368753365,0.048455777984435414,0.016249816455386423,0.029832117860114533,0.03276883167735304,0.051612745337966816,0.05839165973275904,0.015173021389065636,0.071631344525476,0.023811854534775585,0.010792423278351525,0.02307767608046596
U:TCCAG,0.039543226442478846,0.10523865596845305,0.0690911082509516,0.05404332228824931,0.03994030177725443,0.04440397623024892,0.05093518087466112,0.04949749431771504,0.037790618068296956,0.04078922145849878,0.03706492866336227,0.057055617931374425,0.050592874551578716,0.017361776706739326,0.03310786756852972,0.034819399183941724,0.04393843963085686,0.06001314456280636,0.015075170468548895,0.06145083111975244,0.024262672180080512,0.009721499575540159,0.024262672180080512
U:TCCAT,0.03882794891059354,0.10178812922614576,0.07471074380165289,0.058512396694214874,0.04348610067618332,0.045740045078888056,0.053764087152516904,0.04895567242674681,0.033388429752066115,0.04156273478587528,0.03879789631855748,0.06434259954921112,0.05253193087903832,0.019954921111945904,0.035341848234410216,0.03386927122464312,0.038196844477836216,0.04892561983471074,0.01722013523666416,0.05845229151014275,0.022839969947407963,0.010488354620586025,0.018302028549962435
U:TCCCA,0.041089566020313946,0.10592270149056852,0.067735127291914,0.054632194521391196,0.036164973838104034,0.041793079189201075,0.050147298069735745,0.05395066613903179,0.03330695158950007,0.04269445543683771,0.0395066613903179,0.06608626830233479,0.049597678406542674,0.01593897023259904,0.031570153453809965,0.03249351448797432,0.04192498790836741,0.05894121268082487,0.013564613287604978,0.06586642043705755,0.024622960911049555,0.009167655982060414,0.02328188893285846
U:TCCCC,0.03622573958922178,0.10361315244017336,0.059826644055021666,0.045670812134916146,0.027463727152817034,0.03900508762012436,0.04482287544752214,0.0489447899001319,0.03500094215187488,0.043009233088373844,0.03528358771433955,0.06456095722630488,0.053113811946485776,0.014909553420011306,0.02899472394950066,0.031326549839834184,0.05530431505558696,0.07207461842849067,0.01170623704541172,0.08403994723949501,0.02663934426229508,0.009798379498775203,0.028664970793291878
U:TCCCG,0.0368862884762147,0.0960061053167133,0.05988298142966166,0.04390740269651488,0.03703892139404732,0.04253370643602137,0.04538285423556347,0.052047824980920886,0.03825998473670822,0.04171966420758077,0.03429152887306029,0.05535487153396083,0.044467056728567794,0.015924701093869245,0.03083184940218774,0.027372169931315186,0.058051386415670314,0.06583566522513355,0.013126430933604681,0.09310607987789367,0.028440600356143476,0.011345713558890868,0.028186212159755787
U:TCCCT,0.035057324840764334,0.10394904458598726,0.06573248407643312,0.05556687898089172,0.035261146496815284,0.042012738853503186,0.04942675159235669,0.048,0.03426751592356688,0.03926114649681529,0.03602547770700637,0.06318471337579618,0.05192356687898089,0.016,0.0326624203821656,0.03523566878980892,0.04797452229299363,0.06387261146496816,0.012331210191082803,0.07133757961783439,0.025171974522292993,0.009707006369426752,0.026038216560509555
U:TCCGA,0.03808002130350842,0.09400173091005926,0.06204646827774449,0.04906464283336662,0.037547433592969845,0.04240729645163438,0.04640170428067372,0.04846548165901072,0.037747153984421807,0.043073031089807604,0.04147526795819186,0.0567205911723587,0.04740030623793356,0.018307702549763664,0.030756940283602957,0.0341521869382864,0.05452366686638706,0.06424339258371613,0.014379868184541641,0.07449570601158378,0.029425471007256506,0.01078490113840623,0.02449903468477465
U:TCCGC,0.0360675123629327,0.09960223607826274,0.056600731025585896,0.04918297140399914,0.026177166200817028,0.0395613846484627,0.04407654267899377,0.04585035476241668,0.04160395613846485,0.04128144485056977,0.032197376908191785,0.06305095678348742,0.04031391098688454,0.01526553429370028,0.02832724145345087,0.03144485056976994,0.05493442270479467,0.07288755106428725,0.013545474091593205,0.09788217587615566,0.030746076112663945,0.009137819823693829,0.030262309180821328
U:TCCGG,0.03449288125642155,0.0979989236264005,0.05973873477175987,0.048730368413327466,0.02676256176916679,0.03556925485591272,0.04334850041587162,0.04824110768628602,0.037966632418415774,0.042174274670972164,0.035764959146729294,0.06287000342482509,0.05137237633935124,0.014579969665834924,0.03018738685845687,0.03361221194774695,0.055335388228386906,0.07192132687509174,0.011644405303586281,0.08938793483047115,0.029600273986007144,0.011008366358432409,0.027692157150545526
U:TCCGT,0.04132532313853996,0.0969415619879847,0.06499180775532495,0.05079191698525396,0.032131804114327325,0.041598397961041325,0.044693245949390135,0.04851629346440925,0.038867649736027673,0.0449663207718915,0.036409976333515386,0.056799563080284,0.04897141816857819,0.018022938285090113,0.032951028581831424,0.0307664300018205,0.04833424358274167,0.06262515929364645,0.016657564172583288,0.08155834698707445,0.022665210267613325,0.012015292190060076,0.027398507190970325
U:TCCTA,0.0430970495453702,0.10558545184635368,0.07199851549452589,0.057988495082575614,0.04328261272963444,0.0526071627389126,0.04991649656708109,0.051957691593987755,0.03493226943774355,0.037298200037112636,0.0398033030246799,0.07032844683614771,0.053998886620894415,0.02152532937465207,0.033772499536092036,0.032287994061978104,0.03548895899053628,0.05344219706810169,0.01665429578771572,0.04680831323065504,0.021896455743180554,0.008907032844683615,0.016422341807385415
U:TCCTC,0.03935586100158455,0.09932932896045989,0.06505877584110255,0.05877584110255371,0.03745808306002874,0.04197221505693334,0.04781294911007112,0.05024505287983196,0.038489884659321225,0.0398349117441132,0.034491653462062864,0.06542727641227844,0.04895530088071637,0.019659505472233482,0.03075137266462763,0.03189372443527287,0.04468069425507609,0.0594391421306703,0.013763496333419317,0.07371853926373585,0.024763238383019495,0.010575966392747908,0.023547186498139073
U:TCCTG,0.037153329573999076,0.1037191777310709,0.06762956887271236,0.0557620341415902,0.033859640129184396,0.040344491720920694,0.04704721382067976,0.05039216691444097,0.03443635617983288,0.04098528733275235,0.03392371969036756,0.0649254113907828,0.04873891423591531,0.015455990157379402,0.030924796226995437,0.03232173066078844,0.049520684882349925,0.06559183882708772,0.012367355308350848,0.07312759522222792,0.0259009586302353,0.011098579996924181,0.024773158353411595
U:TCCTT,0.03715493112342901,0.10710169584545305,0.07200482959222874,0.058778332693046484,0.0435760935184677,0.048542890071895065,0.05342736403051424,0.04541463146918391,0.03517918884803249,0.03973437242741891,0.041161297404094174,0.06289446243345591,0.054634762087701,0.02041600351243071,0.033230887437572035,0.036414027770155316,0.0360572965259865,0.05125953570056528,0.016080346852532793,0.05644585917348115,0.02239174578782723,0.009823829647110477,0.018275616047417814
U:TCTAA,0.04184823960711074,0.10202669986857578,0.08923013073251712,0.06156187314103894,0.05699661063844504,0.05637407484263678,0.060455142837379815,0.048626962717022895,0.038735560628069446,0.036176246800857716,0.04267828733485509,0.05042539946046898,0.058172511586082866,0.02759908694749948,0.03368610361762468,0.03576122293698554,0.025454796984159922,0.040326485439579444,0.020197828041779067,0.03520785778515598,0.01639344262295082,0.010859791104655184,0.011205644324548661
U:TCTAC,0.03853078862081383,0.1041018757979507,0.06851736668085245,0.05705961305529184,0.0372213310636069,0.044488820506105343,0.050741480341768425,0.053851442040134874,0.0331947490751956,0.042459161292434607,0.036435656529282746,0.07100533603954562,0.051658100631813274,0.01741578551085213,0.032703702491243006,0.03175434576226798,0.04278652568173634,0.05568468262022457,0.013683831472812387,0.06275575342914198,0.022653615739679837,0.008806102072216585,0.02248993354502897
U:TCTAG,0.037618885869565216,0.10181725543478261,0.08602241847826086,0.05630095108695652,0.05069633152173913,0.06504755434782608,0.05307404891304348,0.047978940217391304,0.03192934782608696,0.0390625,0.040251358695652176,0.05698029891304348,0.053838315217391304,0.024881114130434784,0.03609035326086957,0.0390625,0.032778532608695655,0.044072690217391304,0.01740828804347826,0.03931725543478261,0.021059782608695652,0.011039402173913044,0.013671875
U:TCTAT,0.041406489917084656,0.10190398198382639,0.08086805200122837,0.06065103900092128,0.04877674275770294,0.04913501893745521,0.05589108404135531,0.04591053331968472,0.0354181594840823,0.03920565052717781,0.03685126420309141,0.06699764561367591,0.054662708567918925,0.022469034701607125,0.034343330944825466,0.03378032551950046,0.03418978401064592,0.05000511823113932,0.016634251202784316,0.04437506397788924,0.019039819838263895,0.010953014638141058,0.01653188657999795
U:TCTCA,0.03854634544712127,0.10338913842384646,0.07496937525520621,0.057737852184565126,0.04660405607731047,0.04516129032258064,0.05193956717027358,0.049789029535864976,0.03571525792840615,0.040941881039880224,0.03925411732680006,0.06130393357833129,0.05545120457329522,0.020906492445896284,0.0333197223356472,0.035606369946917106,0.0399891112018511,0.04736627194773377,0.01657819518170682,0.05605008847148496,0.020906492445896284,0.010289914250714577,0.018184292908670206
U:TCTCC,0.03866530926014419,0.10346761962144979,0.07161704514761796,0.05144293698447986,0.03652531632419854,0.043734807088986305,0.05046643535351437,0.05106895763645052,0.03511250545386549,0.03980802393467828,0.03648376306330639,0.06264154079491388,0.05162992665849452,0.018096445118530678,0.03419833371423822,0.032889405996135546,0.046165672851176995,0.060273004924061416,0.013546363050840414,0.0662566744925308,0.02206478153373086,0.009806569570547048,0.024038561426107913
U:TCTCG,0.03614862031367944,0.09418770443680281,0.06349073219827224,0.0512454919063994,0.04285834102155498,0.043026084039251865,0.050826134362157174,0.048813218149794516,0.03665184936677011,0.0404260672649501,0.03463893315440745,0.06021974335318293,0.04671643042858341,0.017780759875870168,0.029355028096955463,0.03329698901283234,0.053258408118762056,0.06458106181330202,0.014090413486538623,0.07506500041935754,0.02767759791998658,0.011574268221085298,0.02407112303950348
U:TCTCT,0.037941176470588235,0.10561497326203209,0.07427807486631016,0.05647058823529412,0.04310160427807486,0.049224598930481284,0.05331550802139037,0.0474331550802139,0.03278074866310161,0.03989304812834225,0.03748663101604278,0.0653475935828877,0.056818181818181816,0.0210427807486631,0.03377005347593583,0.03443850267379679,0.03721925133689839,0.05243315508021391,0.015989304812834226,0.05275401069518717,0.019759358288770054,0.011122994652406418,0.02176470588235294
U:TCTGA,0.04203647712864528,0.10406710231151858,0.08239051984784941,0.06039695698819857,0.0451575148736955,0.04944894177313957,0.055983614551838486,0.049936603920803666,0.035696869209011994,0.04013459475275529,0.039012971813127864,0.055739783478006434,0.05349653759875159,0.020969472349556227,0.03433141519555252,0.036086998927143274,0.035721252316395204,0.05039988296108456,0.01760460353067395,0.04340193114210475,0.019652784550863164,0.010996781429825417,0.017336389349458695
U:TCTGC,0.036788820761443033,0.10364425251064349,0.06834246603247031,0.05383878918742743,0.0362591921126072,0.044448065836915115,0.048644354362306734,0.04742213440345481,0.03481289849463242,0.040027703652400645,0.03862215069972093,0.06787394838157707,0.05104805361471553,0.01631663645067324,0.03273512456458414,0.0333462345440101,0.048705465360249334,0.059623963659326554,0.014829602167403394,0.06229247723615327,0.025646248803242958,0.011692570939683445,0.023038846224358842
U:TCTGG,0.040058858835601854,0.10451315611144456,0.0703014579178687,0.05485101357238281,0.03645762744680439,0.04489922360549091,0.051346589478983136,0.04673856221804875,0.03223682936746113,0.04091076303510233,0.03802590563224845,0.06276985033592132,0.05579972506728107,0.017134891285407267,0.03407616798001897,0.037561230614339094,0.04356328292900153,0.05918798040620341,0.01440492555518984,0.05992371585122655,0.023427365486263046,0.010106681639528355,0.02170419562818254
U:TCTGT,0.0369277832404676,0.10349065880039332,0.07445646236206709,0.05675734731781929,0.04599584835573036,0.04566808696602207,0.055091226920135475,0.04875450671910849,0.032940019665683384,0.03870315743472086,0.039304053315852724,0.06691795039877636,0.054845405877854254,0.0196929968316399,0.03430569212280127,0.03345897519938818,0.03821151535015842,0.0528788375396045,0.017589861247678355,0.05260570304818092,0.022096580356167378,0.00983284169124877,0.01947448923850104
U:TCTTA,0.04132033726006099,0.09944387968665909,0.0829994618190516,0.06207020271482389,0.057405967828738864,0.05322011600789332,0.057226574179274056,0.044250433534652876,0.04155952879268074,0.041140943610596184,0.042635890689469595,0.060874245051725166,0.05692758476349937,0.026490462237636788,0.0360581235424266,0.03396519763200383,0.027148238952341086,0.03976559229803265,0.019434312025354304,0.0395264007654129,0.01704239669915685,0.009388267655325001,0.010105842253184238
U:TCTTC,0.03554751131221719,0.10318552036199095,0.06999095022624434,0.06380090497737556,0.03907692307692308,0.04714932126696832,0.0488868778280543,0.04805429864253394,0.035710407239819004,0.039402714932126694,0.036126696832579186,0.06818099547511312,0.05219909502262443,0.01809954751131222,0.032705882352941175,0.03370135746606335,0.04213574660633484,0.05732126696832579,0.015366515837104073,0.061918552036199094,0.022334841628959275,0.0096289592760181,0.019475113122171945
U:TCTTG,0.0387121502491376,0.1172514721767309,0.0807345203665633,0.060211157183177114,0.04613401163803617,0.04829436565733998,0.05481027213491759,0.04940938708665807,0.035820063416843795,0.03933934980312903,0.038398550472141885,0.06198822258615283,0.05651764869856093,0.020941496219380466,0.034321753371197604,0.033450642879542844,0.032684065646886654,0.04777169936234712,0.01669047702010523,0.04122094846510331,0.02024460782605666,0.010453325899857138,0.014599811840133802
U:TCTTT,0.03939638290519525,0.09984448796221633,0.08227738739776523,0.06468148830779864,0.05025342702453634,0.049965441769381405,0.05370925008639558,0.049879046192834925,0.035162999654417694,0.037380486119110705,0.03801405368045156,0.06387512959336482,0.05618592328072803,0.023470798295127288,0.0347022232461698,0.03519179817993319,0.03297431171524018,0.046509618707522175,0.018229466651307452,0.044090542564220715,0.01941020619744269,0.009474714894597397,0.0153208155742426
U:TGCAA,0.04021483539974348,0.09929457032920051,0.08344912355707568,0.06263360410431809,0.048231081658828556,0.04828452330055579,0.050849722103463016,0.050288584865327064,0.03871846943138093,0.04189824711415135,0.04098973920478837,0.05405622060709705,0.05314771269773407,0.023621205643437365,0.03406904660111158,0.03414920906370244,0.03668768704574604,0.04622702009405729,0.01931915348439504,0.0484448482257375,0.020147498931167164,0.009913424540401882,0.015364471996579735
U:TGCAC,0.03375563545055071,0.09761456371625864,0.0682246190720767,0.05238828967642527,0.035382069280374365,0.04242994920961023,0.04845060777264167,0.04528334189351139,0.037921588769046395,0.03886320835473378,0.03914854762312389,0.06354505507047879,0.048365005992124635,0.01766250071334817,0.03298521942589739,0.0339839068652628,0.04990583804143126,0.06111967128916281,0.01586486332249044,0.07401700622039604,0.027107230497061006,0.011071163613536494,0.024910118130457112
U:TGCAG,0.036038924999074975,0.10230762589573132,0.0670210535403742,0.054675069993463166,0.03627326434711824,0.044216134880795274,0.047583221302680105,0.04486981832533702,0.036408934495985396,0.04540016527090862,0.03792597343331812,0.05796815451596591,0.049346933237953104,0.0174151136545838,0.033794200717818426,0.03665560749392568,0.047558554002886076,0.0627166097263163,0.01541706237126753,0.06526967525499822,0.026233673330948826,0.010865945559269355,0.02403828364928033
U:TGCAT,0.03976721629485936,0.09837349847049168,0.08084011042303962,0.05938968887562486,0.04566141908527942,0.048645825561441466,0.05114526598522719,0.046967096918600314,0.03737969111392972,0.038797284190106696,0.03902111467581885,0.06084458703275386,0.05252555398045214,0.02271879429978363,0.0337237931806312,0.03529060658061628,0.03752891143773782,0.04722823248526449,0.019137506528389168,0.05233902857569201,0.02324106543311199,0.00895321942848616,0.020480489442662092
U:TGCCA,0.04076129233003163,0.10430603813376203,0.07063216304516932,0.05861812650175457,0.03960310463447942,0.043959273280437,0.04836730107694169,0.04573977078255458,0.033898598074296876,0.04041556465971754,0.0398969731542464,0.06271499939497657,0.05306919739321336,0.01643935072343515,0.03134021331397258,0.03647426921813687,0.04340610900793445,0.060260332935746515,0.016041763902573943,0.054400248923922624,0.026206157409808296,0.011409013120365089,0.022040138982523466
U:TGCCC,0.03465750334079589,0.10921365474393016,0.059266586834660975,0.054008087329272314,0.0262404331754048,0.03701775394387463,0.04373405529234133,0.045139792783880875,0.03505666336925774,0.04126967598618559,0.03325176584925635,0.07070338938928515,0.048107460821575465,0.012512799153086548,0.030544419569254265,0.03377240936464136,0.05322712205619479,0.06990506933236147,0.011228545148470177,0.0830599954877562,0.0294163586192534,0.009180680654622447,0.029485777754638065
U:TGCCG,0.03494564499801946,0.09555037190264513,0.06183706703050042,0.04858941067734695,0.03155670965186391,0.038774701817701686,0.04436424453149069,0.04572862109942344,0.03842260463888033,0.04489239029972272,0.03723427666035826,0.06262928568284847,0.04454029312090137,0.015184190836670922,0.02918005369481977,0.029400114431583118,0.0555433299590687,0.06799876765987413,0.014700057215791559,0.0895647198626821,0.030808503146868536,0.011443158311694028,0.02711148276924431
U:TGCCT,0.03869378193347739,0.10943716299452713,0.06858250701779187,0.056485651392451076,0.0396833410747824,0.04174323969545812,0.04737766827554173,0.047337278106508875,0.032837207423713065,0.040612314962538115,0.038148514651533814,0.06474544095967041,0.0492558111355696,0.016721529979602964,0.031766867944342345,0.03235252539531878,0.04804410606458388,0.06141325201445968,0.013571096795040087,0.0643819294383747,0.02518327039198659,0.00947149463820506,0.022154007714522285
U:TGCGA,0.03546756529064869,0.09048020219039596,0.06899747262005054,0.05054759898904802,0.038837405223251895,0.04254422914911542,0.04970513900589722,0.04734625105307498,0.03706823925863521,0.04161752316764954,0.039511373209772535,0.060994102780117944,0.04397641112047178,0.015922493681550125,0.03319292333614153,0.03504633529907329,0.04818871103622578,0.05796124684077506,0.015585509688289806,0.08247683235046335,0.02704296545914069,0.010109519797809604,0.02737994945240101
U:TGCGC,0.029814499044075855,0.09517904200899086,0.05725210561670025,0.04919133984395184,0.02578411615770165,0.040097142561876714,0.03725520591122823,0.04474758435384695,0.037668578514958924,0.042784064486126185,0.033379837751253034,0.06588125871957835,0.039580426807213354,0.013641295923112695,0.028677724383816463,0.030847930553402573,0.062212576861468506,0.06877486694569318,0.012866222291117656,0.10835529375290652,0.03193303363819563,0.009920942489536505,0.034154911383248075
U:TGCGG,0.03176906334720684,0.09358891137500477,0.05391576616136546,0.04627897208751766,0.027186986902898162,0.040704112413608766,0.04028408873954714,0.04448432548016343,0.03990224903585475,0.043033334606132345,0.0355492764137615,0.062163503761121085,0.04127687196914735,0.013020733895910496,0.02894344953988316,0.035663828324869216,0.06598190079804499,0.06854022681278399,0.012027950666310284,0.10378403146359158,0.031349039673145215,0.011455191110771697,0.029096185421360114
U:TGCGT,0.035743052758759566,0.09303262182843335,0.0599073701167942,0.054269029399919455,0.0333266210229561,0.041683447442609746,0.045106725734997986,0.04581151832460733,0.03584373741441804,0.04289166331051148,0.036145791381393476,0.06302859444220701,0.04319371727748691,0.015606121627064035,0.03342730567861458,0.03211840515505437,0.052758759565042286,0.06312927909786549,0.013592428513894483,0.09091824405960532,0.025070479258960936,0.01449859041482078,0.028896496173983086
U:TGCTA,0.04442237370773328,0.1046453884700465,0.0828405038147262,0.06153221073540698,0.05069748544083789,0.04834996162701458,0.05354160083066227,0.04812423818337772,0.037108934133899145,0.03688321069026229,0.04031420703354251,0.06238995982122703,0.056205137465577176,0.02252719967495824,0.03656719786917069,0.035303146584804296,0.030427520202248204,0.048575685070651436,0.01729041578258318,0.03873414292808451,0.01873504582185906,0.00920951650038373,0.015574917610943073
U:TGCTC,0.03715982870562232,0.10203987659437307,0.07024450891007045,0.0553022977390984,0.03651517244554957,0.04581664134088502,0.047082930423170785,0.04526407883225123,0.03543307086614173,0.03937007874015748,0.036446102131970345,0.06900124326564443,0.0507206336050099,0.01671501588617212,0.030598148915596077,0.033844453653819585,0.04804991481327992,0.06301514942211171,0.01399825021872266,0.06506423539162867,0.0246350785099231,0.010682875166919924,0.023000414421881474
U:TGCTG,0.03425810473815461,0.10522651704073151,0.06683291770573566,0.05511221945137157,0.03503740648379052,0.04278886118038238,0.04541770573566085,0.04514754779717373,0.036263507896924355,0.04129260182876143,0.035120532003325024,0.06647963424771405,0.04873233582709892,0.014858686616791355,0.031255195344970906,0.03370739817123857,0.04941812136325852,0.06819409808811305,0.013487115544472152,0.06847464671654198,0.02558187863674148,0.011388196176226101,0.02592477140482128
U:TGCTT,0.041784877266559765,0.10568027630442828,0.07878993462439866,0.06028740594547922,0.049864314789687926,0.04927840138152214,0.05304058221290243,0.047736523991612184,0.038331071913161464,0.03950289872949303,0.03950289872949303,0.05822129024299988,0.05226964351794745,0.021555445910941162,0.033551252004440604,0.03481559146416677,0.03586406808930554,0.049833477241889725,0.016652275811027507,0.04357345503885531,0.021863821388923153,0.009744665104230912,0.018255828296533858
U:TGTAA,0.03720180170160707,0.09620196852582995,0.08446866485013624,0.059889896012901074,0.049769226491686594,0.052327197909136404,0.05444030473224712,0.044931324028248905,0.03681254518156036,0.03820274703887004,0.042595784907968635,0.04565422899404994,0.05471834510370906,0.025635322248790525,0.029861535895011955,0.03219707501529222,0.025079241505866653,0.034032141466941,0.020964244008229996,0.10053939832063616,0.014569315464605461,0.009675804926875382,0.010231885669799256
U:TGTAC,0.03763252431437834,0.1025146762463857,0.07215456058880225,0.05612021379129063,0.039998247612371855,0.047621133794795406,0.04981161832997459,0.0446858845176553,0.037895382458599844,0.042889687198808375,0.038421098747042845,0.0634364321387891,0.051038289669674934,0.020064838342241303,0.031762025760098136,0.033689652151055814,0.0409620608078507,0.05546306843073688,0.015815298343993693,0.0653202488390432,0.02208008411460615,0.009944799789713485,0.020678174012091474
U:TGTAG,0.04137442437123627,0.104073680481757,0.0889833510449876,0.06248671625929862,0.05256818986893376,0.05171803046404534,0.053914275593340416,0.04704215373715905,0.04009918526390365,0.03783209351753454,0.04399574920297556,0.056606447042153736,0.05717321997874601,0.02146652497343252,0.03159759121501948,0.03443145589798087,0.030322352107686856,0.040382571732199786,0.018703506907545166,0.04534183492738222,0.019270279844137442,0.008501594048884165,0.012114771519659936
U:TGTAT,0.03937808038209441,0.09867384787358366,0.078349677353793,0.06432599969513744,0.05162339312026828,0.05253798079365886,0.05609471063462222,0.049235303084192876,0.038412682282404347,0.03871754484020121,0.04054672018698237,0.060057923885981405,0.05894009450739292,0.024490625476347748,0.03831106142980539,0.03465271073624308,0.027691682333214777,0.044205070880544685,0.017986890910014736,0.04237589553376353,0.01869823687820741,0.009653980996900563,0.01503988618464509
U:TGTCA,0.03821757902030808,0.10058099248440915,0.07427642449762806,0.06886626512446031,0.05021054314801983,0.04821171579340121,0.05260913597356218,0.04738553382015884,0.03192793561110815,0.04050956772027078,0.0393102713074996,0.06052449229785193,0.05503437983049944,0.021107616864772666,0.0323810031448217,0.03437983049944033,0.0337935078087522,0.051649698843345235,0.016790149778796438,0.052395927722402855,0.022653376685677736,0.009141303768455839,0.018042748254357442
U:TGTCC,0.03769846375543604,0.10239057152415018,0.06237616118988189,0.053781426108437766,0.03618023210931268,0.042845011708396594,0.04804302514088675,0.04858341267594761,0.03672061964437354,0.042922209927691,0.034533336764365305,0.0643318494120069,0.049098067471243664,0.01670054810735699,0.03105941689611693,0.033066570597771544,0.04804302514088675,0.06476930598800855,0.014410334268289545,0.06942693188543785,0.02647898921798204,0.01091068166027637,0.02562980880574355
U:TGTCG,0.036609222170470426,0.0943642291569632,0.0615742897065673,0.04993013507219376,0.03754075454122031,0.0584070796460177,0.045086166744294366,0.05188635305076852,0.03418723800652072,0.03688868188169539,0.03707498835584536,0.0584070796460177,0.045831392640894274,0.017326502095947834,0.029809035863996275,0.032510479739170935,0.0463903120633442,0.06148113646949231,0.01881695388914765,0.07992547741034,0.027387051700046575,0.01183046110852352,0.026734979040521658
U:TGTCT,0.03680468423253869,0.10626157614865268,0.07172731074864074,0.05780605843341101,0.04490051980641692,0.049381609607456536,0.052070263488080304,0.047021568978909,0.03456413933201888,0.04000119495728028,0.03716317141662186,0.0636314751747625,0.05676047081316843,0.020105156240664397,0.033488677779769375,0.03298082093565155,0.04182350480970305,0.0528469857202605,0.017117763039971323,0.05272748999223278,0.020792256676823804,0.010485750134432694,0.019537551532532713
U:TGTGA,0.03790974303096341,0.1050122582402615,0.0718469081994007,0.05750022700444929,0.046808317443021885,0.04551439208208481,0.051870516662126574,0.04901026060110778,0.03198492690456733,0.04185962044856079,0.038363751929537816,0.0592708617088895,0.050304185962044855,0.019363479524198673,0.033346953600290566,0.037591936801961316,0.03430037228729683,0.047602833015527105,0.01800145282847544,0.07332243711976755,0.02183782802142922,0.010442204667211477,0.01693453191682557
U:TGTGC,0.035325820676139146,0.10171484566389025,0.06589906908378246,0.060607545320921115,0.036281234688878,0.04223419892209701,0.04701126898579128,0.04679078882900539,0.03588926996570309,0.04073983341499265,0.03735913767760902,0.06604605585497306,0.0487016168544831,0.01670749632533072,0.03454189122978932,0.03375796178343949,0.04791768740813327,0.06112199902008819,0.01499265066144047,0.0650171484566389,0.025820676139147476,0.010558549730524253,0.02496325330720235
U:TGTGG,0.0338019000976396,0.09926692807216031,0.06506207088945028,0.05666196550067418,0.03897834880585218,0.04356586023588488,0.04668102847046789,0.04472823644281884,0.03364691660338174,0.03979976132541884,0.03620414425863645,0.06710785301365405,0.0509275762131333,0.015172884087844644,0.029291880414735832,0.03563070532988237,0.04258946422206035,0.056243510066177956,0.013886521085504394,0.0961517598375773,0.023541992777769166,0.010104923825612571,0.02095376842366288
U:TGTGT,0.03459484560018575,0.10140469003947063,0.0699442767587648,0.05758068260970513,0.04318551195727885,0.05302414673786859,0.051456930578128626,0.0475679127002554,0.036481309496169026,0.041037845368005574,0.03947062920826561,0.0639946598560483,0.05296610169491525,0.019125841653122824,0.030996052937079174,0.03543649872300905,0.03851288599953564,0.05697120965869515,0.0163396795913629,0.056216624100301836,0.0225504991873694,0.011115625725563037,0.020025539818899468
U:TGTTA,0.040549947789766796,0.10587075066713075,0.08829330548787562,0.06404455273233554,0.05650307460262211,0.05337046061027961,0.05528483582782225,0.05035386935839425,0.04014386819816684,0.042464323007309436,0.04142011834319527,0.053718528831651007,0.05946165448427892,0.027961480450168233,0.03492284487759601,0.034168697064624665,0.026047105232625593,0.04113006149205244,0.020420002320454808,0.027265344007425456,0.015256990370112543,0.011196194454113005,0.010151989789998839
U:TGTTC,0.03707363723302518,0.1051322919987249,0.07433854000637552,0.0582722346190628,0.04207841887153331,0.05103602167676124,0.05192859419827861,0.045680586547657,0.03500159387950271,0.038093720114759325,0.038763149505897355,0.06292636276697482,0.05428753586228881,0.020529167994899587,0.03114440548294549,0.03350334714695569,0.039177558176601845,0.05215173732865795,0.017628307299968123,0.05540325151418553,0.024226968441185846,0.011380299649346509,0.020242269684411857
U:TGTTG,0.03956857903969852,0.10476902085634461,0.08644662465076992,0.06224416867000195,0.05162107725294003,0.05370021441101943,0.05418751218244429,0.048372425443440975,0.0389513351958937,0.039633552075888506,0.04051068806445325,0.05925540900526281,0.05360275485673446,0.023260346956013256,0.03294132934832045,0.03511792606068482,0.03209667987785069,0.0437918263920473,0.017152881554155026,0.0365473328568644,0.02059645247222403,0.010460658826586967,0.0151712039503606
U:TGTTT,0.040577849117174956,0.09987158908507224,0.08388443017656501,0.06266452648475121,0.057752808988764046,0.053418940609951844,0.053804173354735155,0.04905296950240771,0.03842696629213483,0.03900481540930979,0.04128410914927769,0.05695024077046549,0.0562760834670947,0.024911717495987157,0.035987158908507226,0.033001605136436594,0.03245585874799358,0.04391653290529695,0.018170144462279294,0.035248796147672554,0.018619582664526485,0.010882825040128411,0.013836276083467094
U:TTCAA,0.040334540857260945,0.10238019984926211,0.08261408669859717,0.06131628212297294,0.05161556976489752,0.050545817023656125,0.051226568768082466,0.05086188033356835,0.03549634095937371,0.038049160000972505,0.039459288614427074,0.05268532250613892,0.05409545111959349,0.02326712212200044,0.03420777515742384,0.03347839828839561,0.03253020835865892,0.04429748851231431,0.01879361065862731,0.0575478349663271,0.020155114147480002,0.009408961610464128,0.015632977559504997
U:TTCAC,0.03817453963170536,0.09735788630904724,0.07317854283426742,0.05745396317053643,0.041152922337870296,0.045572457966373096,0.04813450760608487,0.054059247397918335,0.035388310648518814,0.04048038430744596,0.03839871897518014,0.05943955164131305,0.04896717373899119,0.02033626901521217,0.03244195356285028,0.02898318654923939,0.03852682145716573,0.05008807045636509,0.01835068054443555,0.08582866293034427,0.020176140912730185,0.008935148118494796,0.018574859887910328
U:TTCAG,0.037703625853914874,0.1041588469334134,0.08250131371518654,0.06123789505292396,0.04500412881915772,0.0498836423691915,0.053843555288641994,0.04939569101418812,0.038304181367765186,0.039711733353351854,0.040274754147586515,0.052942722017866525,0.05307409353652128,0.022839876886119662,0.03456947676600856,0.0342691990090834,0.03584565723294047,0.048194579986487504,0.01788529389685459,0.053167930335560394,0.020719165227835748,0.009815329179491029,0.014657308009909166
U:TTCAT,0.03679827352461058,0.09858063802119359,0.07647400603159671,0.05801953351963036,0.049248817198350996,0.04816977007996016,0.050853553938521985,0.05251362642835404,0.031984063304097615,0.0385966853885953,0.03890103201173118,0.05998395263259829,0.05295631242564259,0.022383310737902222,0.030905016185706777,0.03378247516808234,0.030739008936723572,0.047644080458180006,0.016683728522812163,0.08250560274465318,0.017873447140525137,0.00926873806822898,0.015134327532302243
U:TTCCA,0.039592389075699175,0.10344049864676454,0.07457147543672599,0.05841466415156237,0.0450668416304437,0.048265398179283193,0.04886000164028541,0.05123841548429427,0.037419010907897975,0.03989994259001066,0.040761092430082836,0.05794308209628475,0.05162798326908882,0.02066759616173214,0.03173952267694579,0.03596325760682359,0.04123267448536045,0.050274747806118264,0.017981628803411795,0.05357582219306159,0.021487738866562783,0.01064135159517756,0.01933486426638235
U:TTCCC,0.03869995944615028,0.10639592144139969,0.06897051155784717,0.0522854991020219,0.038728926481663865,0.04469613579746249,0.04759283934882104,0.04993916922542147,0.03780198134522913,0.040177278257343144,0.03916343201436765,0.06401714848502404,0.05109785064596489,0.017872660911882277,0.03255894791727015,0.0314582005677539,0.04240773999188923,0.061410115288801345,0.014541451827819941,0.06332193963269798,0.024013672440762412,0.009877759110132668,0.022970859162273333
U:TTCCG,0.03513215143840509,0.10020131177349179,0.064030131826742,0.05383466458860965,0.027794012598220664,0.03766478342749529,0.04305474381453341,0.04889927917397233,0.04026235469835704,0.041626079615559454,0.03526203000194818,0.06182219624650952,0.04610689005779596,0.01636469900642899,0.03169036950451328,0.03298915513994415,0.05513345022404052,0.06623806740697448,0.01350737060848107,0.08610948762906682,0.027404376907591402,0.00883174232092993,0.026040651990388988
U:TTCCT,0.03739316239316239,0.10135975135975137,0.0721056721056721,0.06841491841491841,0.04015151515151515,0.04494949494949495,0.0493978243978244,0.04768842268842269,0.0351981351981352,0.03817016317016317,0.03603341103341103,0.06726884226884226,0.05134032634032634,0.018706293706293706,0.03238150738150738,0.034751359751359755,0.040326340326340325,0.05674048174048174,0.015268065268065269,0.05864413364413364,0.024067599067599067,0.009654234654234654,0.019988344988344987
U:TTCGA,0.038795197446040666,0.10139496148240683,0.0681518495384829,0.054132833645638145,0.03990561454646402,0.047331528905545144,0.047539732111874525,0.04649871608022763,0.03490873759455895,0.03886459851481713,0.04032202095912277,0.0545492400582969,0.04871955028107433,0.01964050246373794,0.029287251023665764,0.032202095912277046,0.04073842737178152,0.05711707960302589,0.015407037268373933,0.08335068360052744,0.0261642029287251,0.009438545353598445,0.02553959330973697
U:TTCGC,0.03685653365823942,0.09168443496801706,0.06173215554878668,0.04812671337191593,0.037262666260534066,0.0503604426845365,0.04376078789724845,0.049243578028226216,0.03350593968930856,0.042643923240938165,0.035028936947913494,0.06091989034419738,0.04802518022134227,0.01898669915727485,0.03147527667783531,0.03391207229160321,0.047314448167326634,0.06396588486140725,0.015636105188343994,0.08589704538531831,0.025789420245710223,0.009950248756218905,0.027921616407757133
U:TTCGG,0.03915825175364218,0.10105603946658444,0.06667694442303246,0.05241655746550528,0.031449934479303165,0.04794573344638865,0.04732906806444153,0.047406151237184925,0.03360826331611809,0.04231866183612117,0.037308255607800815,0.056039466584444614,0.05048947814692053,0.016341632621598705,0.03129576813381639,0.034147845525321824,0.04840823248284899,0.06490403144993448,0.015493717721421415,0.07546442611577893,0.02682494411469976,0.009866646111153935,0.024049949895937717
U:TTCGT,0.04193426520589347,0.10124669437098602,0.07102380052890064,0.055251227805062336,0.03891197582168492,0.051756705704571214,0.04703437854174537,0.0438231960710238,0.04202871174914998,0.04051756705704571,0.03598413298073291,0.057329051756705704,0.04826218360408009,0.018794862108046845,0.028239516433698528,0.033434076312806954,0.04646769928220627,0.054873441632036266,0.01152247827729505,0.07574612769172648,0.023800528900642236,0.010011333585190782,0.022006044578768418
U:TTCTA,0.03939550503745802,0.10307414104882459,0.07741324377852407,0.059588392318952896,0.04615517092913115,0.053388443985189014,0.056660638939119955,0.053603719969000256,0.03564970291914234,0.04029966416946525,0.03862051149573754,0.062085593731163354,0.054809265478343236,0.024627572548006543,0.034358047016274866,0.033152501506931886,0.03332472229398088,0.04658572289675364,0.018040127443382417,0.04473434943597692,0.019891500904159132,0.008955480926547835,0.015585981227934212
U:TTCTC,0.037794220010827814,0.10325092165304596,0.07466034184949341,0.05741318415014566,0.04405888267292274,0.04818376343808812,0.05150944855500271,0.051148521488050734,0.033205290159581326,0.038670757173425455,0.036376292247802214,0.060996674314883086,0.05393281600453737,0.020856428368867464,0.03341153419783959,0.03441697388434865,0.04158395421382351,0.05297893732759287,0.015674546907628453,0.05777411121709763,0.021243135940601718,0.009977055350743768,0.020882208873649746
U:TTCTG,0.04076762653404989,0.10389428090158018,0.07612095933263817,0.05751183123445897,0.04443731451030721,0.04658297906473089,0.05530600786075238,0.051155049330231815,0.03569423277452474,0.041128579449747335,0.03946418544958691,0.06102109569262854,0.05338092564369937,0.020353733857383493,0.03354856822010107,0.03563407395524184,0.038401379642255554,0.05249859629421673,0.01654367530279939,0.04790647308895484,0.021055586749017405,0.010347316916659983,0.017245528194433302
U:TTCTT,0.03729854182655411,0.10110002558199029,0.07981580966999233,0.0610642107955999,0.04924533128677411,0.05044768482987976,0.05474545919672551,0.054131491430033256,0.03655666410846764,0.0383474034279867,0.03926835507802507,0.06669224865694551,0.058761831670503965,0.022026093630084422,0.03484267075978511,0.033972883090304426,0.033154259401381427,0.04745459196725505,0.01729342542849834,0.04029163468917882,0.01890509081606549,0.009976976208749041,0.014607316449219749
U:TTTAA,0.03826429980276134,0.09169406092483015,0.09147490685952224,0.06145079991233837,0.06022353714661407,0.060486522024983565,0.05610344071882534,0.051676528599605524,0.03997370151216305,0.036554898093359635,0.045058075827306594,0.045540214770984,0.05456936226166995,0.030988384834538682,0.03545912776682007,0.03423186500109577,0.02699978084593469,0.03694937541091387,0.021433267587113742,0.04321718167872014,0.01669953977646285,0.010738549200087662,0.010212579443348675
U:TTTAC,0.039811958278242986,0.10528377650457862,0.08550022036139268,0.06219088193526272,0.06155428235639782,0.05205425787179864,0.053719210616522205,0.05210322707017286,0.03883257431075853,0.03672689878066696,0.04485578571078792,0.051956319475050194,0.05602076294011067,0.027863473874932668,0.035306792027814504,0.0307526565790118,0.028206258263552227,0.037314529161157635,0.020616032515547722,0.038000097938396746,0.018657264580578817,0.010479408452083639,0.012193330395181431
U:TTTAG,0.03612657884014668,0.09242156729593916,0.0880076055955453,0.059079179682194755,0.0600977862284395,0.05561591742496265,0.0585359228575309,0.049707999456743174,0.03945402689121282,0.037824256417221244,0.040947983159038435,0.04509031644710037,0.05514056770338177,0.03116936031508896,0.03755262800488931,0.03442890126307212,0.023631671872877902,0.03544750780931685,0.018267010729322287,0.06580198288741003,0.014464212956675267,0.011815835936438951,0.009371180225451583
U:TTTAT,0.038330907326540514,0.10136665049328805,0.09020701924632056,0.06643215267669417,0.0606501698204755,0.05377648390748827,0.05826459647420346,0.05199741225942099,0.04342552159146046,0.03626880155264435,0.04164644994339318,0.055353388322820635,0.056323791039948244,0.029071648067281256,0.036551835678473234,0.03364062752709041,0.024745269286754003,0.03339802684780851,0.020701924632055637,0.0326702248099628,0.015526443474041727,0.010270095422933851,0.00938055959890021
U:TTTCA,0.039871400307759944,0.09938997581886129,0.08746427786326665,0.06473950318751374,0.05484721916904814,0.05361068366673994,0.05352824796658606,0.05440756210156078,0.03605187953396351,0.038415036271708065,0.04168498571114531,0.05069795559463618,0.054489997801714665,0.025774895581446473,0.03333150142888547,0.03280940866124423,0.028770059353704112,0.04110793581006815,0.020141789404264674,0.047208177621455266,0.017229061332160914,0.011568476588261156,0.012859969224005277
U:TTTCC,0.04031236808780076,0.09937888198757763,0.0769764216366158,0.06250376891997829,0.047277332207682564,0.04987034915274679,0.052222155219200386,0.052764879696074296,0.03946813001266357,0.038382681058915756,0.03934752457335826,0.06051377917144063,0.053006090574684916,0.023126092986793703,0.03331725260809262,0.034734366519930046,0.035427847795935594,0.049146716516914914,0.017879756377012602,0.046493396852198034,0.021920038593740577,0.009829343303382983,0.01610082614725924
U:TTTCG,0.046948356807511735,0.09503870067250349,0.0702956477604365,0.057226240324831874,0.04567948229920061,0.051896967389925136,0.0515163050374318,0.04872478111914732,0.03502093642938713,0.03819312270016496,0.04479127014338282,0.05227762974241847,0.05024743052912067,0.021443979190458064,0.029564776043649283,0.030706763101129297,0.04174597132343611,0.05062809288161401,0.01573404390305799,0.06953432305544982,0.022966628600431416,0.009643446263164573,0.020175104682146935
U:TTTCT,0.03883469824213656,0.10035991862709301,0.08019925929789787,0.060169005268374105,0.050597256272494916,0.05250117364769704,0.05664806217724688,0.050049554013875126,0.0375045641854885,0.03961713004016483,0.04003442699911324,0.06316832716081582,0.06095143706640238,0.024437953158416358,0.03531375515100934,0.033331594596004384,0.034166188513901206,0.04313807313129205,0.017317823796359082,0.03906942778154504,0.018178498774190182,0.009884721715090502,0.014527150383391581
U:TTTGA,0.04011890606420927,0.10292508917954815,0.08599286563614744,0.06306777645659929,0.0515576694411415,0.04984542211652794,0.05667063020214031,0.047300832342449466,0.03695600475624257,0.039548156956004756,0.04118906064209275,0.05583828775267539,0.05234244946492271,0.022663495838287754,0.03462544589774078,0.03512485136741974,0.033745541022592154,0.04611177170035672,0.017526753864447086,0.038620689655172416,0.021212841854934602,0.009678953626634958,0.017336504161712247
U:TTTGC,0.0385061919504644,0.10026444788441692,0.08355908152734778,0.06243550051599587,0.051793085655314756,0.04869711042311661,0.055888802889576886,0.04895510835913313,0.03650670794633643,0.04182791537667699,0.03998968008255934,0.05872678018575851,0.05492131062951496,0.021962074303405573,0.03099200206398349,0.034636222910216716,0.03615196078431373,0.04898735810113519,0.01747936016511868,0.040828173374613,0.020607585139318884,0.010416666666666666,0.01586687306501548
U:TTTGG,0.040824616634507975,0.10104600385904336,0.07944043871229817,0.06349649639484106,0.053112623133949426,0.05120848989539961,0.0547628719406926,0.048466538031887885,0.036864019498324366,0.03935208693002945,0.03983446735046207,0.05732710470193968,0.057504823804204325,0.02348430994211435,0.033766629430283336,0.03371585254392201,0.03402051386208998,0.04798415761145527,0.017670356453742257,0.04062150908906266,0.02008225855590535,0.010053823499543008,0.015360008124301818
U:TTTGT,0.03828038881651468,0.09900791662491232,0.08193873801650133,0.06319938537595618,0.05264388549286836,0.05237665764772689,0.0517753949961586,0.05100711494137689,0.035608110365100046,0.036643618265023215,0.04031800113571834,0.06316598189531349,0.058222266760196414,0.023883488659518323,0.034305374620035405,0.03343688412332565,0.03460600594581956,0.04709890770618298,0.01747002037612319,0.03844740621972809,0.021244613688746368,0.009954237231519523,0.015365601095634165
U:TTTTA,0.035301378317218676,0.0975519440444353,0.08775972022217651,0.06360831104710965,0.06377288623739971,0.05509154494959885,0.05698415963793458,0.05118288418020983,0.04126722896523349,0.034725365151203454,0.04307755605842419,0.051388603168072415,0.05764246039909483,0.03184529932112734,0.038880888706027565,0.032215593499279986,0.024933141328944662,0.031639580333264763,0.021847356511005965,0.04353013783172187,0.015470067887265994,0.010491668380991566,0.009792223822258795
U:TTTTC,0.04144754141467263,0.09978963975808572,0.08010123586642125,0.0644228240862477,0.055679726531685514,0.05472653168551144,0.05360899290034184,0.05403628714173021,0.03865369445174862,0.03888377596634236,0.040560084144096765,0.060149881672363924,0.05600841440967657,0.026689455692874047,0.03546542203523534,0.03244149355771759,0.030896660531159612,0.041217459900078884,0.019096765711280567,0.03618853536681567,0.017814882987115435,0.009893505127530896,0.012227189061267421
U:TTTTG,0.040047246751785816,0.09705270262669441,0.08656279880758198,0.06423308397547668,0.059874008661904496,0.05343382642443332,0.05858034760110242,0.05050902750435907,0.03830361662635694,0.03686934023285899,0.04077844648180438,0.054333764553686936,0.05804600933685809,0.027110636143765115,0.036306878902075485,0.033466449181618764,0.02924798920074245,0.042803307272625005,0.01926430057933517,0.03138534225771978,0.018392485516620732,0.011417965014905225,0.011980426345688733
U:TTTTT,0.0379746835443038,0.09447360296387775,0.08284449933106926,0.06613838290281637,0.0608555452643134,0.054612191691537165,0.05883160097423759,0.0538231964598127,0.040444581661006486,0.03571061027065967,0.04174813900037735,0.05694487324620082,0.060615416280745085,0.030187643648588385,0.03910672018112586,0.03207437137662516,0.026757229597612432,0.03787177112277452,0.01969057665260197,0.02977599396247127,0.0172892868169188,0.012109361599945113,0.01011972145037906
