 ,X,Y,1,2,3,4,5,6,7,8,9,10,11,12,13,14,15,16,17,18,19
B:AACAA,1137,1,1818,2110,2767,1853,1178,1605,4956,3283,2148,2522,1900,728,1190,1711,1302,2588,713,934,336
B:AACAC,639,4,1149,1317,1745,1025,782,1057,3365,2406,1261,1541,1258,422,642,1053,847,1641,502,527,210
B:AACAG,848,8,1357,1684,2098,1343,1070,1347,4174,3120,1701,1882,1616,586,831,1340,1092,2105,689,610,343
B:AACAT,804,7,1188,1447,1965,1150,827,1097,3394,1924,1432,1782,1342,492,762,1321,924,1860,515,630,218
B:AACCA,735,3,1243,1442,1648,1208,840,1100,3868,2871,1492,1643,1446,461,733,1173,870,1819,582,635,297
B:AACCC,561,3,938,1086,1199,816,675,798,2943,2338,1113,1238,1065,362,473,785,598,1241,439,444,230
B:AACCG,68,1,152,185,231,138,132,150,498,440,222,200,188,81,98,118,121,225,94,83,65
B:AACCT,626,4,1022,1123,1349,917,705,972,3002,2219,1147,1347,1210,371,615,935,776,1435,492,450,252
B:AACGA,82,0,175,212,277,169,130,169,490,397,218,253,176,99,104,158,138,276,85,81,47
B:AACGC,78,0,159,182,235,134,114,131,442,408,204,198,176,80,78,108,99,220,81,69,53
B:AACGG,77,2,171,187,247,152,142,153,501,483,212,224,181,86,80,139,120,257,113,81,60
B:AACGT,108,1,198,204,328,179,171,171,548,475,238,270,215,89,107,177,139,328,116,86,53
B:AACTA,617,2,889,1062,1416,893,519,830,2275,1384,984,1242,914,370,542,858,651,1385,393,405,159
B:AACTC,607,5,1078,1237,1581,1034,752,990,3476,2639,1359,1438,1288,465,589,973,812,1526,532,499,272
B:AACTG,721,1,1207,1411,1884,1115,896,1181,3590,2613,1439,1601,1429,542,719,1166,866,1838,573,557,286
B:AACTT,757,8,1168,1449,1933,1211,813,1058,3308,1954,1400,1615,1211,503,780,1180,884,1790,543,597,215
B:AATAA,1142,1,1827,2015,2885,1818,1109,1573,4651,2669,1916,2416,1705,786,1072,1641,1218,2550,763,923,282
B:AATAC,550,0,833,988,1453,811,503,791,2371,1256,875,1182,853,365,561,827,614,1244,360,441,135
B:AATAG,676,1,819,1048,1298,840,470,882,2511,1278,960,1328,965,348,542,901,721,1305,357,474,152
B:AATAT,1001,6,1273,1646,2215,1323,738,1147,3450,1520,1362,2089,1309,550,885,1160,1068,1906,477,684,146
B:AATCA,736,5,998,1194,1622,949,651,1014,2898,1785,1184,1474,1158,414,647,1072,785,1485,490,573,195
B:AATCC,493,1,846,987,1198,804,558,763,2692,1865,1049,1155,935,340,467,873,627,1140,398,390,208
B:AATCG,75,0,123,143,177,95,79,100,371,238,134,176,165,55,78,100,96,166,61,57,37
B:AATCT,676,7,1006,1216,1625,1058,637,933,3017,1839,1321,1482,1146,428,672,1028,767,1534,467,533,228
B:AATGA,954,3,1300,1467,2125,1195,879,1274,3839,2026,1473,1998,1521,606,762,1269,1043,1976,517,634,233
B:AATGC,568,11,863,1030,1339,747,622,927,2493,1591,956,1216,1087,376,514,879,684,1320,390,443,193
B:AATGG,727,6,1037,1294,1515,978,738,1032,3436,1996,1196,1621,1303,461,654,1003,863,1521,473,555,239
B:AATGT,846,7,1262,1484,2128,1167,877,1271,3687,2129,1456,1852,1389,547,845,1249,1018,1954,541,672,219
B:AATTA,905,0,1163,1454,2031,1178,709,1146,2961,1550,1295,1745,1197,486,774,1158,861,1788,467,606,176
B:AATTC,747,4,922,1192,1487,964,695,1011,2912,1554,1090,1438,1126,399,672,931,782,1525,443,535,158
B:AATTG,629,5,749,1004,1286,814,513,748,2285,1115,925,1237,822,360,509,829,683,1199,301,435,124
B:AATTT,1183,7,1599,1883,2587,1543,960,1512,4043,1981,1710,2309,1498,688,1111,1573,1056,2387,612,773,227
B:ACCAA,644,13,1080,1270,1510,994,701,958,3392,2378,1240,1391,1264,448,627,1025,818,1546,476,516,239
B:ACCAC,574,4,1007,1232,1352,994,828,862,3232,2933,1256,1233,1174,421,633,877,722,1483,684,459,292
B:ACCAG,651,1,1169,1360,1555,1115,1002,1143,3977,3456,1510,1561,1510,504,709,1107,854,1621,636,557,419
B:ACCAT,605,5,1080,1141,1347,952,705,891,3174,2269,1211,1479,1229,393,541,948,739,1453,450,490,246
B:ACCCA,667,3,1172,1360,1522,1097,969,1036,4158,3368,1503,1826,1534,438,617,1076,911,1585,670,571,343
B:ACCCC,473,3,814,1044,1057,759,736,767,2890,2653,1059,1231,1079,339,421,651,610,1063,614,399,292
B:ACCCG,95,0,201,266,241,199,226,154,654,721,247,232,259,93,97,133,148,267,136,79,94
B:ACCCT,643,0,1041,1199,1357,919,871,876,3414,2995,1293,1449,1311,446,503,920,758,1508,595,510,335
B:ACCGA,72,0,163,191,238,155,156,140,496,505,196,204,234,92,84,119,149,243,85,88,57
B:ACCGC,77,2,156,219,224,145,149,116,477,591,184,208,214,85,92,101,123,230,125,45,70
B:ACCGG,66,0,176,211,221,162,145,121,549,512,192,195,219,94,108,115,146,230,135,76,97
B:ACCGT,79,1,173,188,271,167,177,157,524,547,241,222,182,95,107,139,131,275,110,97,65
B:ACCTA,493,1,689,797,1017,678,484,676,2197,1529,806,989,919,261,395,650,553,1048,348,379,180
B:ACCTC,527,10,988,1062,1205,856,765,880,3191,2875,1246,1273,1234,367,556,901,762,1335,519,415,271
B:ACCTG,726,3,1181,1406,1588,1097,1003,1121,4025,3692,1519,1657,1515,536,699,1070,921,1710,725,568,408
B:ACCTT,652,4,1023,1235,1416,1006,764,995,3350,2369,1262,1323,1306,447,634,957,763,1488,497,483,279
B:ACTAA,599,4,815,1020,1456,851,533,759,2220,1352,993,1184,839,357,526,859,640,1320,344,446,155
B:ACTAC,406,1,591,739,929,552,397,530,1809,1163,754,775,655,275,374,590,455,919,283,232,118
B:ACTAG,460,1,661,756,1035,585,457,657,1909,1319,790,909,745,266,378,671,509,940,312,316,150
B:ACTAT,550,1,808,925,1156,787,459,681,2203,1194,851,1041,853,308,479,788,600,1181,341,406,129
B:ACTCA,733,8,1299,1462,1816,1214,910,1112,4123,3376,1600,1755,1492,548,739,1131,971,1750,637,665,299
B:ACTCC,553,3,848,987,1198,781,694,811,2891,2256,1079,1174,1075,395,479,769,651,1176,471,387,267
B:ACTCG,81,0,182,213,295,168,175,164,573,615,240,184,203,96,99,162,125,290,134,77,58
B:ACTCT,655,5,1160,1336,1771,1076,813,1167,3685,2698,1401,1661,1453,491,671,1130,923,1781,581,562,290
B:ACTGA,790,3,1292,1478,1987,1224,925,1250,4027,2887,1533,1676,1476,613,763,1247,963,1984,609,609,302
B:ACTGC,533,3,922,1186,1472,879,842,989,2961,2690,1274,1223,1170,438,607,943,691,1496,623,482,291
B:ACTGG,628,2,1156,1347,1589,1012,917,1119,3763,3149,1409,1614,1454,488,653,1006,859,1712,588,530,369
B:ACTGT,720,3,1365,1516,2048,1236,971,1299,3981,3250,1585,1747,1442,555,823,1277,1014,1995,646,612,305
B:ACTTA,567,3,919,997,1513,924,617,882,2457,1547,1083,1311,976,371,564,880,691,1416,418,478,190
B:ACTTC,677,15,1024,1237,1598,979,687,1024,3076,2195,1254,1386,1224,453,585,1017,850,1531,504,491,239
B:ACTTG,669,2,1042,1323,1579,995,791,976,3283,2425,1336,1364,1184,442,615,966,814,1521,478,503,224
B:ACTTT,917,3,1411,1720,2215,1355,911,1280,3777,2268,1707,1865,1530,572,943,1449,1057,2083,601,690,266
B:AGCAA,804,0,1441,1546,2068,1205,959,1307,4060,3045,1595,1960,1607,594,821,1251,1068,2032,633,672,303
B:AGCAC,573,1,1197,1299,1685,1121,990,1130,3748,3499,1420,1421,1373,491,668,1105,815,1756,711,537,321
B:AGCAG,893,4,1774,2058,2477,1515,1434,1686,5397,5376,2137,2708,2122,755,995,1471,1330,2560,977,766,585
B:AGCAT,741,9,1179,1345,1798,1041,825,1192,3542,2578,1393,1674,1421,511,755,1127,977,1772,519,534,278
B:AGCCA,855,6,1599,1821,2089,1460,1306,1477,5137,4773,2058,2164,1955,706,865,1415,1254,2352,871,786,551
B:AGCCC,615,10,1101,1365,1420,1025,1063,1003,3741,3908,1524,1544,1467,491,558,953,845,1580,724,492,438
B:AGCCG,104,0,263,312,376,258,262,240,776,972,333,307,357,161,126,179,209,347,192,122,121
B:AGCCT,756,9,1402,1641,1872,1281,1163,1315,4713,4352,1883,1892,1819,632,767,1279,1077,2104,815,629,446
B:AGCGA,109,0,197,259,280,161,185,157,575,549,222,284,258,116,127,141,143,259,132,78,70
B:AGCGC,74,0,213,263,261,198,216,201,619,788,273,251,290,118,137,139,157,273,165,82,110
B:AGCGG,100,0,240,281,316,218,250,194,640,821,298,305,284,124,132,158,177,337,182,78,124
B:AGCGT,82,2,186,222,290,174,174,162,572,607,264,255,235,96,103,163,133,297,140,95,61
B:AGCTA,621,2,942,1138,1383,879,695,907,2895,2071,1139,1455,1112,410,539,851,814,1397,438,519,207
B:AGCTC,655,0,1187,1343,1706,1093,1009,1109,3791,3348,1475,1644,1450,556,585,1038,945,1681,702,576,387
B:AGCTG,776,0,1630,1982,2185,1453,1405,1559,5095,4939,2056,2362,1907,735,876,1411,1235,2283,988,745,523
B:AGCTT,747,7,1263,1357,1781,1077,879,1202,3521,2950,1482,1741,1443,533,707,1155,905,1749,614,611,303
B:AGTAA,720,0,979,1128,1752,1020,636,972,2606,1629,1185,1420,1039,420,646,989,754,1508,426,496,195
B:AGTAC,485,1,629,829,976,686,481,612,1933,1448,821,862,746,286,409,684,573,969,281,369,169
B:AGTAG,583,8,799,1006,1292,741,541,808,2377,1573,968,1121,938,349,504,803,644,1235,394,408,178
B:AGTAT,583,4,857,1044,1394,746,516,781,2274,1272,1005,1115,908,378,552,885,620,1344,346,405,154
B:AGTCA,662,5,1205,1239,1713,1058,834,1136,3683,2660,1420,1551,1344,515,663,1133,900,1698,555,537,290
B:AGTCC,468,9,873,1038,1092,782,673,785,2817,2277,1072,1105,1040,355,463,807,647,1215,451,380,222
B:AGTCG,80,0,148,214,231,144,140,141,462,453,189,189,194,70,88,118,96,225,93,83,62
B:AGTCT,687,4,1137,1366,1677,1071,827,1079,3575,2686,1438,1685,1364,459,662,1010,899,1729,566,603,292
B:AGTGA,783,0,1260,1342,1878,1089,879,1175,3916,2900,1495,1625,1467,565,787,1210,987,1792,596,612,302
B:AGTGC,467,3,948,1051,1344,872,727,920,2785,2685,1199,1095,1088,404,508,843,619,1373,569,410,249
B:AGTGG,670,4,1071,1426,1617,1006,920,1072,3839,3160,1458,1617,1400,486,665,1076,952,1636,646,527,338
B:AGTGT,648,3,1241,1392,1875,1146,939,1153,3819,3046,1454,1588,1399,499,715,1148,905,1827,607,598,266
B:AGTTA,632,0,912,1074,1577,945,640,856,2541,1542,1104,1234,988,394,597,878,676,1428,377,443,163
B:AGTTC,664,6,1197,1317,1581,1067,818,1021,3449,2670,1442,1431,1328,452,631,1058,779,1670,564,518,299
B:AGTTG,556,3,875,1079,1365,825,608,896,2776,1856,1044,1260,995,377,501,862,696,1308,413,424,207
B:AGTTT,853,7,1361,1696,2291,1420,917,1288,3889,2526,1596,1973,1535,661,902,1382,1061,2135,687,675,263
B:ATCAA,676,5,909,1124,1345,888,585,877,2787,1741,1054,1368,1046,381,569,907,708,1349,393,532,208
B:ATCAC,494,5,806,885,1168,681,541,762,2425,1579,894,1080,961,320,459,771,624,1141,383,377,181
B:ATCAG,615,8,978,1203,1480,899,706,933,3079,2020,1209,1439,1225,410,592,1066,789,1428,469,526,265
B:ATCAT,697,5,947,1071,1420,836,641,754,2555,1431,1038,1394,971,374,528,1000,806,1336,364,503,165
B:ATCCA,632,3,966,1298,1304,951,686,877,3451,2133,1166,1554,1197,401,568,1021,848,1401,480,502,257
B:ATCCC,512,2,833,1036,1166,805,698,773,3053,2486,1141,1340,1104,349,441,750,639,1130,436,411,244
B:ATCCG,74,0,134,173,228,150,122,127,442,420,175,206,223,71,71,120,105,190,79,71,65
B:ATCCT,691,9,1057,1285,1517,968,787,956,3612,2366,1349,1456,1265,418,621,1068,886,1453,527,531,270
B:ATCGA,60,0,121,201,163,94,115,96,384,267,135,150,162,64,87,121,92,155,55,59,45
B:ATCGC,66,1,107,139,158,107,100,85,336,308,125,160,137,47,74,91,76,159,54,40,36
B:ATCGG,61,0,110,113,165,106,102,104,378,311,140,171,171,57,72,86,91,144,75,60,47
B:ATCGT,63,0,132,164,217,108,117,131,430,289,180,211,156,72,86,97,111,211,61,74,34
B:ATCTA,571,6,848,1010,1346,754,548,737,2467,1352,988,1282,901,297,465,832,723,1338,374,431,137
B:ATCTC,622,15,1042,1203,1486,1002,706,980,3276,2440,1343,1540,1247,415,581,1007,810,1463,482,494,255
B:ATCTG,710,9,1259,1468,1764,1166,875,1133,3880,2807,1475,1699,1562,501,700,1218,944,1816,561,602,315
B:ATCTT,859,5,1256,1441,1878,1134,765,1168,3691,2237,1520,1749,1412,495,751,1167,919,1793,518,692,263
B:ATTAA,876,0,1267,1501,2028,1249,778,1212,3202,1834,1442,1838,1374,556,852,1223,884,1900,518,606,184
B:ATTAC,468,1,645,804,1138,688,437,638,1729,1044,772,964,706,267,427,650,482,1015,286,346,110
B:ATTAG,530,2,688,857,1212,711,403,688,1963,1071,798,1109,757,301,424,664,584,1085,292,397,117
B:ATTAT,813,1,1089,1271,1978,1045,679,1077,2910,1425,1247,1630,1074,496,726,1087,823,1689,451,605,169
B:ATTCA,768,6,1094,1372,1709,1038,774,1099,3381,1829,1213,1640,1325,486,713,1140,953,1744,521,588,180
B:ATTCC,665,9,863,1044,1233,847,624,901,2941,1772,1054,1380,1086,413,547,906,729,1329,429,484,220
B:ATTCG,88,0,128,162,192,107,98,122,366,258,136,169,138,52,77,88,103,158,60,66,31
B:ATTCT,942,10,1327,1555,2132,1321,875,1356,3995,2170,1515,1907,1493,530,852,1307,1056,2009,592,686,221
B:ATTGA,596,7,809,1002,1192,817,494,800,2388,1386,919,1253,959,353,492,809,631,1179,344,466,155
B:ATTGC,410,2,624,743,955,550,416,559,1886,1101,670,910,744,291,395,596,515,874,277,336,149
B:ATTGG,474,6,676,877,1046,614,471,612,2357,1352,843,1030,807,299,374,713,563,940,310,383,153
B:ATTGT,698,2,927,1219,1506,885,662,887,2845,1568,1035,1390,1025,396,597,874,798,1419,378,494,182
B:ATTTA,1060,2,1569,1723,2661,1602,983,1471,4121,2196,1716,2297,1572,665,982,1481,1097,2288,658,782,239
B:ATTTC,1005,6,1303,1632,2142,1286,906,1380,3818,2104,1513,2063,1487,615,934,1368,1038,2040,543,669,252
B:ATTTG,893,6,1295,1499,1905,1193,738,1218,3540,2011,1384,1877,1369,511,764,1315,1008,1904,545,658,229
B:ATTTT,1619,4,2317,2790,3933,2338,1401,2106,6183,3283,2645,3265,2269,978,1611,2273,1628,3426,912,1162,363
B:CACAA,750,5,1204,1493,1906,1153,909,1138,3926,2857,1379,1779,1383,470,738,1151,951,1802,582,569,260
B:CACAC,1181,6,2380,2358,3412,2462,1990,2173,8281,6848,3067,3601,3301,843,1208,2393,1717,4259,1211,1008,587
B:CACAG,947,4,1949,2181,2604,1675,1647,1825,6521,5978,2332,2724,2381,800,1090,1866,1483,3008,1026,886,555
B:CACAT,836,6,1441,1683,2090,1443,1140,1304,4584,3155,1624,2081,1735,536,828,1376,1082,2186,664,636,305
B:CACCA,705,7,1382,1548,1713,1268,1128,1145,4375,4041,1657,1688,1632,557,787,1215,979,1844,770,582,432
B:CACCC,579,0,996,1200,1293,870,975,887,3570,3476,1322,1472,1366,437,478,822,828,1408,738,453,373
B:CACCG,107,2,257,302,333,238,226,186,740,868,267,321,306,132,130,158,200,323,198,94,92
B:CACCT,691,10,1167,1339,1519,1025,965,1103,3949,3653,1458,1490,1543,519,660,956,889,1666,664,535,393
B:CACGA,103,0,202,227,267,177,224,180,612,655,263,304,237,94,118,160,149,288,133,89,56
B:CACGC,106,2,269,319,394,273,295,232,820,1014,367,340,344,131,152,187,189,397,203,101,100
B:CACGG,122,1,289,358,438,278,341,278,890,1166,393,406,372,153,174,211,214,427,199,125,133
B:CACGT,152,0,298,338,458,282,302,263,897,908,349,360,352,156,156,211,240,434,193,130,124
B:CACTA,474,0,771,879,1133,699,515,686,2325,1573,855,957,827,332,450,753,595,1093,357,372,168
B:CACTC,556,4,979,1101,1462,875,789,910,3285,2824,1242,1379,1232,412,589,915,748,1413,569,462,262
B:CACTG,780,2,1519,1818,2316,1404,1290,1560,5103,4668,1963,1992,1870,688,952,1442,1195,2347,950,716,451
B:CACTT,758,4,1250,1412,1803,1134,871,1164,3646,2725,1545,1598,1426,522,686,1166,924,1775,539,597,274
B:CATAA,696,3,936,1051,1484,913,557,874,2584,1446,1122,1385,1001,372,604,871,672,1436,393,463,150
B:CATAC,481,3,891,850,1127,844,586,672,2452,1696,965,1207,970,334,509,766,589,1230,344,377,191
B:CATAG,597,7,867,1023,1103,782,575,742,2649,1661,944,1208,964,302,509,855,714,1255,380,400,186
B:CATAT,739,4,1036,1240,1520,1038,638,854,3007,1549,1066,1612,1081,449,637,991,873,1485,374,487,129
B:CATCA,725,11,1149,1328,1590,985,818,1006,3473,2423,1337,1629,1357,435,603,1140,906,1574,508,573,305
B:CATCC,630,4,929,1250,1321,901,861,900,3500,2715,1288,1516,1297,416,526,917,794,1363,541,464,321
B:CATCG,69,0,167,217,243,161,189,166,557,501,217,266,213,88,96,138,150,236,101,66,71
B:CATCT,879,18,1419,1656,2143,1287,991,1313,4450,3367,1658,2036,1765,565,710,1327,1092,2084,638,696,370
B:CATGA,637,18,1055,1201,1532,1005,763,963,3360,2324,1259,1501,1234,478,572,1117,939,1635,509,581,235
B:CATGC,600,6,976,1085,1465,873,855,954,3146,2976,1224,1448,1169,427,572,956,767,1509,524,425,289
B:CATGG,717,0,1224,1322,1588,1115,1048,1099,4186,3461,1530,1741,1545,534,663,1132,970,1759,611,575,402
B:CATGT,720,4,1314,1399,1869,1184,1084,1178,4134,2830,1585,1797,1461,507,785,1259,966,1971,581,604,297
B:CATTA,565,4,865,985,1477,812,598,856,2387,1393,1001,1331,962,403,561,862,646,1345,399,435,151
B:CATTC,695,13,1010,1190,1448,864,719,999,3158,1951,1083,1449,1187,463,612,954,817,1535,470,490,202
B:CATTG,633,5,931,1121,1332,789,651,877,2951,1711,1036,1314,1178,372,506,809,778,1334,372,515,231
B:CATTT,1202,5,1660,1984,2848,1626,1151,1773,4961,2688,1960,2593,1979,755,1098,1777,1370,2560,681,864,302
B:CCCAA,703,5,1103,1433,1427,1107,882,1022,3905,2898,1401,1626,1397,447,600,1105,838,1558,610,551,306
B:CCCAC,681,3,1194,1496,1650,1111,1099,1064,4322,3987,1602,1836,1586,474,634,1038,907,1622,875,568,434
B:CCCAG,885,4,1715,2101,2164,1614,1641,1551,6371,6319,2423,2574,2470,763,843,1501,1343,2521,1109,779,684
B:CCCAT,633,10,1011,1166,1294,911,799,860,3419,2652,1197,1461,1325,421,538,904,851,1370,494,464,319
B:CCCCA,792,6,1386,1787,1852,1288,1240,1199,5042,4569,1815,2042,1884,591,683,1184,1095,1866,918,655,532
B:CCCCC,631,2,1032,1335,1335,945,1033,965,3671,3240,1325,1792,1444,422,482,816,806,1338,712,558,399
B:CCCCG,127,0,301,429,400,301,329,274,1033,1182,405,433,454,165,176,202,263,432,281,133,184
B:CCCCT,683,14,1058,1364,1427,958,1029,1094,3858,3343,1368,1783,1435,445,507,873,866,1538,719,521,409
B:CCCGA,114,0,231,299,314,258,271,175,804,840,316,286,339,107,120,158,166,334,202,87,112
B:CCCGC,122,1,279,398,328,282,297,226,866,1123,342,343,382,181,155,173,256,390,253,98,178
B:CCCGG,137,0,310,460,352,304,381,295,1056,1268,392,425,446,192,177,200,277,407,243,157,205
B:CCCGT,88,2,196,273,283,185,206,209,657,764,266,295,279,95,109,160,153,305,141,86,86
B:CCCTA,441,6,749,863,932,659,491,678,2273,1824,803,1016,860,293,333,660,547,1030,401,355,208
B:CCCTC,736,5,1244,1543,1651,1136,1176,1138,4533,3882,1634,1808,1711,489,607,1024,1031,1854,839,652,484
B:CCCTG,854,6,1532,1864,1938,1349,1427,1449,5324,5216,2179,2246,2022,709,776,1391,1156,2194,981,721,565
B:CCCTT,767,13,1180,1304,1559,1081,943,1115,3824,2873,1435,1731,1486,496,611,1068,916,1673,648,586,356
B:CCTAA,526,3,820,953,1169,776,507,748,2379,1620,880,1113,876,317,454,711,644,1209,348,386,194
B:CCTAC,403,6,671,779,973,593,496,631,2110,1776,816,896,878,265,331,608,504,938,357,359,179
B:CCTAG,548,3,847,919,1097,755,666,800,2766,2195,1025,1126,1012,336,469,789,631,1221,473,393,230
B:CCTAT,483,3,623,781,930,600,410,617,2164,1307,781,1022,800,257,390,663,546,1006,305,362,150
B:CCTCA,826,14,1354,1652,1805,1223,1099,1263,4569,3892,1708,1817,1730,633,735,1291,1039,1882,792,612,426
B:CCTCC,961,8,1545,1920,2026,1462,1427,1480,5510,5225,2162,2282,2133,667,809,1363,1303,2240,1030,748,594
B:CCTCG,147,0,306,364,380,269,320,249,955,1045,361,358,415,140,147,200,234,400,199,120,111
B:CCTCT,973,17,1693,1873,2224,1528,1365,1554,5800,4916,2186,2457,2293,714,878,1491,1442,2405,926,838,541
B:CCTGA,703,7,1371,1556,1820,1206,1152,1235,4538,3945,1808,1792,1656,581,709,1257,1049,1830,887,685,418
B:CCTGC,728,6,1311,1643,1757,1194,1326,1314,4574,5007,1841,2122,1784,610,734,1083,1065,2021,890,597,535
B:CCTGG,943,3,1669,2141,2076,1691,1595,1576,6055,6193,2436,2452,2350,781,908,1520,1269,2394,1106,762,724
B:CCTGT,831,5,1420,1697,1928,1306,1236,1368,4815,4273,1887,2011,1752,604,796,1455,1061,2106,769,630,434
B:CCTTA,588,6,822,969,1208,742,600,837,2413,1717,952,1137,971,362,507,806,656,1191,366,442,199
B:CCTTC,798,8,1452,1581,1865,1271,1123,1353,4882,3579,1674,1985,1874,613,728,1240,1142,2113,742,707,393
B:CCTTG,712,5,1215,1375,1561,1074,948,1112,4083,3252,1493,1688,1527,501,647,1158,922,1730,653,566,357
B:CCTTT,1062,17,1573,1882,2343,1493,1077,1603,4749,3371,1877,2156,1851,679,944,1507,1234,2327,757,776,426
B:CGCAA,65,2,110,152,187,103,104,82,344,294,129,149,138,59,68,80,88,153,81,52,37
B:CGCAC,80,1,203,255,294,175,239,182,574,859,250,242,239,104,109,132,141,328,129,67,86
B:CGCAG,107,0,261,326,364,241,278,265,776,954,362,349,369,145,151,161,195,375,201,91,130
B:CGCAT,82,5,139,168,218,130,153,148,421,560,166,203,149,68,70,104,101,222,101,61,56
B:CGCCA,128,2,219,301,287,224,248,199,728,844,318,307,308,113,124,184,191,329,144,103,114
B:CGCCC,122,0,235,336,301,277,282,196,800,1098,335,347,352,182,150,165,237,359,244,105,156
B:CGCCG,55,0,132,230,132,124,109,102,386,523,152,126,206,144,114,97,143,149,142,45,107
B:CGCCT,125,0,289,351,335,272,256,238,867,1002,347,348,377,146,147,188,198,351,195,94,129
B:CGCGA,25,0,36,80,61,40,64,34,128,175,57,44,92,31,27,35,51,65,54,17,35
B:CGCGC,79,0,123,222,163,115,131,128,483,542,161,140,184,91,99,83,166,194,170,52,103
B:CGCGG,48,0,109,201,134,136,130,101,338,492,135,124,159,96,98,82,130,145,149,51,99
B:CGCGT,28,0,58,79,110,49,63,43,183,262,93,52,83,46,30,38,47,94,83,16,29
B:CGCTA,57,2,127,121,153,89,93,97,309,314,149,148,140,60,63,75,79,145,49,43,30
B:CGCTC,92,0,221,299,302,221,239,186,658,778,285,286,294,133,140,184,148,296,187,89,112
B:CGCTG,130,0,319,392,436,272,331,273,915,1141,380,402,401,158,202,224,244,472,256,115,151
B:CGCTT,87,0,169,213,256,169,162,158,524,532,242,259,232,102,94,119,139,253,128,87,72
B:CGTAA,68,1,122,126,213,101,91,122,330,285,135,159,124,54,80,105,91,225,59,53,31
B:CGTAC,56,0,113,113,144,82,99,105,259,288,119,110,119,45,47,82,77,122,51,37,33
B:CGTAG,65,0,125,151,195,119,95,102,414,375,168,187,180,63,69,113,115,208,85,78,60
B:CGTAT,60,0,112,120,218,101,88,112,362,308,133,182,131,56,73,102,99,177,56,56,27
B:CGTCA,76,0,189,193,269,171,170,164,540,557,184,219,216,86,83,116,133,265,104,95,54
B:CGTCC,81,0,166,245,264,163,194,189,583,659,253,227,237,94,123,145,118,316,157,85,91
B:CGTCG,24,0,51,60,72,43,62,29,143,161,78,75,84,32,28,41,56,61,45,20,30
B:CGTCT,82,1,229,221,337,220,215,240,659,811,283,279,273,104,109,200,151,308,147,104,73
B:CGTGA,102,0,199,235,340,192,215,211,699,701,258,294,267,104,129,166,175,323,133,85,75
B:CGTGC,106,0,241,284,342,241,288,237,739,912,311,308,294,124,140,167,168,348,184,93,89
B:CGTGG,149,1,303,373,419,280,349,236,924,1132,428,401,412,169,177,196,218,418,238,137,138
B:CGTGT,126,2,315,349,456,298,310,269,858,997,375,407,331,136,154,240,231,457,174,130,111
B:CGTTA,64,0,115,148,196,116,80,109,310,271,159,185,118,58,66,107,84,215,58,49,48
B:CGTTC,81,0,187,197,277,162,167,162,533,549,215,221,187,105,95,157,145,270,116,74,50
B:CGTTG,82,0,160,179,229,141,129,129,460,420,190,222,166,59,74,132,108,212,90,77,41
B:CGTTT,118,3,241,264,385,215,182,225,680,524,308,317,279,132,133,186,159,386,132,117,74
B:CTCAA,731,14,1105,1379,1598,1037,807,1074,3530,2497,1441,1543,1323,466,629,1113,858,1494,565,549,249
B:CTCAC,661,5,1246,1380,1697,1153,942,1068,4146,3612,1601,1637,1590,568,657,1035,945,1753,665,554,350
B:CTCAG,955,8,1907,2113,2484,1716,1495,1692,6120,5591,2366,2389,2235,817,1031,1625,1367,2591,1085,869,583
B:CTCAT,707,15,1073,1247,1578,1002,789,1033,3413,2402,1286,1656,1318,487,592,1019,902,1575,505,536,268
B:CTCCA,906,9,1465,1785,1979,1361,1255,1367,5046,4213,1944,2105,1920,600,781,1305,1189,2109,835,653,477
B:CTCCC,782,8,1443,1720,1828,1331,1278,1369,5017,4295,1878,2045,1946,617,714,1261,1148,2123,939,696,524
B:CTCCG,121,0,328,327,371,277,296,233,873,927,360,381,377,144,153,208,232,364,208,114,143
B:CTCCT,1052,15,1670,1926,2261,1518,1424,1659,5643,5059,2124,2474,2192,755,893,1543,1394,2334,945,811,559
B:CTCGA,113,0,209,247,265,209,179,170,610,649,256,209,204,104,92,181,152,264,112,87,64
B:CTCGC,99,0,182,247,267,166,246,170,599,714,253,254,279,126,129,139,148,287,172,91,86
B:CTCGG,116,0,325,386,416,294,318,251,1045,1124,405,376,447,156,130,225,245,445,212,115,143
B:CTCGT,94,0,191,210,299,184,191,172,546,613,271,256,219,95,109,164,149,302,116,85,58
B:CTCTA,589,4,938,1145,1493,868,663,967,2975,2143,1205,1416,1212,441,518,955,806,1442,523,539,233
B:CTCTC,1098,6,2095,2002,2441,1827,1416,1777,6332,4438,2359,2927,2759,786,951,1589,1763,2863,971,949,458
B:CTCTG,1108,9,2176,2420,2785,1977,1717,1927,7241,6310,2708,3097,2794,867,1161,1892,1735,3046,1195,1023,646
B:CTCTT,1021,14,1715,1778,2467,1595,1142,1568,5031,4012,2024,2294,2050,677,921,1463,1309,2426,799,804,420
B:CTTAA,714,4,1057,1221,1721,1074,671,1064,2700,1827,1319,1522,1152,464,692,1074,743,1597,429,552,218
B:CTTAC,477,4,757,818,1233,785,547,751,2195,1689,938,1060,887,321,477,685,600,1162,364,388,173
B:CTTAG,564,5,925,1043,1385,832,680,877,2639,1987,1068,1276,1058,405,547,870,685,1406,433,484,236
B:CTTAT,583,1,890,956,1327,788,508,863,2345,1252,948,1246,890,343,516,834,641,1244,336,444,128
B:CTTCA,874,4,1423,1676,2073,1360,1040,1462,4412,3156,1696,1964,1721,632,841,1457,1102,2071,660,688,340
B:CTTCC,990,13,1738,1934,2357,1543,1275,1610,5407,4520,2071,2380,2150,704,875,1431,1376,2481,952,871,451
B:CTTCG,122,3,210,263,291,180,174,172,644,571,268,252,249,115,118,171,163,241,118,90,74
B:CTTCT,1144,17,1811,2117,2641,1710,1337,1755,5839,4584,2324,2658,2448,772,987,1722,1530,2744,933,919,483
B:CTTGA,659,5,1077,1238,1566,1004,788,1018,3420,2373,1327,1354,1270,409,606,1064,831,1533,517,585,262
B:CTTGC,555,2,961,1155,1395,827,797,897,3169,2536,1259,1392,1207,433,536,816,756,1455,500,439,277
B:CTTGG,735,12,1254,1498,1631,1161,1018,1195,4261,3431,1621,1776,1666,555,684,1247,977,1764,691,602,369
B:CTTGT,768,3,1231,1338,1718,1101,818,1071,3562,2762,1343,1569,1295,484,687,1071,906,1699,576,557,260
B:CTTTA,840,4,1361,1598,2117,1323,849,1283,3535,2497,1618,1864,1450,572,851,1268,983,2062,628,637,283
B:CTTTC,1094,12,1707,1917,2394,1564,1144,1556,5137,3264,1902,2259,1864,654,967,1507,1330,2434,815,892,389
B:CTTTG,952,9,1530,1891,2252,1375,1042,1417,4716,3405,1820,2056,1847,620,902,1462,1169,2144,692,746,393
B:CTTTT,1317,14,1982,2308,3149,1903,1263,1869,5362,3528,2350,2648,2084,793,1185,1842,1352,2947,794,968,375
B:GACAA,624,4,955,1136,1415,855,645,901,3020,2168,1120,1293,1127,399,542,901,756,1446,453,446,251
B:GACAC,472,6,916,1046,1271,844,796,817,3014,2677,1025,1270,1116,411,477,878,699,1368,430,389,244
B:GACAG,761,8,1599,1713,1973,1365,1199,1361,4736,4549,1822,2026,1847,603,822,1326,1128,2110,797,693,465
B:GACAT,562,6,906,951,1325,779,634,804,2901,1955,1088,1211,1005,371,503,815,699,1340,409,430,216
B:GACCA,479,7,874,1072,1121,758,728,791,2957,2418,1083,1244,1062,392,477,814,652,1214,501,394,286
B:GACCC,364,1,659,842,853,689,636,579,2534,2314,917,1056,918,272,348,631,529,946,433,337,266
B:GACCG,61,0,153,197,206,140,159,110,452,534,179,174,218,91,90,100,131,258,89,61,91
B:GACCT,466,1,849,959,1135,840,730,749,3020,2621,1174,1213,1110,372,471,799,640,1256,518,429,293
B:GACGA,79,0,158,179,261,120,143,156,429,398,199,193,187,58,86,119,102,201,86,73,57
B:GACGC,47,0,140,158,214,138,153,121,438,634,199,189,199,87,82,107,111,223,135,59,56
B:GACGG,73,0,173,219,226,171,192,178,580,648,227,223,236,94,90,138,114,277,130,95,75
B:GACGT,64,1,164,163,241,169,153,167,476,508,172,195,189,77,85,137,130,250,102,77,60
B:GACTA,416,2,569,709,854,513,404,541,1785,1151,717,819,618,253,337,605,471,901,271,297,128
B:GACTC,399,5,805,898,1087,701,606,712,2584,2100,975,1044,972,356,416,651,575,1063,436,375,215
B:GACTG,528,5,1057,1131,1374,967,803,997,3292,2837,1269,1387,1208,453,606,923,754,1515,497,473,295
B:GACTT,553,6,931,1117,1396,871,662,889,2875,1986,1158,1280,1140,338,517,889,741,1389,460,457,228
B:GATAA,501,1,709,863,1188,646,459,740,2134,1152,876,1077,834,293,463,685,570,1144,301,407,137
B:GATAC,358,4,551,630,754,441,328,471,1605,938,613,741,630,203,334,545,413,740,232,260,111
B:GATAG,419,1,649,740,962,578,443,591,2048,1266,817,1060,711,248,364,603,546,981,232,356,150
B:GATAT,514,9,661,885,967,602,435,588,2075,913,717,1059,780,303,397,650,611,967,255,388,88
B:GATCA,455,4,703,790,956,630,479,568,2139,1343,766,961,795,265,393,702,552,985,286,359,168
B:GATCC,354,2,603,781,829,610,459,492,2226,1629,791,935,770,250,360,586,532,814,315,319,167
B:GATCG,60,1,100,138,148,83,97,84,319,278,126,114,140,50,78,103,71,126,57,51,37
B:GATCT,461,5,892,991,1080,820,610,760,2742,1936,1040,1118,1044,319,476,850,659,1167,428,411,194
B:GATGA,690,7,951,1153,1462,811,752,908,2978,2040,1050,1375,1155,357,519,912,792,1345,423,452,252
B:GATGC,441,6,724,895,1106,656,597,742,2537,1938,981,1114,1003,324,405,743,584,1067,415,376,259
B:GATGG,611,16,1099,1316,1414,1049,865,959,3670,3054,1401,1637,1390,469,528,1011,857,1518,526,528,337
B:GATGT,560,4,890,1087,1316,820,645,774,2798,1973,1071,1318,1084,354,483,856,709,1328,424,444,219
B:GATTA,429,0,644,762,1081,615,374,623,1849,1115,833,936,696,286,407,635,493,1000,298,325,125
B:GATTC,410,5,637,725,946,660,466,604,2157,1280,850,953,816,264,377,753,527,891,320,321,161
B:GATTG,362,4,579,691,875,548,403,545,1903,1413,690,856,688,249,338,606,427,782,288,304,158
B:GATTT,779,4,1114,1365,1720,1084,685,1040,3073,1925,1316,1545,1207,438,744,1079,832,1651,509,603,225
B:GCCAA,495,2,826,1012,1124,770,682,868,2664,2179,1065,1155,1006,334,456,770,639,1178,432,418,240
B:GCCAC,511,4,946,1083,1208,843,886,857,3111,3288,1258,1262,1281,424,544,864,759,1353,558,436,350
B:GCCAG,727,0,1347,1715,1707,1265,1299,1244,4714,4639,1895,1989,1801,613,742,1092,1017,2086,864,649,585
B:GCCAT,570,5,949,1149,1332,895,803,932,3144,2660,1220,1296,1164,450,540,851,764,1375,481,481,320
B:GCCCA,576,6,952,1273,1231,896,982,896,3485,3524,1356,1480,1352,444,518,932,768,1487,669,440,417
B:GCCCC,455,5,787,1089,1037,778,844,745,2956,3065,1080,1211,1162,386,391,630,717,1156,574,341,420
B:GCCCG,110,1,243,375,273,266,309,232,796,1081,340,306,370,179,146,166,228,365,228,107,165
B:GCCCT,589,6,1035,1267,1303,990,951,973,3561,3520,1484,1468,1376,486,560,953,806,1441,721,506,407
B:GCCGA,74,0,185,206,226,163,158,140,534,612,217,228,203,102,87,136,140,221,134,87,93
B:GCCGC,130,0,260,368,303,260,283,248,718,1009,306,294,333,198,167,174,237,361,240,97,172
B:GCCGG,83,0,250,358,308,239,237,237,856,1001,312,296,368,166,163,169,218,297,224,102,144
B:GCCGT,63,1,193,212,268,157,194,161,537,709,218,231,230,98,97,145,120,243,127,73,85
B:GCCTA,416,1,584,690,818,547,464,573,2065,1542,750,819,681,231,355,580,487,880,306,292,160
B:GCCTC,655,9,1170,1503,1525,1131,1011,1066,4088,4077,1620,1672,1652,626,634,995,920,1679,784,534,438
B:GCCTG,671,6,1326,1726,1793,1333,1363,1297,4771,5121,1993,1960,1863,607,756,1210,1017,1959,937,578,581
B:GCCTT,667,5,1165,1367,1553,1000,885,1163,3658,3132,1397,1535,1418,505,621,1055,884,1728,582,546,342
B:GCTAA,444,2,692,788,1107,624,487,717,1968,1453,800,1056,760,331,423,642,564,1043,309,374,146
B:GCTAC,394,3,636,744,856,614,500,640,1948,1709,745,844,760,279,348,557,483,938,319,318,162
B:GCTAG,440,0,702,775,967,582,517,643,2250,1775,902,971,862,282,423,639,598,1023,409,382,201
B:GCTAT,533,2,741,832,964,620,464,684,2195,1419,822,1032,813,279,449,626,591,1044,275,331,157
B:GCTCA,588,5,1183,1297,1604,1053,910,1076,3658,3367,1426,1580,1380,507,599,953,820,1685,647,530,342
B:GCTCC,491,8,1008,1188,1273,885,967,878,3303,3194,1231,1406,1313,462,520,855,817,1339,629,452,377
B:GCTCG,78,0,211,243,264,199,236,157,581,720,288,257,255,121,99,164,164,270,150,93,97
B:GCTCT,692,4,1369,1477,1860,1213,1089,1241,4200,4023,1704,1824,1697,598,680,1127,1011,1941,834,618,402
B:GCTGA,585,3,1223,1407,1646,1058,979,1167,3786,3340,1493,1626,1432,527,688,1186,923,1778,641,574,379
B:GCTGC,577,1,1197,1442,1627,1050,1119,1123,3629,4153,1442,1834,1420,554,647,988,933,1687,761,470,472
B:GCTGG,764,1,1503,1836,1928,1470,1455,1315,5310,5427,2164,2101,1950,701,796,1201,1102,2163,1047,643,612
B:GCTGT,623,2,1315,1552,1884,1187,1154,1283,4059,4100,1599,1813,1662,586,770,1125,1021,1945,732,579,409
B:GCTTA,396,1,682,730,1114,659,467,697,1835,1368,825,985,779,308,421,686,481,1034,302,350,149
B:GCTTC,637,3,1068,1299,1481,932,799,1037,3250,2868,1361,1517,1347,479,597,998,845,1537,599,528,324
B:GCTTG,508,6,986,1091,1378,863,748,913,3002,2566,1189,1353,1170,427,534,916,719,1378,528,463,263
B:GCTTT,755,9,1300,1534,2040,1158,925,1273,3860,3100,1563,1777,1498,585,771,1178,1009,1974,630,621,339
B:GGCAA,522,1,857,1008,1249,716,644,828,2803,2071,1097,1154,1057,381,498,798,655,1244,419,409,224
B:GGCAC,394,1,753,971,1006,660,730,725,2578,2569,1037,1122,1003,307,417,641,605,1138,442,346,286
B:GGCAG,810,4,1485,1862,1953,1434,1417,1511,5153,5393,2113,2272,1995,729,809,1322,1130,2207,1047,676,598
B:GGCAT,542,6,778,1056,1136,776,692,827,2834,2151,1028,1239,1114,366,455,875,645,1224,421,425,266
B:GGCCA,641,2,1104,1371,1333,1044,1067,1015,3830,3803,1536,1510,1477,483,620,895,828,1525,706,513,453
B:GGCCC,450,5,705,999,834,708,810,695,2716,2798,1042,1106,1042,369,366,631,626,1055,556,335,406
B:GGCCG,104,0,289,352,290,254,279,243,826,1063,324,331,329,147,169,198,193,326,229,110,168
B:GGCCT,567,5,1003,1415,1395,1017,1022,1016,3766,3839,1386,1431,1396,491,591,904,885,1516,717,496,457
B:GGCGA,93,2,158,211,205,151,164,137,515,577,232,239,204,94,102,126,130,227,126,79,83
B:GGCGC,91,0,195,305,223,206,239,183,611,881,273,249,294,147,143,147,183,278,181,75,159
B:GGCGG,156,0,321,459,367,336,289,252,1015,1266,380,388,458,242,176,224,306,409,274,110,194
B:GGCGT,89,0,202,244,260,204,203,163,639,744,267,252,286,103,112,137,150,274,144,83,70
B:GGCTA,516,1,776,870,985,658,571,730,2387,2097,912,981,896,301,434,696,594,1105,397,387,215
B:GGCTC,467,9,1029,1204,1314,921,981,912,3491,3488,1405,1462,1384,501,479,851,785,1462,700,457,384
B:GGCTG,726,6,1471,1762,1928,1447,1401,1346,5086,5429,2048,1954,1973,699,808,1274,1150,2181,916,653,619
B:GGCTT,621,9,1089,1303,1532,998,840,1046,3405,2991,1433,1510,1344,488,595,1005,856,1635,589,532,338
B:GGTAA,464,1,648,751,1062,666,455,624,1967,1366,814,911,788,247,391,580,472,953,312,321,147
B:GGTAC,300,3,490,605,632,488,420,480,1617,1279,614,643,648,213,309,446,397,671,268,247,143
B:GGTAG,427,6,657,840,971,612,521,680,2272,1804,838,979,987,307,363,655,548,984,434,351,193
B:GGTAT,412,1,627,688,857,621,387,537,1935,1154,666,856,704,244,401,602,475,840,273,316,133
B:GGTCA,446,3,839,952,1136,740,713,788,3007,2411,1079,1177,1057,351,490,749,647,1218,494,402,261
B:GGTCC,349,1,659,835,828,629,651,561,2435,2298,893,1066,900,310,336,580,547,988,382,327,297
B:GGTCG,67,0,129,165,191,130,120,87,363,458,165,150,170,54,65,127,88,174,124,45,58
B:GGTCT,508,5,910,1120,1159,928,769,793,3161,2719,1217,1294,1181,413,495,887,671,1295,540,447,321
B:GGTGA,504,6,953,1050,1244,792,696,833,3074,2553,1116,1175,1173,408,476,775,749,1264,536,401,306
B:GGTGC,313,0,633,784,875,601,711,589,2255,2462,871,891,885,287,367,593,539,999,413,308,267
B:GGTGG,764,3,1276,1525,1522,1162,1160,1087,4248,4100,1619,1720,1682,555,736,995,915,1632,931,561,457
B:GGTGT,501,10,941,1030,1217,845,728,812,3059,2923,1097,1185,1109,396,476,788,693,1346,491,395,262
B:GGTTA,399,1,654,723,892,547,394,549,1878,1330,775,863,711,241,374,595,441,868,302,288,130
B:GGTTC,451,3,721,830,954,641,612,657,2288,1859,896,977,908,281,401,678,532,1063,397,344,240
B:GGTTG,447,3,835,941,1052,780,601,719,2674,2128,937,1082,980,304,497,667,528,1054,413,376,212
B:GGTTT,693,4,1148,1345,1531,1111,746,1100,3476,2549,1370,1505,1310,449,648,1072,864,1735,495,605,262
B:GTCAA,428,2,719,783,984,669,456,627,2146,1345,785,906,777,321,406,654,555,933,328,354,163
B:GTCAC,454,2,802,879,1196,713,735,787,2841,2502,961,1087,1018,357,505,779,642,1269,403,387,259
B:GTCAG,544,2,1125,1181,1547,947,895,1083,3528,3064,1359,1470,1277,465,586,956,832,1573,649,516,311
B:GTCAT,482,6,820,898,1210,721,557,759,2587,1692,930,1086,927,332,428,790,611,1179,346,326,186
B:GTCCA,433,3,746,967,1030,684,703,726,2659,2198,966,1128,929,363,433,706,601,1137,412,392,248
B:GTCCC,409,11,869,1025,1036,712,741,655,2918,2727,1000,1120,1095,330,403,703,629,1162,483,374,287
B:GTCCG,46,1,133,192,158,132,115,125,441,472,169,178,191,69,78,101,100,216,93,56,73
B:GTCCT,606,5,1122,1264,1460,1022,902,999,3594,3293,1452,1507,1329,493,597,1013,815,1653,578,473,341
B:GTCGA,49,0,84,122,154,88,81,75,277,237,113,108,106,34,40,90,58,128,43,48,24
B:GTCGC,68,0,115,155,142,97,113,80,327,413,142,148,165,76,62,75,92,161,104,42,62
B:GTCGG,64,1,153,199,227,157,159,118,472,507,191,191,213,79,88,127,113,223,136,74,71
B:GTCGT,64,0,133,137,198,114,120,120,377,384,163,175,152,41,74,114,100,165,88,52,51
B:GTCTA,431,4,628,765,967,644,438,620,2096,1680,821,1027,782,272,404,651,512,997,339,342,164
B:GTCTC,614,5,1113,1166,1399,1045,825,989,3497,2916,1370,1446,1371,440,548,961,874,1497,561,539,320
B:GTCTG,568,7,1152,1401,1634,1080,988,1069,3901,3516,1487,1681,1479,488,653,1088,871,1806,628,576,381
B:GTCTT,689,3,1201,1362,1612,1098,816,1046,3440,2554,1420,1558,1349,469,646,1025,832,1656,557,535,288
B:GTTAA,530,0,754,898,1284,786,510,737,2005,1348,904,1054,802,346,487,740,539,1152,327,359,156
B:GTTAC,350,0,567,607,914,539,391,498,1558,1079,677,729,589,220,353,566,371,827,257,247,110
B:GTTAG,394,3,651,764,973,605,415,562,1870,1315,758,881,681,247,364,612,537,997,297,304,135
B:GTTAT,447,1,690,873,1078,636,409,623,1925,1036,811,1007,765,284,442,656,495,1009,289,334,117
B:GTTCA,620,2,1044,1072,1409,902,704,913,2932,2201,1198,1271,1148,402,550,911,704,1455,464,429,227
B:GTTCC,543,2,887,1025,1219,794,720,772,2864,2258,1112,1194,1095,387,484,797,663,1264,418,432,263
B:GTTCG,63,2,134,157,158,125,126,114,354,356,162,160,141,72,54,103,85,177,85,65,41
B:GTTCT,714,5,1241,1454,1750,1140,938,1140,3684,2758,1442,1643,1409,478,727,1219,911,1816,652,598,331
B:GTTGA,432,5,685,868,1000,667,480,666,2230,1308,829,1000,792,287,418,660,538,961,326,352,157
B:GTTGC,351,2,597,659,868,508,442,571,1799,1453,723,817,697,239,352,526,438,835,299,259,127
B:GTTGG,471,0,798,1060,1125,778,621,798,2701,2101,966,1111,949,288,430,779,610,1160,391,388,208
B:GTTGT,500,3,957,1044,1385,891,662,796,2768,2024,1070,1229,1034,357,625,890,640,1297,410,448,220
B:GTTTA,581,2,889,1102,1567,914,641,862,2446,1593,1051,1287,992,373,610,879,660,1431,387,486,175
B:GTTTC,661,9,1100,1331,1604,1046,743,1031,3376,2254,1335,1515,1311,501,624,1017,891,1745,540,548,256
B:GTTTG,701,4,1122,1420,1780,1142,831,1148,3594,2580,1437,1675,1392,524,673,1131,868,1758,542,597,246
B:GTTTT,1110,10,1802,2019,2791,1872,1116,1590,4738,3293,2104,2423,1825,736,1151,1715,1285,2658,781,845,329
B:TACAA,700,4,1051,1296,1687,958,709,968,2936,1786,1138,1435,1041,457,677,1059,778,1487,415,518,198
B:TACAC,485,2,937,991,1331,990,697,781,2752,2209,1072,1228,1040,402,536,850,679,1344,468,406,201
B:TACAG,732,5,1198,1382,1936,1186,920,1183,3722,2991,1550,1617,1410,526,753,1188,929,1856,597,575,288
B:TACAT,801,1,1241,1326,1886,1217,860,1049,3502,2084,1392,1826,1286,501,871,1119,955,1791,500,607,185
B:TACCA,555,6,837,941,1282,820,540,817,2573,1707,983,1089,1038,355,513,755,630,1224,393,411,181
B:TACCC,374,2,634,741,832,598,516,567,2068,1609,750,972,837,245,339,542,472,828,405,325,195
B:TACCG,58,0,106,124,184,114,110,88,356,313,145,135,137,62,74,98,97,172,74,68,41
B:TACCT,615,3,844,1078,1223,854,616,848,2792,1974,1054,1193,1111,349,538,888,693,1224,416,431,199
B:TACGA,43,0,96,97,172,93,79,104,293,234,132,136,123,53,57,98,90,159,47,55,28
B:TACGC,57,0,86,97,147,74,78,70,288,253,123,115,97,46,41,75,77,134,60,36,24
B:TACGG,50,1,131,133,188,102,93,110,340,367,144,165,161,43,69,103,100,184,59,62,52
B:TACGT,99,0,158,183,263,134,124,157,444,401,156,222,173,76,102,125,115,256,85,71,47
B:TACTA,508,3,645,789,1172,669,407,568,1754,919,832,892,733,253,428,691,487,981,259,326,96
B:TACTC,458,2,625,760,950,629,444,641,1929,1381,743,913,730,296,394,653,535,995,286,355,164
B:TACTG,643,3,951,1164,1522,860,665,917,2746,1855,1130,1280,1035,411,569,941,707,1486,445,488,234
B:TACTT,762,5,1042,1295,1770,1034,660,1046,2760,1766,1274,1431,1134,471,720,1076,862,1593,457,508,202
B:TATAA,797,0,1223,1364,1949,1155,725,1018,3026,1567,1321,1711,1092,464,803,1179,846,1777,462,615,162
B:TATAC,511,1,718,878,1184,724,446,628,2088,1140,881,1102,707,335,528,687,584,1108,298,346,110
B:TATAG,570,0,804,899,1155,740,491,721,2269,1358,932,1135,872,324,494,745,620,1248,340,381,117
B:TATAT,1068,1,1753,1848,2440,1563,1004,1157,4130,1964,1606,2524,1347,674,1063,1400,1134,2321,547,755,167
B:TATCA,566,3,790,969,1245,740,525,737,2335,1220,908,1216,893,371,505,830,684,1210,323,433,151
B:TATCC,432,7,612,773,867,559,415,576,2141,1196,704,950,786,232,348,579,525,856,268,342,140
B:TATCG,47,0,80,119,135,76,68,66,281,158,103,137,108,47,67,54,53,141,27,58,17
B:TATCT,747,5,1088,1258,1624,891,655,1012,3104,1694,1307,1634,1167,396,639,1020,878,1625,401,578,178
B:TATGA,632,5,927,1042,1268,804,539,798,2541,1420,1006,1344,954,383,564,902,712,1395,365,424,161
B:TATGC,474,2,687,789,986,635,457,617,2045,1224,777,1045,747,298,391,636,533,1003,284,347,116
B:TATGG,528,5,804,893,1028,719,502,697,2348,1522,889,1088,879,284,456,677,635,1084,298,372,190
B:TATGT,877,5,1311,1437,1952,1417,855,1031,3760,2186,1424,1933,1434,492,848,1267,967,1923,544,584,188
B:TATTA,788,0,1017,1233,1768,1088,616,990,2606,1316,1131,1529,1056,445,687,969,773,1557,383,588,129
B:TATTC,611,3,844,1027,1385,825,491,864,2456,1243,895,1256,913,356,528,803,715,1289,369,478,131
B:TATTG,556,3,777,1024,1205,715,476,688,2338,1167,817,1176,849,358,506,748,619,1098,349,425,127
B:TATTT,1413,2,2111,2412,3488,2165,1233,1850,5585,3000,2273,3055,2015,888,1340,2008,1514,3061,857,1031,329
B:TCCAA,694,9,1043,1331,1543,945,716,964,3430,2184,1271,1574,1309,435,614,1082,850,1521,473,546,258
B:TCCAC,601,2,967,1308,1362,837,859,926,3323,2754,1204,1385,1227,458,595,834,805,1435,541,497,309
B:TCCAG,893,7,1568,1937,2088,1545,1259,1456,5263,4493,2096,2152,1988,709,846,1410,1194,2237,963,693,485
B:TCCAT,774,7,1124,1369,1572,1104,847,1104,3903,2449,1389,1839,1400,484,681,1120,972,1684,482,595,284
B:TCCCA,866,7,1514,1777,1932,1461,1231,1366,5334,4396,1949,2150,2008,632,797,1356,1166,2132,830,696,453
B:TCCCC,675,12,1143,1449,1585,1011,1019,1055,4089,3376,1450,1816,1532,476,555,979,897,1616,731,569,414
B:TCCCG,129,2,270,363,362,263,291,245,899,1012,325,378,363,138,144,190,213,372,194,110,136
B:TCCCT,883,10,1571,1745,1994,1359,1188,1439,5122,3936,1905,2102,1959,610,757,1397,1219,2264,832,777,460
B:TCCGA,75,1,167,207,258,159,147,148,558,465,212,227,232,82,92,139,132,219,101,68,58
B:TCCGC,68,1,162,220,256,186,159,151,503,626,227,239,247,111,96,125,153,224,129,76,107
B:TCCGG,114,0,261,304,250,226,226,178,710,671,266,290,300,126,124,156,154,295,148,101,111
B:TCCGT,92,0,203,223,277,194,190,192,593,644,250,269,258,88,99,147,144,322,123,107,85
B:TCCTA,611,7,939,1083,1402,840,637,868,2884,2001,1144,1332,1105,389,559,881,738,1416,429,472,206
B:TCCTC,990,15,1496,1698,2056,1359,1260,1463,5019,4246,1917,2154,1971,672,772,1425,1306,2059,804,717,479
B:TCCTG,953,5,1731,2044,2261,1618,1516,1626,5861,5390,2283,2516,2142,725,915,1645,1352,2488,1011,807,557
B:TCCTT,1075,14,1692,1898,2446,1493,1156,1632,5293,3543,1903,2376,2014,707,958,1627,1390,2471,791,875,397
B:TCTAA,644,6,980,1198,1585,932,646,939,2831,1670,1169,1483,1123,407,625,1003,805,1547,460,506,187
B:TCTAC,514,8,757,945,1311,796,537,771,2597,1916,940,1135,1022,381,524,796,651,1266,482,424,212
B:TCTAG,609,4,900,1118,1386,823,634,885,2864,2064,1155,1391,1149,352,507,913,748,1338,476,472,211
B:TCTAT,696,2,969,1173,1467,935,645,955,2918,1644,1198,1636,1046,379,592,1027,863,1558,389,513,169
B:TCTCA,907,15,1495,1707,2132,1418,1114,1417,4859,3468,1959,2071,1863,650,835,1416,1241,2094,744,703,383
B:TCTCC,856,13,1506,1663,1940,1358,1166,1461,4874,3819,1833,2144,1913,592,733,1331,1191,2175,796,687,463
B:TCTCG,116,0,208,266,308,217,204,193,691,719,296,297,275,125,115,183,171,338,129,88,85
B:TCTCT,1496,7,2700,2657,3331,2447,1671,2277,7894,5266,3004,3791,3371,968,1321,2150,2235,3650,1146,1297,524
B:TCTGA,887,17,1653,1805,2320,1502,1129,1450,4886,3807,1938,2138,1888,632,949,1491,1219,2242,777,766,428
B:TCTGC,756,8,1373,1636,1946,1310,1073,1426,4598,4132,1793,2111,1837,604,779,1268,1067,2057,779,679,450
B:TCTGG,821,6,1471,1786,1920,1367,1238,1383,5196,4138,1916,2109,2017,620,783,1380,1178,2197,831,743,470
B:TCTGT,1115,15,2003,2195,2752,1840,1473,1763,6295,5012,2332,2679,2399,771,1107,1862,1538,3033,960,942,503
B:TCTTA,787,4,1206,1342,1832,1153,723,1139,3175,2124,1412,1671,1262,492,740,1091,842,1768,476,598,217
B:TCTTC,1018,11,1638,1873,2418,1611,1220,1585,5093,4188,2073,2366,2122,678,912,1522,1334,2356,818,842,393
B:TCTTG,829,9,1282,1444,1794,1159,934,1180,4043,2860,1530,1686,1557,511,717,1158,1015,1824,625,651,324
B:TCTTT,1470,10,2296,2579,3314,2158,1385,1970,6365,3955,2543,3029,2368,803,1246,1945,1534,3203,942,1156,409
B:TGCAA,584,10,909,1071,1386,782,671,843,2836,1816,1068,1379,1096,389,570,849,728,1332,422,438,210
B:TGCAC,454,5,860,982,1361,799,816,885,2908,2691,1090,1246,1097,350,505,839,699,1337,533,358,239
B:TGCAG,784,10,1283,1660,2009,1241,1232,1391,4431,4257,1740,1961,1724,578,813,1329,1100,2119,827,695,435
B:TGCAT,718,5,1154,1231,1742,964,859,1073,3427,2440,1351,1706,1321,478,601,1108,847,1680,572,571,256
B:TGCCA,679,1,1144,1466,1663,1045,1048,1209,3937,3346,1527,1720,1509,519,673,1083,906,1784,616,582,377
B:TGCCC,541,3,976,1304,1289,920,930,952,3538,3388,1359,1466,1398,454,541,933,810,1455,668,462,409
B:TGCCG,87,1,204,250,307,183,222,201,658,772,244,285,242,112,105,150,170,300,163,82,98
B:TGCCT,961,7,1549,1878,2086,1438,1282,1529,5235,4678,2145,2315,2020,698,861,1470,1148,2275,882,730,489
B:TGCGA,73,4,136,159,200,114,142,103,385,394,153,157,155,63,75,92,81,191,79,52,43
B:TGCGC,82,0,182,266,238,159,214,194,568,807,239,238,253,101,112,133,141,263,181,71,84
B:TGCGG,91,4,188,265,296,185,218,194,570,769,247,266,274,113,104,113,157,314,141,77,109
B:TGCGT,88,0,207,211,329,192,200,187,593,697,268,282,212,99,108,139,146,310,113,71,73
B:TGCTA,618,2,926,1009,1373,813,608,949,2770,1874,1069,1318,1047,400,607,842,748,1401,427,456,214
B:TGCTC,635,8,1334,1358,1678,1113,972,1145,3799,3688,1483,1674,1515,500,693,1025,934,1795,668,571,333
B:TGCTG,916,1,1817,2102,2536,1590,1569,1710,5682,5510,2214,2654,2185,776,1014,1589,1352,2638,1020,753,580
B:TGCTT,841,3,1514,1778,2441,1365,1059,1512,4496,3426,1780,2117,1774,675,925,1498,1155,2285,725,729,360
B:TGTAA,694,5,1169,1354,1961,1138,856,1097,3183,2150,1389,1620,1271,488,761,1184,882,1798,536,569,217
B:TGTAC,541,0,788,937,1220,778,688,771,2387,1812,954,1045,882,356,528,816,669,1086,357,393,182
B:TGTAG,641,4,1074,1210,1611,1083,772,982,3400,2812,1281,1362,1210,482,641,980,785,1633,528,496,240
B:TGTAT,845,3,1397,1494,2048,1351,872,1131,3943,2297,1530,2079,1416,560,907,1237,1006,1962,559,648,234
B:TGTCA,724,4,1229,1356,1819,1080,926,1167,3872,2974,1351,1603,1381,522,689,1181,959,1774,573,549,312
B:TGTCC,596,10,1172,1330,1499,976,943,970,3776,3455,1369,1536,1366,496,588,991,833,1648,576,503,339
B:TGTCG,74,1,157,174,227,139,150,136,485,469,176,208,188,74,83,120,123,217,109,68,58
B:TGTCT,1025,9,1818,1985,2439,1648,1255,1611,5539,4451,2160,2454,2163,693,985,1628,1368,2623,833,838,467
B:TGTGA,815,8,1431,1592,2008,1322,1108,1356,4638,3537,1677,2008,1704,596,836,1331,1078,2226,655,661,324
B:TGTGC,615,5,1192,1386,1785,1041,1050,1175,4025,3559,1414,1737,1447,436,683,1114,934,1840,650,497,328
B:TGTGG,784,5,1465,1793,2010,1338,1242,1315,4975,4567,1815,1977,1776,569,828,1344,1109,2208,842,734,453
B:TGTGT,1500,3,2886,2943,4209,3032,2287,2594,9676,7175,3497,4462,3873,1048,1518,2998,2113,4981,1339,1207,602
B:TGTTA,626,3,981,1198,1587,958,611,905,2630,1636,1113,1389,1020,404,610,994,741,1473,434,464,177
B:TGTTC,745,2,1201,1364,1724,1091,892,1099,3564,2496,1360,1639,1370,501,688,1137,908,1709,542,588,273
B:TGTTG,669,4,1168,1432,1732,1098,867,1086,3588,2482,1417,1593,1331,431,753,1194,895,1680,510,570,252
B:TGTTT,1389,11,2163,2568,3535,2228,1487,2018,6110,4120,2653,3106,2397,892,1375,2102,1620,3336,936,1079,407
B:TTCAA,898,4,1297,1544,1983,1275,829,1244,3740,2213,1522,1752,1483,536,776,1305,905,1932,581,659,231
B:TTCAC,596,2,989,1077,1409,848,680,958,2916,2001,1088,1300,1042,426,607,898,778,1442,471,441,217
B:TTCAG,850,12,1528,1747,2263,1428,1093,1394,4510,3300,1838,1934,1714,661,902,1529,1163,2241,713,722,369
B:TTCAT,1028,7,1394,1647,2180,1256,946,1397,4163,2284,1536,2081,1650,633,868,1392,1168,2261,599,726,261
B:TTCCA,990,10,1526,1892,2252,1436,1034,1481,4764,3335,1884,2163,1878,723,955,1413,1183,2230,734,784,354
B:TTCCC,849,10,1353,1555,1843,1248,1010,1308,4457,3213,1609,1941,1719,560,695,1208,1080,1969,729,672,409
B:TTCCG,108,1,198,263,284,207,189,184,608,588,251,260,246,123,111,138,146,290,121,111,81
B:TTCCT,1280,12,2011,2250,2926,1802,1456,1973,6206,4462,2323,2941,2446,827,1093,1953,1691,2994,987,1056,468
B:TTCGA,114,0,182,223,204,162,119,131,493,415,217,173,187,78,85,138,120,211,96,80,45
B:TTCGC,67,5,124,168,181,96,96,94,341,261,144,162,126,55,66,88,89,135,66,53,47
B:TTCGG,94,0,157,205,230,177,153,130,498,479,204,206,177,92,92,114,138,205,99,81,59
B:TTCGT,86,0,176,203,264,153,147,186,471,399,196,245,196,96,96,160,119,247,86,87,45
B:TTCTA,872,6,1193,1513,1946,1220,811,1226,3672,2118,1449,1922,1446,508,861,1301,1026,1931,571,603,245
B:TTCTC,1042,9,1659,1922,2384,1565,1206,1602,5213,3480,2021,2389,2044,694,924,1524,1392,2434,801,794,425
B:TTCTG,1193,21,1913,2132,2756,1798,1333,1893,5951,4457,2310,2561,2307,771,1103,1803,1451,2862,962,926,509
B:TTCTT,1534,11,2248,2655,3401,2255,1537,2092,6513,4322,2594,3149,2495,842,1297,2060,1664,3275,986,1216,372
B:TTTAA,1290,4,2088,2460,3593,2187,1309,2012,5047,3304,2452,2884,2151,854,1392,1952,1349,3124,860,1037,359
B:TTTAC,654,2,947,1133,1703,912,662,927,2605,1618,1136,1356,1043,401,620,956,745,1479,426,457,196
B:TTTAG,727,5,1041,1295,1746,1033,676,1036,2923,1723,1218,1570,1100,460,693,1066,847,1630,439,526,194
B:TTTAT,1292,2,2025,2193,3121,2063,1256,1641,5214,3123,2228,2704,1905,792,1259,1800,1347,2964,843,1024,317
B:TTTCA,1109,13,1646,1895,2642,1506,1030,1519,4603,2610,1875,2192,1694,735,1048,1613,1255,2605,719,842,330
B:TTTCC,1029,9,1600,1956,2495,1508,1071,1663,4824,3047,1830,2349,1956,729,948,1578,1331,2406,772,836,376
B:TTTCG,88,0,167,216,238,176,117,132,437,369,195,205,158,82,90,138,115,221,84,80,50
B:TTTCT,1839,15,2632,3097,3964,2667,1736,2562,7831,4863,3092,3813,2943,1035,1617,2442,2034,3932,1141,1335,515
B:TTTGA,1048,8,1456,1723,2153,1381,913,1340,4165,2725,1726,1963,1607,654,865,1449,1025,2034,677,690,275
B:TTTGC,657,7,1134,1216,1672,920,719,1034,3188,2132,1236,1524,1251,459,674,1039,826,1596,479,538,222
B:TTTGG,857,11,1324,1612,1802,1260,869,1207,4066,2752,1551,1828,1554,522,809,1239,993,1939,597,658,313
B:TTTGT,1242,6,1917,2432,3166,1941,1297,1858,5660,3741,2337,2841,2096,818,1239,1987,1442,2908,797,967,381
B:TTTTA,1482,5,2283,2658,3818,2356,1430,2001,5685,3482,2649,3066,2186,897,1521,2147,1548,3416,895,1139,370
B:TTTTC,1305,10,1934,2284,3199,1962,1163,1910,5366,3267,2242,2722,2089,811,1179,1877,1475,2945,819,984,374
B:TTTTG,1259,13,1884,2173,2857,1794,1189,1655,5230,3356,2208,2549,1900,799,1248,1806,1242,2671,772,852,323
B:TTTTT,2594,8,4124,4556,6143,4424,2505,3450,10717,7882,4851,5461,3982,1647,2437,3593,2377,5571,1685,1938,741
N:AACAA,601316,475364,530300,433654,494422,420737,366024,387580,353120,324291,285347,338730,265257,335926,338696,351762,275075,262124,236593,249518,133177
N:AACAC,295903,224575,288326,241331,264122,228020,204420,212653,201258,183046,161926,184940,150166,189713,191074,190175,151938,142641,131546,138957,73883
N:AACAG,351396,249121,339956,284434,308460,270289,239180,249961,237420,212779,193241,217715,178291,222705,226427,222385,180366,164885,156073,162858,88054
N:AACAT,402740,280522,367141,296060,343845,284664,252770,265317,237470,227813,192680,235373,175144,234375,235142,245723,193693,186523,160627,173039,88506
N:AACCA,331694,218241,315197,265997,284141,254356,226055,231235,222503,198757,181540,204696,171256,206389,209584,206455,167142,154387,147177,150227,84300
N:AACCC,208206,142344,199400,173943,175868,165285,148622,147495,148956,128131,120536,129301,117114,135643,135599,130147,107967,95143,97002,96262,55933
N:AACCG,25120,19153,27263,24272,24656,23058,21501,20762,20120,18586,16923,19349,16415,18469,20073,17708,15280,13744,14070,13314,8264
N:AACCT,228906,179873,226390,192310,202592,183063,163031,166869,159802,144491,131991,145668,126196,152365,153374,148468,121786,111624,105190,108340,60580
N:AACGA,35046,29265,36987,31821,34340,29988,27325,28234,25889,24658,21733,25804,20087,24768,26192,24891,20579,19334,17733,18268,10555
N:AACGC,25060,16443,27450,24260,25052,22598,20954,20788,19730,18555,16328,19115,15897,18450,19408,18224,15127,13982,13586,13465,8110
N:AACGG,21453,20958,26852,24419,24054,22562,21394,20494,19626,18952,17249,19439,16720,18591,20215,17754,15385,13625,14002,13912,8559
N:AACGT,32157,28726,37941,33522,35620,30932,28153,28732,26063,25964,22513,27602,21495,25701,27891,26470,21554,20321,18528,19279,11415
N:AACTA,267918,179733,242551,194545,226049,189746,165365,174465,154465,147411,128376,153761,116348,154679,152976,160246,127150,121871,105381,114336,59770
N:AACTC,297458,199665,279610,236858,253244,228423,203701,207700,200849,176827,162865,180445,155775,184157,183073,181618,148687,135994,130784,133113,75131
N:AACTG,276205,202484,277900,234585,252025,221731,198472,204229,191377,175308,160170,179193,149871,185129,184782,183185,148697,137492,126877,133663,74066
N:AACTT,345416,263189,320437,261387,297935,251098,221803,233499,210263,197479,173184,204709,158707,206664,206233,209939,168171,160082,141545,151071,80772
N:AATAA,621418,438346,558337,445264,528638,434384,385067,401780,345585,341519,285379,358496,264040,354774,341847,372731,294033,289110,242643,258681,134143
N:AATAC,278469,191663,246400,195465,230595,190152,168162,177839,156985,150060,127033,156833,114787,156271,153788,164650,128971,125120,107355,115058,58512
N:AATAG,327398,217769,286076,226847,266213,221124,193605,204565,183491,173303,148248,180003,133154,180954,178294,186794,149187,143575,123998,133221,68754
N:AATAT,575055,411098,485810,373088,466817,370330,328384,346293,292352,291661,233763,306939,209904,304612,291162,330986,256891,258322,208748,220653,108437
N:AATCA,368253,259746,329212,265651,308875,256646,225755,239077,217176,202637,174766,208768,157561,211125,209841,217087,172751,164660,144240,153979,79983
N:AATCC,241285,181312,217980,185014,196524,178785,158993,161885,162149,138686,125461,140549,120038,144244,144408,143320,115720,106537,102206,103605,58259
N:AATCG,26169,23175,26723,23128,25230,21883,20168,20370,19006,18053,15771,18916,14810,18072,19192,18056,15064,14024,12805,13446,7571
N:AATCT,337598,258670,308251,250857,285418,242679,213586,225065,205861,190366,166711,196195,153271,198103,197313,203618,161687,153059,137049,145162,77949
N:AATGA,422324,315556,394936,322943,371030,310680,275160,287093,256888,248175,211321,253703,192583,258859,252508,265687,211947,201724,172895,187177,97758
N:AATGC,244752,164775,233932,194945,216342,183561,163658,169808,157768,147574,129272,149325,119762,154916,153397,154195,123654,117205,103184,112349,59374
N:AATGG,378791,247698,328293,270329,302414,262118,229277,240318,231416,204791,179772,206612,162600,213399,211379,215673,174032,160264,147811,155622,82477
N:AATGT,400970,314383,376558,304268,351855,290362,260747,273086,241747,234847,198225,241868,181150,246431,242969,253584,200033,193444,164683,177575,92308
N:AATTA,431174,287486,391291,308431,373191,299128,268559,279342,235926,238937,197365,250060,177635,247173,239288,261987,206152,205872,168117,181567,91646
N:AATTC,379174,265734,325857,261182,306050,256735,224229,236440,218954,197344,171875,205336,154808,205840,204814,214548,168613,161917,143764,151147,78790
N:AATTG,343660,246857,287540,229635,271129,226549,197990,207773,192946,173677,150663,181553,134120,183223,180683,191248,149765,144615,126311,133416,69153
N:AATTT,630601,459948,531304,417454,514190,411968,360965,383515,332107,318226,266913,337839,237055,335260,325640,357834,277190,274842,230703,244879,123454
N:ACCAA,319945,222794,291084,243047,264949,232391,205061,213563,205441,181630,164274,185546,150749,188688,191244,192223,153237,142026,133985,138478,75838
N:ACCAC,202799,142700,209031,185307,183769,175235,159905,155914,156782,136486,127305,137601,127539,144263,145671,136083,114813,101878,102368,101696,59414
N:ACCAG,262346,178318,252634,219863,222118,211319,187315,186927,191847,161411,151377,159795,147532,169614,171242,163527,135853,119481,122766,120689,69553
N:ACCAT,279766,201204,261411,220844,234204,210171,187756,191286,187981,166328,148949,167126,140643,173150,173371,171353,140812,128314,120369,123615,68058
N:ACCCA,298454,185558,283355,246762,250265,233400,211572,210948,213323,181400,168002,178647,161311,190586,187675,183620,152871,135502,136596,133839,76904
N:ACCCC,151891,95797,155250,141403,132884,133751,123874,116803,120703,103032,97607,101819,99362,109201,107918,100512,87753,74194,79863,75106,46012
N:ACCCG,25001,17208,26935,25090,23608,24681,22754,21002,21529,18566,17727,19054,18349,19625,19960,17395,15410,12995,14884,13216,8440
N:ACCCT,209817,170703,208184,185152,180306,175191,157719,154089,159223,134971,127557,133923,126455,147055,143550,134340,115114,100356,103713,99743,59029
N:ACCGA,25329,19509,27405,24985,24852,23610,21586,21314,20724,18875,17191,19176,16611,18827,20052,18027,15500,13762,14215,13544,8149
N:ACCGC,16260,10374,19255,18364,16778,17255,16218,15045,15202,13276,12834,13834,13236,13892,14248,12664,11435,9542,10721,9702,6253
N:ACCGG,20837,16691,22797,20971,19665,20206,19002,17586,17879,15553,14905,15954,15068,16119,16751,14808,13173,11290,12372,11122,6952
N:ACCGT,18900,15439,25519,23877,22730,21995,20614,19875,18934,18194,16719,18399,16366,17738,19648,17044,14729,13106,13459,13146,8268
N:ACCTA,211326,144853,187844,154604,171125,150162,132122,137895,131924,117133,104126,118562,96020,121509,121076,122701,99601,91841,84799,88022,47716
N:ACCTC,199326,152778,200000,175158,174397,167693,150087,148861,150420,129410,121423,127283,118553,138166,137306,131184,109084,96903,96815,95397,55775
N:ACCTG,237002,176667,238942,210294,207569,200392,180184,179018,184799,155237,146207,151837,143876,165413,162178,157883,130462,114957,117170,114117,65583
N:ACCTT,246542,197065,239655,203884,213952,193717,172855,176546,171813,153118,139495,153106,132898,160297,161503,155984,129206,117638,111170,114145,64178
N:ACTAA,274404,193058,244028,196974,229558,192032,167198,178419,158138,149239,129681,155355,116298,156362,153895,163078,127978,121965,106400,114733,60234
N:ACTAC,155461,111682,140425,116072,128188,111536,98322,103355,95902,87082,77083,89055,72159,91429,91555,94369,74327,70289,63226,66968,35752
N:ACTAG,174862,126589,159941,132151,144640,126885,110717,116022,108770,98208,90591,100344,82803,104721,102833,104406,84763,78346,71275,75773,41102
N:ACTAT,276476,174151,236732,187560,219199,183499,159684,170099,151674,142698,122218,147956,110765,149427,146715,154908,122991,118484,102323,109775,56503
N:ACTCA,324369,219294,315375,271136,284581,257351,230949,234719,228466,200089,184294,200637,176868,210813,209080,206015,170002,154603,148444,150808,84481
N:ACTCC,217834,146040,206978,177642,184501,170882,152579,154000,155037,131680,122310,130873,117241,139822,137967,135331,111781,98942,97848,98399,55650
N:ACTCG,22840,16346,27247,25407,24466,24112,22314,21002,20633,19049,17911,19181,18603,19459,20533,18123,15813,13858,14573,13932,8874
N:ACTCT,287016,205073,287696,243872,258147,232058,205878,211899,203673,184416,166814,184463,158437,191699,191086,187918,154838,140911,132665,137845,76703
N:ACTGA,298740,206335,299598,253144,271830,240680,217170,220896,209057,189484,172722,191244,162587,201938,199134,197454,161011,149143,136850,144079,79470
N:ACTGC,178549,124710,184769,163294,165298,152837,136581,139207,137457,120076,113251,118823,107668,128489,127761,123489,101217,91262,88518,91043,52333
N:ACTGG,254158,173372,250110,215729,220837,204471,183708,184608,186751,159519,148916,157874,142950,169253,167872,161698,135487,119311,119379,119382,67784
N:ACTGT,255461,194390,273300,235314,250646,220222,198360,201992,191101,176076,159806,178079,151499,186039,186364,182293,148982,137205,128940,134610,73699
N:ACTTA,244057,180724,231952,189443,215336,180518,160479,167880,149105,143675,124492,148612,115197,149838,148262,153286,122394,116785,101356,109315,58457
N:ACTTC,275860,196084,263341,219615,241114,211027,185903,194160,181330,166530,147820,168294,137370,173279,173795,173223,140690,128359,119731,126313,68225
N:ACTTG,249087,171422,244180,208226,219589,196191,174713,179677,171363,155314,141501,155987,134349,161790,163458,159379,130702,120285,111533,117975,65554
N:ACTTT,416101,300610,381813,311113,356458,298702,263526,277989,249168,235143,203487,241411,185944,246928,243374,252048,199453,191537,167118,179240,95732
N:AGCAA,357573,222643,352039,295375,317784,279450,248035,256563,240972,220902,200141,225520,187654,231197,233203,229151,186853,171493,159233,168736,92115
N:AGCAC,197604,137346,214207,191748,190475,179423,161198,160503,159012,140244,132498,134973,130981,147942,147781,140774,115876,104493,104132,104439,60203
N:AGCAG,295738,187236,321447,285503,281935,266927,238163,239521,238370,210987,199008,205265,193872,223130,222818,210837,177107,155777,157601,157426,90734
N:AGCAT,291816,187405,293542,245124,265932,232089,206828,213390,199547,187078,165396,187322,154397,195916,193195,191748,156490,146403,131382,140552,76124
N:AGCCA,298131,172998,318612,286516,274871,268467,244081,237332,240883,209633,199689,206534,199019,219490,218986,205080,176224,152985,156783,154275,91652
N:AGCCC,159724,98916,180810,169965,151306,159055,145884,136551,143687,121974,118818,116981,123586,128955,126214,116742,101907,85258,94428,88811,54218
N:AGCCG,20533,13692,27892,27399,23239,26053,24201,21188,21831,19721,19344,19766,20745,20530,20945,18155,16392,13846,15963,14263,9313
N:AGCCT,250392,167576,263519,238452,227495,224302,200655,197777,204062,171490,167224,168770,167198,185718,182766,171712,146366,126576,131567,127509,76322
N:AGCGA,21696,16301,27096,25724,24033,23752,22330,21229,20143,19227,17474,19545,18018,19307,20947,17827,15632,13849,14204,13970,8870
N:AGCGC,15048,9593,20520,20497,17695,19212,17708,16403,16251,14523,14553,14658,15446,14723,15694,13552,12257,10245,11725,10528,7179
N:AGCGG,18495,12146,24149,23557,20342,22467,20659,18910,19216,17091,16769,17457,17798,17679,18326,15537,14456,11731,13864,12243,8051
N:AGCGT,21319,14464,27719,26219,25338,24410,22246,21413,20637,19486,17996,19959,17895,19393,20794,18382,16106,14447,14771,14284,8801
N:AGCTA,250475,132807,239516,199683,215576,189792,168061,172545,161794,150082,135418,151396,126860,156295,153892,154755,126211,116763,107424,113038,62260
N:AGCTC,231269,136767,243748,212969,211979,201925,179885,179608,178810,156166,148203,153065,143204,166464,164982,158215,131128,116532,116974,116539,66966
N:AGCTG,290901,166650,314327,278554,272490,261049,233862,232039,231130,202695,192274,198407,188588,217373,214449,204621,172280,151091,152329,152000,87542
N:AGCTT,280769,177893,281612,239961,253064,225895,198521,204317,194993,178700,163989,179518,153377,187102,187980,183193,150122,136879,127745,135399,75514
N:AGTAA,276267,203404,261380,210327,243292,201610,179938,188376,165285,159820,138665,166579,126811,168211,167019,172633,137961,132168,113009,123206,64792
N:AGTAC,202820,124754,169915,139739,158270,135605,118773,124752,118075,103901,91831,105693,84788,111259,107489,112365,89179,82901,75828,78681,42366
N:AGTAG,221478,154469,200884,166996,183636,160680,140933,148004,137664,126159,111450,128274,102672,131107,131857,133909,108002,99035,89863,96998,51565
N:AGTAT,265837,192077,234382,186394,218792,181468,159480,168781,148102,142874,120930,148678,110579,150442,147734,157161,123661,118860,102711,109404,56237
N:AGTCA,262810,174176,276302,235316,247624,221088,200164,202320,193369,176571,160878,177466,151654,185009,185489,180478,149392,136451,127248,133663,74020
N:AGTCC,189973,145142,184979,159823,163095,151922,134665,137625,139415,118995,110932,116350,106165,126850,124356,120596,100306,88504,88435,87870,51399
N:AGTCG,24264,16929,25928,23064,23386,22364,20545,19719,19331,17831,16170,17983,15629,17815,18654,17097,14758,12989,13186,12950,7696
N:AGTCT,279988,187989,276460,235745,250004,224188,196253,203991,196087,175719,161730,177606,151237,185542,185382,180807,148172,135032,127552,133265,73590
N:AGTGA,288741,195553,289807,247335,262681,233337,209899,215267,206132,184587,166314,182603,158332,195625,193311,191105,156987,143417,132992,140286,77162
N:AGTGC,154780,108138,164252,148124,147438,138068,123633,123903,123884,107380,101845,104501,101519,115259,113146,109472,89541,80935,79998,81327,46701
N:AGTGG,281531,178317,263171,227575,235099,217686,193438,196449,196965,167720,155312,166219,147940,177128,175785,171856,142317,126884,124922,125050,71470
N:AGTGT,269797,213928,279537,238939,251827,224036,201074,206856,196394,179711,162258,178137,152727,186423,186408,184552,149453,138676,129854,135298,73817
N:AGTTA,251731,174857,241263,195064,223499,188555,167564,175862,156921,149010,131447,155583,120216,156149,154559,158471,127393,121566,106557,114087,60867
N:AGTTC,276136,192999,265447,225393,237647,216981,192714,195852,188477,166760,153912,170506,149994,176091,173821,171959,141844,129076,123867,125944,71796
N:AGTTG,234051,165063,228964,191812,206731,182030,162077,166183,158137,144569,130706,146612,120558,150224,150731,148764,121495,112047,103302,109586,60226
N:AGTTT,425062,312152,384801,315062,361353,303401,266957,281973,253383,236674,208515,245390,189894,248152,247936,255784,201954,192728,170850,182553,96840
N:ATCAA,366153,253020,316098,252279,295615,246932,216841,229279,211297,193035,166230,199207,148404,200795,200439,208085,165099,156489,139817,147603,76494
N:ATCAC,211914,151544,209106,173973,189952,164829,148871,152742,145540,132950,117673,133063,108688,139205,139233,136977,112530,104362,95118,100847,54133
N:ATCAG,296179,214071,269924,224703,246827,216842,191787,199548,194190,169448,152133,171268,139799,178307,177794,176966,143642,131357,123541,128109,69471
N:ATCAT,335338,236598,300167,240809,280023,233341,206534,217473,197279,186704,157046,190984,142423,192992,190185,199257,160278,152599,130069,140598,72426
N:ATCCA,362455,244094,312754,259859,284848,253464,224655,230341,228335,194609,173319,195320,157581,203457,200677,205865,165761,151505,143196,145739,78883
N:ATCCC,223463,148405,206916,178718,180918,172160,156138,154460,158205,132830,123602,132542,120348,141189,137498,136767,113301,100168,99265,97860,57181
N:ATCCG,19926,17660,22156,20875,20003,19561,18596,17121,17634,15548,14463,15811,14985,15366,16549,14668,13007,11311,11871,11129,7152
N:ATCCT,322266,238331,283972,237142,256693,229865,202978,211177,208082,179312,161527,178996,149218,187843,186918,187276,151647,137509,131501,133364,73309
N:ATCGA,33828,27658,31107,26108,29324,25477,23026,23744,22797,20214,17650,20850,15745,20819,21227,20428,17049,15748,14276,15038,8255
N:ATCGC,14176,12781,16746,15906,15397,14782,13800,13124,12834,12144,10876,12307,10852,11989,13072,11379,9888,8985,8726,8974,5446
N:ATCGG,17089,15023,19657,18032,17362,16674,15760,15023,15126,13692,12587,14297,12427,13659,14635,13012,11134,10102,10325,9964,6061
N:ATCGT,23348,21768,26472,23340,24735,21660,19960,20134,18589,18176,16052,19129,15144,18296,19161,17980,15151,14023,12847,13453,7697
N:ATCTA,287173,228526,268290,215926,247593,208899,186741,193158,175063,168336,142112,173309,131261,174586,170756,173722,143283,133543,119026,125787,66909
N:ATCTC,282280,216809,274432,232125,245135,221238,198004,203434,196190,174579,159299,175701,151673,181347,181271,179842,147460,134553,126718,130355,72664
N:ATCTG,327306,246935,310636,262087,280350,252142,223094,228983,222855,196921,178535,198270,166763,206210,204366,203096,165610,150535,143952,147507,81031
N:ATCTT,434023,315121,381339,307982,353030,300169,262656,277979,258381,233529,204411,239853,185876,243304,241954,250045,199572,186090,168723,177869,94595
N:ATTAA,436578,303508,397378,315514,377959,307546,275138,285615,245319,243080,203671,254863,185223,253517,244751,265723,209225,207401,173077,184151,93854
N:ATTAC,205144,151499,187242,150618,176360,146018,130630,135056,120507,116622,97755,120648,90145,121389,119039,125245,99474,96438,81699,88171,45578
N:ATTAG,248431,175552,224076,179381,210356,175019,153980,161722,144495,138934,118351,143317,106687,144142,141460,148463,117664,113431,98126,105560,54851
N:ATTAT,444909,299371,391572,305634,370713,298913,266828,278517,236123,237955,193881,251446,174647,246768,236431,263077,207894,206445,166663,179505,90937
N:ATTCA,382664,296382,350413,282866,325370,274638,244073,253411,230422,217146,185716,222022,170165,228457,222344,232517,186119,177265,153248,163483,85196
N:ATTCC,302394,212801,266852,219006,244245,212984,186969,195641,190725,165422,147680,167410,136967,173085,172720,175407,140476,130165,121436,125027,67367
N:ATTCG,34344,23074,31426,27072,29727,25883,23058,24123,23444,20470,18255,21712,16482,20650,22003,20977,17412,16094,14872,15559,8526
N:ATTCT,460950,332445,412993,333398,384344,322272,282258,299093,273667,253076,220155,260140,198264,263513,262678,272784,215945,206060,182267,193620,101000
N:ATTGA,325927,217792,283448,225488,264832,222355,196767,205450,190041,173929,147920,179235,133098,181792,177836,186832,148654,142019,125047,131169,68377
N:ATTGC,214218,154281,193124,158598,180302,152908,134292,140466,132530,120458,105213,122452,95159,126754,125016,129644,102666,96855,85784,92072,48454
N:ATTGG,268986,194124,229686,188327,210515,181380,160285,166389,164219,141597,124202,144721,112683,148269,148099,150402,121477,112790,104813,107045,57857
N:ATTGT,349961,269204,309099,247303,290248,240253,212954,224208,203572,187796,160709,195038,145800,197817,196469,207045,161393,156604,135834,144873,74621
N:ATTTA,503579,339106,466271,373480,442970,362408,324407,334513,282592,287312,237905,302431,221803,298581,287402,313375,248041,244362,202207,218403,111954
N:ATTTC,480122,355180,425895,343069,401260,332910,291499,309714,277673,261794,224369,271580,203129,273544,270100,284720,223560,216254,187159,200094,103921
N:ATTTG,447929,321450,395034,319631,370615,308977,271827,287371,258149,243732,209371,251167,189851,252980,249915,262143,207131,198455,173592,185440,96306
N:ATTTT,900919,638436,763941,605078,734669,592600,519315,552927,476845,460507,387347,484784,347138,481968,470252,513626,398554,393624,330677,353360,179745
N:CACAA,363177,266082,341084,282152,310444,270978,241783,250053,239062,212328,190596,216226,176333,220745,222661,222184,178348,166550,155705,161515,87251
N:CACAC,431431,337623,575234,502560,482677,462076,447618,426952,396201,386583,357328,375154,355056,386645,387229,364567,302748,278944,271326,279876,161242
N:CACAG,327348,243257,378241,338743,333666,313939,287452,282144,280121,249995,234658,242746,227668,266094,264937,248187,208416,185194,187254,186052,105369
N:CACAT,354620,251191,372723,314546,329642,293191,273969,272404,257300,240493,214469,240764,204179,247981,248683,240264,196830,184067,171278,177943,98146
N:CACCA,287744,211621,284292,251445,251716,238940,216094,212145,217890,185539,172512,182149,170075,193502,195662,186113,155516,137343,139042,137851,79177
N:CACCC,182154,118509,193657,178817,165991,167625,156232,146691,152631,129566,122204,125154,124804,137274,135197,124065,109275,94205,100377,92945,56605
N:CACCG,21709,16280,28946,28375,25281,26354,24856,22889,23000,21007,19936,20680,20737,21009,22193,19222,17426,14456,16353,14899,9623
N:CACCT,234453,171456,238099,210233,207213,199128,180192,178479,184206,154486,145067,150454,142347,163260,162461,155578,129703,114667,115818,114068,65994
N:CACGA,30784,21632,34977,31939,31452,29691,27428,26878,26281,23991,21882,24618,21270,24143,25897,23156,19891,17620,17668,17731,10525
N:CACGC,27014,14733,37091,36413,31652,33838,32841,28682,28445,25984,25238,26397,27019,26195,27580,23919,21003,18725,20904,18491,12222
N:CACGG,27733,20251,38590,37436,33739,34865,32907,30103,29697,27509,26295,27347,26573,28314,29928,25046,22869,19196,21332,19618,12438
N:CACGT,35960,24618,46453,44205,41758,39486,38092,36584,34672,32646,30682,33238,31290,32444,35755,30805,27156,24013,24524,23928,15035
N:CACTA,210214,147770,190947,158358,173286,151760,133100,140772,132156,118229,106396,119580,98584,125158,123274,125745,100474,93854,86089,90688,48673
N:CACTC,215822,150012,219541,194343,195323,183002,164936,164846,164719,143047,132601,139382,129714,150222,149458,144809,120364,107377,105492,106436,60678
N:CACTG,268473,193656,295508,263061,264192,245088,222961,222725,223273,194539,182051,188778,177372,206363,205258,194657,162882,145902,144262,146116,83105
N:CACTT,300343,204498,290780,246226,264258,233273,207045,214144,203240,183591,164694,183721,154853,192699,190669,191779,154582,142781,131932,138723,76700
N:CATAA,311960,212412,285070,228039,264544,220226,195608,204065,183824,175102,148944,181511,136453,182706,179682,187946,149666,144895,124505,132935,69487
N:CATAC,208474,156393,210277,173311,187272,165006,151662,152593,140055,133652,117174,136653,110894,136485,137296,136077,110176,104255,96406,99781,54435
N:CATAG,255780,171209,234035,194270,212981,185768,164228,171781,162245,146247,129142,148849,120458,156107,151984,155163,124980,116293,105021,110749,59472
N:CATAT,400204,264273,354335,278157,324996,269414,244742,253382,224322,216766,179711,224388,164540,225220,216223,233244,185371,180468,153160,162607,83177
N:CATCA,300941,224449,292177,246351,264688,233167,210895,215217,209124,188757,166991,187335,154348,194780,195137,193096,158862,144594,133884,141328,76171
N:CATCC,255999,171852,243805,211518,216441,203078,184252,182559,183995,157993,144888,154289,135784,167003,163323,162043,135167,118505,116328,116049,65904
N:CATCG,23683,22231,28295,25992,25507,24081,22535,21902,21702,19956,18153,20343,17674,20015,21208,18968,16231,14804,14174,14462,8719
N:CATCT,355124,267842,353130,301843,316222,284379,255898,260404,250725,226834,205548,226480,193960,236911,235063,230610,190750,172020,163004,168701,93295
N:CATGA,292171,196045,291574,240696,262535,228871,206289,213203,201621,184768,162508,185124,151528,192334,193597,190830,156688,144909,130699,139406,74598
N:CATGC,195876,138383,218220,189728,188542,174879,162794,160426,157659,143424,131352,139332,128860,149436,149085,140704,117481,107119,101839,105215,59987
N:CATGG,273485,195171,280470,244161,245170,226394,207546,207203,210640,183704,167536,179907,161199,192484,192837,183640,154042,136616,133949,135192,75972
N:CATGT,306657,209049,321161,270972,283258,253883,233724,233936,222405,206250,184539,204890,176283,215267,214744,207119,170797,160067,147732,153774,83852
N:CATTA,270943,205062,254383,205860,238324,198770,177488,183589,162824,159326,135170,164659,123090,165774,161922,170753,136636,131425,111361,121028,62715
N:CATTC,290165,223280,275321,229124,251164,218722,193899,200639,190386,174450,153912,174199,142377,184656,180729,182815,147346,136439,124369,130754,69929
N:CATTG,301549,215589,276512,227252,255747,216869,193880,201275,192686,173644,149484,175522,137123,183264,180988,183426,147259,137693,124306,130676,69431
N:CATTT,584179,398479,527456,430224,496384,412349,363560,384783,341899,327950,279998,337116,253489,339887,336607,352133,278418,267067,228534,250264,129819
N:CCCAA,292096,211454,267664,231256,237197,220601,196713,198961,200096,170801,158889,171277,152432,180512,178986,174962,145331,127898,128455,126959,73238
N:CCCAC,240652,143668,245388,222085,212019,207036,190562,183805,186714,160900,151384,157176,150932,169086,167664,158778,134992,118106,122764,116637,70053
N:CCCAG,292873,187229,317316,294958,266306,276657,252845,239803,253221,209570,205230,202327,212300,225569,217862,205147,177220,150325,164317,152715,93377
N:CCCAT,267175,181437,249209,213855,220965,203465,183413,185112,188293,160588,146081,157600,137834,168873,166403,161763,136602,120675,117985,119238,66994
N:CCCCA,271448,174934,274958,249060,234619,234701,217081,205488,213782,180744,171813,176478,173215,192021,187820,177458,153797,131301,139218,131680,79307
N:CCCCC,190319,100191,196379,181029,166528,169264,162432,146726,150079,132760,123958,132985,130487,136433,137884,127356,114660,95192,102691,95910,60610
N:CCCCG,34151,20474,37727,36791,32199,35438,33531,28895,29868,25922,25107,26123,27051,27254,27761,24250,22527,18154,21539,18639,12335
N:CCCCT,235931,150063,229080,204300,199598,194804,179466,172991,177766,149417,141358,148755,140765,159804,156577,150966,129341,110662,114598,109535,66637
N:CCCGA,27536,23333,30895,29817,26628,28751,26321,24408,25515,21690,21056,21667,22147,22531,23394,20293,17998,15293,17297,15627,10141
N:CCCGC,21759,11823,25786,25989,21334,25572,23580,20236,20936,18298,18003,18643,20121,19291,19568,16681,15780,12347,15492,12825,9043
N:CCCGG,38783,23296,38698,36824,33635,36885,33436,30477,31399,26062,25164,26465,27026,27940,27610,24955,22745,18734,21828,18529,12143
N:CCCGT,25641,17385,30321,28259,26566,26934,25128,23172,23692,20897,19795,21349,20005,21756,22727,19437,17507,14688,16259,15105,9361
N:CCCTA,184537,136029,164972,140635,145181,135680,119601,122256,123342,104342,97350,104404,91863,112951,109534,107593,89201,79368,78383,77960,44244
N:CCCTC,222445,160596,246778,223887,210680,211089,195560,186609,191819,164691,156794,161798,157106,174004,172265,160936,139148,120789,124887,119086,73425
N:CCCTG,280829,198158,286524,261718,243801,248721,224892,216930,227478,187447,179773,181634,183922,204271,196921,188377,160724,136736,147551,137718,82787
N:CCCTT,273742,194382,265296,229091,234831,216056,194331,197045,195563,170516,158492,170497,151428,180248,179802,172202,145792,127825,125977,126974,73638
N:CCTAA,233451,167000,207145,172346,189292,166151,145073,152941,146086,128242,116953,132132,106398,134700,135893,135389,109036,100594,93742,97479,53090
N:CCTAC,145927,115553,142116,121543,126334,116025,103151,105732,103428,91619,83992,91037,79432,96381,95750,93875,77735,69619,67230,68540,38988
N:CCTAG,193252,136219,181133,156790,158113,149907,133094,134148,135017,115528,108764,113789,104405,122846,119594,117550,98081,86601,86006,85542,48904
N:CCTAT,218371,148694,191966,155763,173800,151518,134130,140406,133990,118839,104648,120676,96907,126641,123033,125276,101582,94530,87198,89912,48233
N:CCTCA,284481,207042,281919,247892,247847,236335,211196,211160,213872,181509,170638,178139,165034,194517,192240,185257,153712,136547,136593,134097,78277
N:CCTCC,288101,191964,316196,285931,269846,270224,249519,238148,242950,211652,199342,206883,203394,220785,219633,206957,177905,154033,160332,153221,93853
N:CCTCG,32800,24087,37202,35834,31740,33928,31360,29202,30208,25986,24915,25784,26414,27285,27807,23932,21709,18379,20815,18442,12240
N:CCTCT,355184,257450,370899,326933,320157,311935,280261,277928,278970,241748,228403,238629,225479,255262,250422,242063,204168,179136,180372,176860,105970
N:CCTGA,302214,220406,293498,255248,258031,245345,216673,220013,224378,186683,176579,184640,170709,200331,198304,193365,159185,139961,142592,139050,80118
N:CCTGC,198084,136169,223404,207795,189145,194820,178303,169688,177245,151253,147469,144527,151473,161393,158091,146986,127106,107761,116949,109800,66526
N:CCTGG,294538,207409,305499,284956,256699,270451,242703,231948,248774,202187,197645,195330,207982,218811,210963,200599,171638,145626,159811,147449,90207
N:CCTGT,289313,219250,295566,259576,257519,246034,221162,220358,223607,191305,180173,188104,174844,204491,203013,194208,160851,141933,145380,141454,81216
N:CCTTA,225266,165115,204705,170829,185761,162545,143751,150797,144334,128197,115709,131073,107693,134238,135321,133976,108566,99840,94246,96781,53223
N:CCTTC,311533,238619,324902,281652,286122,265476,237434,240815,237178,210861,194710,208269,188322,219565,221734,212895,177398,157835,153443,157742,90371
N:CCTTG,268370,200891,266058,230229,233955,219522,196975,197854,199980,170906,160154,168759,154613,182482,181689,173819,145939,127786,127149,126795,73469
N:CCTTT,416326,287431,392712,331649,353376,315959,277564,289578,277698,248827,225018,251697,213034,260235,262762,257880,209559,191825,180415,187355,104646
N:CGCAA,18641,13488,19685,17575,17767,16630,15376,14852,14683,13353,11819,13624,11601,13261,14176,13228,10990,9993,10122,9826,5822
N:CGCAC,17224,12118,24077,23819,20418,21744,21173,18985,18202,17154,16285,17056,17823,17252,17999,15922,13947,12283,13377,12172,7868
N:CGCAG,24510,15440,31186,29959,26922,28111,26136,24313,24106,21300,20987,22056,21304,22707,23552,20438,17955,15526,17065,15686,10039
N:CGCAT,19043,13566,24012,22350,21524,20700,19572,18536,17479,16971,15347,17203,15113,16354,17791,15986,13895,12505,12430,12193,7346
N:CGCCA,36365,23104,35448,32586,31015,31491,28882,27607,27824,24009,22234,24011,22613,24229,24817,22981,20035,17365,18882,17298,10599
N:CGCCC,21716,11668,25719,26351,21335,26040,24676,20471,22162,18517,18200,18984,21337,19435,19696,17094,15905,12641,16068,12788,9255
N:CGCCG,5955,2675,6612,6616,5403,6960,6193,5265,5629,4650,4542,4842,5403,4838,5000,4346,3935,2986,4025,3270,2558
N:CGCCT,25002,14319,29847,30066,25384,28731,26044,23979,24304,20825,20967,21507,23218,21648,22635,19036,17803,15213,17466,15020,10460
N:CGCGA,3780,2052,3896,3576,3439,3690,3476,3043,3123,2686,2609,2857,2783,2663,2900,2516,2218,1925,2204,1882,1358
N:CGCGC,7694,2675,10495,10253,8721,10379,9923,8336,8205,7378,7513,7334,8718,7795,7704,6734,6421,5008,6229,4965,3597
N:CGCGG,5445,3286,6119,6215,5191,6652,5788,5017,5054,4395,4156,4596,5047,4779,4731,4074,3652,2869,3964,3011,2384
N:CGCGT,4229,2077,5808,5799,4831,5364,5441,4411,4569,4125,4106,4247,4461,4061,4652,3937,3384,3041,3528,2869,2088
N:CGCTA,13370,9244,15993,14825,14505,13577,12607,12576,11615,11130,10395,11751,10236,11257,11863,10454,9321,8296,8443,8211,5225
N:CGCTC,17643,11686,24476,23722,20690,22585,20588,19091,18890,16923,16704,17442,17626,17306,18699,15868,14257,11944,13802,12221,8216
N:CGCTG,27660,18256,35455,34710,31050,32791,30445,28071,28008,25462,24049,25269,25045,25315,27063,23228,21088,17589,19756,18119,11596
N:CGCTT,17888,13317,23559,22742,21168,20881,19305,18219,17739,16816,15645,17159,16253,17224,18141,15750,13783,12444,12564,12474,7866
N:CGTAA,18286,12496,21479,18947,19805,17725,16567,16202,15091,14641,12926,15645,12436,14411,15427,14393,12390,11383,10690,10912,6582
N:CGTAC,12388,10601,14915,13342,13430,12639,11693,11184,10537,10066,9151,10647,8808,10039,10814,9586,8404,7571,7513,7565,4471
N:CGTAG,16279,12676,19802,17885,18086,16682,15234,15099,14621,13451,12414,13926,12366,13746,14611,13359,11334,10192,9918,10059,6070
N:CGTAT,22060,15321,24914,21869,23038,20412,18697,18579,16778,16846,14498,17648,13935,16650,17804,17194,14074,13409,11901,12622,7159
N:CGTCA,20626,15260,25820,23748,22858,22064,20751,19524,19034,18076,16848,18445,16206,17961,19408,17195,14934,13326,13622,13196,8253
N:CGTCC,19006,14837,22814,21648,19849,20635,18834,17731,18149,15733,14984,16220,15441,16405,17118,14861,13356,11291,12722,11392,7276
N:CGTCG,2578,1679,3544,3500,3007,3403,3275,2935,2792,2598,2434,2716,2693,2464,2866,2338,2158,1769,2103,1809,1277
N:CGTCT,25196,20165,32682,30225,28966,28089,26037,25072,24197,22994,21402,23278,21467,23030,24879,21504,18819,16651,17146,16649,10453
N:CGTGA,28707,22150,36565,34120,32997,31498,29505,28107,26840,25382,23387,26253,22915,25324,27527,24340,21029,18957,18738,18446,11365
N:CGTGC,20245,13597,29031,28497,25126,26284,25296,23090,22181,20566,20160,20717,21334,21258,22511,19042,17093,14712,16271,14899,9815
N:CGTGG,37687,22128,44051,42526,38755,39736,37746,34701,35358,31139,29397,31168,30527,31568,33354,28585,25787,21765,24738,22203,13987
N:CGTGT,34851,23359,47464,44849,41723,40359,38720,36349,34714,33045,31151,33460,31374,32946,35768,30957,27010,24120,24678,24221,15053
N:CGTTA,19170,15684,22688,19789,20980,18253,16865,17344,15377,15673,13747,16639,13000,15199,16473,15645,12828,12088,11245,11567,6885
N:CGTTC,27120,22317,31134,27405,27999,25908,24128,23790,22304,21524,18968,21976,18322,21292,22390,20720,17600,16031,15539,15366,9392
N:CGTTG,23295,20965,27355,24694,25073,22577,20900,20684,20325,18700,16937,19359,16215,18554,20208,18295,15577,13918,13777,13918,8352
N:CGTTT,44126,36426,48050,42121,45014,39329,35931,36425,33299,32231,28165,33981,26656,32461,34632,32675,26641,25220,23284,24071,14008
N:CTCAA,319681,216368,295328,248628,267048,238522,210667,216971,209840,185671,168003,188681,157452,194253,194135,192493,156712,144288,135607,139515,78065
N:CTCAC,243164,163937,253228,225405,224592,212186,193515,190702,191131,164956,155652,160725,152441,174729,172641,165308,138431,123453,123128,122814,71230
N:CTCAG,348970,240853,368612,328248,321336,312976,278478,276637,281577,238419,228636,233267,226392,256765,251613,241244,201488,177153,181382,176751,103667
N:CTCAT,269641,200593,276099,232911,246911,220097,198331,202382,191882,176849,158933,176817,149375,186530,183493,181537,150137,137223,124936,132849,72377
N:CTCCA,342400,222713,338661,295905,298215,282836,251337,251452,257407,218251,204099,213802,198112,231924,228758,223236,184285,163053,163267,162181,93009
N:CTCCC,277365,183099,297253,267690,254007,250039,231145,222619,226131,194724,185761,192569,185393,206787,204488,192123,165387,143675,147141,141923,86230
N:CTCCG,29460,16235,35799,33872,30762,32830,30096,27905,27700,24889,23654,24935,24974,25308,26871,23443,20733,17284,19929,17765,11566
N:CTCCT,366412,264173,384235,333822,335280,317274,286456,285924,285813,251819,233458,247248,226598,260970,262039,252305,210177,185122,186632,184578,106547
N:CTCGA,33904,28781,33636,31095,30685,30027,27614,25877,26675,22732,21798,23583,22472,24069,24632,21829,19165,16940,17904,16875,10503
N:CTCGC,21302,13028,24665,23434,21386,22355,20727,19271,19218,17118,16353,17133,16895,17576,18509,16050,14237,12052,13219,12212,7823
N:CTCGG,27080,23076,35564,34881,29947,33018,30163,27647,28458,25061,24437,24626,25981,25982,27199,23306,20717,17575,20252,17837,11825
N:CTCGT,25322,17374,30760,27692,27221,25979,23789,23566,22848,21240,19497,21481,19049,21367,22811,20190,17677,15504,15673,15725,9473
N:CTCTA,275931,216680,259065,214429,233583,206819,183439,189889,181482,161919,145832,162535,136069,171169,167518,170896,137590,126379,117055,122301,67467
N:CTCTC,430654,371525,496750,429019,421658,402409,366403,372212,351837,323889,301062,323127,293571,335395,331790,319008,267176,239264,231916,236505,137243
N:CTCTG,420067,291380,443999,398377,389486,378485,337820,333310,336965,290940,274802,285164,274539,309656,301640,292801,246410,215497,219859,214832,127202
N:CTCTT,401194,279606,409915,346100,363917,328519,293370,301363,287065,262078,239830,264403,228709,267796,271830,264970,220101,199352,189749,195424,110680
N:CTTAA,265326,183784,257561,212413,237896,201002,178730,186540,167074,161865,141614,167131,132053,165782,167487,167602,135809,130136,114222,122376,65617
N:CTTAC,173103,135306,174265,145470,156631,137528,123039,127181,118253,109624,99329,112733,92933,114367,115296,113296,93533,85790,78532,83709,46022
N:CTTAG,225100,155101,217940,184194,198481,174478,154064,160230,151391,137107,125044,140047,116542,144829,144477,143592,116387,106494,99431,104924,58084
N:CTTAT,280539,202480,256339,205621,237521,198751,175551,185034,166518,157098,135670,162545,124273,164683,161750,168835,135711,129224,112588,119406,63311
N:CTTCA,379535,269263,365102,307245,334018,293091,258312,269791,255443,230242,206329,231684,193367,241675,242027,241444,195611,178878,166827,175323,95238
N:CTTCC,341184,245697,370489,322261,322094,303690,272675,273106,268510,243948,224570,238631,218486,253454,253612,239791,202440,179078,175223,179972,103657
N:CTTCG,30469,21770,33042,29796,30139,27806,25702,25384,25104,22544,20465,23087,20314,22312,24230,21767,18636,16659,16706,16557,10075
N:CTTCT,532265,377552,512142,426811,460655,410707,361495,375998,359651,322205,291978,324966,272969,333343,337827,334252,274184,246283,233764,245150,134688
N:CTTGA,291857,201957,278589,233939,251400,224467,198536,203107,194520,175047,159081,177310,149634,182876,185039,180425,148973,136032,127308,132202,73710
N:CTTGC,203274,130558,213283,183658,186122,172646,155277,157082,154354,136690,128075,135223,123821,143095,144711,137360,114866,102331,100207,102248,58554
N:CTTGG,268791,187363,268907,236317,235021,223076,198635,199463,202680,175082,164129,172559,159811,183927,183809,176509,147802,129315,130303,129997,75778
N:CTTGT,300976,215129,289729,243201,260746,229829,205701,212522,203423,182002,164154,182920,152587,190435,190398,188716,153589,141262,131735,137375,75662
N:CTTTA,392053,267118,360372,295518,333943,285134,250033,261301,237317,223502,195455,231383,180257,233315,231887,235980,188652,179934,159915,169079,91349
N:CTTTC,473048,337099,456656,380015,417095,363474,317983,335276,313508,286764,255298,289135,238765,297402,300301,298929,240738,223517,205419,218636,118621
N:CTTTG,394365,289660,380821,322795,344662,305044,267626,278443,264365,241324,217004,243025,203386,251434,254346,250507,201154,185227,173902,182821,100628
N:CTTTT,616218,431177,546957,448270,506433,432446,374566,401173,364802,336364,296097,347685,272151,350359,352053,359939,284367,270134,242559,256473,138501
N:GACAA,261768,194132,250937,209655,228340,201122,177211,184078,175227,157778,141236,158327,131025,166103,166198,165802,133347,123373,114544,119942,64874
N:GACAC,200923,137552,205821,180247,182911,169727,154036,152976,153835,133932,122586,132541,116810,139759,141080,133664,111621,100525,100211,99125,55756
N:GACAG,266179,204270,288727,258483,251677,244290,220395,215783,216157,188301,177894,186832,177426,199817,197383,190339,160714,139713,143262,140197,81503
N:GACAT,221750,194369,225196,189619,202319,179091,160774,165730,157324,145397,127794,144763,119680,152966,151861,149584,122281,113391,103769,108908,58831
N:GACCA,207047,148611,199758,174080,175804,165644,147475,148129,151062,128331,118983,127324,115302,135277,135451,130076,108737,95330,96378,95248,54600
N:GACCC,128779,99610,130694,119582,111999,113059,102833,98676,104551,86288,82479,85177,82514,94051,91144,85743,73295,61697,67473,62636,38575
N:GACCG,14389,12661,18071,17145,15323,16234,15120,14321,14206,12517,12054,12923,12427,12964,13686,11798,10417,8913,10165,9176,5930
N:GACCT,181353,133866,180787,160054,157488,152881,136583,134544,139051,117081,111001,115562,108731,125337,123443,118809,99961,87724,88340,85959,50752
N:GACGA,19225,15840,22461,20244,20196,19061,17415,17235,16823,15722,14224,16015,13752,15644,16714,14918,13085,11534,11485,11445,6880
N:GACGC,11674,9879,15638,15469,13439,14428,13679,12093,12221,11303,10913,11421,11543,11383,12160,10325,9265,8032,9215,7969,5372
N:GACGG,19155,12130,23279,21946,20257,20959,19357,18221,17849,16187,15378,16300,15498,16266,17414,15190,13300,11363,12575,11670,7424
N:GACGT,17353,14092,23483,21462,20789,19743,18449,17715,17279,16190,15153,16930,15015,16567,17987,15466,13621,12110,12319,11961,7580
N:GACTA,172592,120108,156366,128479,142971,123674,108114,113970,106555,96932,87435,99052,79801,101830,101095,102947,82990,77282,69556,74525,39930
N:GACTC,148001,104299,163910,144557,143623,136110,122247,121934,122516,107928,100740,105698,98086,114334,113571,106714,90921,79433,79314,79345,46042
N:GACTG,209944,140308,215725,187600,191492,177747,160131,160161,160437,138511,130639,137678,124058,148085,146005,140970,117719,104678,103249,103851,59585
N:GACTT,226509,159521,227671,193315,206025,182045,161143,167602,158707,145754,130901,146982,122759,150972,153221,148356,121009,111590,104309,110031,61154
N:GATAA,270071,185258,240289,192309,224511,188307,165327,175347,157415,148622,127250,153347,114201,154663,152327,158867,127859,121864,105684,113620,59101
N:GATAC,167530,115019,147675,119902,135543,116907,103205,107257,102483,92013,79781,93986,72524,95672,95786,97043,78018,72725,66335,69186,36612
N:GATAG,209550,146323,198701,160242,177769,155302,138538,143962,134570,125033,107787,126801,99922,128709,126795,126456,105659,96272,89318,92848,50727
N:GATAT,332252,243046,268305,208198,253315,207491,182013,194685,179164,161237,134541,166603,118905,170018,163871,178165,140041,134381,117364,122164,62261
N:GATCA,211695,151941,190763,157404,173683,152283,134274,140066,135961,117857,106130,120435,97505,124865,124831,124290,101279,92744,86472,90309,48842
N:GATCC,183945,134765,161181,135701,143060,132219,117830,119488,122752,101148,93371,100769,88320,105403,105319,105450,85500,75843,75829,74409,42142
N:GATCG,17420,16076,18103,16453,16571,15662,14286,14061,14009,12437,11205,12788,10787,12601,13333,11838,10307,9198,9291,9079,5445
N:GATCT,255399,186639,225187,189315,204449,185174,161887,166365,166310,140391,129167,143299,121574,147176,147985,146487,119530,107650,104986,105852,58722
N:GATGA,252862,201930,246799,207892,222625,197394,176539,181033,173842,158249,141277,158038,129836,166561,164113,162700,133750,121250,112098,118681,63906
N:GATGC,171059,116670,175981,152160,157176,142798,129713,130552,127735,115184,103446,113583,98263,119256,119233,116540,96875,86384,82729,84757,47330
N:GATGG,273669,191166,263758,229902,232508,219612,200167,196752,199675,170875,158320,167136,150662,178381,175145,171749,145201,127500,126204,125374,72026
N:GATGT,238159,176610,230867,195743,210546,184914,167171,171747,164295,149232,132536,149689,123007,154508,156241,153726,125182,114789,106350,111722,60821
N:GATTA,206162,144488,189076,153544,175860,149403,132336,137217,124501,118002,101630,121996,94662,122795,120874,125178,99527,95824,84086,88517,47399
N:GATTC,192038,138240,181014,151084,164361,144299,128863,133239,129479,113654,101935,115351,94812,118280,119758,118926,96075,88242,82048,85360,46722
N:GATTG,194259,153548,176838,145911,161867,141097,125502,130667,126118,110513,98071,112421,89967,114789,115030,116280,93622,86733,80456,83725,45828
N:GATTT,380836,286627,335233,274100,313944,265185,231789,245265,224080,207561,181065,214648,166220,215675,215088,221681,175999,167473,149708,158588,83803
N:GCCAA,185793,131306,185690,161717,164313,151375,135528,136990,136296,121098,110798,119849,105755,125189,126545,121396,100999,90657,88461,89697,51850
N:GCCAC,142953,104651,158279,147171,133605,137320,125424,119193,125546,106575,102120,103878,105172,111384,112972,101644,89580,76911,82151,77800,47286
N:GCCAG,230430,138457,239985,221166,203880,209615,187088,181375,189170,156668,154640,153978,159771,169070,164704,154606,134144,113943,122866,115534,70572
N:GCCAT,220582,150298,219431,190322,194327,178330,162181,163438,161021,142373,130824,141301,124957,149011,148248,144438,120400,107228,103878,105980,60111
N:GCCCA,177064,123055,184783,168864,157568,157832,142477,139868,144664,121674,117994,117911,117394,129239,128164,119352,102333,87583,93750,89561,53135
N:GCCCC,133600,88299,134474,126052,114228,120592,111811,102168,109303,89791,86787,87436,90116,96303,92875,88077,77876,64109,71503,65112,40248
N:GCCCG,19372,13655,23391,23883,19668,23398,20864,19040,19677,16670,16380,16469,18438,17436,17721,15243,14297,11363,13828,11667,8194
N:GCCCT,173087,117989,180088,165207,153710,157174,139529,136385,142758,118709,114666,114226,117063,127904,123926,116791,101048,85885,92850,86902,52634
N:GCCGA,22846,14913,24152,22166,21033,21300,19183,18529,18798,16304,15471,16596,15241,16654,17424,15845,13505,11945,12548,11950,7215
N:GCCGC,14581,9048,17927,18140,14569,17500,15834,14055,15034,12834,12705,12491,14034,12963,13617,11561,10728,8825,10774,8925,6302
N:GCCGG,21873,9921,24662,24303,20638,24210,21963,19500,19795,17466,16830,17082,18613,18163,17638,15893,14242,12029,14297,12201,8252
N:GCCGT,14624,10356,20115,19507,17365,18096,17032,15812,15179,14296,13787,14230,13930,14398,15334,13406,11706,10098,11204,10411,6618
N:GCCTA,140844,93742,133049,113405,117539,108311,97425,98474,96997,84287,79325,85046,75456,90082,88465,86201,71026,64260,62708,63214,35950
N:GCCTC,194406,125387,204317,192262,173888,182721,164224,157212,162320,136135,133588,132591,140972,145998,141883,133322,116706,99428,106833,99115,63027
N:GCCTG,202152,139378,224310,211285,188828,198964,177821,171297,179182,148894,149296,144288,155446,160824,157745,146201,126504,106988,118316,108977,67823
N:GCCTT,226774,160270,231965,206549,203706,192525,171384,173768,175478,150041,141909,150295,140188,159430,161652,153307,126749,112350,112674,112374,65646
N:GCTAA,179848,103787,174859,146529,160787,139282,122188,127418,117276,110347,98303,112526,91155,114169,114656,114429,92300,86002,78636,84442,45438
N:GCTAC,126690,72258,126779,110301,112738,104668,94559,93624,91312,81736,76205,83330,75648,86992,85847,82847,69335,62457,60960,61950,35736
N:GCTAG,153321,91889,150581,129272,129958,121821,108430,109645,106754,94691,89123,94366,85779,99107,97727,95666,79726,71097,69277,70279,40420
N:GCTAT,213264,119591,193576,158572,177210,151534,134212,139618,130335,120682,105707,122941,98159,125950,123983,126868,103175,96066,85746,91067,49688
N:GCTCA,185767,123363,214993,192839,184779,181382,165737,159644,161080,143399,135585,137476,135301,151799,148475,139280,118141,103789,104974,104950,61471
N:GCTCC,180144,105497,186794,167753,162894,159246,142600,139523,143900,122486,116212,118938,113883,130223,128522,122497,103420,90150,94373,89833,52998
N:GCTCG,18110,13819,23297,22221,20338,21195,19368,17931,18057,16156,15673,16073,15804,16685,17616,14986,13537,11460,12487,11696,7360
N:GCTCT,230599,143944,253735,227666,221005,213494,191347,188797,190177,165130,158435,162033,156321,176017,174709,166410,140015,122188,125467,122531,72784
N:GCTGA,237599,154159,247636,216780,217665,204449,183481,185190,182289,160934,149302,156463,144482,168788,168904,162079,134653,119463,118861,119158,67734
N:GCTGC,164200,99645,183763,168112,158826,156399,141211,139086,141157,121982,117542,117547,117328,131264,129939,120521,102394,89039,92992,90269,52831
N:GCTGG,231381,130640,255262,239437,214453,225894,204468,192924,203212,168849,168166,164839,175853,180401,177410,163629,142922,120904,133008,124501,77194
N:GCTGT,228728,136359,249778,221991,219838,207838,187640,185807,184988,163048,152716,160798,150368,171726,173769,162859,137378,121797,123259,122066,69929
N:GCTTA,142169,98226,153458,130127,138114,121082,108855,111448,102412,98179,88826,100109,83952,103813,102505,99222,83048,77021,69081,74493,41361
N:GCTTC,228040,142521,232733,201686,206785,191211,168650,171811,168146,149469,139606,147989,132470,157390,158644,151731,126617,112410,108418,112864,64135
N:GCTTG,181984,110183,199087,175089,172373,161921,146261,144581,143659,129384,120944,127545,118040,134350,134598,127185,107757,95801,94902,96262,55478
N:GCTTT,299628,208546,304393,258839,275771,242797,213281,222229,206562,193517,176421,196125,164048,202542,205651,200064,160966,148716,137667,147640,81298
N:GGCAA,195459,154465,191761,165716,170243,155913,138445,141366,138691,123158,114523,123588,109251,128123,129568,124783,103810,93179,90568,92669,53139
N:GGCAC,122318,89759,132949,121628,114989,114258,102020,100970,103405,89064,84512,85582,84724,93730,93022,86315,74222,64395,66567,65399,38644
N:GGCAG,230880,164135,256351,238714,216231,224576,203168,194223,203101,170749,168726,166606,175212,182417,178457,166719,145478,124045,133387,125328,77281
N:GGCAT,212339,154202,204685,174981,181648,165091,148644,150358,149555,130733,119086,129997,114718,136931,136932,134494,110547,99694,95494,97688,54663
N:GGCCA,192656,135707,196847,180838,167960,170022,153576,149324,155912,129854,125294,126867,127250,139024,137361,129320,110511,95005,101649,94803,57660
N:GGCCC,130078,89231,122930,114281,105022,109043,96597,95000,99293,80358,77707,77280,78533,87849,84516,80251,69991,58494,64643,58978,35944
N:GGCCG,24697,12812,25008,24361,21349,23658,21292,20195,20251,17204,16864,17069,17529,17862,18172,16532,14249,12400,14112,12154,8017
N:GGCCT,194736,125466,187631,173521,161373,165608,145395,145501,150636,121876,119385,119294,122214,133269,129825,123725,104465,89529,97023,89168,55140
N:GGCGA,22069,16638,23264,21771,20454,20634,18991,18242,18498,15757,15143,16010,15225,16210,17190,15133,13333,11621,12326,11513,7051
N:GGCGC,16589,7962,18570,19067,15501,18711,17084,15156,15690,13046,12958,13491,15142,13925,13839,12251,11282,9008,11340,9301,6703
N:GGCGG,26621,12872,29068,29208,24067,29195,26414,22896,24328,20506,20413,20749,23153,21312,21704,18751,17849,14182,17581,14403,10361
N:GGCGT,23760,14294,26719,25569,23110,24676,23301,21024,21404,18690,17426,19094,19050,18702,19415,17317,15213,13391,15190,13158,8759
N:GGCTA,176140,99360,164004,142289,145491,136347,121113,121761,122223,104452,98302,105732,96162,110329,108895,106332,88638,78271,79014,78792,45262
N:GGCTC,138393,84424,165105,156016,138011,145582,134944,124831,132206,112685,110088,106892,113692,120141,116584,107440,94189,79320,86270,80453,50415
N:GGCTG,213509,130707,242532,229393,204190,215014,196399,184662,195340,162550,161094,157657,168746,173409,171579,156526,137898,116007,128410,119234,73514
N:GGCTT,200738,138691,219191,194628,189221,180934,162369,161593,160696,143132,135584,141767,131951,150814,151850,141393,120165,105066,105049,106379,62313
N:GGTAA,171381,128571,159592,132999,144823,127436,113485,117531,110111,100832,89795,103021,82529,105581,105247,104900,84509,79316,72749,75706,41019
N:GGTAC,129921,87208,113558,94968,101433,92074,80573,84360,83015,70556,64491,70602,60462,76345,74035,73534,60580,53723,52574,52864,29203
N:GGTAG,156850,116052,152311,129846,133638,123121,111457,111663,110335,97112,89422,97066,85474,102124,101396,99228,82935,73708,71391,72559,41292
N:GGTAT,215830,143602,181274,145536,165195,142910,124523,130883,127075,111336,96759,112535,88185,114555,114863,117507,94521,87810,81163,83523,44281
N:GGTCA,171375,128912,178709,158521,155816,148885,134135,132363,134005,116442,108869,115205,105262,122601,123684,117063,98909,85803,86717,86386,50002
N:GGTCC,142176,105009,136085,122426,118107,117294,105580,103472,108953,88898,84201,87209,83798,96514,93296,90474,76034,65139,68869,63896,38507
N:GGTCG,15623,11888,16511,15647,14465,14695,14253,13177,13492,11337,10838,11893,11261,12068,12488,10791,9573,8296,9207,8256,5315
N:GGTCT,202392,148932,197998,174265,172226,166939,148039,146654,152407,127537,120607,126680,118638,136445,134254,128095,107893,94426,97557,94484,56030
N:GGTGA,185641,140689,191556,168452,169467,158957,144048,143707,144820,124205,115571,121630,111249,132774,132227,125098,105603,93272,92959,93004,53263
N:GGTGC,111069,81333,118947,107951,102304,102467,93488,90433,94470,79337,75527,74849,76199,83473,82627,77949,65518,56657,59743,57457,33961
N:GGTGG,232728,144915,235411,215918,202286,204243,187928,176922,185908,156795,147827,152637,152985,164114,162997,153330,132863,114157,120372,113415,69114
N:GGTGT,196620,150928,199078,176539,176147,166369,151899,149135,152522,130256,120789,129316,117518,134686,137657,128599,107929,96587,98512,95883,55064
N:GGTTA,156510,103507,150887,127563,136690,119692,107914,110121,103984,94683,86905,97774,80638,99546,99770,98554,80866,74693,69486,72059,40003
N:GGTTC,155343,112807,156546,136244,136849,129372,116037,115945,117006,101683,94245,100923,91185,106697,107007,101001,84517,75087,75583,75070,43288
N:GGTTG,178955,121175,177438,153237,156667,146293,132027,131049,131457,113873,105797,115675,103139,119354,120649,116912,96899,86147,85610,85888,49900
N:GGTTT,303113,222122,283370,239456,257038,230383,203220,209233,198918,179711,164036,184633,155987,187252,191197,186301,149886,138962,132752,135114,75880
N:GTCAA,194907,133837,188398,157239,171464,148325,132172,136568,129948,118554,105407,120502,96961,123262,124197,123044,100109,93471,84786,89616,48299
N:GTCAC,147686,110589,165352,146971,147273,137288,124980,123767,122450,108759,100754,106379,96890,113646,116031,109062,91701,80915,81481,81371,46295
N:GTCAG,200127,143072,213974,187939,186985,176794,159674,158953,158014,138846,130291,136729,126805,146388,147149,139758,117400,103078,103305,103337,60067
N:GTCAT,190283,141787,199576,168590,179326,157813,144627,144917,135578,128503,114212,129841,106385,135038,134358,133621,108609,100693,91233,97544,52851
N:GTCCA,193713,153667,182198,157115,162428,150190,133079,135805,139579,117706,107489,115534,101387,123796,122668,119751,99839,88754,87767,86261,49000
N:GTCCC,159344,127715,154851,140545,134285,134192,118902,118348,123405,101839,95764,99214,95013,110154,106708,101505,86995,74108,79445,73966,44327
N:GTCCG,14492,12050,16332,15129,14112,14944,13608,12856,13038,11405,10834,11627,10992,11923,12318,10634,9577,8095,9066,8159,5226
N:GTCCT,221091,164276,223445,197359,194433,187647,166963,166974,170259,144053,136630,141612,134548,155887,153368,147821,122692,107911,109711,107371,63122
N:GTCGA,19664,15892,18688,15945,17391,15619,14252,14254,14385,12298,10977,12766,10101,12814,13070,12121,10192,9164,9246,9274,5198
N:GTCGC,11567,8669,13603,12939,11925,12358,11657,10818,10559,9630,8949,9759,9322,9745,10345,8852,7913,6859,7532,6754,4416
N:GTCGG,19088,8757,20809,19581,18436,18459,17277,16239,16538,14416,13579,14452,13769,14524,15224,13730,11974,10233,11190,10313,6371
N:GTCGT,16210,13273,19187,17670,17113,16253,15343,14711,14240,13427,12114,13814,11793,13172,14377,12844,11141,9923,9889,9670,5855
N:GTCTA,166149,129078,163122,138530,146533,132026,116162,118895,113497,103304,93952,105287,89568,109779,107607,106558,87634,80819,75783,78337,43155
N:GTCTC,241538,176173,245606,214750,216153,203879,183797,183581,182721,158480,147380,158195,143799,168093,165830,161013,132902,118842,117808,117836,68232
N:GTCTG,223743,167553,241261,212915,211514,202349,181912,179410,180364,157543,148314,155738,144739,167482,166455,156970,132178,115808,118195,116351,67430
N:GTCTT,287008,194852,282103,238693,255262,227652,200546,207044,199174,179369,162742,182053,152310,185638,188685,183386,151401,137997,129710,135831,74927
N:GTTAA,194582,135979,191567,158141,178447,149756,134837,138649,123128,120242,105439,125331,97071,124025,124734,125751,102352,98514,85085,91791,49071
N:GTTAC,130864,95968,129117,107288,117979,101472,91635,94627,87089,80444,71595,83719,67220,84171,85543,84474,69005,64661,58473,61379,33821
N:GTTAG,162054,103530,156410,130691,143480,124541,109201,115717,106837,97975,89454,100784,81848,102355,103112,102760,82726,76918,70756,74896,40905
N:GTTAT,230876,156988,210145,167764,196117,163101,144030,152131,135804,128955,110641,135339,99525,134406,132468,139644,111136,106938,91893,98406,51032
N:GTTCA,236587,161829,234709,198566,211047,188379,169821,171657,163290,148662,134231,150879,128091,156659,155265,154436,125505,115667,107887,111934,62062
N:GTTCC,215118,146269,203499,173596,181005,167684,149144,151252,149278,129399,118996,129854,115375,137166,135249,132855,109550,98139,96622,96309,55067
N:GTTCG,19902,15855,20410,18987,18077,17926,16753,15717,15686,13982,13068,14579,13608,14244,15154,13114,11551,10253,10837,10270,6612
N:GTTCT,319282,245272,305860,255909,276321,244224,215327,224273,215232,192245,173463,194964,160239,200427,202594,198647,161389,148194,140436,145986,79931
N:GTTGA,220629,154625,201079,165657,184826,158881,140126,147212,140168,125835,111156,128689,100430,129958,131632,131647,106405,98880,90661,95695,51124
N:GTTGC,129997,88852,131233,112662,116504,105903,95899,96442,94489,84766,77082,86059,74613,88163,89725,86717,71586,64615,61560,64555,36013
N:GTTGG,204386,139790,196092,168634,175902,159331,143201,144872,145218,125518,116038,126601,108743,130535,131649,128483,105975,94516,92656,93674,53430
N:GTTGT,258245,197478,239742,198222,219803,193118,170065,175311,167328,149463,134383,154332,125713,154719,157739,157801,126356,117218,110509,114481,62293
N:GTTTA,265798,186535,252134,205336,235897,196080,174868,183575,161787,155977,135451,162128,123613,162144,162680,168048,132324,127602,111844,119431,62857
N:GTTTC,306440,226226,284999,238535,262989,228953,202227,210312,197012,179185,160556,183467,149957,186802,190059,188588,151454,140775,130991,137111,74452
N:GTTTG,318714,246122,309666,261215,281743,248228,221431,228985,212807,194864,175680,199765,166624,202320,203767,205226,163180,151905,142306,146823,81401
N:GTTTT,532468,428325,476998,392099,446242,378886,330162,349229,313674,295490,259338,309298,241972,305593,309331,316923,248061,238931,214172,226852,120981
N:TACAA,322848,237088,290019,232632,270889,226980,199814,209955,189639,178268,153136,184610,139970,187537,184831,194049,152279,146645,129430,136086,70978
N:TACAC,200026,161173,214464,181160,189913,170025,159737,157574,146621,137995,123664,141463,119553,142008,142466,139091,113853,106474,100934,103254,57649
N:TACAG,306160,209719,287382,242115,263414,233836,207101,212875,205749,182041,163327,185071,156187,191430,190428,192362,153458,143443,134289,137745,76014
N:TACAT,362980,248146,345303,277909,315783,265609,243661,248248,220651,214146,182031,222822,171053,224619,218060,228433,182286,176148,152472,160752,85130
N:TACCA,238370,166543,214915,177541,193377,170179,150417,156182,150598,133233,118871,135898,109831,140552,140836,140542,113321,104640,96893,101152,54795
N:TACCC,166024,108803,149971,126066,133202,121056,108237,109983,108638,93983,85673,93812,81044,99500,97165,95914,80611,72005,70202,70062,39273
N:TACCG,20107,13919,20698,18409,18767,17418,15945,15847,15412,13788,12736,14410,11701,14131,14747,13816,11715,10588,10181,10125,5804
N:TACCT,249481,186168,221161,181344,199752,176894,155447,162429,155896,138837,123196,139105,114078,144424,142789,144899,116901,107326,100607,103316,55925
N:TACGA,16558,12498,19031,16538,17767,15182,14124,14199,12938,12785,11285,13537,10655,12901,13577,12730,10819,10154,9038,9642,5529
N:TACGC,10280,7132,13289,12037,11921,11677,10547,10036,9765,9122,8174,9510,8194,9041,9752,8947,7614,6931,6772,6928,4195
N:TACGG,15635,12141,18637,17017,16719,15825,14748,14178,13817,12862,11805,13425,11778,12629,13941,12275,10621,9585,9560,9537,5767
N:TACGT,26539,19330,30156,26451,27953,24779,22774,22654,20507,20237,17724,21395,16916,20277,21388,20582,17148,15885,14653,15053,8792
N:TACTA,230478,157869,191265,151390,179277,148782,129354,138696,121309,114657,97375,120327,87299,120276,117659,127825,99449,96080,82202,87702,45218
N:TACTC,190783,132841,174238,142302,159513,136883,120853,127153,119745,107435,95126,109628,87585,113084,112570,114249,92470,85510,77945,82092,43856
N:TACTG,232284,162361,218649,182251,200902,173654,154258,159593,149294,136803,121837,140381,113412,146144,145089,146122,117404,108848,99304,105482,56535
N:TACTT,312862,221633,282423,227521,264301,220050,194667,204478,178782,173862,148547,178903,136571,181518,178785,187875,149493,142525,121979,133023,69355
N:TATAA,440293,281906,387170,300360,366252,296094,263351,275843,234530,233435,192482,247333,173421,243160,234036,259500,205281,201976,164918,176076,89588
N:TATAC,250447,171768,221245,174741,202767,170107,153858,158471,140802,136108,114295,142044,105777,140526,138721,146993,116341,112527,98306,102552,53516
N:TATAG,282809,184409,243689,192846,225379,189027,166749,174651,156350,148222,126791,153126,116711,156841,150830,159182,127552,121915,106295,112388,58834
N:TATAT,693910,414831,581034,440061,541052,437275,400506,414858,349813,353652,279941,377499,260182,363295,341464,390674,309586,304291,247275,262314,131298
N:TATCA,328699,219097,283147,222368,265174,219856,193111,204686,186056,172889,145202,177984,129903,180530,177843,186813,148661,142814,123952,131544,67530
N:TATCC,246877,160561,202832,164365,186437,160967,141293,149168,143360,124470,109186,127064,97987,131208,128590,133791,107332,99607,91468,94028,50221
N:TATCG,21171,15748,20860,17814,19510,16967,15558,15691,14626,13778,12038,14533,10900,14073,14362,13940,11620,10830,9907,10441,5725
N:TATCT,382659,294240,348127,276113,320021,270219,239124,251712,229592,215772,182931,221156,166764,223256,217986,225991,183960,171991,153386,161803,85233
N:TATGA,320829,219313,285180,227674,266113,220177,196884,205323,182693,174935,147715,181455,134708,185057,179855,190133,151591,146118,124106,133181,68600
N:TATGC,211550,140525,197715,158832,179195,152978,136956,143166,129410,122833,105138,124424,97231,128242,123960,128907,103250,98940,86912,92417,48811
N:TATGG,247741,170262,219051,180132,198561,173871,152869,160407,154053,136480,120448,138255,110803,143491,141584,143812,116274,109029,98702,102901,55532
N:TATGT,396300,274187,381781,307148,345929,293391,269536,272923,244293,237522,201677,247272,189616,243733,239793,249580,199082,191826,169374,177575,93634
N:TATTA,426780,292887,365519,283309,348011,280194,248191,260760,223190,220326,179491,233556,161315,230073,219592,244587,191939,190593,156001,166275,83459
N:TATTC,319023,237458,279495,220959,262119,216019,189367,201953,179449,170670,144082,176399,129881,176927,174444,185394,147917,142989,121647,130431,66647
N:TATTG,319618,219407,274466,216911,257153,212378,186926,196796,178595,165944,139820,171949,125530,173352,170719,182969,143542,139225,120406,127341,64897
N:TATTT,736931,509118,657145,519478,624987,507389,450734,470964,397179,399607,331018,420361,305158,416252,400333,442219,345684,343319,284689,303565,154850
N:TCCAA,339549,259935,302455,252551,275774,242446,212874,221299,218006,189424,169106,191785,156239,198053,198691,198593,161051,147733,137979,142242,77703
N:TCCAC,266848,174218,247936,211200,224432,204297,182147,185568,187080,158058,144518,155365,135577,165450,164956,162390,133762,119403,117690,117407,65603
N:TCCAG,356837,238786,346239,304364,303470,291286,257289,258419,265858,222189,210480,219431,207269,237123,233044,227351,188553,165134,168098,165038,95726
N:TCCAT,406180,271385,361532,299510,329163,290048,256512,264851,258576,226574,200227,225893,181841,236718,232929,237321,191738,177196,164435,170257,90846
N:TCCCA,345824,240241,336485,297465,294034,281818,252403,251372,256548,218037,203777,215342,201576,232196,227257,220222,185144,162620,163957,160471,94310
N:TCCCC,256044,161374,252026,222690,219297,210590,194391,188392,191410,163252,153874,162100,151550,173569,171361,164080,140029,121810,123988,119634,72016
N:TCCCG,35197,24500,37651,35122,32685,34621,31312,29352,30469,25790,24806,26477,25459,27205,27854,24477,21796,18551,20624,18565,11720
N:TCCCT,342716,250410,346219,300680,300873,284376,257669,259378,258447,223895,208826,221430,200029,236711,234467,227011,189361,167809,165641,165555,95793
N:TCCGA,18857,16901,23601,22264,20815,20506,19341,17986,18369,16452,15524,16787,16233,16537,17975,15732,13880,11898,12782,11950,7732
N:TCCGC,17302,9997,19546,18968,17210,18867,16821,15693,15663,13695,13253,14032,14375,14056,15021,12971,11615,9521,11208,9908,6617
N:TCCGG,29558,19272,30405,27873,26350,27228,25112,23644,24049,21033,19465,21044,19850,21444,22325,20239,17342,14978,16476,14878,9243
N:TCCGT,24815,22300,31412,29181,28114,27188,25639,24140,23178,22127,20417,22537,20278,21908,23791,20377,18234,15876,16548,16072,9942
N:TCCTA,254287,192842,236493,197800,213693,189448,166301,174603,166252,148463,133554,149626,123799,156027,155193,155596,126601,115878,108284,112274,61306
N:TCCTC,344386,241782,355118,305279,310616,290922,262468,263752,261426,230661,211486,227760,203688,239674,238640,232762,192557,170970,169569,169021,98106
N:TCCTG,364166,269031,368196,324273,321197,308579,275954,274763,282543,239848,226591,234847,221763,254519,253528,242698,201092,176598,181698,176939,101874
N:TCCTT,474448,340339,451475,374863,406743,361221,317169,331705,316354,285121,255701,285906,239167,296551,298561,297071,239721,219481,205441,215184,118249
N:TCTAA,301266,239002,280770,228009,262051,219679,193054,202985,180809,174155,151564,179298,138750,182722,180942,186142,148326,142227,124477,134162,71159
N:TCTAC,227019,166000,211548,176724,193199,170218,151609,155764,148394,133610,118655,136082,111795,139452,138518,140595,113935,104604,97583,101134,55153
N:TCTAG,248175,189999,232958,194373,208213,184812,163937,168760,162003,145987,132380,146038,123647,152978,150855,149637,122947,112394,105269,109893,61096
N:TCTAT,367422,277283,340225,272307,312130,264668,235091,244835,220659,210588,179398,217202,164415,220590,214167,220546,179626,168977,149369,158450,83359
N:TCTCA,386840,272052,380990,323335,342685,308718,273113,281177,271024,240909,220709,243240,208461,255153,252090,250036,204917,187182,175054,182076,101114
N:TCTCC,329559,242719,345985,299964,301021,282623,254344,256229,255172,223865,209098,221863,200571,234160,236033,226321,187481,166010,164412,164997,94854
N:TCTCG,33857,28007,36879,33640,32699,32144,29252,28227,28301,24964,23586,25787,23578,25566,27196,24336,20738,18373,19172,18578,11153
N:TCTCT,655052,552724,697408,589456,609337,558740,503548,518156,484542,447538,407875,450100,392659,461038,456566,451291,372262,338261,320075,331829,187138
N:TCTGA,379564,308171,374969,320672,337384,308656,271410,276659,270335,239787,219131,239614,209195,253233,250246,245541,201836,182500,175801,179530,100816
N:TCTGC,272444,196534,289531,257116,257072,242004,216506,217677,216817,189233,177551,186680,173599,199771,197560,190456,160136,141224,141701,140726,81753
N:TCTGG,362398,231369,345276,300216,303765,288052,253650,257028,261346,219267,207005,217481,200079,232901,230608,224692,185719,163036,165847,162648,94047
N:TCTGT,477568,356368,475666,406906,429215,388270,346967,352606,339755,302698,276427,305395,262852,317794,316031,313911,255742,232307,223294,228725,126101
N:TCTTA,332573,232606,315991,257292,291319,247613,218294,228857,207384,195639,172630,202663,158957,201770,202920,206842,167431,157993,140088,149825,79991
N:TCTTC,468016,337058,459792,383158,412888,367573,326194,337488,322050,292076,261201,293822,246967,300546,303518,299436,246163,222289,210920,220081,120926
N:TCTTG,365456,252511,341179,283572,307375,272383,240201,250059,239976,213216,192836,215723,178849,221707,224213,222629,180831,165067,155967,160789,89200
N:TCTTT,743627,528469,665887,545005,616533,528638,455834,486397,446565,410465,358928,421992,331537,422803,426800,435360,344929,326729,296597,312775,167425
N:TGCAA,292378,198818,265365,219511,246432,210639,188436,195284,186230,167626,145963,166934,134371,176315,173885,178434,141477,132185,118941,126204,67355
N:TGCAC,158794,124430,181722,162230,160269,149097,140374,136984,133494,120800,112914,117007,109321,125917,127062,119706,98040,89777,87360,88584,50531
N:TGCAG,262169,190247,272496,242165,245273,226459,205145,207618,207120,179518,167099,173651,159704,192677,188526,183467,150327,133941,132126,133401,75406
N:TGCAT,300038,205181,303620,253210,272150,236348,218079,221677,205997,194229,169373,192148,159891,202647,197758,198113,160329,151050,135359,144306,77369
N:TGCCA,252607,192903,252483,220436,222284,206662,183676,186737,187414,163221,151161,161600,146777,171913,171304,164704,138358,123387,120037,122633,69907
N:TGCCC,191605,143183,193285,173407,167508,164857,147522,145441,151259,125991,121104,122800,119554,134642,132257,125374,107750,92555,96792,92665,54795
N:TGCCG,22738,15059,27338,25735,23613,24439,22326,21247,21100,19326,18043,18720,18142,18947,19898,17672,15605,13662,14725,13802,8500
N:TGCCT,294048,211416,312644,281462,269707,263881,238756,233494,234981,205166,196543,202654,199433,215699,214519,204562,172348,151712,154469,151985,90524
N:TGCGA,18263,15142,20436,19017,18820,17826,16487,15886,15386,14425,12737,14361,12589,14485,15296,13780,11773,10582,10584,10317,6155
N:TGCGC,17082,9180,22093,21594,18704,20367,19122,17825,17282,15560,15110,16227,16220,15736,16486,14502,13086,11472,12619,11304,7231
N:TGCGG,19350,12938,23201,22500,20314,20895,19614,18217,18245,16120,15463,16201,15786,16438,17694,15517,13615,11455,12800,11709,7429
N:TGCGT,24722,17352,33232,30593,28792,28098,27033,24758,23557,22672,21128,23149,21247,22916,24043,21778,18309,16797,16990,16547,10259
N:TGCTA,233142,146114,226281,187880,205129,177590,157621,163421,150046,141799,125224,144286,117496,148340,147567,148271,120367,112290,99741,107698,58534
N:TGCTC,227311,153746,245497,217777,218338,205237,183635,182372,183311,161400,150922,157132,146790,170809,169066,161651,135539,119788,120264,119796,69024
N:TGCTG,329842,205189,344127,303674,303053,285737,256104,258237,257181,224115,210308,218323,205667,236084,236935,224718,186086,166518,167625,166649,95038
N:TGCTT,352441,229581,365332,308429,329607,289323,256867,265950,247370,231911,210594,233338,196954,242956,243432,237887,194332,179569,164727,177012,96585
N:TGTAA,324187,248369,312454,256121,290598,244404,219436,226872,204974,194905,167437,202449,157283,204525,201911,208316,166503,159325,139242,147684,78614
N:TGTAC,206134,141625,191811,158155,175144,152691,136665,140141,132888,119432,105979,120616,99678,126483,124866,127534,101056,94804,87424,90145,49053
N:TGTAG,260493,182296,247872,209923,225104,201963,180022,183713,176427,157330,142648,160242,138526,167278,163811,165191,133064,124038,117832,118977,66707
N:TGTAT,401195,283843,385024,309623,349149,297380,274184,277919,248374,240779,206093,250651,191280,247308,245188,252899,201251,194545,172623,181030,95402
N:TGTCA,278195,210937,286472,243160,258755,228186,206408,210002,199598,183579,164074,182342,153922,192766,193157,190750,154587,142580,133224,138625,75241
N:TGTCC,237495,192720,232950,206259,204212,197119,173469,175156,179775,151378,140602,148212,136537,161993,160292,153786,129408,113934,115963,112598,64495
N:TGTCG,24063,16095,26307,23928,24007,22227,20457,20191,20106,18005,16179,18200,15402,17909,19010,17333,14730,13126,13362,12994,7553
N:TGTCT,410866,310570,424952,364659,378270,346692,312088,313217,303076,272449,248657,273710,239076,285974,284063,277519,229231,207361,199245,203958,113676
N:TGTGA,338401,245056,350798,298438,317539,281168,255434,257307,246913,224524,204270,223156,191682,235169,234782,230356,188460,173413,164223,169796,92870
N:TGTGC,209846,160513,240716,214852,211282,197702,182347,180014,173575,159979,148675,154549,143799,164851,167580,156248,129932,118648,115428,116910,66765
N:TGTGG,301308,219875,318002,279741,277686,262220,238935,236415,237898,206366,192793,203994,187785,217379,219134,205126,172180,153493,154940,152871,87784
N:TGTGT,627019,472709,757768,644978,649921,599095,574104,557815,514295,498537,451313,493191,439971,504068,502017,483417,395771,369198,350969,365814,204595
N:TGTTA,290963,198417,272399,221468,254852,212370,187359,197796,176576,168250,145030,175178,131809,174063,175055,179960,144130,138685,118919,128758,67076
N:TGTTC,332293,241102,311349,258013,283956,245955,218166,227314,215701,194324,172633,196874,157808,204415,205045,205371,164036,152059,140791,148118,79196
N:TGTTG,376957,273542,334385,275428,308565,266338,234287,245924,237285,208437,185215,214035,169589,215242,219156,220673,176355,163119,152697,159013,84382
N:TGTTT,651126,516509,607579,500553,563466,479033,422578,444470,399678,376902,330307,390657,309630,388994,392073,404032,316534,302302,272426,288477,152961
N:TTCAA,424261,306720,383527,312329,357514,302903,267482,278794,251653,236942,204735,245806,190290,246152,244520,255047,202943,193331,169684,179786,95232
N:TTCAC,238715,177395,241036,201994,220867,190646,171514,177164,165585,152033,135468,153472,126151,161310,159944,159547,129412,120325,109187,116500,63011
N:TTCAG,372866,291076,363202,304970,329780,292533,258796,267615,252288,230174,206677,230706,193999,242840,240038,240492,194157,179491,165883,173621,94939
N:TTCAT,492935,353868,442641,356903,416042,345870,305377,321882,290317,274073,232629,280685,210465,288261,282042,294934,234957,223486,193558,207455,107212
N:TTCCA,470856,323850,424554,354742,387348,341585,299746,312540,304206,265677,239424,267818,223845,278168,277519,276804,225224,206155,193972,200764,108982
N:TTCCC,319602,217307,313355,268998,277673,255010,229589,233064,229119,201578,186145,201013,177858,211546,212244,205387,170639,152834,148355,150471,86105
N:TTCCG,26658,22525,30674,28403,27608,26450,24613,23582,22885,21467,19709,22027,19777,21346,23369,20572,17751,15578,16147,15753,9587
N:TTCCT,527519,377214,519620,433890,465841,415384,365491,380755,362410,328908,295713,330286,278042,342070,343597,340728,275451,252383,237145,248103,136556
N:TTCGA,36237,27617,33360,30015,30564,28714,26504,25509,25912,22567,20348,23643,20778,22567,23880,22150,18459,17177,17072,16808,9962
N:TTCGC,18763,15655,19677,17808,18037,16401,15096,15182,14530,13198,11779,13570,11536,13351,14404,12969,10915,10078,9836,9741,5751
N:TTCGG,31315,27800,30024,26737,27584,26009,23226,23327,23288,20152,18637,20854,18053,20383,21786,19847,17060,14988,15076,14955,8976
N:TTCGT,36732,26820,37038,31841,34686,30030,27202,28136,26258,24315,21465,25551,19779,24624,26028,24682,20405,19192,17519,18240,10465
N:TTCTA,414630,298000,375025,302527,347884,291630,257348,270400,241814,230782,200098,237480,181711,240208,238602,245744,196325,187461,164835,177215,93235
N:TTCTC,450832,330994,444476,370491,402789,354697,312047,324554,308296,280324,253535,283969,236229,291078,292981,292123,237850,217173,202266,212782,116115
N:TTCTG,520858,386574,489550,411536,446084,394013,345707,362265,348066,305573,278465,310000,259684,320343,321987,321732,259241,237220,224631,232934,127045
N:TTCTT,787460,561069,709500,576268,655912,559876,483969,516424,471373,436425,378628,447908,349427,450102,454991,465869,368285,348645,315402,334356,177341
N:TTTAA,575909,385977,546479,446180,518811,423339,379752,393825,333079,339088,289537,358761,267714,350419,346626,364724,286683,284417,238219,257499,135333
N:TTTAC,281015,210067,264281,215014,247549,206160,184119,192119,169617,163506,140148,170592,128760,172797,169730,177227,139351,135301,116986,124251,65577
N:TTTAG,353396,268666,308389,249593,289383,243110,210279,224107,199592,187981,163654,195162,147527,196631,196350,204248,160873,153952,134951,145450,76087
N:TTTAT,687419,459083,612807,486957,579595,478246,422941,441349,382915,374662,313873,391369,289664,389443,377243,407490,322099,315236,266606,283998,147037
N:TTTCA,530016,401586,480199,387535,453786,375858,330966,350604,310701,297184,253246,306089,229304,311777,306920,321627,254242,244832,210358,226628,117902
N:TTTCC,485943,336129,447366,371170,411140,354071,310656,329944,310121,278867,249749,285250,228699,289426,295155,295450,236601,219573,202341,213786,115142
N:TTTCG,38330,37193,35226,30548,32928,29540,26516,26930,25755,23239,20441,24241,19743,23719,24712,23792,19243,18430,17088,17356,9942
N:TTTCT,861287,621368,787557,644718,731347,623017,539994,574283,521012,485593,425138,499291,395577,504448,505472,519788,410183,389963,350668,372534,198113
N:TTTGA,466601,335573,420240,345397,390590,330980,291741,305847,278011,259398,226225,268965,209957,269839,268798,279771,220839,210657,186891,197457,104880
N:TTTGC,316567,215723,291214,243260,269304,231173,204816,214078,199198,183126,162083,185932,149287,190894,191384,191879,154019,143052,131316,138563,75412
N:TTTGG,395228,304212,352220,295299,320804,283038,248056,260092,247738,220769,198706,224587,183949,229716,231914,231778,185369,171697,161118,166667,91575
N:TTTGT,639936,490857,573773,469375,533297,456620,396118,419639,382737,353413,311086,365618,288487,367340,367786,380240,297723,283610,258205,270340,143720
N:TTTTA,736306,531034,653176,523404,622525,507233,447779,472013,403503,398443,338398,419936,307986,415251,407980,436280,339988,337005,282793,304284,157871
N:TTTTC,655965,477771,582792,472357,547853,457143,396425,426464,379458,357136,308344,370688,281466,371619,371801,388413,304515,292254,256883,274462,144104
N:TTTTG,657327,489133,551925,449684,516967,439558,379842,404855,372359,336785,296045,351141,271810,351052,351852,365792,286477,273427,247727,257943,137251
N:TTTTT,1281727,1069653,1093073,893386,1016997,877728,765020,798090,716352,671750,586404,708069,563675,692675,692263,714330,572761,554996,500634,511159,280132
T:AACAA,122042,15939,187644,192358,128871,136625,148965,147471,132724,115359,128253,126528,126332,99066,102725,109348,89892,90496,87944,79294,65394
T:AACAC,61088,5053,111276,114211,75718,83038,93030,88286,81216,72003,78444,75467,76392,59029,61349,68328,55700,54056,54868,48301,39914
T:AACAG,70742,5024,127469,131721,85706,96307,105310,100885,95156,81609,89930,85835,91305,67829,69583,75269,63554,61070,63008,54815,45490
T:AACAT,79478,7339,120400,121500,83326,83427,92165,95870,81862,73515,78804,81270,72526,61365,64986,70925,56616,58286,54412,50325,40022
T:AACCA,65943,5189,112932,118790,76695,87015,95181,88564,86612,74804,81616,78365,84092,60989,62545,66649,56681,54430,56319,48507,41891
T:AACCC,39248,2475,72697,78426,48162,59539,65484,57559,61204,51638,55012,50817,59209,40017,39425,43816,38373,35292,39071,31554,28228
T:AACCG,4752,398,10831,11640,7552,9365,10436,8545,8665,8448,8251,8376,9138,6100,6259,6434,6213,5312,6303,5035,4835
T:AACCT,45793,3930,80725,84364,54376,62722,68327,64401,62897,54076,58238,54652,59749,43070,43774,48760,40816,39499,39488,34563,29715
T:AACGA,7730,703,14461,15371,10632,11534,12804,11517,10679,9986,10481,11052,10606,8081,8447,8618,7771,7390,7600,6806,5841
T:AACGC,5188,198,11576,12324,8184,9886,10914,9366,8948,8911,8850,9002,9110,6698,6814,7146,6537,5919,6699,5343,4897
T:AACGG,4957,357,12107,13380,8582,10539,11951,9806,9697,9716,9600,9699,10587,7048,7153,7615,7231,6133,7236,5911,5470
T:AACGT,7188,357,15583,15834,11358,11760,13619,12378,10892,10856,11056,11861,10799,8513,9155,9306,8236,7847,8057,7010,6148
T:AACTA,58672,4721,87804,87775,60788,61705,66276,68592,58135,51372,57953,58547,54361,45753,47460,50716,41595,41789,38446,36684,29400
T:AACTC,55244,5296,96314,101473,65302,75346,81476,76250,74617,63099,70102,65943,71639,51311,51843,56047,47473,46633,47864,41375,35664
T:AACTG,59644,4191,104211,109033,71195,78782,86616,83144,77327,67315,74679,70811,73559,55867,56769,61946,51518,51087,50815,44652,37830
T:AACTT,66845,6490,104438,105399,72736,73841,80864,82723,70755,62952,70376,70208,67213,53858,55881,60772,49224,50436,46427,44208,35788
T:AATAA,130674,12135,184641,187208,130649,128446,139783,146528,121902,108796,120524,126278,111293,95496,97013,105139,86876,89981,80583,76863,61744
T:AATAC,59125,4715,84315,84586,59027,59101,63863,66142,56110,49596,54699,57126,50530,43763,45946,49022,39973,40391,37434,35405,28320
T:AATAG,61283,4853,83303,82764,58029,56692,61333,65685,56584,48947,53013,56503,48363,41648,43691,48021,38434,40047,35940,34338,27350
T:AATAT,109648,10652,140811,140209,101346,92662,100912,112338,87461,80367,85628,96634,73885,69961,73028,79925,64368,69445,58983,57797,43851
T:AATCA,72623,6395,107601,107528,74590,73990,81606,85079,73286,64757,70851,71859,65197,54244,57266,62355,49995,51609,47943,44569,35987
T:AATCC,45222,3443,73787,77047,49810,57839,62299,58540,58419,48517,53361,50558,54347,39271,40069,44547,36583,35710,36395,31246,27289
T:AATCG,5094,357,9513,10045,6993,7338,8300,7633,7056,6760,6870,7276,6822,5143,5401,5760,5120,4862,5034,4265,3861
T:AATCT,63182,5406,97972,100088,67056,70607,75261,77526,68684,59464,66207,65922,63873,49955,51773,57398,46002,47266,43745,40560,33654
T:AATGA,88599,5985,131121,133295,91313,92990,100987,105620,91594,78644,86699,87587,80320,66541,70191,76030,62392,63676,58936,54617,44151
T:AATGC,48734,3561,80693,82327,55437,59221,64883,64987,57536,51392,55257,54301,52972,42252,43979,48012,39231,39659,37956,34355,28050
T:AATGG,67704,4995,100633,102745,68120,73380,79448,80430,74692,64309,67630,68112,65038,50766,53421,58499,48678,48647,47209,41684,34588
T:AATGT,78148,6021,118858,119339,82765,81313,90943,94468,80444,71753,77609,79959,70722,59777,63257,67785,56091,57859,52999,49150,39155
T:AATTA,87500,7451,123518,124691,89498,83151,91277,98313,76553,71251,78382,84179,69775,62742,65096,70629,57142,60455,52255,51734,39959
T:AATTC,67394,5939,99619,100621,69598,70281,75003,78527,68145,59357,65437,66982,61615,50322,53120,57577,46169,47361,44773,40931,33616
T:AATTG,54883,4433,73040,72652,51518,50052,54075,58423,49442,43777,46101,49373,41545,35595,37887,42499,33930,35561,31055,29753,23503
T:AATTT,107461,10351,147809,149194,107316,99271,107097,117707,91447,84688,92235,99449,83898,73811,77602,83985,67436,71672,61745,60691,46681
T:ACCAA,61004,5911,100506,104785,68298,75862,82481,78922,76320,65403,70768,68497,71091,52919,54921,60501,49800,48041,48815,42999,36300
T:ACCAC,41105,2953,83710,91183,54181,69335,76476,66204,70919,59858,64170,58244,69572,46085,45646,49727,44264,40476,45527,36298,32110
T:ACCAG,46273,3250,89496,97875,58300,74993,80764,71429,77697,64496,68237,61708,74451,49423,48123,54213,47893,43288,48128,38753,34886
T:ACCAT,50702,3881,85934,90056,57720,66131,72204,68690,67627,57263,61471,59026,62019,45483,46903,51129,43214,41881,42286,36404,30908
T:ACCCA,53288,3879,98641,106803,65086,81862,89770,79359,86821,71983,74862,68790,79734,53736,53326,59546,52893,47926,53712,42600,37992
T:ACCCC,28153,1810,57341,64179,36824,51669,56220,46406,54874,44842,46034,41777,53415,31489,30448,34352,32770,27690,34237,24904,23597
T:ACCCG,4672,170,11618,13382,8069,11438,12437,9146,11000,10053,9765,9143,11677,6723,6475,6944,7218,5874,7661,5222,5346
T:ACCCT,39684,2512,76151,83158,49386,64514,69905,61270,67226,56331,58411,52997,65036,41632,40659,45556,41679,37366,42039,32608,29927
T:ACCGA,4953,326,11354,12453,8093,9799,11129,9077,9204,9013,8796,8736,9823,6521,6443,6660,6450,5650,6647,5311,4881
T:ACCGC,3372,241,9029,10338,6298,8662,9693,7234,8094,7738,7329,7135,9010,5265,5121,5266,5736,4420,5963,4276,4246
T:ACCGG,3721,197,9099,10665,6299,9048,9576,7353,8473,7985,7469,7238,9099,5400,5302,5672,5841,4676,6000,4381,4271
T:ACCGT,4164,137,10918,12060,7841,9520,10854,8591,9187,9037,8803,8627,9696,6273,6144,6565,6468,5524,6707,5047,4827
T:ACCTA,40331,3167,63301,65402,42463,48124,51470,50373,48632,41061,44406,42531,43836,33254,34218,37849,31356,30645,30032,26713,22350
T:ACCTC,36834,3306,71359,76920,46585,59903,64446,57543,62266,51319,54790,48910,59808,38544,38099,43184,38218,34802,38481,30308,27771
T:ACCTG,42564,2636,86786,95341,56325,73632,80779,70183,76266,63933,67194,59754,72933,47372,46131,52562,47297,42528,47964,36918,33775
T:ACCTT,45987,4142,80851,84625,53619,62608,67301,63520,63264,53518,58123,54427,60476,42415,42741,47154,40145,39028,39676,33789,29299
T:ACTAA,56737,4838,86751,86257,60399,61209,66172,67889,57468,50882,57038,58017,53598,45107,46553,50393,40737,41396,38539,36599,29268
T:ACTAC,34233,3080,54508,56720,37226,40700,43638,43114,39737,33958,38199,36786,37533,29435,30337,32113,27004,26625,26101,23301,19295
T:ACTAG,35671,2716,55587,57643,37222,41666,44196,44662,41545,34715,38707,36699,38584,29445,29708,32762,27588,26593,25984,23653,19742
T:ACTAT,53899,3900,76254,75925,52510,53166,56946,59743,50843,45112,49522,51130,46275,39135,40296,43873,35584,36357,33524,31415,24996
T:ACTCA,62925,5096,113459,121144,76084,90611,98234,90300,91488,76671,83866,77222,86291,60737,61433,66952,57516,55056,58270,48464,42281
T:ACTCC,37378,2583,70102,75079,46402,58089,61768,56443,59167,49042,52812,48286,55264,37417,37262,41955,36688,34131,36773,30147,26639
T:ACTCG,5300,326,12549,13863,8701,11121,12601,10155,10611,9838,10000,9296,11400,7235,7274,7493,7193,6353,7672,5720,5554
T:ACTCT,53638,3839,98811,104329,66376,76768,82872,79144,77016,65472,72058,66715,72743,52743,53146,59349,49639,48347,48813,42341,36249
T:ACTGA,62288,4176,110790,116924,75415,86302,94255,89259,85140,72974,80942,75668,79873,58928,60335,66114,55445,54746,55305,47217,40238
T:ACTGC,36980,2345,75942,83470,51406,62483,67753,61392,61735,53085,57723,52248,60770,41979,41572,45588,40752,37628,41180,33750,29233
T:ACTGG,46906,3238,88243,94293,58126,71205,77826,70588,73935,62076,66151,60305,69507,47329,47303,51882,46114,42644,46165,37662,32640
T:ACTGT,52288,3475,101207,106906,68887,76792,86157,81574,76541,68060,73783,69464,72881,54185,55499,60645,52031,49871,50315,44218,36419
T:ACTTA,50701,4404,80112,81280,56005,56588,62046,62976,53936,47900,53615,53531,50858,41485,43035,46606,37956,38406,36041,33754,27397
T:ACTTC,50399,4745,87003,89896,59360,65473,70758,69732,64861,56390,61606,58573,60452,45572,47630,52201,43452,42422,41793,37246,31184
T:ACTTG,47741,2907,80824,85651,54537,61901,68023,65032,62396,53354,58591,55300,59175,42249,43601,47904,40276,39835,39409,34616,29060
T:ACTTT,76286,5428,116240,119511,81672,83170,89524,93273,79228,71243,77413,78301,73982,60201,62517,67643,54912,56755,51302,48762,39460
T:AGCAA,73719,5400,127126,131864,85017,95711,104850,100958,94366,82051,90110,85353,89939,67222,69490,75585,62466,61261,61986,53899,45413
T:AGCAC,44991,2383,92514,102786,61627,78248,86464,74696,78121,65630,72713,63427,77528,52224,51316,56048,50005,46077,51144,40951,35838
T:AGCAG,60177,3861,124658,137845,83144,104726,113579,102101,107773,90125,97240,84693,104481,68918,68640,75209,68747,61607,69687,54563,48589
T:AGCAT,56596,2389,99357,102147,66258,73753,80547,79068,73835,64199,69241,66644,67720,51042,53001,58351,48526,48140,47315,41787,34503
T:AGCCA,59960,4115,121439,135126,79366,103425,114121,97992,106569,89212,95398,85050,104188,66999,65630,72108,66340,60064,67233,52499,47944
T:AGCCC,32211,1350,71953,83663,46038,67009,72913,58185,71223,57522,60309,51184,69760,40998,38537,44192,42290,35315,43475,31701,30798
T:AGCCG,4895,328,13320,15741,9140,13424,14772,10408,12831,11711,11410,10639,14250,7957,7551,8177,8614,6749,9093,6247,6415
T:AGCCT,47367,2810,97208,109767,63196,85557,91392,79409,88109,72520,77863,67619,86599,54346,52530,59530,53545,47689,54221,42523,38662
T:AGCGA,5069,164,12084,13739,8702,11021,12047,9805,10117,10012,9787,9476,10843,7005,6909,7337,7214,6238,7251,5786,5529
T:AGCGC,3758,63,10757,12901,7722,10870,11952,8676,10291,9551,9292,8596,11178,6654,6319,6598,7025,5508,7513,5485,5332
T:AGCGG,4387,423,11958,14186,8030,12045,12880,9353,11353,10408,10075,9547,13219,7040,6567,7033,7762,5932,7980,5629,5620
T:AGCGT,4197,242,11145,12610,8076,10123,11185,9213,9608,9092,9027,8952,10261,6669,6505,6868,6635,5704,6755,5435,4985
T:AGCTA,50023,2837,83717,86795,56164,62950,68704,66432,61961,53834,58945,55967,59426,44490,44495,48874,41090,40448,39427,35307,29668
T:AGCTC,42726,2723,87689,96428,57578,74571,79586,70456,74645,63075,67449,59896,73717,48159,47412,52878,47345,42789,47681,37903,33880
T:AGCTG,53800,3203,112260,123060,74044,94326,102448,90162,96745,81965,87107,77460,94419,61461,60769,67090,60553,55028,60990,48304,43197
T:AGCTT,50318,2270,91125,95798,61717,69651,75380,73147,69747,60851,65880,61412,66474,47512,48990,53524,45376,43989,44251,38555,32961
T:AGTAA,59094,4795,91528,93116,64427,64638,70188,72831,61066,54308,61062,61387,57608,47833,49140,52930,43487,44097,40763,38440,31273
T:AGTAC,37781,2904,56211,58756,38406,42168,44904,45389,41679,35258,38689,37650,38295,29599,30152,32605,27712,27173,26167,23576,19691
T:AGTAG,41183,2683,63821,66693,43061,47161,50396,50853,47998,39828,44490,42615,43878,32798,33878,36630,31177,30898,29937,26638,22603
T:AGTAT,51065,3656,72176,73637,50368,50450,54714,57856,49152,43526,47360,48692,43409,36658,39153,41557,34332,35547,31766,29948,23667
T:AGTCA,53641,2988,97124,102195,65542,74432,81776,78343,75177,64169,70325,66028,70106,51382,52554,56902,49169,47054,48300,41569,35395
T:AGTCC,31622,2276,61358,66770,40251,51437,54401,49351,52765,43527,46286,42094,50087,33374,33022,37405,32739,29923,32851,26369,23596
T:AGTCG,4833,416,9595,10468,6654,8188,9201,7819,8003,7440,7318,7426,7951,5231,5387,5737,5465,4925,5589,4473,4077
T:AGTCT,48307,2601,88931,93366,59301,68872,74118,70942,69151,58524,64079,60130,64965,46693,47500,51599,44629,43542,43340,38096,32481
T:AGTGA,55808,3397,98417,104900,66827,75732,83486,80492,77532,65995,71061,66503,71556,51936,53049,58078,49943,48328,49134,42156,36207
T:AGTGC,31788,1173,62604,68944,42336,52084,57276,50662,52451,44761,47868,43044,52030,34224,34092,37633,33461,31290,33903,27582,24125
T:AGTGG,48437,3375,84700,90987,55973,68316,75284,68255,72136,59285,62535,58583,66071,44761,45177,49509,44009,41075,44119,35695,31407
T:AGTGT,46313,2561,88290,93330,61002,67298,75963,71386,68260,61115,63945,61598,64439,46383,47803,52015,45364,44064,45003,38247,32096
T:AGTTA,49123,4167,77950,79546,55608,55554,60685,62620,52677,47428,53070,53249,50060,40511,42376,44486,37188,38180,35467,32765,26881
T:AGTTC,49517,3516,86632,93245,58971,69742,75178,69175,68193,58665,64324,60054,67706,46446,46446,51727,43940,42599,43553,36931,32042
T:AGTTG,40195,2365,64985,67895,44511,47980,52781,53051,49335,42761,45612,43942,45092,33055,34392,37940,32058,31356,30913,27390,22863
T:AGTTT,70223,5291,109791,113185,76933,78819,85181,87836,75265,67728,73772,74439,70404,56136,58515,62858,52023,53123,49244,46425,37523
T:ATCAA,68781,6558,101294,101420,70623,70520,77085,79852,69881,61030,66341,67795,60966,51573,54247,58573,47340,48747,45173,41955,33978
T:ATCAC,42254,3188,72776,75837,49494,54705,61031,59407,54986,47622,51808,49394,49822,38407,40067,44175,36521,35371,35166,31103,25876
T:ATCAG,51385,3862,86596,88928,58500,64591,70868,68720,65966,56639,60367,58071,59961,44319,46313,50951,42384,41123,41870,36100,30517
T:ATCAT,60227,4531,88202,88729,60644,60497,67125,70170,60559,53717,57348,59474,52146,44280,45846,51803,41221,43010,38554,36281,28818
T:ATCCA,58044,4229,93170,95679,62186,71383,76643,74223,73571,63062,64487,63619,64039,48196,49407,55866,46170,44204,44888,39018,33077
T:ATCCC,38539,3525,68522,73362,44557,56897,62493,54897,59958,48914,52357,47618,56001,36595,36293,41005,36479,32988,36352,29412,26548
T:ATCCG,4002,128,8886,10364,6423,8319,8983,7147,7778,7443,7380,7143,8567,5034,5172,5492,5248,4564,5430,4198,4097
T:ATCCT,51187,4024,86909,89682,57788,66694,71192,69154,68981,57735,61785,58579,62736,45018,45838,52095,43056,41555,42035,35918,30697
T:ATCGA,5400,284,9891,9921,7141,7453,8571,7848,7279,6807,6830,7455,6822,5115,5561,5829,5058,4843,5018,4311,3783
T:ATCGC,3058,187,7158,7654,5078,6187,6961,5762,5871,5498,5696,5467,5864,3998,4103,4441,4106,3643,4153,3382,3036
T:ATCGG,3318,153,7542,8240,5287,6495,7354,6054,6316,6004,5987,6045,6853,4238,4172,4567,4529,3863,4518,3499,3380
T:ATCGT,4586,350,9494,10228,6807,7408,8374,7638,6986,6766,6896,7272,7016,5101,5444,5670,5045,4898,4984,4263,3747
T:ATCTA,54361,3995,83198,84044,56910,59295,63601,65701,57888,52277,55137,56991,52595,41641,43948,47861,39707,40556,37583,34287,27972
T:ATCTC,50218,4677,87194,91666,58569,68241,73492,70118,69324,58894,63557,59240,64946,45789,46331,51656,44044,42509,42573,36809,31906
T:ATCTG,54505,3858,97981,104474,65409,76782,81842,78110,77296,65746,71040,67228,72391,51528,51931,58468,49209,47909,48939,41537,35507
T:ATCTT,68312,5516,105652,108200,72503,76237,81744,84202,75098,65415,71271,71603,68731,53513,56082,61218,49727,50978,46680,43663,35768
T:ATTAA,86559,6773,126513,127627,90423,86302,94914,99494,79900,74169,80645,86774,74037,64255,66679,72229,58789,61543,54219,52627,41413
T:ATTAC,41934,2653,62644,63755,44629,44191,48423,49497,40893,37080,41566,42988,38585,32676,33496,36914,29141,30191,27287,26109,21216
T:ATTAG,44961,2814,66474,67024,46976,45685,49194,53103,43961,39606,42863,44568,39534,33190,34999,37507,31366,32154,28719,27417,21696
T:ATTAT,80872,5957,109340,111238,78164,73483,80659,87547,68195,64252,68725,76023,60616,55147,56945,62010,51275,54752,45287,45240,34706
T:ATTCA,72507,5656,109067,111489,75732,78330,83576,87877,75857,66651,72573,73166,67135,54910,57989,63780,51630,53015,48936,44924,36455
T:ATTCC,50225,4096,80935,82147,54423,60205,64237,64126,60814,51323,55475,54541,54890,41185,42424,48255,39120,38795,38101,33157,28325
T:ATTCG,5149,468,9696,10182,6867,7319,8195,7678,7182,6654,6724,7301,6715,5128,5193,5642,4994,4840,4935,4210,3769
T:ATTCT,77655,5842,119385,121373,82056,84715,91028,95557,83884,73114,79255,79851,74391,60008,63357,69209,55919,57972,53392,50024,40397
T:ATTGA,49760,3522,69472,70069,48785,48126,52042,55996,48833,42583,44393,47768,40548,33664,36051,40420,32732,33984,30402,28458,22298
T:ATTGC,33976,1758,51574,52188,36163,36713,39472,41400,36829,32429,33941,35387,31660,25626,26979,30307,24531,25285,23059,21445,17256
T:ATTGG,39933,3347,56399,57568,38719,39886,44318,45132,42835,36332,37439,38705,35511,27631,29605,32636,27433,27090,25656,23275,19015
T:ATTGT,53490,4257,76182,76883,53863,52343,57147,62128,51971,47295,48536,51718,44406,37043,39878,44618,35892,37344,33136,31523,24678
T:ATTTA,96119,7146,139819,142417,100506,95511,105065,111457,87302,83186,89838,96296,82187,71430,73723,78525,65583,69330,59860,58546,45873
T:ATTTC,82259,6380,122259,124735,86544,86038,91674,98276,80440,73779,79258,82628,74532,61835,64515,71009,56995,59764,54069,50716,40260
T:ATTTG,73034,5273,105410,107400,73344,73252,78892,84297,71095,64107,68205,70652,63250,51757,54936,60614,49291,51604,46249,43229,34368
T:ATTTT,145927,10886,201586,205353,146224,136111,149045,161668,126176,118715,127371,138189,117233,101568,106127,114837,92862,98879,84918,83967,64458
T:CACAA,72133,5716,124423,130148,83278,94295,104842,98735,94972,80393,87546,84703,86980,65432,68135,74748,61547,60043,61853,52991,44296
T:CACAC,98009,9529,234948,242976,151536,185262,219263,186101,185646,172901,180509,167014,181899,122641,124865,140278,120679,115089,129304,102267,86741
T:CACAG,69459,4516,158335,173073,103600,132203,148330,128112,134672,115609,121425,109341,128967,87282,87166,95861,86264,77814,88764,68753,61195
T:CACAT,71889,4987,132955,138962,88953,100744,115291,105374,102309,90478,96785,92196,94473,69866,71497,78366,66640,65351,67042,56453,46782
T:CACCA,53572,4437,106961,116789,69928,89297,98108,85570,93102,77654,81839,74219,89489,58366,57931,64782,57520,52024,58193,46153,41088
T:CACCC,33714,2053,73947,83361,47646,67611,74149,60485,71337,59372,60196,53288,69421,40838,39768,43868,42964,36406,44549,32449,30637
T:CACCG,4918,189,14291,16522,9934,13561,15315,11395,13139,12635,11958,11395,14358,8343,8038,8351,9034,7249,9631,6801,6632
T:CACCT,43267,3622,87818,96546,56154,74966,81339,70595,78147,64749,67904,60171,74403,47954,46708,51936,47968,42662,48925,37572,34608
T:CACGA,6381,307,14954,16562,10528,12913,14871,12122,12297,11784,11790,11407,12766,8615,8820,9054,8623,7501,8729,7135,6268
T:CACGC,6428,289,18064,21185,12848,17750,20297,14955,17233,15840,15561,14811,18041,11076,10732,11114,11431,9371,12399,8850,8557
T:CACGG,6390,276,19397,22195,13419,18712,21042,15581,17566,17311,16355,15453,18915,11574,11415,11905,12366,9877,13246,9497,8977
T:CACGT,7804,472,20300,22458,14356,17939,20443,16687,16846,16183,16454,16246,17733,11781,11906,12169,11746,10551,12194,9640,8730
T:CACTA,42580,3478,69604,71615,47575,52035,56440,55527,52153,44079,48874,46678,48330,37292,37787,41577,34538,33625,33788,29766,24905
T:CACTC,39821,2421,81591,89532,54371,69136,75201,66590,70137,59039,63190,56124,66789,44815,44727,50450,43741,40259,44720,35700,32108
T:CACTG,55596,3381,120867,131522,79968,99635,110512,98403,102017,86676,93430,82863,97431,66276,66527,72528,64978,59614,65732,53054,46012
T:CACTT,56257,3161,97277,103881,67089,75363,81747,79180,74739,64330,70473,65973,70417,51828,53327,58783,49095,48249,47547,42340,35183
T:CATAA,61810,5261,93680,94596,64886,65456,71961,74858,64223,55775,62030,64106,56728,48188,49797,54627,43910,45210,42077,38894,30972
T:CATAC,43968,3937,73911,76157,49850,55003,63505,58887,55800,49973,53146,52162,51205,39619,39825,44068,36309,36315,37285,31633,25789
T:CATAG,46044,2957,71427,74940,48094,52960,57081,57770,55529,45981,49429,48746,48714,36597,37701,42566,35334,35308,33746,29638,24794
T:CATAT,74498,6181,103309,103400,70666,70923,78440,81769,69844,63414,65962,70526,59656,51505,53521,59119,48335,50161,45576,41494,32842
T:CATCA,56637,4287,99922,103127,67151,75012,83675,80133,76053,66221,70499,67640,69171,52661,53836,60719,50096,48259,48237,41872,35664
T:CATCC,42196,4018,78942,83814,51536,64260,70666,63375,68431,58047,58959,55211,62169,41970,42061,47431,41981,37766,42009,33786,30216
T:CATCG,4569,204,11163,12182,7863,9424,10856,9007,9260,8722,8719,8675,9574,6249,6462,6932,6397,5645,6507,5231,4787
T:CATCT,61427,4507,112986,119668,75517,89013,96024,91297,90063,76612,82979,77209,83954,59194,60472,66494,57504,55367,56065,48487,41343
T:CATGA,54744,3557,95350,98127,64098,70312,78836,76562,73260,62519,66541,64332,64339,48878,51701,57020,47151,47215,46490,40633,32610
T:CATGC,41276,2988,82034,86805,53636,64938,74280,65591,66183,58798,62362,56371,62481,43422,43543,48868,41876,40472,42852,35218,29974
T:CATGG,49353,3133,94633,102187,62115,76042,85272,77154,80150,68450,71249,65615,73722,50522,51655,57557,50147,46453,50723,40606,34953
T:CATGT,58680,3830,105776,110326,70742,78639,90454,85092,80732,73373,76552,71858,74433,54444,56528,62214,51936,52302,52077,44659,36716
T:CATTA,54427,3028,83501,84340,57994,58016,63928,66271,55243,49971,55012,56685,50748,42634,44308,48044,39315,40495,36216,34908,27837
T:CATTC,51448,3447,86783,89462,58341,64687,69434,69997,65806,56035,59927,58264,58460,44179,46157,51403,42141,41987,40797,36317,30127
T:CATTG,46221,2424,71359,73453,49540,50792,55836,57636,53280,46337,47328,48732,45038,35304,37570,42648,34908,34734,32787,29608,24005
T:CATTT,102089,7550,151232,155404,107245,105897,115322,121326,100386,92808,99037,102873,91625,77052,80345,87668,71154,74398,66919,63889,50223
T:CCCAA,53533,4763,93698,101032,61108,77136,82155,75045,80100,65364,69879,64810,75129,50418,50209,57264,48932,45061,49309,39945,36146
T:CCCAC,41943,2650,89151,100096,58216,79939,87018,72349,84208,69828,71690,63926,80734,49155,48087,53816,50968,43744,52874,38590,36744
T:CCCAG,56444,3117,122254,141244,77598,113546,122405,99146,121466,96137,101440,86897,117550,68971,64944,75531,71148,59898,73051,53232,51007
T:CCCAT,44587,3545,78146,83342,51435,63100,68260,63539,67261,55840,58220,53739,60695,40785,41285,47225,41089,38044,40733,33448,29113
T:CCCCA,49529,3783,99231,111876,63671,89057,97251,80243,96430,77207,79903,70992,91346,53805,52379,59937,56569,48051,58195,42510,40651
T:CCCCC,34482,2266,67731,75356,44306,62302,69817,53308,65865,55081,53640,52042,66550,37267,36607,39824,40131,32095,41257,30190,29100
T:CCCCG,6808,191,16327,19701,11185,17265,18212,12932,17017,14881,13835,13620,18113,9432,9222,9733,10681,7999,11611,7589,7881
T:CCCCT,38743,2279,73968,80112,47431,64913,70150,59326,68317,56085,57379,52259,65288,39760,38400,43611,41391,35514,41559,31511,29179
T:CCCGA,5634,128,13400,15742,9269,13448,14453,10826,12897,11674,11529,10639,13999,7802,7581,8079,8265,6724,8930,6356,6271
T:CCCGC,5073,99,13295,16444,9196,14742,15312,10626,14413,12521,11584,11305,15259,7946,7671,7890,9137,6629,9905,6166,6678
T:CCCGG,6962,210,16371,19642,11165,17640,18320,12762,16673,14804,14132,13005,18345,9593,9159,9960,10796,8175,11325,7494,7994
T:CCCGT,4315,326,11331,13096,7929,11167,12250,9319,10869,10240,9573,9208,11252,6644,6375,6822,7139,5941,7616,5440,5254
T:CCCTA,32607,1735,55683,59083,35771,44399,47546,44531,46624,38386,40754,38067,43907,29582,29051,33586,29248,26772,28424,23455,20813
T:CCCTC,40727,2534,86419,94334,55891,77041,83016,69453,81045,66036,68520,61416,78689,46344,45178,50103,49335,42111,50632,37102,35246
T:CCCTG,46468,3390,100022,114703,64486,92081,99638,81678,95521,79860,81841,70852,93407,56119,53361,61445,57830,49292,58870,43532,40755
T:CCCTT,45130,2411,82905,86772,54016,65877,70272,66086,68202,58252,60848,56522,65000,43217,42739,48389,42975,40216,42237,34824,30925
T:CCTAA,44124,4015,71863,73567,48204,53306,57028,56454,53546,45596,49716,48437,49163,37681,38612,42499,34891,34393,33592,30394,25363
T:CCTAC,28516,2250,51793,55314,34420,42547,44870,41921,43087,36116,38784,35475,40654,28273,27925,32063,27568,25646,26980,22548,19698
T:CCTAG,36670,1746,62482,67347,39887,51522,55002,50459,54243,43180,47451,41751,50774,33655,32971,37166,32574,30182,32539,26253,23467
T:CCTAT,38386,2532,58270,59652,38623,43401,45924,47082,43953,37168,39689,39105,39121,30186,30707,35120,28489,27953,27245,24078,19779
T:CCTCA,51498,4138,99978,109723,65452,84414,91087,81079,90276,72613,76605,68212,83589,54161,53405,60780,54436,49110,54703,42275,38813
T:CCTCC,51010,3636,108534,119256,69621,96015,104447,87372,102369,82847,87149,76702,100091,58318,55763,63289,61273,52404,62612,46866,44192
T:CCTCG,6381,390,15795,18629,10872,15820,16971,12828,15366,13710,13610,12561,16197,9501,8873,9506,9906,8119,10571,7477,7459
T:CCTCT,63274,3801,121389,130907,78962,103106,109416,97972,105651,87614,93702,83075,103652,65482,62776,71302,64748,59018,66192,52101,46680
T:CCTGA,50787,3741,100873,109316,66010,84323,91283,80746,87083,71961,77184,68800,81400,54470,53937,60424,53097,48559,54077,42197,37984
T:CCTGC,37152,2053,87194,100813,56311,80589,87649,71421,83894,69413,72269,62338,82340,49343,47224,53153,51145,43587,52023,38588,35994
T:CCTGG,51427,3386,111079,129002,70265,103952,110250,90417,107451,88988,92391,79034,108496,62342,58235,67884,63384,54476,66046,47908,46055
T:CCTGT,46520,3146,95514,105497,62636,80809,88184,77231,83595,71057,73842,66177,78974,51422,50647,58009,51319,47135,52537,41173,36371
T:CCTTA,39484,2587,65420,66969,44670,48965,53074,51858,49167,42733,46077,44596,46013,34293,35177,38529,32020,32133,31225,27214,23137
T:CCTTC,53189,4229,104076,110099,67843,84842,89884,83718,86587,73326,77505,70998,82109,54665,54775,61778,54319,50900,53995,44307,39309
T:CCTTG,43854,2403,83299,89531,54272,67482,72934,66800,71554,59617,62207,56780,67484,43791,44138,49745,43680,40471,43222,35457,31358
T:CCTTT,68334,4344,116781,122305,78558,89250,94421,92379,87654,77130,82657,78930,85015,60493,61192,67805,57492,56678,55658,49100,41791
T:CGCAA,3741,190,8331,8825,5816,7078,7883,6650,6552,6219,6255,6485,6700,4542,4840,5086,4758,4228,4853,3844,3492
T:CGCAC,4596,216,12936,14849,8930,12433,14277,10531,11941,11274,11040,10333,12675,7705,7495,7823,8106,6685,8751,6336,6034
T:CGCAG,5075,139,14431,17222,10152,14407,15629,11795,14404,12925,12338,11675,14609,8699,8350,9122,9538,7471,10196,7047,6921
T:CGCAT,4197,165,9927,10770,6922,8544,10077,8048,8169,7976,7953,7831,8255,5585,5704,5986,5761,5163,6070,4751,4162
T:CGCCA,6387,327,13894,16234,9606,13614,14946,11356,12896,11999,11499,11247,13742,8480,8066,8418,8701,6958,8777,6698,6364
T:CGCCC,5107,226,12978,16137,9107,14442,15615,10369,14311,12297,11552,11001,15178,7843,7461,7863,9064,6582,9682,6199,6523
T:CGCCG,1983,49,4661,6283,3568,5329,5980,3843,5234,4732,4037,4132,5829,3222,3052,2864,3470,2362,3777,2378,2541
T:CGCCT,5714,283,13853,16977,9924,14735,15609,11303,13647,12176,12315,11206,15210,8773,8195,8333,9133,7288,9696,6682,6920
T:CGCGA,760,21,1887,2179,1491,2018,2154,1567,1847,1876,1663,1677,2025,1108,1213,1102,1309,922,1352,1053,954
T:CGCGC,2387,44,5996,7409,4260,6542,7030,5006,6155,5879,5416,4989,6799,3803,3700,3411,4184,3032,4364,3061,3079
T:CGCGG,1497,17,3874,5288,2997,4763,4868,3311,4433,3912,3625,3542,4759,2646,2525,2552,2759,2037,3112,2088,2160
T:CGCGT,953,18,2729,3177,2048,2803,3125,2220,2527,2559,2344,2325,2723,1639,1756,1704,1841,1413,1992,1318,1403
T:CGCTA,3046,97,7255,7990,5026,6262,6892,5763,5551,5458,5443,5681,6043,3970,4240,4399,4025,3446,4234,3292,3016
T:CGCTC,4260,96,12379,15000,8801,12443,13457,10140,11774,11038,10670,10046,12716,7401,7396,7440,7964,6383,8620,6042,6094
T:CGCTG,6028,239,16575,19517,11869,16167,18194,13573,15575,14654,14022,13207,16533,9909,9429,10202,10588,8436,11047,8017,7863
T:CGCTT,4349,117,10745,12418,7703,9355,10474,8558,8851,8569,8537,8329,9484,6182,6323,6430,6321,5366,6639,5021,4811
T:CGTAA,4209,308,9206,9694,6828,7399,8339,7252,6604,6602,6939,7181,7053,5172,5437,5595,4863,4712,4983,4281,3768
T:CGTAC,3004,158,6553,7089,4666,5634,6334,5275,5321,5145,5098,5131,5519,3807,3823,3931,3798,3241,3794,3019,2726
T:CGTAG,3509,363,7718,8616,5287,6734,7359,6342,6978,6229,6085,6020,6817,4400,4496,4709,4592,3950,4479,3566,3334
T:CGTAT,4470,290,8821,9428,6395,6879,7846,7123,6287,6299,6479,6622,6502,4799,5067,5041,4581,4629,4717,3996,3500
T:CGTCA,4177,225,11099,12547,8040,9842,10998,8952,9371,8912,8876,9007,9889,6521,6743,6864,6706,5629,6847,5310,4965
T:CGTCC,3662,257,9937,11736,6987,9637,10741,8127,9659,8837,8338,8062,10188,6042,5712,6002,6259,5114,6666,4773,4715
T:CGTCG,723,19,2020,2507,1504,2108,2233,1582,2086,2263,1721,1754,2302,1314,1255,1267,1358,1056,1596,1024,1076
T:CGTCT,5253,350,13334,14632,9405,12186,13255,10730,11364,10727,10646,10486,11912,7764,7620,7957,7805,6860,8036,6513,5944
T:CGTGA,5333,389,13998,15547,10369,12196,14314,11555,11457,11505,11352,11485,11995,8091,8350,8790,8205,7238,8321,6738,6104
T:CGTGC,4841,122,13313,15230,9250,12479,14496,10754,11862,11232,11287,10497,12637,7848,7558,8048,8096,6942,8769,6279,6008
T:CGTGG,6324,120,17055,19581,11673,16153,18412,13807,16254,15196,13945,13658,16704,10043,9514,10579,10581,8566,10903,8023,7618
T:CGTGT,6903,214,17852,19735,12609,15326,17934,14589,14594,14908,14309,14112,15442,9934,10067,10498,10406,9367,10902,8261,7563
T:CGTTA,3998,216,8797,9050,6481,6798,7738,6874,6090,6148,6154,6746,6330,4744,5029,4976,4655,4456,4551,3980,3554
T:CGTTC,5070,354,11374,12476,8240,9823,10673,9277,9050,8711,8762,8832,9306,6399,6514,6948,6560,5628,6598,5364,4831
T:CGTTG,3961,185,8629,9567,6405,7270,8205,7134,7094,6875,6628,6806,7268,4705,4965,5155,5035,4322,5133,4111,3772
T:CGTTT,7759,793,15441,16426,11421,12166,13989,12379,11023,11246,11167,12045,11465,8339,8954,9434,8302,7960,8287,7139,6262
T:CTCAA,63203,5495,103412,108381,69872,80332,86118,82336,81058,67355,74120,69797,75103,55025,56412,61293,51587,49972,50614,44119,38041
T:CTCAC,46778,3938,95894,106415,64075,82053,89668,78035,85338,69965,74822,67014,81304,52493,52413,58179,52053,47242,53902,41386,38111
T:CTCAG,63899,4432,132871,148216,87014,114921,123933,107053,118464,97180,104344,92070,114665,72844,71416,79116,72519,65619,73126,56947,52487
T:CTCAT,51823,4332,90722,94779,60997,68899,75062,73021,71312,60422,64628,61064,64571,46821,48234,53736,45199,44593,43978,38353,32028
T:CTCCA,59947,4586,117026,126187,76791,98278,106159,94394,102327,83492,89843,79549,96820,62624,62284,70145,62748,56462,63371,50233,44902
T:CTCCC,47992,3296,100765,109280,65227,88914,95018,80520,92295,76193,79744,70662,90046,53871,52311,59274,56061,49014,57320,43158,40275
T:CTCCG,5972,191,14995,17412,10715,14860,16200,12131,14212,13155,12747,12102,15298,8794,8567,8912,9443,7533,10096,7183,7152
T:CTCCT,61169,4195,123622,133132,79341,102456,110405,99127,107532,88782,94659,84385,102331,65390,63922,72690,65796,59981,66546,52721,47129
T:CTCGA,6551,372,13297,15089,9198,12096,13117,10481,11697,10371,10734,10004,12382,7628,7486,7811,7683,6873,8095,6049,5841
T:CTCGC,4338,88,11152,13200,8082,10961,12001,9108,10336,9685,9536,8856,11055,6570,6387,6622,6915,5579,7264,5385,5289
T:CTCGG,6197,420,17072,19750,11456,16976,18373,13845,16022,14682,14482,13198,17497,10068,9605,10172,10704,8738,11516,7965,8032
T:CTCGT,5115,254,11892,13338,8412,10485,11982,9673,10192,9826,9437,9099,10627,6950,6897,7331,7002,5982,7112,5588,5236
T:CTCTA,50533,3171,85493,89202,57025,65788,70804,68036,66024,55464,61187,56735,61642,45059,45249,50449,42198,41519,40746,36093,30865
T:CTCTC,77023,3735,154516,157650,100552,124588,134449,124257,126250,107559,116710,104093,119287,78644,79202,89050,78192,77655,80470,64760,55652
T:CTCTG,72061,3842,148953,164566,97558,128231,136787,120955,130178,109946,117253,102912,127827,81484,78763,89005,80213,73444,82038,64927,57481
T:CTCTT,69816,4805,124938,131338,83574,97596,103719,100192,96767,83169,90185,85121,94783,65168,65263,73062,62220,61255,61485,52978,45308
T:CTTAA,55772,3687,89993,90792,62742,64049,70124,70917,60147,54583,61256,60608,58416,46975,48358,51580,42213,43728,40031,37975,30729
T:CTTAC,34292,2367,60591,63759,41882,46193,50225,48196,44898,39223,43801,41702,43484,32425,33127,35285,30171,29743,29777,25998,22222
T:CTTAG,39835,2752,68981,71525,46863,52414,56375,55241,51859,45046,48927,46480,48794,35969,37495,41196,33891,33485,33339,29383,24597
T:CTTAT,49164,3208,73814,74868,51541,51422,55766,59097,50042,44512,48316,49904,44943,37043,39031,42403,34390,36007,31940,30439,24634
T:CTTCA,68516,6811,118446,122695,80422,89956,96876,94807,89619,77750,83679,79602,83254,61918,64342,70654,59044,57436,57471,50387,42415
T:CTTCC,60208,4786,122021,130786,79764,100276,106708,98076,102299,86621,92728,83649,98608,64575,64732,72659,63820,60369,63704,52702,46571
T:CTTCG,5730,284,12180,13200,8608,10157,11223,9560,9860,9329,9149,9209,10291,6676,6828,7306,6805,5927,6997,5495,5164
T:CTTCT,82606,5279,147617,153294,97418,112828,120402,118070,114234,97760,105165,99148,107090,75382,77444,86004,73753,71620,71010,62039,52993
T:CTTGA,49266,3652,83363,87069,56381,63068,68593,67073,64516,55245,59622,56715,60082,42686,44236,49096,41214,40261,40141,35297,29552
T:CTTGC,36717,1823,69474,74924,46033,55744,61099,56141,57570,48789,52615,47760,54994,36937,37382,41213,35891,34138,35647,29451,26062
T:CTTGG,46145,2665,86743,94345,56057,70988,76471,68756,74414,62287,65481,59511,71762,45987,46037,52253,45792,42526,45651,37390,33179
T:CTTGT,47885,2476,82861,86970,55677,61948,68397,66177,63911,55205,57874,56475,58942,42029,43834,48416,41084,40551,39823,34998,29251
T:CTTTA,68993,5259,109997,114574,77065,80256,86948,87992,75638,68439,75009,75462,72963,57693,58996,63465,52933,54227,49975,46651,37944
T:CTTTC,75759,4788,130110,134727,88607,97439,102451,104217,95748,84378,90570,87487,89569,66650,68809,76208,63170,63654,60924,54635,45620
T:CTTTG,62906,3662,107423,113287,73236,80447,86995,86785,81046,71561,75629,73549,76489,55447,57050,62878,53056,52523,51334,45450,38456
T:CTTTT,97819,6430,149405,154827,104227,108486,114888,119033,103258,93079,100906,101423,98283,76918,79214,85833,69708,72213,66253,62388,50732
T:GACAA,52364,4845,88387,92401,59648,66635,72752,70828,67668,57674,62073,59698,62133,46837,47912,53393,44190,42473,43667,37922,31495
T:GACAC,36779,2452,77100,82786,51312,63308,70829,62056,65094,56160,57595,54935,60167,41766,42692,46484,41103,38245,42671,33568,29148
T:GACAG,54284,3274,113186,124511,74270,96121,105258,90363,97207,83317,88520,79437,96315,61905,60989,67468,61897,55556,63513,49336,43891
T:GACAT,42631,2591,75508,79262,50979,56377,63024,60898,57753,50785,53413,51936,52520,39367,41242,45131,37432,37012,37109,32209,26776
T:GACCA,35093,2483,67916,73022,44123,55779,60128,54079,57939,48479,50617,46952,53826,36232,36313,41234,35937,32744,36112,29150,25840
T:GACCC,23008,2011,48084,54538,31393,43582,47294,39094,46727,38200,38353,35027,43994,27088,25940,29627,27977,23497,28755,21115,20025
T:GACCG,2812,158,7733,9062,5579,7635,8307,6273,7117,6825,6422,6237,7870,4633,4529,4755,4997,3966,5063,3686,3683
T:GACCT,31864,2148,61896,67464,40741,52493,56665,50181,54196,44933,47964,42942,51920,33377,32923,37511,33099,30468,33837,26339,23918
T:GACGA,4173,355,9564,10692,6858,8499,9233,7750,8074,7628,7762,7299,8190,5593,5656,5975,5786,4984,5843,4550,4231
T:GACGC,2667,254,8107,9549,5720,8014,8846,6541,7367,7033,6843,6614,8116,4906,4751,4929,5160,4215,5410,3971,3863
T:GACGG,3851,66,10819,12383,7572,10761,11505,8584,9934,9398,9049,8653,10629,6531,6294,6490,6629,5513,7109,5129,4866
T:GACGT,3556,184,9388,10463,6843,8453,9396,7774,7855,7700,7791,7560,8241,5444,5691,5893,5609,4942,5817,4510,4292
T:GACTA,32647,2447,52639,53563,35027,38506,41287,41509,38273,32656,35724,35000,35351,26939,27808,30629,25137,25355,24758,22262,18269
T:GACTC,28550,1735,59408,64560,38890,49212,53327,47652,50828,42704,45867,40701,47810,32225,31780,36026,31643,29218,31837,25414,22804
T:GACTG,38213,2513,75512,81735,50851,61749,67844,60613,63051,54000,57567,53014,60141,40720,40812,44839,39980,37198,40266,32949,28394
T:GACTT,41093,3370,72710,75244,49260,54493,59460,57888,54848,47898,50897,49738,51256,37708,39552,42851,36053,35350,35028,30864,25730
T:GATAA,49823,3965,73501,73648,51592,50751,55483,58896,50504,44681,48150,50054,43736,37216,39139,42442,34617,35654,32806,30402,24446
T:GATAC,30323,1766,47389,47510,31828,34473,37361,37537,34983,30054,31628,32499,30902,24232,25260,27644,22921,22845,22417,19785,16131
T:GATAG,36026,2275,55553,56240,37620,40221,44364,44799,42539,36505,37592,37951,36340,27807,28834,31860,27185,27220,26593,22621,19018
T:GATAT,51049,4539,68877,68072,47707,46936,50436,55074,47604,41465,42663,46634,38474,33914,35666,39405,31873,33537,29476,27586,21807
T:GATCA,36418,2692,59295,61204,39940,44165,48538,47337,46061,38348,41383,39964,40486,30248,31692,34749,28819,28680,28649,24737,20792
T:GATCC,27506,1957,48616,51728,32051,39928,42661,38529,41434,34765,36209,33335,38255,25297,25399,29215,25161,23175,25009,20297,17900
T:GATCG,2981,109,6569,6870,4547,5508,6249,5184,5332,4903,4944,5127,5435,3462,3648,3937,3669,3243,3650,2963,2646
T:GATCT,39344,3293,66907,70868,44806,52990,56164,52839,54000,44984,48363,46086,50817,34836,35431,39238,33373,32380,33222,27628,24310
T:GATGA,44749,3385,77259,81209,52403,58584,64455,63641,61124,51887,55297,52933,54484,40101,41652,46402,39210,38076,38519,32602,27685
T:GATGC,30910,1778,59889,63889,39974,47994,52724,48713,48956,42690,44119,42218,46096,31412,32374,35551,31403,29688,31526,25745,22315
T:GATGG,46048,2292,84212,89933,55267,69533,77177,68569,73907,61485,63843,59072,67753,44091,44937,50272,44259,40978,45364,35530,31419
T:GATGT,38855,2432,69628,72100,46805,51612,58467,56596,54714,47393,48938,47760,48736,35525,37529,41182,34646,34240,34653,29359,24604
T:GATTA,37815,3067,56366,58744,39661,40614,44092,44752,38992,35214,38240,38906,36560,28833,30074,33042,26943,27841,25234,23632,19316
T:GATTC,32573,2546,54197,56101,36612,41124,44556,43722,41805,35597,38213,36920,37401,27720,29042,32688,26499,26263,25777,22821,19374
T:GATTG,28332,2471,43847,44650,30226,31569,34908,35680,33609,28520,30097,30358,28635,21738,23076,25613,21202,21547,20572,18618,14945
T:GATTT,60619,4023,91653,94397,63952,65367,70643,73281,62099,56896,60889,62932,58432,46224,48412,52870,43432,45108,41478,38151,31148
T:GCCAA,37588,2198,68348,74219,45021,54989,59586,55863,56634,47296,50778,46642,53188,37125,37110,40714,35890,33139,35170,29815,26079
T:GCCAC,29289,1862,65709,75509,42391,59422,66481,53550,62401,52050,53605,47319,61058,37840,36848,40283,38487,33168,39565,29512,27560
T:GCCAG,44748,2705,93294,108984,60057,86276,91988,75586,88683,72717,76861,66077,89944,52755,49808,55592,53510,46010,55019,40673,38770
T:GCCAT,39591,2736,72525,78171,48457,57918,64836,59274,60135,51433,54457,50796,55370,38811,38858,43758,37768,35926,37982,30878,27052
T:GCCCA,32453,1561,69798,80334,44550,63717,67611,56756,66977,54569,56755,49733,64644,39137,37726,43600,40517,34479,41188,30574,28749
T:GCCCC,25678,1671,51222,59967,32884,49438,53391,41466,53288,42001,42367,37844,50933,28513,27115,31055,31259,24785,32281,22313,22248
T:GCCCG,4456,103,11564,14519,8056,13257,13710,9563,12378,11483,10653,9654,13840,7235,6686,7078,8073,6050,8591,5679,6071
T:GCCCT,30887,1633,66159,76302,42383,60718,64015,53537,63389,52372,54352,46662,63108,36996,35118,39964,38677,32536,39118,28679,27783
T:GCCGA,4068,267,9483,10796,6595,8932,9625,7582,8526,8044,7800,7293,9094,5461,5338,5793,5809,4728,6106,4440,4203
T:GCCGC,4038,50,10352,13241,7344,11365,12561,8363,11058,9736,9150,8624,12217,6597,6374,6496,7221,5393,7918,4987,5319
T:GCCGG,4565,213,11754,14427,8085,12916,13512,9129,12194,10615,10270,9632,13703,7115,6582,7170,8081,5834,8427,5475,5820
T:GCCGT,2866,134,8719,10224,6032,8390,9614,7070,8070,7805,7360,7013,8804,5199,4987,5278,5540,4425,5748,4195,4200
T:GCCTA,27803,1498,47350,50492,30982,38378,41397,38434,39920,32223,35262,32053,36917,25727,25332,28188,24444,23124,24233,20151,17433
T:GCCTC,37731,2033,76277,89318,49607,71688,76106,62253,74505,60208,63678,54630,74730,44111,40399,46385,44548,38010,45599,33814,31873
T:GCCTG,38574,2098,87037,102017,56019,82828,87787,71228,84135,69488,73595,62333,84299,49811,46598,52970,50117,43317,52491,38309,36249
T:GCCTT,40398,2173,77926,84993,51709,64456,69062,62867,66149,55739,59219,53848,64062,41897,42381,46617,41023,38333,41183,33645,30070
T:GCTAA,36259,1776,62062,63740,42172,45634,50016,49510,44078,39468,42821,42312,42667,32422,33779,36598,30212,29837,29015,26396,22042
T:GCTAC,26773,1540,49959,54366,33410,41076,44977,39936,39964,34987,38017,34775,40433,27967,27123,29765,26222,24771,26189,21890,19200
T:GCTAG,29670,1764,51014,55247,33515,42023,44593,40963,42248,35485,38766,34736,41318,27555,27297,30044,26234,24755,25858,21990,18920
T:GCTAT,38490,1768,60769,62258,40929,44234,48536,48699,43744,38633,41563,41026,40601,31484,32193,35260,29488,29151,27574,25296,20803
T:GCTCA,41188,3299,85112,95470,56256,73672,80776,68470,74740,62292,67095,59793,74018,46958,46498,50755,46435,42306,46967,37150,33896
T:GCTCC,31124,1572,66753,74912,43259,59748,64214,54286,61517,51569,52826,46928,60382,37168,36027,40241,38337,32677,39263,29270,27290
T:GCTCG,4007,162,10881,12756,7575,10716,11571,8632,9690,9464,9230,8353,10725,6336,6350,6477,6888,5551,6989,5085,5085
T:GCTCT,42923,2076,91846,101489,60461,78793,84479,73748,79279,67442,71985,63340,79222,50316,49361,54700,49823,45634,50094,40218,35765
T:GCTGA,42862,3180,86426,93393,57512,70621,77490,70003,72676,62003,66427,59836,69743,46530,46589,51972,45678,42167,45961,37039,32781
T:GCTGC,31596,1403,72588,81738,47426,63860,70252,58996,65343,55737,57606,51766,65776,41141,39565,43343,41284,36328,41877,32419,29104
T:GCTGG,42688,2657,96145,111669,62462,89968,97892,77345,92688,77140,80650,69117,95368,54460,51227,57221,54742,47609,57065,42217,39795
T:GCTGT,39163,2207,84744,92455,57034,70000,78015,68103,71120,63279,65415,59225,69452,45687,45671,50431,45178,41871,46296,36785,32039
T:GCTTA,29815,1299,52619,55568,36484,39951,43623,42347,38088,34324,37861,36004,37012,27695,28347,31116,26085,26056,25230,22702,19156
T:GCTTC,38767,2181,76794,82402,51152,61832,67116,61908,62897,54749,57546,52384,60553,40805,41500,45540,40365,37283,39846,32844,28992
T:GCTTG,32611,1653,64784,70071,42381,51728,57527,51325,53634,46596,49116,44712,51360,33828,34086,38162,33404,31873,33637,27490,24085
T:GCTTT,52100,2562,93738,99945,64775,70305,76243,75974,68646,62109,67072,64667,66514,49253,50918,55425,46128,46119,45342,40535,33581
T:GGCAA,39053,2723,69938,74960,46366,56228,60764,56707,56560,48179,52193,47582,54784,38033,37760,42373,35903,34338,35835,30436,26590
T:GGCAC,25277,1265,55605,63224,36447,49806,53897,45569,51081,43534,44621,39549,49823,31815,30340,33466,32031,27461,32388,24535,22618
T:GGCAG,46316,2595,102104,119489,66018,95419,101726,82980,97640,80736,85116,72875,98598,58542,54963,62078,59521,51418,61961,45132,42833
T:GGCAT,37045,1986,66475,70760,43958,52910,57125,53719,54025,46084,48791,45654,50628,35089,35689,39946,34306,32184,33573,28409,24359
T:GGCCA,36659,1874,74822,87538,47883,68480,74101,61708,72467,58954,61511,53456,70517,42416,40516,45320,43333,37002,45089,33192,31266
T:GGCCC,22619,1423,45823,54951,28941,45337,46395,37964,47603,38288,38513,33648,46488,26254,24622,28431,28183,22526,28878,20172,19978
T:GGCCG,4386,98,11099,13834,7653,12038,12772,8849,11537,10153,9802,8814,12491,6683,6403,6883,7562,5671,8021,5162,5432
T:GGCCT,34081,1679,67885,79831,43683,63909,66397,55954,66853,53260,55458,47984,65052,38635,36209,41897,39377,33697,40702,29290,28030
T:GGCGA,4300,425,9494,10974,6464,8892,9970,7752,8654,8115,7869,7613,9107,5541,5419,5488,5785,4718,6021,4403,4363
T:GGCGC,3987,84,9561,12471,6651,10678,11588,7980,10183,9136,8670,7832,11277,6156,5846,6105,6765,4801,7079,4787,4865
T:GGCGG,6248,115,14024,17992,9869,15454,16614,11283,14983,13646,12410,11834,16545,8887,8105,8666,9780,7104,10485,6833,7082
T:GGCGT,4494,215,10396,12364,7319,10229,11617,8388,10214,9243,8697,8596,10702,6223,5877,6299,6550,5322,7185,5022,4841
T:GGCTA,32308,1429,57341,62367,37412,47513,51170,45383,47774,40200,43900,39648,47364,31221,30929,33612,29648,27636,29860,24582,21593
T:GGCTC,29535,2006,67092,78254,43276,63152,68525,54455,65474,53920,56042,48225,65695,37597,36267,40707,39128,33475,40095,29731,28628
T:GGCTG,40071,2469,94114,109520,60557,88136,95897,76482,91002,76213,79116,67926,92753,53173,50336,56175,53997,46772,56296,41325,39092
T:GGCTT,36038,2168,73077,81121,48361,60600,66218,59120,62036,53325,56715,51113,60346,39264,39524,44147,38460,36443,38843,31741,28256
T:GGTAA,32958,2712,54590,56341,37298,41240,44036,43647,40166,35168,38252,37008,39817,28282,29253,31753,26614,26649,26318,23211,19684
T:GGTAC,22693,1444,37958,40158,24789,30013,32600,30210,31111,25967,27655,25978,29113,20020,20267,22735,19775,18302,19100,15957,13790
T:GGTAG,28973,2293,49201,53008,32166,39734,43151,39674,42207,34617,36861,33764,40577,25854,26132,28730,26102,24222,25697,21080,18343
T:GGTAT,33462,2025,49619,50512,33382,35910,38874,39338,37072,31915,33344,33968,32693,24985,26302,28726,23935,23491,22918,20526,16756
T:GGTCA,30650,2192,62606,68318,41141,52296,56941,50618,54165,46106,48414,44309,51511,34120,33611,38146,33822,30691,34293,27098,24121
T:GGTCC,21708,1690,45369,51562,29118,40965,44109,36224,43059,35714,36421,32557,41756,24921,23775,27866,26036,21792,26598,19503,18459
T:GGTCG,2761,119,6494,7502,4482,6227,6938,5107,6121,5702,5444,5359,6576,3840,3713,4037,4174,3219,4238,3116,2938
T:GGTCT,32101,1738,63520,71034,41214,54784,58809,51191,57398,47312,50254,44636,55496,34794,34315,38381,34337,30999,35400,27628,25180
T:GGTGA,31927,1783,63729,68992,42147,52494,58124,51967,54489,46958,48128,44200,51562,33814,34274,37874,34281,31297,34289,27535,24384
T:GGTGC,19434,1339,42467,48640,28050,38180,42739,34593,39713,34154,35031,30539,39607,23694,23118,25643,24099,21141,25123,18716,17234
T:GGTGG,41566,2662,81341,92139,53005,73669,81033,65798,77629,65274,65149,59397,76476,45206,43461,48539,46888,40027,48360,35742,33214
T:GGTGT,29024,1895,60763,65982,40262,49938,56656,49050,52633,45987,46890,43578,50639,32211,32535,35646,31969,30157,33371,26430,23052
T:GGTTA,27555,1835,47483,49170,32299,36123,39094,37587,35297,31027,33751,32396,33983,24667,25320,27402,23532,23127,23075,20154,17249
T:GGTTC,25911,1907,50229,54508,33123,41331,44876,40611,43166,36381,38097,35126,41259,26760,26695,30291,26458,24547,27166,21708,19294
T:GGTTG,28316,1465,50797,54181,33503,40893,45018,40956,43093,36744,37809,36244,41270,26610,27256,29855,26782,24927,26477,21690,19583
T:GGTTT,46391,4352,81455,85967,55521,62027,67142,64410,61428,54252,58239,57139,59413,42215,44259,47556,39633,39740,39853,34817,29203
T:GTCAA,37039,2532,62679,64949,42826,45792,50806,50211,46530,40321,43999,42621,42105,32556,33578,37911,30940,30242,30223,26608,22159
T:GTCAC,28759,1623,62437,68559,41478,51461,57171,50673,52693,46202,47311,44097,50009,34172,34322,37539,33949,30924,34420,27662,23769
T:GTCAG,35576,1825,73881,81502,49628,62377,67089,60084,63195,53421,57438,51635,61159,40032,40092,44113,39915,36142,40219,32308,28875
T:GTCAT,36745,2552,63652,66275,43576,47237,52979,52429,48281,42198,45023,43991,44149,33272,34628,38707,32065,31357,30817,27319,22682
T:GTCCA,29694,2183,57816,63474,38219,48191,51875,46600,50189,41792,43368,40345,46251,30885,31119,34702,31264,28193,31311,25070,22426
T:GTCCC,24587,1367,52005,59093,33301,47012,50382,42492,49531,41341,41484,37273,47740,28562,27273,32266,30004,25316,30461,22459,21069
T:GTCCG,2595,96,6919,7934,4763,6629,7307,5457,6512,6107,5689,5549,6989,4030,3877,4132,4379,3379,4547,3268,3230
T:GTCCT,36694,2651,74066,81514,48855,63015,67370,59470,64686,54282,57157,51286,62674,40562,39475,44638,39880,36413,40777,32255,28594
T:GTCGA,2983,277,5849,6575,4096,5048,5663,4715,4910,4619,4535,4596,4798,3232,3337,3527,3302,3002,3413,2653,2461
T:GTCGC,2513,65,5725,6712,4071,5441,6340,4616,5414,5156,4655,4701,5603,3468,3358,3498,3687,2972,3875,2837,2642
T:GTCGG,3611,83,8328,9410,5628,7839,8452,6506,7521,7167,6660,6551,7821,4721,4552,5089,5037,4019,5121,3788,3747
T:GTCGT,2979,257,6990,7600,4949,5706,6632,5626,5638,5709,5319,5488,5918,3900,4051,4197,4146,3610,4140,3481,2910
T:GTCTA,31465,1938,54384,58278,36954,42674,46129,43435,42256,36656,39612,37636,40553,29494,29126,31904,27859,27216,27334,23650,20164
T:GTCTC,40266,2131,78125,84159,51566,65167,70931,62634,66559,56337,60113,54166,63834,41342,41060,46039,40674,38320,41866,33634,30001
T:GTCTG,38303,2216,80241,87233,52774,66866,72818,64109,68364,58646,61710,56155,65649,42374,42713,47455,42543,39711,43615,34517,30401
T:GTCTT,45541,2740,80974,84705,54785,61500,66671,64518,62357,54138,57872,55513,58248,41899,43798,46614,40054,39632,39574,34597,29194
T:GTTAA,40273,3503,64656,65953,45991,46452,50856,51093,43253,39591,44222,44811,42156,33457,34923,36754,31156,31563,29573,27519,22668
T:GTTAC,24732,1872,43209,44902,30338,31872,35377,34331,30558,27907,30120,29760,29444,22965,23369,25143,21264,21302,20771,18370,15321
T:GTTAG,26805,1646,46264,47924,32104,34171,37347,37303,33575,30245,32562,31557,31750,23976,25085,26818,22725,22680,22198,19650,16449
T:GTTAT,39009,2099,59405,59416,41520,40647,44745,47214,38971,35726,38069,40521,35250,29512,31302,33663,27592,28989,25557,24478,19381
T:GTTCA,44329,2272,76668,81410,51885,59397,65437,61711,58611,50925,55147,52660,56050,40304,41011,45756,38169,37576,37641,32603,28076
T:GTTCC,34381,2401,63748,68760,42370,52549,56132,51264,53142,45098,47420,43966,50884,33815,33499,38481,33454,30948,33306,26940,23909
T:GTTCG,3987,377,7475,8981,5419,6758,7588,6063,6456,5938,6059,5976,7027,4318,4270,4372,4348,3956,4653,3420,3224
T:GTTCT,49366,4148,88755,93028,60803,67930,72867,71548,68217,59507,63869,61108,64281,46281,47420,52714,44001,43413,43708,38212,31736
T:GTTGA,31962,1733,51287,52960,35458,37411,40677,41371,38797,33684,35168,35611,34338,25717,27239,30086,25430,25059,24011,21592,18020
T:GTTGC,22556,1369,39131,41611,26556,30365,33712,32005,31405,27498,28568,27669,29581,20401,21112,23031,20329,19357,19641,16823,14487
T:GTTGG,30287,1741,54490,57745,36426,42390,46453,43664,45394,38414,39433,37746,41948,27689,28655,31751,27626,26031,27865,23000,20090
T:GTTGT,37241,2633,61720,63493,42129,45913,50977,49709,45936,41368,43030,42845,43038,31483,33010,35843,30257,30089,29280,26246,21945
T:GTTTA,45299,4001,73069,74704,51866,51400,56751,58853,48770,45513,48758,50146,45528,37030,39381,42274,34592,35985,32687,31084,24592
T:GTTTC,47777,3841,82202,86259,56514,61752,66696,65780,60388,54015,57736,56411,57610,42385,44182,47933,40043,40229,39198,35032,29248
T:GTTTG,49868,5106,84304,88267,57652,62894,69681,67706,62516,56290,59261,59120,59346,42848,44549,48742,40879,41690,40306,35735,29911
T:GTTTT,80697,7256,128140,133175,91295,92355,100851,102072,87978,80238,87036,89525,83952,66294,68876,73486,61257,62645,58305,54388,44468
T:TACAA,68624,5616,102824,104860,71245,73625,80415,81016,70296,61404,68959,68833,64702,54072,55917,60254,49126,49965,46913,43591,34989
T:TACAC,44946,3028,83896,87289,56616,64181,73720,66175,63055,57010,61444,59516,61168,45156,45778,49337,42247,41294,43078,36290,30459
T:TACAG,59667,4147,103452,108931,70204,80446,87586,82674,78982,68307,74408,71975,75450,56102,56831,61287,52071,50767,51496,44453,37918
T:TACAT,73645,5286,111337,114711,77255,79181,89669,88730,77191,70651,75840,77775,70763,58105,58763,63671,53778,54850,51243,46568,37733
T:TACCA,44477,3886,71835,75295,47756,54226,58506,57032,54908,46080,50574,47939,49724,38322,38800,42907,35034,34487,34131,30643,25380
T:TACCC,29827,1832,49025,51198,32165,38753,41403,39042,40654,34001,35511,33575,37237,25637,25775,29086,25247,23659,25276,20216,17971
T:TACCG,3729,156,7546,8293,5467,6471,7194,6043,6039,5867,5768,5729,6264,4386,4184,4623,4251,3742,4320,3493,3077
T:TACCT,44796,3551,71862,73915,47721,54086,57666,56443,55192,46076,50406,47856,50981,37186,37785,42541,35136,34374,33902,29254,24956
T:TACGA,3838,233,7815,8205,5813,6290,7004,6448,5809,5648,5684,6143,5810,4428,4692,4699,4321,4078,4319,3824,3219
T:TACGC,2441,248,6033,6609,4401,5189,5855,4972,4897,4743,4837,4788,4946,3414,3555,3679,3520,3161,3621,2937,2656
T:TACGG,3408,125,7881,8750,5675,7012,7798,6551,6614,6303,6341,6211,6877,4543,4711,4940,4639,4134,4737,3772,3483
T:TACGT,5647,293,11134,12054,8220,8833,10085,8802,8005,8092,8158,8551,8293,6297,6662,6707,5937,5740,5810,5125,4388
T:TACTA,46637,3888,63048,63578,43966,44485,46936,49769,41030,36556,40906,42396,37941,33131,33831,36216,29638,30199,27148,26253,20723
T:TACTC,35622,2328,57605,58845,38994,42880,45453,45539,42683,36179,39576,38752,39452,29779,30761,33221,28171,27780,27102,24182,20148
T:TACTG,45007,3150,75590,79293,51821,56610,61014,60652,54939,48199,52918,50989,51889,39557,40595,44917,37859,36993,36147,32193,26291
T:TACTT,60909,4462,89729,91768,62472,63413,68248,71210,60054,53684,59449,59773,55554,46096,48007,51938,42208,43370,39520,36962,30389
T:TATAA,87172,6992,120319,119948,84947,80383,88683,94162,75547,69416,75166,82324,67139,60798,63392,68005,54971,58535,50121,49300,38514
T:TATAC,50775,3724,71734,72258,49303,50028,55218,55962,48396,43831,47281,49769,43733,36901,38282,40696,33974,34838,32240,29764,24002
T:TATAG,52216,4833,70413,71181,48871,48707,53127,55906,48852,42389,45290,47462,43270,35725,36456,40422,32768,34123,30726,28641,22720
T:TATAT,121772,10582,154572,154598,109540,103227,116271,122764,96195,94588,94619,111914,83606,76122,80153,86641,73620,77647,64531,62523,47516
T:TATCA,56964,4765,82044,83049,57576,57141,62289,65599,55983,49679,53126,55271,48038,41424,43678,47679,38552,39701,35932,34258,26744
T:TATCC,36851,2488,56141,56497,37557,41269,43687,44979,42006,35828,37484,37854,36576,28303,29183,33241,27226,26662,25293,23219,19012
T:TATCG,3718,304,6841,6947,4910,5274,5855,5478,4807,4692,4875,5163,4723,3600,3769,3877,3553,3499,3482,2999,2652
T:TATCT,63445,4840,96164,97761,66009,67946,73231,76476,66864,61274,63458,65851,60023,48486,50621,56073,45807,46939,42740,39624,31846
T:TATGA,59053,4390,84985,85769,58772,59342,64223,68595,58339,51784,55009,57893,50233,42814,45582,48703,39989,41964,37974,34974,27479
T:TATGC,40262,2948,61091,62199,41053,43626,48785,49089,42961,39147,41514,41782,38978,31134,32181,35598,29238,29820,27895,25630,20104
T:TATGG,41321,3034,63311,65038,42598,46610,51076,51426,48895,41547,43907,43345,42131,32776,33898,37269,30812,30955,30001,26922,21787
T:TATGT,70813,4346,108704,111603,75169,76409,88236,86835,75375,71958,74237,76863,68786,54034,57244,61940,52194,54832,50894,44402,35837
T:TATTA,74585,4658,101586,101870,73040,67881,73894,80306,62162,58672,62166,70585,55689,51059,52643,56945,47173,49850,41807,41119,31918
T:TATTC,54119,4130,78485,79006,54524,54481,58044,62992,51979,46755,50451,52693,45656,39012,40645,45223,36854,39009,34016,32244,25829
T:TATTG,47727,3556,65384,65955,46248,44657,48158,52919,44153,40007,40786,45117,36905,31329,33977,37222,30550,31861,27840,26723,20795
T:TATTT,127167,7761,178384,180911,128113,120377,131613,143383,111073,105396,112510,122508,103243,89503,92944,100460,82706,88394,74953,73728,56908
T:TCCAA,60913,5581,97469,100940,65563,74538,79275,78061,74351,63488,68753,65577,68405,51205,52631,59373,48503,47206,46671,41421,35305
T:TCCAC,42233,2672,81974,87936,54546,66966,72908,66377,69490,58188,60835,56129,64003,43400,43920,48734,43194,39662,43359,35162,31107
T:TCCAG,59278,4526,115787,127666,75964,99697,105475,92662,102899,83464,89943,80224,99348,62906,61682,69676,62781,56503,63506,49804,45171
T:TCCAT,61606,4580,101840,104331,67730,75890,82245,81047,78583,68063,69749,69079,68237,51462,53020,59546,50231,48385,48228,42452,35089
T:TCCCA,61243,4852,115581,126707,75053,99095,105208,93727,102814,83417,89710,79862,98390,62653,61099,70755,62160,56292,62878,49534,45623
T:TCCCC,41249,2772,80979,87554,52593,70138,76014,64643,73615,61338,62726,57256,70411,43004,42446,47882,44618,39095,44853,34397,31872
T:TCCCG,6052,299,14890,17328,10256,15046,15985,11898,14462,12827,12570,11748,15234,8598,8407,8999,9369,7549,9918,6967,6903
T:TCCCT,55624,3646,108757,115321,70973,89262,96407,87616,92476,77758,81828,74940,87589,56878,56156,64396,57644,52981,57447,46117,40855
T:TCCGA,4344,221,10305,11920,7268,9583,10412,8268,8962,8588,8592,8140,9884,5955,5991,6060,6158,5273,6518,4921,4691
T:TCCGC,3620,114,8956,10725,6481,9090,9668,7261,8797,7895,7663,7350,9397,5279,5168,5544,5853,4503,6209,4299,4292
T:TCCGG,5036,145,11319,13108,7854,10993,12042,9049,10775,9944,9432,9265,11664,6401,6452,6710,6997,5688,7344,5273,5421
T:TCCGT,4735,450,11949,13254,8738,10643,11783,9575,9914,9708,9540,9486,10579,6663,6757,7101,6993,6100,7253,5638,5326
T:TCCTA,46960,4143,78077,80902,51921,59875,62414,62579,59659,50394,55217,52118,55057,41231,41615,47225,38477,37632,37668,32957,27710
T:TCCTC,56877,4092,111650,117955,72838,90723,98359,90013,95860,79224,84090,75603,90309,58471,57149,65213,58266,53732,59374,47498,42259
T:TCCTG,58282,4203,120820,132573,78395,101134,109157,96730,106108,88138,93054,83412,100575,64276,63958,72494,63702,58622,65359,51110,45629
T:TCCTT,73338,4837,127887,132499,85990,97590,103668,102267,97334,85294,90252,86504,91073,65707,67414,75694,63364,62599,60996,53814,45301
T:TCTAA,59979,5048,95470,97058,65993,68203,74151,75448,65393,57809,64364,64104,60471,49477,50911,55542,45319,46018,43516,40551,33233
T:TCTAC,42925,2727,72974,75742,48633,56057,60266,57558,55219,47443,52102,49180,51941,38604,39077,42673,36281,35551,35375,30885,26170
T:TCTAG,44963,2584,73913,77462,49080,56929,60149,59143,57639,47965,52881,48946,54129,39130,39448,43494,36487,36051,35674,31175,26468
T:TCTAT,61945,3479,94871,97158,65076,67294,72981,75674,66126,60915,62699,65576,59977,47395,49791,54908,45302,46917,42288,39527,31426
T:TCTCA,70092,5664,124343,131451,84163,97504,104679,100590,99660,83335,90344,84719,91744,65324,67138,73835,62970,60952,61671,52913,45676
T:TCTCC,55567,4477,111018,116766,72796,90662,97354,88070,93314,78167,84215,74782,88758,57778,58035,65539,57751,53781,58689,47011,41338
T:TCTCG,6513,256,14190,16134,9999,12862,14331,11492,12582,11552,11351,10946,13241,8144,7878,8460,8317,7150,8756,6707,6300
T:TCTCT,109603,5837,201858,206031,132912,157541,168994,162575,157270,135609,147593,135734,147921,101816,103192,116213,98613,100872,99643,84098,70612
T:TCTGA,66244,5497,124127,132834,83270,99050,105853,99473,98731,84807,91260,84960,94557,65835,66343,74009,62924,61172,63078,52880,45651
T:TCTGC,49772,2772,100813,108794,65863,82854,89459,81157,84250,72498,76929,69100,82601,54815,53295,59496,53629,49055,53698,43544,38088
T:TCTGG,54966,2925,105675,116311,69096,89379,94289,84962,92685,76367,81422,72800,88592,56496,56010,63065,56137,51593,56774,44946,40560
T:TCTGT,74547,4802,139051,147971,93766,109511,118975,111487,109251,96468,102638,95959,103700,71479,72964,81282,69333,68804,70577,59376,50041
T:TCTTA,59064,3724,95228,97133,65868,68575,73747,76273,65753,58407,64746,64564,61755,48939,51452,54211,44601,46370,42592,40125,32494
T:TCTTC,74710,6005,132396,137585,87855,101078,107455,105162,101669,87000,94066,89648,96135,67511,69446,77113,65287,64751,63555,56229,47660
T:TCTTG,55809,3653,93534,98052,62955,70640,76076,74994,72829,61962,65682,63671,67765,47773,49664,55166,46622,45296,44997,39574,33543
T:TCTTT,108758,7803,170177,175648,118128,123905,131097,136400,120159,106975,114971,116022,111788,86762,89440,97514,80339,83071,76183,70726,57920
T:TGCAA,53983,3918,85643,89028,58767,63631,69753,69954,63552,55918,59492,58382,56717,44848,46681,51542,42323,42229,41203,36527,29844
T:TGCAC,33062,2778,73054,78230,47968,59017,67621,58526,59289,53242,56208,50202,57605,39343,39105,42891,38651,35918,39556,32021,27044
T:TGCAG,46360,3184,97614,107670,65233,81107,89472,80242,83642,71719,74880,68013,79533,53057,53459,59563,53107,48494,53895,42699,37443
T:TGCAT,54856,3089,95457,98032,64743,69845,80437,76833,70429,64561,67302,65171,64243,48771,50528,56491,46623,47567,46577,40077,32435
T:TGCCA,48210,3185,89722,97986,59069,73083,79727,73216,75919,63333,67294,61077,71112,48634,48413,54502,47279,44218,46638,38489,33888
T:TGCCC,33540,1969,67985,76377,43797,60346,63811,54805,62903,52322,53753,48059,61106,36790,36032,41216,38993,33428,39144,29176,27554
T:TGCCG,4277,189,11237,12838,7699,10818,11793,9050,10246,9606,9335,8980,11251,6512,6276,6815,7006,5601,7311,5310,5154
T:TGCCT,57347,3030,109648,120251,71516,93156,100960,88119,96104,79707,86119,76057,93152,59795,57777,64401,58080,54108,58891,47424,42013
T:TGCGA,3780,125,8033,8891,5772,6988,7838,6579,6678,6566,6369,6479,6915,4602,4590,5012,4735,4224,4855,3801,3504
T:TGCGC,3897,128,9825,11711,6995,9797,10801,7986,9314,9000,8430,8285,9947,5824,5852,5887,6345,5094,6861,4826,4676
T:TGCGG,3739,124,9942,11912,6910,9885,10977,8076,9694,8939,8503,8010,10056,5875,5814,6089,6362,4999,6685,4638,4752
T:TGCGT,4719,177,12061,13265,8378,10494,12180,9745,9968,9970,9378,9603,10466,6671,6729,7251,7039,6086,7323,5712,5110
T:TGCTA,45813,2485,75485,78455,51417,56241,61347,61529,54745,49074,52874,51550,52174,39745,40727,44780,37391,36985,35109,32390,26687
T:TGCTC,42728,2284,87429,94943,57894,72760,79474,70082,73329,62741,66967,60243,72220,47624,47158,51149,47048,43524,46912,38049,33427
T:TGCTG,56407,3537,116955,127145,77965,95809,107102,94232,98494,85319,89854,81342,96620,63272,62515,69500,61740,57736,62867,50811,43567
T:TGCTT,62578,3134,112968,118634,76998,84193,92421,90724,82618,75016,80448,76898,79106,58621,60012,66122,55812,55522,54305,48252,39782
T:TGTAA,62761,4891,101210,103027,70535,72795,80057,80311,69265,62386,68339,69113,64638,51774,54427,57848,48273,49810,46425,42626,34408
T:TGTAC,38837,2097,63468,65984,42306,47445,52766,50575,47135,41726,44617,42914,44028,32862,34082,37449,31550,30867,30611,26475,22172
T:TGTAG,44867,2314,75364,80412,51253,58161,63439,60286,60376,51251,55119,51821,57126,39013,40374,44189,38162,37603,37940,31933,27344
T:TGTAT,69402,5180,109329,110612,75056,76281,88140,86490,74785,71959,73792,77449,68317,54162,57676,61527,51636,54470,50502,45087,36002
T:TGTCA,49649,3127,91819,98223,62781,70297,78327,75483,71978,62948,66153,62996,65914,48008,49709,56359,47171,45289,46236,39919,33003
T:TGTCC,36577,2074,74144,81944,48779,62809,67685,60317,65428,55444,56654,51739,61624,39701,39235,44462,40493,36473,40981,32408,28548
T:TGTCG,3769,128,8783,9820,6104,7511,8715,6955,7274,7246,6686,6797,7314,4935,4942,5270,5176,4402,5126,4147,3668
T:TGTCT,69914,4336,127943,135342,86158,100368,110367,101832,101619,89212,94324,88217,95911,65860,67262,74075,64359,63476,65611,54159,46151
T:TGTGA,57785,3538,108923,114449,73522,81762,93834,88450,84884,75865,78295,74730,77609,56218,58062,63775,54910,54005,54890,46076,38522
T:TGTGC,38510,2061,82989,88784,55582,66651,76673,67035,67720,62804,64614,57882,65561,44339,44607,50077,44092,41293,45551,36458,30616
T:TGTGG,49721,2785,100357,108892,66334,81189,92573,81537,86494,75568,76679,70112,81241,52701,54017,59013,52995,49660,55130,42905,37432
T:TGTGT,104564,4518,223349,228934,147853,164991,199408,179066,166638,169023,169530,158642,159266,112246,116414,128982,110962,112125,116817,94972,80058
T:TGTTA,50143,2902,79305,80428,55563,54667,60808,62861,52295,48865,51996,54257,48228,39988,41953,45514,37362,38771,35005,33119,26133
T:TGTTC,51562,3421,88413,91952,60143,65736,71297,71524,66015,57709,61312,59698,59974,45113,46545,52358,43012,43119,41993,37173,30778
T:TGTTG,49576,3461,82216,84167,56149,59934,65815,65607,62009,54587,56152,56878,55273,40921,43403,47764,39763,39930,38274,34470,28324
T:TGTTT,99260,9768,161025,166819,113453,115390,127669,129785,111937,102830,109614,111576,105152,81867,85260,92580,76814,79727,73111,67858,55232
T:TTCAA,85006,7005,126194,129634,88498,91608,98631,100351,87085,76539,85355,85579,81384,65537,67860,74161,60262,61416,57269,52983,43543
T:TTCAC,47131,3245,82779,85474,56664,62268,67358,66895,60863,53588,57492,55343,56698,42757,45121,48695,41198,40287,40054,35448,29650
T:TTCAG,65020,5037,113738,119450,77482,86823,93235,91480,85954,75191,80770,77009,80817,59003,60663,67660,56110,55195,54912,47469,40815
T:TTCAT,83738,7315,123501,126105,86272,86853,94475,99968,84848,75817,80652,83336,73636,62273,65261,72583,58005,60306,54423,51144,40358
T:TTCCA,76345,6361,129057,135538,86610,99241,105232,102929,99232,84858,91579,87498,92880,67268,68442,76616,64525,62898,62190,54517,46270
T:TTCCC,53058,3381,98922,105183,65796,80726,85730,79983,81600,68897,73262,68264,77844,52109,52233,59495,51252,48606,50970,41993,37362
T:TTCCG,5167,515,11732,13305,8444,10508,11418,9419,9950,9430,9411,9450,10679,6442,6756,6882,6934,6094,7252,5484,5252
T:TTCCT,86411,6405,153842,159606,103163,117161,124636,123840,117773,102255,109014,103389,109282,78721,80904,91206,75081,74639,74040,64487,54482
T:TTCGA,6818,479,11731,13024,8230,9724,10866,9131,9223,8556,8885,8921,9697,6456,6569,6891,6328,5963,6600,5118,4736
T:TTCGC,3353,92,6953,7902,4970,5858,6476,5656,5586,5277,5271,5414,5564,3892,4043,4168,3950,3579,3996,3271,2964
T:TTCGG,5201,538,10337,11409,7221,8643,9501,7992,8428,7933,7694,7953,8752,5669,5651,6132,5731,5115,5808,4711,4341
T:TTCGT,5889,490,11123,11844,8263,8680,9733,9059,8345,8058,7974,8560,8232,5954,6171,6642,5889,5590,5889,4961,4348
T:TTCTA,73451,4734,114148,115892,77889,80725,87015,90650,78211,69732,76110,76445,71722,58409,60901,66401,53624,55245,51188,48106,38294
T:TTCTC,74269,5692,131572,136911,89189,100574,106490,105721,100691,85870,93122,88679,93597,67292,69660,77303,64747,64267,63850,55527,46368
T:TTCTG,80659,6080,142485,149632,96254,108914,117125,113909,109080,95802,102247,96524,103579,73240,75204,82926,70055,69566,69538,59769,50952
T:TTCTT,114658,8120,179758,184159,123931,128846,136223,143904,126169,111613,120123,121653,115663,90390,94849,103102,84843,87617,79577,75403,61341
T:TTTAA,116561,9037,180355,184581,129064,125356,138796,142078,112643,107170,119014,123924,112077,94530,97285,102155,84601,88349,78996,76697,61026
T:TTTAC,53296,4987,83382,86520,59065,59174,64218,66564,55444,50537,55356,56897,51637,43059,44548,47897,39521,40782,37232,35035,28040
T:TTTAG,55858,4435,84772,86816,60323,59689,65100,68315,56488,52077,56260,58339,53074,43335,45095,48818,40067,41520,37047,35683,28568
T:TTTAT,110787,7296,159867,163543,115364,110383,121144,129020,103246,97073,103388,110620,95347,80991,83784,90780,75157,79546,68535,66614,51981
T:TTTCA,95518,7862,142013,145058,100865,99859,107805,114289,94650,85795,92858,95834,86075,72432,75552,82904,66724,69170,62602,59124,47413
T:TTTCC,76165,5379,126846,131937,87446,94600,99937,102704,92287,82396,87642,86444,86305,64964,67676,74797,61396,62121,59339,53680,44557
T:TTTCG,6395,470,10791,11814,7790,8670,9569,8537,8084,7901,7892,8361,8212,5849,6143,6512,5749,5524,5707,4937,4232
T:TTTCT,133408,9357,212203,218889,146988,153580,162551,169003,147811,132623,143306,143191,138800,107658,112387,121802,99599,103688,96043,88530,71831
T:TTTGA,76217,5138,113703,117903,79629,81665,89053,91381,79775,71752,76066,78308,73799,57619,60027,65521,54209,55707,51278,47573,38366
T:TTTGC,50827,3917,81313,85059,56079,59427,64504,65803,58576,52642,55534,55473,54184,41432,43101,47688,39504,40062,37476,34220,28253
T:TTTGG,58987,4379,94374,99365,64105,70449,75609,75853,71304,62160,65531,64945,68141,48168,49701,55265,45803,45876,44302,39757,33108
T:TTTGT,92450,7771,144107,148250,100358,103097,111659,114598,100121,91175,96727,98555,93296,71824,75065,81668,68044,70398,65531,59971,48561
T:TTTTA,126088,9349,185490,189766,134379,127432,140494,147670,116109,109719,120412,127877,111457,95761,98612,105385,86238,90655,79289,77748,61204
T:TTTTC,105690,8059,157284,161966,111426,111484,119039,126255,106191,96544,104139,107303,97680,80033,84252,90864,73259,76856,69498,65887,52905
T:TTTTG,92672,7164,136362,141625,95941,98043,105254,108848,95117,85769,90763,93960,90338,68990,71357,77908,64335,66228,60698,57107,45553
T:TTTTT,190507,22378,286549,303005,204025,213641,230427,230384,197458,182749,198909,205527,201499,154036,154116,164053,138268,141846,131279,121854,102019
U:AACAA,84213,8314,129290,133184,90958,93173,100792,103962,90415,81547,86682,89557,84276,65342,67605,74668,61362,63038,58105,54206,44303
U:AACAC,42878,2756,78241,81185,54249,57113,64693,63412,57575,53033,54418,54595,53096,39672,41599,45435,38056,38943,37312,33260,27039
U:AACAG,54620,3602,99295,103836,67460,74433,80601,78909,73783,65779,70195,67731,68937,50925,52699,57971,48663,48295,47120,42214,34993
U:AACAT,68811,4868,104117,105140,72625,70991,79494,83484,70452,63617,67765,70511,62290,51943,55246,60131,48852,51262,45837,42928,34124
U:AACCA,51514,3934,88319,92337,59793,67209,72893,70953,67843,58597,62832,61686,64620,45855,46913,51593,43624,43369,43464,37530,31882
U:AACCC,31571,2668,59656,64986,39580,48526,53437,47575,50659,43471,44618,42092,49023,31294,32168,35368,31044,28505,31695,25782,22537
U:AACCG,4351,146,9847,10682,6792,8493,9367,7760,7879,7667,7494,7659,8616,5501,5512,5964,5681,4989,5797,4497,4322
U:AACCT,40731,2811,72131,75799,48268,56123,60423,57260,56582,48653,52942,49457,53635,37587,38928,42168,36047,35467,35606,30548,26581
U:AACGA,5916,715,11587,12325,8377,9147,10170,9245,8259,8332,8134,8826,8484,6037,6489,6792,6209,5978,6209,5320,4509
U:AACGC,4027,226,8726,9344,6496,7487,8235,7175,7021,6698,6496,6795,7173,4889,4947,5348,5060,4294,5015,4123,3713
U:AACGG,4223,234,9804,10857,7073,8364,9498,7806,8029,7744,7801,7808,8400,5361,5510,5740,5690,4848,5909,4575,4406
U:AACGT,6616,373,14120,14980,10601,11046,12701,11433,9945,10204,10274,10996,10308,7896,8513,8631,7593,7243,7433,6575,5788
U:AACTA,46776,3647,67420,68513,47778,47024,50820,54267,44973,40983,44432,45189,41650,34077,36089,38782,31796,32962,29062,28193,22567
U:AACTC,48073,2663,83063,88774,56493,65462,70933,65731,64772,56323,60943,57620,63459,43793,44181,47991,41539,40646,41465,35130,30641
U:AACTG,50364,3850,88881,93582,61581,67705,74109,72167,66619,58115,63298,61058,63594,47017,47835,52268,44599,43169,43381,37848,31994
U:AACTT,63829,5179,99970,102959,70147,71874,77931,80495,69066,61145,68086,67798,64519,51248,53606,57961,47255,48455,45254,42327,34099
U:AATAA,100738,5636,144779,148005,104096,99500,108863,116966,92125,86821,92732,100112,86057,72730,74766,81980,68052,72623,61422,59760,47308
U:AATAC,46923,3239,68474,68718,48427,46415,51335,54565,44652,40936,43777,47079,40121,34027,36352,38759,31969,33450,29604,28366,22207
U:AATAG,55763,3464,80460,80798,55769,55936,59081,63638,52633,48022,51387,54245,47530,40272,41976,46118,37472,38727,34519,33067,25999
U:AATAT,100159,7758,130102,130187,93610,85514,92407,104407,79926,75040,77993,89442,67756,63860,67104,72976,59778,64301,53059,52612,39929
U:AATCA,56776,3622,85050,85964,59130,59247,64720,68726,57903,52778,55336,58153,51205,42131,44672,49596,39901,41547,36851,35566,27913
U:AATCC,39155,2823,62803,67437,42682,48943,53427,50193,49883,42146,45747,43888,46709,32725,33577,37544,31361,31125,31263,26726,22634
U:AATCG,4713,415,8626,9329,6457,6901,7641,7041,6114,6421,6346,6783,6481,4732,4940,5088,4672,4480,4573,4081,3632
U:AATCT,58675,5247,89564,91140,62159,63562,68392,71455,62583,54865,59994,60275,56605,44919,47405,51965,42131,43596,40360,36842,30588
U:AATGA,75814,4695,113373,115647,79536,79939,86935,91538,77508,69305,74727,76542,68772,57103,59405,66123,53585,55736,49302,47477,37626
U:AATGC,43714,2187,71704,73380,49418,51586,56369,57702,51046,45405,48597,48347,46546,36627,38355,42369,34630,35139,33274,30570,24466
U:AATGG,57331,4155,89813,91972,60969,65800,70757,71875,66014,57624,60553,61297,58659,45538,47093,52626,43454,42906,41411,37476,30777
U:AATGT,77302,5409,117930,121618,83160,82039,90430,94081,80105,72792,77393,80344,71855,59873,63511,68625,55834,57812,52712,49189,39296
U:AATTA,77789,5879,111900,112757,81286,75000,82560,89241,68372,64946,70412,76831,62347,56457,58302,63512,51817,54953,46593,46361,35838
U:AATTC,60981,4566,88947,89841,63146,62753,66694,70872,61102,53976,57667,60108,54016,44114,47216,51004,41548,43201,39438,36830,29597
U:AATTG,60141,5966,84700,84959,59113,58932,63739,66961,55948,50197,54710,56652,50330,42569,44920,49775,39016,40689,37062,34954,27444
U:AATTT,118284,11740,158394,159560,114340,106029,114421,125857,100119,89930,99327,106361,90093,79305,83236,90373,72276,76181,66713,64950,50856
U:ACCAA,47291,4082,76875,79941,52167,56490,61783,61153,58508,50657,53143,52560,55192,39194,40723,44952,37531,37469,36473,32256,26714
U:ACCAC,35352,2310,67243,73417,45038,55642,62977,53954,58319,49932,51454,48197,57325,36280,36531,39712,36154,33055,36762,29561,26082
U:ACCAG,42119,3132,81535,88468,52936,67414,72671,64606,69312,58902,62151,56111,67963,43706,43247,48056,43108,39683,43716,34888,31162
U:ACCAT,48114,3506,80532,83906,53800,60523,67398,64578,62408,53732,57380,55681,58002,41754,42825,47109,39792,39526,39836,34021,28355
U:ACCCA,44178,2450,82347,89483,54658,68663,74925,67025,72106,61867,62499,57681,66954,43617,43379,49066,43238,39583,43897,35148,30591
U:ACCCC,26478,1491,53400,59575,34363,47686,52833,43112,51104,42244,42884,39845,49459,29044,28249,31564,30334,25696,31799,23315,21855
U:ACCCG,4192,160,10426,12136,7214,10434,11491,8530,10008,9575,8816,8441,10710,6198,5845,6515,6564,5269,6934,4967,4772
U:ACCCT,36000,3030,69917,78131,45403,59983,64832,57120,63128,52754,54824,49523,61551,37596,37332,41927,38426,34220,39461,30428,27517
U:ACCGA,4337,243,10148,11032,7097,8724,9850,8128,8273,7899,7856,7909,8882,5633,5597,6105,5817,5028,5960,4703,4481
U:ACCGC,3432,92,8384,9957,5738,8122,8949,6774,8121,7295,6964,6794,8892,4904,4756,5140,5430,4243,5689,4024,3991
U:ACCGG,3499,180,8773,9806,5840,8604,9010,6761,8210,7561,7164,7107,8776,4918,5069,5416,5654,4281,5624,4073,4153
U:ACCGT,4315,171,11518,13194,8229,10303,11545,9364,9665,9454,9375,9006,10492,6812,6851,7153,6991,5936,7278,5631,5270
U:ACCTA,33723,2001,53829,55200,35695,40902,43206,43047,41019,35162,37547,36715,37805,27289,28126,31570,26640,25987,25566,22525,18473
U:ACCTC,34231,2539,66362,73028,43583,55695,60538,53711,58973,48633,51651,46889,56080,35392,35952,39719,35573,32626,35673,28727,25679
U:ACCTG,40850,3015,84307,93119,54776,71605,78403,67189,74878,62384,65881,58051,72106,46032,45231,50045,45569,41416,46046,35750,32858
U:ACCTT,47306,3049,81998,87579,54944,64994,69708,65900,64659,55204,60130,55673,61508,43613,44565,49114,41596,40300,41534,34882,30519
U:ACTAA,44509,3461,66930,68239,47857,46725,51563,53811,44144,41022,44172,45288,41223,33974,35815,38372,31622,32523,29347,27998,22473
U:ACTAC,27134,1959,41291,43861,28582,30700,33205,33150,31224,26621,28732,28075,29150,21237,22428,24030,20646,20376,19563,17505,14658
U:ACTAG,33288,2099,50604,52628,33919,37820,39844,40628,37284,31877,35611,33297,35092,26625,27162,29580,25036,24549,23464,21363,17870
U:ACTAT,48986,3877,67298,67154,46570,46201,49625,52908,45673,39464,42451,44733,39986,33268,34630,38489,31175,32274,28488,27196,21666
U:ACTCA,52829,2492,95381,103194,64854,76293,83758,76541,76735,66106,71443,66386,73876,50687,50303,55804,48498,47334,48910,40363,34849
U:ACTCC,35831,2300,63582,67911,42312,51394,54991,51483,53386,44741,47246,43978,49274,33421,33693,36884,33035,30902,33014,27152,23887
U:ACTCG,4748,145,11318,12648,8035,9993,11401,8979,9574,9232,9095,8663,10269,6515,6472,6587,6489,5716,6776,5432,4894
U:ACTCT,51291,2698,92869,97627,62591,72153,77967,74954,72934,62047,67439,63481,68302,48927,49514,54905,46698,45953,46375,39578,34187
U:ACTGA,54924,3595,97266,102796,66502,74340,82429,78435,75041,64454,69785,66239,70071,50509,51790,56264,48513,47575,46941,40782,35155
U:ACTGC,33025,2352,65777,72753,44680,54340,58989,53618,54521,46968,50196,45708,53268,35965,36377,39351,35404,32935,35962,28911,25266
U:ACTGG,44521,2828,83183,89414,54744,67703,73349,66772,71325,58677,61804,57199,65755,44593,44696,49423,43658,40337,44040,35763,31620
U:ACTGT,54862,3518,105330,112038,71613,81216,90100,84754,79935,69370,76234,72115,77537,56647,57807,62476,53960,50865,53084,45685,38620
U:ACTTA,48483,3749,76947,78987,53929,55466,60196,61772,52438,46722,52428,52645,49263,40260,41293,44224,37261,37853,34633,32828,26436
U:ACTTC,49897,3315,81755,84932,55845,60806,66535,66619,62243,53221,57248,55604,56246,42264,44298,48253,40795,40173,39289,34560,28975
U:ACTTG,50966,3587,87390,93066,59142,67157,74214,70164,66608,57400,63051,59172,64550,46412,47673,51627,43605,42523,43009,37773,32135
U:ACTTT,83594,6192,127133,129698,88956,90518,97311,102219,87696,76350,84802,84807,79715,65686,68639,73313,60245,61246,57098,53379,43207
U:AGCAA,58551,3825,101303,105236,68962,75050,82539,80576,74518,66254,71186,69456,70296,51818,53157,57944,49710,49664,47589,42587,35272
U:AGCAC,37660,1625,75539,82845,51513,63029,70455,61668,63356,55654,59320,52641,63737,41684,41266,45370,40336,37750,41020,33193,28688
U:AGCAG,54618,2479,117864,129226,77525,97879,106340,95117,98526,85269,90316,80851,98286,64695,63210,70470,63496,58157,63046,51624,45273
U:AGCAT,56704,3511,98131,101874,66275,73042,81012,79210,72789,64976,69328,67083,67799,51067,52782,57784,48447,48195,47544,42100,34231
U:AGCCA,53784,2909,109568,122309,71445,93621,102402,88259,95349,81253,86216,77236,94479,59488,58197,64893,58377,53972,59461,47313,42380
U:AGCCC,31127,1453,69897,81267,44546,65393,71580,56645,68343,56702,58780,50395,68857,39240,37454,42002,40090,34568,41613,30929,29607
U:AGCCG,4817,306,13601,15993,9400,13778,14953,10726,12900,11886,11739,10773,14360,8043,7862,8047,8672,6731,9097,6472,6519
U:AGCCT,48224,3404,98559,111692,64218,86611,92878,79809,89697,73817,79034,68507,88467,54485,53543,59702,54096,49054,54925,42666,39062
U:AGCGA,4724,144,11693,13251,8352,10390,11810,9316,9856,9472,9303,9088,10187,6575,6696,7010,6835,5816,7036,5525,5188
U:AGCGC,3833,110,10308,12723,7444,10352,11460,8536,9834,9332,8999,8269,10802,6266,6227,6393,6608,5303,7195,5210,5055
U:AGCGG,4264,118,11755,14065,8190,11744,12654,9489,11201,10244,9756,9354,12383,6892,6719,6982,7678,5817,8081,5416,5698
U:AGCGT,4866,177,13199,14892,9417,11744,13097,10694,10865,10675,10618,10554,11407,7730,7750,8089,7777,6696,8229,6223,5845
U:AGCTA,45251,2130,74301,77605,50593,56323,60762,59350,56037,49065,52836,50354,53336,39152,39405,42894,36633,36060,35174,31423,26103
U:AGCTC,43149,2396,85328,92120,56297,69976,76393,68179,71300,60824,64902,58320,69464,46109,45978,50369,45179,41636,45427,36305,32110
U:AGCTG,53188,2634,114794,127544,75333,98030,106535,92770,99425,84204,89446,79460,98678,63656,61911,69515,62889,56270,63119,49359,45142
U:AGCTT,55276,3863,100373,104809,67282,77172,82429,79904,76347,65637,72199,66601,72560,52705,54376,59591,49665,48291,48631,42981,36353
U:AGTAA,53869,4182,83592,86039,59694,59465,64554,66578,55330,50266,55814,56842,52852,43674,44634,48267,39691,40888,37169,34903,28263
U:AGTAC,36555,2317,54275,56447,36757,40517,43594,43439,40269,34527,37290,36507,37325,28052,29128,32130,26952,25980,25244,22471,18844
U:AGTAG,42590,3274,70000,72320,46749,52333,54804,55349,50761,43648,48577,46436,47520,36348,37295,41011,34382,33753,32733,29424,24434
U:AGTAT,55160,4055,78102,78665,54051,55072,58699,61802,52343,46175,51166,52122,47140,40487,42135,44881,36852,37716,34769,32791,26006
U:AGTCA,48981,3584,91923,96465,61430,69494,77071,73035,70169,61321,66076,62270,66157,48084,48666,53466,45996,44487,45347,39268,32814
U:AGTCC,33956,2227,62909,67675,41488,52157,56163,50456,54117,45293,47019,43910,50455,33838,34315,38165,33496,30691,33073,27194,23673
U:AGTCG,4629,254,9988,11291,7173,8903,9699,8052,8373,7885,7855,7848,8645,5649,5754,6153,5899,5178,5989,4677,4273
U:AGTCT,52935,4000,95445,99663,63935,73405,78984,76117,74337,62757,69102,64424,69303,50020,51219,56562,47423,46765,47480,40348,34437
U:AGTGA,56363,3561,101931,108302,69268,79290,86441,82845,80124,67823,73786,68339,74311,54548,55004,61291,51512,50078,50715,43812,37313
U:AGTGC,34561,2066,69018,76444,46113,58671,63501,56117,58181,49403,54407,47076,57714,38557,37996,42034,37256,34280,37919,30497,26630
U:AGTGG,47176,3319,90099,97231,59349,74250,79352,72409,76694,63224,67986,61414,71821,48159,48428,53745,47819,43977,47191,38752,34184
U:AGTGT,56155,3495,108295,114574,74277,83956,94603,88330,84048,73672,79788,74810,79117,58949,60942,66268,55762,53412,55958,47799,40083
U:AGTTA,50250,3697,82402,83800,57691,58577,64471,65468,55418,49828,55885,55854,52515,43072,44268,47381,39382,39879,36993,35339,28415
U:AGTTC,53740,4970,91590,96868,61933,71672,77174,72621,70862,60339,66835,62774,69021,48906,49089,53417,45597,44763,45167,38573,33472
U:AGTTG,48608,3690,82576,85778,55948,62818,68143,65796,61409,52879,58840,55939,58039,44031,45258,48983,40726,40161,39889,35583,29945
U:AGTTT,87805,8341,136195,137228,94448,96604,105438,106823,93135,81684,91542,90938,87192,70776,73336,79698,64105,65136,61499,57422,46852
U:ATCAA,52003,2827,76308,77286,53392,53316,57872,61192,53438,47618,49158,52433,46279,37676,39754,44270,36012,37249,33509,31800,24967
U:ATCAC,35564,2207,61051,63329,41655,44721,50752,50449,46082,41112,42497,41440,41390,31140,32894,36240,30560,29990,29427,26078,21607
U:ATCAG,46849,3956,80890,84872,54604,60990,66472,64960,62614,53257,57026,55344,55966,41474,43313,48261,39838,39153,38724,33404,28293
U:ATCAT,59202,4316,86557,87140,59607,60370,65781,70471,60722,53266,55623,58653,51311,43035,45993,50400,41073,42367,38616,35448,28099
U:ATCCA,53696,3825,84785,87186,57044,64338,70302,67787,67052,57082,58078,57782,57956,42592,44702,50161,41815,40981,41339,34533,28754
U:ATCCC,38014,2361,65163,70710,42932,53850,59747,52554,57096,47596,49697,46170,53145,34414,34423,38074,34409,31653,35178,27775,24550
U:ATCCG,4221,261,9472,10910,6641,8659,9604,7365,8347,7467,7690,7461,8960,5434,5315,5616,5655,4976,5857,4356,4236
U:ATCCT,53476,4026,87142,91046,58262,67020,72082,70386,70734,58281,62575,59246,63351,45087,46243,52514,43488,42549,43386,36446,31109
U:ATCGA,5250,602,9394,10065,6789,7539,8489,7502,7269,6772,6775,7329,7107,5068,5373,5614,5070,4781,5028,4225,3836
U:ATCGC,3191,323,6996,7830,5094,6029,6635,5733,5698,5559,5625,5568,5946,3897,4040,4268,4050,3563,4102,3259,3191
U:ATCGG,3149,142,7632,8405,5371,6560,7543,6166,6492,6316,6065,5974,6880,4270,4373,4554,4469,3845,4623,3603,3462
U:ATCGT,5183,381,10444,11313,7883,8533,9623,8623,7951,7743,7949,7948,7805,5750,6130,6374,5749,5402,5694,5043,4397
U:ATCTA,48950,3909,74265,74544,51019,51975,56641,59371,52216,46637,48812,50599,45087,37050,38463,42527,35331,36835,33968,30042,24612
U:ATCTC,49577,3381,86098,89753,57418,66643,72652,68682,68201,57957,62908,59089,64456,44127,45517,50300,42699,42522,42621,36017,30918
U:ATCTG,57840,4196,100459,104965,67199,77459,83442,80590,79032,67132,71458,68823,72848,52016,53386,59005,50191,48624,49874,42417,36275
U:ATCTT,77176,5876,117067,117763,80032,83339,90606,93275,84674,71558,78603,78861,73994,59600,62229,67898,54781,55969,52960,48017,39514
U:ATTAA,78570,6327,115227,116974,82331,78758,86185,90948,72044,68036,73692,78914,67155,58454,60141,65140,53624,56746,48731,47798,37477
U:ATTAC,38985,2925,57935,58984,41210,40593,44049,45745,38208,35141,37981,39861,35640,29418,30444,33407,26921,28525,25965,24474,19376
U:ATTAG,47268,3541,69509,69887,48521,48565,52507,55392,46022,41526,45341,46969,41743,35755,36603,40081,32669,33833,30121,29096,23214
U:ATTAT,87263,7490,117304,117342,83782,78209,86091,93637,74316,67552,72984,80849,64722,58753,60860,66221,54596,57561,49102,47744,37134
U:ATTCA,68265,4751,102531,103405,71023,73024,79088,82354,71785,63167,66481,69204,62620,51026,54222,59197,48808,50229,45661,42318,33934
U:ATTCC,50651,3955,78016,80038,53172,57576,62228,62502,59242,50256,53457,52980,52735,39597,41518,46418,38252,37832,37213,32439,27234
U:ATTCG,6025,174,10496,10633,7315,7955,8810,8039,7524,7351,7270,7564,7242,5464,5843,5910,5349,5158,5213,4622,3905
U:ATTCT,84816,5547,126560,127271,87671,89177,96443,101245,89567,76302,83556,83944,77155,63485,67259,73518,59415,60993,57004,52188,42532
U:ATTGA,59736,5266,86867,87435,60608,61516,66353,68789,60057,52667,57160,58189,52827,44226,46208,50651,40850,41717,38703,35664,29071
U:ATTGC,39402,2912,62299,62901,42561,44328,48698,49490,44063,38843,41940,41665,39351,31865,33352,36939,29823,29916,28808,25947,20898
U:ATTGG,44760,3882,68796,69777,46229,50403,54228,54651,51122,43637,45986,46493,44794,34991,36531,40357,33506,32900,31851,28364,23665
U:ATTGT,68961,6767,101471,102410,70073,71251,77850,80826,69234,60404,66212,67886,61513,51924,54816,59437,47691,49032,45780,42465,34105
U:ATTTA,104789,7999,151897,154512,108963,104878,115680,121221,97296,90114,98587,104845,90618,78152,80008,86509,71580,74281,66158,63308,50372
U:ATTTC,93876,7953,132357,133254,93503,91436,99335,105057,90415,78808,86354,89281,78944,66447,70245,76922,62069,64192,59176,54986,44167
U:ATTTG,90068,8603,128783,131090,89665,91228,97592,102545,89025,77247,85336,86316,79469,66097,69511,75558,60467,62140,57560,54410,43653
U:ATTTT,183732,18574,247096,248316,176352,167330,181845,195419,159319,141262,158096,167066,143550,125590,131117,140851,112742,119098,105879,102099,80971
U:CACAA,52552,3134,88269,90700,59574,64094,72452,70516,65489,59301,60429,60401,59678,43723,46237,50416,42796,43077,42013,36481,29888
U:CACAC,78115,2561,182484,189081,120004,139500,170501,146732,142497,144152,144230,130567,139678,93365,95383,105894,93423,91630,100666,79101,68171
U:CACAG,56113,3529,128623,139722,84981,105325,119029,104946,109182,97487,99598,89606,103352,69052,69443,77411,68957,64153,71197,55598,48283
U:CACAT,63797,3678,116239,121559,78727,85664,100500,93885,88562,82320,84852,80789,80960,59357,62038,68073,57779,58218,58507,49229,40287
U:CACCA,45984,3565,89275,97754,59039,73859,82976,71307,77449,66557,68310,62419,75139,47780,47907,52831,47797,44345,48652,38672,34001
U:CACCC,31355,1563,65539,74055,43176,59892,66560,54572,63055,54085,53447,48773,61810,36267,34831,39126,37671,32312,39426,28866,26822
U:CACCG,4546,135,12983,15075,8790,12518,13822,10488,12188,11332,10797,10246,12859,7447,7483,7786,8346,6371,8510,6242,6197
U:CACCT,40064,2416,80501,88859,52462,68000,75184,65036,71761,60393,62638,56272,68466,43432,43161,47956,43415,39596,44548,34641,30863
U:CACGA,5323,113,12116,13321,8466,9935,11548,9809,9868,9609,9168,9272,9924,6748,6843,7476,6788,6007,6840,5523,4869
U:CACGC,5444,157,14884,17281,10385,14289,16804,12083,13891,13304,12690,12534,14928,8836,8529,9049,9301,7775,10037,7114,6845
U:CACGG,5115,275,15778,18180,11216,15066,17124,12951,14564,14321,13154,12625,15467,9187,8810,9579,9986,8197,10469,7603,7263
U:CACGT,7519,300,19441,21311,13834,16862,19678,15862,15843,15610,15880,15320,16457,11145,11307,11810,11213,10135,11547,9062,8316
U:CACTA,34842,2022,55450,57935,37775,40944,44615,44456,41254,35831,38402,37365,37886,28417,29399,32467,27355,26974,26094,23316,19251
U:CACTC,37160,1430,71641,77680,48382,58569,65114,58205,61064,52402,54923,50175,57657,38513,38525,42324,37847,36011,38564,30908,27251
U:CACTG,52059,3211,109681,120464,73438,90376,101415,89174,93652,79254,83851,76074,89492,59348,59601,65291,58848,54064,59720,47788,42215
U:CACTT,58283,3843,97235,102069,66533,73542,80864,78949,74397,63660,68221,66113,69051,51021,52587,57149,48721,47706,47771,41666,35114
U:CATAA,53450,3960,79385,81297,55770,55407,61325,63931,53743,48962,52206,54390,48455,39623,42208,45867,37508,39241,35130,33158,26083
U:CATAC,38561,2468,64510,66832,43083,47561,54461,51717,48005,44609,46125,45466,43620,32397,35165,36673,30948,32051,32001,26820,21992
U:CATAG,45265,2621,73457,75835,49327,54484,59301,59512,55385,48389,51219,50388,49885,38557,39010,44012,36060,36028,35009,30898,25374
U:CATAT,74161,5669,100737,100633,69408,68527,77222,80779,68430,62472,65115,69633,58163,50181,52517,56955,47717,50245,44620,41048,31756
U:CATCA,48797,3068,86367,91239,58366,66284,73538,71545,68808,59096,61633,59446,61502,44411,46989,51836,43923,42627,43034,36709,30664
U:CATCC,41824,2486,76835,81914,50761,62559,69796,62666,67010,56549,57273,53750,60250,40172,41115,46032,40779,37490,41774,32268,28280
U:CATCG,4833,230,11673,12819,8330,10090,11538,9360,10182,9312,9252,9067,10092,6421,6669,7203,6741,6017,6926,5426,5239
U:CATCT,65106,4103,116105,121145,76985,88785,97943,93939,92693,78489,84033,79714,85210,60119,61714,68331,58068,56844,58320,48826,41834
U:CATGA,51480,3637,88830,91867,60071,64714,73132,71992,67257,59024,61896,60666,59736,45166,47342,53182,43713,43357,42981,37596,30412
U:CATGC,39724,1906,78976,83016,51607,62516,71316,63033,63475,56983,59399,54282,60278,41412,42352,46490,40220,39103,41261,33571,28442
U:CATGG,48620,3505,94051,101305,62009,75572,84915,76962,80897,68588,71124,64762,73058,49901,51633,57483,49699,46920,50048,40714,34820
U:CATGT,64222,4460,115928,121245,76899,87117,99474,92408,88687,78540,84268,78462,81890,60776,62091,68501,57474,57059,57845,49233,40577
U:CATTA,52929,3570,79721,81593,55774,55885,60875,63922,53089,48507,52340,54129,48279,40468,41911,46032,37821,39233,35363,33338,26200
U:CATTC,54120,2722,87372,89138,58917,64278,70958,70404,66094,56073,59572,58299,58138,44144,46819,51220,42913,42674,41258,36456,30323
U:CATTG,55973,4363,90827,92762,61277,65938,72905,72509,66649,57930,61983,61003,59125,46903,49093,53193,44863,44002,43134,37826,31320
U:CATTT,120140,9906,173373,174191,121654,120782,131506,138654,118414,103579,113293,116516,103481,87813,93014,99871,80784,83921,77327,72177,58095
U:CCCAA,43890,1766,76423,82322,50022,61643,66316,61247,65342,54143,56294,53262,60836,39810,39952,44709,39500,36477,39436,32566,28773
U:CCCAC,41138,2148,81569,89933,53032,70898,78985,66417,75188,64205,63536,58801,71584,43854,43181,47899,45124,39970,47182,34690,31701
U:CCCAG,51154,2759,114257,132607,72761,106490,115177,93238,112103,92205,95157,81598,111037,63924,59993,68641,65229,55816,67589,49436,47216
U:CCCAT,44474,3010,77448,82946,50539,63291,68528,63280,67259,56506,58033,54255,60227,40446,41249,46617,40877,37355,40559,33279,28724
U:CCCCA,46713,2504,92256,103635,58827,82506,91298,74705,89061,73184,73186,67350,84280,49882,48510,54564,51864,44398,53734,39792,37274
U:CCCCC,38846,1422,72615,81086,47362,66123,76048,58683,69883,58980,58278,56260,69653,40285,39557,43529,43348,35032,44620,32905,31523
U:CCCCG,6773,302,16155,19420,10872,17046,18445,13095,16831,14913,13964,13575,17992,9712,9158,9736,10893,8047,11581,7686,7752
U:CCCCT,44495,2115,82167,90085,53148,71175,78264,66725,76355,62274,63801,59469,72283,44284,43270,48490,46389,39236,47516,35560,33070
U:CCCGA,5204,340,12729,14933,8541,12518,13640,10273,12151,11330,10815,10170,13255,7513,7177,7650,8007,6568,8580,5980,5942
U:CCCGC,4744,240,12017,15185,8409,13448,14556,9905,13005,11627,10823,10201,14086,7507,7011,7503,8323,6000,8734,5848,6067
U:CCCGG,6965,306,16018,19442,11113,17260,18077,12916,16566,15044,13796,13212,17958,9443,9150,9800,10609,8144,11341,7473,7824
U:CCCGT,5047,235,13411,14939,9111,12866,14356,10791,12061,11990,10943,10738,12921,7976,7542,8267,8298,6729,8895,6302,5928
U:CCCTA,30658,1920,50548,55119,33013,40895,43845,40900,44122,35999,37537,35034,41451,26839,27002,30164,26384,24383,26081,21454,18906
U:CCCTC,44606,2977,91757,102168,59670,80413,89403,74539,84556,71027,72932,66153,82043,49631,48573,54211,52003,44330,53377,39763,36833
U:CCCTG,52071,4058,107977,123549,69669,99537,106978,88175,104005,85903,88521,77603,102306,60690,57680,65876,62837,52939,65150,47078,44561
U:CCCTT,51792,3590,93725,99771,60892,75688,81882,76261,78642,65330,69344,64845,74488,49304,50217,55462,49428,45793,49167,40067,35918
U:CCTAA,36401,2051,59746,62089,40676,45273,48410,47781,44316,38837,41723,41078,41878,30940,31951,35061,29339,29064,28086,25542,20974
U:CCTAC,26804,2066,46360,49558,30357,37122,39901,37727,39266,32485,35081,31564,38228,24270,24763,27156,24669,22925,24239,19811,17456
U:CCTAG,34546,1536,60709,65960,38655,51262,53655,49124,53264,42855,46086,41032,50887,32703,32096,36171,31928,29404,31501,25836,23000
U:CCTAT,39087,2655,56546,58947,37888,41559,44502,45646,43654,35924,38562,38536,38023,28809,29843,33434,27472,27705,26665,23496,19450
U:CCTCA,48640,3021,93854,103335,61484,79422,86789,77370,84924,69083,73594,65373,78468,50452,50223,56426,50339,46305,51764,40049,35997
U:CCTCC,57584,2794,116536,130366,75914,101864,113856,93748,107321,90677,92897,85089,104822,63864,62044,69477,65908,57072,68740,51170,46639
U:CCTCG,6676,297,16220,19230,11179,16186,17395,13194,15322,14177,14005,12845,16512,9653,9278,9714,10180,8218,10857,7557,7315
U:CCTCT,70182,5739,133708,145997,86848,111826,121752,107921,117104,95993,104234,93193,113617,71492,70736,79578,72299,65296,72668,57453,52046
U:CCTGA,48910,3668,95982,105463,63459,81841,87031,77482,84898,70562,74304,66676,80865,51857,51549,58233,51565,46852,52342,41091,37385
U:CCTGC,39569,2472,90536,104970,58644,83830,90587,74374,87297,72487,75116,64751,86506,51653,48901,55602,52920,45445,55639,40059,37361
U:CCTGG,55028,3804,117831,138342,75072,111425,117983,95172,116937,94074,98845,84300,117007,67276,62750,72014,69176,58409,71387,51461,49840
U:CCTGT,56212,4367,114316,124608,74903,96508,106046,92455,98990,84021,87997,80129,95051,63270,62550,69189,62515,56093,63328,49950,44275
U:CCTTA,40498,3271,67637,70059,45184,51306,54740,53949,51568,43758,47241,45986,47637,35022,36791,39600,33732,33107,32797,28853,24248
U:CCTTC,59270,4133,112172,120726,74580,91196,98863,92474,95978,78998,85442,78028,89363,59518,60453,67230,59574,55358,59578,49050,43350
U:CCTTG,50693,4102,95532,103779,61933,79324,85912,77269,81612,68371,72415,65173,77422,51786,51740,58505,51024,46829,51299,41031,36660
U:CCTTT,86160,6310,142015,148040,94541,108356,116708,113377,108209,91056,101357,95603,102440,74842,76444,83712,69951,68691,69057,59754,51810
U:CGCAA,3240,124,6263,7268,4445,5435,5999,5205,5399,5295,4835,5036,5514,3491,3716,3899,3669,3266,3819,2943,2857
U:CGCAC,3910,72,10577,12287,7409,9981,11713,8392,9527,9460,8913,8512,10152,6005,5990,6237,6581,5389,7034,5149,4767
U:CGCAG,4813,191,13412,15711,9594,13519,14606,11057,12779,12015,11408,11173,13511,8158,7833,8415,8684,6775,9094,6476,6377
U:CGCAT,4172,167,9611,10514,6608,8233,9479,7734,7950,7705,7526,7657,8207,5320,5448,5692,5547,4973,5780,4409,4041
U:CGCCA,6370,328,13100,15074,8995,12310,13898,10540,12366,11175,10751,10372,12839,7654,7545,7738,8174,6521,8384,6025,5828
U:CGCCC,4822,157,11700,14963,8194,13006,14666,9686,12793,11795,10596,10123,13972,7309,6796,7383,8026,5911,9002,5732,5866
U:CGCCG,1888,28,4311,5959,3231,5124,5277,3518,4698,4598,3855,3735,5320,2834,2629,2739,3192,2121,3372,2228,2409
U:CGCCT,5950,326,14366,17811,9885,14816,15949,11660,14181,12575,12447,11650,15506,9012,8277,8700,9489,7393,10014,7061,7051
U:CGCGA,850,29,1829,2249,1476,1938,2116,1511,1950,1705,1588,1488,2029,1144,1113,1146,1191,982,1325,923,983
U:CGCGC,2223,21,5645,6939,4007,6324,6626,4665,5723,5499,5086,4747,6287,3597,3491,3207,3911,2754,4120,2876,2849
U:CGCGG,1502,19,3906,5405,3087,4738,5002,3448,4443,4152,3758,3662,4849,2607,2640,2508,2984,2095,3224,2152,2197
U:CGCGT,1022,31,3110,3469,2231,3133,3441,2485,2853,2873,2622,2638,3148,1850,1953,1911,2010,1574,2154,1570,1572
U:CGCTA,2883,288,6483,7277,4638,5621,6344,5192,5509,5047,5075,5154,5601,3665,3591,3905,3780,3331,3835,3012,2837
U:CGCTC,3892,141,11333,13315,8002,11285,12057,9161,10496,9959,9803,9097,11985,6858,6439,6685,7286,5698,7570,5715,5407
U:CGCTG,5895,164,16784,19945,11816,16958,18151,13477,15856,14957,14206,13459,17452,10198,9569,10191,10698,8428,11170,8083,8018
U:CGCTT,4740,300,11346,12903,8073,10205,11514,9216,9508,9100,9101,8861,10463,6649,6700,7055,6874,5925,6923,5526,5204
U:CGTAA,3903,177,8263,8852,6353,6707,7545,6680,5934,6118,6077,6367,6201,4682,4972,4981,4521,4445,4477,3997,3332
U:CGTAC,2814,96,6191,6819,4394,5405,6026,5052,5095,4721,4938,4963,5205,3544,3588,3809,3553,3105,3637,2953,2641
U:CGTAG,3755,105,8639,9644,6341,7661,8610,7107,7231,6883,7015,6842,7392,5072,5230,5277,5085,4581,5138,4205,3866
U:CGTAT,4862,521,9771,10303,7021,7552,8562,7934,7063,7063,6989,7521,7127,5384,5831,5958,5258,4982,5235,4503,3907
U:CGTCA,4124,161,10692,12078,7764,9789,10757,8470,9016,8882,8860,8470,9580,6378,6458,6577,6429,5527,6600,5166,4767
U:CGTCC,3786,204,10145,11974,7234,10302,11141,8473,9549,9197,8790,8288,10150,6204,6027,6406,6646,5325,7014,4933,4769
U:CGTCG,763,14,2078,2633,1561,2266,2428,1703,1981,1927,1877,1803,2255,1286,1262,1294,1446,1148,1596,1042,1161
U:CGTCT,5576,480,14964,16402,10436,13370,14655,12003,12683,11755,11918,11568,13193,8606,8648,9011,8664,7656,8969,7019,6554
U:CGTGA,5920,240,14896,16660,10807,13242,15147,12319,12487,12419,12029,12163,13143,8656,9082,9219,8913,7686,9097,7272,6550
U:CGTGC,5447,112,15099,17664,10664,14710,16676,12538,13720,13011,12949,11983,14898,9299,8919,9193,9531,7814,10287,7415,6945
U:CGTGG,7220,228,19884,22708,13581,19171,21365,16126,18735,17538,16673,15863,19421,11894,11547,11978,12480,10032,13064,9448,9399
U:CGTGT,8417,764,22837,25370,16099,20191,23464,18362,19000,18152,18510,17909,19994,13198,13325,13853,13242,11769,14120,10987,9638
U:CGTTA,4271,328,9248,9744,6982,7397,8284,7236,6639,6709,6904,7210,7001,5215,5579,5746,4994,4736,4961,4397,3968
U:CGTTC,5591,201,12592,13617,9054,10664,11921,10256,10067,9552,9567,10053,10094,7347,7371,7478,7146,6588,7258,5885,5348
U:CGTTG,5193,285,11630,12628,8280,9873,11118,9413,9231,9003,9008,9123,9512,6632,6881,7242,6625,5996,6753,5480,4926
U:CGTTT,10007,801,20256,20917,14440,15785,17965,16161,14277,14203,14508,15229,14495,11146,11739,12221,11009,9969,10620,9309,8113
U:CTCAA,49068,3085,80564,84949,54564,61803,67183,65230,63703,54292,58099,55537,59061,41454,42530,47458,39931,39076,39143,33989,28640
U:CTCAC,42769,1913,86671,94588,57890,71656,80632,70170,74199,63509,67221,60415,71506,46433,46089,50615,46002,43031,47346,37239,33308
U:CTCAG,62876,4345,131378,145813,86594,113148,123507,106104,116441,96330,104780,91299,113096,71988,70683,78986,70658,65167,72735,56177,51161
U:CTCAT,51892,2435,91194,95932,61378,69930,77038,74562,71765,60980,65912,61880,64675,47495,49073,54453,46176,45182,45056,38551,32412
U:CTCCA,57315,3674,107044,116395,70701,87806,96773,86530,93670,77403,82148,74106,87478,56470,56853,63438,56756,52410,57595,45769,40511
U:CTCCC,53170,2959,105654,117198,69146,91827,100853,85586,95996,80869,83713,76235,93581,56913,56038,62417,59606,51416,60361,45767,42767
U:CTCCG,6274,152,15735,18108,11038,15498,16601,12465,14645,13489,13253,12578,15806,9301,8919,9590,9717,7921,10269,7523,7169
U:CTCCT,69219,4862,134399,143700,87127,109672,119859,107847,114579,97052,102760,94827,108915,71883,70942,79328,71632,65471,73633,58231,50447
U:CTCGA,6134,166,12819,14339,8715,11386,12577,9954,10762,9853,10152,9650,11373,7134,7152,7483,7140,6383,7627,5627,5389
U:CTCGC,4289,114,10799,12376,7658,10456,11652,8851,9669,9694,9149,8675,10770,6433,6237,6451,6769,5515,7009,5193,4996
U:CTCGG,6032,389,16419,19363,11388,16517,17930,13376,15630,14450,14384,12871,17061,9819,9378,9856,10260,8220,11135,7945,7732
U:CTCGT,5480,208,13324,14835,9318,11748,13169,10810,11071,10342,10532,10284,11569,7827,7763,8048,7830,6796,7890,6246,5648
U:CTCTA,49208,3553,78840,82796,53150,59553,64604,64126,62630,51445,55842,53714,56129,41114,41510,47059,39353,38554,38362,33441,28024
U:CTCTC,82787,4679,162381,168431,105705,125960,141240,129984,133244,115731,122804,113569,126078,83707,84887,94004,82244,78090,84278,68509,60711
U:CTCTG,80882,5057,165825,182797,108172,142182,152677,133047,145103,120604,130195,114464,141181,90398,89320,99468,90443,81685,92243,71750,64819
U:CTCTT,81840,5680,144249,150768,95892,111158,120829,114981,112725,94690,104815,98799,107500,75342,77056,84705,72698,70645,72178,61027,53539
U:CTTAA,54210,3607,87303,89817,60989,63401,69014,69208,59486,53932,59978,60389,57840,45553,47002,50285,41898,42978,39825,37667,30432
U:CTTAC,34885,2366,62913,64624,42460,47498,51286,50276,45869,40028,44342,42550,44396,33024,34178,36387,31174,30469,30207,26706,22639
U:CTTAG,44399,3316,79705,82495,53013,60513,65079,63084,59645,51479,56292,53923,57041,41937,43117,46908,39306,38545,38726,33884,29053
U:CTTAT,54565,4293,81696,82547,56334,56703,62283,65534,56695,49207,53877,55332,49758,41850,43760,47293,38393,39618,36178,34005,27132
U:CTTCA,67836,6040,116358,121707,79370,88045,95349,94678,90291,76164,82637,79267,81809,60380,63012,69321,58020,57152,56979,48969,41600
U:CTTCC,67528,3989,131124,140182,86713,106416,116770,107033,111062,92906,99326,90349,105552,69191,70145,77726,69285,64746,69327,56797,50290
U:CTTCG,6745,412,13128,14813,9334,11847,12766,10861,11660,10488,10731,10273,11817,7327,7597,8049,7742,6831,7785,6331,6054
U:CTTCT,97531,6594,166157,172333,110060,125572,135816,134241,131505,108915,118932,112411,117844,85970,89253,97355,83540,80134,82201,70304,60026
U:CTTGA,55306,4049,93801,98519,63199,71622,77703,74856,72117,61265,66848,63552,66744,49123,50506,55695,46855,45747,45842,39678,34044
U:CTTGC,40504,2547,77688,83395,51263,62511,68988,62475,63937,54469,59269,53066,61907,41943,42506,46252,39927,38244,40816,33598,29368
U:CTTGG,52346,3868,98779,108499,64096,82355,88624,79813,84760,70068,76092,67186,81231,53488,53737,61468,52586,47593,52528,42709,38539
U:CTTGT,59395,4888,105384,110272,69858,80977,88932,84266,81168,68875,74665,71232,76014,56064,57468,63072,53312,51305,51921,44730,37824
U:CTTTA,78190,6005,122089,123169,84754,87358,94994,96351,84160,73735,82011,82152,78533,63365,65705,70139,57278,58699,55667,51052,41765
U:CTTTC,94014,7604,151423,155446,102656,111904,121086,122340,114224,95827,106212,101955,101625,77865,81027,87821,74035,73529,72128,62734,54298
U:CTTTG,82294,6338,138660,146778,93741,107039,113876,111559,106232,90461,99326,93639,98860,74170,75444,83848,69407,67386,68670,59600,50900
U:CTTTT,130003,10492,193066,197041,132542,139621,150649,152449,136523,115950,130782,128712,127203,101122,105051,112219,90839,92149,87560,80822,67357
U:GACAA,40908,2273,68508,71752,46459,51219,54895,54927,51999,45916,47480,46150,47460,34552,35928,39981,33895,33394,32768,29206,24071
U:GACAC,29235,1528,61746,66614,41272,49975,55722,50038,51891,45784,46466,44020,48144,32696,33251,36874,32989,30986,33564,26558,23192
U:GACAG,48813,2994,99555,110447,66624,84917,93334,80465,86149,74005,78295,70072,84265,53782,52511,60010,53794,49629,55436,43954,38336
U:GACAT,40950,2869,72876,76513,49460,54866,61143,59154,56262,49145,51573,49506,50885,37470,39454,43301,36514,35627,36189,30916,25772
U:GACCA,32723,2454,62704,67733,40763,50822,55813,49739,53065,45271,47375,43863,50638,33557,33282,37296,33070,30388,33351,26916,23680
U:GACCC,20403,1423,44292,50918,28434,40835,43893,36008,43778,35955,36705,32497,41813,24713,23457,27496,25534,21402,26867,19401,18318
U:GACCG,3199,175,8265,9829,5806,8138,8971,6538,7792,7242,7158,6910,8420,4953,4863,5264,5321,4124,5682,4067,3913
U:GACCT,30891,1687,62722,69930,40949,54472,58115,50850,56092,46363,49296,43592,54456,34450,33810,38368,34442,30788,34620,26964,24782
U:GACGA,3712,303,8778,9725,6413,7596,8618,7128,7647,7199,6957,6750,7855,5119,5104,5425,5188,4456,5277,4209,3954
U:GACGC,2586,178,7350,8700,5164,7209,7902,5893,6890,6550,5994,6100,7447,4389,4323,4411,4620,3695,4988,3663,3470
U:GACGG,3531,187,9797,11377,6941,9575,10480,7655,9116,8669,8269,7996,9787,5904,5547,5862,6147,5023,6530,4753,4612
U:GACGT,3987,183,10465,11620,7419,9392,10225,8713,8828,8322,8362,8459,9202,6229,6355,6393,6171,5484,6349,4996,4666
U:GACTA,30120,2139,46947,48296,31903,34500,37213,37067,34500,29414,32209,31312,31765,24210,24702,27265,22991,22603,21814,19374,16438
U:GACTC,26346,1067,55366,60106,36533,46103,50005,44983,47194,39725,42555,38748,44773,29792,29249,32653,29133,27400,29942,24241,21299
U:GACTG,37666,2183,75272,81098,49693,61609,66636,60628,62863,52776,56708,51940,60200,40483,41048,44738,39728,36685,39618,32528,28866
U:GACTT,44259,2892,79417,83290,53617,60705,65632,63765,60523,51736,56528,53672,56358,42188,43455,46979,40141,38748,38700,34359,28940
U:GATAA,44735,3756,68109,68981,47749,47512,51335,54573,45660,41454,44514,46385,41023,34474,36059,39168,31827,33169,29217,28672,22674
U:GATAC,26953,1620,42508,43377,28955,31125,33754,33891,30860,28007,29069,29380,27835,22206,22724,25109,20976,20693,19751,17859,14718
U:GATAG,36730,2052,59043,61205,39825,43776,47505,47102,44421,39291,40697,40758,40942,30077,31380,34942,29441,28605,27696,24689,20235
U:GATAT,52557,4969,71520,70686,49517,49212,52460,56962,48711,42718,44655,47614,39552,35053,37086,41647,32887,34331,30779,28878,22626
U:GATCA,33158,2895,55189,57580,37338,41161,44713,44258,42560,36221,38044,37396,37814,28031,29083,32841,27016,26577,26340,22549,19289
U:GATCC,28389,1819,49305,52044,32127,40089,43333,39069,42312,34607,36663,33958,38825,25485,25655,29000,25028,23614,25628,20504,18099
U:GATCG,3330,397,7012,7860,5172,6303,6983,5666,6077,5564,5713,5584,6133,3975,4138,4285,4144,3546,4212,3389,3094
U:GATCT,41369,2939,69881,73177,46702,55034,58580,54892,55865,46605,50472,47567,52210,36349,37292,41007,34830,33741,34344,29180,25161
U:GATGA,46197,4777,79036,81955,53164,59757,65167,63732,61441,52260,55850,53172,55478,41392,42219,47534,39333,38272,38123,33037,28269
U:GATGC,28950,1495,58886,62429,38958,46775,51484,47509,47856,41512,43573,40969,44894,30954,32104,35635,31006,28933,30114,25427,22088
U:GATGG,45955,3596,86387,92516,56701,71413,77735,68938,74194,62845,65707,60135,69312,46139,45303,51336,45755,41430,45381,37057,32917
U:GATGT,43724,3146,78698,81884,53239,59744,66817,63624,60304,52977,56018,54457,55167,41586,43199,47068,39879,38397,39201,33853,28736
U:GATTA,40483,3449,60773,62186,42204,43718,47242,47721,42200,37131,41070,41024,39413,31568,32157,35362,28771,29741,26983,25273,21152
U:GATTC,34534,2280,57422,58777,38482,42831,46619,46081,43885,37212,40237,38718,39035,29081,30677,34338,27953,27636,27415,23779,20117
U:GATTG,35896,3351,58744,60310,39745,43777,47141,46894,44214,37482,40471,39578,39905,30204,31462,34639,28241,28245,27632,24523,20769
U:GATTT,75199,6521,111918,113421,78010,79434,86454,88068,77134,67662,75502,76287,71874,57757,60205,65717,52719,53823,51076,47060,38746
U:GCCAA,31354,1956,56651,60938,37637,45421,48674,45571,46682,40318,42214,39045,44667,29541,30128,33984,29492,27642,28842,24441,21503
U:GCCAC,27018,1221,59440,69190,38493,53488,59599,48135,55541,47597,48546,43157,55033,33386,32200,35982,34027,29864,35320,26619,24512
U:GCCAG,42019,2424,89792,104043,57838,82657,87697,72916,84453,69905,73632,63701,85606,50850,47761,53745,50651,44159,52111,39011,36253
U:GCCAT,41968,2508,76326,82345,50654,61254,67696,61879,63259,53843,57415,53070,58847,40948,41327,45548,39620,37299,40172,32706,28574
U:GCCCA,29758,1655,64783,73706,40876,58451,62953,53122,61982,51507,52748,45947,59735,35637,34134,39173,36680,31591,37934,28088,26189
U:GCCCC,23145,663,49353,58728,31449,48646,52729,40911,51917,42012,41344,37147,50511,28125,26405,29688,30328,23994,31342,21854,21753
U:GCCCG,4599,243,12100,15278,8278,13446,14041,9854,12658,11766,10771,9802,14103,7430,7070,7429,8145,6316,8854,5791,6104
U:GCCCT,33827,1845,70650,81693,45636,65247,69613,57418,67584,55616,57894,50260,68095,40067,38120,43418,40845,34906,41950,30832,29336
U:GCCGA,4498,325,10106,11084,6739,9388,10018,7936,9029,8323,7805,7582,9300,5571,5491,5982,6046,4911,6153,4435,4388
U:GCCGC,3865,190,10228,13220,7082,11246,11873,8099,10664,9835,8977,8360,11869,6516,5967,6285,7020,5070,7517,4970,5134
U:GCCGG,4414,111,11778,14773,8206,13168,13840,9304,12148,10773,10441,9459,13932,7245,6689,7084,8044,5949,8445,5499,6025
U:GCCGT,3465,89,10841,12513,7506,10796,11844,8710,9815,9601,9253,8695,10597,6616,6502,6579,6963,5414,7394,5392,5203
U:GCCTA,25950,1222,44095,48142,28800,36278,38813,35735,37390,30366,33046,29936,35213,23551,23528,26068,22880,21854,22873,18914,16461
U:GCCTC,39590,2519,80220,95007,52603,75825,81129,66364,77268,63466,67864,57485,79022,46445,43722,48760,46846,40710,48941,35531,34257
U:GCCTG,40807,2406,93180,110385,60245,88704,94218,76488,91337,74730,78523,67158,91868,54106,50504,57237,55061,46759,56792,41348,39585
U:GCCTT,46153,3177,89321,98626,58832,74789,80062,71869,76384,63345,68964,61562,73803,49503,49266,54650,47688,44140,47673,39328,34553
U:GCTAA,32170,1941,54890,56035,37644,40259,43542,43757,39392,35320,38210,37141,36892,28317,29186,31736,26678,26571,25388,23187,18970
U:GCTAC,25069,1249,43934,47534,29409,35618,38374,34925,36478,30831,33063,30484,35627,23583,23737,25762,22818,21647,22974,19020,16756
U:GCTAG,31108,1788,53883,57863,35203,43881,46932,43034,44255,36949,40532,36523,42881,29288,28652,31575,27519,26083,27419,22994,20241
U:GCTAT,40218,1867,59648,62304,41331,43607,47725,48272,45017,38200,41167,40587,40489,31096,32046,35057,29119,29171,27974,24931,20575
U:GCTCA,36408,1627,78491,86469,51709,66139,74330,63611,67781,57901,61817,54361,66583,42784,42593,47253,42152,39015,42927,34168,30377
U:GCTCC,32077,1780,66146,72719,43045,57376,61574,52866,59722,50555,51668,46323,57973,35989,35025,39716,37126,32163,37891,28712,26154
U:GCTCG,4052,143,10951,12553,7617,10683,11747,8931,9959,9316,9380,8636,10722,6593,6354,6655,6689,5533,7170,5159,5102
U:GCTCT,46491,2963,97004,107043,63652,82747,89555,77874,83804,70382,75879,67072,82211,54147,52836,57942,53709,47948,53875,42793,38290
U:GCTGA,42518,2201,86489,95073,57582,72357,78450,70000,73466,62434,66277,59898,71416,47060,46503,52126,46598,42300,46752,37221,33262
U:GCTGC,32525,1706,75250,85960,50015,67593,73765,61777,69698,58744,61278,52742,69338,43011,41676,45760,44228,37582,45116,33720,31293
U:GCTGG,44427,2404,102442,120733,65638,96699,105044,82987,99559,80794,86599,73273,101832,58991,54723,62187,59896,50360,61790,45001,43572
U:GCTGT,47248,2475,104587,115136,68891,88170,97047,83623,87304,75352,80191,72184,87836,58779,57828,62679,56748,51451,58334,45750,40596
U:GCTTA,32009,2035,58040,60202,39144,43231,47994,46486,42356,37674,41106,39417,40591,30705,31799,34575,28556,28376,27547,24791,21020
U:GCTTC,43667,3340,83086,89581,55090,67004,72173,67194,68462,58076,62283,56068,65141,44206,45259,49613,43678,40437,43633,35470,31315
U:GCTTG,37527,2444,76866,83506,50241,63474,69291,61542,63548,54024,59068,52737,61759,41643,42069,47072,40435,37480,40193,33460,29343
U:GCTTT,66687,4589,116613,121746,79611,88591,95283,93195,86494,75197,83336,78466,82714,62505,64391,69702,57595,56421,57010,50204,42466
U:GGCAA,34199,1755,58890,63214,39712,47260,50274,48205,48578,40943,43534,40504,45635,31082,31530,35295,30140,29087,29414,24949,22339
U:GGCAC,22106,926,48138,54221,31560,42479,46345,39015,44151,38071,38456,34213,42671,26313,26050,29717,27182,23987,28115,21131,19231
U:GGCAG,46974,2847,100556,114695,64518,91374,98074,81004,94671,77327,82705,71210,94545,56737,53244,59736,57622,49614,58599,44228,40924
U:GGCAT,40097,2845,71012,75321,46293,56289,61599,56967,57774,48627,51811,48246,53772,37598,37673,42187,36415,34667,35860,30092,26113
U:GGCCA,34631,1901,71137,82260,45918,64150,69530,57906,67812,56123,57638,50683,65817,39782,37911,43542,40567,35337,41941,30960,29085
U:GGCCC,21988,983,44084,53336,27970,43655,45303,37093,46534,36762,37225,32503,45620,25429,23598,27076,27410,21745,28191,19245,19172
U:GGCCG,4986,107,12582,15090,8351,13235,13933,9759,12687,11268,10578,9780,13635,7552,7076,7529,8291,6155,8807,5651,6070
U:GGCCT,36140,2083,71825,85474,45919,68729,70911,59724,71429,56503,59849,50940,69482,41225,39167,44384,42187,35661,43748,31961,30378
U:GGCGA,4031,169,9122,10566,6486,8860,9748,7452,8395,7688,7689,7240,8823,5458,5202,5590,5767,4646,5805,4410,4189
U:GGCGC,3875,67,9389,12048,6830,10661,11193,7766,10015,9090,8371,7876,11053,6051,5698,5686,6746,4765,6868,4751,4974
U:GGCGG,6163,220,14681,18515,10374,16362,17527,11720,15815,13785,12929,12508,17484,9159,8573,8917,10124,7374,11136,6989,7366
U:GGCGT,5125,429,12200,14511,8522,12246,13688,9938,11867,10645,10420,9967,12607,7652,7303,7292,7733,6409,8129,5809,5820
U:GGCTA,31339,1736,54172,58381,35474,44235,47617,42938,46103,37973,41059,37716,43978,29111,29001,31771,28096,26458,28203,23056,20572
U:GGCTC,27761,1388,64758,74329,41744,60317,65875,52463,62649,51902,54124,46276,62185,36878,34499,39391,37982,31936,39034,28587,27332
U:GGCTG,42594,2499,99798,117206,64400,93834,102342,81030,96968,79346,83876,71171,98287,57424,53477,60595,59083,49620,60807,44447,42592
U:GGCTT,42740,2980,85195,94386,56121,71030,77364,69564,73011,61743,65924,59331,70350,46889,47274,52251,45629,41803,45977,36881,33323
U:GGTAA,31826,2726,52875,55199,36069,39248,42104,41695,39289,33584,37150,35493,36714,27246,28069,30752,25507,25324,24963,21889,18827
U:GGTAC,21786,1475,36938,39007,23774,29141,31636,29412,30188,25360,26735,25002,27908,19413,19530,21698,18908,17734,18483,15292,13335
U:GGTAG,31074,2160,55048,58460,36054,44439,47613,43798,45469,37858,41025,37205,43332,29949,29349,33789,28626,26802,28216,23591,20590
U:GGTAT,38140,3064,55405,56035,37210,40708,43414,43653,41845,35221,37350,37397,36248,28923,29592,32917,26627,26401,25968,22834,18630
U:GGTCA,29938,2159,60702,66781,40371,50627,55270,49304,52530,45066,46860,42778,49586,33014,32502,37030,32831,29770,33324,26264,23504
U:GGTCC,23892,1617,47852,52434,30300,42398,45558,38408,44479,36629,36926,33707,42262,26047,25312,28987,26993,23144,27226,20257,19160
U:GGTCG,2806,110,7192,8065,5046,6924,7571,5805,6558,6183,5839,5643,7028,4280,4056,4314,4426,3584,4614,3311,3196
U:GGTCT,36140,2921,69882,76800,46117,59540,63994,56109,62406,50560,53733,49030,58737,37987,37835,42794,37758,34177,38601,30458,27603
U:GGTGA,34242,2888,69470,76245,45364,57841,62673,56606,60974,50572,53282,47605,57196,37061,37148,40911,38004,33502,37858,29540,27090
U:GGTGC,21963,1468,48506,55143,31529,43785,47731,39126,45050,38123,39204,34311,44809,27702,26237,29409,27877,24328,28724,21423,19907
U:GGTGG,42189,2750,87828,99310,56302,79979,87043,70911,83614,69116,70734,63266,83074,49048,47005,52267,50320,42893,52095,38213,36395
U:GGTGT,37077,3196,77212,82520,50467,63831,71464,61404,66081,56598,58677,53892,62592,41688,42054,46350,41284,37618,42617,33798,29567
U:GGTTA,31080,1932,51793,53586,35127,38798,42504,41093,38499,33598,36702,35598,36343,27420,27882,30329,25644,25454,24752,22087,18787
U:GGTTC,28310,1994,55713,59281,36368,44841,49683,43883,46842,39631,41744,38225,44394,30047,30073,33469,29364,26601,29427,23695,21461
U:GGTTG,36192,2409,65509,70953,44152,54272,58846,52215,54956,46536,49081,46265,53800,36466,36097,39305,34772,32117,34893,28645,25749
U:GGTTT,60154,5657,104164,109397,71135,80729,88394,81870,79071,69201,75583,72121,77652,56244,57947,62554,52301,50359,52108,45231,38671
U:GTCAA,32148,2298,53361,54907,36821,38750,42452,42672,39611,34829,36765,36579,35561,26927,28210,31384,26170,25794,25138,22392,18535
U:GTCAC,27345,1621,59238,64830,39599,47972,54504,48394,49359,44323,44650,42005,47057,32269,32535,35496,31991,29164,32221,25841,22694
U:GTCAG,38906,2429,81721,88859,54103,68516,74093,65229,67913,58569,62777,56301,66164,44561,44135,49129,43350,39760,44860,35802,31174
U:GTCAT,39586,2511,70220,73755,47858,51907,58146,56683,53458,46448,50246,47831,48694,37226,38468,41945,35138,34978,34464,30334,24981
U:GTCCA,32808,2474,59986,64059,39636,48615,52839,48403,51323,43322,43709,41505,46217,31681,32979,37012,31757,29443,31621,25653,22482
U:GTCCC,26834,1956,55465,62292,35067,50303,53996,44993,52593,44361,43167,40306,49770,30663,29592,33127,31812,26858,32717,23903,22254
U:GTCCG,3130,231,7746,8963,5437,7548,8194,6044,7047,6524,6443,6209,7662,4521,4495,4593,4926,3891,5028,3700,3752
U:GTCCT,42448,2417,83771,91824,54908,71416,77495,67293,73405,60802,65216,58294,71197,46263,45565,51385,45992,41497,46441,36589,32617
U:GTCGA,3298,150,6597,6777,4652,5268,5990,5197,5173,4900,4748,4809,5033,3535,3648,3815,3595,3270,3616,2886,2588
U:GTCGC,2539,101,6251,7265,4413,6042,6700,5064,5723,5437,5089,5182,5958,3771,3630,3727,3896,3250,4055,2998,2896
U:GTCGG,3618,88,8914,10486,6349,8601,9279,7163,7964,7589,7456,7179,8912,5250,4999,5374,5385,4573,5830,4122,4027
U:GTCGT,3554,211,8684,9523,6131,7732,8379,6946,7021,6700,6700,6934,7457,5140,5207,5466,5209,4453,5200,4247,3682
U:GTCTA,31594,2614,54423,57188,37020,41402,45090,42955,42158,35562,38991,37018,39608,28528,29108,31771,27179,26720,26750,23033,19386
U:GTCTC,44444,3579,85410,91943,56352,70468,77412,68698,72451,60920,65592,60287,68763,45478,45561,51403,44918,41723,46436,36576,32473
U:GTCTG,43467,3744,93137,101438,61461,78745,85915,74663,79477,67343,71645,65238,75903,51254,50795,56751,50293,45604,51465,40786,36070
U:GTCTT,57877,4469,103034,107123,69257,78332,84663,81685,79251,67759,73265,70074,74528,54202,55958,60873,51019,49761,50952,44107,37613
U:GTTAA,40968,3312,66857,67772,47279,47405,52585,53022,43912,40268,44976,45319,42637,34835,36561,38321,31857,32436,30165,28587,23312
U:GTTAC,26549,2078,46250,48031,32077,34680,38073,36528,32961,29695,32778,31848,31665,24590,25516,26995,23094,22913,22110,20021,16609
U:GTTAG,33499,2235,58192,59641,39937,43151,46927,46068,41978,36845,40604,39540,39938,31027,31676,34933,28734,28085,27721,25079,20539
U:GTTAT,45463,3456,68814,69205,47995,47413,52247,54078,45747,41213,45212,46486,40793,35222,36690,39690,32130,33089,30435,28975,23215
U:GTTCA,46040,3539,80524,83986,54132,61531,67607,64353,61304,53114,57550,55064,57471,42455,43483,47484,39994,39302,39270,33996,28850
U:GTTCC,39186,2818,69973,74010,45801,56244,61038,55478,57694,48775,51327,48317,54824,37656,37699,41355,36396,34226,36441,29806,26435
U:GTTCG,4190,506,8425,9762,6171,7467,8442,6727,7245,6692,6812,6688,7785,5014,4936,4992,5067,4372,5201,4095,3849
U:GTTCT,61191,5329,107828,111638,72620,81338,88390,85290,81670,69774,76321,72633,76350,56984,58770,63933,53814,51902,52709,45501,38846
U:GTTGA,42162,3337,68536,69510,46791,49866,55187,54321,50099,42909,46969,46116,45375,35747,37242,40107,33504,33058,32444,29302,24125
U:GTTGC,27327,1773,49947,52982,33261,39750,43776,39877,39108,34177,36538,34781,38162,27361,27822,30149,26029,24831,26014,21866,19101
U:GTTGG,38542,3613,70170,74903,47158,56991,61410,56254,58156,49438,51953,49103,55041,38319,38354,42465,36920,34121,36676,30711,27114
U:GTTGT,53109,5633,89557,93126,60951,68466,75226,70436,66934,57912,63336,61463,63712,48161,49315,53550,44220,43424,44953,38833,32099
U:GTTTA,55601,4694,90440,90607,62901,63677,69780,70659,60005,53948,60138,60572,58252,46726,48795,52316,42256,43133,40324,37911,30836
U:GTTTC,60429,5838,100654,103824,68816,75527,82479,80465,74166,65427,70359,69173,69740,53226,54899,59655,50103,48907,49431,43374,36240
U:GTTTG,66905,6586,115324,121440,78727,88457,97297,91758,86782,75755,83214,79206,84101,62045,63321,70011,57443,55881,56857,49720,42200
U:GTTTT,113390,12914,178955,183138,124555,129459,142943,140030,123599,109709,123533,122122,120758,95220,99082,105733,85863,85983,83794,76596,63151
U:TACAA,53398,3417,78807,79965,55033,54817,60039,63215,54037,48282,51584,53496,48270,38759,42021,45478,37231,38870,34888,32850,26180
U:TACAC,36576,2344,67782,71101,46194,50972,59031,53908,50162,48055,49560,48749,48863,35038,36586,38943,34226,34150,34542,28989,24363
U:TACAG,52955,3505,93036,98812,63250,72434,78363,74068,71378,61588,67572,63415,68436,49005,50124,54967,46439,45605,45961,39781,33256
U:TACAT,72932,5215,109733,110150,74666,76445,86961,86460,75979,69395,73145,75630,68538,55006,57817,61621,51723,54123,50082,44498,36128
U:TACCA,42655,3077,65887,67909,44345,48179,53145,52292,50192,42795,45612,44582,48085,33739,35223,38107,32094,31633,31320,27609,22746
U:TACCC,27519,1477,46604,49363,30450,37511,40188,37632,38856,32928,34254,32127,36027,24180,24347,27080,24312,22548,24103,19808,17058
U:TACCG,3487,230,7725,8399,5513,6602,7192,6241,6409,5966,5908,6000,7146,4366,4414,4799,4543,4004,4560,3625,3462
U:TACCT,44423,3690,71141,74337,47317,54600,58127,56699,55091,45972,50330,48006,50938,36854,37970,41955,35474,34476,34044,29729,25303
U:TACGA,3613,220,7017,7636,5174,5599,6384,5812,5386,5219,5365,5570,5528,4000,4125,4147,3896,3637,3801,3240,2907
U:TACGC,2303,91,5367,6084,3773,4659,5164,4410,4505,4311,4260,4044,4597,3088,3065,3311,3081,2760,3212,2585,2308
U:TACGG,3210,351,7537,8217,5309,6710,7395,6139,6321,6055,6040,5900,6675,4324,4394,4581,4313,3919,4412,3384,3324
U:TACGT,6067,450,12376,12890,8919,9673,10933,9628,8976,8688,8936,9439,9092,6764,7238,7236,6544,6215,6547,5651,4788
U:TACTA,42184,3588,56309,57138,39476,38979,41591,44712,37602,32759,35923,37527,34150,28401,29847,31959,26338,27183,23896,23180,18416
U:TACTC,33119,2475,53082,54824,36382,39699,42067,43036,39594,33676,36801,35965,35830,27451,28025,31214,26201,25845,25104,22245,18627
U:TACTG,47246,3046,77721,81855,52826,57910,62710,61608,57691,49326,54165,52187,53347,40865,42189,45217,38367,37793,37310,32977,27585
U:TACTT,66567,4929,96608,98363,67573,67823,73824,77565,65002,57155,64701,64649,59846,50168,52256,55326,45790,46891,42302,40190,32598
U:TATAA,80915,5208,110151,110783,78974,73520,80795,87410,68931,64330,69052,76194,60622,55866,58036,61844,51028,54261,45549,45185,34638
U:TATAC,45963,3824,64454,65267,44737,44419,50026,50638,43781,40147,42005,44807,39346,31975,33959,36310,30591,31942,28546,26515,21009
U:TATAG,54961,3541,77202,77152,52215,53899,58496,60946,52228,46127,50170,51444,47615,39293,40618,44094,35887,37019,33406,31662,25395
U:TATAT,130091,13558,165215,164770,116728,110498,123972,129793,104038,99608,101116,119022,90154,82409,85663,93514,77815,81916,70110,66863,51706
U:TATCA,54888,3721,78202,77842,54425,52703,57905,62542,53584,47158,49289,52876,44425,38753,41210,44897,36643,38005,34052,31906,25100
U:TATCC,40041,3345,57620,58455,39309,42274,45176,46163,44021,37123,38357,39062,37628,29145,30336,33789,28198,27930,27096,23612,19637
U:TATCG,3894,406,7155,7603,5178,5366,6128,5958,5037,5093,5102,5385,5030,3857,4169,4232,3780,3548,3732,3233,2920
U:TATCT,68392,5073,102337,101555,69825,72032,78426,81632,72979,63325,67280,69813,62360,51407,53179,58425,47972,49770,46397,41643,33736
U:TATGA,59040,5621,84836,86411,58715,59072,64400,68324,58792,51563,55177,57483,50510,42985,45000,49985,39858,41901,37362,34987,27577
U:TATGC,40303,2041,61651,62881,41896,44176,49016,49423,44079,38917,41714,41700,39125,31492,32110,36280,29359,29876,28887,25455,20462
U:TATGG,44573,3486,68191,70098,45662,50257,54136,54775,52497,43538,46509,46435,45286,34961,36036,40212,33392,32978,32384,27935,23649
U:TATGT,82392,7188,127638,129685,87214,90828,103422,100757,90016,81118,87159,89913,81366,66466,67686,73899,61276,62232,60045,53276,42702
U:TATTA,80887,7385,107580,106652,76580,71523,78156,84839,66932,61670,66176,74610,59221,53888,55681,59947,49402,52737,44980,44140,34012
U:TATTC,60121,4859,83859,83590,58632,57872,62299,66781,57037,49815,53288,56567,48562,42233,44131,48482,39411,40701,36979,34502,27569
U:TATTG,60849,5147,85160,84498,59336,58852,63346,67392,57665,49943,54136,56999,49125,43332,45434,49776,39750,40630,37311,35137,28204
U:TATTT,158846,14962,216448,220001,154478,148632,162071,171662,140390,126260,140249,148345,127134,111410,114423,123878,101076,105784,93658,90616,71465
U:TCCAA,52815,4328,82060,85824,55484,60165,66071,65430,63422,54083,56233,56049,56668,40932,43192,48250,40128,39934,38725,34160,28405
U:TCCAC,42537,3261,75194,79043,50413,59286,65734,60891,63454,53579,54762,51582,56540,39190,40254,44041,39160,36436,39240,31488,27370
U:TCCAG,60668,3891,115523,126121,76388,97912,104692,92518,100861,83532,89654,79825,97338,62131,61761,69594,61377,56652,62614,49392,44417
U:TCCAT,69849,4403,108469,110690,73099,80480,89345,87835,84627,71696,73791,73129,71550,55008,58504,64322,53601,52848,52725,44735,37092
U:TCCCA,60008,3074,110304,120980,71989,92701,99827,89329,96741,80497,84584,76934,92711,58894,58346,65059,58945,54044,59196,46938,42359
U:TCCCC,48351,2768,87825,94830,57028,74394,82434,70499,79211,66115,66721,63397,74576,46706,46279,51534,48485,41989,49684,37868,34484
U:TCCCG,6392,416,15489,17659,10807,15161,16647,12404,14281,13730,12818,12496,15408,9094,8804,9538,9631,7805,10177,7156,7130
U:TCCCT,64801,5555,121265,130688,79053,100119,109393,98606,104249,87608,91811,84380,98346,64513,64748,71874,64991,59083,64845,51543,46293
U:TCCGA,4287,286,10289,11752,7211,9311,10159,8054,8826,8229,8342,8081,9473,5975,5709,6220,6126,5225,6265,4841,4682
U:TCCGC,3823,157,9150,10997,6567,9311,9947,7227,8648,8137,7834,7561,9709,5508,5262,5399,5882,4747,6306,4338,4411
U:TCCGG,5401,168,11957,13793,8231,11531,12501,9296,11160,9952,9886,9347,12117,6887,6571,7203,7387,5981,7671,5570,5493
U:TCCGT,5774,329,14423,16054,10395,13051,14541,11650,12266,11678,11772,11569,12987,8289,8675,8948,8608,7576,8756,6982,6391
U:TCCTA,46507,3165,74888,78091,50066,57141,60603,60595,57969,48575,53324,50521,54547,39044,40000,44019,37506,36873,35972,31794,27039
U:TCCTC,64650,3816,121973,128720,79562,97362,108712,97611,103878,86797,92278,85975,96272,63992,64034,72502,64298,59226,66039,52205,45230
U:TCCTG,65990,4832,133192,146326,87385,113750,122043,107626,117898,98128,103336,93035,113146,73225,72330,81877,72704,65685,74702,58384,51853
U:TCCTT,91366,8000,152307,156618,101564,114702,124566,123035,117679,98304,108014,102709,107053,78748,81377,89834,75568,73751,74356,64414,55077
U:TCTAA,54382,4196,84931,86927,60095,59703,64509,68620,58031,51801,56506,57434,53154,43243,45724,49192,40416,41683,38483,35413,28894
U:TCTAC,39526,2379,64518,67778,43423,48346,52865,51353,50595,41989,45681,44098,45388,32975,33954,37310,31898,31726,31277,26880,22756
U:TCTAG,48027,3387,77791,81236,51930,59173,63505,62439,60861,49659,55570,51282,55935,41161,41506,46135,38393,37543,37664,32874,27482
U:TCTAT,67281,6510,97202,96719,66827,67213,74053,77334,69157,60232,63141,66808,58186,48605,50165,55891,45957,47547,43872,39616,32194
U:TCTCA,68727,4638,122078,128278,82377,94682,103484,98542,96664,82020,89161,83010,89409,63445,65255,72026,61776,59802,60676,51375,44295
U:TCTCC,60485,4773,116563,124402,76740,94166,103655,94330,98453,82837,90064,82352,93700,61290,61988,68693,61637,57078,62214,50254,44212
U:TCTCG,6459,292,14870,16481,10245,13244,14782,11886,12275,11611,11735,11334,13267,8450,8425,8880,8640,7447,8858,6863,6451
U:TCTCT,126745,7569,227704,234125,149823,172130,190072,181384,179850,154043,166101,156802,166752,115993,119685,132807,112028,109776,114141,94900,82567
U:TCTGA,69523,5692,127333,134748,85078,100160,107209,101404,100150,84972,92537,85965,94232,66768,68638,75205,64241,61350,64082,53723,46882
U:TCTGC,52801,3249,107233,118530,71203,89886,97057,87346,91927,77290,82974,74044,88098,58584,58455,65252,58355,53022,59015,46746,41865
U:TCTGG,62751,4562,117366,127260,76460,98662,104240,93875,102908,83258,89208,80120,96686,63188,62374,71388,62594,56586,62469,50227,44794
U:TCTGT,95824,6601,178198,186430,118363,139170,153288,141198,139772,120086,129843,122146,131604,94408,96378,105536,90554,86792,92031,75965,64996
U:TCTTA,67071,4527,108992,110236,74538,78113,84736,85895,75335,66495,73716,74144,71544,56379,58176,62475,51225,52277,49960,45791,37552
U:TCTTC,86804,6247,149756,153791,99961,112872,123126,120524,117838,98177,106653,102599,106274,76882,79996,87319,74542,72895,73793,63320,54328
U:TCTTG,68363,5219,115866,120331,77098,87510,94829,92434,90212,74879,82341,77950,82163,60779,62734,69282,57616,56057,56605,48451,41638
U:TCTTT,148060,13348,219477,222947,150583,158458,171303,173908,158741,133372,148837,147585,141351,113490,117756,127300,103768,105404,100858,90871,76835
U:TGCAA,48092,3162,75036,78066,51710,54503,59962,61364,55885,48863,51106,51292,48973,38009,40170,45102,36736,36824,34996,31459,25590
U:TGCAC,30894,2000,67108,72240,44730,53901,62669,53964,54702,49758,52106,46589,53269,36102,36065,40071,35643,33542,37174,29556,25292
U:TGCAG,49066,3056,104680,115147,69344,86993,96073,85767,89214,76098,80079,72206,85111,57670,57363,62942,56989,52043,58014,45965,39827
U:TGCAT,60208,4751,104943,107507,70925,78204,88581,84459,77112,70720,74589,71679,70744,54237,56173,62371,51335,51798,51045,44345,36058
U:TGCCA,47571,2971,88401,96872,58260,72740,77839,71794,74411,63107,67204,60681,71018,47801,47763,53084,46669,43134,46661,38481,33549
U:TGCCC,33391,1813,71201,79835,45522,63734,67783,57878,66467,55640,56154,50135,63990,39277,37877,43243,40470,34574,41273,30656,28734
U:TGCCG,4548,274,12456,14545,8548,12451,13407,10041,11365,10778,10300,9807,12379,7518,7079,7613,7917,6336,8227,5943,5751
U:TGCCT,62181,3511,122064,137178,80459,105436,114482,99261,107063,89008,97064,85037,106447,68882,66032,73923,66703,61353,67594,53432,48365
U:TGCGA,3654,90,8338,9396,5884,7250,8089,6856,6996,6746,6572,6613,7032,4744,4875,4974,4862,4326,5114,4015,3567
U:TGCGC,4089,121,10782,12759,7331,10531,12079,8667,10354,9636,9332,8794,11036,6519,6289,6700,7045,5598,7622,5314,5064
U:TGCGG,4160,147,11247,12724,7633,10978,12016,8798,10871,9690,9261,8871,11127,6410,6386,6770,7138,5645,7525,5157,5254
U:TGCGT,5707,352,15258,16787,10974,13705,15684,12704,12845,12323,12423,12048,13044,8859,8839,9574,9122,7979,9611,7492,6725
U:TGCTA,49090,2691,77405,80475,52881,57187,61848,62512,57495,49215,54006,51513,52973,40355,41621,45560,37627,37624,36547,32641,27032
U:TGCTC,44223,2588,91169,99018,59981,75360,82880,73475,76825,65461,69912,62693,73853,49667,49887,55120,49227,45390,49831,40224,35075
U:TGCTG,65041,3489,137390,152208,90575,116000,127277,111106,117782,98817,106817,94009,116002,76564,75772,82448,74797,67375,76896,59798,52968
U:TGCTT,77130,5265,137689,142936,92609,103891,113434,109730,101989,88501,98570,91901,96837,72818,75167,82065,68094,66697,66855,58537,49264
U:TGTAA,64664,4794,105097,108843,73799,76014,84043,83637,71244,64782,71807,72647,67389,55525,56867,61244,50381,51360,48461,44725,36368
U:TGTAC,41159,2715,66785,69714,45243,50198,55346,53541,49693,43488,47096,45201,46518,35279,36077,39084,33423,32765,32308,28314,23561
U:TGTAG,55027,4058,95545,101710,64544,75944,82720,76271,74540,64111,70488,65731,72308,52908,52585,56536,48978,47455,48553,41402,35470
U:TGTAT,86028,6502,134075,135511,91731,95276,109277,105142,94038,84992,91253,94521,85860,69720,71758,77675,64439,65291,63407,56459,45695
U:TGTCA,54941,2955,101225,107024,68815,77233,86095,82167,78618,68902,72641,69194,72153,53506,55722,60879,51392,49910,51409,43670,36298
U:TGTCC,43577,3030,86058,95050,56026,73027,79664,69395,76220,63890,65797,60405,71978,47038,46978,52556,47351,42529,48494,37461,33502
U:TGTCG,4811,172,11185,12058,7765,9550,10650,8810,8969,8631,8421,8809,9429,6481,6411,6609,6314,5636,6501,5224,4563
U:TGTCT,82727,7005,155709,164824,103599,122627,135448,123770,123904,106510,114736,107595,117567,82848,83719,92433,79564,75210,80550,66678,56947
U:TGTGA,68389,5305,127577,135067,86265,100101,110952,103229,100285,86553,92326,87737,93171,67558,70686,77165,65284,62550,65868,54975,46450
U:TGTGC,45951,2996,101483,109836,66662,82335,94349,81539,83478,73135,78022,70136,80200,55529,55101,59592,54124,49716,54901,44503,38050
U:TGTGG,57978,3840,122724,135464,80097,102252,115108,99026,107959,90038,94895,85065,101022,67370,67511,74564,66285,60143,68969,53144,47537
U:TGTGT,139171,12607,298871,304788,194339,227806,267312,234521,225872,209649,221012,210314,217916,154755,158362,177933,149431,145885,157220,127836,106972
U:TGTTA,60880,5124,96671,97519,67489,67877,74574,75900,64040,57886,64080,64531,59174,49967,52714,56482,45797,46455,43725,40839,32505
U:TGTTC,62964,5027,106855,109631,71368,79402,86698,85085,80142,68831,73865,71647,72922,55810,58354,63400,53163,51850,51769,45245,37699
U:TGTTG,71143,7972,118499,121165,79781,88108,97492,93463,88701,76019,81869,80137,80939,62459,64498,70742,58549,57158,58552,51004,41819
U:TGTTT,138360,15232,224758,231467,154975,164003,180701,178059,158069,139750,155612,152784,153512,119051,123074,133242,108253,108440,106181,95641,78792
U:TTCAA,73996,5834,107596,110858,75483,76403,82858,86729,75170,66526,71229,73856,67872,53629,57070,62015,51475,52895,48046,44744,36095
U:TTCAC,45177,3349,78099,81130,53714,57833,63861,63453,58710,51366,54455,53055,52765,40215,42212,46168,38783,38679,37632,33347,27596
U:TTCAG,73519,5863,128202,132893,86884,97613,104798,103177,96628,83585,91211,86304,90308,67726,69061,76115,63288,62551,62083,53943,46009
U:TTCAT,96451,8053,140747,141558,97740,99018,107532,112698,98358,84137,91763,94373,84695,70566,75585,81352,66348,68404,63781,58492,46428
U:TTCCA,82041,5910,129427,134040,88000,97082,105930,103953,100315,85085,90508,87190,90449,66516,69175,75596,63935,63034,62751,53820,45538
U:TTCCC,61533,4536,108598,113953,71732,86390,93699,87700,88793,75121,79356,74496,84538,57218,58123,64386,56227,52991,55643,46058,40689
U:TTCCG,5655,296,12866,14613,9288,11495,12746,10351,10859,10513,10447,10307,11857,7403,7487,7970,7705,6740,7844,6152,5821
U:TTCCT,103368,8508,177051,183180,118279,134843,146487,143334,138708,115666,126402,119868,127557,91771,94988,105000,88964,86017,87609,75531,65025
U:TTCGA,7069,494,11955,13428,8505,10126,11159,9522,9902,8825,9303,9186,10179,6691,6779,7144,6565,6246,6855,5390,5008
U:TTCGC,3887,197,7446,8307,5260,6389,7011,6055,6205,5878,5825,5815,6213,4152,4222,4491,4328,3774,4305,3592,3261
U:TTCGG,6196,323,11570,12650,8110,10080,10859,9043,9490,8960,8810,8777,9936,6396,6599,6807,6561,5734,6607,5356,4822
U:TTCGT,7901,798,14339,15156,10497,11221,12739,11455,10811,10258,10532,10732,10538,7996,8516,8457,7712,7299,7705,6776,5829
U:TTCTA,79466,6396,116917,118138,81087,81509,88598,93297,81647,70040,77255,78297,71842,59296,62270,67173,54804,56392,52217,48268,39307
U:TTCTC,85609,5633,147326,153165,99712,111154,120693,118783,113343,95908,105750,100555,103829,75865,79391,86695,74223,71766,72559,62290,53424
U:TTCTG,98710,7107,170711,177769,114273,129485,139764,135521,131149,110534,121260,113747,120691,89287,92343,102156,84815,81837,84020,71712,61381
U:TTCTT,153406,13317,229748,231653,157006,164133,177898,182824,165478,138922,154862,154544,145319,118388,123420,132906,108654,110260,105126,95285,79692
U:TTTAA,125420,9754,192143,194390,137632,132603,146923,150416,120517,113287,126507,131507,119066,100382,103550,108979,89390,93026,84109,80775,64623
U:TTTAC,58603,5337,89439,90537,63341,63303,69219,71493,60061,53605,59491,60435,57418,46035,48118,51343,42052,43363,40210,37358,30510
U:TTTAG,71924,6585,108735,108599,75292,76121,82850,84752,72837,63896,71699,72437,67172,55967,58448,63110,50447,51177,48086,45876,37096
U:TTTAT,142194,13114,204329,206303,143964,142715,155294,161202,135418,120706,133794,140098,123628,105876,108037,117009,95255,99115,89871,84736,68198
U:TTTCA,107003,8769,155232,157336,109292,108265,117007,124674,105487,93173,101991,104052,93740,78277,83211,89652,73072,75845,69632,65244,51748
U:TTTCC,95230,8488,148829,151559,101610,109581,118822,120324,110675,94445,102599,100217,101285,76464,80408,87448,72899,71980,70864,62518,53117
U:TTTCG,8095,720,13258,14334,9552,10547,11750,10449,9980,9389,9657,9985,10021,7430,7739,7947,7007,6692,7274,6067,5111
U:TTTCT,173652,14983,264161,269478,181727,190196,206307,209651,188867,160413,180318,178154,170332,136399,142140,154122,125726,127228,122009,109560,92403
U:TTTGA,96821,8935,144377,148912,101220,105249,113391,114779,102280,88402,98835,97934,94607,75593,78137,85480,68916,69850,66284,61024,50483
U:TTTGC,63267,4998,101101,105404,68874,76061,81787,82424,73928,64878,70300,68288,68715,53471,55086,61244,49668,49062,48232,43290,35969
U:TTTGG,77379,7090,122267,127792,82501,92772,99229,97166,93364,78406,86135,82743,86737,64866,66241,73558,60108,58827,58904,52390,44504
U:TTTGT,133697,14827,206863,213958,142158,150486,164960,162516,148316,127632,142609,139177,138909,109254,113087,121677,99528,99211,97718,87768,72139
U:TTTTA,159568,16092,230223,231546,163614,158831,173836,179634,147380,133700,150759,156913,139886,120017,123645,131483,106031,110571,100129,96475,77458
U:TTTTC,135662,11565,197051,200189,137207,139723,150985,157235,136205,117361,131642,132001,125076,101035,107324,114780,92501,95115,89048,82297,67675
U:TTTTG,131894,14323,191840,196762,132625,137848,150608,151025,135854,115856,130004,128984,126544,100874,104279,112542,90909,91545,88053,80742,66343
U:TTTTT,273860,33774,398191,420994,279709,297960,327988,314498,284086,246809,282068,280732,286046,217273,220536,231894,195133,196726,191258,170978,145671
