 ,X,1,2,3,4,5,6,7,8,9,10,11,12,13,14,15,16,17,18,19
B:AACAA,0.02922302300325797,0.05151051436469543,0.06920722677460757,0.08223911541119558,0.05193010168822194,0.05355908776779544,0.05997630565702439,0.0995162404975812,0.07801856056866423,0.053485042945996646,0.06928127159640636,0.05874222529371113,0.022386217790502518,0.031715865337150755,0.04408135057754961,0.019992101885674796,0.06538157764833646,0.02515055780432422,0.021843222430644682,0.012760390956659097
B:AACAC,0.025779399774818496,0.051325853166129594,0.062740225957992,0.08533602515820941,0.04577396435920332,0.0570330395620608,0.060760181698179136,0.10816477074193423,0.09127615793764801,0.049889350467833986,0.06751562681989362,0.061070776876189,0.018829832666847846,0.02628411693908452,0.04402686648289785,0.02061575494040455,0.06444849943704624,0.027526497651123968,0.019218076639360173,0.012384982723143223
B:AACAG,0.02651940407197257,0.049367357465788755,0.06830111964074399,0.08159116424431835,0.04830536760020633,0.054677306793700885,0.058682525715326034,0.1063506993961829,0.09175592438632157,0.05382771490123494,0.06296082774524381,0.05959280274296811,0.02133082501441272,0.02512364596292138,0.04302576083988227,0.021088084473708166,0.06441727098947113,0.030372910155657372,0.018448281093546137,0.014261006766392572
B:AACAT,0.03208536674193314,0.050440673027897155,0.06537256901449487,0.08616796562021997,0.049457353048291935,0.05430111442931022,0.062131255007648045,0.10310292082453201,0.06814043266079102,0.05204312040206861,0.07105397334110278,0.0591448758103285,0.02156020103430694,0.02993663049020322,0.049348095272780244,0.018683079612499088,0.06755772452472868,0.026039769830286254,0.02156020103430694,0.011872678272270376
B:AACCA,0.026406190360526043,0.051806100142267254,0.06447135570283494,0.07449946216038031,0.04930774836045664,0.05225719143620528,0.0564211110725563,0.11502827995419689,0.09674173288455533,0.05399215795135154,0.06273638918768867,0.0612443179846629,0.018702939033276657,0.025504007772649988,0.042333182969568686,0.01974391894236441,0.06592872757555779,0.027308372948402097,0.02168708143932822,0.01387973212117006
B:AACCC,0.026705680182063072,0.04960289814685802,0.06623008685151642,0.07407923459198365,0.04454043007756259,0.05522270215038781,0.052807579768705586,0.11704054618921556,0.10422181970182527,0.05345780502531234,0.06307184989085504,0.06348985184153082,0.020714318889043706,0.022525660675305374,0.03896707073521899,0.019971204310064557,0.06051739352561423,0.03116436765593795,0.02052854024429892,0.015140959546700106
B:AACCG,0.01984732824427481,0.04936386768447837,0.06157760814249364,0.07735368956743002,0.04147582697201018,0.05648854961832061,0.048600508905852415,0.11297709923664122,0.11145038167938931,0.053180661577608146,0.05776081424936387,0.06310432569974554,0.021119592875318068,0.025954198473282442,0.03791348600508906,0.025699745547073792,0.058524173027989825,0.03791348600508906,0.02010178117048346,0.01959287531806616
B:AACCT,0.027513365497457296,0.0518537836310688,0.06302429695310123,0.07667231712087626,0.046507584648150566,0.05437475550919285,0.059286304168296604,0.10866258095362281,0.09410179510583735,0.05311426957013083,0.06541487373408093,0.06272004172643109,0.02077628547833268,0.027600295562220194,0.042856521928108834,0.020906680575477028,0.06128569565784327,0.03033859260225149,0.01895075411831182,0.014039205459208066
B:AACGA,0.02226432970156324,0.050923732828043584,0.06395073424917101,0.08408337280909521,0.04997631454287068,0.052581714827096164,0.060634770251065846,0.10184746565608717,0.09166271909047845,0.05329227854097584,0.06939838938891521,0.05400284225485552,0.020843202273803884,0.02581714827096163,0.04168640454760777,0.022027475130270015,0.0675035528185694,0.02984367598294647,0.020606347702510658,0.01705352913311227
B:AACGC,0.02062415196743555,0.05101763907734057,0.06594301221166893,0.08683853459972862,0.04531886024423338,0.05237449118046133,0.05373134328358209,0.10474898236092266,0.10881953867028493,0.0559023066485753,0.060515603799185885,0.060515603799185885,0.018995929443690638,0.021709633649932156,0.03364993215739484,0.022795115332428766,0.06377204884667571,0.03364993215739484,0.020081411126187245,0.018995929443690638
B:AACGG,0.018985820716173996,0.049267003124248976,0.06320596010574381,0.0783465513097813,0.04422013938956981,0.055034847392453734,0.05263157894736842,0.11175198269646719,0.11199230954097572,0.056717135304013455,0.06296563326123528,0.05719778899303052,0.023071377072819033,0.021629416005767843,0.03316510454217736,0.02259072338380197,0.06152367219418409,0.03628935352078827,0.02090843547224225,0.018505167027156932
B:AACGT,0.021012006861063463,0.04995711835334477,0.06110634648370498,0.08876500857632934,0.04416809605488851,0.06132075471698113,0.05767581475128645,0.09691252144082332,0.09927101200686106,0.04781303602058319,0.06410806174957118,0.05767581475128645,0.022298456260720412,0.025728987993138937,0.03752144082332762,0.02058319039451115,0.07289879931389365,0.03752144082332762,0.01758147512864494,0.016080617495711835
B:AACTA,0.03424024640657084,0.05215605749486653,0.07109856262833676,0.08680698151950719,0.05200205338809035,0.05143737166324435,0.06360369609856263,0.09666324435318276,0.06868583162217659,0.05184804928131417,0.06822381930184805,0.058983572895277205,0.022741273100616015,0.029517453798767967,0.04455852156057495,0.01837782340862423,0.07109856262833676,0.026745379876796715,0.01904517453798768,0.012166324435318275
B:AACTC,0.024977488940218454,0.04827154210546921,0.06491015150921975,0.07857338605488784,0.04893708648161923,0.054143992483263514,0.05692361899541949,0.11506087773558313,0.0983831186626473,0.0525780057158517,0.061543279959284346,0.0653016482010727,0.020671025329835963,0.02486003993266257,0.041028853306189564,0.020005480953685942,0.0619347766511373,0.027678816114003836,0.01941823591590651,0.014798574952041656
B:AACTG,0.02477509136913129,0.050007028394714645,0.06715631149845375,0.0843407365757661,0.04571970761877987,0.05577031206072533,0.05900337362946303,0.10735872926623559,0.09045543997750914,0.05201012088838909,0.06332583637897105,0.06019820073095305,0.023123418611189203,0.026180770312060727,0.04399775091369131,0.019995782963171213,0.06676974978914815,0.027199887545684566,0.018941523755974136,0.013670227719988754
B:AACTT,0.02947888219670046,0.052111780329953984,0.07055478657738207,0.08544386667165463,0.0532714825483521,0.052897385058546256,0.05985559836893494,0.10179192697616998,0.07163966929781901,0.052859975309565675,0.0664023044405372,0.057461374434177544,0.022221390894467098,0.030825633160001496,0.045714713254274064,0.019004152482136844,0.06670158243238188,0.028319179978302345,0.02109909842504957,0.012345217163592832
B:AATAA,0.0331534912815701,0.05397867959444314,0.06828785153908307,0.08663695363202753,0.05238877160059426,0.055803164177548416,0.0631792947063883,0.10133708655876143,0.06734954518205749,0.04894831495816718,0.06766231396773269,0.05637657361795293,0.023640107383949747,0.031198686371100164,0.045559986446685956,0.016941642557406104,0.06805327494982667,0.02588161701462194,0.022649672895978315,0.010972971564104568
B:AATAC,0.03179315556515168,0.05160315232646011,0.06844434848321278,0.09138508042750729,0.05046961027744791,0.05176508690489042,0.06401813667278419,0.1040699557378819,0.06590737342113787,0.050037784734967075,0.0686602612544532,0.055057756666306815,0.021807189895282304,0.034060239663176076,0.04528770376767786,0.01808269459138508,0.06882219583288351,0.025693619777609845,0.02207708085933283,0.010957573140451258
B:AATAG,0.03605806753733285,0.05213590717519122,0.06618450491700921,0.08090951662417399,0.048961964722410115,0.05369686247983766,0.06462354961236276,0.10385555960247672,0.06410323117748062,0.051147302148915136,0.07294864457047713,0.05890004682865914,0.020708673708309484,0.029554087101305998,0.04672459545241688,0.01945990946459233,0.0703470523960664,0.02435090275248452,0.023310265882720223,0.012019355845777615
B:AATAT,0.04029845493260127,0.05423573716256643,0.06982719177841129,0.09291521486643438,0.051138563333685286,0.05335585823390702,0.06356245380635625,0.09654031605251118,0.05163129553373456,0.04888607327631718,0.07823883433639531,0.054763664519762084,0.022313729630802803,0.03554710871784043,0.04434589800443459,0.01882940907331151,0.06690599373526203,0.02414387780241439,0.02305282793087671,0.009467497272375322
B:AATCA,0.033188294514119955,0.050763586724682196,0.06381708045388619,0.08727924238546199,0.04803344424537156,0.05392031396638512,0.061385547308250146,0.10229502602167051,0.07448169951369336,0.050720928248442966,0.06765634331541677,0.05874072178141797,0.021798481358245882,0.02930637317635014,0.05059295281972528,0.017575292210562237,0.06462759150243154,0.027130790888149476,0.02435798993259961,0.012328299633137104
B:AATCC,0.02680978786183039,0.04756575265808618,0.0640484305845246,0.07625782164114565,0.050923335198656966,0.05478964236658697,0.0575367553543267,0.11731189906903393,0.09172305031286565,0.05290736124535789,0.0635905784199013,0.06216614946329552,0.01892455613776263,0.02579233860711197,0.04741313526987841,0.020145495243424735,0.06130131759678486,0.025944955995319735,0.01948415322785776,0.015363483746248156
B:AATCG,0.029568934805842537,0.055219095119344495,0.06483790523690773,0.07801923762023513,0.04275026718916993,0.05236907730673317,0.04666904168151051,0.11221945137157108,0.08443177769861061,0.057356608478802994,0.06840042750267189,0.06590666191663698,0.01923762023512647,0.028856430352689703,0.0399002493765586,0.020662629141432135,0.0619878874242964,0.03562522265764161,0.019593872461702886,0.016387602422515142
B:AATCT,0.030864197530864196,0.05167667667667668,0.06631631631631632,0.08128962295628962,0.05163496830163497,0.05518018018018018,0.06010176843510177,0.10414581247914581,0.07415749082415748,0.0547630964297631,0.0677344010677344,0.05764097430764097,0.02022856189522856,0.030155155155155156,0.047839506172839504,0.017559225892559226,0.0677344010677344,0.025025025025025027,0.021604938271604937,0.01434768101434768
B:AATGA,0.034872001612578106,0.050997782705099776,0.06537660417926493,0.08586978431767789,0.04484982866357589,0.05670899684203454,0.061849089565275815,0.10528791238325606,0.06668682389303232,0.05009070751864544,0.07350668548007794,0.061849089565275815,0.024457434656991198,0.029127192098367265,0.04632802526372371,0.019653295706510785,0.0680306389840758,0.023919908620573808,0.02002284485654774,0.010515353087415172
B:AATGC,0.03164774681802546,0.04860189689911052,0.06540861958818615,0.08187134502923976,0.043736792962799156,0.05572755417956656,0.06614575654823333,0.10364145658263306,0.07626910413288122,0.050469310531230036,0.06712860582829623,0.06388520320408865,0.021180401985355545,0.025799793601651185,0.04693105312300359,0.020344980097302078,0.06884859206840631,0.0282077743378053,0.02196668140940587,0.01218733107277999
B:AATGG,0.0337944106141872,0.05141751018268339,0.062265596644755415,0.0772270839214421,0.047788038875670444,0.05593418558696617,0.05883776263257652,0.11235230068153405,0.07775134088801065,0.05117554542888253,0.07162156712505545,0.062225269185788606,0.02149453562931,0.02742267209743114,0.0441585675686575,0.019841109811670768,0.06190264951405412,0.026696777836028553,0.02250272210348026,0.01359035367181514
B:AATGT,0.031194478611452782,0.0519680196801968,0.06741150744840782,0.08897088970889709,0.046125461254612546,0.053642203088697556,0.06471231378980456,0.10444854448544486,0.07052070520705207,0.04933716003826705,0.06966652999863332,0.05774224408910756,0.023131064643979772,0.03228782287822878,0.0449296159628263,0.01971436381030477,0.06529315293152932,0.025864425310919776,0.02179855131884652,0.011240945742790762
B:AATTA,0.03580484056857472,0.052746830580099886,0.07249327698809066,0.09304648482520168,0.050787552823665004,0.05543603534383404,0.06592393392239723,0.09104878985785632,0.05920092201306185,0.050864387245485976,0.07076450249711871,0.0571263926238955,0.020975797157126393,0.032308874375720324,0.04928928159815597,0.017633499807913944,0.07038033038801383,0.02343449865539762,0.021321552055320783,0.009412216673069535
B:AATTC,0.035753599577297346,0.05138479151072168,0.06692792039099996,0.07842014882655982,0.0479063009114526,0.059002245607855226,0.0639778081106072,0.10545550614239796,0.0666637312315618,0.05015190876667694,0.07093478930914535,0.060014970719034826,0.021179164281625643,0.031130289287129586,0.04389943199330721,0.019946281537580907,0.06706001497071903,0.025890537624939456,0.023380740610276958,0.010919818590110519
B:AATTG,0.03788380826154186,0.0529047934614535,0.06610337972166998,0.08195272807598851,0.052021206096752814,0.0559973492379059,0.06295559973492379,0.10293792798762978,0.06096752816434725,0.051248067152639715,0.07179147338193063,0.05638391870996245,0.022200132538104704,0.030704660923348795,0.051027170311464545,0.019991164126352993,0.06632427656284515,0.02247625358957367,0.022641926220455046,0.011486635741108902
B:AATTT,0.03796029038747485,0.053558412781713756,0.06968133181725415,0.08988600250736173,0.049855680923642086,0.05717367853290183,0.06685326102801831,0.0950756581824543,0.056415638939910785,0.04906848596168985,0.0719554505962273,0.05344179130586898,0.023120207586227005,0.03460742295693752,0.0497973701857197,0.017259978425026967,0.06918569054491384,0.025015306568704626,0.02017551532114639,0.00991282544680603
B:ACCAA,0.02727823802788442,0.050798141038593654,0.06506364922206506,0.07617700545564761,0.047969286724590825,0.053546170943624974,0.058436047686401295,0.11634673671448778,0.09387755102040816,0.052939987876338655,0.06259850474843402,0.06231561931703374,0.021014346332592443,0.025944635279854515,0.04259446352798545,0.02048898767427763,0.06243685593049101,0.026389169529197818,0.02036775106082037,0.01341685188927056
B:ACCAC,0.02365260987344843,0.04738608337039583,0.06368010350543808,0.07249423846682569,0.04762867424089273,0.054542514050054586,0.05353171875631747,0.11151093680507823,0.11607973153276999,0.05316783245057211,0.055715036590789635,0.06149678567096591,0.021105405733230907,0.025148586908179355,0.03820806210326285,0.020458496745239155,0.06230542190595561,0.03768244855051955,0.018477337969514413,0.015727974770549467
B:ACCAG,0.022493551160791058,0.04653482373172829,0.06235597592433362,0.07078245915735168,0.045743766122098024,0.056302665520206366,0.053138435081685295,0.11714531384350817,0.11583834909716251,0.05496130696474635,0.05829750644883921,0.06500429922613929,0.019501289767841788,0.023938091143594152,0.03944969905417025,0.020395528804815134,0.05819432502149613,0.03219260533104041,0.019604471195184867,0.018125537403267413
B:ACCAT,0.027725644088039583,0.05310527213786043,0.06180685889779901,0.07460331001535574,0.04841324006142297,0.054171643064323496,0.05579252687254735,0.11457089233919127,0.0926036512540522,0.0519109367002218,0.06820508445657737,0.06300119433543763,0.02047432178809077,0.023204231359836205,0.04440368537792186,0.02030370243985668,0.06475004265483705,0.02674458283569357,0.019919808906329977,0.014289370414605016
B:ACCCA,0.02539021852237253,0.046964967048213666,0.062088102670828996,0.06902532084634062,0.04488380159556018,0.05782171349288935,0.050815123135622614,0.12074228234477974,0.11238293444328824,0.05310440513354145,0.06805411030176899,0.06507110648629899,0.01893860561914672,0.021401318071453346,0.03853624696496705,0.020881026708289976,0.05730142212972598,0.03215400624349636,0.019667013527575442,0.01477627471383975
B:ACCCC,0.023520376326021216,0.04598473575577209,0.06374501992031872,0.06700907214515432,0.04387270196323141,0.05558488935822973,0.05064081025296405,0.11932990927854846,0.12259396150338406,0.053904862477799645,0.06470503528056448,0.06427302836845389,0.020688331013296212,0.021216339461431383,0.035088561416982675,0.021648346373541977,0.05256084097345558,0.03955263284212547,0.018816301060816974,0.015264244227907647
B:ACCCG,0.016252390057361378,0.04397705544933078,0.07170172084130019,0.06998087954110899,0.04684512428298279,0.060420650095602296,0.04130019120458891,0.1135755258126195,0.14015296367112812,0.05315487571701721,0.05009560229445507,0.06462715105162524,0.022562141491395793,0.02141491395793499,0.029445506692160613,0.02198852772466539,0.05506692160611855,0.038623326959847035,0.017017208413001913,0.021797323135755258
B:ACCCT,0.0242624758753791,0.04631927212572374,0.0637677734451928,0.07003032809484422,0.044586238134625235,0.05699318602544409,0.05010043719721139,0.11571940604198669,0.11323801646382292,0.054748119264248295,0.06132577100319036,0.06585529166174328,0.02032376225924613,0.020638859348536768,0.038560006301941785,0.021111504982472724,0.06179841663712631,0.03379416282642089,0.02036314939540746,0.01646382291543582
B:ACCGA,0.017393376221110316,0.04979747438646653,0.06028115320467,0.0781510602811532,0.04217298070050036,0.05885156063855135,0.04455563497736478,0.10698117703121277,0.12103883726471289,0.048129616392661424,0.058613295210864905,0.07243269001667858,0.02501786990707648,0.02573266619013581,0.034310221586847746,0.02573266619013581,0.05837502978317846,0.03454848701453419,0.020967357636406957,0.016916845365737433
B:ACCGC,0.014814814814814815,0.04802867383512545,0.06833930704898447,0.07598566308243727,0.045878136200716846,0.05710872162485066,0.04181600955794504,0.1013142174432497,0.13954599761051373,0.04826762246117085,0.06188769414575866,0.06738351254480286,0.02126642771804062,0.022461170848267622,0.031780167264038234,0.027479091995221028,0.053763440860215055,0.04133811230585424,0.011947431302270013,0.01959378733572282
B:ACCGG,0.014024245305443309,0.05039220347040647,0.07130972189208462,0.06845733301640124,0.0446874257190397,0.05490848585690516,0.04444972664606608,0.1202757309246494,0.12075112907059662,0.04801521274067031,0.050867601616353696,0.06845733301640124,0.019253624910862847,0.025433800808176848,0.031376277632517234,0.025196101735203234,0.054670786783931544,0.04540052293796054,0.019253624910862847,0.022819111005467078
B:ACCGT,0.01802990325417766,0.0490325417766051,0.05672823218997362,0.0806948109058927,0.04947229551451187,0.06090589270008795,0.047493403693931395,0.10686015831134564,0.12093227792436236,0.05255057167985928,0.058927000879507474,0.05782761653474054,0.023966578715919087,0.026385224274406333,0.03408091468777485,0.02198768689533861,0.060246262093227795,0.03605980650835532,0.02132805628847845,0.016490765171503958
B:ACCTA,0.031173891865562593,0.04852654651729177,0.06198246468582562,0.07696054554310765,0.04889186556259133,0.05540672187043351,0.05820750121773015,0.10996103263516804,0.09084266926449099,0.05236239649293716,0.06587920116902095,0.06606186069167072,0.020701412566975157,0.024537262542620557,0.043655625913297615,0.019605455431076474,0.0628348757915246,0.02800779347296639,0.02027520701412567,0.01412566975158305
B:ACCTC,0.02218782249742002,0.049019607843137254,0.0619625042999656,0.07060543515651875,0.0467406260749914,0.054093567251461985,0.05194358445132439,0.11588407292741658,0.12104403164774682,0.0543515651874785,0.059511523907808735,0.0654454764361885,0.019392844857241142,0.02309081527347781,0.03869969040247678,0.021585827313381493,0.059511523907808735,0.0316047471620227,0.018747850017199863,0.014576883384932921
B:ACCTG,0.023129611859303133,0.044273849310082394,0.06518645974653386,0.0725323450580722,0.04490255120611495,0.058270738890175706,0.05125574931339135,0.11409284934317197,0.11925482280533405,0.05340657158929221,0.05876708249230667,0.06326726448496078,0.02084643128950068,0.023857582475761887,0.03742430760067503,0.020945700009926873,0.058336918037126505,0.035538201912577345,0.01876178816055061,0.01594917441514179
B:ACCTT,0.0277924505302507,0.048189833814148146,0.06570232822721547,0.07460078826540978,0.04770224696274024,0.057047661614725124,0.057941570842306285,0.1162488318231685,0.09357604323270083,0.05375645036772175,0.06009507943602454,0.06293933606923734,0.02210393726382512,0.027304863678842793,0.04152614684490675,0.021250660273861282,0.05977002153508594,0.027751818292633377,0.019747267482020235,0.014952663443175815
B:ACTAA,0.033977278676509085,0.05052091513533323,0.06905397623161091,0.09256059892152244,0.05146327417412701,0.05439505785037432,0.06020627192293597,0.09491649651850688,0.06879220983194598,0.05455211769017329,0.06811161719281714,0.0544997644102403,0.023454269409978534,0.03020784252133396,0.04617559290089524,0.019213653735406525,0.06931574263127585,0.025129574367834143,0.02120307837286006,0.012250667504319145
B:ACTAC,0.02882323195839052,0.05020588022827422,0.07072166437910858,0.0817019432204002,0.0476052878711262,0.052373040525897564,0.057357509210431264,0.11189771003395217,0.08249656866286209,0.05360109802788413,0.06198078451202774,0.06003034024416673,0.0220327963591707,0.02831756122227841,0.043415444629054396,0.02174384165282092,0.06942136820053457,0.028534277252040743,0.015748031496062992,0.011991620313515857
B:ACTAG,0.03078241381583284,0.05088655988398919,0.06835409663173159,0.08410783732120493,0.04541559554413025,0.052204864544196164,0.06156482763166568,0.10038889987476106,0.08252587172895656,0.05444598246654802,0.06472875881616241,0.062158064728758816,0.02155428119438402,0.02662975413618087,0.04759079823347175,0.020367807000197746,0.0655197416122866,0.029266363456594818,0.018851756640959727,0.01265572473798695
B:ACTAT,0.03532163742690059,0.05350877192982456,0.0668421052631579,0.08333333333333333,0.05210526315789474,0.05321637426900585,0.0604093567251462,0.10385964912280701,0.06807017543859649,0.048771929824561404,0.06461988304093567,0.06058479532163743,0.021871345029239767,0.030116959064327486,0.04888888888888889,0.018830409356725145,0.06935672514619882,0.02760233918128655,0.021871345029239767,0.010818713450292398
B:ACTCA,0.024824216815766017,0.047172614135278776,0.06417324134288449,0.07661836067738421,0.047403690621595745,0.05704288119367511,0.05298253721981976,0.11408576238735021,0.10748357706400818,0.05182715478823491,0.06252269501204899,0.06245667315881557,0.021490113227478295,0.025946588320734165,0.03924999174726834,0.021193014887927904,0.05948568976331166,0.029379724688872018,0.021325058594394746,0.013336414353150894
B:ACTCC,0.025955368259745235,0.04630782492098458,0.06278134278325831,0.07231108131405038,0.04544583852121444,0.055119241451968205,0.05396992625227469,0.11732592663537976,0.10511445263863614,0.05756153625131692,0.06263767838329662,0.06464897998276027,0.022028541327459055,0.02423139546020496,0.03773584905660377,0.02059189732784216,0.05789675318456087,0.03347380519107365,0.01905947706158414,0.015803083995785845
B:ACTCG,0.015671325709445152,0.05146124523506988,0.0652265988987717,0.08725116476069462,0.04531977975434138,0.05972045743329098,0.04807285048708174,0.10334603981363828,0.12664125370605675,0.05400254129606099,0.046590427784836935,0.0590851334180432,0.02096569250317662,0.02265988987717069,0.03600169419737399,0.02075391783142736,0.06437950021177467,0.038966539601863616,0.016518424396442185,0.01736552308343922
B:ACTCT,0.02404347982579275,0.04812295288485765,0.0638160025915128,0.08163265306122448,0.04603534535507325,0.05373789727531224,0.059640787531943996,0.11298275924126264,0.09430227117301947,0.052694093510420044,0.06449987402368355,0.06403196199114566,0.020768095598027572,0.024367418925242055,0.04135622502969442,0.020048230932584673,0.06619155598747435,0.02821869488536155,0.02008422416585682,0.013425476010510024
B:ACTGA,0.025674872945680154,0.04857765164015577,0.06392317338789519,0.0823377994851825,0.045904560755065674,0.05606890634281565,0.05814797703121906,0.11144478912283018,0.09345917761203881,0.05362682331199261,0.060920071282423605,0.060227047719622465,0.023595802257276748,0.025938881921985346,0.0420434294766022,0.020295690053461816,0.06778430466635865,0.027786944756121708,0.01838162497524916,0.013860471256022704
B:ACTGC,0.02208876640204023,0.04787956069269055,0.06885771872814775,0.07947019867549669,0.04405413187446012,0.058327506067212376,0.05664102669573444,0.10493192382049278,0.10888075356834355,0.0547900127514294,0.054049607173707374,0.0582863724240056,0.02138949446752499,0.024392250421619844,0.04026983669943647,0.021183826251491095,0.06383941425692073,0.03590967051951791,0.01925054502077249,0.015507383488955617
B:ACTGG,0.02336683417085427,0.047523330940416365,0.06532663316582915,0.07293610911701363,0.043395549174443646,0.05746590093323762,0.05585068198133525,0.11640344580043073,0.10979899497487437,0.05373295046661881,0.061665470208183776,0.06342426417803303,0.020567121320890166,0.02404881550610194,0.0384781048097631,0.020172290021536254,0.061306532663316586,0.029576453697056714,0.019095477386934675,0.015865039483129936
B:ACTGT,0.0219117180057161,0.04868212130835186,0.06732295966973642,0.08609082248332804,0.04512543664655446,0.053604318831375036,0.0569387107018101,0.10835185773261352,0.10038107335662115,0.052619879326770404,0.0626865671641791,0.05766910130200063,0.021054302953318515,0.026897427754842808,0.04283899650682756,0.021594156875198476,0.06532232454747539,0.028644013972689744,0.01857732613528104,0.013686884725309621
B:ACTTA,0.028775579643221697,0.050405871773683955,0.06790453507023769,0.08934039760851602,0.05152384192874156,0.05273902687989112,0.06260632868322559,0.09731201088805716,0.07325134885529577,0.05205852330724736,0.06873086083701939,0.057356729694259465,0.022359403101151996,0.03008797939046323,0.045545131969085696,0.01939435182034706,0.06868225343897341,0.028775579643221697,0.022019151314830118,0.011131094152530016
B:ACTTC,0.029072182074923167,0.04954730459340477,0.06466483927236481,0.08052994434753717,0.04867513913115707,0.051457762272614005,0.05984716338566326,0.10549048924329263,0.08921006728133565,0.05436498048010632,0.06267131821579866,0.060636265470554035,0.023050087216546226,0.025500456848575465,0.04435584350859706,0.021762604867513913,0.06665836032893098,0.02944596727302932,0.019602957056233907,0.01345626713182158
B:ACTTG,0.026261978268714164,0.0484343049597049,0.07072691552062868,0.0785453670662764,0.04763241249348463,0.05681408123170683,0.05565133715568742,0.11005974098873342,0.09362094543121767,0.0564532296219077,0.0604626919530091,0.06270799085842589,0.020889298745038292,0.025740748165670985,0.04053566416743515,0.020929393368349303,0.06198628763882763,0.028066236317709794,0.02036806864199511,0.014113307405476925
B:ACTTT,0.030302070799822684,0.05392312076499272,0.06972326008485846,0.08603001709834716,0.049426888734089035,0.053828129947438415,0.060572477993793936,0.09929706795009816,0.0709581407130644,0.05417642961180419,0.06456209233107467,0.059337597365587996,0.021689570008232538,0.03137863339877145,0.047242099930340065,0.020169716927363687,0.06779178012792096,0.026977392185422076,0.019853080868849345,0.012760433158128047
B:AGCAA,0.02643488030960332,0.050248119596766644,0.06260728441684092,0.08011610124527949,0.045223307637089975,0.05664617209200712,0.06032895352829187,0.10623888143316376,0.092069535907119,0.053962111045223304,0.06632127586529758,0.06185824412471521,0.020754658094316657,0.026715770419150464,0.04213351643207141,0.021597328422958084,0.06585312568271902,0.027496020723448082,0.020941918167348084,0.012452794856589995
B:AGCAC,0.02006584647374805,0.04494888234274822,0.06380176745797955,0.07620862935366488,0.04581528331311731,0.059261826373245535,0.052815803153699534,0.1113845087506498,0.1188702131346387,0.052885115231329057,0.05420204470629007,0.06113325246924277,0.02006584647374805,0.023808698665742506,0.04179518281060475,0.021729336336856697,0.06400970369086813,0.03545312770750303,0.01836770057182464,0.0133772309824987
B:AGCAG,0.020326049254249048,0.049369869349057696,0.0657879523644352,0.07478321193201526,0.043704474505723206,0.05693143716036536,0.0528384784368135,0.10838247196207654,0.12123944964735808,0.05457278298069141,0.05901260261301885,0.0613712567926928,0.020002312406058504,0.022846571858018267,0.03801595560180367,0.021620996647011215,0.06114001618684241,0.03392299687825182,0.017990519135160133,0.016140594288357034
B:AGCAT,0.02888543436607498,0.048732872998083945,0.06467589747297639,0.080365858067315,0.043924659267560826,0.05404721448971476,0.06243447453092802,0.10693756552546907,0.09059686923827771,0.05411951845558729,0.06503741730233903,0.0626513864285456,0.020678934239543038,0.02877697841726619,0.04280394779653664,0.021618885795885903,0.06431437764361375,0.027764722895050793,0.01872672716098478,0.012906257908246267
B:AGCCA,0.022666734965679745,0.04628111873783424,0.0625960454871427,0.07061264214732098,0.0446675545538367,0.05660280708943756,0.05235119352525356,0.1127445958405901,0.11894273127753303,0.0546306730867739,0.059676262678004306,0.063031451695523,0.02077143735273025,0.022103268107775843,0.03913533449441656,0.022359389406823072,0.06241676057780965,0.030657719495953282,0.019849400676160228,0.01790287880340129
B:AGCCC,0.019400785854616895,0.04402890822340724,0.06406118439517261,0.06777996070726916,0.04557255122088128,0.06083356721863598,0.04974740387314061,0.11279118720179623,0.13268313219197306,0.05714987370193657,0.056237721021611,0.06504350266629245,0.020032276171765367,0.02013752455795678,0.03574936850968285,0.02238282346337356,0.056658714566376646,0.034661801852371596,0.017857142857142856,0.01719056974459725
B:AGCCG,0.01404413872169676,0.05030094582975064,0.06706792777300086,0.07509314989968473,0.04528518200057323,0.058612783032387504,0.04786471768415019,0.10346804241903124,0.13900831183720264,0.05130409859558613,0.051590713671539126,0.06835769561478934,0.021782745772427628,0.020922900544568645,0.03410719403840642,0.02536543422184007,0.05087417598165664,0.03582688449412439,0.018773287474921182,0.020349670392662653
B:AGCCT,0.021612564255488343,0.04492914146147511,0.0647524921189401,0.07054613615063475,0.044843940813950184,0.05762403794268837,0.05205759563772685,0.11510607480616852,0.12013291301013888,0.057737638806054925,0.05787963988526313,0.06373008434864105,0.01990855130498992,0.02164096447132998,0.038908295703047345,0.022464570730737553,0.06089006276447701,0.031013035699071313,0.018431740081224616,0.01579052000795206
B:AGCGA,0.02106969205834684,0.04841977309562399,0.07313614262560778,0.07658022690437602,0.047609400324149106,0.05551053484602917,0.048824959481361424,0.10190437601296597,0.10919773095623987,0.049027552674230146,0.06320907617504051,0.06888168557536467,0.02633711507293355,0.028970826580226903,0.028565640194489466,0.01985413290113452,0.05733387358184765,0.0403160453808752,0.018638573743922204,0.01661264181523501
B:AGCGC,0.012250612530626532,0.054252712635631785,0.07507875393769689,0.06807840392019601,0.04952747637381869,0.06072803640182009,0.04672733636681834,0.09940497024851243,0.14018200910045503,0.051977598879944,0.04952747637381869,0.06947847392369619,0.020476023801190058,0.024676233811690585,0.030451522576128806,0.022751137556877844,0.04847742387119356,0.04060203010150507,0.015575778788939447,0.01977598879943997
B:AGCGG,0.01400329489291598,0.05024711696869852,0.06919275123558484,0.07034596375617792,0.04629324546952224,0.05453047775947282,0.04925864909390445,0.10197693574958813,0.1344316309719934,0.05090609555189456,0.06177924217462932,0.06326194398682043,0.02158154859967051,0.022405271828665568,0.03327841845140033,0.023228995057660625,0.05634266886326195,0.042009884678747944,0.01614497528830313,0.018780889621087316
B:AGCGT,0.01558974358974359,0.04594871794871795,0.060307692307692305,0.08574358974358974,0.040615384615384616,0.05333333333333334,0.04553846153846154,0.10687179487179488,0.12287179487179486,0.05764102564102564,0.057846153846153846,0.06543589743589744,0.021333333333333333,0.021743589743589743,0.037743589743589746,0.019692307692307693,0.06482051282051282,0.04041025641025641,0.020717948717948718,0.015794871794871795
B:AGCTA,0.029340943547667885,0.04811379648622135,0.06430036564701685,0.07986265941318113,0.04494782841344867,0.05671987871220904,0.0585035226968697,0.10715241237848926,0.09007402122536341,0.055515919022563094,0.07018639079639703,0.060956033175778114,0.020110585927048962,0.024926424685632748,0.04320877552840453,0.021448318915544457,0.06421118344778383,0.02528315348256488,0.022473914206724337,0.012663872291090698
B:AGCTC,0.023125776611901145,0.04625155322380229,0.06319895071103133,0.07538312853789866,0.044180588154079804,0.05954024575452161,0.052498964517465135,0.11290211238437112,0.11234985503244511,0.055432831699572,0.06309540245754522,0.062025403838188595,0.02115835979566478,0.02115835979566478,0.04072897970454232,0.020295457683280407,0.059471213585530855,0.03230705508767086,0.019363523401905287,0.01553223802291868
B:AGCTG,0.02006184478467456,0.046911531789727734,0.06762702064006838,0.07366065816929382,0.042939387082987654,0.05616310933454006,0.052467506347889485,0.11167257460341404,0.12082359152273928,0.05601226839630943,0.06038665560499786,0.060487216230484954,0.020564647912110014,0.021469693541493827,0.03999798878749026,0.02099203057043015,0.059908992633934184,0.03358724891268824,0.018955677904316563,0.015310355230409533
B:AGCTT,0.02709838799332963,0.05110478043357421,0.0629863813229572,0.07907170650361312,0.04519872151195108,0.05576014452473597,0.058678432462479155,0.10245275152862701,0.10002084491384103,0.054405225125069484,0.06524458032240134,0.062048360200111174,0.021192329071706505,0.026716231239577542,0.04304474708171206,0.019385769872151196,0.06288215675375208,0.02900917176209005,0.020184824902723737,0.013514452473596443
B:AGTAA,0.032606320206302726,0.051269723327068494,0.07023908387604354,0.09340443201188864,0.05096376589885922,0.053324008916473625,0.06276498098693124,0.09524017658114428,0.06923379518335591,0.05306175969229424,0.06752917522618995,0.05594650115826741,0.022116351239127585,0.030114952576598627,0.04445124349840465,0.019493858997333798,0.06919008697932602,0.026836837274356398,0.019930941037632762,0.012282005332400892
B:AGTAC,0.03317048084340447,0.04795577269220879,0.07180509128310619,0.0761121110825405,0.04962715350989972,0.05740550269992286,0.054512728207765496,0.09906145538698895,0.09038313191051685,0.05547698637181795,0.060491128824890716,0.06113396760092569,0.023977886346104395,0.026549241450244277,0.04454872717922345,0.021663666752378505,0.06113396760092569,0.029056312676780664,0.0217922345075855,0.014142453072769349
B:AGTAG,0.031146419740095754,0.049718524754037985,0.06992160782869469,0.08154890303572368,0.04571999789551218,0.05298048087546693,0.06050402483295628,0.10359341295312254,0.08107539327616141,0.054611458936181405,0.06366075656337139,0.061661493134108486,0.02178144893986426,0.028305361182722154,0.044825590571894565,0.02115010259378124,0.06750144683537644,0.02777923922765297,0.020097858683642868,0.012416478139632767
B:AGTAT,0.031471155908213595,0.05398884838087068,0.07162770748445207,0.08851597683894488,0.04659017799699764,0.05264850954321253,0.06251340338837658,0.10009650439631139,0.06658803345485739,0.05227321466866824,0.06514046751018658,0.05731288869826292,0.021820716277074846,0.033615698048466654,0.049056401458288657,0.018657516620201587,0.07103795839588248,0.02530559725498606,0.020641218099935663,0.011098005575809564
B:AGTCA,0.02517615971814445,0.05005871990604815,0.061509101585437466,0.07938197298884322,0.04605842630651791,0.054279213153258954,0.05916030534351145,0.11483411626541397,0.09453904873752202,0.05578391074574281,0.06161920140927774,0.05978420434527305,0.02275396359365825,0.025689958896065766,0.04220493247210805,0.02099236641221374,0.06385789782736348,0.029506752789195536,0.019083969465648856,0.013725778038755137
B:AGTCC,0.022491179929439435,0.04870638965111721,0.06272050176401411,0.071687573500588,0.046697373578988635,0.05586044688357507,0.05375343002744022,0.11720893767150137,0.10941787534300275,0.05791846334770678,0.05875147001176009,0.062181497451979616,0.021364170913367307,0.022736181889455115,0.041503332026656216,0.021903175225401802,0.06056448451587613,0.032389259114072914,0.01764014112112897,0.014504116032928263
B:AGTCG,0.0211231324059763,0.05435342606903658,0.0729005667181865,0.08114374034003091,0.04714064914992272,0.05383822771767131,0.04739824832560536,0.10432766615146831,0.11025244719216898,0.05255023183925812,0.05589902112313241,0.06311179804224626,0.0190623390005152,0.022926326635754765,0.03632148377125193,0.020350334878928386,0.06027820710973725,0.03760947964966512,0.0211231324059763,0.018289541473467286
B:AGTCT,0.025247343349212165,0.047966288017588864,0.06687431293514108,0.0770245511176255,0.045877610846463905,0.05562477097838036,0.05661414437522902,0.10993037742762916,0.09560278490289484,0.05357273726639795,0.06628801758886038,0.06152436790032979,0.021399780139245143,0.025100769512641993,0.03898864052766581,0.02063026749725174,0.0672407475265665,0.02828875045804324,0.02194943202638329,0.014254305606449249
B:AGTGA,0.026185854871113835,0.04872816426601287,0.06411959001600435,0.08410801239486498,0.04450573773282936,0.055504477815234786,0.05628766983348657,0.11206456226376545,0.09701365478257909,0.0527462798379133,0.06081656280859468,0.06194027309565158,0.02196342833793033,0.02625395852487486,0.041883747063029934,0.02053325160894882,0.06326829434399156,0.029352674771001463,0.019341437668130894,0.013382367964041271
B:AGTGC,0.02028639618138425,0.046406788650225406,0.06488111022717227,0.08057102448510563,0.04689295500751348,0.05705825156899143,0.05515778308141077,0.10377441881021833,0.11690091045699638,0.0542738442499779,0.05374348095111818,0.06191991514187218,0.021656501370105188,0.02373375762397242,0.039600459648192345,0.021744895253248474,0.06426235304516928,0.03469459913373994,0.018164942985945374,0.014275612127640768
B:AGTGG,0.024998211858951434,0.04559759673843073,0.06344324440311852,0.07395751376868608,0.04334453901723768,0.0545740648022316,0.053107789142407553,0.11597882840998498,0.10857592446892211,0.05546813532651455,0.06383663543380302,0.061404763607753376,0.02088548744724984,0.02406837851369716,0.04073385308633145,0.022530577211930476,0.0606537443673557,0.03250840426292826,0.018918532293827336,0.015413775838638151
B:AGTGT,0.021833910034602076,0.04802768166089966,0.06422145328719724,0.08387543252595156,0.04432525951557093,0.05813148788927336,0.05674740484429066,0.11217993079584775,0.10311418685121107,0.052387543252595155,0.05896193771626298,0.06069204152249135,0.020034602076124567,0.026262975778546714,0.04103806228373703,0.021141868512110727,0.06387543252595156,0.03027681660899654,0.01944636678200692,0.01342560553633218
B:AGTTA,0.029540114132259147,0.0535654342300868,0.06919867644943174,0.09216899247110727,0.051695199731453506,0.053037932192010744,0.0620054668393037,0.10113652711840022,0.07274732652376156,0.05332566057641586,0.06579389056730446,0.05615498968973289,0.021435764638181556,0.030643072939145446,0.04383062389104685,0.01841461660192778,0.0697261784875078,0.02594350932719513,0.0190859828322064,0.010550040761521124
B:AGTTC,0.02518796992481203,0.0487593984962406,0.06691729323308271,0.07729323308270676,0.048270676691729325,0.05578947368421053,0.05582706766917293,0.10887218045112781,0.09631578947368422,0.05364661654135339,0.060526315789473685,0.06575187969924812,0.01981203007518797,0.025037593984962407,0.04274436090225564,0.019887218045112783,0.06612781954887217,0.028345864661654136,0.019473684210526317,0.015413533834586466
B:AGTTG,0.029452812936137447,0.04918427258289619,0.06838635160498581,0.07964772125703835,0.04721112661822032,0.05332306655758218,0.060926897348284326,0.11251744549785841,0.08609653977573511,0.05274556042157948,0.06573944848164012,0.058905625872274894,0.022137735213436642,0.025602772029452815,0.0425429520188652,0.02059771885076279,0.06304441984696088,0.0273352904374609,0.02059771885076279,0.014004523798065355
B:AGTTT,0.02819936293798014,0.05087127599775155,0.06882768096933359,0.08584723002935482,0.05158953219661483,0.05283867341202923,0.060271063643744925,0.1017425519955031,0.07719692711261009,0.050434076572356504,0.06654799825120229,0.06011492099181812,0.024701767534819813,0.02944850415339454,0.04546874024108426,0.01889326088314284,0.06648554119043158,0.027980763225282618,0.01961151708200612,0.012928611579539067
B:ATCAA,0.03475210477081384,0.0519644527595884,0.0626753975678204,0.07792329279700655,0.04883068288119738,0.05547240411599626,0.06141253507951357,0.10631431244153415,0.07932647333956969,0.04995322731524789,0.06987839101964453,0.05996258185219831,0.021281571562207672,0.028578110383536016,0.04555659494855005,0.01889616463985033,0.06328344246959776,0.02609915809167446,0.024742750233863423,0.013096351730589336
B:ATCAC,0.02762039660056657,0.05164523861407714,0.061015471780344305,0.08890825887993027,0.04331008934408368,0.053660928306820656,0.061451296578775336,0.11102636740030508,0.08411418609718893,0.05077358901721508,0.06477446066681194,0.06183264327740248,0.02151884942253214,0.026203966005665724,0.04706907823055132,0.019067334931357593,0.06303116147308782,0.029690564393113968,0.019884506428415778,0.013401612551754195
B:ATCAG,0.027156481204293717,0.048325706710003,0.06376427318992431,0.080485823033828,0.045845272206303724,0.0579053158277381,0.0594876619766497,0.11217551212419279,0.0825385964161998,0.0530727451567378,0.0674849249454732,0.06316554762006586,0.019373048796133944,0.025189240046187403,0.04811187614933926,0.019586879356797673,0.06282341872300388,0.027199247316426464,0.021810717187700467,0.014497712013000898
B:ATCAT,0.037400039009167156,0.0544665496391652,0.06431636434562123,0.08362590208699044,0.04607957870099473,0.0573922371757363,0.0573922371757363,0.10259410961575971,0.06933879461673494,0.04905402769650868,0.07338599570899161,0.05539301735907939,0.022186463818997464,0.02852545348156817,0.05324751316559392,0.021259996099083283,0.06558416227813536,0.024429490930368638,0.023551784669397308,0.010776282426370198
B:ATCCA,0.02912867274569402,0.04715467747382641,0.06429415737926376,0.06995103005741303,0.04745018574805809,0.05652651131374536,0.056948665991219186,0.12006079027355623,0.08717494089834515,0.051545086119554204,0.07096420128335022,0.06180344478216818,0.021614319486659914,0.024864910503208375,0.045170550489699424,0.019925700776764605,0.061465721040189124,0.028537656197230664,0.021065518405943937,0.014353259034110099
B:ATCCC,0.024303441816904706,0.045282135331304145,0.06218684148911262,0.07047529852493561,0.04495434324514165,0.06064153594006087,0.05197845937719504,0.12095527979395926,0.11238585811285413,0.05455396862561461,0.06804027159915711,0.06612034652306252,0.018871458674783424,0.022383516740810114,0.037368297822524,0.02107234839616015,0.05619292905642707,0.02814329196909389,0.01948021540622805,0.014610161554671037
B:ATCCG,0.02064343163538874,0.04664879356568365,0.06139410187667561,0.08230563002680966,0.05093833780160858,0.051474530831099194,0.04664879356568365,0.1126005361930295,0.11126005361930295,0.051742627345844505,0.06139410187667561,0.07211796246648794,0.021179624664879357,0.02198391420911528,0.03431635388739947,0.02091152815013405,0.05549597855227882,0.03646112600536193,0.01876675603217158,0.021715817694369973
B:ATCCT,0.028342353176989375,0.04826618560833834,0.06293846462216877,0.07492483463619964,0.04658248145921026,0.055762677891360996,0.055642413309280415,0.1217077570655442,0.09232311084385648,0.052916416115454,0.06430146321908198,0.06281820004008819,0.0194026859089998,0.02501503307276007,0.04554018841451193,0.020805772699939867,0.05953096812988575,0.02814191220685508,0.021407095610342753,0.013629985969132091
B:ATCGA,0.02059732234809475,0.05046343975283213,0.07723995880535531,0.07758324751115689,0.04394095434260213,0.0607621009268795,0.048060418812221076,0.10641949879848953,0.09303123927222795,0.046343975283213185,0.0607621009268795,0.06968760727772057,0.023000343288705802,0.030209406110538965,0.04703055269481634,0.01922416752488843,0.05149330587023687,0.035015447991761074,0.018194301407483692,0.020940611053896326
B:ATCGC,0.02390438247011952,0.0485331401666063,0.07352408547627672,0.08040565012676566,0.0459978268743209,0.05432814197754437,0.047084389713871785,0.10431003259688519,0.10974284679463962,0.04672220210068816,0.06809127127852227,0.05903658094893155,0.01666063020644694,0.028975009054690328,0.03766751177109743,0.021006881564650488,0.06302064469395147,0.03658094893154654,0.018471568272365086,0.01593625498007968
B:ATCGG,0.022900763358778626,0.04753643303261624,0.05517002081887578,0.0798056904927134,0.04337265787647467,0.054823039555863984,0.04614850798056905,0.12179042331714088,0.1054823039555864,0.04892435808466343,0.0655794587092297,0.06870229007633588,0.01943095072866065,0.0263705759888966,0.03539208882720333,0.023941707147814018,0.0520471894517696,0.04302567661346287,0.01977793199167245,0.01977793199167245
B:ATCGT,0.019277845777233783,0.04804161566707466,0.06731946144430845,0.09026927784577723,0.047123623011015914,0.0605875152998776,0.05507955936352509,0.1098531211750306,0.08292533659730722,0.05385556915544676,0.07099143206854346,0.05997552019583843,0.020195838433292534,0.02631578947368421,0.03396572827417381,0.02447980416156671,0.06425948592411261,0.02968176254589963,0.020195838433292534,0.015605875152998777
B:ATCTA,0.033299697275479316,0.05321578416272771,0.06617451803069734,0.08603749535291307,0.047586170269265496,0.05507461893887089,0.06012002761697382,0.10568803441499815,0.06686494237612194,0.04981677200063731,0.07509692495618461,0.0570396728450794,0.01853523819639917,0.027776302512082424,0.04902012852514738,0.018429019066333846,0.07276010409474747,0.02586435817090658,0.02097827818790164,0.010621913006532476
B:ATCTC,0.027226318774815655,0.04805121140912406,0.06129973259865489,0.07475083056478406,0.04853739567296005,0.053966453285795316,0.058017988817761934,0.10987764362693461,0.09537314642249413,0.05404748399643465,0.06851146584555547,0.061866947573130215,0.02013613159387408,0.025362612430111012,0.04436431407503444,0.02114901547686573,0.06672879021149015,0.027104772708856657,0.019528401264079086,0.014099343651243821
B:ATCTG,0.026015360132844393,0.05047395004497336,0.0640005535183007,0.07700823358472289,0.048190687054590745,0.05642427177748564,0.058050231785788414,0.11385179547498789,0.09357918771189372,0.04988583685048087,0.06296270670449042,0.0648654258631426,0.02068774648861828,0.024769943956272054,0.044316058949699026,0.019580709887220646,0.06379298415553865,0.027399155884591433,0.02058396180723725,0.013561198367121012
B:ATCTT,0.0329689766174962,0.052743287700307756,0.06409848243659132,0.07962786090770808,0.048816725034490076,0.05507800063673989,0.06211751388446708,0.1072906717605858,0.07690402914853726,0.05292015989246171,0.06738830521065478,0.06091478297782023,0.020870918674166048,0.028334925183062718,0.044890162368672396,0.01988043439810393,0.06257738158406735,0.025717216739184267,0.02345325267961371,0.013406912165269376
B:ATTAA,0.034765555357461224,0.054697807095738994,0.0703868782314138,0.0877518274202175,0.05063291139240506,0.0541986093777857,0.06500267427348903,0.09285077553931181,0.06539490105188091,0.050347655553574615,0.0687110001782849,0.05933321447673382,0.022285612408628988,0.033481904082724195,0.04835086468176145,0.016758780531289,0.07074344802995186,0.024888571937956856,0.020253164556962026,0.00916384382242824
B:ATTAC,0.03318864774624374,0.04981636060100167,0.06818030050083472,0.08994991652754591,0.05348914858096828,0.054090150250417364,0.06310517529215359,0.09469115191986645,0.0674457429048414,0.05582637729549249,0.07065108514190317,0.05829716193656093,0.021368948247078464,0.029849749582637728,0.04480801335559265,0.018430717863105177,0.06824707846410684,0.025909849749582638,0.021101836393989982,0.011552587646076794
B:ATTAG,0.03318363273453094,0.05152195608782435,0.06680389221556886,0.09268962075848304,0.0500249500998004,0.053642714570858285,0.06100299401197605,0.10061127744510978,0.06418413173652694,0.05064870259481038,0.07472554890219561,0.057010978043912176,0.0218937125748503,0.028193612774451097,0.04578343313373254,0.02002245508982036,0.06911177644710578,0.02470059880239521,0.022392714570858282,0.01185129740518962
B:ATTAT,0.0373267406987112,0.053416551835940664,0.06695306800680878,0.09321553051795411,0.04790467698792251,0.05605090378536111,0.0659803842100997,0.0958904109589041,0.05596984680230202,0.04855313285239524,0.07173543000729513,0.0552403339547702,0.02322282564642944,0.03290913512199076,0.048715246818513414,0.0175488368322931,0.0715327875496474,0.024641322849963523,0.022817540731133987,0.01037529383156359
B:ATTCA,0.03343299809730905,0.050091251504679066,0.06473032268085271,0.0817768803634528,0.04465499165145808,0.056498272045975226,0.0635654098551625,0.10880285791946569,0.06896283928086049,0.05013008193220207,0.06931231312856755,0.061895701471673205,0.023142934803712188,0.030909020308313596,0.04547043062944123,0.020774278724808762,0.06721547004232517,0.02601638644041471,0.02158971770279191,0.011027841416533997
B:ATTCC,0.03303821062441752,0.04920782851817335,0.06477166821994408,0.0733457595526561,0.04627213420316868,0.054846225535880706,0.061230195712954336,0.11523765144454799,0.0799161230195713,0.05242311276794035,0.07073625349487418,0.060810810810810814,0.02092264678471575,0.02548928238583411,0.04515377446411929,0.020736253494874183,0.06318732525629077,0.026980428704566635,0.02185461323392358,0.013839701770736254
B:ATTCG,0.032641958517511054,0.04828289697381843,0.06222373342400544,0.08534512070724243,0.04896293777626658,0.0550833049982999,0.06188371302278137,0.10676640598435906,0.08636518191091465,0.046922815368922136,0.06664399863991839,0.05712342740564434,0.019381162869772185,0.031961917715062904,0.03876232573954437,0.02448146888813329,0.05746344780686841,0.032301938116286975,0.023461407684461068,0.01394083645018701
B:ATTCT,0.03240271004484011,0.05256439629496285,0.06591824043465454,0.08382155598468236,0.05033875560501424,0.0530553464471574,0.06333256963309658,0.10784538343206887,0.06932216148987007,0.050633325696330965,0.06922397145943116,0.05888128825319936,0.020456256341439466,0.030144339344745197,0.0468366445193598,0.018917945864563218,0.0666055706477269,0.026282198147481426,0.022354596929925048,0.011062743429450463
B:ATTGA,0.035658497172098035,0.05197953137624562,0.062375437651494746,0.07697279827632642,0.05278750336654996,0.0545650417452195,0.06415297603016429,0.10492862914085645,0.07228656073256128,0.04987880420145435,0.07104767034742795,0.06210611365472664,0.022353891731753298,0.0290869916509561,0.047293293832480474,0.018744950175060598,0.06205224885537301,0.024185294909776462,0.02467007810395906,0.012873687045515756
B:ATTGC,0.0314900153609831,0.051878229297584136,0.06214215891635246,0.0826001955034213,0.04559419075548108,0.05599776567518503,0.056695992179863146,0.10780617232230136,0.0753386398547689,0.04936461388074291,0.06982265046781176,0.06214215891635246,0.023320765256249126,0.028697109342270634,0.04503560955173858,0.02227342549923195,0.06626169529395336,0.025974025974025976,0.023320765256249126,0.014243820695433599
B:ATTGG,0.03207231750356015,0.04916104265989722,0.06303015293170701,0.07671351619094793,0.04748931954677729,0.05956287536375457,0.05764348956720946,0.11918766639836542,0.08104761315088849,0.052442573215280786,0.06736424989164758,0.059067549996904216,0.02043217138257693,0.024394774317379728,0.04662250015478918,0.02043217138257693,0.0591913813386168,0.02693331682248777,0.023466039254535324,0.013745278930097207
B:ATTGT,0.035587851686230666,0.050959567728712504,0.06819452207937395,0.0830072666294019,0.047605738773989194,0.05589714924538849,0.06255822619713061,0.10816098378982672,0.07168809390721073,0.048071548351034096,0.06996459847214459,0.05929755915781629,0.02054220234768027,0.029811812930873857,0.044764300354015275,0.018958449785727593,0.06623812185578536,0.024035774175517048,0.022312278740450903,0.012343953791689958
B:ATTTA,0.03280175566934894,0.05351865398683248,0.06905632772494513,0.09217264081931237,0.05073884418434528,0.05553767373811266,0.0641697147037308,0.10007315288953914,0.0622970007315289,0.05018288222384784,0.07215801024140453,0.05600585223116313,0.02220921726408193,0.03218727139722019,0.04485735186539868,0.016415508412582297,0.068558888076079,0.02493050475493782,0.021945866861741038,0.010182882223847842
B:ATTTC,0.03475728155339806,0.05019417475728155,0.06702265372168285,0.08449838187702266,0.0472168284789644,0.053915857605177996,0.06482200647249191,0.10145631067961165,0.06656957928802588,0.050711974110032365,0.07210355987055016,0.05857605177993527,0.023527508090614886,0.033106796116504855,0.04799352750809061,0.01954692556634304,0.06660194174757282,0.024789644012944985,0.020711974110032363,0.011877022653721684
B:ATTTG,0.03429533260861942,0.05347687344391065,0.066171055861416,0.08110951362345267,0.04849738752323176,0.0542483430935933,0.06368131290107655,0.10204439457165901,0.06876599922853036,0.0508819300767963,0.07115054178209489,0.059438229827822,0.021776484202405584,0.029666514710523548,0.04954939159098082,0.01953220885787425,0.06680225830206543,0.025353298032752394,0.022021951818213696,0.011536977942981379
B:ATTTT,0.035896935389420265,0.05291821198516494,0.07120827640054656,0.09051337107163772,0.05123950810072223,0.05701737263322272,0.06263907866484482,0.09687682998243217,0.06185828616045286,0.05038063634589108,0.06908061682607847,0.0536794846769471,0.022057388249072808,0.034120632441928554,0.0481358578957642,0.016806558657036893,0.06833886394690611,0.025063439390981847,0.021198516494241655,0.010970134686707008
B:CACAA,0.027974443101364186,0.049317907097219824,0.06313244690036263,0.08088413054740114,0.047314798825764115,0.05515455016404766,0.057537558280089794,0.11317561733724746,0.09632187877741323,0.05156276981523053,0.0671731997927819,0.05750302193058194,0.01899499222932136,0.025971334829908477,0.04413745467104127,0.01913313762735279,0.06385771024002763,0.0280435158003799,0.020134691763080644,0.012674840269383526
B:CACAC,0.01963814739529961,0.04240092731029617,0.050094914912560684,0.07796462109630924,0.04438322105935122,0.06642363969291246,0.05155643657499958,0.11971038352344314,0.11157961933240379,0.05389151141498816,0.0651301090261562,0.06773396945923699,0.018848589715591245,0.021318057352125927,0.041812958825406955,0.01846221042552119,0.07043862448972735,0.027281737698859342,0.016983889663514034,0.014346431031296722
B:CACAG,0.019182948490230906,0.045805036046390135,0.06147737958416048,0.07472573398808902,0.04231532755197994,0.05625326507157037,0.052471006164455124,0.11854560651969491,0.12184724689165187,0.05150976909413854,0.05949221606937624,0.060599728346045344,0.020436735973252535,0.022735346358792183,0.04212725942952669,0.021105422630864068,0.06507157036882248,0.0314491693657925,0.01853515829066973,0.014314073764496917
B:CACAT,0.02618836728668438,0.04656037791555949,0.06412754650132861,0.08449955713020373,0.047505166814289936,0.06064363743726011,0.05609684086211987,0.11375848833776203,0.09067020962503691,0.04963094183643342,0.06840862119870092,0.06214939474461175,0.01936817242397402,0.02565692353114851,0.043489813994685565,0.01975199291408326,0.06338943017419545,0.02739887806318276,0.01865958074992619,0.01204605845881311
B:CACCA,0.02223037641806562,0.04874170565391554,0.06265480231171452,0.06822004097483411,0.047090480995627314,0.058404427728342964,0.05164663792312632,0.11527994373604868,0.12173195119713788,0.05271687612757239,0.0566614683668165,0.06274653701495275,0.020915512338317586,0.02394275754517934,0.03938476592361557,0.02027336941564994,0.05932177476072532,0.03351374491636853,0.017460171849677398,0.017062654802311714
B:CACCC,0.02182784108407761,0.04469510317215892,0.060979365568216815,0.067215891592239,0.04173082845703727,0.06044040652910379,0.04754388666461349,0.11949491838620264,0.12946566060979364,0.055628272251308904,0.06094086849399446,0.06540652910378811,0.020595934708962118,0.019556513704958423,0.03395441946412073,0.022520788420080075,0.055358792731752385,0.03880505081613797,0.01763165999384047,0.01620726824761318
B:CACCG,0.012867355043685465,0.05003971405877681,0.06640190627482129,0.07625099285146943,0.046703733121525016,0.05988880063542494,0.042573471008737096,0.10770452740270056,0.13645750595710882,0.04972200158856235,0.05750595710881652,0.06624305003971406,0.02319301032565528,0.023351866560762508,0.029229547259729944,0.02494042891183479,0.05242255758538523,0.04273232724384432,0.015726767275615568,0.016044479745830023
B:CACCT,0.02332281520098779,0.04510220880779257,0.06369186445328577,0.07017423514885444,0.04499931403484703,0.05772396762244478,0.0520990533680889,0.11699135683907258,0.12361092056523529,0.05343668541638085,0.05467142269172726,0.06619563726162711,0.022088077925641377,0.022293867471532447,0.03529290712031829,0.020578954589106874,0.05919879270133077,0.03426395939086294,0.018212374811359584,0.016051584579503363
B:CACGA,0.01784313725490196,0.04823529411764706,0.060588235294117644,0.07627450980392157,0.04549019607843137,0.06568627450980392,0.04803921568627451,0.10490196078431373,0.12176470588235294,0.05156862745098039,0.06725490196078432,0.06,0.022941176470588236,0.02235294117647059,0.03568627450980392,0.020980392156862746,0.058627450980392154,0.03803921568627451,0.0203921568627451,0.013333333333333334
B:CACGC,0.01566652678696321,0.043642467477968946,0.06420478388585817,0.07861239334172612,0.04322282836760386,0.061127430409847534,0.044481745698699116,0.10085326619107568,0.14309693663449433,0.05637152049237656,0.05301440760945587,0.06560358092040845,0.020562316407889216,0.02084207581479927,0.03287173031193174,0.022940271366624704,0.06028815218911736,0.039026437263953,0.01566652678696321,0.01790460204224367
B:CACGG,0.013834242924228963,0.0437872826500825,0.05990607945170707,0.07856326945043787,0.041248889452976265,0.06193679400939205,0.04581799720776748,0.10661251427846173,0.14646528747302956,0.051021703261835256,0.05990607945170707,0.06054067775098363,0.021195583195837035,0.02246477979439015,0.0328721919025257,0.021322502855692347,0.055590811016626475,0.04023353217413377,0.017007234420611753,0.019672547277573296
B:CACGT,0.019096029674405823,0.04643494985574942,0.05976095617529881,0.0796812749003984,0.04396208270366809,0.06360763841186977,0.0494573430416266,0.1085313916746806,0.12336859458716856,0.046709712872647344,0.05797499656546229,0.058936667124605026,0.021981041351834044,0.02239318587718093,0.03379585107844484,0.023080093419425744,0.0630581123780739,0.038878966891056466,0.0188212666575079,0.020469844758895454
B:CACTA,0.027542982002185037,0.05054338450922891,0.06486113506986373,0.08475648323845668,0.048185843252256916,0.05474095796676442,0.05715600023000403,0.11011442700247254,0.08780403657063998,0.050025875452820424,0.06020355356218734,0.05934103846817319,0.021160370306480363,0.028060491058593526,0.04565579897648209,0.0213903743315508,0.06641366223908918,0.02932551319648094,0.01983784716232534,0.012880225403944569
B:CACTC,0.021315192743764172,0.04485673057101629,0.06159554730983302,0.07994227994227994,0.04320758606472892,0.05623582766439909,0.05256648113790971,0.11486291486291486,0.11412079983508555,0.0538857967429396,0.06196660482374768,0.06349206349206349,0.02061430632859204,0.02481962481962482,0.0391259534116677,0.020861678004535148,0.060482374768089056,0.033024118738404454,0.019130076272933415,0.013894042465471037
B:CACTG,0.019942651959391388,0.045258453669499626,0.0650202784738188,0.07907313166800134,0.0424427165405182,0.05745137041151094,0.054687298183978716,0.11312030172302447,0.11764098059982951,0.053757329957893105,0.05618558032600553,0.06065459430136137,0.02027847381881119,0.02451499573764563,0.038516184030378965,0.022060912918808608,0.061920384386866784,0.03427966211154452,0.017721061197075765,0.015473637984035546
B:CACTT,0.027730001053038016,0.05001930569693566,0.06451612903225806,0.08111902839692513,0.046719786584295694,0.05574081224332198,0.05756607813542069,0.10677805468777422,0.09340447190143564,0.055495103373231776,0.062023939064200215,0.06216434413282319,0.02264031731545509,0.024641089543332516,0.04271824212854084,0.02120116536206957,0.06441082523079084,0.02776510232019376,0.020183228614552986,0.01316297518340412
B:CATAA,0.03678172001542615,0.05148476667952179,0.06493443887389125,0.08739876590821442,0.05032780563054377,0.05442537601234092,0.06324720401079831,0.10195719244118781,0.06758580794446586,0.051291939838025456,0.07153875819514076,0.05861935981488623,0.021355572695719246,0.030611261087543386,0.04656768222136522,0.017595449286540686,0.06753760123409179,0.025887003470883147,0.020632472040107982,0.010219822599305824
B:CATAC,0.027195648696208607,0.051885031728256814,0.058443982296165944,0.08126699728043513,0.05012531328320802,0.05924385431664267,0.05551111822108463,0.11080893723670879,0.0883058710606303,0.04991201407774756,0.07012211379512612,0.06414973604223324,0.019516877299632057,0.02980856396309924,0.04356636271529889,0.01770383405321815,0.0647363088572495,0.0243161094224924,0.019676851703727405,0.013704473950834533
B:CATAG,0.03327314934227495,0.04916172298168687,0.0647923652308486,0.07149858137735363,0.048387928810936294,0.05447510962084086,0.059582151147794686,0.1117358782563838,0.08429197833376322,0.04988393087438741,0.06824864586020118,0.061955119938096465,0.01929326799071447,0.026670105751870003,0.04601496002063451,0.022697962342017024,0.06907402630900181,0.026928037142120196,0.019086922878514316,0.01294815579055971
B:CATAT,0.036700097630247626,0.05418478743232449,0.06656607792668856,0.08369574864648975,0.049968935830300876,0.05578237330256501,0.05769060086979675,0.10850270702050235,0.06683234223839532,0.046374367622259695,0.0768172539273986,0.05591550545841839,0.023031862962634243,0.031019792313836867,0.04655187716339753,0.021123635395402504,0.06607792668855951,0.023298127274340996,0.02023608768971332,0.009629892606727612
B:CATCA,0.028178694158075602,0.05070637647957236,0.06139747995418098,0.07880870561282932,0.04421534936998855,0.05605192821687667,0.057770141275295915,0.11382206949217258,0.08953799159984727,0.05253913707521955,0.06891943489881634,0.061702940053455516,0.020847651775486826,0.023520427644138985,0.04692630775105002,0.021114929362352042,0.06071019473081329,0.0277205040091638,0.02172584956090111,0.01378388697976327
B:CATCC,0.026175452880113984,0.045104823936495016,0.06224302869936902,0.07046611031956035,0.043842865866069614,0.05784652961530633,0.05328719723183391,0.12106655811113373,0.10681864441278241,0.05320578058212905,0.06761652757989009,0.06464481986566253,0.021616120496641564,0.021656828821493994,0.039649908406269085,0.020313454101363728,0.05841644616324038,0.031101160187258295,0.019336454304905354,0.01559128841848158
B:CATCG,0.01797088262056415,0.046633303002729755,0.07165605095541401,0.07870791628753412,0.044585987261146494,0.05777979981801638,0.054822565969062785,0.10828025477707007,0.11237488626023658,0.044358507734303915,0.06801637852593266,0.06164695177434031,0.021155595996360327,0.02343039126478617,0.03525932666060055,0.02502274795268426,0.053230209281164696,0.03889899909008189,0.015468607825295723,0.020700636942675158
B:CATCT,0.026964882943143812,0.048524844720496896,0.06223124701385571,0.07877448638318203,0.04610606784519828,0.05309364548494983,0.057961060678451984,0.1139811275680841,0.09642259913999045,0.050674868609651216,0.06509794553272814,0.06453057811753464,0.021141901576684184,0.023202341137123744,0.042433110367892976,0.021948160535117056,0.06450071667462971,0.027412804586717632,0.020395365504061156,0.01460224558050645
B:CATGA,0.02630017797112913,0.04987146529562982,0.06153846153846154,0.07961241842989915,0.0437808977654736,0.05758354755784062,0.05699031046074748,0.11208226221079691,0.09036978445718806,0.05244215938303342,0.06592841605695077,0.05813723551512755,0.021514732054577813,0.024441368400237296,0.04639114099268341,0.022345263990508207,0.06497923670160174,0.03069013248961835,0.021910223452639904,0.01309076527585525
B:CATGC,0.023847183355639373,0.04611266577442511,0.058117370320801394,0.07945005475118627,0.043435941112057425,0.06221357018290952,0.05483229914425924,0.10840734882589123,0.11773532870989982,0.053210041773127305,0.06249746522285761,0.059415176217706936,0.02039988644198402,0.025591110029606196,0.040394208541185056,0.020278217139149127,0.0627408038285274,0.03057955144583688,0.016709250922658878,0.014032526260291195
B:CATGG,0.02466247827830504,0.04671835316134207,0.05918326426948269,0.07211602726908167,0.045214543510225906,0.058047052533083815,0.05296751771153589,0.12040502606603395,0.11111482422136078,0.05203181392861917,0.06422938109878358,0.06108808982756316,0.021588022991578665,0.021821948937307847,0.040836786525865525,0.022189546852025132,0.06142226975003342,0.02984226707659404,0.018480149712605268,0.016040636278572384
B:CATGT,0.025435688732810397,0.047228330434211825,0.0617348780727953,0.08342905904361811,0.04601398142374216,0.06111129344579737,0.0565492795956546,0.11533033575109128,0.09064951261938363,0.05464570547113459,0.06511536315599462,0.05789490958022909,0.01998752830746004,0.026518756769175228,0.04411040729922216,0.019396763923988317,0.06544356559125669,0.027831566510223504,0.019068561488726245,0.012504512783484854
B:CATTA,0.03153915033330017,0.052880310416873945,0.06700825788478758,0.09014028454880112,0.045965575564620435,0.05636255098995125,0.06123768779225948,0.09780121380957119,0.0670580041786887,0.048154412496269026,0.07267933538951347,0.0592478360362153,0.0227838026067058,0.0295990448711571,0.04865187543528007,0.019152323151925183,0.07098796139687594,0.02800716346632176,0.019998010148243955,0.010745199482638544
B:CATTC,0.03201498573800502,0.05078973136361701,0.06296564349269872,0.07846225892971179,0.04363744731576483,0.05347183788156158,0.06219932734471455,0.11269104687300438,0.080548341777002,0.05040657328962493,0.06884073396057729,0.06198646174805228,0.0226063263655328,0.028481416833411384,0.04380773979309464,0.021031120950232022,0.06632891991996254,0.02724679637277023,0.02064796287623994,0.01183532717442207
B:CATTG,0.03189868596457818,0.0490858884022091,0.06413064178251762,0.07674728623119406,0.04541992001523519,0.05703675490382784,0.06017901352123405,0.11526375928394592,0.07908017520472291,0.049609598171776806,0.06865358979242049,0.06565416111216911,0.020996000761759667,0.02566177870881737,0.04199200152351933,0.021138830698914493,0.06322605218053703,0.02566177870881737,0.02423347933726909,0.014330603694534375
B:CATTT,0.03475780599237701,0.05098821213115582,0.06623419239215489,0.08763914481157078,0.04697478355251533,0.05545599111492541,0.0652245248252013,0.10235504959991923,0.06641088421637176,0.05139207915793725,0.0719388141454426,0.05939369462604437,0.0237019461342353,0.03064341065704117,0.04687381679581998,0.018855541812858118,0.06461872428502916,0.02435823005275513,0.02125350228437287,0.01092965141227251
B:CCCAA,0.02789564960702557,0.047931810634293935,0.06708239548356149,0.0685952547876462,0.04726762850079333,0.05630788531788495,0.05117892328696358,0.1208811482971108,0.10361241282609497,0.05486882402863363,0.06472085900889266,0.06365078779380835,0.019962363012434967,0.0223607984945205,0.04191727242537176,0.019445776908601158,0.056972067451385555,0.030330984096527805,0.020442050108852073,0.014575107929596693
B:CCCAC,0.022587335536975825,0.044818199494458484,0.06332231512087627,0.06977121005897985,0.04316546762589928,0.05755395683453238,0.04705424849309742,0.1196448246807959,0.1254779959815931,0.054410525633547216,0.06546114459783524,0.06374359971482274,0.019411497828764016,0.02077257113228336,0.03697582474560892,0.02002722146607039,0.05428089960464061,0.03736470283232873,0.018504115626417784,0.01565234299047249
B:CCCAG,0.01919309752822838,0.04369070939625382,0.06257566086324919,0.0651949023837299,0.04459313714700768,0.058195584707151186,0.04692624303920058,0.12228996544362028,0.13472586005766735,0.05581845794906786,0.05991239847687804,0.06728589351352542,0.019457222723570974,0.019281139260009246,0.03369797283912575,0.021768318182818654,0.057007021328109524,0.03334580591200229,0.017916492417405852,0.017124116831378072
B:CCCAT,0.02798569527611444,0.048652694610778445,0.06125249500998004,0.07127411842980705,0.044702262142381904,0.05576347305389222,0.053060545575515636,0.12046739853626082,0.1062874251497006,0.050607119095143045,0.06657518296739853,0.06516134397870925,0.020791749833666003,0.02203925482368596,0.03879740518962076,0.02370259481037924,0.059090153027278776,0.029316367265469063,0.019045242847638057,0.015427478376580173
B:CCCCA,0.02290748898678414,0.04436549666050874,0.06457297143669177,0.06835299133153333,0.04541708114253233,0.055250817109563734,0.04757709251101322,0.12292169958789256,0.12601961062952963,0.05343186016768509,0.06255506607929516,0.06460139263890863,0.02026431718061674,0.01980957794514708,0.03507176353559756,0.021230638055989768,0.05544976552508171,0.0346738667045616,0.018729572260906636,0.01679693051016058
B:CCCCC,0.021844110767373425,0.045461404964913604,0.06530596845997133,0.0654191503810458,0.04455594959631781,0.05745868859880782,0.050894137176488344,0.1194823813476194,0.11857692597902361,0.053384139440126765,0.07258733871576246,0.06640006036369124,0.019391835810759827,0.019844563495057723,0.03489775899796273,0.021089564626876934,0.05142231947483589,0.034746849769863426,0.02097638270580246,0.016260469327699388
B:CCCCG,0.013100947479237337,0.045736343431980346,0.0711194291730027,0.0648029009240847,0.04444964323312668,0.05556205404140835,0.04749093461223535,0.10703006199555504,0.13744297578664172,0.049362498537840686,0.057433617967013684,0.07193823839045502,0.021756930635162007,0.022107848871213007,0.030061995555035678,0.023745467306117676,0.05228681717159902,0.04620423441338168,0.017779857293250673,0.020587203181658673
B:CCCCT,0.02376357918810749,0.04552601486563751,0.06339336763865065,0.06782447112635792,0.043310463121783875,0.05878359062321326,0.05370926243567753,0.11892510005717553,0.11624499714122355,0.05438822184105203,0.06864636935391652,0.06392938822184105,0.018403373356203546,0.018724985706117782,0.035663236134934245,0.021512292738707833,0.056568038879359635,0.03537735849056604,0.018582046883933678,0.01672384219554031
B:CCCGA,0.017074742268041235,0.04526417525773196,0.06684922680412371,0.06910438144329897,0.04977448453608247,0.06282216494845361,0.03994845360824742,0.11517396907216494,0.13466494845360824,0.0509020618556701,0.05380154639175258,0.06797680412371133,0.018202319587628867,0.02077963917525773,0.030927835051546393,0.020457474226804124,0.055412371134020616,0.04574742268041237,0.014497422680412372,0.020618556701030927
B:CCCGC,0.013682864450127877,0.04744245524296675,0.07953964194373402,0.06355498721227622,0.05140664961636829,0.05434782608695652,0.043861892583120204,0.10332480818414322,0.14398976982097186,0.049744245524296675,0.052941176470588235,0.06815856777493606,0.02442455242966752,0.020460358056265986,0.028516624040920716,0.024808184143222507,0.05153452685421995,0.04283887468030691,0.015345268542199489,0.020076726342710998
B:CCCGG,0.013398433064607699,0.048029976155330986,0.07539457249914841,0.058249120018167365,0.04348813443851482,0.06369933007834677,0.04609969342568412,0.10718746451686159,0.14386283638015215,0.04632678551152492,0.0538208243442716,0.07369138185534234,0.021573748154876803,0.02100601794027478,0.027251050300897015,0.02554785965709095,0.04961962075621665,0.03815147042125582,0.01805382082434427,0.02554785965709095
B:CCCGT,0.01597676107480029,0.043209876543209874,0.06572258533042846,0.0718954248366013,0.041938997821350764,0.059731299927378356,0.05119825708061002,0.109840232389252,0.1336238198983297,0.052106027596223674,0.061183732752360206,0.06372549019607843,0.021241830065359478,0.021423384168482208,0.03195352214960058,0.021604938271604937,0.05737109658678286,0.040123456790123455,0.017610748002904866,0.018518518518518517
B:CCCTA,0.027950675278919555,0.046153846153846156,0.0635936582501468,0.0716382853787434,0.04803288314738696,0.0537874339401057,0.05607751027598356,0.11121550205519672,0.10375807398708162,0.05343511450381679,0.06688197298884321,0.0630064591896653,0.020610687022900764,0.021080446271285965,0.04086905460951262,0.021491485613623018,0.06353493834409865,0.03118027011156782,0.020786846741045216,0.014914856136230182
B:CCCTC,0.0205485791860788,0.04680509703495727,0.06306500879331091,0.07062417080620777,0.043904847119805,0.056092067507944834,0.05272901175526827,0.12214988738391287,0.11662707105612292,0.05424084415784764,0.05960939187312949,0.06494708586590972,0.017062108543395762,0.020425164296072322,0.03359970380426398,0.022831754651198667,0.059239147203110055,0.03612970904939681,0.022955169541205148,0.016414180370861745
B:CCCTG,0.020312735683040876,0.04374277238674644,0.06297450852229876,0.06526220523907687,0.043139423802101666,0.05927899844134949,0.04965056061139323,0.11737643923776962,0.12713057468952688,0.05789632460153854,0.05925385891698929,0.06563929810447987,0.020061340439438885,0.01943285233043391,0.03775956558901906,0.021569711901050833,0.057846045552818144,0.03627633365176731,0.01825129468550455,0.017145155613655788
B:CCCTT,0.02720608965322808,0.0487031294051311,0.061319424866084014,0.07171553425429941,0.045425711869185224,0.05613899069636313,0.05744290950098675,0.11319424866084014,0.09754722300535663,0.057548632647307585,0.06660558218212574,0.06466732449957711,0.020298844093600225,0.021955173385959967,0.040386241894558784,0.022201860727375247,0.0609670143783479,0.030413025091626727,0.020756977727657173,0.015506061460389062
B:CCTAA,0.0303644834201151,0.05124691696355166,0.06500411071526446,0.08067963825705672,0.049493011784050425,0.05294601260619348,0.056727870649493015,0.110934502603453,0.08599616333241984,0.05234310770073993,0.06862154014798574,0.05875582351329131,0.019895861879967114,0.025267196492189642,0.04176486708687312,0.02060838585913949,0.0676349684845163,0.02707591120855029,0.020005480953685942,0.014634146341463415
B:CCTAC,0.025,0.04836683417085427,0.06532663316582915,0.07562814070351759,0.04503768844221105,0.05226130653266332,0.05778894472361809,0.1092964824120603,0.10690954773869346,0.05439698492462312,0.062185929648241205,0.06551507537688442,0.019723618090452262,0.02298994974874372,0.04126884422110553,0.021168341708542714,0.060678391959798995,0.031972361809045224,0.021042713567839197,0.013442211055276381
B:CCTAG,0.027611940298507463,0.045024875621890545,0.06154228855721393,0.07338308457711443,0.04666666666666667,0.06,0.054228855721393035,0.11348258706467662,0.10572139303482588,0.05353233830845771,0.0626865671641791,0.06124378109452736,0.020796019900497512,0.02228855721393035,0.04203980099502488,0.020945273631840795,0.06303482587064677,0.031840796019900496,0.018955223880597016,0.014975124378109453
B:CCTAT,0.03497821988167219,0.048111306156946886,0.06267472856121188,0.07372732592159158,0.04629087835641376,0.05409271178727001,0.058123659059879075,0.10987582081789221,0.08230934269553344,0.05376763539431766,0.07158182172810611,0.06312983551134517,0.02145504193485469,0.026461218386320786,0.045705740849099535,0.019244522462778753,0.06508029386905922,0.028151615629672975,0.022235225277940317,0.013003055718093752
B:CCTCA,0.02432594367884961,0.04616536848412223,0.06629718394248053,0.07249850209706411,0.045266626722588375,0.055961653684841225,0.05338526063511084,0.1183043738765728,0.11452965847813061,0.05383463151587777,0.0585080886758538,0.06258238466147394,0.0207309766327142,0.022228879568603956,0.03930497303774715,0.02127022168963451,0.05781905332534452,0.03328340323547034,0.01860395446375075,0.015098861593768723
B:CCTCC,0.02166206205227256,0.045231167942104106,0.06276130167966554,0.07078066550940075,0.04369086330407569,0.05584215544852204,0.051954719933497956,0.11518055793256889,0.12461798000048899,0.05557321336886629,0.058091489205642895,0.06491283831691157,0.019852815334588398,0.02012175741424415,0.03730960123224371,0.022640033251020757,0.057504706486393976,0.03530476027480991,0.020292902374025083,0.016674408938656758
B:CCTCG,0.016851730894839975,0.0488569562377531,0.06858262573481384,0.07041149575440889,0.04977139124755062,0.05983017635532332,0.0441541476159373,0.11025473546701502,0.13272370999346833,0.05538863487916394,0.05199216198563031,0.07250163291966036,0.01868060091443501,0.020640104506858263,0.033311561071195296,0.022991508817766165,0.05277596342259961,0.03696930111038537,0.015284128020901372,0.018027433050293924
B:CCTCT,0.022894250367350807,0.04709200360240792,0.06207043655496042,0.07131345688960515,0.04422429729345405,0.054841920652225436,0.05232971512537327,0.11838176043987297,0.11333364933402854,0.0538228184102005,0.06335023937052661,0.06794804948570887,0.01922074228563303,0.02050054510119922,0.037825283215623076,0.02422145328719723,0.05851542873394321,0.030549367208607858,0.021875148125325875,0.015689434516755935
B:CCTGA,0.02213436367448408,0.04651511067181837,0.06241950459759787,0.0723035912181388,0.04435858268188217,0.0595441339443496,0.05244556264414293,0.11726120945278103,0.11414622457842873,0.05624943840416929,0.059005001946865546,0.06101177104861173,0.019618414352891845,0.02183484589810405,0.03926678048342169,0.022823254560158147,0.0574175577320514,0.03561266361158535,0.020816485458411957,0.01521550304010543
B:CCTGC,0.019825023834894286,0.0434075486512254,0.06603667769614716,0.06729852504065953,0.043603836015927315,0.059587235713083955,0.049240087488082555,0.11244461892210196,0.1361953900510347,0.05594189894004823,0.05762436206606472,0.06396163984072682,0.01915203858448769,0.02061017329370198,0.035051315125343506,0.021339240648309124,0.058129101003869664,0.0359486287925523,0.017189164937468453,0.017413493354270653
B:CCTGG,0.01975528364849833,0.042669632925472746,0.06516129032258064,0.06382647385984427,0.046651835372636265,0.056974416017797555,0.04774193548387097,0.11686318131256952,0.13345939933259177,0.056796440489432706,0.05946607341490545,0.06674082313681869,0.019866518353726364,0.020200222469410455,0.03581757508342603,0.021757508342602892,0.056084538375973304,0.03417130144605117,0.017374860956618464,0.018620689655172412
B:CCTGT,0.021812313941518516,0.04423670812119189,0.06309990818796428,0.07203071529922377,0.04473750104331859,0.05973346687811257,0.054280388392732935,0.1162952452494227,0.11576663049828896,0.053501377180535846,0.0604011907742815,0.06106891467045043,0.02042122249116657,0.022090532231588904,0.04404195531814262,0.020810728097265113,0.060762874551373004,0.032384608964193304,0.01711042483932894,0.015413293269899563
B:CCTTA,0.031755883113524695,0.04959917248513059,0.06904577191621412,0.07882079131109387,0.04799586242565296,0.05296095164209982,0.061701577450219806,0.10488750969743987,0.08642358417377813,0.052495474528057924,0.0660460305146108,0.060356865787432115,0.02156710628394104,0.027411430049133694,0.0447892423066977,0.02079131109387122,0.06273597103697957,0.02622187742435997,0.021411947245927074,0.012981639513835014
B:CCTTC,0.022929569350424887,0.049171827740169954,0.059887656632579576,0.07285035287339767,0.04459167506841423,0.055019444044361224,0.05893705890825292,0.1208123289644246,0.1011090306783811,0.05404004032838831,0.06392049546305631,0.06550482500360075,0.021374045801526718,0.022324643525853376,0.03880167074751548,0.022065389601037017,0.06144318018147775,0.029180469537663834,0.021201209851649142,0.014835085697825148
B:CCTTG,0.02470146707608325,0.04725349709996588,0.06131013306038895,0.07052200614124872,0.044558171272603204,0.05513476629136813,0.05336062777209143,0.1189696349368816,0.10849539406345957,0.05561241896963494,0.06294779938587512,0.06451722961446606,0.02012964858410099,0.022279085636301602,0.041999317639031045,0.02183555100648243,0.06069600818833163,0.030433299215284884,0.019413169566700784,0.01583077447969976
B:CCTTT,0.030739956583496368,0.0497413769999732,0.06504435451451236,0.07804250529306139,0.047436550263983066,0.0570310615603141,0.0617479162758288,0.10653123576233485,0.08828022405059899,0.05424382922841905,0.06292712995470748,0.060675903840484546,0.0210114437327473,0.0261571034223997,0.043764907672929,0.02157425026130303,0.06365073834856484,0.02607670248974888,0.0205826387586096,0.014740170985983438
B:CGCAA,0.027857142857142858,0.04428571428571428,0.07142857142857142,0.08285714285714285,0.047142857142857146,0.05607142857142857,0.041428571428571426,0.10714285714285714,0.10607142857142857,0.04964285714285714,0.061785714285714284,0.05857142857142857,0.0225,0.027142857142857142,0.039285714285714285,0.02107142857142857,0.05607142857142857,0.04071428571428572,0.02107142857142857,0.017857142857142856
B:CGCAC,0.014280415430267063,0.04673590504451038,0.06954747774480712,0.07789317507418397,0.041172106824925815,0.06342729970326409,0.04580860534124629,0.09866468842729971,0.15801186943620177,0.048405044510385756,0.05229970326409496,0.061016320474777445,0.02188427299703264,0.019473293768545993,0.02967359050445104,0.021327893175074185,0.06212908011869436,0.0361646884272997,0.012611275964391691,0.019473293768545993
B:CGCAG,0.01380945738596736,0.04631050355698145,0.07141860789510392,0.07420839726600642,0.04449714046589483,0.0623517924396708,0.05133212442460594,0.10503556981447901,0.13321244246059422,0.048821313990793695,0.056493234760775564,0.06277026084530618,0.020923420281768728,0.021202399218858976,0.030548193611382342,0.0224578044357651,0.05300599804714744,0.04477611940298507,0.016738736225414982,0.020086483470497976
B:CGCAT,0.021983773881182937,0.049463491232661604,0.05574456948442816,0.08086888249149438,0.04187385501177702,0.06097880136090029,0.05286574195236849,0.09657157812091076,0.14655849254121958,0.048678356451190785,0.061240512954723894,0.049463491232661604,0.020413504318241297,0.023030620256477362,0.03114367966500916,0.019366657942946872,0.06228735933001832,0.04187385501177702,0.01962836953677048,0.01596440722323999
B:CGCCA,0.020437490020756826,0.04502634520197988,0.0692958646016286,0.06849752514769279,0.04502634520197988,0.05748044068337857,0.04821970301772314,0.10793549417212199,0.1323646814625579,0.05316940763212518,0.05476608653999681,0.0654638352227367,0.02123582947469264,0.020437490020756826,0.03879929746128054,0.025706530416733195,0.053967747086060995,0.03592527542711161,0.017403800095800736,0.0188408111128852
B:CGCCC,0.015076754385964912,0.0478344298245614,0.0712719298245614,0.06140350877192982,0.05180921052631579,0.05893640350877193,0.038240131578947366,0.10265899122807018,0.15049342105263158,0.04810855263157895,0.05482456140350877,0.07182017543859649,0.02412280701754386,0.017955043859649123,0.03042763157894737,0.02398574561403509,0.052220394736842105,0.04290021929824561,0.015213815789473685,0.02069627192982456
B:CGCCG,0.012896569512509672,0.05803456280629352,0.10162496775857621,0.045911787464534434,0.04359040495228269,0.046685581635285016,0.046685581635285016,0.09801392829507351,0.13206087180809906,0.05029662109878772,0.043074542171782304,0.08460149600206344,0.033015217952024764,0.026566933195769925,0.0317255610007738,0.027340727366520507,0.04152695383028115,0.042816610781532115,0.011606912561258705,0.021924168171266443
B:CGCCT,0.01758759174629553,0.049023680930619026,0.07478188616535106,0.06993491206204126,0.04971610580252043,0.05664035452153442,0.04722337626367539,0.10691040022157595,0.13585375986705442,0.04694640631491483,0.05442459493144994,0.06827309236947791,0.02146517102894336,0.02160365600332364,0.035590638415731894,0.024788810414070075,0.04957762082814015,0.03697548815953469,0.013433042514887136,0.019249411438858884
B:CGCGA,0.014749262536873156,0.046460176991150445,0.0943952802359882,0.06858407079646017,0.04056047197640118,0.05752212389380531,0.038348082595870206,0.08849557522123894,0.12168141592920353,0.04498525073746313,0.03982300884955752,0.08702064896755163,0.022861356932153392,0.024336283185840708,0.03023598820058997,0.03687315634218289,0.05309734513274336,0.05014749262536873,0.015486725663716814,0.024336283185840708
B:CGCGC,0.016624040920716114,0.052429667519181586,0.09872122762148337,0.06061381074168798,0.04424552429667519,0.05370843989769821,0.04808184143222506,0.11099744245524297,0.13938618925831203,0.03938618925831202,0.04271099744245524,0.07544757033248081,0.018414322250639385,0.01969309462915601,0.022250639386189257,0.031713554987212275,0.044501278772378514,0.046547314578005115,0.01329923273657289,0.02122762148337596
B:CGCGG,0.012109264995775838,0.053224443818642636,0.08842579555054914,0.06195437904815545,0.05153477893551112,0.060264714165023936,0.04421289777527457,0.09208673613066742,0.13939735285834975,0.046184173472261336,0.04449450858912982,0.07012109264995776,0.028724303013235707,0.023655308363841172,0.031258800337932977,0.02928752464094621,0.039143903125880036,0.04674739509997184,0.01689664883131512,0.020275978597578147
B:CGCGT,0.012528473804100227,0.044988610478359906,0.06776765375854214,0.08656036446469248,0.040432801822323464,0.05580865603644647,0.03929384965831435,0.10079726651480637,0.14977220956719817,0.0541002277904328,0.038154897494305236,0.06548974943052392,0.02050113895216401,0.022779043280182234,0.029612756264236904,0.022779043280182234,0.055239179954441914,0.05808656036446469,0.011958997722095672,0.02334851936218679
B:CGCTA,0.021497405485544848,0.05522609340252038,0.061527057079318014,0.083765752409192,0.04225352112676056,0.05151964418087472,0.050407709414381024,0.10155670867309118,0.11489992587101557,0.05707931801334322,0.06523350630096368,0.0715344699777613,0.020756115641215715,0.024833209785025945,0.03669384729429207,0.021497405485544848,0.05967383246849518,0.02853965900667161,0.017420311341734617,0.014084507042253521
B:CGCTC,0.015351243116969799,0.04755548139496079,0.07642249290839312,0.07158351409978309,0.04889037210078425,0.059569497747371934,0.046721174703821124,0.09961621892207576,0.13048556649424328,0.052060737527114966,0.05539796429167362,0.06557650592357751,0.022359419322542966,0.02319372601368263,0.03487401968963791,0.019522776572668113,0.0517270148506591,0.04204905723343901,0.01735357917570499,0.019689637910896046
B:CGCTG,0.013363833373464966,0.04936190705514086,0.06946785456296653,0.07380207079219842,0.04466650614013966,0.05670599566578377,0.04562966530219119,0.10390079460630869,0.13616662653503492,0.0494823019503973,0.05550204671321936,0.06549482301950398,0.02143029135564652,0.025403322899109078,0.03094148808090537,0.022754635203467374,0.056104021189501564,0.04406453166385745,0.017336864916927524,0.018420418974235492
B:CGCTT,0.016297262059973925,0.05084745762711865,0.06584093872229466,0.07475010864841374,0.04758800521512386,0.05302042590178183,0.05084745762711865,0.10365058670143416,0.1156019122120817,0.054758800521512385,0.06149500217296827,0.06736201651455889,0.024989135158626684,0.02368535419382877,0.0297696653628857,0.02194697957409822,0.06106040851803564,0.04106910039113429,0.018687527162103434,0.01673185571490656
B:CGTAA,0.023044692737430168,0.05761173184357542,0.05726256983240224,0.0981145251396648,0.04224860335195531,0.05062849162011173,0.05865921787709497,0.09951117318435754,0.09951117318435754,0.04713687150837989,0.06319832402234637,0.05307262569832402,0.02094972067039106,0.03317039106145252,0.0356145251396648,0.0223463687150838,0.07646648044692737,0.031424581005586594,0.015013966480446927,0.015013966480446927
B:CGTAC,0.021367521367521368,0.05726495726495726,0.062393162393162394,0.08333333333333333,0.046153846153846156,0.06111111111111111,0.054273504273504275,0.09914529914529914,0.1188034188034188,0.04786324786324787,0.05213675213675214,0.06495726495726496,0.023931623931623933,0.02264957264957265,0.03717948717948718,0.02094017094017094,0.055982905982905985,0.03675213675213675,0.014102564102564103,0.019658119658119658
B:CGTAG,0.02,0.04553846153846154,0.06123076923076923,0.08246153846153846,0.04461538461538461,0.047692307692307694,0.04369230769230769,0.112,0.11169230769230769,0.056,0.06184615384615385,0.06861538461538462,0.017538461538461537,0.025846153846153845,0.039384615384615386,0.02246153846153846,0.06338461538461539,0.03446153846153846,0.021538461538461538,0.02
B:CGTAT,0.01995870612525809,0.05092911218169305,0.049896765313145214,0.10082587749483826,0.042326221610461116,0.051617343427391604,0.060564349621472814,0.11286992429456297,0.10357880247763249,0.053682037164487266,0.06882312456985547,0.05264969029593944,0.024088093599449415,0.029249827942188576,0.0364762560220234,0.01961459050240881,0.05987611837577426,0.030626290433585685,0.0182381280110117,0.014108740536820371
B:CGTCA,0.018144704014515765,0.050351553640281245,0.059423905647539126,0.0834656384667725,0.04332048083465639,0.05828986164663189,0.053980494443184396,0.1152188704921751,0.12542526650034022,0.04445452483556362,0.059423905647539126,0.06191880244953504,0.023361306418689044,0.020639600816511682,0.02903152642322522,0.020866409616693126,0.05874347924699478,0.03787706963030166,0.02132002721705602,0.014742572011794058
B:CGTCC,0.015612648221343874,0.04683794466403162,0.06679841897233202,0.07608695652173914,0.04308300395256917,0.059486166007905135,0.04881422924901186,0.10691699604743082,0.1274703557312253,0.04901185770750988,0.051976284584980235,0.0683794466403162,0.020750988142292492,0.023715415019762844,0.03320158102766799,0.021739130434782608,0.06126482213438735,0.043280632411067194,0.016403162055335967,0.0191699604743083
B:CGTCG,0.01485148514851485,0.05304101838755304,0.07496463932107496,0.07284299858557285,0.042432814710042434,0.05233380480905234,0.03748231966053748,0.09547383309759547,0.11173974540311174,0.06082036775106082,0.06718528995756719,0.08486562942008487,0.021216407355021217,0.021923620933521924,0.038896746817538894,0.028995756718528994,0.04596888260254597,0.04596888260254597,0.01272984441301273,0.016265912305516265
B:CGTCT,0.015191199580932426,0.04819277108433735,0.057971014492753624,0.08241662301379431,0.04871660555264536,0.05919329491880566,0.05832023747162563,0.10389383621442291,0.1361969617600838,0.05238344683080147,0.05605028810895757,0.058494848961061635,0.02217565915837262,0.022350270647808625,0.03719224724986904,0.0178103719224725,0.05500261917234154,0.035446132355508995,0.017111925964728478,0.015889645538676445
B:CGTGA,0.01961496549219034,0.04358881220486742,0.057936796222302946,0.08863058481656375,0.03995641118779513,0.05757355612059571,0.048129313476207775,0.11260443152924082,0.12223029422448238,0.04794769342535416,0.061932437341082454,0.06011623683254631,0.021612786051580093,0.025245187068652378,0.0370504903741373,0.024337086814384307,0.0599346167816927,0.03596077006901562,0.017798764983654194,0.017798764983654194
B:CGTGC,0.014157621519584709,0.041843636935661475,0.06386660374390436,0.07188925593833569,0.04263017146452729,0.06418121755545068,0.049551675318546484,0.10681138901997797,0.1423627497247129,0.05002359603586597,0.05474280320906088,0.06433852446122384,0.022966808242881862,0.021079125373603902,0.03523674689318861,0.02060720465628441,0.05804624823029731,0.04341670599339311,0.01557338367154318,0.016674532011955324
B:CGTGG,0.017071651090342678,0.047975077881619935,0.06280373831775701,0.07389408099688473,0.04261682242990654,0.06305295950155763,0.04311526479750779,0.10242990654205608,0.1415576323987539,0.052710280373831776,0.05781931464174455,0.06454828660436138,0.021433021806853584,0.02118380062305296,0.03115264797507788,0.02280373831775701,0.05445482866043614,0.04087227414330218,0.0194392523364486,0.019065420560747663
B:CGTGT,0.01543168817347346,0.0465611281096182,0.05919914859651457,0.0814154582945324,0.047093255288013836,0.06531861114806439,0.047625382466409474,0.1019023546627644,0.13050419050152987,0.05361181322336038,0.061593720899294935,0.05627244911533857,0.02048689636823201,0.021285087135825463,0.032326726087534924,0.021152055341226553,0.06531861114806439,0.036051616336304375,0.017826260476253825,0.01902354662764401
B:CGTTA,0.02286902286902287,0.04851004851004851,0.06583506583506583,0.08454608454608455,0.04816354816354816,0.0498960498960499,0.05405405405405406,0.10013860013860014,0.09216909216909216,0.05578655578655579,0.06860706860706861,0.05370755370755371,0.024255024255024255,0.02564102564102564,0.037768537768537766,0.02356202356202356,0.07623007623007623,0.02875952875952876,0.018018018018018018,0.021483021483021482
B:CGTTC,0.01699524133242692,0.04894629503738953,0.06548832993428506,0.08429639700883752,0.0439610242465443,0.056197598005891684,0.054384772263766146,0.10401087695445276,0.11919329254475414,0.052345343303874914,0.059370043054611375,0.05302515295717199,0.021527305687740767,0.023113528212100613,0.035576705189213687,0.023566734647631996,0.06276909132109676,0.03988216632676184,0.017448447767958303,0.01790165420348969
B:CGTTG,0.019014461703267274,0.05168719871451526,0.06347080878414568,0.07873594001071238,0.04579539367970006,0.05891805034815212,0.05168719871451526,0.10632029994643813,0.11087305838243171,0.0549009105516872,0.06775575790037493,0.0597214783074451,0.0192822710230316,0.020353508302088912,0.03963577932512052,0.02088912694161757,0.06106052490626674,0.03535083020889127,0.022228173540439208,0.012319228709159078
B:CGTTT,0.023638592190509542,0.051304500087550345,0.06075993696375416,0.08842584486079495,0.04657678164944843,0.05585711784275959,0.06181054106111014,0.10330940290667133,0.0896515496410436,0.051304500087550345,0.06373664857292943,0.06075993696375416,0.021187182630012256,0.0257398003852215,0.034845035895639996,0.020486779898441602,0.06863946769392401,0.032743827700928034,0.020661880581334266,0.018560672386622307
B:CTCAA,0.02945760006081569,0.04831046409973773,0.0675814360104907,0.07670378957771105,0.04770230719525637,0.05545630772739367,0.05838306283021019,0.11091261545478734,0.09186970238321487,0.05382188604660002,0.06328632787259113,0.06283021019423012,0.021285491656847465,0.025124482116386026,0.04348321867041697,0.020791364171956365,0.05800296476490935,0.029837698126116537,0.020943403398076703,0.014215667642251701
B:CTCAC,0.021773146452708326,0.046043213370176785,0.06378799480640543,0.07497419848853082,0.044977860638545794,0.05536504977194793,0.050604254752471954,0.11915304457835336,0.11712221593368179,0.055697972500582615,0.05932683024270067,0.06521956253953458,0.02147351599693711,0.02210606918134301,0.03608882378399973,0.021173885541165897,0.06092485934014715,0.03166095149315844,0.01834404234777108,0.014182508239837533
B:CTCAG,0.02113968555823364,0.04634809720717334,0.06293257855515999,0.07301594321473587,0.04590584437122703,0.05859850076288614,0.052340623134245846,0.11604714415231188,0.12022643345200451,0.0545518873139774,0.058178360568737146,0.0622470866594432,0.019835039692192025,0.02348362558874909,0.037746279548017604,0.022377993498883312,0.0588196271808593,0.03206333060610751,0.018950534020299406,0.015191384914755766
B:CTCAT,0.027649057769539697,0.0492354031510658,0.06286685202347853,0.07827463700957676,0.044717330861909176,0.05630213160333642,0.05846462774173618,0.11275872721655854,0.09074760580784677,0.0516295953042941,0.06931572443620636,0.06159252394192153,0.02135464936669756,0.025216249613839975,0.042747914735866546,0.021316033364226137,0.06390948409020698,0.028575841828853876,0.019732777262897745,0.013592832869941304
B:CTCCA,0.024524347423718663,0.046272353629657856,0.06404638122975584,0.0703611965486268,0.04561909687253327,0.05906529845668091,0.05196113122295109,0.11647023598900351,0.11138027708974114,0.056152862081167154,0.06192329676910095,0.06538011377555186,0.019842673997659162,0.02144859685892376,0.039685347995318324,0.021394158795830044,0.05876588910966548,0.03181904787827649,0.01867225564114429,0.015215438634693377
B:CTCCC,0.02130122075560087,0.04695637796577475,0.06214004243710215,0.06993854887155887,0.044669183499131966,0.054589545041197056,0.05252280305326683,0.11920967786381548,0.11460773237069084,0.05403841384441566,0.06236049491581471,0.06572239521618121,0.018986469729119018,0.020942985477692966,0.03629198930805478,0.021108324836727383,0.060872440684504946,0.03659511146628455,0.02138389043511808,0.015762352227947862
B:CTCCG,0.017800903738189783,0.05463508147336711,0.06709571409009996,0.07010817472271669,0.04874709023688895,0.0612077228536218,0.045734629604272214,0.10516226208407503,0.12652334656990277,0.05080104066821854,0.05970149253731343,0.06901273449267424,0.019444064083253457,0.022319594687114884,0.03382171710256059,0.023278104888402026,0.05066411063946324,0.03710803779268794,0.017800903738189783,0.01903327399698754
B:CTCCT,0.023730645426564227,0.0457461055896243,0.06085383332158549,0.07250769483799722,0.04325556260426212,0.05646013956438994,0.05615469561335495,0.11421254199854326,0.11559878762247128,0.05603721717064918,0.06087732901012664,0.06315641079861846,0.020511736096426307,0.021663024834942788,0.03987218345433613,0.023096261835953102,0.0570710274664599,0.032494537252414184,0.02053523178496746,0.016165033716313056
B:CTCGA,0.018155854753161976,0.04895960832313342,0.07466340269277846,0.07303141574867401,0.052427580579355364,0.062219502243982046,0.043859649122807015,0.10669114647082824,0.12443900448796409,0.058955528355773154,0.05079559363525092,0.05752753977968176,0.02182782537739698,0.019583843329253364,0.03733170134638923,0.026519787841697267,0.05569155446756426,0.032639738882088945,0.017135862913096694,0.017543859649122806
B:CTCGC,0.017840720985837777,0.045429464778370426,0.06547728526761082,0.06952363435718227,0.044141990068052236,0.06437373551590951,0.0469008644473055,0.10299797682545521,0.13021887070075408,0.05333823799889645,0.05260253816442891,0.06933970939856539,0.025013794371896266,0.027404818833915764,0.033474342468272945,0.021151370240941696,0.05609711237814972,0.0410152657715652,0.01618539635828582,0.01747287106860401
B:CTCGG,0.013183357522980164,0.050072568940493466,0.06797290759554911,0.0712385099177552,0.04487179487179487,0.06059506531204644,0.04245283018867924,0.1140541848089018,0.13606676342525398,0.05611998064828253,0.05128205128205128,0.06966618287373004,0.020440251572327043,0.017658442186744075,0.033502660861151425,0.02080309627479439,0.054910498306724724,0.04100145137880987,0.014029995162070633,0.0200774068698597
B:CTCGT,0.018001618122977348,0.04611650485436893,0.0625,0.08838996763754045,0.045307443365695796,0.060477346278317155,0.051173139158576054,0.09991909385113269,0.12034789644012946,0.05602750809061489,0.060477346278317155,0.05906148867313916,0.021035598705501618,0.02285598705501618,0.03762135922330097,0.020428802588996764,0.061893203883495146,0.03216019417475728,0.01901294498381877,0.017192556634304208
B:CTCTA,0.027260981912144704,0.047459086993970716,0.06567614125753661,0.07906976744186046,0.04573643410852713,0.05249784668389319,0.05869939707149009,0.10736434108527132,0.08979328165374677,0.05521102497846684,0.06537467700258398,0.06369509043927649,0.023212747631352282,0.02463393626184324,0.044616709732988806,0.021102497846683894,0.06438415159345393,0.02863910422049957,0.02243755383290267,0.01313522825150732
B:CTCTC,0.023115777400357324,0.04841520171162626,0.05695127599973532,0.07472924984008647,0.045371330260052495,0.05867172508105962,0.059730462977259195,0.11985795266559322,0.09572755144804464,0.05249575401989545,0.07208240509958753,0.07192800582305843,0.01883671173655072,0.021439442398041336,0.03522509208813993,0.022211438780686855,0.06345810265346186,0.028100668328296975,0.020733617133908287,0.010918234554558088
B:CTCTG,0.02110250604151999,0.04679085875211691,0.06347877380929728,0.07095693870949327,0.04517344395182007,0.05584838163377923,0.052537438395524515,0.1172530588168135,0.11689151903792362,0.05436416569938919,0.06414476813883127,0.06616177953684851,0.019827602610697773,0.021977812874621812,0.03752402336688676,0.021559187867486156,0.05887389873080509,0.030521568702072194,0.019504119650638405,0.015508153673434437
B:CTCTT,0.02751662462737904,0.04940253254859996,0.06089327116614436,0.07923768758439706,0.04828148487859563,0.05302045911997758,0.0591862213050014,0.10767153303268873,0.09951845906902086,0.05342811281816097,0.06400163061479273,0.06433284924456674,0.019490942444393488,0.023414609289408646,0.04102015337970394,0.021656602715992766,0.06410354403933859,0.028637672297383374,0.02063746847053428,0.014548141353919845
B:CTTAA,0.029726712696903294,0.052218133708190353,0.07235291685616241,0.08492165212717576,0.05230082275602597,0.052507545375615,0.0653243477901352,0.09223963286062761,0.07276636209534047,0.05329309133005333,0.06755695208169678,0.057510232769669656,0.023731756728821267,0.030553603175259438,0.04700872369454666,0.019225203621780294,0.0676396411295324,0.025757638400793814,0.02058957291106793,0.01277545789060239
B:CTTAC,0.027042003768148064,0.048653441205807384,0.06455724260223872,0.08445084783331486,0.049817133990912116,0.05330821234622631,0.06034578299900255,0.10462152277513022,0.09121134877535188,0.05170120802393882,0.06422475894935166,0.06012412723041117,0.02078022830544165,0.027651557131774356,0.04133880084229192,0.020115260999667515,0.06705086999889172,0.030034356644131663,0.02017067494181536,0.012800620636152055
B:CTTAG,0.0271408516612073,0.048151614412728125,0.06448291998128217,0.08062704726251754,0.04773046326626111,0.05306504445484324,0.05928872250818905,0.1043518951801591,0.09021993448759943,0.054328497894244265,0.06729059429106224,0.060598970519419745,0.02110435189518016,0.02695367337388863,0.043284978942442674,0.019138979878334114,0.06757136172204024,0.028731867103416003,0.021759475900795508,0.014178755264389331
B:CTTAT,0.03498991186152703,0.05436975682276734,0.06674100031857279,0.08574917702028247,0.048423064670277155,0.05389189763194223,0.06567909100562812,0.10157162578315812,0.06541361367739196,0.05139641074652225,0.07157268769247106,0.058351916746309865,0.021769140915365828,0.030742274609748328,0.04757353721992142,0.01821174471700117,0.06536051821174471,0.02511415525114155,0.0226717638313688,0.010406711266857811
B:CTTCA,0.02689204763734153,0.04867165105351813,0.06368391500930878,0.0781346966517923,0.047873755134607995,0.05617778303141346,0.06049233133366825,0.10839563816897663,0.09211265108306983,0.05251337214456692,0.06324063949880315,0.06327019119950353,0.021956913620378854,0.025473566003723514,0.045095895268772716,0.02172050001477585,0.06099471024557463,0.029581252401075682,0.02047932858536009,0.013239161913768137
B:CTTCC,0.023425919175718693,0.04984083011348448,0.06155378970134383,0.0757211246385264,0.04507788389103545,0.05144467935165609,0.05854049719326383,0.1128283638307696,0.10702048552890574,0.055381400208986416,0.06422687176496318,0.06388666132050254,0.020266822191441276,0.022283784112172245,0.038249374255789656,0.021749167699448374,0.06162669193944254,0.030691842239556753,0.021506160239119342,0.014677650603873538
B:CTTCG,0.02335993770683278,0.05684251508662644,0.07144247615339692,0.0747518006618649,0.044383881642982285,0.055869184348841736,0.049834533774576605,0.11212770099279736,0.10979170722211408,0.05353319057815846,0.056647848939069496,0.06268249951333463,0.023554603854389723,0.02472260073973136,0.03912789565894491,0.021218610083706443,0.049055869184348844,0.03309324508467978,0.019077282460580106,0.018882616313023164
B:CTTCT,0.027595004699879147,0.04733449711293138,0.06076272324425944,0.07571281500380467,0.04612595676111186,0.053175775480059084,0.058614207063246944,0.10852244751801621,0.10037599033167718,0.054361935454993064,0.06454500693791683,0.06629067633498949,0.02108231502618504,0.024372230428360415,0.04070990555480954,0.022447518016203392,0.06454500693791683,0.02866926279038539,0.01991853542813661,0.014838189875117497
B:CTTGA,0.027330424434748115,0.048869496231654104,0.06422054740182467,0.07703292344307815,0.04815549385164617,0.05680285600952003,0.0578341927806426,0.1117810392701309,0.09230464101547005,0.05474018246727489,0.05870686235620785,0.06283220944069813,0.0203490678302261,0.025069416898056328,0.04406981356604522,0.021935739785799286,0.06243554145180484,0.027806426021420073,0.023006743355811186,0.014716382387941294
B:CTTGC,0.023703078869675244,0.04799662589624631,0.06318009278785322,0.0752425137072965,0.043230704344158585,0.057908055672711935,0.053774778574441164,0.11408688317165752,0.10434415858287642,0.05668494306199916,0.06237874314635175,0.06427667650780261,0.02091944327288064,0.024124841838886545,0.038422606495149725,0.022395613665120204,0.06516237874314636,0.027752003374103752,0.018979333614508646,0.015436524673133698
B:CTTGG,0.02440980241211188,0.04740826276623043,0.06505003849114703,0.06925198870926354,0.045868616884783164,0.055395175776238134,0.05388760585065435,0.11569797279958943,0.10662047729022325,0.05594046702591737,0.06296510136002052,0.06803310238645112,0.02149089042853477,0.02168334616371568,0.04221195791634591,0.021458814472671287,0.05677444187836798,0.030472158070310496,0.020015396458814474,0.015364382858609187
B:CTTGT,0.028546397021245527,0.05052201211944221,0.06439366284587866,0.07877637438855224,0.04657954296561291,0.054391472585237646,0.05632620281813536,0.11097320581149157,0.0974665985252245,0.05428195955318683,0.06275096736511646,0.05764035920274513,0.020843980433671607,0.02628312769219537,0.04285609987588523,0.02022340658538366,0.06461268890998029,0.029166970869533473,0.019383806672994087,0.01398116375848726
B:CTTTA,0.02892790826465127,0.051796592500895855,0.06792194677004268,0.08691403068703782,0.04961396879173861,0.05619441639248135,0.06130892269602893,0.09662181972179691,0.07886764178909991,0.05326253379809102,0.06586962895396944,0.0584421930481806,0.021533048832133434,0.030524155454930448,0.04303352119099586,0.020751213473629345,0.06831286444929471,0.026940743395120044,0.019480731016060203,0.013682118773821547
B:CTTTC,0.029271613342409804,0.05163114625333822,0.06286327695449546,0.07815363669686338,0.04838456302036969,0.05385662669529245,0.06024506466984343,0.11397078075090328,0.08430643556579567,0.05220715295596167,0.06446038644813322,0.05993087919568518,0.019715138503429857,0.027334136251767293,0.042729224485521286,0.020238780960360265,0.06561239985338012,0.028276692674242026,0.023302089333403154,0.013509975388804524
B:CTTTG,0.028672626075223476,0.050486310226569964,0.06572215663124754,0.07865294878281891,0.045229662112779,0.05461854163152864,0.05771068758081745,0.11058638331365604,0.09338280766852196,0.05318491032776747,0.06369820655534941,0.06426041490976556,0.020829819531118232,0.026929780176533424,0.042924607859672795,0.02094226120200146,0.06116826896047675,0.026845448923371002,0.020155169505818856,0.01399898802496205
B:CTTTT,0.033504165443749574,0.053146095319802224,0.06714379247285124,0.08495699094665071,0.04878874765764342,0.055900480888628,0.06247036777820423,0.10123495811979319,0.07793556543923419,0.05323640304337028,0.0655408303795182,0.05833878942496557,0.020770776420653378,0.02860497144018242,0.045221592576705126,0.018784006502156097,0.06732440791998735,0.024428239225159732,0.0203418147337051,0.012327004267039938
B:GACAA,0.029426145708316663,0.050228919411477085,0.0655642974618838,0.08045517180068454,0.04533937858381117,0.055340712094945996,0.05809663510690314,0.11223718718051295,0.09410143574698848,0.05107347646352847,0.06329732853269325,0.060096901809130104,0.02035826999155443,0.02533671156154154,0.04173889851980264,0.02031381962039383,0.06516424412143841,0.027692581233053296,0.019380361826021247,0.014757523225318932
B:GACAC,0.021316698828703497,0.048781582372212,0.06121258358389804,0.07691962482610061,0.04505676973477539,0.061122829062514025,0.052461517748956604,0.11757842301305928,0.11699501862406318,0.04765965085491181,0.0603599156307499,0.06125746084459004,0.020733294439707402,0.02243863034600368,0.03985100749450254,0.0195216084010232,0.06287304222950231,0.031010187138177086,0.01781627249472692,0.015033882331822465
B:GACAG,0.020983822681205196,0.047323463978686586,0.06399516603037711,0.07572303551319728,0.045950177154000384,0.057980169738251534,0.05287154275041885,0.1110989041171139,0.12035485731549891,0.053777912054711746,0.05902386772501304,0.06413249471284573,0.019500672910544095,0.022769095553297262,0.03823230519926392,0.020626768106786784,0.060342223076711804,0.030706693399983522,0.018237249031832787,0.01636957895025955
B:GACAT,0.02845861222131266,0.05258342562719699,0.062165936341310735,0.0820532575721096,0.043578754755140364,0.05133143930273992,0.0570616844031396,0.11889054750325034,0.09033562864159483,0.052487118986854146,0.06346607598593923,0.0585544373284538,0.022776520441084414,0.025424953050512834,0.04223046179034044,0.01993547455097029,0.06433283574902489,0.02913275870371262,0.020609621033370253,0.014590456011942024
B:GACCA,0.023452645515154382,0.046290604756726084,0.06307626838148375,0.07002695162891863,0.04321717338881271,0.05603101801503617,0.053194004444654594,0.11958012199158352,0.10969785805475436,0.05371412359922455,0.06369095465506644,0.06335996973852191,0.021655870253912714,0.02222327296798903,0.04127854744905197,0.0208520497423046,0.057875076835784196,0.03428058064211074,0.018866140243037496,0.017636767695872146
B:GACCC,0.021187873323565875,0.04502423081257748,0.06395807505916826,0.06491603741688268,0.04654570043953567,0.057759495097486756,0.04637664825876254,0.12323903978361321,0.12707088921447088,0.05088470641271273,0.06412712723994139,0.0648596866899583,0.018652090611968895,0.01977910515045644,0.03690972613546715,0.021864082046658403,0.05533641383973853,0.03459934633156768,0.01961005296968331,0.01729967316578384
B:GACCG,0.01472055888223553,0.04740518962075848,0.07260479041916168,0.07135728542914171,0.043662674650698605,0.05763473053892216,0.046656686626746505,0.10204590818363274,0.1339820359281437,0.045159680638722555,0.05289421157684631,0.07410179640718563,0.02120758483033932,0.023952095808383235,0.028193612774451097,0.025449101796407185,0.06212574850299401,0.03418163672654691,0.018213572854291416,0.02445109780439122
B:GACCT,0.02174316179879462,0.043903569772832635,0.06161335187760779,0.07329624478442281,0.04798331015299027,0.05832174316179879,0.049327770050996755,0.11845155308298563,0.11863699582753824,0.054659248956884565,0.06068613815484469,0.06411682892906816,0.02021325915623551,0.022902178952248494,0.03783031988873435,0.021650440426518314,0.0579044969865554,0.0311080203987019,0.019749652294853964,0.01590171534538711
B:GACGA,0.0199632256369845,0.05358550039401103,0.06645652744943525,0.09692671394799054,0.04176516942474389,0.06067769897557131,0.0591016548463357,0.09692671394799054,0.1042815865510901,0.055161544523246654,0.05752561071710008,0.06645652744943525,0.018912529550827423,0.0225899658523772,0.037825059101654845,0.0199632256369845,0.05279747832939322,0.03309692671394799,0.018124507486209612,0.017861833464670344
B:GACGC,0.009987515605493134,0.04769038701622971,0.06117353308364544,0.07390761548064918,0.044444444444444446,0.05717852684144819,0.04244694132334582,0.11061173533083646,0.15655430711610488,0.0466916354556804,0.058426966292134834,0.06416978776529339,0.022222222222222223,0.02272159800249688,0.03495630461922597,0.020474406991260925,0.05418227215980025,0.043945068664169785,0.01348314606741573,0.014731585518102372
B:GACGG,0.01681544529790326,0.04795515881253892,0.06269462320946648,0.06560099647083246,0.048370354992734066,0.06061864230849076,0.05210712061449035,0.10898899730122483,0.12974880631098193,0.051691924434295204,0.0560514843263442,0.07099854681336931,0.02283578991073282,0.02055221091965954,0.029478928793855098,0.021382603280049824,0.058957857587710195,0.03819804857795308,0.019721818559269255,0.017230641478098403
B:GACGT,0.017596782302664656,0.04625439919557567,0.05982905982905983,0.08722976370035193,0.04474610356963298,0.05505279034690799,0.05681246857717446,0.1111111111111111,0.12217194570135746,0.04625439919557567,0.05480140774258421,0.05580693815987934,0.023378582202111614,0.023629964806435394,0.03469079939668175,0.020864756158873805,0.06209150326797386,0.042232277526395176,0.01885369532428356,0.016591251885369532
B:GACTA,0.030749944694344077,0.04778408671926849,0.06710419585576285,0.07890273578644642,0.04498193348573114,0.05501069242681218,0.057222918663815354,0.10839908561315537,0.08207359339281764,0.05419954280657768,0.06636678711009512,0.05714917778924858,0.023818302485067472,0.026030528722070644,0.04889019983777008,0.02123737187523044,0.06806282722513089,0.02809527320994027,0.020426222254995945,0.013494580045719342
B:GACTC,0.02169255490091055,0.049116229244777716,0.06293519014461703,0.07461167648634172,0.045206213176218535,0.05591858596679165,0.05329405463310123,0.12035350830208891,0.1098018211033744,0.05559721478307445,0.061542581681842526,0.062399571505088375,0.022121049812533475,0.02292447777182646,0.03540439207284413,0.02088912694161757,0.05848955543652919,0.03326191751472951,0.020353508302088912,0.014086770219603643
B:GACTG,0.022080868649218054,0.04865894173891905,0.06275828539016287,0.07531804553925937,0.04618750506441942,0.05591119034113929,0.05587067498581962,0.11437484806741754,0.11149825783972125,0.05566809820922129,0.05955757231990925,0.05992221051778624,0.022283445425816385,0.023944574993922697,0.038732679685600846,0.02074386192366907,0.06300137752208086,0.0290900251195203,0.01871809415768576,0.0156794425087108
B:GACTT,0.0250673485228985,0.05068261723208986,0.06524816218437514,0.07844390667092827,0.04776037623852792,0.05369617825670061,0.058810099995434,0.10889913702570658,0.08807816994657779,0.055750878955298844,0.06323912150130132,0.06392402173416739,0.019588146659969864,0.025889228802337794,0.04209853431350167,0.021460207296470482,0.06734852289849778,0.030226930277156294,0.02022738687731154,0.013561024610748368
B:GATAA,0.034456127844115725,0.05257529852076279,0.06516960731895681,0.08750668330065942,0.04669399394047407,0.05732786787857185,0.0664765638923543,0.10271490524564843,0.06617952830749124,0.053169369690488924,0.07010039802768371,0.05857541733499673,0.020317234004633755,0.02934711578447098,0.04206023881661023,0.02002019841977069,0.06855581298639576,0.023881661022990556,0.022277668864729993,0.012594308798194023
B:GATAC,0.029173008625063418,0.053948926095044814,0.06561812954507018,0.08117706747843734,0.0441400304414003,0.05242685607982411,0.05876881447657703,0.11178758667343142,0.07694909521393539,0.04963639438525283,0.06925418569254185,0.06409605952984948,0.020970742431929645,0.028665651953323185,0.05048198883815322,0.019702350752579062,0.06350414341281921,0.02824285472687299,0.020378826314899373,0.011077287332995095
B:GATAG,0.03152210597367533,0.04839689503881201,0.06135673304083699,0.07823152210597367,0.04657441781977725,0.057711778602767466,0.05825177185285184,0.11366857914276071,0.08133648329395883,0.051569355383057715,0.07546405669929127,0.05676679041511981,0.021532230847114413,0.026864664191697602,0.04529193385082687,0.018764765440431996,0.06918663516706042,0.023084711441106985,0.02173472831589605,0.012689841376982787
B:GATAT,0.03922615076717812,0.05210140093395597,0.06797865243495664,0.07885256837891928,0.04783188792528352,0.057771847898599064,0.060773849232821885,0.11187458305537025,0.058972648432288194,0.046030687124749836,0.07538358905937291,0.060973982655103405,0.021881254169446297,0.028685790527018012,0.04676450967311541,0.02048032021347565,0.06417611741160774,0.025550366911274183,0.02494996664442962,0.009739826551034022
B:GATCA,0.03086380226676058,0.05378753922008068,0.0619197028878786,0.07856822693218928,0.044886982134853044,0.05929435871166037,0.05743740795287187,0.11160914388166741,0.0836268169302683,0.05032976884164692,0.06774668630338733,0.0613434078248063,0.017993212524812705,0.025677146699109945,0.048664916437215856,0.020362425561887686,0.06223986681180765,0.02695780239482615,0.02253954024460524,0.014151245437664084
B:GATCC,0.024688080700822936,0.04645606583488187,0.06284842049376162,0.07021502521900717,0.0467878948765596,0.059530130076984336,0.0497079904433236,0.12330767188744358,0.10598619591186621,0.053092646668436425,0.06868861162728962,0.06510485797717017,0.019246084417308202,0.02462171489248739,0.039487655959649585,0.020706132200690206,0.05534908415184497,0.02966551632598885,0.021436156092381205,0.013074064242102468
B:GATCG,0.017619420516836334,0.047768206734534066,0.07243539545810493,0.07987470634299139,0.044244322631166795,0.06225528582615505,0.041895066562255286,0.105716523101018,0.10454189506656225,0.04737666405638215,0.0591229444009397,0.06734534064212999,0.016836335160532498,0.030931871574001565,0.04463586530931871,0.023884103367267033,0.05403288958496476,0.04072043852779953,0.020751761942051684,0.018010963194988253
B:GATCT,0.026240701110771425,0.05166615713848976,0.06017527769285642,0.07087536940792825,0.05100377050850912,0.057984306532151225,0.05722001426678895,0.11255477427901762,0.09558748598797513,0.05186996840925303,0.06435340874350351,0.06552532355039234,0.018088250280240498,0.02552736166309997,0.04601039437480893,0.020228268623254865,0.06175481504127178,0.03026597370834607,0.02063589116478141,0.012432487516559666
B:GATGA,0.030665467625899282,0.050359712230215826,0.06420863309352517,0.07990107913669064,0.045098920863309355,0.05566546762589928,0.05903776978417266,0.11447841726618704,0.08907374100719424,0.04896582733812949,0.06767086330935251,0.061780575539568346,0.020413669064748202,0.025764388489208635,0.044064748201438846,0.021402877697841726,0.060206834532374104,0.028282374100719425,0.018929856115107915,0.014028776978417265
B:GATGC,0.02426222484066199,0.046382089871994,0.06105725456590434,0.07712495313587917,0.04177601628193455,0.0555942370521129,0.05736168389481013,0.1158481066895185,0.1012265009908414,0.052273579347651436,0.0652348561940978,0.06507417920839804,0.02126292110760002,0.02335172192169675,0.042632960205666544,0.02126292110760002,0.05816506882330887,0.032349633120882654,0.02126292110760002,0.016496170531840822
B:GATGG,0.023991642102906607,0.04686392298794821,0.06100518637364277,0.07055706876609082,0.04649080258199321,0.05607999701503675,0.05466213947240774,0.11910003358083654,0.10928696690421999,0.05298309764561024,0.0663034961382038,0.06462445431140629,0.0218275437483676,0.01955150927204209,0.04018506772135368,0.0221633521137271,0.061452930860788776,0.027722846162456623,0.01962613335323309,0.01552180888772807
B:GATGT,0.027901199178252352,0.04892265061392193,0.06373321867087095,0.07997706750752473,0.045291672638669914,0.05451244565477044,0.055133533992642494,0.11217810902489131,0.0903922411733792,0.052171420381252685,0.06894080550379819,0.06272992212507764,0.021069227461659738,0.023649132865128278,0.04424060006688644,0.020591467201758158,0.06435430700874302,0.02880894367206536,0.02159476374755148,0.013807271511155702
B:GATTA,0.030222517436067752,0.0523414148123547,0.06529392228495516,0.0874128196612421,0.04988375954832282,0.054931916306874794,0.060710727333111926,0.10355363666555961,0.0724676187313185,0.05533045499833942,0.06828296247093989,0.058053802723347724,0.02079043507140485,0.029691132514114912,0.04549983394221189,0.01693789438724676,0.06888077050813683,0.026436399867153768,0.019860511457987378,0.0134174692793092
B:GATTC,0.028421936567405208,0.04902784057877398,0.06155933079258446,0.07880627866416898,0.051094890510948905,0.055164395064918284,0.05613332472062528,0.1185323945481558,0.0810671145274853,0.05581034816872295,0.0670499321749241,0.06175311672372586,0.018668044699954783,0.02622569601446935,0.0530327498223629,0.019830760286803178,0.056973063755571346,0.02603191008332795,0.020541308700988307,0.014275563594083069
B:GATTG,0.02905242221906521,0.04865747975564711,0.059809632050007104,0.07827816451200455,0.04965193919590851,0.0553345645688308,0.05675522091206137,0.1111663588577923,0.09688876260832505,0.0503622673675238,0.06414263389686035,0.059596533598522516,0.020954681062650946,0.02429322346924279,0.04716579059525501,0.01967609035374343,0.06272197755362978,0.02685040488705782,0.02280153430885069,0.015840318227020884
B:GATTT,0.032592358199509536,0.05094533660311684,0.06929831500672415,0.08207420299026975,0.04928407562692825,0.05343722806739973,0.0617039791155763,0.10117870421643857,0.07345146744719563,0.051340874930780794,0.06660865437860929,0.0593307491495926,0.02076576220235741,0.03180128154418163,0.04774147614903884,0.01779922474487778,0.06783482319436754,0.026303298789652717,0.02333676133217309,0.013171426311209556
B:GCCAA,0.025462736264812456,0.047057095289393794,0.06404857506610519,0.07114876113994711,0.04588189207717168,0.05827049260601312,0.05890706101263343,0.11188913916364705,0.10390755068063853,0.054891783370874546,0.06150230143962394,0.06233473704828126,0.020712956615414748,0.02272059543629419,0.04269905004407012,0.021643325825090588,0.059592596219763004,0.030016648712173147,0.021104691019488787,0.016208010968563315
B:GCCAC,0.02069249793899423,0.04513602638087387,0.06191261335531739,0.06854905193734542,0.043281121187139324,0.05758450123660346,0.048021434460016485,0.11310799670239077,0.13227535037098104,0.05428689200329761,0.0565952184666117,0.06591096455070074,0.0208161582852432,0.021393239901071722,0.03751030502885408,0.02370156636438582,0.05820280296784831,0.033924154987633966,0.018672712283594396,0.018425391591096456
B:GCCAG,0.020891128347392856,0.043565645700050955,0.06751401234218422,0.06677801053048746,0.04472626394157278,0.058738606125799696,0.04806657985619657,0.11674121043990263,0.12744154447149408,0.055936137688954314,0.05723829474041782,0.06553246900300062,0.020409896393591122,0.020891128347392856,0.03459208514974806,0.021542206873124612,0.06001245541527487,0.03246900300062277,0.018343429768442505,0.018569891864349205
B:GCCAT,0.0257306493725259,0.04510233302450939,0.06203150004211236,0.07382295965636318,0.04619725427440411,0.06135770234986945,0.054451276004379684,0.11509306830624105,0.10839720373957719,0.05171397287964289,0.06089446643645245,0.06047334287880064,0.0218563126421292,0.023667143940032005,0.040512086246104605,0.02189842499789438,0.059841657542322915,0.02968921081445296,0.02042449254611303,0.016844942306072603
B:GCCCA,0.02184558879791874,0.044571122503634555,0.06469507996021119,0.06538373249674803,0.04327033437906496,0.059644961358941005,0.0451832580916673,0.11561710918968551,0.13233606243782997,0.057005126635549776,0.05983625373020124,0.06435075369194276,0.02073609304460938,0.02004744050807254,0.03787588950952636,0.02073609304460938,0.05650776647027317,0.03492998699211875,0.018057999846966103,0.01736934731042926
B:GCCCC,0.018741143666864742,0.042327558623211595,0.06687388581615396,0.06454267038442199,0.046715728847648214,0.05882890707135348,0.048041321936280114,0.11720071307766147,0.1387758833478082,0.051652420350139415,0.05882890707135348,0.06591397357955844,0.019701055903460257,0.017232710152214656,0.03300269689628377,0.023632125062851398,0.055172098550989625,0.03643095488412488,0.01640992823513279,0.019975316542487544
B:GCCCG,0.013357201872762325,0.0476452767832553,0.07559900853759295,0.0567336821812173,0.04902230790415863,0.06830074359680528,0.04406499586890664,0.1019003029468466,0.14651611126411457,0.049297714128339304,0.04943541724042964,0.07367116496832829,0.023134122831175986,0.018589920132194987,0.027402919305976315,0.02506196640044065,0.05232718259432663,0.04199944918755164,0.015009639217846323,0.02093087303773065
B:GCCCT,0.021243695003865838,0.044512352269798605,0.06450425242075034,0.06479879238614189,0.045690512131364824,0.0573984757556791,0.05007179411656419,0.11244063178822576,0.12632082765730274,0.058981628069658704,0.057177570781635434,0.06579286476933839,0.02065461507308273,0.020691432568756673,0.03806929052685836,0.023231839770258826,0.05618349839843894,0.035823423290747766,0.018924192776407348,0.01748831044512352
B:GCCGA,0.014421007318123116,0.05079638398622471,0.07102884201463625,0.07232027550581145,0.04627636676711149,0.05208781747739991,0.04563065002152389,0.10848041325871717,0.1295738269479122,0.05660783469651313,0.056392595781317265,0.06091261300043048,0.022600086095566078,0.019801980198019802,0.034438226431338786,0.022169608265174345,0.05122686181661645,0.04326302195436935,0.017649591046061126,0.024321997417133017
B:GCCGC,0.014733969986357435,0.05402455661664393,0.08308321964529332,0.05893587994542974,0.04556616643929059,0.06030013642564802,0.05088676671214188,0.09618008185538882,0.13506139154160982,0.04938608458390177,0.045020463847203276,0.069849931787176,0.02646657571623465,0.022510231923601638,0.033560709413369715,0.024829467939972715,0.04884038199181446,0.04433833560709413,0.016643929058663028,0.019781718963165076
B:GCCGG,0.011378366700273658,0.05329108454558548,0.07691199769552066,0.059052282874837964,0.04176868788708051,0.05847616304191272,0.04652167650871381,0.10384559988477603,0.14532622785539392,0.04897018579864612,0.04897018579864612,0.07561572807143886,0.0237649431081665,0.02318882327524125,0.03384704018435835,0.02534927264871093,0.04666570646694512,0.0427768975946997,0.01368284603197465,0.02059628402707763
B:GCCGT,0.01429472356527223,0.049400882909396676,0.0636956064746689,0.07462686567164178,0.04036157241959218,0.05970149253731343,0.04708850115619088,0.10742064326256044,0.14441875131385326,0.051082615093546356,0.05738911078410763,0.06495690561278117,0.02291360100903931,0.02291360100903931,0.03195291149884381,0.021442085347908344,0.05297456380071473,0.03804919066638638,0.014715156611309649,0.020601219255833508
B:GCCTA,0.030145889511166424,0.048053654151974004,0.06437115397911913,0.07273732973795202,0.046394247389891445,0.05711124939500795,0.05496784899398465,0.11519048606789739,0.10322892899121898,0.053654151974002626,0.06250432137177625,0.05697296549816774,0.019221461660789602,0.024614533637557907,0.04203830463942474,0.021088294268132475,0.0629191730622969,0.030491599253266957,0.019982023093410774,0.01431238332296204
B:GCCTC,0.020625522877920074,0.043149494819486454,0.07069309479374478,0.06789368685243581,0.04601325696634275,0.055248085462384966,0.04662462191904241,0.11583756998519854,0.1269386704421134,0.05486196022910097,0.05840144153420426,0.06737885320805714,0.021944784091640388,0.019917626616899414,0.03751850183409486,0.022813565866529377,0.05589162751785829,0.03401119763176524,0.01718257288113778,0.017053864470043117
B:GCCTG,0.019442537415900043,0.04113689413703144,0.06673074282575861,0.06670328161471921,0.0461897569682823,0.06003020733214335,0.048276809007277224,0.1132500343265138,0.13634491281065494,0.057009474117808594,0.056679939585335716,0.06472607441988192,0.01894823561719072,0.01990937800356996,0.037017712481120416,0.022298503363998353,0.05635040505286283,0.03380475078950982,0.016284498146368256,0.018865851984072497
B:GCCTT,0.024149950206288233,0.04758856167306871,0.06576326646749182,0.07284108692559396,0.04524114383269313,0.05608905961018637,0.05736946934130033,0.11175131597666808,0.11029307156067719,0.053848342580736945,0.05964575330772514,0.06345141556409162,0.020486555697823303,0.022442737231469626,0.041293213828425095,0.02208706786171575,0.0629179115094608,0.028417982643334755,0.01945511452553706,0.01486697965571205
B:GCTAA,0.02715378918785485,0.04832140212293261,0.06344112564798815,0.08892865959022464,0.04443347321648976,0.05202419155764009,0.0625771414465564,0.10170328313996545,0.08676869908664528,0.05387558627499383,0.07208096766230561,0.058936065169094054,0.021723031350283882,0.026845223401629228,0.04455689953098001,0.021105899777832633,0.06529252036534189,0.026166378671932857,0.022155023450999754,0.01191063934830906
B:GCTAC,0.026348238042702317,0.04692063080018171,0.06515672658835746,0.07424232591342722,0.04646635083392822,0.058537218508663766,0.055487053020961775,0.10526315789473684,0.10935167759101824,0.05483808164059965,0.06106820689207606,0.06353429813745214,0.019404244272827567,0.023492763969108963,0.042507625413719254,0.02096177558569667,0.0628204296190538,0.02913881497825946,0.019793627101044844,0.014666753196184048
B:GCTAG,0.025827184003808616,0.04665555820042847,0.0667103070697453,0.07563675315401094,0.041537729112116166,0.05671268745536777,0.05141632944537015,0.10979528683646751,0.10134491787669603,0.055165436800761726,0.06272316115210665,0.06450845036895977,0.01898357533920495,0.024636991192573197,0.04320399904784575,0.02308974053796715,0.06462746965008331,0.031064032373244465,0.021423470602237562,0.014936919781004523
B:GCTAT,0.03509422304603028,0.051220265678097,0.06258881680568427,0.07309236947791165,0.04677170219338894,0.05752239728143343,0.06252703120172999,0.11071980228606734,0.08544949026876737,0.05109669447018845,0.06833487797343218,0.06005560704355885,0.02162496138399753,0.028544949026876737,0.040654927401915356,0.021933889403768923,0.06611059623107816,0.023911028730305837,0.01970960766141489,0.013036762434352795
B:GCTCA,0.02109101308357761,0.04854507757203117,0.06284406949310074,0.07628512189890613,0.04450561235432902,0.05776792736112104,0.05269178522914134,0.11407020805033245,0.11671552155573033,0.05419317938085365,0.06148566526059913,0.06173589761921785,0.019625366411667976,0.02241366983627654,0.03674840923714878,0.02184171015943376,0.06123543290198041,0.03253020662043326,0.018409952098377064,0.015264173875741761
B:GCTCC,0.020736132711249352,0.046217649639111534,0.06404274833512781,0.06659488774574311,0.04430354508115006,0.06085257407185868,0.04821150855365474,0.11528492243888823,0.12385851577142401,0.0547114886150656,0.06133110021134904,0.06575746700163497,0.019818957610559476,0.021214658850739723,0.03903975754675599,0.022291342664593053,0.05562866371575547,0.034533636399888344,0.019300554292778244,0.01626988874267257
B:GCTCG,0.013812154696132596,0.04714548802946593,0.06813996316758748,0.07440147329650092,0.04419889502762431,0.06740331491712707,0.04143646408839779,0.10313075506445672,0.13425414364640884,0.06077348066298342,0.05561694290976059,0.06206261510128913,0.023388581952117862,0.018968692449355434,0.03683241252302026,0.021731123388581953,0.05156537753222836,0.03941068139963168,0.01712707182320442,0.01860036832412523
B:GCTCT,0.021392013239756046,0.04790217291366576,0.061877470961414695,0.07346225750099605,0.044868062153299214,0.05819976094884918,0.05274449109687701,0.10971834870820436,0.12035306016120628,0.05715774311195562,0.060559624873578716,0.06304207913206043,0.021269422906003862,0.021177480155689724,0.03754328971160624,0.020258052652548347,0.06129516687609182,0.033589751448098316,0.018633730730331914,0.014956020717766404
B:GCTGA,0.021018039913737036,0.04761578749187006,0.06456029849724437,0.07520624379557046,0.044261116626159586,0.05627631533906138,0.05453051723547735,0.11036182521480163,0.11197069797692807,0.05494129325985007,0.06093177694861877,0.06202717968027933,0.01920377913942423,0.02375654674288844,0.043165713894499025,0.020744189230821896,0.06165063499127101,0.03190360455961387,0.02029918187108479,0.015575257590798617
B:GCTGC,0.017694157962371084,0.04560282052126923,0.06797588058914626,0.07288543279844475,0.04178061880127846,0.05940887673399453,0.049457972256087515,0.10896569903456456,0.13446901051105473,0.05354377409469834,0.05687172559227652,0.05881577646709941,0.02069260931167419,0.02148340966753435,0.03723351675508254,0.022834360275462123,0.057464825859171634,0.038386767274045275,0.017068107680648457,0.017364657814096015
B:GCTGG,0.018943348185868875,0.044175684277530235,0.06487587523870146,0.06701464035646085,0.04613621896880968,0.05978357733927435,0.047511139401654995,0.11859961807765754,0.133520050922979,0.05632081476766391,0.05364735837046467,0.06492679821769573,0.020089115213239975,0.020394653087205603,0.034042011457670274,0.02266072565245067,0.05675366008911521,0.03523870146403565,0.01746658179503501,0.017899427116486316
B:GCTGT,0.01922304292734184,0.04567790586271904,0.0667243563989245,0.07679945606823871,0.04539975893933307,0.05615477331025744,0.05491856476187533,0.10687022900763359,0.12423895911240226,0.05426955527397472,0.05559847946348549,0.06341749853200235,0.020799208826529036,0.022931668572488177,0.0375189294433971,0.022189943443458912,0.06221219519732979,0.03177055969342028,0.018543128225731682,0.014741786939456686
B:GCTTA,0.02599025365487942,0.05116831188304386,0.0639135324253405,0.08328126952392853,0.04773210046232663,0.055166812445333,0.06353867299762589,0.09552667749593902,0.08309383981007122,0.05491690616018993,0.06616268899162814,0.0606022741471948,0.022116706235161813,0.02811445707859553,0.04741971760589779,0.019867549668874173,0.06872422841434463,0.028864175934024742,0.020117455954017243,0.013682369111583156
B:GCTTC,0.02490215639628578,0.04892180185710997,0.06691735093239198,0.07370884813137903,0.04489294758652444,0.05249021563962858,0.05671092011357532,0.10624664262144118,0.10816514465505334,0.0534878366971069,0.06300360678382319,0.06622669020029161,0.019530350702171743,0.024480085948891107,0.040748983193922186,0.021909293223850816,0.06050955414012739,0.03188550379863403,0.01972220090553296,0.015539866472258461
B:GCTTG,0.02315391554620044,0.04867047553589072,0.06220198462133253,0.07521800764637657,0.04381631513381159,0.057906267451351,0.05588728038145969,0.11009923106662657,0.10649082864384209,0.05730486704755359,0.06147171270243567,0.0621160702779329,0.022638429485802653,0.0233257442329997,0.04308604321491473,0.020189870698913183,0.06263155633833069,0.02942566261437347,0.020189870698913183,0.014175866660939044
B:GCTTT,0.025642686006604933,0.0502816810205271,0.06455999481965939,0.08223790714239461,0.0442919121932267,0.05403742796088843,0.05931489995467202,0.10684452502752056,0.09787606035096807,0.054328822120054396,0.06352392669818041,0.06028621381855857,0.021466036391892766,0.02748818234798938,0.04079518228323512,0.020591853914394873,0.06514278313799132,0.028232856310302402,0.01926439163374992,0.013792656867189017
B:GGCAA,0.026987811955890888,0.04938092474366415,0.0646643451344554,0.07564325788353647,0.04309344167150319,0.05441091120139292,0.05547494679822016,0.1148674792029406,0.09687560456568002,0.05852195782549816,0.06248790868639969,0.06292319597601083,0.021474172954149738,0.025149932288643838,0.04309344167150319,0.022393112787773263,0.060504933255948926,0.02747146449990327,0.020506867866124975,0.014074289030760303
B:GGCAC,0.01928079571537873,0.0419790869676103,0.06717674062739097,0.06977811782708493,0.043152257077276206,0.059525631216526396,0.04901810762560571,0.11379750063759245,0.1294057638357562,0.056516194848252994,0.05983167559296098,0.06238204539658251,0.02030094363682734,0.02213720989543484,0.034940066309614895,0.022902320836521297,0.06090283091048202,0.03233868910992094,0.017444529456771232,0.01718949247640908
B:GGCAG,0.019787403932528196,0.04406627407924943,0.06864457530691685,0.06699770436171275,0.04473999401137838,0.05831420301427288,0.05140233556243138,0.11183750873340653,0.13090128755364808,0.05636790098812257,0.057590577901986226,0.06315500548956982,0.020635791995209103,0.019887214292843597,0.03603154007385967,0.02150913264796886,0.05686695278969957,0.03545763050204611,0.017866054496456733,0.017940912266693282
B:GGCAT,0.02884752701480459,0.044842195458656635,0.06335983243680678,0.07183319845765697,0.045508639977150475,0.0597419907649831,0.056981006331222925,0.11572333031846527,0.0991098205360118,0.050221354786499736,0.0648355310134717,0.06416908649497786,0.020707383253201313,0.021754653210834484,0.044032941400485553,0.020802589612986148,0.060741657542723856,0.029323558813728758,0.020516970533631648,0.016946732041700385
B:GGCCA,0.022122038163136928,0.04298595093310967,0.06412944712378556,0.06542252044453764,0.04627105612637171,0.06101908156846299,0.04728454602642063,0.11749493255049975,0.12850352974068638,0.05500803802334522,0.05780387223037674,0.06710002096875656,0.019780527014748025,0.02075906898720906,0.034947927587894036,0.021842454742433775,0.05462361081987838,0.03550709442930034,0.01852240162158384,0.018871880897462782
B:GGCCC,0.0214979537498151,0.04151669049849613,0.06819190375228046,0.057147083477146095,0.04482027513436221,0.06114096938020808,0.04408066663379518,0.11661160692273556,0.13806025343917952,0.05433657117499137,0.058626300478280165,0.06764952418519797,0.022484098417237808,0.017010995513041763,0.036290123761155764,0.02169518268329964,0.054533800108475916,0.03722696119520734,0.017306838913268577,0.019772200581825355
B:GGCCG,0.013475965545984996,0.0540427896637955,0.07321478188385663,0.057515976660183384,0.045290358432898026,0.06057238121700472,0.04584606835232009,0.10183384273409281,0.14573492636843569,0.05001389274798555,0.051681022506251735,0.0684912475687691,0.02222839677688247,0.023200889135871074,0.035009724923589884,0.02153375937760489,0.04654070575159767,0.04667963323145318,0.015004167824395665,0.022089469297026952
B:GGCCT,0.02130084775949277,0.04270855595925055,0.06828382132934388,0.06639595355132863,0.047339175037401156,0.05813207950416756,0.04783785709197122,0.11719028282396524,0.13350431003775737,0.05207665455581677,0.05489064614946214,0.0630832799031132,0.019804801595782573,0.0200185224763126,0.03761487497328489,0.02315309539075301,0.05720595568853744,0.03437344161857947,0.0169195697086272,0.01816627484505236
B:GGCGA,0.02057892356399819,0.04975124378109453,0.06897331524197196,0.06196291270918137,0.04341926729986431,0.05789235639981909,0.04590682948891904,0.108322026232474,0.127996381727725,0.05495251017639077,0.06218905472636816,0.0642243328810493,0.02125734961555857,0.02464947987336047,0.03934871099050204,0.024197195838986885,0.04975124378109453,0.03731343283582089,0.017186793306196293,0.020126639529624603
B:GGCGC,0.015128593040847202,0.04824340225247941,0.08539250294167088,0.06068246764162044,0.04605816103546814,0.060514372163388806,0.046898638426626324,0.09799966380904354,0.14708354345268113,0.04387291981845688,0.049588166078332496,0.0709362918137502,0.024037653387123888,0.018658598083711547,0.03445957303748529,0.02319717599596571,0.0500924525130274,0.040342914775592535,0.012607160867372668,0.024205748865355523
B:GGCGG,0.015427302996670366,0.04961154273029967,0.07968923418423973,0.06015538290788013,0.05216426193118757,0.05316315205327414,0.04339622641509434,0.10332963374028857,0.13762486126526083,0.05083240843507214,0.04839067702552719,0.07513873473917869,0.026970033296337403,0.020532741398446172,0.0318534961154273,0.02685904550499445,0.0486126526082131,0.0413984461709212,0.014539400665926749,0.020310765815760266
B:GGCGT,0.018016309501232695,0.04873885833491371,0.06789304001517163,0.0726341740944434,0.04779063151905936,0.054048928503698086,0.043618433529300206,0.11075289209178836,0.14033756874644415,0.04835956760857197,0.05632467286174853,0.07035842973639295,0.02105063531196662,0.02124028067513749,0.034136165370756685,0.025222833301725773,0.053290347051014604,0.03641190972880713,0.015171629053669637,0.014602692964157026
B:GGCTA,0.027566014804993922,0.047508562589769085,0.0652414097889736,0.07258866423599603,0.04513313446028063,0.057894155341951165,0.05336426914153132,0.11004308916141863,0.11225278974698928,0.05259087393658159,0.05955143078112916,0.06319743674732074,0.019003425035907635,0.022925643575295546,0.04286819136007071,0.02242846094354215,0.062479284057010274,0.028891835156336317,0.01999779029941443,0.014473538835487791
B:GGCTC,0.018173505543490686,0.04632910427858422,0.0629024269440317,0.0687316645711891,0.04339543566883834,0.059968758334285825,0.04800548634129615,0.11448927496475787,0.13011010782184632,0.05802567912523336,0.060578351811635615,0.06431211186040309,0.020383281898883682,0.018821198613174838,0.035546919647959765,0.022288261515601784,0.056996990132205584,0.03566121842496285,0.01790680839715015,0.017373414104469083
B:GGCTG,0.01818463205138126,0.0421986638809358,0.0636333152776703,0.06868890092599758,0.04635146637777606,0.05937733756351724,0.0491887848538781,0.11498877969511723,0.13613969924424155,0.05574041115324099,0.053186824524749154,0.06474244886378291,0.02055766204957569,0.020686631071216693,0.0353117181253063,0.02326601150403673,0.05785550310815342,0.033299801387706676,0.018081456834068456,0.018519951507647864
B:GGCTT,0.023137019230769232,0.048227163461538464,0.06464092548076923,0.07200270432692307,0.044546274038461536,0.054762620192307696,0.05611478365384615,0.11038912259615384,0.10892427884615384,0.056978665865384616,0.060133713942307696,0.06358924278846154,0.02099609375,0.023850661057692308,0.04048978365384615,0.022047776442307692,0.06313852163461539,0.029146634615384616,0.019944411057692308,0.016939603365384616
B:GGTAA,0.030774214447683836,0.04852607709750567,0.06426951733074182,0.08428895367670877,0.050858438613540655,0.05481049562682216,0.05941043083900227,0.106511175898931,0.08551992225461613,0.05332037576935536,0.06491739552964043,0.061159701976028505,0.019889860706187236,0.02636864269517331,0.042695173307418205,0.01937155814706835,0.06258503401360545,0.03045027534823453,0.020602526724975704,0.013670229996760609
B:GGTAC,0.024892414142266475,0.04894101763564256,0.0637920850561134,0.06868618681967767,0.0490253987005316,0.05687283773521222,0.054003881528984894,0.11121424352375327,0.104126234073074,0.05476331111298625,0.06176693949877647,0.06961437853345709,0.02084212302759261,0.027170702894270527,0.03881528984895789,0.021348409416926842,0.057969791578769726,0.0307990886844992,0.020167074508480296,0.015188591680027001
B:GGTAG,0.026746177008915392,0.045462596681820865,0.06583220168861073,0.0744523823581508,0.04333707268111236,0.050599279683533095,0.05721202101907067,0.11330223770443408,0.1016708980338903,0.053079057684359686,0.0644151856881384,0.06902048768967349,0.021137155340379053,0.022022790340674264,0.04103442168034481,0.02196374800732125,0.06034126468678042,0.033063706677687904,0.021196197673732067,0.014111117671370372
B:GGTAT,0.032563861350314784,0.05094435197915913,0.062305521383602284,0.07677834865040886,0.05260872711484189,0.05174035747883349,0.05658875461321369,0.11571025399811853,0.08025182719444243,0.05217454229683769,0.06794992401765684,0.0603516897025834,0.019610680946522904,0.029090382806281206,0.046819596208119256,0.020696142991533398,0.06273970620160649,0.02663000217092409,0.02156451262754179,0.012880816267457847
B:GGTCA,0.021800856634101737,0.04600798883488137,0.06126377592761923,0.07223639251167044,0.04398671735887194,0.05664372683959767,0.051638673660907644,0.12276817941190625,0.1136724577698638,0.05216805428557678,0.06246691371095818,0.0629000433129602,0.020645844362096346,0.024159006689446077,0.03907791520284903,0.02170460561143462,0.05803936666827085,0.031810962991481784,0.019875836180759422,0.01713268203474662
B:GGTCC,0.019550677413822673,0.0445320985537072,0.06253930143485965,0.06596924484079346,0.045275252958326184,0.0571085577087978,0.04784771051277654,0.12021951637797976,0.12593608872120277,0.05287829417481278,0.06568341622363232,0.06448293603155549,0.020008003201280513,0.018807523009203683,0.03601440576230492,0.023723775224375465,0.058766363688332476,0.03309895386726119,0.019379180243525983,0.01817870005144915
B:GGTCG,0.018004722550177096,0.0448642266824085,0.07201889020070838,0.07733175914994096,0.04427390791027155,0.05401416765053128,0.03984651711924439,0.10035419126328217,0.13695395513577333,0.048996458087367176,0.05076741440377804,0.07290436835891381,0.01948051948051948,0.023317591499409682,0.03541912632821724,0.024498229043683588,0.05165289256198347,0.048110979929161746,0.016824085005903187,0.02036599763872491
B:GGTCT,0.023842917251051893,0.045099929873772794,0.06482293127629733,0.06933730715287517,0.047948807854137444,0.058774544179523144,0.050622370266479665,0.11772440392706872,0.11575210378681627,0.05364656381486676,0.06083450210378682,0.06526122019635344,0.020468092566619914,0.02195827489481066,0.039183029453015425,0.019679172510518934,0.056758415147265075,0.03260869565217391,0.019153225806451613,0.016523492286115007
B:GGTGA,0.02288298777484215,0.04948278178317138,0.06461869150508262,0.07478393264967982,0.04361649724598092,0.053110026420670815,0.05302046482468318,0.12010210021942591,0.1116833101965877,0.05387129998656576,0.05857328377591689,0.06394697953517532,0.02158434463302136,0.022838206976848328,0.03712328153687699,0.02194259101697192,0.05763288701804666,0.03434687206126013,0.018539250369441585,0.01630021046975057
B:GGTGC,0.017693054049426404,0.042976999029735743,0.06278180469151304,0.06831801837794646,0.04491752753838251,0.06557844871868045,0.04468923006677701,0.11437703327435648,0.13846241652873695,0.05285086467667371,0.054734318817419095,0.06432281262485018,0.020546772444495178,0.02117459049141031,0.03618514924947206,0.023343416471662576,0.058786598938416756,0.03413047200502255,0.017293533474116773,0.01683693853090577
B:GGTGG,0.022591927403346253,0.045719507199798344,0.06462488578000442,0.06301792860068689,0.0464127044144059,0.05885874531304156,0.04871285880833097,0.11519677348205565,0.1275797964520906,0.05469956202539623,0.0586696915272395,0.06692504017392949,0.022056275010240413,0.022056275010240413,0.033746100765667836,0.021047988152629423,0.053628257239184546,0.040142420518637555,0.01726691243658821,0.017046349686485805
B:GGTGT,0.022930896833141135,0.047724651822939765,0.05828084804399893,0.0725184068127384,0.04417635057216358,0.05930098465359709,0.05313581123037346,0.11625121972855496,0.12583163310565068,0.0520713208551406,0.05601880599662911,0.06307105473254679,0.020757562317040717,0.02248735917679411,0.03765634702386233,0.019426949347999645,0.06280493213873858,0.03255566397587155,0.01747538366007274,0.015523817972145835
B:GGTTA,0.027820602662929222,0.053468815697267,0.0669936930623686,0.08051857042747022,0.046110721793973374,0.05101611772950245,0.05529081990189208,0.10861948142957253,0.08969866853538892,0.0570427470217239,0.0657323055360897,0.062018220042046254,0.019831814996496146,0.027330063069376315,0.044288717589348284,0.018990889978976876,0.06222845129642607,0.030974071478626488,0.020112123335669235,0.011913104414856343
B:GGTTC,0.025092506938020353,0.04902867715078631,0.06180619796484736,0.07088344125809436,0.04480804810360777,0.05700740055504163,0.05290240518038853,0.11563367252543941,0.10401248843663274,0.05296022201665125,0.0627890841813136,0.06423450508788159,0.02012025901942646,0.023011100832562442,0.04081868640148011,0.021854764107308047,0.06475485661424607,0.03208834412580944,0.01925300647548566,0.016940333024976873
B:GGTTG,0.02554006597850378,0.05054804724912206,0.061721826114717465,0.07321485580504417,0.04714270511865489,0.05533680962009152,0.053527721613280836,0.12003831009896776,0.10960944982441205,0.05182505054804725,0.06236032776418006,0.06209428541023731,0.019261466425454933,0.026284984569543472,0.03799084814302437,0.019155049483877834,0.05836969245503884,0.03123337235287858,0.02059167819516867,0.014153453229754177
B:GGTTT,0.027317942246306882,0.05159230940538936,0.06655036745601663,0.07646054487417416,0.04806621631653181,0.052520228639299234,0.05983223220250909,0.1103110385272066,0.09260633954420608,0.05326256402642714,0.06313562467522826,0.06161383713161606,0.020525573454086555,0.025090936084923167,0.04242446737435974,0.021230792071858066,0.06458317868012768,0.026761190705960954,0.02134214237992725,0.014772474203845297
B:GTCAA,0.0285421076261946,0.05143993329484959,0.06471682380860753,0.07696748123917645,0.05118337502405234,0.05400551600282214,0.05817458790327753,0.11307805785389007,0.0833172984414085,0.05092681675325508,0.06215124110063498,0.061894682829837726,0.023795779616445384,0.027066897569110383,0.04605220960810724,0.021743313450067348,0.059906356231159,0.02815727021999872,0.02193573215316529,0.014944519273940094
B:GTCAC,0.022595823938829526,0.0446034702480149,0.06087638466816979,0.07759043231055779,0.04293696696402313,0.055484756396431724,0.05327909028526615,0.12224291736104304,0.11895892559552985,0.050975394569159886,0.058915792569355946,0.05965101460641114,0.021027350259778452,0.024360356827761984,0.03744730908734438,0.020635231840015686,0.06288599156945397,0.030193118321733162,0.019507891383197726,0.015831781197921772
B:GTCAG,0.020389600545743954,0.05002652922004093,0.06120670052300462,0.07693473811869932,0.04301523535208065,0.05643144091563708,0.05548396877131812,0.11411354506177518,0.11320397180322898,0.054536496626999165,0.06044872280754946,0.05976654286363981,0.021033881603880845,0.022890927006746,0.037330402486166904,0.021299173804290153,0.06234366709618737,0.03429849162434624,0.019972712802243615,0.015273250966421587
B:GTCAT,0.026399098567365994,0.04957879487041906,0.06406610505982722,0.0817191608091431,0.044266781134302734,0.05499812201534582,0.059505285185383915,0.11847400332671568,0.08869453238182111,0.05193968986424854,0.06513923914793153,0.06063207597789344,0.023072382894242637,0.025862531523313838,0.04356924397703493,0.02124805494446531,0.06385147824220637,0.02709663572463379,0.016257981434780275,0.01362880291892472
B:GTCCA,0.022809934531850776,0.04707471682427517,0.061259482489868025,0.07274238802868128,0.04608749870102879,0.0587654577574561,0.05429699677855139,0.11768679206068794,0.11056842980359555,0.049984412345422426,0.062090824067338665,0.06073989400394887,0.022030551802972045,0.023017769926218436,0.03985243686999896,0.02234230489452354,0.06177907097578718,0.030395926426270394,0.020835498285357995,0.015639613426166477
B:GTCCC,0.01971900419028839,0.047917180182400786,0.06443184619176731,0.06763618437268917,0.04387478432339167,0.05718511215183633,0.04727631254621641,0.12516637909785555,0.12989894010352476,0.054720236628050284,0.05974858269657382,0.06531920138033029,0.01858516144934681,0.019275326596006902,0.03450825733300468,0.022381069755977322,0.054720236628050284,0.03253635691397584,0.017796401281735274,0.01730342617697806
B:GTCCG,0.012665198237885462,0.05286343612334802,0.07158590308370044,0.06745594713656387,0.042400881057268726,0.05066079295154185,0.04680616740088106,0.10958149779735683,0.1288546255506608,0.05093612334801762,0.05341409691629956,0.06938325991189427,0.02395374449339207,0.022577092511013214,0.03303964757709251,0.02477973568281938,0.06029735682819383,0.04047356828193833,0.015969162995594713,0.022301762114537445
B:GTCCT,0.02201524132091448,0.04634981408533667,0.06284283768361373,0.07348231049589515,0.04528218532562677,0.058240989581415895,0.052129735301697164,0.11309501895961419,0.11769686706181202,0.054485881530022456,0.060118543607112614,0.061701579354268676,0.020910797776386998,0.02179435261200898,0.04042263372970585,0.021426204763833154,0.06276920811397857,0.03213930714574973,0.017671096712439716,0.015425394838567169
B:GTCGA,0.02261640798226164,0.05454545454545454,0.06784922394678493,0.08470066518847007,0.04523281596452328,0.06341463414634146,0.048337028824833705,0.11263858093126386,0.1033259423503326,0.054988913525498895,0.05321507760532151,0.06297117516629712,0.016407982261640797,0.022172949002217297,0.038580931263858094,0.019955654101995565,0.056762749445676275,0.03725055432372506,0.021729490022172948,0.013303769401330377
B:GTCGC,0.019934640522875816,0.05196078431372549,0.07418300653594771,0.06633986928104575,0.04281045751633987,0.05718954248366013,0.03823529411764706,0.09836601307189542,0.13104575163398693,0.04967320261437908,0.05457516339869281,0.07418300653594771,0.024183006535947713,0.022549019607843137,0.03137254901960784,0.026143790849673203,0.05130718954248366,0.04869281045751634,0.01568627450980392,0.021568627450980392
B:GTCGG,0.015916438696841582,0.044018900770952496,0.07087789107187267,0.07833872171101716,0.04849539915443919,0.05197712011937329,0.041780651579209155,0.10494901765729918,0.12509326038298932,0.05073364834618254,0.05421536931111664,0.07261875155433972,0.020144242725690126,0.024123352399900523,0.033573737876150214,0.023625963690624224,0.055210146729669236,0.0455110668987814,0.01840338224322308,0.020392937080328275
B:GTCGT,0.01852995676343422,0.056207535515750466,0.05806053119209389,0.08307597282273008,0.0426189005558987,0.053736874613959235,0.05188387893761581,0.10500308832612724,0.11673872760963558,0.054354539839407044,0.06176652254478073,0.05867819641754169,0.01852995676343422,0.021927115503397158,0.042001235330450894,0.02285361334156887,0.05497220506485485,0.0426189005558987,0.019147621988882025,0.017294626312538603
B:GTCTA,0.026681558699429137,0.04548275006205014,0.06378754033258874,0.0784934226855299,0.047096053611317946,0.05485232067510549,0.056217423678332094,0.10647803425167536,0.10194837428642343,0.05013651030032266,0.06769669893273765,0.06142963514519732,0.020104244229337303,0.025812856788284936,0.04256639364606602,0.0193596425912137,0.06974435343757757,0.027674360883593943,0.019856043683296104,0.014581782079920575
B:GTCTC,0.02450999194507307,0.047830923248053395,0.06248321890222853,0.07437382532315599,0.04671857619577308,0.05745847876951402,0.05596256376817153,0.11315254497334203,0.10778259368647156,0.05400636722795443,0.06255993249204096,0.06497641057113268,0.020367458095201563,0.021978443481262707,0.03954585554831038,0.02063595565954509,0.05715162441026428,0.032564918875378775,0.020060603735951824,0.015879713091174103
B:GTCTG,0.02092783505154639,0.047319587628865976,0.06374570446735395,0.07621993127147766,0.04542955326460481,0.05824742268041237,0.05144329896907217,0.11532646048109965,0.11632302405498282,0.05333333333333334,0.05958762886597938,0.0629553264604811,0.01979381443298969,0.022920962199312715,0.0381786941580756,0.01865979381443299,0.06436426116838488,0.031099656357388317,0.018969072164948454,0.015154639175257731
B:GTCTT,0.027798591338228682,0.05068934512213397,0.06657425445826465,0.07886258054847894,0.048179229731754834,0.05540986063239922,0.05690843698486438,0.11074479244717518,0.0932863779409561,0.054473250412108494,0.0641765322943204,0.062115989809680805,0.02146710624906339,0.025925370897647234,0.04016184624606624,0.018807133223437734,0.0618537389479994,0.027648733702982167,0.019743743443728458,0.015173085568709726
B:GTTAA,0.02953683484656936,0.052695092518101366,0.0695322376738306,0.08930008045052293,0.051718193311113665,0.051718193311113665,0.06298126652108953,0.09579358694402942,0.07487645098264567,0.05200551660728652,0.06660154005286749,0.05746465923457074,0.022928399034593726,0.031260774623606484,0.0437880703367429,0.01953798413975405,0.0681530858522009,0.027583036432593955,0.02034248936903804,0.012182507757728996
B:GTTAC,0.02749546994406366,0.05349405183959663,0.06649334278736312,0.09131017096037186,0.04750649964547388,0.05499093988812732,0.058851335381706456,0.10210352162609312,0.08272276057669582,0.05341526825809501,0.06279051445678721,0.057196880170172534,0.022926022216969984,0.028440872922083037,0.04727014890096904,0.018435358071377923,0.06625699204285827,0.028440872922083037,0.017332387930355315,0.012526589458756796
B:GTTAG,0.02746057640021751,0.05145459488852637,0.0696710168569875,0.08414899401848831,0.04792006525285481,0.05077487765089723,0.057028276237085375,0.10583197389885808,0.08741163675910821,0.05560087003806417,0.0664763458401305,0.056484502446982054,0.01964382816748233,0.02569331158238173,0.04588091353996737,0.020799347471451877,0.0687873844480696,0.028276237085372486,0.019915715062533985,0.010739532354540511
B:GTTAT,0.03245356793743891,0.05513196480938416,0.07038123167155426,0.08647768002606712,0.0483545128706419,0.054610622352557835,0.06060606060606061,0.10342130987292278,0.06601498859563376,0.05421961550993809,0.07044639947865754,0.05806451612903226,0.020593027044639948,0.032649071358748775,0.04327142391658521,0.01785597914630173,0.06581948517432389,0.027044639947865753,0.020527859237536656,0.012056044314108831
B:GTTCA,0.02753918356504029,0.05127069866288852,0.062472327990790756,0.07969538652262463,0.04609049853891791,0.05472416541220225,0.05893031081200744,0.10865137695917826,0.09355352873461437,0.05202337731337997,0.06366775878863012,0.06424333658018241,0.02116355264323032,0.025591074116709467,0.04294695829274772,0.019126892765429913,0.06698839989373949,0.028601788718675285,0.018108562826529707,0.014610820862481184
B:GTTCC,0.025092980556470974,0.04754955039781555,0.06294430582364295,0.07480815404171179,0.04717292029565463,0.05734193305399934,0.05206911162374653,0.11633162280495268,0.10305541170378042,0.05385810460901087,0.0630855421119533,0.06355632973965444,0.02104420695824114,0.023162751282896285,0.03935784567581564,0.021891624688103198,0.06294430582364295,0.029471305494091615,0.020149710465608962,0.015112282849206723
B:GTTCG,0.019408208717785556,0.053133948456888326,0.07317849188673242,0.06840598154629335,0.047725103404390706,0.060133630289532294,0.04931594018453707,0.10085905186127904,0.10722239898186446,0.05217944638880051,0.06108813235762011,0.06267896913776647,0.027998727330575884,0.019726376073814826,0.03468024180719058,0.021317212853961185,0.05949729557747375,0.04072542157174674,0.021317212853961185,0.019408208717785556
B:GTTCT,0.02545009613703898,0.048837615801433316,0.06733088620870477,0.07718930256948087,0.046040901940220244,0.055654605838140185,0.05768222338751967,0.10721901765425625,0.09361999650410767,0.052473343821010314,0.06264639049117288,0.06152770494668764,0.019611955951756684,0.0262891102954029,0.04530676455165181,0.02167453242440133,0.06526830973606013,0.02964516692885859,0.020695682572976753,0.015836392239119035
B:GTTGA,0.02979527559055118,0.04988976377952756,0.06847244094488189,0.07773228346456693,0.047937007874015745,0.05278740157480315,0.061291338582677164,0.1152755905511811,0.07930708661417323,0.05404724409448819,0.06809448818897638,0.06211023622047244,0.021228346456692915,0.02633070866141732,0.04195275590551181,0.0191496062992126,0.0608503937007874,0.02822047244094488,0.022173228346456693,0.013354330708661417
B:GTTGC,0.026877866972477064,0.048236811926605505,0.0626433486238532,0.07877006880733944,0.0468033256880734,0.055404243119266054,0.057482798165137614,0.10779816513761468,0.10048738532110092,0.054830848623853214,0.06450688073394495,0.0624283256880734,0.019853784403669725,0.02522935779816514,0.04228784403669725,0.021860665137614678,0.06099483944954128,0.031680045871559634,0.018922018348623854,0.012901376146788992
B:GTTGG,0.026023846552617937,0.04758942457231726,0.06531881804043546,0.07407983411093831,0.04805598755832037,0.05526179367547952,0.0569725246241576,0.12052877138413685,0.1064282011404873,0.05241057542768274,0.06288232244686366,0.0592016588906169,0.019129082426127528,0.023017107309486782,0.039865215137376876,0.019854847071021253,0.060497667185069985,0.02825298081907724,0.020580611715914982,0.014048729911871435
B:GTTGT,0.02493765586034913,0.05269844257281325,0.06427327906648474,0.08158848162612337,0.04719333741118901,0.05646261704229991,0.05636851268056274,0.10916105961511316,0.09283395285371476,0.05081635533806992,0.06483790523690773,0.058674069543123326,0.020750011763045216,0.031242648096739285,0.043523267303439514,0.019856020326542136,0.06196772220392415,0.028325412882887122,0.020561803039570885,0.013927445537100645
B:GTTTA,0.02985861490534388,0.051569614186436616,0.06839204409297867,0.09115744069015097,0.051569614186436616,0.05434938892882818,0.06273664030673376,0.0975796788880901,0.07500599089384136,0.04888569374550683,0.06848789839444044,0.05751258087706686,0.021902707884016295,0.029906542056074768,0.04538701174215193,0.017828900071890728,0.06944644140905823,0.024442846872753415,0.020944164869398513,0.013036184998801822
B:GTTTC,0.028233749179251477,0.049747016337723535,0.06469429531497431,0.0808002780889112,0.046966127225676876,0.05457494882391565,0.05851454173264841,0.11050171874396508,0.08489436483720211,0.05472944266347379,0.06434668417596848,0.06434668417596848,0.02097253872001854,0.024873508168861767,0.04078637364335097,0.021783631377698814,0.06662546830945117,0.028851724537484066,0.019543470704105673,0.014213433239349581
B:GTTTG,0.024850536627530073,0.04674782107613628,0.06634012821436289,0.079773824101419,0.04703594323993373,0.0517179284016423,0.06158611251170496,0.10945040697255637,0.09007419145717785,0.05240221854066124,0.0678527695742995,0.06299070806021753,0.022905712021897284,0.02535475041417561,0.04336238565151624,0.019556291867751926,0.06435928833825542,0.028091910970251387,0.021501116473384714,0.014045955485125694
B:GTTTT,0.02882401010326127,0.05408216328653146,0.06851893123343981,0.08411955525840081,0.054800287249585224,0.053091647475422825,0.059802392095683825,0.09746675581308967,0.07874600698313647,0.052274471931258205,0.06673600277344427,0.057598494415967115,0.021964688111333976,0.03045836119159052,0.04516752098655375,0.020107470965505286,0.06653789961122254,0.027090607433821162,0.01971126464106183,0.012901468439689968
B:TACAA,0.030275702138624065,0.052821437773769644,0.06866786910590054,0.08606029373872713,0.04702396289616078,0.05685819805891952,0.05990724040195826,0.10538520999742335,0.0751953963755046,0.04788284806321395,0.06742248561367345,0.057545306192562054,0.021686850468092416,0.03246585931460964,0.048011680838271925,0.01838014257493773,0.0651034956626299,0.02619599759512153,0.019969080133986086,0.013140943055913424
B:TACAC,0.023056100065341173,0.0477457294875385,0.06118734248109773,0.08134976197143658,0.04965929244842714,0.06142070381779147,0.05213292261738075,0.10804629888920003,0.10118547559040418,0.05273966209278447,0.06347428358069634,0.06198077102585644,0.021655932045178756,0.027209931858489685,0.0426117800802763,0.019042285074208905,0.06403435078876132,0.03010361243349202,0.018202184262111454,0.013161579389526744
B:TACAG,0.024945399945399946,0.04634179634179634,0.06552006552006552,0.08292383292383293,0.04876467376467376,0.05698880698880699,0.05893393393393393,0.10708435708435708,0.09944034944034943,0.053371553371553374,0.06156156156156156,0.060776685776685775,0.020645645645645645,0.026378651378651377,0.04296341796341796,0.020065520065520065,0.0645986895986896,0.02760715260715261,0.018256893256893256,0.01283101283101283
B:TACAT,0.03162919505884925,0.05178005320118063,0.06478883503990089,0.08683452975257808,0.049047115840104946,0.05881281201034872,0.05968735196589294,0.10439820719309113,0.0733884779360857,0.05010385161972088,0.07127500637685384,0.057464562912218055,0.02149910724046205,0.034034179936595854,0.044419341908683456,0.020260175636774406,0.06577269248988814,0.02448711875523813,0.020879641438618226,0.009437743686914695
B:TACCA,0.030019150147507893,0.04979038352052171,0.06241912944464572,0.08410537756844884,0.04937632627710781,0.05072201231820299,0.06117695771440402,0.10946638372755034,0.08508876352155685,0.052947570001552716,0.06278142953263288,0.0659386160136639,0.02106516225868226,0.026706692200196676,0.04166451011852389,0.021116919414109002,0.06376481548574091,0.027948863930438383,0.02085813363697531,0.013042803167537913
B:TACCC,0.02695866338281302,0.045863010051254746,0.06423483991213473,0.06902749118019037,0.04772681887772083,0.05351793915995474,0.05398389136657126,0.11229448179458164,0.10244292085468948,0.05478266657791386,0.0698928309924782,0.06716368235372429,0.019902815682619982,0.023364174931771283,0.03987219596618518,0.020035944884510416,0.058576848831791255,0.03448046328962258,0.021100978499633896,0.014777341409838248
B:TACCG,0.01995870612525809,0.049896765313145214,0.049896765313145214,0.07949070887818308,0.05196145905024088,0.05677907777013076,0.04129387474191328,0.11459050240880936,0.10874053682037164,0.048864418444597386,0.06434962147281487,0.060220233998623536,0.024088093599449415,0.028905712319339298,0.040605643496214726,0.024088093599449415,0.05677907777013076,0.040605643496214726,0.022367515485203028,0.016517549896765314
B:TACCT,0.030263664357197843,0.04845073133179369,0.06774441878367975,0.07428791377983064,0.04835450346420323,0.05494611239414934,0.057399923017705926,0.11277906081601231,0.09074287913779831,0.053117782909930716,0.0632217090069284,0.06312548113933796,0.01958237105465743,0.026607005388760586,0.045178983833718246,0.02073710546574288,0.060864126250962276,0.02819476520400308,0.020640877598152425,0.01376058506543495
B:TACGA,0.016748366013071895,0.05024509803921569,0.05841503267973856,0.09722222222222222,0.04656862745098039,0.05065359477124183,0.05718954248366013,0.10661764705882353,0.09354575163398693,0.05473856209150327,0.06209150326797386,0.06209150326797386,0.022058823529411766,0.026143790849673203,0.04370915032679738,0.0196078431372549,0.06454248366013073,0.030637254901960783,0.01919934640522876,0.017973856209150325
B:TACGC,0.022282855843565257,0.045929968167348796,0.05411550704865848,0.09959072305593451,0.03956343792633015,0.04911323328785812,0.049567985447930875,0.11596180081855388,0.11323328785811733,0.054570259208731244,0.056844020009095046,0.05820827648931332,0.02592087312414734,0.0241018644838563,0.04138244656662119,0.019554342883128694,0.058663028649386086,0.03865393360618463,0.017735334242837655,0.015006821282401092
B:TACGG,0.015651015651015652,0.05527805527805528,0.05561105561105561,0.08358308358308358,0.04395604395604396,0.05727605727605728,0.049617049617049616,0.09923409923409923,0.11921411921411922,0.054945054945054944,0.06060606060606061,0.06526806526806526,0.017316017316017316,0.02763902763902764,0.03496503496503497,0.024309024309024308,0.06460206460206461,0.031302031302031304,0.018315018315018316,0.021312021312021312
B:TACGT,0.0274858528698464,0.055241174885475613,0.060630557801131774,0.08865534896254379,0.04419293990838049,0.05119913769873349,0.057935866343303694,0.1064403125842091,0.10536243600107788,0.044731878199946104,0.06601994071678793,0.0549717057396928,0.02155753166262463,0.03152789005658852,0.032066828348154136,0.021288062516841823,0.06736728644570197,0.033144704931285365,0.015629210455402855,0.014551333872271624
B:TACTA,0.03761331348937898,0.05452577459071844,0.07123528615884184,0.09227438776890813,0.051481531592477335,0.051752130970098766,0.06088485996482208,0.09423623325666351,0.06047896089838994,0.056081721012041674,0.06568799891760249,0.06054661074279529,0.021783249898525234,0.031930726559328916,0.04843728859423623,0.018941956433500204,0.06778514409416858,0.02570694087403599,0.01961845487755378,0.008997429305912597
B:TACTC,0.0312520560563195,0.04855582604118692,0.0661885650371735,0.07711033620632936,0.04849003223896309,0.05664846371471807,0.05862227778143299,0.10290150667807092,0.0879663135732614,0.05276662938351207,0.06513586420159222,0.060859267057043226,0.022698861767221527,0.02704125271399434,0.041976445818803866,0.021054016711625764,0.06664912165274031,0.0280281597473518,0.022304098953878543,0.013750904664780577
B:TACTG,0.02873823316437364,0.05055213613323679,0.0710988414192614,0.08372556118754526,0.045392831281679945,0.05494207096307024,0.059332005792903694,0.1051774076755974,0.0823225923244026,0.053177045619116584,0.06358616944243302,0.05806480811006517,0.021678131788559016,0.027742577842143373,0.04412563359884142,0.01968682114409848,0.06870021723388849,0.028014120202751628,0.020591962346125994,0.013350832729905865
B:TACTT,0.032360168256215904,0.05039356961392695,0.07329973762025738,0.0889175794427554,0.04901919953354712,0.05255924367998001,0.06238807213360543,0.09466494523343467,0.07175877722710425,0.05347549040023323,0.0642622131523052,0.057015534546666115,0.023031110740910417,0.03211028278705593,0.04772812460955395,0.020740493940277372,0.06696930573487152,0.026654450043729957,0.019907542376410813,0.012744158927158385
B:TATAA,0.03454131449963336,0.054571417544672145,0.07031762571880669,0.09239319208058354,0.04885955771679981,0.056423912623982095,0.06194280421442631,0.09582802670680406,0.058971093358033265,0.05001736714136853,0.07251746362548725,0.05279610976033345,0.021187912469607502,0.03612365404654394,0.048743776774342946,0.017328547721045116,0.07139824784840415,0.024391185210914282,0.022114160009262477,0.009532630928949095
B:TATAC,0.03210420106402495,0.05155017427994863,0.06897816914327647,0.088729896655048,0.04916529077233535,0.05369045435088363,0.05925518253531462,0.10609674065920627,0.06708249250901975,0.05362930349171406,0.0720968629609246,0.05216168287164435,0.023115024766097964,0.03607900691004708,0.04470127805295664,0.01932367149758454,0.06671558735400232,0.02525530483703296,0.02017978352595854,0.01008989176297927
B:TATAG,0.03657027118262631,0.05384269157195904,0.061888151232136826,0.08214245527174524,0.049454259030043884,0.05806233824687746,0.06194441318780241,0.10003375717339935,0.07252166085293124,0.052154832901991674,0.06802070439968494,0.058850005626195565,0.022448520310565996,0.030325194103747045,0.04602227973444357,0.017666254078991785,0.07201530325194104,0.02700573871947789,0.01907280297063126,0.009958366152807471
B:TATAT,0.03831234707883273,0.06188458554633884,0.06886674225696723,0.08748582681864296,0.04994927492988005,0.05896043444530644,0.057140299576296474,0.09903323984006684,0.05558870919615683,0.047621889359670586,0.08089156770304948,0.05027749597183267,0.02118517634421436,0.038461538461538464,0.04371307513278033,0.020558572536850273,0.06874738915080265,0.02401981261562332,0.019693262517157008,0.0076087605179924805
B:TATCA,0.035562574882910356,0.05157390262498639,0.06513451693715282,0.08484914497331446,0.04743491994336129,0.05680209127546019,0.06311948589478271,0.10429147151726391,0.06502559634026794,0.048687506807537306,0.07172421304868751,0.05870820172094543,0.02292778564426533,0.03060668772464873,0.04792506262934321,0.019878008931488944,0.06791199215771702,0.024779435791308136,0.021457357586319573,0.011600043568238754
B:TATCC,0.031338833807113636,0.04985093253830687,0.06337100464535811,0.07280038826873743,0.04534424183595646,0.056922970255841365,0.057616307286972195,0.12098731193233031,0.08035776190806351,0.05234694585037787,0.07078971087845802,0.06378700686403661,0.01969077168411565,0.025376135339388477,0.04340289814879013,0.021493447965055812,0.06052832281772169,0.027386812729667892,0.023434791652222144,0.01317340359148582
B:TATCG,0.023694390715667313,0.04497098646034816,0.0609284332688588,0.09864603481624758,0.05077369439071567,0.05899419729206963,0.05029013539651837,0.11943907156673114,0.07301740812379111,0.049806576402321084,0.07011605415860735,0.06334622823984526,0.021760154738878143,0.03239845261121857,0.03529980657640232,0.016924564796905222,0.06673114119922631,0.023694390715667313,0.024661508704061894,0.014506769825918761
B:TATCT,0.03499555141295598,0.053425412023895266,0.06634749819938143,0.08312502647968478,0.04592636529254756,0.055882726772020504,0.06329703851205355,0.10608820912595857,0.06816930051264669,0.0501207473626234,0.07473626233953311,0.058001101554887094,0.020590602889463204,0.02821675210778291,0.0465195102317502,0.018853535567512604,0.06922848790408,0.023768165063763082,0.022412405202728466,0.010295301444731602
B:TATGA,0.035461351679481994,0.05321732092270336,0.06328409550789155,0.07967422096317281,0.047096317280453256,0.05367260218535006,0.061058276001618776,0.10597936058276002,0.07046742209631728,0.04917037636584379,0.07304734925131526,0.058377175232699315,0.0226628895184136,0.03217320922703359,0.04775394577094294,0.01952650748684743,0.07198502630513962,0.025040469445568595,0.019779441521651155,0.01057264265479563
B:TATGC,0.03291832344697217,0.05084414314581839,0.06466332051365621,0.07887360667492341,0.04908415357538622,0.053777459096538686,0.05990483019359885,0.10820676618212632,0.07776546509354018,0.05156117593377225,0.073528453164722,0.05827521022097647,0.021902092432044846,0.02607391956195815,0.045433804836712076,0.021185059644091,0.06661886448080308,0.026465028355387523,0.021185059644091,0.011733263802881169
B:TATGG,0.03350545037292025,0.05094664371772806,0.06351118760757316,0.07624784853700517,0.04842226047045324,0.057946069994262765,0.058864027538726334,0.11216293746414228,0.08588640275387263,0.05031554790590935,0.06907630522088354,0.06161790017211704,0.019219736087205966,0.027079747561675273,0.04262765347102696,0.02002294893861159,0.06351118760757316,0.024440619621342512,0.02019506597819851,0.014400458978772231
B:TATGT,0.03308734365797041,0.05172712469251291,0.06402660846065898,0.08644285070851956,0.05255863908810588,0.057305200429615774,0.05737449329591519,0.10730000346464331,0.0732425596784811,0.04753490628139833,0.07189134878564252,0.0608044901777362,0.02019887052627932,0.03125108270103593,0.04639157398745799,0.0191594775317881,0.06548175865294668,0.02470290683574126,0.019228770398087517,0.01028999064546305
B:TATTA,0.040097582612552675,0.05322687957418496,0.0665779552007097,0.09075182967398536,0.05362608117099135,0.051984919050787316,0.06711022399645154,0.09336881791971613,0.05650920381459303,0.0502550454646263,0.07194499889110667,0.056021290751829676,0.024484364604125085,0.03402084719449989,0.045109780439121755,0.017831004657351962,0.07021512530494567,0.023020625415834998,0.02439565313816811,0.00944777112441783
B:TATTC,0.03426349256398129,0.05134268747700878,0.06842188239003626,0.08660465605129014,0.048399810815071734,0.05065951968048768,0.06752850911766252,0.10547059750906511,0.06316674549372012,0.0480319512323296,0.07078669399337853,0.057333543538809185,0.022386883178306796,0.03026958852278102,0.04414314992905565,0.01975931473014872,0.06978821798307847,0.02711650638499133,0.02328025645068054,0.011245992958116558
B:TATTG,0.03643187066974596,0.05323325635103926,0.06605080831408776,0.08285219399538106,0.04780600461893764,0.056928406466512704,0.062066974595842955,0.10900692840646652,0.0657621247113164,0.04815242494226328,0.07297921478060046,0.05958429561200924,0.022055427251732103,0.03163972286374134,0.04428406466512702,0.018533487297921477,0.061605080831408775,0.02592378752886836,0.02367205542725173,0.011431870669745959
B:TATTT,0.03307107322097789,0.05413224046111026,0.070108921957527,0.08946065002520327,0.0522255583072169,0.055315698349733725,0.061013828924587434,0.09982686449407176,0.06340266058866072,0.050362707926976266,0.07142387516710863,0.05446097876350567,0.02149948497665958,0.03318065265510969,0.04648359595871047,0.01740121414013018,0.06927611825812531,0.02494027920839817,0.02145565320300686,0.010957943413180214
B:TCCAA,0.03061388042955602,0.05012822567719186,0.06507453117486776,0.0746914569642571,0.047723994229844524,0.05461612437890687,0.05886359993588716,0.11372014745952877,0.08422824170540151,0.05197146978682481,0.06888123096650105,0.06371213335470428,0.02023561468184004,0.02568520596249399,0.044878987017150186,0.020476037826574773,0.06299086392050009,0.0268472511620452,0.021598012502003525,0.0130629908639205
B:TCCAC,0.023267165636186138,0.04637162382037097,0.06585584119752684,0.07366579889358933,0.04197852261633583,0.06007972665148064,0.052920598763423365,0.1174747803449398,0.10950211519687601,0.053612105434428896,0.06028311096648226,0.06032378782948259,0.023389196225187113,0.02298242759518386,0.03852098926130817,0.022250244061178003,0.0593882199804751,0.0320126911812561,0.02086723071916694,0.01525382362512203
B:TCCAG,0.02304147465437788,0.046314651288520456,0.06557166027340834,0.06855804134593106,0.04757613984501712,0.05591741111654609,0.05352315732564426,0.11554205390932729,0.11157737558890919,0.05553124115027161,0.0594186854774348,0.06521123497155215,0.021059135494168834,0.02268104935252169,0.040341889143475015,0.021831475426717813,0.059135494168833506,0.03300465978425971,0.018767860360940195,0.015395309322142985
B:TCCAT,0.0314011405471739,0.04807622897567314,0.05998700642460117,0.07492961813325634,0.04767920306070887,0.05666642604490002,0.059842633364614164,0.11607594022955317,0.08582978416227532,0.052768353425250845,0.07337760773839601,0.061178084169493975,0.021619865733054213,0.02497653937775211,0.043348011261098676,0.019237710243268605,0.06370461271926658,0.024832166317765105,0.020825813903125677,0.013643254168772108
B:TCCCA,0.023817186997103314,0.04715159317669778,0.06262740049350927,0.06933268962557665,0.04530093337624718,0.05678038837034653,0.051630726316918785,0.12318957193434181,0.11331938633193864,0.05407145156099131,0.06359296212852698,0.06667739512927798,0.01936487501341058,0.02185924257053964,0.037710546078746916,0.021778779100954833,0.05766548653577942,0.03046883381611415,0.01872116725673211,0.01493938418624611
B:TCCCC,0.023577263796490985,0.04625831581124401,0.06428596049774224,0.07059391265382096,0.043224983626900144,0.0558064182551446,0.05087725345558581,0.12126434800592878,0.11278480576333115,0.05418634311123367,0.06818103477991107,0.06542346006687119,0.01906173520388818,0.020371583192582123,0.035676122849953466,0.020130295405191134,0.057840129606011516,0.03395263865430354,0.019992416669539142,0.01651097859432629
B:TCCCG,0.017123287671232876,0.047397260273972605,0.07301369863013699,0.0689041095890411,0.046986301369863016,0.05726027397260274,0.04616438356164384,0.1126027397260274,0.13602739726027396,0.046986301369863016,0.061232876712328764,0.06397260273972603,0.019041095890410958,0.021369863013698632,0.030136986301369864,0.022465753424657533,0.05273972602739726,0.03753424657534247,0.01589041095890411,0.02315068493150685
B:TCCCT,0.023304741867616118,0.0476344608081135,0.06009602416788046,0.07301612990235745,0.044802287317257376,0.05491719264174354,0.057587527647407884,0.11911312510114905,0.1028753304202406,0.056400712089334844,0.061687435938932944,0.06416895937854021,0.018476560392728058,0.02176727625829422,0.03840966715218212,0.022252791713869558,0.0635216054377731,0.03199007390624157,0.02327776878675082,0.014700329071586556
B:TCCGA,0.019132057862809144,0.04969668688754083,0.0648623425104993,0.0790947270181988,0.04713019132057863,0.052496500233317776,0.04503033131124592,0.11712552496500234,0.10895940270648623,0.05739617358842744,0.05692953803079795,0.06789547363509099,0.02006532897806813,0.022865142323845077,0.038497433504433035,0.023098460102659823,0.05389640690620625,0.04223051796546897,0.016565562295846943,0.017032197853476434
B:TCCGC,0.01450494008829094,0.04603741854109733,0.06663863779693084,0.07336556653352953,0.053815429892789576,0.0544460794618457,0.048139583771284425,0.09901198234181206,0.1288627286104688,0.047719150725247,0.05822997687618247,0.0702123186882489,0.025015766239226404,0.022072734916964473,0.033003994113937354,0.02564641580828253,0.05255413075467732,0.038679840235442506,0.019970569686777382,0.022072734916964473
B:TCCGG,0.02099737532808399,0.05721784776902887,0.07751531058617672,0.06386701662292213,0.049518810148731406,0.05756780402449694,0.04479440069991251,0.11128608923884514,0.12020997375328084,0.04636920384951881,0.05494313210848644,0.07226596675415572,0.01994750656167979,0.024671916010498687,0.03307086614173228,0.023972003499562553,0.05021872265966754,0.03604549431321085,0.016972878390201226,0.018547681539807525
B:TCCGT,0.015463917525773196,0.04976209357652656,0.055709754163362414,0.07811260904044409,0.04500396510705789,0.05749405233941316,0.05114988104678826,0.10448057097541634,0.12470261697065821,0.056304520222045996,0.06086439333862014,0.06522601110229977,0.017842981760507533,0.020222045995241873,0.03191911181601903,0.022997620935765267,0.0654242664551943,0.035685963521015066,0.021213322759714513,0.0204203013481364
B:TCCTA,0.02866608383564165,0.0493719228822528,0.06423411402015368,0.08047669442782865,0.04500069019463489,0.054433350204757744,0.05678001196337367,0.10900473933649289,0.0878387705332904,0.05434132425343947,0.06805319099986196,0.0614273225049464,0.020935903924906824,0.025905305296093497,0.04352827497354254,0.02010767036304238,0.06639672387613307,0.02967836930014264,0.0205217871439746,0.013297749965490269
B:TCCTC,0.025946235121037848,0.04694396148187776,0.05991707904239668,0.07545807141901832,0.042904908385716194,0.056974722482278986,0.055851277250234053,0.11352146582854086,0.11180954928447238,0.05451384245018055,0.06066604253042664,0.06540056172261602,0.02073023940082921,0.02059649592082386,0.04100575096964023,0.023592349872943695,0.05657349204226294,0.03110873344924435,0.02083723418483349,0.01564798716062592
B:TCCTG,0.020714203697324608,0.04675622918819612,0.06280858881616719,0.07013434378229418,0.04560799173269032,0.057779308761051786,0.0533471121827994,0.11751062119646342,0.1194855896199334,0.05410494890343323,0.06138477437134,0.0605350786542657,0.01945114249626823,0.021747617407279825,0.04076242967045585,0.021747617407279825,0.05922608795498909,0.03272476748191526,0.018785164772074866,0.015386381903777701
B:TCCTT,0.028998331395054863,0.05061435000252819,0.06138443646660262,0.07862668756636497,0.04591191788441119,0.053142539313343784,0.06163725539768418,0.11298478030034889,0.08798098801638267,0.05240936441320726,0.0668453253779643,0.06140971835971078,0.021186226424634677,0.02545886635991303,0.044167467259948426,0.021211508317742832,0.06393790767052637,0.026242605046265865,0.021868837538554887,0.013980886888810233
B:TCTAA,0.030032786885245903,0.05293989071038251,0.07042622950819673,0.08511475409836065,0.048087431693989074,0.05337704918032787,0.061901639344262294,0.10194535519125683,0.07116939890710383,0.050972677595628416,0.07081967213114754,0.05906010928961749,0.020808743169398906,0.028240437158469946,0.046994535519125684,0.0187103825136612,0.06950819672131148,0.027497267759562842,0.020633879781420766,0.011759562841530055
B:TCTAC,0.027633503101205183,0.04462709898643538,0.06444455650244567,0.08279965710251626,0.04740053451666583,0.05103121375624023,0.05688064141999899,0.1112904039130654,0.09313700771519338,0.05017397004689628,0.06283092128485704,0.06318390398870455,0.02254046694569109,0.027381372598456962,0.043568150874892846,0.021531944934698198,0.06545307851343855,0.02929756441934345,0.021027683929201756,0.013766325450052947
B:TCTAG,0.02915411990145086,0.04790583082398029,0.0644219363080573,0.0776530705356328,0.0474952094169176,0.05251391550323935,0.056255132767588284,0.10457158499863126,0.09175107217811844,0.05452139793776804,0.0684369011771147,0.06433068710648782,0.021169814764120814,0.025139155032393466,0.045031480974541474,0.020622319554703897,0.06469568391276577,0.028789123095172918,0.022082306779815677,0.013459257231499225
B:TCTAT,0.03306115203692198,0.050812106150705603,0.06297150971864737,0.08063370906186207,0.048282595189491434,0.05769060086979675,0.06314901925978521,0.10513002573888347,0.06874056980562705,0.051167125232981274,0.07721665039495873,0.055116712523298125,0.01934853998402414,0.028312771811484866,0.048060708263069137,0.019171030442886306,0.07721665039495873,0.023076240347918702,0.019703559066299815,0.011138723706399218
B:TCTCA,0.026448819997207093,0.04739561513755062,0.06281245636084345,0.0760787599497277,0.04599916212819439,0.056416701577991904,0.05800865800865801,0.1136154168412233,0.09437229437229437,0.056109481915933526,0.06432062561094819,0.06451612903225806,0.021281943862589026,0.024717218265605363,0.04225666806311967,0.021868454126518642,0.06214215891635246,0.028347996089931573,0.019215193408741796,0.01407624633431085
B:TCTCC,0.024036860219829023,0.04926723659376041,0.061119129565893195,0.07341512157211058,0.04574220051071389,0.056678139225047185,0.05764960586210725,0.11604862884423227,0.10261463306317309,0.05365271455534584,0.06506050849339402,0.06447762851115799,0.018430109914510936,0.02145553458421228,0.03960808260242034,0.02189963361829688,0.06136893527256578,0.03164205617852781,0.020955923170867103,0.014877317641834129
B:TCTCG,0.018473335657023353,0.04461484837922621,0.06761937957476473,0.07093063785291043,0.04461484837922621,0.06099686301847333,0.04949459742070408,0.10927152317880795,0.12112234227953991,0.053851516207737885,0.05907981875217846,0.0618682467758801,0.0256186824677588,0.023527361449982572,0.03537818055071453,0.0219588706866504,0.06099686301847333,0.03485535029627048,0.016382014639247124,0.019344719414430115
B:TCTCT,0.026637108366961672,0.04859800135090667,0.059214742201977866,0.07597984031590432,0.048130379812605,0.055248618784530384,0.06181263963698713,0.11434212577287449,0.08909056270458442,0.05221773844368624,0.07319143040232771,0.06995271826668283,0.019345676232702332,0.024004572299485615,0.03886454562773862,0.02147595212940993,0.06359652920902682,0.025927016401392472,0.020904414693707893,0.01146538734650756
B:TCTGA,0.024373893923955597,0.04979353247171127,0.06287874725156861,0.07918163779696466,0.04692443824743927,0.05746232637957849,0.05829355928567598,0.11130476752292594,0.09854132031962246,0.052072719472301174,0.06295918914570708,0.06306644500455838,0.019842333887488604,0.026036359736150587,0.04161527323430042,0.02086126454657586,0.06156486298064032,0.02794015123076098,0.020405427146457874,0.014881750415616454
B:TCTGC,0.02113617614428356,0.04696611953460587,0.06656615367109493,0.07327966318664125,0.04469035359713253,0.055841606690751854,0.055841606690751854,0.11134184849088272,0.1147554973970927,0.05387875856968111,0.06249822205786135,0.06454641140158734,0.020197422695075812,0.02224561203880181,0.039370750718288626,0.02099394077319148,0.05928370267118027,0.0316331465308793,0.019230222171649648,0.015702784968565982
B:TCTGG,0.023937696406612925,0.04648175980325181,0.062467550211777564,0.06853395272578221,0.04568930181718814,0.055280776062303597,0.05150976909413854,0.12080885366853396,0.10990572482579587,0.054761579450744634,0.06145648312611012,0.06779614701461949,0.02008471102609646,0.022106845197431342,0.03954092089083208,0.020740538324907774,0.061265200163956826,0.031042492143735483,0.020822516737259187,0.015767181308921983
B:TCTGT,0.02550714713686553,0.049152614910553796,0.06197038431909612,0.07849011384062313,0.04752632029444492,0.056128562869126084,0.05510142942737311,0.11358383976718309,0.10288453308225627,0.05191303603526491,0.06274073440041085,0.062441153813232904,0.019793717367114612,0.024308824788153726,0.041491911324146195,0.019215954806128564,0.06575793888556021,0.028631344688864163,0.01913036035264915,0.014230077890952667
B:TCTTA,0.03106269084329174,0.051984770234101106,0.06766690541712218,0.08372601500358126,0.05062766238172428,0.05243713951822671,0.0631432125758661,0.10189618124929317,0.07758133222754175,0.05224865231650771,0.0689863158291552,0.05854412485392242,0.02182681795906058,0.02993176763297772,0.04305047687262035,0.017416217438835903,0.06770460285746598,0.026048931277566252,0.02129905379424737,0.012817129716892223
B:TCTTC,0.027079787766543198,0.048328160977074784,0.05984082490739814,0.07856141755931524,0.04692661928120933,0.05423465812393633,0.059215136650315345,0.1059665632195415,0.10241265391931124,0.054610071078186,0.06477124837321054,0.0649214135549104,0.020897987786565222,0.02420162178396236,0.04097006707378116,0.022049254179597556,0.060591650815897485,0.029056962658924816,0.021123235559115026,0.014240664731204325
B:TCTTG,0.029262595929262596,0.05031698365031698,0.0635301968635302,0.07564230897564231,0.04771438104771438,0.054754754754754754,0.05682349015682349,0.11264597931264599,0.09349349349349349,0.05278611945278612,0.06192859526192859,0.0636302969636303,0.02042042042042042,0.025425425425425426,0.04234234234234234,0.02252252252252252,0.0626292959626293,0.02772772772772773,0.021287954621287953,0.015115115115115116
B:TCTTT,0.03298901727024048,0.05307638917241661,0.06483485077369044,0.08257461315477892,0.049850977830400524,0.05521985873514882,0.06030294369819949,0.10874535581594741,0.07873678193769648,0.0503409137304536,0.06744784224064018,0.06038459968154167,0.019270812068754337,0.02837545421140734,0.04284897725880864,0.018515494222839178,0.06599844853631649,0.02545625280692443,0.022782019352468052,0.01224839750132691
B:TGCAA,0.030250607817467738,0.04988778754441743,0.06059472601458762,0.08116700953805872,0.04525902375163643,0.05746212829624088,0.05788292500467552,0.10907985786422293,0.08434636244623153,0.05124368804937348,0.06901066018328035,0.06307275107536936,0.022769777445296426,0.02758556199738171,0.043014774639985036,0.02075930428277539,0.06531700018702076,0.02697774452964279,0.02033850757434075,0.013979801757995137
B:TGCAC,0.018958839953165812,0.043816986400072054,0.059893722417364674,0.08290552103035216,0.04543816986400072,0.06192020174727551,0.05435467891560839,0.11195172475907413,0.11974241196073133,0.05133747635774115,0.05782221021345582,0.06110961001531118,0.018778708457173738,0.023552193100963705,0.04116004683418896,0.021615779519048906,0.06277582635323786,0.034044852742502026,0.015986670269296586,0.012834369089435287
B:TGCAG,0.021466342718307847,0.04333285693868801,0.06645705302272402,0.07631842218093468,0.04176075460911819,0.05888237816206946,0.05385165070744605,0.11039016721452051,0.11936544233242818,0.05370873231384879,0.05793911676432757,0.060540231527797625,0.019951407746176934,0.023638702300986136,0.040988995283693014,0.021437759039588396,0.06142632556810061,0.03490067171644991,0.018893811633557238,0.014749178219236816
B:TGCAT,0.026418934197633224,0.04872993140875857,0.058867867641516546,0.08415617698047788,0.04379286952589131,0.05834024270746966,0.05890555513680561,0.10729629908796261,0.09018617622672798,0.05163186854601643,0.06998567875179015,0.06048842993894626,0.02193412225823472,0.0246099344237582,0.045827994271500715,0.019898997512625312,0.06640536669932916,0.029923871259516094,0.02099193487600814,0.01160774854903143
B:TGCCA,0.02431254191817572,0.04510395707578806,0.06552649228705566,0.0727364185110664,0.04406438631790745,0.06042924211938296,0.05563380281690141,0.11556002682763246,0.10922199865861838,0.053722334004024146,0.059356136820925554,0.061334674714956405,0.022032193158953724,0.02340710932260228,0.04007377598926895,0.02142857142857143,0.061334674714956405,0.028537894030851777,0.020221327967806842,0.01596244131455399
B:TGCCC,0.021054628224582702,0.04552352048558422,0.06551593323216995,0.0665402124430956,0.04419575113808801,0.05679059180576631,0.05011380880121396,0.11570561456752655,0.12564491654021245,0.056828528072837635,0.05959787556904401,0.0643019726858877,0.018930197268588772,0.02082701062215478,0.03676024279210926,0.023482549317147192,0.056449165402124434,0.03535660091047041,0.018323216995447648,0.018057663125948406
B:TGCCG,0.01368888888888889,0.048355555555555554,0.0688,0.07413333333333333,0.03911111111111111,0.062044444444444444,0.0512,0.10773333333333333,0.1344,0.052444444444444446,0.0544,0.05884444444444444,0.023644444444444444,0.019555555555555555,0.032,0.022222222222222223,0.057244444444444445,0.044977777777777776,0.015111111111111112,0.02008888888888889
B:TGCCT,0.024723816265136384,0.04386075789367242,0.06747225522663498,0.07043001238718812,0.045175316631696036,0.05652602573501529,0.053012109108375255,0.11166165280481331,0.11487220972267867,0.05657658568647774,0.06287129964355234,0.06441337816315697,0.020552620269484543,0.021513259347271028,0.0404732411456885,0.020906539929721666,0.05968602270141821,0.030411810804661626,0.018757741992567686,0.016103344540789242
B:TGCGA,0.02526315789473684,0.05263157894736842,0.06255639097744362,0.08511278195488722,0.04150375939849624,0.06345864661654135,0.04421052631578947,0.10766917293233083,0.11488721804511279,0.05022556390977444,0.055037593984962406,0.05924812030075188,0.021654135338345863,0.02526315789473684,0.03729323308270677,0.0162406015037594,0.06436090225563909,0.04150375939849624,0.016842105263157894,0.015037593984962405
B:TGCGC,0.01764705882352941,0.045920303605313094,0.07893738140417457,0.06850094876660341,0.04250474383301708,0.05749525616698292,0.045351043643263755,0.10360531309297913,0.15540796963946868,0.04459203036053131,0.05464895635673624,0.058823529411764705,0.020683111954459203,0.020113851992409868,0.02808349146110057,0.023908918406072108,0.04933586337760911,0.049146110056926,0.0174573055028463,0.017836812144212524
B:TGCGG,0.014301430143014302,0.04547121378804547,0.06985698569856985,0.07425742574257425,0.04583791712504584,0.06252291895856252,0.05005500550055005,0.09662632929959662,0.1398973230656399,0.04565456545654566,0.05683901723505684,0.06453978731206454,0.021268793546021268,0.02145214521452145,0.02951961862852952,0.02291895856252292,0.05812247891455812,0.040887422075540886,0.017785111844517785,0.022185551888522184
B:TGCGT,0.016166731593299573,0.04518893650175302,0.05765485001947799,0.08648227502921699,0.04304635761589404,0.06310868718348267,0.05336969224776003,0.10186988702765874,0.13615114920140242,0.055512271133619014,0.06096610829762369,0.052980132450331126,0.0218153486560187,0.022399688352162057,0.03389170237631477,0.02025710946630308,0.0621347876899104,0.03350214257888586,0.014998052201012855,0.018504090377873005
B:TGCTA,0.029620963968179693,0.0483387927000468,0.06434253626579317,0.07987833411324287,0.04454843238184371,0.05470285446888161,0.062236780533458116,0.10472625175479644,0.08493214787084698,0.05245671502105756,0.06733738886289191,0.06017781937295274,0.02189985961628451,0.029574169396350023,0.04291062236780534,0.021665886757136172,0.06785212915301825,0.028778661675245672,0.020121665886757137,0.013897987833411325
B:TGCTC,0.021547830160270353,0.049988289222738985,0.060661826212065444,0.07317562819955165,0.04506976277311205,0.058520426941479575,0.0524642821293539,0.1120219493425235,0.11955030615317697,0.05497373439957172,0.05972496403118413,0.06323819720948907,0.019674105798507712,0.023622310703650416,0.03720681232642955,0.022049720614313914,0.06220095693779904,0.03205407033158229,0.018904540435640913,0.013350286077558804
B:TGCTG,0.020342346812205408,0.04681897115536411,0.0659434834577479,0.074896822354029,0.044247987190185155,0.05877179134435399,0.053268983559234116,0.11007870819331995,0.1218060034730836,0.05408087323244853,0.05602038745179405,0.061861482600753255,0.0193274847206874,0.023048645722920095,0.03888049435060102,0.022169098576937822,0.06080151552739,0.03421212872961819,0.018019440247175302,0.015403351300151101
B:TGCTT,0.025548251670993758,0.04941169971827874,0.06540352427774403,0.08308015246091809,0.04460586643097829,0.05410705407943435,0.06101198696348672,0.10487212064298736,0.09224990333093962,0.05385847649560846,0.06440921394244048,0.061094846158095344,0.021211953819808872,0.026708280395514556,0.04504778213555764,0.020687178920620893,0.06556924266696128,0.028945478649947523,0.019416671269955256,0.012760315969728774
B:TGTAA,0.02677436242614614,0.051753795527634434,0.06644977937327051,0.08869942412684167,0.04805175379552763,0.05807344252486725,0.06016752673696806,0.10036646473711765,0.0782290030663376,0.05212773913693815,0.06693590606536534,0.05848478049510134,0.021950489866128187,0.030102460548949217,0.04681773988482537,0.01933288460100217,0.06798294817141574,0.026811756787076507,0.01888415226983771,0.012003589858649315
B:TGTAC,0.030314291781694626,0.04698449777022722,0.06609683584625185,0.08090889785517096,0.04682522828626035,0.0638139732427267,0.05654066680823954,0.10389679337438947,0.09407517519643237,0.052240390741134,0.060363134423444466,0.06073476321936717,0.02081121257167127,0.030155022297727756,0.044489275854746234,0.021023571883627096,0.05961987683159906,0.02850923763007008,0.02022722446379274,0.012369929921427054
B:TGTAG,0.024807163068335983,0.046901042676072716,0.06430481801620218,0.0791503546649095,0.04973060971355479,0.05624249001899299,0.05566107213457886,0.11097329353850924,0.1065545176169619,0.051474863366797165,0.05938214659482926,0.059769758517772005,0.020775999069731384,0.025892476452575683,0.04271483390829102,0.02096980503120276,0.06515756424667622,0.028411953951703553,0.01798519322454359,0.013140044187759216
B:TGTAT,0.029047160091727874,0.051547077004885505,0.06404333809697896,0.08714148027518362,0.04925388015553857,0.05716374754893815,0.058725780185449834,0.10864435507992955,0.07424640233972549,0.04912094120775034,0.0741466981288843,0.05909136229186746,0.02160257901558709,0.03340091063179235,0.0437369138223271,0.01744823689720496,0.06527302336402008,0.024959287447239856,0.020406128485493037,0.011000697929475889
B:TGTCA,0.02509537643064646,0.04942074131111967,0.06464596968954535,0.08067621014315214,0.04455566833502503,0.05512582688740331,0.05747086206293094,0.11508172622589338,0.10055650834762521,0.05043575653634805,0.060935914038710584,0.05883588253823807,0.02215533232998495,0.024920373805607084,0.04161562423436352,0.02107031605474082,0.06468097021455321,0.029155437331559973,0.01900528507927619,0.01456021840327605
B:TGTCC,0.02203786272933265,0.04820554053066296,0.06362838973759229,0.07349608946714421,0.043783349170382284,0.059133104305240845,0.05149477377384694,0.11830275564651707,0.12224983553833785,0.050508003800891745,0.05935238652145311,0.06139902053943425,0.020649075359988306,0.021708939405014255,0.03800891747679263,0.021343469044660477,0.06022951538630217,0.029420364008478913,0.01893136466632556,0.01611724289160149
B:TGTCG,0.01851375674980715,0.0521985086140396,0.056569812291077395,0.07662638210336847,0.04448444330161996,0.06042684494728722,0.04885574697865775,0.11236821805091284,0.1195680123425045,0.05142710208279763,0.05682694780149138,0.06145538698894317,0.02108511185394703,0.022370789406016972,0.03548470043713037,0.023399331447672922,0.0542555926973515,0.04628439187451787,0.0195422987914631,0.01825662123939316
B:TGTCT,0.0261053231127038,0.0497662386975817,0.0629375608135368,0.08000094928447682,0.046491207252533404,0.05593658779694805,0.055675534565821014,0.11146972969124522,0.1019768849229893,0.05306500225455063,0.06291382870161616,0.06336473882810831,0.01955526022260721,0.02453900372594157,0.041009089398865606,0.018534779410019697,0.06386311317844175,0.028953176543180578,0.018700904193464176,0.015141087405368204
B:TGTGA,0.02505748481811214,0.04778609751783503,0.0605506750781204,0.07921113141913802,0.04539826661163846,0.05483167266081009,0.057868050232887214,0.11558870349625612,0.10137963563469135,0.052414362360709864,0.06408820234655975,0.06063911325983138,0.021018807853310537,0.02549967572666706,0.041683862979777137,0.01951535876422381,0.06662343022227463,0.028005424208478274,0.019721714521549437,0.013118330287129297
B:TGTGC,0.020160335554578357,0.04329736494943003,0.06389743936677604,0.07955890809457768,0.04333119101579677,0.05902648580996516,0.05388492372222034,0.11602340763792579,0.11852653654906471,0.052870141731218075,0.0601765720664344,0.058789703345397966,0.01742042417887224,0.023948854987653485,0.04099719243649156,0.021614856408348274,0.06487839529141157,0.03206711091567162,0.01633799005513649,0.013192165883029463
B:TGTGG,0.021881301433320618,0.045724562646465745,0.0631914545751812,0.07509946046106054,0.042672625211183174,0.057223826911548314,0.05084745762711865,0.11883481388631532,0.12044253092811598,0.05218268025505477,0.05834105400839283,0.06022126546405799,0.020300833832906425,0.021881301433320618,0.04041092157610769,0.020873072102021908,0.061447490326448306,0.03223608916017222,0.02068232601231675,0.015504932148890947
B:TGTGT,0.02192136869314368,0.044870970966682376,0.05228282135869643,0.08031646744641047,0.04654185053482427,0.0656070148379818,0.053182525741542065,0.11734715736258086,0.09953872299101724,0.051268868800251347,0.06984847835711123,0.06707796009882468,0.019036602259257674,0.02289247818573897,0.0449280950544821,0.018065492766662382,0.06956285791811262,0.02554874826842609,0.017165788383816747,0.012995729974436971
B:TGTTA,0.030974849866799114,0.053235201155912765,0.07088996252314084,0.08872533525985461,0.048539305549284324,0.05436402221519845,0.062040005418341086,0.0974849866799115,0.07174786652819795,0.05179031020002709,0.06804533345374092,0.05585406601345555,0.022350656973856506,0.030794238497313407,0.04722987312051294,0.01946087506208516,0.06714227660631236,0.02740777531945636,0.02009301485528514,0.011830044701313948
B:TGTTC,0.028090505702446002,0.050313542850856284,0.06476218416516924,0.07913748212255675,0.046096299827643114,0.055667607906413875,0.05878470057574535,0.10832813817888445,0.0891488503428802,0.05170706663243977,0.06615570794675273,0.06102167296197147,0.022113022113022112,0.026330265136235285,0.044409402618357845,0.020976200080677694,0.06410209395284022,0.027980490667057833,0.0208295133668268,0.014045252851223001
B:TGTTG,0.02649177905043414,0.04943654165896915,0.0653611675595788,0.0802142989100314,0.04825420284500277,0.055717716608165525,0.05937557731387401,0.11040088675411047,0.08956216515795308,0.053168298540550524,0.06580454461481618,0.06029927951228524,0.019582486606318124,0.02867171623868465,0.04452244596342139,0.02028450027711066,0.061592462590060966,0.027711065952336966,0.020395344540920006,0.013153519305375947
B:TGTTT,0.028568584511248257,0.050447939478399366,0.06703165438980689,0.08544694405733626,0.051722078439179774,0.05377264582918575,0.060800318534740196,0.10059725263786581,0.07893689030459884,0.05297630897869799,0.0692414891499104,0.05990443957794147,0.021063109695401153,0.02858849293251045,0.044435596257216804,0.01982878757714513,0.06742982281505076,0.026398566593669123,0.020207047581126816,0.012602030658968744
B:TTCAA,0.03213823188603367,0.05101901710858155,0.06655988003544408,0.08077159021198282,0.04894008588371618,0.0548360711607934,0.06339036193851816,0.10466225887805876,0.0740576647808602,0.05388180764774044,0.06417422125281166,0.06308363438075114,0.022561515915752166,0.028150773635062368,0.047508690614136734,0.018676300184036536,0.06533296980437597,0.02549246813441483,0.021845818280962444,0.012916638265966873
B:TTCAC,0.027613677049767277,0.05169172932330827,0.06373075546007877,0.08266201217329038,0.04556032939491586,0.0542875044754744,0.05943430003580379,0.10772466881489438,0.08803258145363409,0.051423200859291085,0.0644468313641246,0.059300035803795205,0.021885069817400644,0.02882205513784461,0.04314357321876119,0.021571786609380594,0.0655656999641962,0.029896168993913355,0.019513068385248838,0.013694951664876477
B:TTCAG,0.02585741482681215,0.049043843946239306,0.06532549086466058,0.0808683545023158,0.046401272980422244,0.05634643252919615,0.05850595288835848,0.10754979683459778,0.09175120052283124,0.05395959423749041,0.06077913221379252,0.06117693859574347,0.02173727729946296,0.026368880175034807,0.04483846219418634,0.020771176086153496,0.06515500241525303,0.02884096269144432,0.020231295996362912,0.014491518199641975
B:TTCAT,0.03472070440565773,0.05105067599213164,0.06369625628376058,0.08293002778905299,0.045243076154494646,0.055734224248290505,0.06257220470228245,0.10550473038373873,0.06922284322602804,0.04889624379429856,0.07150217004402536,0.06185406063633809,0.022980610110219502,0.03041184000999157,0.04571143098011053,0.019639679020826178,0.07000343460205452,0.027039685265557185,0.020763730602304305,0.010522371748836919
B:TTCCA,0.029352810346247836,0.04939729262198303,0.06573491858645213,0.0761141162579972,0.04678876410664763,0.053296356297537,0.06054531975067959,0.11101348197369505,0.08847030396221753,0.0546418078475521,0.0656800021966556,0.06224772783437217,0.022845218155358466,0.026359867102336693,0.04225816194843351,0.02062110436859881,0.06287926631703232,0.02743073670336912,0.021197726461462424,0.013125017161371811
B:TTCCC,0.026499771027324072,0.04790108380399939,0.06334910700656389,0.07412608762021065,0.04515341169287132,0.05361013585712105,0.05797588154480232,0.1190963211723401,0.09497786597466036,0.054556556250954055,0.06576095252633186,0.06444817585101512,0.019233704777896505,0.02259197069149748,0.038833765837276754,0.02182872843840635,0.06255533506334911,0.030285452602656082,0.02149290184704625,0.0157227904136773
B:TTCCG,0.018648018648018648,0.04759129759129759,0.06662781662781662,0.0743978243978244,0.05244755244755245,0.05439005439005439,0.05011655011655012,0.10683760683760683,0.11499611499611499,0.05283605283605284,0.054972804972804976,0.06643356643356643,0.019813519813519812,0.023115773115773116,0.034382284382284384,0.02641802641802642,0.058663558663558664,0.038461538461538464,0.021950271950271952,0.0168997668997669
B:TTCCT,0.027932608375575794,0.05167953221294407,0.06167048776896704,0.07952800622594283,0.045222219885156595,0.05374082409608144,0.06074500978061965,0.10996361188818543,0.09155922007445891,0.05178470016616537,0.06800159855288897,0.061270849546726125,0.020802221147172034,0.024188629240897715,0.04349746545232737,0.021496329638432576,0.06411038428370107,0.02768020528784469,0.02145426245714406,0.013671833918768273
B:TTCGA,0.03141626551811502,0.05801874841651888,0.0714466683557132,0.071700025335698,0.04965796807702052,0.0539650367367621,0.05143146693691411,0.10894350139346339,0.10134279199391943,0.054218393716746895,0.052191537876868505,0.05979224727641246,0.02001520141879909,0.02482898403851026,0.04180390169749176,0.024068913098555866,0.052951608816822905,0.03242969343805422,0.021281986318723082,0.018495059538890298
B:TTCGC,0.02693965517241379,0.05639367816091954,0.07794540229885058,0.08225574712643678,0.04382183908045977,0.05172413793103448,0.05028735632183908,0.11206896551724138,0.08620689655172414,0.05100574712643678,0.06573275862068965,0.0610632183908046,0.02550287356321839,0.02550287356321839,0.03484195402298851,0.019755747126436782,0.05495689655172414,0.03556034482758621,0.020833333333333332,0.017600574712643677
B:TTCGG,0.021332694151486097,0.050575263662511985,0.06543624161073826,0.07166826462128476,0.05081495685522531,0.05656759348034516,0.045062320230105465,0.10906040268456375,0.11553211888782358,0.05201342281879195,0.06112176414189837,0.056088207094918505,0.024688398849472677,0.02564717162032598,0.03547459252157239,0.024209012464046022,0.05560882070949185,0.039549376797698946,0.020134228187919462,0.019415148609779484
B:TTCGT,0.021791767554479417,0.05351089588377724,0.06246973365617434,0.08498789346246974,0.0486682808716707,0.058353510895883774,0.06392251815980629,0.09757869249394673,0.09491525423728814,0.04891041162227603,0.06682808716707021,0.06319612590799031,0.024455205811138015,0.024939467312348668,0.0423728813559322,0.016707021791767553,0.06029055690072639,0.03099273607748184,0.020581113801452784,0.014527845036319613
B:TTCTA,0.03203779701348415,0.05021209090595579,0.06621374624961203,0.08238783322412663,0.0500741456012691,0.05317791495671966,0.0620409007828396,0.10349346484119047,0.07062799599958616,0.05110873538641929,0.07186950374176639,0.059109563058247404,0.02107114529089216,0.02989964479084043,0.04707383522433355,0.02034693244128703,0.07090388660895955,0.02631306686898645,0.020036555505741974,0.012001241507742181
B:TTCTC,0.027995206649498994,0.04857091864052421,0.06460824558272354,0.07626016674740572,0.047296091379618065,0.05382320695545754,0.06139568088524005,0.11167486805537849,0.08696871573901736,0.05466459294765559,0.06682644501670024,0.0648887075801229,0.02060120853624334,0.02572601412508605,0.042451747788174704,0.02218199433976696,0.06231355651309248,0.02710282756686469,0.020397236174498356,0.014252568776930727
B:TTCTG,0.027635302440749913,0.04888132295719844,0.0624557835160948,0.07808631057658295,0.04700212239122745,0.055137955429784224,0.05885214007782101,0.11029801910152105,0.0952201980898479,0.05341351255748143,0.061947293951185,0.0627431906614786,0.019786876547576937,0.02566766890696852,0.043310045985143264,0.020560665015917936,0.0637822780332508,0.029293420587194908,0.020383799080297135,0.01554209409267775
B:TTCTT,0.032120123403756785,0.0514117233568946,0.06414261725309486,0.08218455890967313,0.049381028624985356,0.05434060998945601,0.06056937556136994,0.10588901472253681,0.0827117585035342,0.05014253914945132,0.06728628890537744,0.06058890147225368,0.020326473229976178,0.029308392236497834,0.042878900300699026,0.019740695903463897,0.06619283789588784,0.026184246495098998,0.02270863435779279,0.01189127972819932
B:TTTAA,0.029548753276575464,0.05389831242824029,0.07190052208574338,0.09263230865882455,0.05383332250167891,0.05311843330950369,0.06410173089837742,0.08996772166980785,0.07042741708368536,0.05344338294231061,0.06728623729988518,0.056281276402157666,0.021446675765256384,0.03299321938432876,0.044713069474231495,0.01730898377418167,0.06934425164099564,0.0252160915058166,0.02051515348454323,0.012023136413855853
B:TTTAC,0.030185619030455937,0.052531987745539736,0.06807532888808794,0.09289962155343305,0.047350874031357,0.05834384573797081,0.060731663362768064,0.09871147954586412,0.07091367814020544,0.05032438277167057,0.06771490358623175,0.056676878716885926,0.021355199134979276,0.030996575959632365,0.045593800684808075,0.020409082717606775,0.06812038205081997,0.026941791313750227,0.018967381510182013,0.013155523517750947
B:TTTAG,0.03354599711874871,0.05264457707347191,0.06873842354393908,0.08973039720107018,0.048363860876723605,0.054702613706523975,0.06305824243671537,0.09936200864375386,0.06882074500926116,0.05128627289565754,0.0710434245729574,0.056719489606915,0.02255608149825067,0.02926528092200041,0.04552377032311175,0.01959250874665569,0.06758592302942992,0.02473760032928586,0.01992179460794402,0.012800987857583865
B:TTTAT,0.03325272067714631,0.052343968002976464,0.06734257278392708,0.08745698074597712,0.052785787368616874,0.05727374197749047,0.061970979443772674,0.10113012743000652,0.0697842061203609,0.04969305180913403,0.06836573342014696,0.05536694260998977,0.021904939075434844,0.03188075527857874,0.0446935168821505,0.017486745419030787,0.06997023532694634,0.02481164542833225,0.021858431773788486,0.010626918426192912
B:TTTCA,0.03235654899822816,0.05228294943437372,0.06768433964835764,0.08624778519830993,0.04694016628049612,0.054354640861387485,0.06089682431511517,0.1012948071418836,0.07021943573667712,0.05310072236608968,0.06501294807141883,0.05787106446776612,0.02267956930625596,0.03093907591658716,0.04715823906228704,0.01872700013629549,0.07111898596156467,0.026659397573940303,0.02164372359274908,0.01281177593021671
B:TTTCC,0.030401937300939697,0.05138059013976994,0.06533126266747387,0.08117712089705456,0.046089863388697326,0.05311784369982364,0.06372561922560606,0.10884156773972783,0.07815008817877918,0.0516701323997789,0.06735805848753652,0.06177778947645495,0.021584059382485324,0.026664209944460532,0.044089389592271856,0.02155773735884815,0.0647258561238188,0.027269616488115607,0.021768313547945565,0.013318943960411677
B:TTTCG,0.026530076175466245,0.057000262674021536,0.06566850538481744,0.08195429472025216,0.05489887050170738,0.0512214342001576,0.05279747832939322,0.10296821644339375,0.09429997373259785,0.05200945626477541,0.06330443919096401,0.05621224060940373,0.02311531389545574,0.0252167060677699,0.042027843446283165,0.018912529550827423,0.061465721040189124,0.03362227475702653,0.020225899658523772,0.016548463356973995
B:TTTCT,0.0323816728612308,0.05073512482320824,0.0643028648488636,0.08168601782718811,0.05011018649475381,0.054912344176561524,0.06195112324441667,0.10827878827747262,0.07762391869223433,0.051491629115547805,0.0684471927112456,0.06052034338716574,0.020178929710883795,0.02917475249153044,0.04338387659112588,0.019718448837285796,0.0655691872512581,0.02560602572114594,0.02136302338585008,0.012564549551031149
B:TTTGA,0.032878958074015606,0.051306961352803666,0.0672758735845047,0.08039102583563557,0.0478763775463736,0.054950059200340025,0.06053614256656244,0.10407116184462188,0.08060353987674186,0.051398038798992074,0.06454355019885243,0.06147727617717599,0.02361941771152737,0.028142930872218343,0.04781565924891466,0.019217341145754272,0.0618719451106591,0.028203649169677283,0.020401347946203588,0.013418743738425574
B:TTTGC,0.02960433822052621,0.05089375376581643,0.06322554729865434,0.0816629845350472,0.04454709781080538,0.05531231170917855,0.06202048604137377,0.10668808997790721,0.08415344446676039,0.0545892749548102,0.06768427395059248,0.06073508736694115,0.022132958425386623,0.028359108254669613,0.045109459730869654,0.02012452299658566,0.06298453504719823,0.02683269732878088,0.02173127133962643,0.011608756778469571
B:TTTGG,0.030617251643714632,0.051682967518236235,0.06715514703477152,0.07304308004317818,0.04805207549638546,0.053743744071178566,0.058683065650453045,0.11177259494291976,0.08720683000228975,0.05263157894736842,0.06571587452160545,0.06254293284485296,0.020215236662196198,0.027444309966962153,0.043897811651565206,0.01972457557816231,0.06496352752608682,0.027019070360799452,0.020444211834745346,0.01344411370252854
B:TTTGT,0.02841123152272677,0.05052855528222858,0.06892272233672407,0.0844801985683576,0.050661525164550227,0.05416306539902045,0.06012454845644128,0.10203222303481595,0.0805575870398688,0.0515701526937482,0.0697427032777076,0.05837377833920617,0.021430312700839928,0.02969660705183609,0.04569731622454181,0.019191986348425415,0.06584225339627241,0.02539724752343594,0.020366553642266694,0.012809431996986016
B:TTTTA,0.03299146668803333,0.0538840591322463,0.07059012058811746,0.09132246304234606,0.053042746684828335,0.055726934017066625,0.06249749609390649,0.09380633788710388,0.06778574576339089,0.05202115299867794,0.06726493329594167,0.05424462160971115,0.021573654901646568,0.032711029205560675,0.04613196586675213,0.018228436360722727,0.06960858939946317,0.02485877969632627,0.020171467489283283,0.011537999278875045
B:TTTTC,0.03360946211317518,0.05329210211498093,0.0671963523914859,0.0866532740446471,0.04981603954585468,0.054398122023339275,0.0633365686296639,0.10103153285330564,0.07107870798817235,0.05105749046339977,0.06748978624472383,0.05864162697785703,0.021330383946911044,0.02952396000270862,0.045865968444574856,0.018870053946685325,0.06771550459336839,0.024987021194952937,0.02169153330474234,0.012414509175450873
B:TTTTG,0.03241362763915547,0.052735124760076774,0.06924184261036469,0.08157389635316699,0.05146353166986564,0.05638195777351247,0.05914107485604606,0.10131957773512476,0.07843090211132438,0.052543186180422266,0.06691458733205374,0.056453934740882915,0.02197696737044146,0.03128598848368522,0.04697696737044146,0.01821017274472169,0.06465930902111325,0.026655470249520155,0.019553742802303264,0.012068138195777352
B:TTTTT,0.03145143365192265,0.05371193598577462,0.07088241831518115,0.07971771504778839,0.05500111135807957,0.05637919537675039,0.05773505223382974,0.09852189375416759,0.0832184929984441,0.053923094020893535,0.06687041564792176,0.06055790175594577,0.02134918870860191,0.02952878417426095,0.04312069348744165,0.016248055123360746,0.06481440320071127,0.024783285174483218,0.019037563903089576,0.01314736608135141
N:AACAA,0.08309167398235322,0.07663594903613324,0.06286882909164992,0.07182464423126578,0.05772773478755741,0.0521730949209446,0.05531323989533322,0.052550704604956464,0.04710146721664595,0.041526029814045975,0.04931774885772717,0.03757152689991504,0.04806183234780837,0.04815818011656524,0.04900182438249357,0.03904602975745404,0.03938133697030834,0.034100885027118145,0.035512429357349065,0.019034838702375233
N:AACAC,0.07433786595283799,0.07622930903647057,0.0635507336467425,0.06992742202988238,0.05722047370422091,0.05337594088524592,0.05534295915277382,0.054569925616479414,0.04859406943734405,0.04307218023314299,0.049035913430561365,0.038784771677825826,0.049542241369081856,0.04956777701142191,0.048499664941420204,0.03933984947899551,0.03926556397400626,0.034433137112986706,0.03603208102072411,0.019278120287835696
N:AACAG,0.07506637067851495,0.07628812112125988,0.06350145924611493,0.06928194404387351,0.05774725336090867,0.05292047409786135,0.05527046585285254,0.05455786934080881,0.048030844435626406,0.04356802811142872,0.049019807511345374,0.03906995424622334,0.049434795338734086,0.04987146326897847,0.048218738660375494,0.03966385766990576,0.03843860337215386,0.03469999007971051,0.035890862800206466,0.019459096763116846
N:AACAT,0.0808530027239758,0.07723069448434979,0.06271577139648665,0.0727310169468535,0.0566835235019469,0.052396354714508674,0.055136977714532104,0.051497611229011676,0.048001698425832184,0.040845044949505534,0.04979322528681488,0.03609052132876748,0.04879562618354426,0.04862668789287915,0.04995784763574767,0.03989923714702276,0.040921909816547815,0.03369969513009687,0.035730653996705906,0.0183928994948704
N:AACCA,0.07596228285421017,0.07564834843297723,0.0634468733397699,0.06830828500837706,0.05802933587044238,0.05355524284550722,0.05474814675531543,0.0547401753062326,0.04792997879125635,0.04381319424874016,0.04926121078809028,0.040200955542290646,0.04896439153694696,0.04943541039598877,0.04783549367418624,0.039389743370919494,0.038342435634065475,0.03501974809283081,0.03542699535920991,0.019941752152642933
N:AACCC,0.07384303850539344,0.0743700260545847,0.064181478789661,0.0655575422727357,0.058703064716473054,0.05475975663947901,0.05418254513877642,0.056852785227461726,0.04811054218939306,0.044889294400793686,0.048085066271959784,0.04257790080624,0.050044528264256594,0.04960961795950276,0.0467850665995073,0.03961614343378245,0.03661580824349736,0.03566592046491366,0.035078518597237755,0.020471355424350537
N:AACCG,0.0634215520657365,0.07310371436317754,0.06373438445014494,0.06577300882187324,0.05883073682454274,0.05680775407203487,0.054391123902479716,0.05487862103484953,0.05040772487434566,0.04540762059688419,0.0513983607583057,0.04272247596404513,0.04895826815991992,0.05245938392875764,0.045806481887004945,0.040136394919602074,0.03787357400571441,0.037010678012054474,0.03489905941729755,0.021979081941229224
N:AACCT,0.0726584043321793,0.07558770649465812,0.06373387297986312,0.06767322325055927,0.05796700249275319,0.05363859665444742,0.054792100870788334,0.05474200508699913,0.048455309518751925,0.044346479356145566,0.04861015103228218,0.04101576032875846,0.05016962627569401,0.05025550476218978,0.04781252205922298,0.03991658076107206,0.0386645114636394,0.03463212616590618,0.035411213193017425,0.01991730292107214
N:AACGA,0.0670265169313661,0.07419219684866711,0.06321461015568712,0.06893540707327006,0.05726278858503273,0.05418115465338471,0.055424380540676,0.05296142279860915,0.049913072079691756,0.043763509068696554,0.051700576386931055,0.03934858879178022,0.04908882310559785,0.051485214422203426,0.04839183347429753,0.040576151990727685,0.04016500642170222,0.035295868182814896,0.036047677223318614,0.021025201265545218
N:AACGC,0.06407889699442519,0.0736945337451948,0.06414969661053394,0.06740910115954038,0.05823923976945547,0.055803208533713726,0.05472285883605431,0.05428495009938168,0.05062959214176705,0.044202560323895135,0.051240566606705513,0.04166950739200436,0.049205733195580005,0.05115927815858065,0.04738592084078477,0.04010404921359982,0.03883227833164638,0.03598980485528034,0.03562794015072451,0.021570283041131955
N:AACGG,0.054864638321688614,0.07233040704411506,0.06472082885543641,0.06470506315476926,0.058159669761123356,0.05722686580498354,0.054057959970886006,0.0540710980547753,0.05183236856003973,0.04691872518544406,0.05219760729216208,0.04384441355534943,0.049859028359867885,0.05318296358385908,0.04625656575742367,0.040841047578256996,0.03789286155349959,0.03736733819792786,0.036797145357132535,0.02287340405125955
N:AACGT,0.0588367520027503,0.07358182989325592,0.0643241272617714,0.06921459698487147,0.05697803349848979,0.05412384278717106,0.054460074386519,0.05170977546151565,0.05099953343143237,0.04402933904045546,0.05343249017278148,0.040667023046976086,0.04952615900732343,0.05292814277375958,0.0492465956550566,0.04104103347771143,0.040691579287377905,0.03554799139398221,0.0366473553873558,0.022013725049443045
N:AACTA,0.08192075665755044,0.07753042182621818,0.06249131596703674,0.07272450235222157,0.057399701565889215,0.05203332045884791,0.05512257249079453,0.050945494091423,0.04723957814568068,0.041358009465088545,0.04949890983187088,0.036399407128385054,0.048959055701768214,0.048151928503205245,0.04951358487184475,0.039809948865291565,0.04050030021384968,0.033616457526531376,0.03587141792421872,0.018913316412283696
N:AACTC,0.07638686496812375,0.07525892972821543,0.06334255146204532,0.06828764871492383,0.05853121912927709,0.05407387765581839,0.055091174327226836,0.055502981065562416,0.047792445199087666,0.04407935176836436,0.04877294994747953,0.040965703883361196,0.04897031233451847,0.048420010285970476,0.047281300268607315,0.03926381464439424,0.037924588646590714,0.034918425736685986,0.035195153557660695,0.019940696676086275
N:AACTG,0.0720610560747913,0.07600659546481751,0.06384900867922616,0.06906668303081885,0.05762093686550001,0.053545462549659424,0.055101213170652315,0.05370714748814711,0.0482808301961297,0.044139454593479774,0.04912927591294627,0.04002609370789455,0.0501140599194777,0.04964661435474103,0.04844304874827576,0.03991510206695251,0.03906158702038137,0.03440980995349557,0.035842029012574605,0.0200339911900385
N:AACTT,0.07928560662017617,0.07709530050323744,0.0629715943428166,0.07193778582097857,0.057235805036694495,0.052421075961760155,0.05541434562462346,0.051943758742793875,0.04764273850952122,0.04197879331013974,0.04950786786882675,0.03733029177629154,0.049090185954148435,0.04878660938546993,0.04887512320325167,0.03961451175825068,0.040073046204212884,0.03390149656439603,0.03567787732125726,0.01921618549115308
N:AATAA,0.08270715274688412,0.07740321052089275,0.06249746308112751,0.07394865669891161,0.056971561665489445,0.052678314342812775,0.05512814647514552,0.04973664236699995,0.04754922437141768,0.04006818151890407,0.05015354552993877,0.03593865455262734,0.04877454770215222,0.046807731347656104,0.050346181670677996,0.040027590816944215,0.041842225977804896,0.03367711440564013,0.035267211034589116,0.018476643173383794
N:AATAC,0.08397740803081216,0.07752937583959554,0.06214730830748621,0.07308590686168884,0.056627371645773486,0.05215527484556367,0.055390526591860834,0.05112713585102204,0.04740551895161837,0.04030766597672589,0.04981518124181952,0.03537259880292607,0.04869161617293421,0.047695798913250924,0.05019596206105545,0.039800060826426745,0.0410778467444933,0.03375374162559241,0.03558161268834337,0.018262088021010973
N:AATAG,0.08526675823349968,0.07768043813745294,0.062135092736026014,0.07283367424819825,0.05704411515500254,0.05184805651924194,0.055044116751170456,0.051414430900959644,0.04729259327539776,0.04057591866779569,0.04934207288475162,0.03548600519871892,0.04876559023762418,0.04771531174622633,0.049268117104455625,0.03971531813089801,0.0407001537375735,0.03366823596576007,0.03570228595188671,0.018501714417360135
N:AATAT,0.08868648937615009,0.07791998305433895,0.06127914876379923,0.07578808418506211,0.056080569945781124,0.051971310089388045,0.05514452990189992,0.04889440105476039,0.046935924533895966,0.038073601892475314,0.049880642304760976,0.03315089365228567,0.048530875079413116,0.04619234867523109,0.051755082950804866,0.040447536670879476,0.043346302240531764,0.03368563878831599,0.034906834272599475,0.017329802567626455
N:AATCA,0.0824024832953386,0.07704571810510102,0.06261100256381409,0.07273244289160834,0.05700745680595371,0.052097737936451595,0.0553542332261965,0.05231450155480923,0.047607110671575394,0.04121808321844021,0.04923558745346514,0.03617477746785723,0.048967038869199654,0.048352035114789624,0.04925437668888303,0.03962810145545542,0.04023004439987984,0.03374798731772437,0.035494927937553745,0.018524353025903252
N:AATCC,0.07895829560014221,0.07483347084985209,0.0632072877046816,0.06763733204537374,0.058335178067121476,0.053725356033621115,0.05482347574678178,0.057072038531457744,0.04775680371361682,0.043330784246644265,0.048457131740824964,0.04025578072487976,0.048951520396047575,0.04861108316059917,0.04749988260784985,0.03899096415849953,0.038003863878770805,0.03482656148330013,0.03498420237065062,0.01973898693928478
N:AATCG,0.06793103633252331,0.0732604858998911,0.06294490309360198,0.06948400628698026,0.05725067992725985,0.05466776098746359,0.05476700086365514,0.05332936373828567,0.04995789010658899,0.04345097281900256,0.05198292001265979,0.039693268317803634,0.049461690725631245,0.05159132482552557,0.04769414806589528,0.040575698568263624,0.039953437722954455,0.034948529372321194,0.03635129843308282,0.020703583900609925
N:AATCT,0.08039178278515272,0.07683787366786275,0.06277793087249614,0.07148435034926306,0.057277485354683105,0.05243709329900763,0.055439374126050475,0.05277674428690714,0.047626914100218486,0.041877943469308246,0.049233555860770384,0.03743275507387165,0.048822514815873345,0.048419757941412886,0.049023040470852756,0.039529624802611366,0.03977888087192356,0.03405427544817971,0.03559732401802733,0.019180778385527262
N:AATGA,0.0785437643766748,0.07662994142616614,0.06313263297683132,0.07242932011667338,0.05714396831795869,0.05260622732338922,0.05511897365363182,0.051501339846806896,0.04821665204296995,0.04136156892503972,0.04955071260878845,0.0365997770874339,0.049692048661338896,0.0482320187815694,0.04996694254072897,0.04032383978752164,0.04098992150631981,0.03349797244421257,0.035684223007422515,0.0187781545685219
N:AATGC,0.07632393780702657,0.07646952898062552,0.06372391571292742,0.07095047409722298,0.05691880546273409,0.052788613748532116,0.054782191134391506,0.05299007872778857,0.04856487331971503,0.04253273726093195,0.049077954495095555,0.03827483399094142,0.05008783362249358,0.04930240755439395,0.0486600184287775,0.039671679132378776,0.040040765528607705,0.033597078981296005,0.03608266513583082,0.019159606878288972
N:AATGG,0.08393290321409981,0.0760630594564802,0.0626455168065178,0.07040716920833187,0.05782340312847667,0.05236007988468661,0.055084596794405805,0.05492809357531604,0.04751188233679719,0.04186914743170279,0.04814379243590456,0.036874653396403376,0.0490884821569319,0.04818507299514273,0.04836085559629428,0.03953430085589116,0.03872524725807494,0.03408594748523142,0.0355237357545213,0.01885206022878956
N:AATGT,0.07842834095455788,0.07713304613897737,0.06272659158650414,0.07247970551444366,0.05619851373120512,0.052661654833133786,0.055235443234444764,0.05119834771905304,0.04823033046018969,0.040959398227950285,0.04982144692991527,0.036303457413082635,0.04994545600737974,0.04896518425148721,0.050208875289671204,0.04013433783352941,0.041344026382731214,0.03366226407773049,0.03567141114729598,0.018692168266717123
N:AATTA,0.08245508568835473,0.07787700907311394,0.06244807608113835,0.07505776688260779,0.05629283784221054,0.05262137088112478,0.05509578561985707,0.04874678905019822,0.04778637929616214,0.03973722159910271,0.050298025263435304,0.0347299137522022,0.04881481888664202,0.04700335392941505,0.050783395729753524,0.0402401355762517,0.04281630267780251,0.03356229564246481,0.03554100873627854,0.01809242779188406
N:AATTC,0.0857255125751255,0.07709378888470031,0.06212943466375271,0.07280037414935289,0.0574486337231031,0.052165926259161374,0.055325646239565276,0.053318596921413594,0.046737428287847854,0.04091969280320202,0.048932385371056514,0.03589570563646929,0.04816686950060271,0.0476771985266365,0.049082109907992305,0.03909337743149061,0.03989082836546394,0.03396895680412397,0.03518156356385127,0.01844597038508827
N:AATTG,0.08776802967128079,0.07678524832109723,0.061855386792134315,0.07295960871011535,0.057307385183046795,0.05205743615406097,0.05503194488901405,0.0530441407674154,0.04650467088166638,0.040520320487939826,0.04893191188544595,0.03513139529192716,0.0484584507062528,0.0475243528905865,0.04938129433136891,0.03921117022905418,0.04034627312245423,0.03377879862301053,0.035145528461455314,0.018256652600673315
N:AATTT,0.08804987380430884,0.07735573970995326,0.06179186608230553,0.07564221241944831,0.05663430305259864,0.05173531026359752,0.05532761006466111,0.05011396640327796,0.046420921243528784,0.03931823075738677,0.04976578131093685,0.03391565387376606,0.04842626759708192,0.04678252002385353,0.050654937585681716,0.03957166384099243,0.04176223324776637,0.033748696268012336,0.035122600394676365,0.01785961205616568
N:ACCAA,0.07968616507108903,0.07595844387033818,0.06322657134370467,0.06927722833925529,0.05770388909927354,0.05277910189683031,0.05500685422997345,0.054914988154379916,0.04760959367634765,0.043106369687461406,0.048618589406616605,0.03854215683172278,0.04872831833024221,0.04903351784804739,0.04836136439495471,0.03921992432276839,0.03839261927533998,0.034747067175536675,0.03558177254572124,0.019505464500396554
N:ACCAC,0.06805177813722371,0.07409580065203478,0.06473749206842677,0.06476403117276303,0.05874482444382482,0.055854130053329815,0.054232142715584554,0.05681160579159083,0.04869856712963043,0.04531052303060028,0.04863618300125561,0.043948756780827325,0.0504311915127255,0.05053148864729496,0.046412412856093606,0.039960653192843816,0.03719507172279113,0.03570957120734657,0.035241517912689105,0.020632257971123388
N:ACCAG,0.07365022670720715,0.07472071245813101,0.06417236377031192,0.06556191999142227,0.059567603308071905,0.05468729508657417,0.05439992990249472,0.05787713509881817,0.04799603856861586,0.04497596595198148,0.04727114043625897,0.04250035956676744,0.049517892301754775,0.04962396089527658,0.046620029151569424,0.03950565117901871,0.03643802063322374,0.035772209624975466,0.03485506216686031,0.020286483200665926
N:ACCAT,0.07716449485774367,0.07554188819550828,0.06364465592066403,0.06790428089626419,0.05770959917039149,0.05357398608976371,0.05463642057038127,0.05576439208888856,0.04824627688890031,0.043312354889839866,0.04852678671055765,0.03976318530343225,0.049541763336151616,0.04932283573113204,0.047796274727872984,0.03997137839362505,0.03860159780428324,0.034516267451001885,0.03507643963261971,0.019385121340978192
N:ACCCA,0.07506357654698641,0.07479866354091631,0.06447632439768977,0.06600581727335779,0.058866553355641976,0.055111688250168496,0.054839309279884584,0.05762282669643441,0.04807385846694406,0.04459394680217306,0.047140355493173275,0.041503037617646864,0.04981831962256204,0.04856583976393136,0.04676113600051901,0.03962856570589147,0.03693155049540534,0.03559668758338066,0.03463563777613126,0.019966305331161855
N:ACCCC,0.06758557591855127,0.07291741881587113,0.06533164181641862,0.06212760045590524,0.06000436893958159,0.05766680346261312,0.05386180440860736,0.05805845421799181,0.04870545029782823,0.046146238827442426,0.04753278304193359,0.04533551719378806,0.05062165988627961,0.04962448141692571,0.045603320394082006,0.04058909392031895,0.035764980298641696,0.03688600632308034,0.03438986113535761,0.021246939228781625
N:ACCCG,0.06162140064896906,0.07073762743044022,0.0643501366923018,0.06160607067119753,0.06197910013030481,0.05913027926109507,0.05403817164465111,0.0580520708244973,0.049362528424333786,0.046965941899384245,0.04966912797976443,0.04656736247732441,0.05104882597920233,0.051212345742098674,0.04414778098571757,0.040077671887375765,0.03514141904494238,0.03840670431027875,0.03396356575282966,0.02192186821329109
N:ACCCT,0.07071154097485519,0.07386613910242625,0.06492580609248186,0.06379970722120841,0.05925001884322643,0.05524868564173806,0.05388367540416127,0.057772986488888026,0.048333394415351734,0.04525105746803739,0.04732139214448364,0.04366476897512902,0.051565439932288855,0.04989029438997388,0.04610747346562546,0.04016442357360234,0.03680099409256208,0.0362422664978498,0.03467568559955689,0.020524249676553426
N:ACCGA,0.06312776396332391,0.0725876617192045,0.06487559269155328,0.06531061928223186,0.05963982887238019,0.05629089636070655,0.05509392970588084,0.05579151672406958,0.050280321868194665,0.04578333101662368,0.05049139985893812,0.042686662445106854,0.049152856503004,0.0516935147574405,0.0461025221245772,0.040153726556185355,0.037404564432843734,0.0370030014260635,0.03515478194613907,0.021375507745532613
N:ACCGC,0.05575233878454617,0.07110262086695708,0.06573234306934228,0.06139755766621438,0.06054059844319074,0.0590694851103335,0.054020567021352564,0.05719845747339856,0.0496107976862101,0.047779047346997075,0.050564164821823895,0.04702920802685139,0.050582018138970224,0.05094979647218453,0.04485467399842891,0.04154823966292937,0.03605655930871956,0.03852745840177105,0.03495322430907662,0.022730843390701992
N:ACCGG,0.06188016024231765,0.07179759636523524,0.06439616004690019,0.061358029214910355,0.060713762274659244,0.0589824857100982,0.053816136596804925,0.05724204895207387,0.0495291660559871,0.047037593433973325,0.04983145244027554,0.045749059553471104,0.0499230543749084,0.051223801846695005,0.04522082173042161,0.040891103620108456,0.03652169133812106,0.03796900190532024,0.03437209927206996,0.02154477502564854
N:ACCGT,0.0504955814310462,0.07223757208955552,0.06607295572659694,0.06363068219196105,0.059129881806021536,0.057553779356621274,0.05462359932460584,0.05466745608841524,0.05210457645330351,0.04754621406486415,0.051646821481042916,0.044777755849395875,0.049722605968905556,0.05400960463127426,0.04610442295463018,0.04094577111154968,0.03803477841370085,0.0373714448610837,0.03624487424072978,0.023079621954695963
N:ACCTA,0.08178048781454911,0.0763641150634243,0.06267686974892377,0.0695817537231615,0.057890160242951676,0.05282509834523072,0.055268017270536714,0.05479140818950802,0.047727918863846426,0.042562539081349875,0.04831515517749327,0.03810771127323222,0.04879612590568612,0.048338152953449724,0.04815536028593373,0.039666008850971636,0.03873618497824926,0.034188969552927204,0.03516161687053402,0.019066345808040737
N:ACCTC,0.07033669183032347,0.07445431522219399,0.06439114812461465,0.06479783592793144,0.0592546304233649,0.05518811485704489,0.054438170948789597,0.05734370520136302,0.048392586393067025,0.04545515505788052,0.04731569738802765,0.042939997600469466,0.050783417721656635,0.050107054583520154,0.047056896058644236,0.03991774902287999,0.037246005887186545,0.035474267934769016,0.03474607203738628,0.020360487778886525
N:ACCTG,0.06976950998185118,0.07429764065335753,0.06449606775559588,0.06431699939503932,0.05937114337568058,0.05527858439201452,0.054629764065335755,0.05866364186327889,0.0482870538415003,0.0457156684815487,0.047173926194797336,0.0434519056261343,0.05077404718693285,0.049392619479733814,0.04707017543859649,0.039845432546884454,0.036921052631578945,0.03583393829401089,0.034696914700544465,0.020013914095583788
N:ACCTT,0.07388192229130604,0.07554378539103104,0.06377245996609283,0.0674784638460269,0.05804167502771052,0.053721691400503785,0.05481843500311446,0.05544808690609828,0.04847121194009303,0.04420561991211915,0.048271161481897584,0.040859153722029425,0.0498992218928338,0.0499551499779207,0.04737416104031155,0.039911449247260214,0.038546742511705714,0.034633005744306014,0.03524575630289545,0.019920846394743497
N:ACTAA,0.08287816403628513,0.077117007989618,0.06253522970228934,0.07294006953023566,0.05746956122852802,0.052020803505775974,0.055697657691697426,0.05135618533246652,0.04722246403251906,0.041231948346851045,0.04943579998357748,0.03598970690739859,0.04890793325047987,0.04780867393085378,0.04971269849795675,0.03959679625023229,0.040067554594076654,0.03357386769498811,0.03560692635240383,0.018830951141766483
N:ACTAC,0.08040649381871405,0.07620885364761004,0.06293230080669673,0.06985493862136088,0.0572715497748938,0.052616919132279415,0.05527943140430048,0.05356690859449218,0.047408392738564384,0.042180273474112524,0.04848176433271448,0.03828288080862425,0.04906531415844384,0.04886991498812249,0.049358677682449344,0.039564360462222295,0.039748639354557885,0.03410801073053872,0.035655317981701316,0.01913905748760089
N:ACTAG,0.08004659249151992,0.07663351947261265,0.06316172420275122,0.06943843048207611,0.057696785941075746,0.052301521316859806,0.054935091291169406,0.05373941685503488,0.04731354352638387,0.04360026597560394,0.0481776836742042,0.03873386634445337,0.0496296074615322,0.04836051852149736,0.04838296372014204,0.03982386130363584,0.03902892718496995,0.03395257142483056,0.03564765153080931,0.01939545727883764
N:ACTAT,0.08696733431480973,0.07781595582456549,0.06213985845919344,0.07244118370937674,0.05706807594853739,0.05171708032405429,0.05530797302846303,0.05136332469882576,0.04705753075360551,0.040479475426354244,0.04902005514860628,0.0356583099798928,0.0485859735412641,0.04747137021345505,0.04943164548095664,0.03959042745632034,0.04053024144705008,0.03356212315065491,0.0354353250535453,0.018356736040468873
N:ACTCA,0.07364710104537067,0.07514935361068252,0.06419264907352182,0.06786843772706375,0.058454430122592924,0.054297725399481106,0.05511288859715225,0.05592224082249897,0.047888222925633966,0.04425915448958046,0.04796469532142347,0.04115260868493977,0.049642671689826105,0.04896743670572725,0.04739661466698712,0.03978772750537747,0.038161817449001746,0.03502993580502654,0.035241687636528796,0.019862600721583298
N:ACTCC,0.07500975264468776,0.0748868957993903,0.06365326126673174,0.06673280224813906,0.05904012794057683,0.05450148540280629,0.05493642687811224,0.057393916820973216,0.04783932584071328,0.04448759340032797,0.047464047603497185,0.041361804583478226,0.05003592150577304,0.04889208191162427,0.04721339139613742,0.03967958369887364,0.037060402850420025,0.034987370104481275,0.034978544181686916,0.01984526392156932
N:ACTCG,0.056474965294784955,0.07124022607243556,0.06500978344453383,0.063565741955623,0.06021576873003023,0.05774135668839919,0.053454913674742977,0.05522380105219614,0.05044755134722219,0.04732598538701073,0.04970903452248923,0.04706712381957856,0.050254674100900176,0.05239408881997193,0.04607735900292615,0.04063619036984212,0.03735473932386374,0.03736742861638492,0.03560615481444448,0.022833112962619882
N:ACTCT,0.07191589379548395,0.07582383548863407,0.06388668639699599,0.06809173960591601,0.058138503827623915,0.053544327059122876,0.05500906627051798,0.05501883291203983,0.048845287402703046,0.04427115795101001,0.04870906845516148,0.04074694246291568,0.04992373024022083,0.04944413673812165,0.047841893494774204,0.039942993655538266,0.038659965379825974,0.03464381957928907,0.03560788990424836,0.019934229379856817
N:ACTGA,0.07209861330891958,0.0756741078651508,0.06376475381695204,0.06892365701297112,0.05782425841229001,0.05425246340895548,0.055025669964365906,0.05434075940475674,0.04825178861050713,0.04405501580448998,0.048510757313276164,0.040169498715515235,0.050486318560114284,0.049441318185226256,0.048198761685654415,0.03993544033558398,0.03917209925456475,0.034331110970802145,0.035724855865419146,0.019818751504484845
N:ACTGC,0.06789824261208957,0.07433191836281221,0.06489108795467713,0.06634244007891286,0.05834239939410939,0.054286828646952535,0.054971819905587783,0.056353929623896376,0.04837540494093466,0.045811088721429194,0.04774635528708801,0.04211581320511361,0.050931114759703425,0.050321233907497626,0.04773227208588249,0.039923919417487505,0.03798591445159428,0.03509846700442878,0.03582023106621178,0.02071951857359079
N:ACTGG,0.07271488093983404,0.07522238148437006,0.06414370832542877,0.0661807414589818,0.0586099342106804,0.05445740791486033,0.05459295639730285,0.05742893512175357,0.048120296789696676,0.044972820040799215,0.04747475812061297,0.04184495829908026,0.05026126018516567,0.04949422557609569,0.04690855776414681,0.03998885164965138,0.037103103504001464,0.03533541076752645,0.03514775077347536,0.019997060676536237
N:ACTGT,0.0669732143672545,0.07540734994625253,0.06448541297449399,0.0686350613999698,0.05743646329297662,0.05400559661302306,0.054871841429655815,0.05417159329416385,0.04879953241582115,0.044462130462647256,0.049198139332994176,0.04073526322829701,0.05078128567384177,0.05048125607378633,0.04852179686841083,0.04032456917414771,0.03928749282158365,0.03512172821347281,0.036254427249671366,0.020045845167535777
N:ACTTA,0.07764240524328866,0.07729592956077869,0.06339984951384521,0.07211894581685867,0.05690911838840054,0.0526721043197327,0.055163739012154274,0.05117829359101243,0.048022634677795495,0.041855627548392026,0.04977256439133551,0.037477878047710286,0.04935555848077239,0.048634655043805125,0.04936725934809918,0.03997991351108901,0.040540580070497725,0.033673146021948874,0.03567464438301489,0.01926515302946831
N:ACTTC,0.0759427052922954,0.07616801267594023,0.06332464478794567,0.06990599204704463,0.058048555717556016,0.0529972093506517,0.05536547793964021,0.053855805533187945,0.04823695560597522,0.043072673207168725,0.04881801149011188,0.038794373978634764,0.0495292261510158,0.04935050488053062,0.04844249918403717,0.03988025392537413,0.03862722865141955,0.03428624992517988,0.03587497755396366,0.01947864210232682
N:ACTTG,0.07364164027135299,0.07581050517864113,0.0641317692755828,0.06820012933376182,0.057846777282606364,0.05342530400840942,0.05495536050350075,0.05450036445032698,0.04841430096431954,0.044128873021636345,0.04858450879019119,0.04064278698233618,0.04961663937194219,0.049759033485593254,0.047609819570634884,0.03977784099686763,0.03879680299517402,0.03424623781751847,0.03586427029365536,0.02004703540594869
N:ACTTT,0.08044199025868942,0.07709844723193635,0.06311149616741792,0.07236653062513321,0.05725546073872921,0.05237375372009125,0.055488368054185055,0.05185215153500636,0.04767045319987054,0.041424054879733496,0.04905389297188913,0.03677778918035634,0.049325844470582664,0.04835112135588939,0.049303938362923024,0.03949000213140507,0.040272109380550536,0.03364067668163913,0.03559249113888078,0.019109427915091137
N:AGCAA,0.07412447248660184,0.07644159781769926,0.06388942432784386,0.06917659243256173,0.05776294240776189,0.0531619843855398,0.05496805709030385,0.05357909663284177,0.048282598106730266,0.0437560714006256,0.0490911639425017,0.03979954861965958,0.049648020455676574,0.04973305452337769,0.04807054307505667,0.039826691663713804,0.03872167289366267,0.034313260840200206,0.03596008021617738,0.019693126681463866
N:AGCAC,0.06526268865391695,0.07454231690143223,0.0656594993093806,0.06571994961348954,0.05926527552167937,0.05539510521392316,0.05469671846030712,0.056530827966539576,0.04875604080902094,0.04639847894877259,0.04683074927983087,0.04421416293214369,0.050863020961733944,0.05025716707586007,0.04689153729513595,0.039646281293163714,0.03764905727919598,0.03543468496611068,0.035396861312143084,0.020589576206219967
N:AGCAG,0.06510768389627052,0.0745694403468837,0.06523557290214664,0.06516542566964668,0.058965177199578125,0.05468033161822222,0.054552668166148344,0.056452282288703456,0.0489147253250907,0.046429799085695105,0.047536591593339124,0.04368210266667749,0.0510498176171955,0.05048706088058009,0.04712540701183616,0.0403335309184641,0.037384866061641146,0.03590297758085427,0.03572118121624023,0.020703357954786387
N:AGCAT,0.07266516545170032,0.0765624721702734,0.06375074742694299,0.06950472628271186,0.05748788214190298,0.05321527168174243,0.054876785873312725,0.05348574481890004,0.04899914761523097,0.04341081129218986,0.04901772196989937,0.03935295090518173,0.05050519700265893,0.049511087363077744,0.048300446547841686,0.03999007671462921,0.039795427655433,0.03402058445606402,0.03596274951337735,0.01958500311692938
N:AGCCA,0.06595825869889411,0.07410326141660935,0.06556377718761373,0.06369903775011632,0.05967641206398653,0.05607586349944458,0.05422921954411599,0.057228545713598734,0.04891321926996944,0.046642010064254794,0.047872050464680675,0.04492995125755684,0.050436858868584504,0.049771397511825965,0.045996453737881964,0.04028710292009058,0.036785174733368724,0.03580756630919796,0.035116997470930174,0.020906841517279038
N:AGCCC,0.06086020112003972,0.07265621462796228,0.06682846405927749,0.06039416842437234,0.061152935225358425,0.05803434122336315,0.053752617042901546,0.05913892458076573,0.04923397339320201,0.04812704816295688,0.046799206261231234,0.04810753255593563,0.05119138877743309,0.04953412342918879,0.04511110625389336,0.04038091342408351,0.03527445969090401,0.03714522577996075,0.0348704866255642,0.02140666934160587
N:AGCCG,0.04888056504229248,0.07064987208206333,0.06718078660350336,0.058306097217631865,0.06285973094389972,0.06063922245480029,0.052153795306819434,0.05650667743870344,0.050787705188939075,0.04957340286193432,0.049541576389653945,0.05051595607946825,0.051411993683669346,0.05160050432717613,0.044209418187604814,0.04118835151114539,0.03576071389225515,0.039597027897127046,0.03534207337225956,0.02329452951905304
N:AGCCT,0.06633173200337379,0.07354029742089443,0.06549616101854908,0.0633697469518365,0.059771576189486635,0.05535875088113894,0.05423578259399155,0.058319649364425484,0.04823955570224227,0.046991360424196243,0.04702450075584404,0.04534548116637669,0.051280860236084115,0.04996067981142608,0.04617860737263722,0.04027473878220147,0.03649891411085441,0.03605885396930173,0.034857109483975156,0.02086564176116415
N:AGCGA,0.05381868960966552,0.07143259044803298,0.06627399628642602,0.06307960654530202,0.05977012670141535,0.058376257679067414,0.05439158256563972,0.05422789886393281,0.05139668233597103,0.04651174686315531,0.051028394007130475,0.04594141146502028,0.050481076629547976,0.05367802392851114,0.045614044061606455,0.040427316763768616,0.03773165080128287,0.03677000905375475,0.035964378334416035,0.02308451705635323
N:AGCGC,0.04818602506463778,0.069897732325478,0.06723976088137938,0.05984882169853268,0.06214449220229567,0.06014524974062546,0.05408823674719628,0.056789025575152745,0.05010622004841658,0.050030466215437316,0.04940138003721819,0.0504685209887522,0.049691220789486686,0.05194078026447969,0.04459924575531512,0.041384648321064504,0.03596989608550302,0.03901322398432225,0.03497521532203613,0.024079837952670324
N:AGCGG,0.05066397676010899,0.0703874536146089,0.0664878404765192,0.05860972029292181,0.06237126909303001,0.05982694057879952,0.053526698543562116,0.0572149887153536,0.05061044160864677,0.04933968617130685,0.050432930316956275,0.04979332613896035,0.050787952900337274,0.05201362610486691,0.04378893625654045,0.04169543007041281,0.03502044197493991,0.039596288605183896,0.0348091190086417,0.02302293276830268
N:AGCGT,0.05228528377699648,0.07178553490708187,0.06629834254143646,0.06512556504269211,0.06024610748367654,0.05714716223003516,0.05393771973882471,0.05458563535911602,0.05116775489703666,0.046848317428427926,0.051278252134605726,0.04497488699146158,0.049799095931692614,0.052559015570065294,0.04618031140130588,0.04090909090909091,0.03862129583124058,0.037413360120542444,0.03623807132094425,0.02259919638372677
N:AGCTA,0.07683221678160812,0.07679747613928181,0.06373718547590768,0.06929850505695431,0.057948017357802015,0.05316695382467869,0.05462449590858516,0.05320044255196621,0.048255378148761935,0.04368901804479039,0.04861843351000984,0.039703546518815504,0.049617461710960986,0.04849543285744913,0.0480012393958884,0.03970980609400943,0.0388785345082556,0.034147234597924014,0.03558631093500839,0.0196923105813424
N:AGCTC,0.06810622181174618,0.0752754086629104,0.06491931467352559,0.06539569559890833,0.05950969779754322,0.05489304601213793,0.05454967858581974,0.056428719961745075,0.048327836746092576,0.046053065163674314,0.04724236233178081,0.043076211017189135,0.050863820358347994,0.04997636151504181,0.04715027606319766,0.0398453672933047,0.03726665083745841,0.03558141193528321,0.03516822746873205,0.02037062616556088
N:AGCTG,0.0660656267929208,0.07497186471192878,0.06546658372938671,0.06487148784882939,0.05943041220896201,0.05517767083233783,0.054409363275270274,0.056326533265813286,0.04864160019726627,0.04611052716021778,0.047247548044762916,0.043774259212434836,0.05128714154064124,0.050037974222108914,0.04690809030876026,0.04039082683963687,0.03724306450927577,0.035700876901526374,0.035392996629337925,0.02054555176858177
N:AGCTT,0.07232265716422971,0.07621114513424479,0.06447945265118783,0.06863364648981966,0.058175072989956216,0.05295488937057789,0.05449054791610872,0.05401269952676914,0.04856849973812009,0.04460085411111888,0.04861942449744783,0.04047858719413811,0.050081202563124934,0.04995323101766403,0.04787639795720473,0.039813926734311285,0.03845056802215359,0.03419610781800599,0.035944700460829496,0.020136388642987092
N:AGTAA,0.07846391127506429,0.07753660022483959,0.06282082918077955,0.07271533667509404,0.056600480009603674,0.05264099520947284,0.05525416818777962,0.050761436038879795,0.047683157705801144,0.04155037824605987,0.04981614710087712,0.03686684851396809,0.04947195753970866,0.04880822552158347,0.049581564661967864,0.04014897289717431,0.04089679503555127,0.0334565591888609,0.03588821349379662,0.01903742329313729
N:AGTAC,0.08693500263675656,0.07624387457798755,0.06273816218943651,0.07110351328101869,0.05758378491074448,0.05244648960977755,0.05525975994127304,0.05424973325834783,0.046826518938219305,0.04144438195652593,0.04764163587530682,0.037121765593217664,0.04922412781173734,0.04744541213118258,0.048843506308067774,0.039177296912804825,0.03864644160504015,0.033726394020782195,0.03463918483050298,0.01870301361127025
N:AGTAG,0.07989081238114619,0.07608231987126764,0.06312672359954248,0.06964754824601414,0.05774970241535688,0.052547003231235546,0.0552944213636043,0.05353827494346538,0.04782886011508945,0.042435957901236984,0.04870379405185267,0.037990746899598284,0.04903581836977168,0.049038034327399616,0.04885595647563758,0.04009147473088118,0.03904960531948015,0.03380184833025746,0.036066557026007584,0.01922454040115481
N:AGTAT,0.08408236574007846,0.07740089441492806,0.062166971876853744,0.07272635094661442,0.05671419894193084,0.051976686699348,0.055203271276260804,0.05060396742027911,0.04733927866201365,0.04039301556814142,0.049488289906945065,0.03575948253230056,0.04914858144268243,0.048053247687189216,0.05021937352205021,0.04001035917065927,0.04096231787089335,0.03384329429376968,0.03551987827328642,0.0183881737537753
N:AGTCA,0.06887498146734647,0.07597409369627038,0.06436306788675202,0.06823850378950874,0.05784493591388302,0.054272456951293374,0.054835742377214634,0.05454082854165376,0.0486996578731404,0.04453306158363904,0.04888491738257,0.040660306715751056,0.05024983223424309,0.0501109546280426,0.04797792328647689,0.04027155665978445,0.03894310388232616,0.03463789809011119,0.0360430284648153,0.020043148575177423
N:AGTCC,0.07316430386798312,0.07490967394246117,0.06402517688441973,0.06586681058868366,0.05866636998531585,0.05379913883503649,0.05480753980935067,0.057704917256675925,0.048280155568338104,0.04512515455441381,0.04718219785647724,0.04190821341804533,0.0507325109894402,0.04934694595744043,0.0469632375510217,0.03984722488525296,0.0370338808524539,0.03533940425437901,0.03487702321294856,0.02042011972986216
N:AGTCG,0.0644302856768158,0.0729820113221569,0.06366527507595462,0.06540294201219646,0.059695416493628556,0.05686487727044218,0.053996087517212736,0.05505890581626631,0.050285786103036,0.04560009617276125,0.05030217918734017,0.042714913335227644,0.04959454438154357,0.051121833402548576,0.04644434001442591,0.040676706520076066,0.03769316517671745,0.036466416034622195,0.03567954798802212,0.021324670499005487
N:AGTCT,0.07292940549199683,0.07561904523123728,0.06407045127748552,0.06840577499045797,0.0583809723725135,0.05293207806143229,0.05496717834013167,0.054966644893138565,0.048276419429099694,0.04444066882517102,0.048644497854342834,0.04041634470917937,0.05021763303701242,0.04972579490936869,0.047777913214042136,0.03975353682024517,0.038358039486279874,0.034519621647385666,0.03573588079166735,0.019862098617812168
N:AGTGA,0.07160193125461872,0.0756132567517876,0.0642155384315702,0.06854804461232754,0.0578699948071975,0.0540310845938552,0.05529292034363027,0.05531173853095058,0.04839834338919623,0.04378331009880566,0.04778929529957283,0.040290501952259784,0.05047495578997479,0.049500733146406004,0.048079451404065644,0.040177847128166605,0.038887021197925115,0.034403715218776686,0.03587382252821838,0.019856493520694667
N:AGTGC,0.06600499355606788,0.07401372463643427,0.06559403184014331,0.06571587915017833,0.05904484810793838,0.05497934054838277,0.0546277739369914,0.05712149486996621,0.04854720011040502,0.046094531676151684,0.04687845971024797,0.044361592155653606,0.05113700135953647,0.04975344480688075,0.04726234424616476,0.03952918898168403,0.03779799637602516,0.035295104140144494,0.03558116144506542,0.02065988834593805
N:AGTGG,0.07604859470060917,0.07480177376144455,0.06405317404472981,0.0665706493528808,0.0589034904057974,0.05426733403965273,0.05503804064819169,0.05720355716711419,0.047854478620166355,0.04434653030988724,0.047224555527318794,0.04097576278753578,0.04978360077120545,0.048945273733869823,0.047092917397489234,0.03969430023525812,0.03731068012017591,0.035105810728757,0.034845582931051826,0.01993389271686412
N:AGTGT,0.06961950803438367,0.07581848539228223,0.06448671985971807,0.06838029460156404,0.05776390761774975,0.05405764353141964,0.055262199201707385,0.05466693228799172,0.048987292241925995,0.0444495064179033,0.04851451803089938,0.040410157422965186,0.05001829453648153,0.049668013028143956,0.04834413941204032,0.03981780070304991,0.0391106236095557,0.03486623823322663,0.03596814343128252,0.01978958240570906
N:AGTTA,0.07689354150440696,0.07716918139945778,0.0625952292134586,0.07184274478648833,0.05712363682336727,0.052731191791362764,0.05548165964560139,0.051634875470390564,0.04791201999091606,0.042336789497589324,0.04999914155185573,0.03760065304491557,0.049430068472945614,0.04869117874295097,0.049116656859546956,0.039911283286326794,0.040506578054007314,0.03393211392075119,0.035785113260526524,0.019306342683134303
N:AGTTC,0.0749021061237634,0.07558170685833183,0.06365177125105667,0.06773159657590054,0.05865248610885549,0.05408183803126774,0.054932727022874064,0.05501962041744919,0.047750835273165905,0.044118524811117915,0.048720265732770884,0.041629431597825166,0.04950397197202199,0.04856979857666954,0.047241412336918726,0.039665862972170514,0.03802654829176748,0.03491559819717027,0.035157122968034055,0.0201467748808686
N:AGTTG,0.07464996579470307,0.07641170146919894,0.06372186207121217,0.06918461087402678,0.05776264781574747,0.053341368863406846,0.05477343062840017,0.05416294751930156,0.04829885656578819,0.043857054435286834,0.049057562628269866,0.03933641723946966,0.04956575561129752,0.049419161481578,0.04792878782942959,0.03975046421474411,0.03884874743460273,0.03422842623057628,0.03589438707365541,0.019805844219304817
N:AGTTT,0.08084707722750316,0.07663698510863294,0.0628910479603779,0.07228466277722488,0.057338232590175606,0.05231561876465959,0.05544312688549884,0.051951579465537384,0.047332307952731315,0.04187969581024038,0.04919920109814955,0.03702227138341744,0.04888127474071199,0.04858008134945535,0.04933987475569383,0.039393877485502146,0.039906762355884896,0.033925894362449666,0.03573071987749912,0.01909970804865402
N:ATCAA,0.08536384951854266,0.07711916714280527,0.061966732720945834,0.0725164673891234,0.057157414290273205,0.05206289042569658,0.05535182980544881,0.05297870083908681,0.04717522410363324,0.04078389931722679,0.04895238359127625,0.03553339626643633,0.048538429640727146,0.048166516022143786,0.04919984827262009,0.03942093264565542,0.03975677757033634,0.03401946658462432,0.03547105236505531,0.018465021488342406
N:ATCAC,0.0735480228361983,0.07620692981859697,0.06338764471534672,0.06932310543532705,0.05705632048426353,0.05356474735755767,0.05491751834873653,0.05456401792919953,0.04877771801061498,0.043197181679636064,0.048629269193951406,0.03875582092017619,0.05021414720782728,0.04990834976534763,0.048209554194319854,0.04022927332346285,0.039580299240063094,0.03447892863385438,0.03596341680049013,0.019487734105029852
N:ATCAG,0.07911202943739137,0.07576283230401012,0.0629359448221692,0.06945826763793018,0.05792092526918774,0.0530394677047386,0.05524694295257562,0.055935047735383804,0.04763637789760266,0.04292605520141669,0.048278956417379296,0.038399483084936376,0.04950843977382772,0.04905262863431907,0.04799208610936122,0.03948991936092097,0.03831528692378766,0.0344378754374018,0.035330848403851964,0.019220584891807932
N:ATCAT,0.08228564135431456,0.07704552746217141,0.062417326318375925,0.07237974834288338,0.0568943161207932,0.05227225277161751,0.0552451763793142,0.052229541961737645,0.04801348254647878,0.04066345464627033,0.04944178227687308,0.03585999597513427,0.04906818831045332,0.048060966917462866,0.04954479070070098,0.040293378040664206,0.041003633684960544,0.03337523180035862,0.03550022021191094,0.018405344177524215
N:ATCCA,0.08383232397768825,0.07571814250125414,0.06290327128858898,0.06915584977224036,0.05858220069625279,0.05357274457769029,0.05515141045573491,0.05662723319492163,0.04722229923609349,0.04218772474721085,0.04752869596084757,0.03738158524878679,0.04877774246987988,0.047749311081300816,0.04813509133489683,0.03933631578436021,0.038076368850472,0.03444771220224364,0.03474131277607992,0.01887266384345663
N:ATCCC,0.0762581638588927,0.07418735695429078,0.06345903807521297,0.06487921983749063,0.05886303606177301,0.05528284878667156,0.054501748817418844,0.05812671029586304,0.04790245100285471,0.04453948857365829,0.04755370193463036,0.04206536404050806,0.05007784764807756,0.048312414802211705,0.04721299823106917,0.03989521437223943,0.03716188917755035,0.03514250264709987,0.03444850249528734,0.020129502387199617
N:ATCCG,0.06017447367522058,0.07067767712121542,0.06519625959248068,0.0637273018071597,0.059463286925033464,0.05875831141283925,0.053335900645037064,0.05720860753361056,0.05023028164858679,0.04641658152094585,0.05033897831346255,0.046506644471842905,0.04852219120053913,0.05136072696329469,0.04532961487218825,0.04089168532626081,0.03713699195955242,0.037245688624428175,0.03493510809106917,0.022543688295232563
N:ATCCT,0.08139886525499603,0.07536463201707201,0.06274373208481643,0.06830359875383461,0.058102512975702264,0.05310286051599879,0.055322968678838534,0.05660497739950639,0.04762287624349399,0.0430641331151956,0.04769316237808857,0.03874244359213501,0.04932893599760145,0.04870621640659932,0.04792010100454707,0.03946423810348816,0.037912496615372486,0.03462875953012552,0.034800973527803744,0.01917151580478402
N:ATCGA,0.07702260374771588,0.07439513157248244,0.06207666229144586,0.07032874988009087,0.05811088728074178,0.05423636019063796,0.05584138771709401,0.05530091926430779,0.04852985561771333,0.04236945113205914,0.05005299398465631,0.036936690320935314,0.04955697964703432,0.04987049814345577,0.04729683884447377,0.03995489077155966,0.039086865680721186,0.033986340888193224,0.03550947925513621,0.019536413769545187
N:ATCGC,0.056145855035520095,0.07051321331258094,0.06528017778431397,0.06454077151529264,0.059115735464130625,0.05740815634561728,0.05382959340825439,0.0552716398887214,0.0515296722510223,0.046010678497166974,0.05134584196314407,0.044229567263502335,0.04971179495978202,0.05343333700993909,0.04623944507763766,0.04075313226384957,0.03915993643557157,0.03605116201167526,0.03681099386823862,0.0226192956440392
N:ATCGG,0.05887099365554274,0.07207046382017016,0.06480486420290839,0.06346242417534552,0.058513961733318576,0.0571358185135333,0.0535797805681806,0.056432465626751686,0.05079493157483211,0.046235633928029506,0.052273043732840155,0.044386208570908324,0.04949533537793614,0.052465840970841206,0.046257055843362954,0.04005541135432919,0.038127438974318695,0.037202726295758104,0.035846004991306274,0.021989596089786387
N:ATCGT,0.06119974835363335,0.07323665288731805,0.06404562035419496,0.06844673170231207,0.0573197501896798,0.05470878413223854,0.05440637648132498,0.052745834469612084,0.050466976814513405,0.04461322871468648,0.05295913986623862,0.04100323738190576,0.050485877292695505,0.052027616298692354,0.04812061745162153,0.041138240797492176,0.040195916956699,0.03506578716441526,0.036696628424699146,0.021117234266026932
N:ATCTA,0.07908095246131258,0.07713378447553312,0.06232878253483414,0.07163232473238042,0.05700423578648936,0.0530409909377795,0.05491981256785415,0.05190835400599648,0.04853660045789246,0.041178538681787245,0.05025650977943534,0.037083945075406,0.04971564540898122,0.04838471966743732,0.04851269329643192,0.04041941599023463,0.04017584420406028,0.03408626828897852,0.035587638028699846,0.019012943618475456
N:ATCTC,0.07410705039144931,0.07567204066069597,0.06364679315525225,0.06765072580525851,0.058078677209324844,0.05374549944251593,0.055189981695155065,0.0555017423899053,0.04845175442725741,0.04420734372625313,0.048530837813156084,0.04084307193225728,0.04941339764014101,0.04908334555001284,0.04786938867735727,0.03985372263519829,0.0385458878656766,0.0346261494326305,0.03523191740897005,0.019750672141532363
N:ATCTG,0.07597198400785099,0.07569203339523009,0.06359041298780561,0.06843829182080402,0.05834770151508701,0.053603050010786545,0.05497449880634482,0.05572135090798425,0.048194556399583,0.04377457149360668,0.04843835366206084,0.039727299085486736,0.0496480637859265,0.0489021630882382,0.04776523536663422,0.03958030717503668,0.03810586890176826,0.0347421802325374,0.035318968877911805,0.01946310847931636
N:ATCTT,0.08371846009336263,0.07700125689574401,0.062388757616622305,0.07158933716327083,0.05757862313430773,0.052219238641920594,0.05548708857599479,0.05362544506828396,0.047280531072026996,0.04150619718332113,0.04876099783776012,0.036779013080089774,0.04857040946677126,0.04808791476177046,0.04874440776194347,0.03946265534433492,0.039100438689004806,0.03389707990965519,0.035363721612207764,0.018838426091607238
N:ATTAA,0.08176280798892926,0.07747129281727438,0.062439244436652455,0.0744219126051871,0.05674230626877096,0.0528913823258557,0.05515659800166,0.04960614161637204,0.04761975697392701,0.040144793517980594,0.05024707103277869,0.035485832518802954,0.049010092537526646,0.04708692232798704,0.050317351731598015,0.04004471991422699,0.04223621724833494,0.03380654397337278,0.03532789192661931,0.01818112023614315
N:ATTAC,0.08063758983524967,0.07696005185015338,0.06244104514681841,0.07295363161895599,0.05671150682280073,0.05290225531301438,0.05481491238038866,0.051223711004464205,0.048097121055571464,0.04055732489831355,0.04997725130739728,0.03626418681154084,0.04934759640887894,0.04814289953671374,0.04996681060117185,0.04006741483696637,0.04134599978395769,0.03350221844929009,0.035568675150677465,0.01851779718767531
N:ATTAG,0.08191039478923218,0.07715701089596452,0.06223190423031292,0.07293013391398433,0.05712010488368004,0.05218212355766413,0.05512355564298856,0.051272947515716046,0.04790337065480213,0.041076634209407596,0.04967456281062392,0.035961803153112794,0.0492161009384152,0.04799600622780536,0.04953139874325529,0.03969585888671579,0.040836455432857396,0.03374326539384267,0.03575093090329452,0.01868543721632461
N:ATTAT,0.0851019212252395,0.07790259352142437,0.061989008862511685,0.07458051714370877,0.05617371708940072,0.05239673277787228,0.054943592976783306,0.04891547763772474,0.04757006596555184,0.039132226052569566,0.05059075608351579,0.034175056063696474,0.0487799025888397,0.046496584679200176,0.05116875445739549,0.04060482467707779,0.04299114060946739,0.03330483981466598,0.03518904038614895,0.01799324738720546
N:ATTCA,0.08035904253604416,0.07702659894322897,0.06263966669546503,0.0719625999507419,0.05716862216158805,0.05288045970786423,0.05507063980939781,0.05232662847229834,0.047882009231810074,0.04120078864536361,0.049137961789298266,0.03663947155430791,0.04972252560797861,0.048111966322246826,0.04946763858998049,0.04011160870673422,0.04072518580317994,0.03368699444363494,0.03534182584210501,0.018537765186731604
N:ATTCC,0.08232827848222767,0.07618829180855184,0.06239850396943651,0.06990125796482252,0.05777809772860952,0.05256113200092414,0.0551697543782109,0.0557325516116035,0.047346677515232076,0.0423562816207221,0.04799764724527914,0.03823589156345462,0.04892792289036141,0.04846557533670175,0.048182921099008784,0.03931767880880073,0.03860476510958502,0.03445926263238431,0.035105488905332875,0.018942019328750597
N:ATTCG,0.07650116861206428,0.07378852356567463,0.06285095560647647,0.06975274869918942,0.05768662883461564,0.05311290326272826,0.05556229583626154,0.05599723470445904,0.048319419104804244,0.04297653848178865,0.05104122075894543,0.037626790402959416,0.047735685360644445,0.05039110160858706,0.04748616779941535,0.03990449658115158,0.03915136559358854,0.03449294139999954,0.035880167474355774,0.019741646312290684
N:ATTCT,0.08235088777403113,0.07715144703054894,0.06267200336284964,0.07221829280551215,0.057104111266460145,0.05198271056647568,0.05534172218110042,0.0527777320868858,0.047336860670194006,0.041438532043022544,0.0489331176723232,0.036310186327457486,0.048746698833054616,0.04832999789821897,0.04928365819557529,0.03956922627043525,0.04023156144054244,0.033956374336339794,0.035596311831199566,0.018668567407772934
N:ATTGA,0.08473329395992589,0.07697137407780125,0.06183292881992362,0.07248770290767911,0.05726328912386361,0.05262285181820771,0.05526764823382587,0.053296493735076944,0.04718181597997865,0.04049862809669676,0.04910453000900407,0.035483708698178344,0.04896533019765575,0.047654509794423434,0.04925996536240258,0.039595293183281435,0.04031152012847903,0.03396927862825107,0.03513823765586453,0.01836159958948033
N:ATTGC,0.08078284309067268,0.07627713795013594,0.06273800390772576,0.07153927156221729,0.0573303078975771,0.05228611227642408,0.05489280794586355,0.053642382059382286,0.04780088059031536,0.04177048253228046,0.04862599943292394,0.036748305531927386,0.04956893721139189,0.04848886591741549,0.04942678190517469,0.03972700000540808,0.03993212084128128,0.03377192880800458,0.035758240179115684,0.018891590354762473
N:ATTGG,0.08525394525959423,0.07618764071639862,0.0625485306014593,0.07010150919810301,0.0572759417902555,0.05235925759921369,0.054625996248537784,0.05579804379219461,0.047091544193765524,0.04142924794916057,0.04828504352274718,0.03664940014632718,0.04873033058176267,0.04838125152965855,0.04828536854979756,0.03949631208057291,0.03894084085147986,0.0346098554052161,0.035009963704229284,0.018939976279525865
N:ATTGT,0.0836243377131172,0.07709167108211612,0.06224965378723421,0.072840381074663,0.056748846547802524,0.05234658847595785,0.055340788419723466,0.052354405592560646,0.04700383356283899,0.040448692721604874,0.0491252035809234,0.03565777738366482,0.0488955757807162,0.04827289358632454,0.04991131236929231,0.03944736894176517,0.04074745314676807,0.03386130627438421,0.03559695044509929,0.01843495951344312
N:ATTTA,0.0802631687860279,0.07736835758416677,0.06281509839777491,0.07420964399308011,0.05681562003509285,0.0530880393626806,0.05492821481719404,0.04868853009777535,0.04790315269220201,0.03997829053900197,0.050662604366010215,0.0360978217665587,0.049100126936075406,0.04705155623693371,0.050701556748183725,0.040408227457242055,0.04230261164361362,0.03358247168770447,0.03558884397282487,0.018446062879856732
N:ATTTC,0.08301075420795709,0.07689938888113482,0.06243129550485768,0.07300052472478451,0.05695419346973822,0.05183309158302577,0.0553298434129372,0.05177991240452924,0.04744642771960262,0.04088065426290302,0.04946016950200614,0.035948594638620095,0.04891230029098374,0.04796267210354569,0.04980556914971617,0.03958668647782464,0.040788606581850885,0.03380729349782955,0.03555089918747162,0.018611122398681297
N:ATTTG,0.08343239227340267,0.07692517240065531,0.06266544747971196,0.07264868365908485,0.05697755934011506,0.052123290280793995,0.05529984379167143,0.05183849582809464,0.04761287004229055,0.041087552863184364,0.04925439097801654,0.03618965977064045,0.048770335657408466,0.04793404960566922,0.04944812740503677,0.03954547186345106,0.0403520402331695,0.03379700537204252,0.0355446336724197,0.018552977483140932
N:ATTTT,0.08739106076807883,0.07729149543467254,0.06211483952464611,0.07501616667915595,0.05665672678569942,0.05179472936523135,0.0554358501016786,0.049986063549421665,0.04676214423889336,0.039635919645161714,0.049579963705755736,0.03452522695797219,0.048360078234436076,0.04695285356259687,0.050510910674686764,0.039561182207494126,0.041560259983196964,0.0335884318341043,0.0352089654792335,0.018067131267883955
N:CACAA,0.07761368620503074,0.07655976590838273,0.06314062117138215,0.06968136483663798,0.05767394338085281,0.05343899251088135,0.0552665468004771,0.05497399797098993,0.04772531241521613,0.04299000669840471,0.0486846360843653,0.03862564238664663,0.048888500575572306,0.04904681854242801,0.04814180034462077,0.03921095901929574,0.03883301045664989,0.03464842353187458,0.0355407412565454,0.01931522990374574
N:CACAC,0.05437224099434921,0.0762991101234615,0.06568154757955925,0.06390478304291891,0.0585863405413406,0.058745042340016804,0.05523312096233061,0.053789089174051175,0.051780712759147994,0.047941211288902066,0.04945725144200293,0.04582269685624876,0.05080273868808488,0.05037055968276129,0.04652796661903466,0.03947088923374469,0.03858707994744806,0.03541562030182454,0.03607129575252412,0.021140702670247934
N:CACAG,0.061157450053868544,0.07462975427215444,0.06575427062299907,0.06514513877562585,0.05882640086924761,0.0560202211864556,0.0543993791526061,0.05650549750106627,0.04946162086500551,0.046610646445480214,0.04763613962787443,0.043572835859067335,0.05188340810608619,0.05109337443729005,0.04697302437982261,0.040334406109848946,0.037779383241561555,0.036092880546602986,0.03571135956237457,0.02041280838496214
N:CACAT,0.06905142354162315,0.076353541691045,0.06420045121051658,0.06763525033237737,0.057086437286011475,0.05546718340082055,0.0548261912968049,0.054221941419312275,0.04952552606281883,0.04440397918313244,0.04932923471133989,0.040799646635630134,0.05023081706324974,0.050064877985855044,0.047630905164719,0.03955560277020413,0.039323767308284456,0.034800679411693056,0.03567290791958724,0.01981963560497474
N:CACCA,0.07103053892094054,0.07404075035360536,0.06464534955690256,0.06523562190912394,0.05911348043045491,0.055490674356357086,0.05429034398647675,0.05793775531118286,0.048468285100277814,0.045135415123553874,0.04741304961027312,0.04314720940945369,0.049751309405192165,0.04987636495725282,0.046675906741534275,0.039802163638614316,0.03694592526903432,0.035677613382009456,0.03503407193053303,0.020288170607227145
N:CACCC,0.06506209947838705,0.07284076268201871,0.0660648777813658,0.06213129520410854,0.060383564529442074,0.058033508594014856,0.05418989080980382,0.05874042706945538,0.04902715510478887,0.04625909202118342,0.04682374909623783,0.04556460770413139,0.051031614579123856,0.049672268498827714,0.045098326764562505,0.04045782571186471,0.03644671249994971,0.03708451168317179,0.034170164383231,0.020917545804330962
N:CACCG,0.049304867570346654,0.07053211319319563,0.06688624806907659,0.0606415595757368,0.06097727027293515,0.059784675628342436,0.05383813579615083,0.05708959954174316,0.05151398481554693,0.0490020236546922,0.04982369319328954,0.04843859311393974,0.05026974237138524,0.05223470638225945,0.04474108019025171,0.041736117306238586,0.036080683253435754,0.03870767814969411,0.035341180668698145,0.02305604725304135
N:CACCT,0.06935918357168533,0.07444452621648925,0.0647999528019867,0.06455027774449452,0.05927608222429153,0.055652904837005676,0.05481051761501627,0.058715301705393165,0.048328697669354805,0.045536047178550206,0.046924921706646104,0.04327863189016487,0.05037992576044454,0.0497157475319879,0.0467178221766191,0.03977953175434894,0.037002086809067615,0.035641798706555476,0.034885474872227804,0.0202005672276702
N:CACGA,0.06056332328362437,0.07249145100261023,0.06548835515266789,0.06509783290504037,0.05895469537241254,0.05645171081119362,0.05456587280710629,0.05590943121345177,0.050419862001982965,0.04581048542117723,0.050709212682867606,0.043048501649096536,0.04977641083749823,0.05235830922077659,0.046350741587584225,0.04065680581129479,0.03773294753242549,0.036000890309787335,0.036079804131846784,0.02153335626555513
N:CACGC,0.04873699188955227,0.07103422140816394,0.06781307702881939,0.06012431313833087,0.06194108315159441,0.06247236763400072,0.053360652996927466,0.05595577335329675,0.050379143926080866,0.04875928354615673,0.049974178831099836,0.050009473954056895,0.04967509910498999,0.051692494027693665,0.044427271612689896,0.039786891762861355,0.03675522646465472,0.03927046838485802,0.03463380381113022,0.023198183973041957
N:CACGG,0.04782941626906992,0.07098195240976651,0.06717109244057468,0.061518168074096685,0.06143070571414802,0.06021872729771652,0.053739372877029706,0.05594913617532455,0.05147963108733563,0.0487433086832274,0.049960641938023104,0.04738139479259819,0.051715243975360606,0.053466276120455306,0.04455047024405568,0.0414750080768812,0.03625761056402513,0.03839597601746391,0.035170578376091714,0.022565288866755556
N:CACGT,0.052143871739607744,0.071528110731233,0.0666305209906305,0.06391959528791823,0.058031733513762986,0.05821544913989721,0.054714396882510126,0.05465763920939549,0.050950466981223665,0.047828794959918625,0.05075181512532244,0.04679968872897165,0.04938963097057115,0.053764452669328305,0.045707850333003244,0.04101787418616218,0.0381396627100594,0.036862615064980064,0.03603066706695762,0.022915163708546363
N:CACTA,0.08014624357793151,0.07643471742898637,0.06323492668301138,0.06944617955244624,0.05758077361525368,0.05253564345612693,0.05557841560347924,0.05424988678420288,0.04741165263831847,0.04280142729984228,0.04799686118962475,0.0385253837625123,0.049544404016428005,0.04839233568093446,0.048657416805909084,0.03943150053875103,0.0390696003872761,0.03424036104127302,0.03552594593750488,0.019196324000187392
N:CACTC,0.06917669100812121,0.07429307708991616,0.06501159279078061,0.06598002097711701,0.05908400801375972,0.05522842445502017,0.054869136938646215,0.05708781975764903,0.048707520843620275,0.0452623161453262,0.04713885176983712,0.042739392612916816,0.05024355738151258,0.04958826969109844,0.04722257564979949,0.03997156025053877,0.03766058339063255,0.03524083141109018,0.035254016274076386,0.020239753548541062
N:CACTG,0.06385124657189675,0.074274878322177,0.06521906892349622,0.0657345970406586,0.05842953187311806,0.05542085996244044,0.05488213185895385,0.05747271559503081,0.04906797107572231,0.04612230544369363,0.04739781627076094,0.04332267762031635,0.05119504350607962,0.05049342707755877,0.047009521762808225,0.04016601421792846,0.03796055025483353,0.035652029510382606,0.035826639933770145,0.020500973178373707
N:CACTT,0.07490431204794537,0.07601290209027636,0.06411099164731225,0.06925269654452025,0.058068844308910426,0.05342531620707115,0.055212171533009634,0.05455125188283025,0.04825937843963273,0.04334801335103608,0.048212188113394526,0.03950570046386815,0.049819465116783306,0.04891774726136681,0.048351718429352895,0.03966614757307805,0.03881340562381147,0.034172428350417505,0.03560242277685735,0.019792898238525418
N:CATAA,0.08113115377057019,0.07746194035387513,0.06255453095204096,0.07239981927834194,0.05668187483562599,0.05242816141241581,0.054910026089761435,0.05162852923789762,0.04776625530949648,0.04091553230319861,0.04977025533183406,0.03634669944972436,0.04922617570793508,0.04809706423038129,0.049655110426092,0.039877898533670846,0.04115167243321928,0.03379915165062749,0.035516220141104365,0.018681928552187102
N:CATAC,0.0727300614044005,0.07686375642267201,0.06327239263147194,0.06861955131806338,0.05748258009056391,0.05475567540381909,0.05500535928618945,0.052788879793261745,0.04921269321519719,0.043323363812601545,0.05000775803491651,0.03960806764293065,0.04936357361840099,0.04933325486125602,0.04805308992721715,0.039492499674519226,0.03974646385201593,0.03503064869656096,0.03568054017324494,0.01962979014069687
N:CATAG,0.07943972151297052,0.07617310373489336,0.06323467920993667,0.0694924398498773,0.05736836620180142,0.05263223113711724,0.055136924060430366,0.054198974864740866,0.04777694602216763,0.04228587623900166,0.048645947055436865,0.03836059698305718,0.05021459718386473,0.048644358388099995,0.04869900854448841,0.03986601815147752,0.03945201144348856,0.03389167576443495,0.03542887027959274,0.019057653373122038
N:CATAT,0.0845113843254426,0.07792899141858818,0.061989621647054564,0.07212841116667174,0.05615090944696395,0.05311974271922154,0.055145475536631766,0.05104316730424577,0.04791570124975844,0.040037899278659875,0.04977791910296423,0.03550795309641114,0.04913398467871249,0.04699385601677978,0.049923552984126554,0.040004291459930105,0.04156339264036166,0.03382562324730378,0.03519988142472161,0.018098241255450228
N:CATCA,0.07405951668553186,0.07558902482552114,0.06360354138601476,0.06855707641907664,0.05752339920111933,0.053812668470080115,0.054940033429414906,0.0554947485203177,0.048876310407046195,0.04345950238823034,0.04857924986656273,0.039040979451039196,0.04986676481115816,0.04962931846077172,0.048229648005993754,0.04024690378800184,0.038959641445906815,0.03435065622340569,0.03576346200820504,0.01941755420660207
N:CATCC,0.0742529087277307,0.07428326377464413,0.06407027848077157,0.06603859495415793,0.05918073513971654,0.05549765611422069,0.05484353461308624,0.05743264155570211,0.048449333260322504,0.04436390106397416,0.04709764087717753,0.04044929040613862,0.05037211716333872,0.048848412847684326,0.04753034909494344,0.04040048425227782,0.03739146582735954,0.03499401231819708,0.03470772256201358,0.019795656966542785
N:CATCG,0.05694387039131586,0.07196935010035961,0.06486374109942655,0.06454447131150584,0.0584634955834346,0.05680279769432764,0.0543030885020802,0.0562632565023376,0.05120938900672446,0.04633619356164011,0.051578157986570866,0.04383895932898895,0.0503208785116583,0.05282801258269459,0.04685593507685987,0.04046063948006049,0.03887171541924578,0.035468645974354465,0.03618885921687329,0.02188854266954092
N:CATCT,0.07246929727425819,0.07559326566685193,0.06422145241965475,0.06779107521175375,0.05813105122622863,0.05410010404870649,0.054940851026488546,0.05513808391590859,0.04882621358817606,0.04427105314841357,0.04856316675790081,0.040576488335262485,0.05016213212096393,0.04942167305305648,0.047693169139738666,0.04005833413424372,0.03833818754674879,0.03456464600457146,0.03549168237147478,0.01964807300959839
N:CATGA,0.0731307929229225,0.07659949074107335,0.06328943087595204,0.06922796264613483,0.05709457621795707,0.05342805563053378,0.055271065944002044,0.05448285382051958,0.04866337492315445,0.04308302808929376,0.04883477000729712,0.03899751323180313,0.050001180265549484,0.050015292136249855,0.04842449943911729,0.04031607511415221,0.039749804229866466,0.0341304573169793,0.03592523069059903,0.01933454575684272
N:CATGC,0.06436750471045843,0.07567765908410898,0.0650444225207085,0.06529308620610648,0.057733777558540415,0.055770749603081544,0.0544950846804301,0.0558907011911597,0.05003025745115005,0.04591349199289455,0.048200658790294976,0.04341405131771537,0.051215958682742875,0.05059632112522676,0.04689028877334002,0.03989771768517695,0.03869988651771106,0.03482302423561187,0.03559226433556255,0.02045309353797883
N:CATGG,0.06938506334042263,0.0748581880339745,0.06455294226647221,0.0654266122425185,0.05763020727605473,0.05473619174622607,0.054526687924147645,0.057430853328586315,0.04919956527306286,0.04498112123322538,0.04796284208981234,0.04195880087819838,0.05083109255332328,0.05048183276546086,0.04731741416589372,0.04033091714266976,0.03785955280172975,0.035266129712274476,0.0353613823816915,0.01990260284425512
N:CATGT,0.06935736849527897,0.07630419785518554,0.06424300332381631,0.06750892553405574,0.057294552928990106,0.05493594712091462,0.054620540040836184,0.054426015850479445,0.04924356721239193,0.044271853113857555,0.048715109828589453,0.04086490086560949,0.05056934220023996,0.05016547292883263,0.04770173142739767,0.03981493339051727,0.03973596583228912,0.03482631421353522,0.03575192515264938,0.019648332684533403
N:CATTA,0.07832869488794493,0.07678005263729877,0.06270258744926455,0.07251567542537458,0.05684645170740466,0.05289894961656043,0.05485955905630868,0.05090821784470579,0.048320355136389194,0.04120528310267108,0.05013271545145698,0.03643473258456697,0.04961709200187113,0.04817210601170873,0.05000986358717994,0.0404510435320856,0.041585651374759613,0.03357872205710721,0.03590641050477941,0.018745836030561763
N:CATTC,0.0765421069144404,0.07619188141624057,0.06335568453005873,0.0697400035076597,0.05754048198703247,0.052903236964571825,0.0548451508766582,0.0541811817029877,0.0482854489142334,0.04287911302149752,0.04835084595942194,0.038486701564908056,0.050582452567550146,0.04915128417367185,0.048710259472235035,0.04000623704050806,0.03941171844788491,0.034221300898560805,0.035524377559301205,0.019090532480577484
N:CATTG,0.07953993454252266,0.07635886639378767,0.06285640532548772,0.07075898757733619,0.05682800981673149,0.05275534613051047,0.05485661701867409,0.054540157306398614,0.04795201693113464,0.04150725548694428,0.0486716117546962,0.03704657763132065,0.05009919067858737,0.04912118975891008,0.049079067135091844,0.039830451038795206,0.03963630894568423,0.03414308677287508,0.03549992129009716,0.01891899846441435
N:CATTT,0.08149023791195215,0.07686060762295274,0.06303466810609723,0.07279255464981887,0.05689904782522313,0.05219621166750578,0.05543806377598434,0.051373428975708894,0.04799271359485679,0.041114922532097,0.049464949129754555,0.03615600825773593,0.049022010896850224,0.04827770375692803,0.04965964255881572,0.03976915939296099,0.04065460858716234,0.03326722492075892,0.035826866696243354,0.01870936914059301
N:CCCAA,0.07741970918327533,0.07458517193065838,0.06379163472997396,0.06605736124566289,0.05858424312689292,0.05410798540124948,0.05464308077900969,0.05703523989157793,0.047849435906694375,0.04444309703851355,0.04775726246509848,0.04139838258721334,0.04970133357840412,0.04892941499229577,0.047011174194481614,0.03971397411911147,0.03683103901220523,0.035361973805884905,0.034720294389465146,0.020058191622331422
N:CCCAC,0.06872770357970649,0.07391517007921136,0.0658091126035713,0.06356837090224288,0.05967857694439145,0.05676555412053526,0.0542950528725365,0.05760575899337185,0.04864103382418061,0.04585490626015638,0.047118583766843296,0.0441387431156391,0.05038562385138543,0.04935756710429413,0.046152362816113526,0.03999955454781768,0.03661880693252542,0.03635915519993623,0.03430773067609384,0.020700631809447277
N:CCCAG,0.06390339733440982,0.07302466275547735,0.06650810010480951,0.0608833905438091,0.060897695956776195,0.05750887773811751,0.0541010601428619,0.05964329005722389,0.04843008151179604,0.047567286292218014,0.04635132619001478,0.047362763591204046,0.05126434145590211,0.04896586393182934,0.04542259195754154,0.04020491609987056,0.03550715259472251,0.03702240875884672,0.03435288458593988,0.021077908396629198
N:CCCAT,0.07635383871959701,0.07471291971123574,0.06372904189424668,0.0663317274604267,0.05834912360340309,0.054335417551361086,0.0547703211257706,0.0576611852220644,0.048322912243194564,0.044066421636818905,0.04728734386668814,0.04035465873980466,0.050165029066787714,0.04897775695186774,0.046989793677058474,0.04019973349343252,0.03750977434801072,0.034965368789445166,0.03515631635208153,0.019761315546704544
N:CCCCA,0.06887571867083707,0.07339667927556524,0.06541346896475017,0.0623885806829179,0.05998712083649076,0.05735567592739852,0.053847169338651316,0.05855341734414809,0.048493584846037344,0.046195813180404964,0.04696191031570063,0.04494064046552095,0.050689227551638794,0.04910609873609565,0.045723369288964144,0.040392913237680336,0.03604840444939237,0.03649512119822997,0.03437665992043816,0.020758425769137615
N:CCCCC,0.0665052088238633,0.07233337618662741,0.06533205513535852,0.061017957917587747,0.05960200868549132,0.059273625922256004,0.05292656365880709,0.056691685112085236,0.04947478453686034,0.045941357356006664,0.048655080998097386,0.04653115714995275,0.04965849266940092,0.049569682500063564,0.04536588178292145,0.04165769910756523,0.035849943759527846,0.037142704692220835,0.03452781817407008,0.021942915831236327
N:CCCCG,0.05918263431968048,0.07033591656615411,0.0666398231942047,0.05946069898957799,0.0628137255610045,0.06205717298511451,0.05237366113667059,0.057120622287063855,0.0490766086221715,0.04731432863632752,0.04845547715175109,0.04844283784857393,0.05034956701358544,0.050463320742179886,0.04369407108344107,0.04172775663202294,0.03450710328838556,0.03942920906851947,0.033876943744267175,0.022678521129303682
N:CCCCT,0.07152958414328013,0.07319833908776804,0.06435038998821725,0.06353686417231062,0.05950658134293381,0.05669534236241175,0.05436929341517142,0.058135973962194394,0.04807582782631753,0.04541148409641059,0.04736469297958965,0.04372094383933145,0.050492752648938405,0.048891843392234596,0.04637719588170451,0.0406893619828867,0.036380849589844805,0.03606869718228767,0.034245266518402054,0.02095871558776462
N:CCCGA,0.058596753289545944,0.06993827296092085,0.06574918173231115,0.059583067899742985,0.062058739538255386,0.05905366518023856,0.053625639786481556,0.05874173494716956,0.049526612920941064,0.04800430551589307,0.048757770797179446,0.04849197109153615,0.050374535948861016,0.051595896579750895,0.044584056411044966,0.04013575555213848,0.0355402763438262,0.038380598818179824,0.03463304263778749,0.022628122048195417
N:CCCGC,0.05306690730952688,0.06895964934897512,0.06667268273817198,0.056356838984143356,0.06461002965063814,0.06260667783937089,0.05246100296506381,0.057767178032744615,0.04952945726440634,0.04877658888745649,0.049439216191826736,0.051151218254479824,0.0509681577929612,0.050934639680288774,0.04282583472992136,0.042335954621632074,0.03366249838855227,0.040520819904602295,0.03342529328348588,0.023929354131751967
N:CCCGG,0.06613262833223177,0.07029565983696849,0.06511037673496364,0.06071821987221855,0.06380436219431593,0.06006961885877947,0.053879709187045606,0.05845692883895131,0.04806873760740251,0.0460630094734523,0.04776029962546816,0.04726327384886539,0.05015730337078652,0.04893060145406477,0.043688918263934784,0.04117030182859661,0.03485877946684292,0.03896717338620841,0.032914738929279576,0.021689358889623266
N:CCCGT,0.057177839559589785,0.07146769649991715,0.06536878831955517,0.06242980501905621,0.06105812604717103,0.059046637085044096,0.053548413823578146,0.05733433984497266,0.050351665347154455,0.047053651980188904,0.05017675326349125,0.04582006149540625,0.05123313018982564,0.05243680150240274,0.04447830169572662,0.04076602286745346,0.03567976359251008,0.03776950269732845,0.03493408576215639,0.021868613407471506
N:CCCTA,0.07962558922201225,0.07492066611689581,0.0631913357528563,0.06577242584843765,0.05850943042941885,0.05348491427868248,0.054749564322084276,0.05726469962016234,0.047546326605501336,0.04397547189772314,0.04736129905277402,0.04062063021800938,0.050628496102248524,0.04876803963307885,0.0471089887536004,0.039714969038870396,0.037248525202036364,0.035122921593910554,0.03470196177897352,0.01968374453272354
N:CCCTC,0.06279254165677692,0.0732502652185187,0.06537918018746922,0.062330538793514176,0.06002629951299123,0.05741684959092534,0.05432691669106619,0.05824874349658782,0.04939619113289455,0.04688636057821968,0.04768620303524331,0.045252025449427725,0.0511364981684474,0.04993962200080735,0.04597939120727701,0.0407088047928177,0.03684934837383655,0.036414776930580026,0.034525762723414476,0.021453680459184644
N:CCCTG,0.06776742612920088,0.07300317492434634,0.06561014388824583,0.06190185010508692,0.060590867207623786,0.05674817722048813,0.05424895334616792,0.059257815560799156,0.04815897037629945,0.04616831959119749,0.046104592977872734,0.045529069750142086,0.05143605567474333,0.04910023973108857,0.046199067062218005,0.040339194198051403,0.035867916799327125,0.03692027379135163,0.03430624282765646,0.020741648838092746
N:CCCTT,0.07341266785758285,0.07482559751139584,0.0639544540558616,0.0661159229307098,0.058187237103785705,0.054079896249494004,0.05476326140903571,0.056357963445326384,0.048458977190728454,0.04491537821855365,0.048025858427638644,0.041625875587391545,0.05036304977208328,0.04960268572132561,0.046863450166317606,0.04039636829229659,0.037403036396275895,0.03509664460831764,0.03513734402224608,0.020414331033633114
N:CCTAA,0.08169555333494499,0.07610126462416725,0.06311356223157492,0.06964579189116872,0.05774846826890175,0.052373690021097395,0.05548772570661207,0.05487044219880618,0.04731813450539486,0.042863363345052516,0.04865169643568092,0.03815393135348286,0.04891783493817481,0.049038350486473925,0.04790170235385517,0.03923641922481243,0.038353355891739736,0.03411558445378121,0.035224255762687666,0.019188872971590613
N:CCTAC,0.07316896357592911,0.07504865026053918,0.06353505517980673,0.06658183397986124,0.05829085272274364,0.05374690553494721,0.054974665874894926,0.05587183580504934,0.04856542785237056,0.04459680052236369,0.0480600306940085,0.04085902092796677,0.05025591193852972,0.049542289094372506,0.04783843743332279,0.040262107295354,0.03810632877550443,0.035031272413181457,0.035474458934552866,0.020189151184701326
N:CCTAG,0.07597116121906829,0.07494891806219445,0.06409186569248009,0.0652345860680789,0.05910676820062237,0.05427559143636647,0.054697463168824845,0.05712554250005138,0.04790802793298565,0.04518298636028652,0.04701311187014893,0.041990138597153594,0.05022771806074389,0.04855191621232518,0.04703567616529474,0.0398388748153052,0.03707152518920766,0.03514348675576608,0.03470630353731591,0.019878338155779864
N:CCTAT,0.08305059881090011,0.07640350013600053,0.06201662903142332,0.06943303540333008,0.05733229617529164,0.05256624626484964,0.05520181583077254,0.054827863025095305,0.04746865859120577,0.041919292345874826,0.04833408110923508,0.037709307533573065,0.049901881165503106,0.048180764350195714,0.04819399473041738,0.03964561259189764,0.03919772530851107,0.03450327510279811,0.035206430898696926,0.018906991594428144
N:CCTCA,0.071162427553648,0.07438746077896641,0.06466714435421363,0.06524597012149175,0.05939708089918643,0.055056786841309505,0.05474772008674422,0.0577232904536396,0.04803919881059398,0.04528406009408681,0.04697506373377817,0.0423706627567881,0.050748863864958124,0.04968190274134247,0.04702978627635706,0.03987783256597599,0.0372447276885532,0.035521352967336293,0.034565635322296506,0.02027303208873376
N:CCTCC,0.06354297733205967,0.07325803467753934,0.0652367342506232,0.06241907411416987,0.0600215794836412,0.057260814407635495,0.05414648717027676,0.05777219262951585,0.04950931396974673,0.046648756763908304,0.047798623997478557,0.045767109101019665,0.050637055346476244,0.04971612299899282,0.046140990926818275,0.04066438981063653,0.036669543780636124,0.0365460453756169,0.034834226533101746,0.021409927330106722
N:CCTCG,0.058358597790455456,0.07051311514893006,0.06611903006547003,0.059739333312496666,0.061364593234579795,0.05881271453339045,0.053868909182167,0.058520388370934324,0.049620067915273215,0.04766938830290874,0.0484195082669471,0.04838457620979826,0.05122326548547286,0.05124348930803272,0.04407138641657765,0.040557956879133245,0.03582190534147924,0.038691849615655444,0.03416171336224727,0.02283821125805046
N:CCTCT,0.0678294073886529,0.07438645392797642,0.06474429003228901,0.06408163057985827,0.059702842558990755,0.05553562888570062,0.054776266476620934,0.05728722223785098,0.04875997505649797,0.04610679757316604,0.04769487501680092,0.04394748892702306,0.050612959993498435,0.04915381982539548,0.04673683198769704,0.04024034689597184,0.03711986946859088,0.03564549125883416,0.03472378509828927,0.020914016810294977
N:CCTGA,0.07287158806581477,0.07459968282338228,0.06419246441673271,0.06548698701290336,0.05941623348678485,0.054344182465003915,0.05499999132855677,0.05838160643193152,0.047593587789815116,0.045147993044016,0.04690259764230891,0.0422569338718217,0.05033921447130087,0.049380896116853396,0.04710922574665462,0.039741719824678286,0.03675304497728949,0.03576251840513825,0.034695435377060366,0.020024096701952834
N:CCTGC,0.06064334592324023,0.07248357344924788,0.06613167966839295,0.061039511968816025,0.060502465873620195,0.05744029459373597,0.05392648771853742,0.05877376996273455,0.04910567957762459,0.04818664999218383,0.046728368136273554,0.047587515821428394,0.051679025450437954,0.05014132128467477,0.0458547227278916,0.04067210184209332,0.036027787723075834,0.037061223254852324,0.03479579641666709,0.021218678614471503
N:CCTGG,0.06600157008972171,0.0724293119953427,0.06618648972107073,0.06047010116692808,0.06130028207728075,0.05683526746678758,0.05392053798486422,0.06025109921249108,0.04820230714298709,0.04719296375045568,0.04612466715042072,0.04780713642393988,0.05113776236192341,0.04881348609890276,0.045656035207960896,0.04007781823390468,0.035413606262120235,0.037118643560386855,0.03408117165815338,0.02097974243435756
N:CCTGT,0.06914747280595343,0.07450222679134179,0.06465290547984304,0.06475917105001917,0.05916955297535007,0.05505292786187537,0.05454908671736819,0.057650421614171554,0.04843599413649653,0.04570646602679905,0.04739518054962123,0.042856192742675096,0.05100477409731325,0.05016127579547633,0.04699834122635376,0.0398785480245525,0.03699980636597028,0.03608219212373337,0.03490320875392698,0.020094254861159
N:CCTTA,0.07951292251560138,0.07597187731522219,0.06313554320046176,0.06900638539636604,0.05723283558093202,0.05255223937885599,0.055205398002762154,0.054805269672010645,0.04785027885866743,0.043178011119584414,0.04867153773119632,0.03900038166086933,0.04930703566827225,0.04927118706669361,0.04792378659725798,0.0394323754152463,0.03859083854586485,0.034670305118673354,0.03522758792503224,0.01945420323042974
N:CCTTC,0.06856907714229633,0.07500073804097558,0.06441531492490123,0.06608565376796398,0.05866580670808259,0.05417829222050726,0.05473063983307429,0.05615534061098074,0.04903724526600236,0.04535515320491195,0.04806212975413883,0.04241808815612125,0.05024380141356819,0.05013653194658251,0.047491302947679316,0.04028689624586162,0.03786724862606067,0.034975480137908875,0.03574980343320887,0.020575455619173563
N:CCTTG,0.07161285535575482,0.07469716164420767,0.06395944979151842,0.06561755532927879,0.05882304624323828,0.0546194639576975,0.054738838794960304,0.057296362544666316,0.04829259758276906,0.045157639127129,0.04732719465573091,0.04233973585853096,0.05062916836533957,0.049989308285791026,0.04701479399216014,0.04025149759292688,0.037211819970698404,0.035226255016960265,0.03491878267235906,0.020276473218282638
N:CCTTT,0.076525996267465,0.07577474929906815,0.06347641885799175,0.0682229679935687,0.0579206898380775,0.0527464152127323,0.05498698954611817,0.054841028692969467,0.04820639316060547,0.0436103191313674,0.04865913513680256,0.040104813435320345,0.049586249885732965,0.04967672304341922,0.04785089572187987,0.03963551919742597,0.03842720409352479,0.03445202797181752,0.03542146384440573,0.01987399966970714
N:CGCAA,0.06536134344434726,0.07303858137366172,0.06402758600747482,0.06589629222661587,0.05853713195162328,0.0564515546045355,0.053874402700768445,0.05568166210032458,0.05015144833768281,0.04421640846954045,0.05029964360844641,0.04188142932531392,0.04864419399845299,0.05158279778213126,0.047480318945138836,0.04014284578294092,0.03826329600740253,0.0372223145932582,0.03576927803601507,0.021477470704325135
N:CGCAC,0.047753960751261405,0.07090627455893575,0.06782537386530599,0.059883939452613354,0.06129910363443775,0.06185150172553218,0.05421189307395301,0.055071811751842274,0.051113907903279084,0.04848574585131949,0.04955352566657935,0.05057005205070673,0.050288158179478126,0.051686237884258364,0.04530233829542478,0.040558548502830326,0.03715589015820226,0.03861946035831843,0.034866570234285126,0.022995706101436236
N:CGCAG,0.052706176706096855,0.07148228081421527,0.06651820272869029,0.06095524122802153,0.06118148607374251,0.059380399654865704,0.053941651010671214,0.056401509186206164,0.04952987651911214,0.048256694740250954,0.05010879715375112,0.04709885347097301,0.05139972362639435,0.052462187166593836,0.0452489691441956,0.04076843396423113,0.036440946768136744,0.038299703441805166,0.035032461699187514,0.02278640490285889
N:CGCAT,0.054532407814193246,0.07236915326714115,0.06603989104648098,0.06449931171836101,0.05941774302199573,0.05828720381923088,0.05439475148639546,0.05414872741118238,0.05167091351082213,0.04644583077058255,0.051553759189292094,0.044187681223091115,0.04880063263333626,0.05223618311220455,0.046398969041970536,0.04112702457311894,0.03915590311337609,0.03688310927569341,0.03593415927130012,0.02191664470023138
N:CGCCA,0.06959073230820334,0.0719100279383182,0.0647227818893263,0.06261307307659607,0.06105698981922148,0.05795470947510366,0.054824747853218045,0.05751576349907169,0.04909076888703468,0.04552186128911711,0.0484540994983757,0.04442054188078465,0.04873684397843233,0.049069019311645715,0.04484762445205899,0.04014180723153609,0.03623281536390006,0.037668287339572164,0.03442364613836289,0.021203858770120827
N:CGCCC,0.05237682525684107,0.06742996741020066,0.06627690685804938,0.05530129092097861,0.06456885672145606,0.06432050521791577,0.05224504690802378,0.05966518162604346,0.04919893969113182,0.04831450423464655,0.049143187312786045,0.053395573261159346,0.05047871019406896,0.050265837476748725,0.04321569581502375,0.04170277900264063,0.03395826681060917,0.04121114439359152,0.03285589023877223,0.024074890649312473
N:CGCCG,0.05408543846010018,0.068886111575819,0.06399519765393585,0.0553549110877117,0.066386529812925,0.06351299487290513,0.05272739797474832,0.05961600913233022,0.04999163525788008,0.04707873682553116,0.049578318588425166,0.051733469793440075,0.0501589301002785,0.0501589301002785,0.043368727673519195,0.041804028853439874,0.03187458791343968,0.041105326864599424,0.03310469704872216,0.025478020409970773
N:CGCCT,0.054409851509577854,0.06899421291104033,0.06724687093445786,0.05814229958279126,0.06315777668117177,0.05996814858014445,0.054073392849131936,0.0575344309362523,0.048730429321250726,0.0489390336907272,0.049423534161769325,0.051567897357677986,0.049636624646718405,0.05113723027230721,0.04259566641245346,0.04087075501323404,0.03593154187788794,0.039565295410703874,0.03415728320846979,0.02391772464223229
N:CGCGA,0.06073382347816997,0.07019408341754069,0.0620753336353183,0.06127391198299592,0.06183142269765497,0.06205791142548521,0.053538450817101645,0.05803338095404021,0.04918289835882783,0.04738841074601902,0.05099480818146974,0.048033032509843546,0.04759747726401617,0.0507683194536395,0.04341614690407331,0.04033241576361546,0.035854907836509985,0.03932192759329593,0.03315446531238022,0.02421687166800237
N:CGCGC,0.046225509821490984,0.06950349201507382,0.0640065074129856,0.05744190036794845,0.06555710191345904,0.0661353974033897,0.05275198749356567,0.05733386714455481,0.05009564117718084,0.049904994312368535,0.04860859563164484,0.05457584250027008,0.05144287902185449,0.05020367440057448,0.0421329571235201,0.044287266695899184,0.03382075381770347,0.04040442554922184,0.032403612122598645,0.02316359407469544
N:CGCGG,0.051837869015783127,0.06691835771590372,0.0644224214776362,0.05593833569293692,0.06780976351528499,0.06309055634209008,0.053589219233391015,0.05873839861569923,0.04918462587174244,0.04676209952283572,0.0500760316711237,0.051617639347700695,0.05193225315924702,0.05090451470819569,0.04209532798489854,0.04162340726757904,0.032719836400818,0.04239945466939332,0.03273032352786954,0.025609564259871008
N:CGCGT,0.04661511610434944,0.06958170070621959,0.0664609267542795,0.057156397008680374,0.06088976732896425,0.06513170821919391,0.05081082330640221,0.05617393113492146,0.050394720112810196,0.04964342267993573,0.05034848642463331,0.051053550169330886,0.048175503080319475,0.05425523307558052,0.045436157055838734,0.040581619797265274,0.03734526162488297,0.041252008275830185,0.03390085185570466,0.02479281528485731
N:CGCTA,0.056995292887029286,0.0721931659693166,0.06504096931659693,0.06472716178521618,0.05794979079497908,0.056184623430962345,0.05490324267782427,0.0535826359832636,0.050697350069735005,0.04711471408647141,0.05253225244072524,0.04440812412831241,0.05010896094839609,0.052039748953974896,0.04567642956764296,0.041086994421199445,0.03838476290097629,0.03717311715481172,0.03605299860529986,0.023147663877266387
N:CGCTC,0.048020617685580295,0.07126057994282253,0.06693142929570324,0.05975185545087104,0.06250369681862351,0.05980255467770783,0.05398059346261636,0.05624515892799301,0.0502006844395623,0.049203599645105414,0.050285183150956946,0.049259932119368514,0.04977537425887588,0.053127156477530385,0.04476741729688622,0.04113960595434253,0.035923218837579395,0.039483431211007364,0.03470925401720957,0.02362865632965764
N:CGCTG,0.05156554042101539,0.07029549527376767,0.06690176051192517,0.06119490228351241,0.0621101531314654,0.06004507033587399,0.054194002415031646,0.05673978418538829,0.051134834139625746,0.048114121782201064,0.04962543935886293,0.048062206292926415,0.049925395519116435,0.05218083510871488,0.04465116636799237,0.041220898484067715,0.035863989109284025,0.03837323775755851,0.03513909505533806,0.022662072466331843
N:CGCTT,0.051091232262012294,0.07079460357236517,0.06656662490165798,0.06318365919752907,0.05993764387074216,0.057472537078586204,0.053084297328010725,0.054538302398088524,0.05127771788222268,0.04731198461493633,0.051158250531775404,0.04719251726448906,0.05112911215361753,0.053063900463300215,0.04577930592383228,0.04076459104286256,0.03866662781549579,0.036918325126023485,0.03669687345202366,0.023371893120428918
N:CGTAA,0.05928147300031952,0.07330719458941315,0.06395449462136543,0.0677887687719672,0.05742091809564384,0.05584327404409415,0.0541924060070295,0.052711284481840454,0.05061108744275215,0.0444569442965172,0.05335698689956332,0.04150801469805091,0.048926935775907975,0.05190249227819789,0.04782857599318351,0.041614522313345406,0.0403564011076792,0.036056156140164025,0.036548753860901055,0.02233331558206412
N:CGTAC,0.05812802675071105,0.07371819509570297,0.06514720578061342,0.06623779690983166,0.059381966331001616,0.05747463294642171,0.053631139980013835,0.05346298716273349,0.0505371281420555,0.04563187024367745,0.05231954800522715,0.04237450995464678,0.04911023137827658,0.05220904758244292,0.04592974094857406,0.04076504727496349,0.038771235298639406,0.03658524867399492,0.03666211853332308,0.021922323007148897
N:CGTAG,0.056674115776354804,0.07285086022891687,0.06495408769894137,0.06639019009554915,0.05841462890541063,0.055499448479378856,0.05403827696362829,0.05510550517856375,0.050156144799232166,0.04612717922271405,0.05106579569384159,0.04423625137880155,0.05011316916641598,0.05261649977795923,0.04745584253728136,0.040945034165628086,0.03882490294669589,0.036002836391765866,0.03641468620625439,0.022114544386666095
N:CGTAT,0.0625021730312337,0.07398736744509475,0.06441733789186997,0.06860404473546966,0.057770759691719305,0.05491105058816712,0.05414904096888219,0.051173436866199226,0.05083734136871994,0.043269397925479514,0.05218172335863708,0.04040968882192733,0.049174248131193136,0.05180796198644028,0.049353885379845856,0.041044213942168395,0.04131656719012575,0.03502346873732398,0.0369241467230689,0.02114214521643391
N:CGTCA,0.05403769716862313,0.07234923040854048,0.06516310540922202,0.06372369949130087,0.058925679764897036,0.05769346106243423,0.05330436347180346,0.054375739467528855,0.05090535360860154,0.04763942881756075,0.05136607254823918,0.04422901820521349,0.05006024786133723,0.053195317568930645,0.046611671182984475,0.041178459072346504,0.038493203714103454,0.037596301162974556,0.03628229803335714,0.02286965198000098
N:CGTCC,0.0555054643155385,0.07109056361721955,0.0657533251842618,0.06139337020586491,0.06147506263085916,0.05839798128940903,0.05395935953138804,0.05798346787369746,0.049705302140946664,0.04718191390223535,0.05010166168443729,0.046622169508756216,0.050776380601982404,0.05190797197042129,0.04479467970518111,0.04110641799895918,0.036304718796519295,0.03883415832597093,0.034676921587374586,0.02242910912897721
N:CGTCG,0.044108784089196926,0.06928958866957963,0.06559816182009945,0.05817764050022601,0.06303676359801115,0.06335693837577219,0.05561624227813771,0.0557857465722465,0.05205665210185325,0.04766837426548139,0.05222615639596203,0.05019210486665662,0.04778137712822058,0.05392119933704987,0.044485460298327555,0.041999397318065394,0.035803073677866504,0.03975817387373813,0.03488021696549646,0.024257947868012657
N:CGTCT,0.05264353674716485,0.0721268537550932,0.0652723270453732,0.06366693601798724,0.059431618701412274,0.057097478743036695,0.054036733232880295,0.054804062989628186,0.05143467087340559,0.047606595606501295,0.05114745805942733,0.04597119727019224,0.05035226437296513,0.05356733318615463,0.045962623753357065,0.040880671649308864,0.0379313818580097,0.037149048446800254,0.03601305746613997,0.022904150225161984
N:CGTGA,0.053546873736148186,0.07219121572433876,0.06639049698986607,0.06506164708057452,0.059413072031368565,0.058012964953028046,0.05420552108249269,0.054267148904372876,0.05083332370398617,0.04684869984554527,0.051690335602007524,0.04420255524356471,0.04976639203768541,0.053202143107505886,0.04636915835654006,0.04098635328919241,0.038704198010191704,0.03634500795384076,0.03574413669050893,0.022218755657241462
N:CGTGC,0.04635429893620023,0.07054375123451564,0.06728227846910655,0.06042542584911162,0.06134014315678584,0.060912177732629774,0.0543257428257005,0.05520989117450643,0.050645710469633266,0.04939708607278234,0.04959931149298795,0.04998259920802882,0.05093729130806927,0.05316177093033099,0.04464949161469944,0.04090126696577217,0.03670626522569297,0.03862975817602077,0.03535887957711373,0.023636859580311708
N:CGTGG,0.05656919841651007,0.07047058622388633,0.06641860522949569,0.06136256603703203,0.06078904053379837,0.05989067267236462,0.05399688213506914,0.058081502792245436,0.050462472936279604,0.047240471938438486,0.049358941480193166,0.04733061957851315,0.049979095073120615,0.05192659495266472,0.044239177231814655,0.0407172021902768,0.03573732221097967,0.038567647255392926,0.03476124086672293,0.022100160245201582
N:CGTGT,0.050356842584450764,0.07249991473738372,0.06716173354468577,0.06352139053688757,0.058869758758694934,0.05884158502462236,0.054037221951194196,0.054370858275737816,0.051299921261827405,0.0481770852640991,0.05077500011121211,0.046581562218726044,0.050006895150707234,0.05339960586428861,0.045755626961966944,0.040540520502322853,0.037936674342773515,0.03707959969572367,0.03609351900318363,0.022694684209511748
N:CGTTA,0.05905551623015472,0.07356026898574174,0.06335638082718172,0.06822605925776115,0.056492693902315705,0.05413527656992618,0.055064339164728485,0.0513133279401355,0.05141129032258065,0.044980533926585096,0.05386667003741531,0.04112208008898777,0.04882002730306401,0.05253627768227323,0.04904439275963191,0.04097039640004045,0.04084715340277076,0.03612915866113864,0.03673905349378097,0.022329103043786026
N:CGTTC,0.060717899190581306,0.07339955849889625,0.06361754966887417,0.06605960264900662,0.058457505518763796,0.05637877115526122,0.05485651214128035,0.05369987122884474,0.05140498528329654,0.04514348785871965,0.05176600441501104,0.04212426416482708,0.04991721854304636,0.05162343635025754,0.047160136129506994,0.04085264900662252,0.03899926416482708,0.03624678072111847,0.03563051876379691,0.021943984547461368
N:CGTTG,0.058960480965267674,0.07310161069136151,0.06512897523738014,0.06686272362747092,0.05756305369145014,0.05522966300102721,0.0541164140347584,0.05536523430371101,0.0507036672037376,0.045598886229605645,0.05147277363242449,0.04217310369640371,0.04922281143596081,0.052927557995839,0.047267456108790754,0.04093992627006846,0.03835364295733154,0.036374823366235445,0.03652343037110037,0.02211376518007519
N:CGTTT,0.064439877748449,0.07380510200869671,0.06404266513177716,0.06927388034756854,0.05751488797854752,0.05478836062109064,0.05477037363467531,0.05228217384722154,0.050143221379332054,0.04349403206779895,0.05215026928017579,0.04001055236536366,0.04945372023341113,0.05199438206457628,0.04842096743006435,0.040257873428574426,0.040000059956621384,0.035438859984800994,0.03638167785607113,0.021337062635183444
N:CTCAA,0.07824400327453926,0.07574576429128971,0.06349730411632029,0.06864107622922977,0.05821876286945029,0.05329818647839736,0.05489011556077487,0.055230044398664135,0.04771228142600774,0.043351072090965656,0.048576757785297235,0.03947182523499428,0.0492541104585858,0.048975804681949855,0.04765817337222433,0.03945153471482551,0.03839191866156715,0.03448962578268803,0.03518000446892444,0.019721634103304297
N:CTCAC,0.06754970662721775,0.07416652058597596,0.06523322316711488,0.06558153654083775,0.05925859417643982,0.05600833443784587,0.054844819551154604,0.05725507968879825,0.048492233495376014,0.04600900427125688,0.04698012019946784,0.043476748942162025,0.05054363394601713,0.049560546527056284,0.04666230562360778,0.03987760575885712,0.03736387773687518,0.03553936553949381,0.03506050590949838,0.02053623727494666
N:CTCAG,0.06676068144450434,0.07420505293180911,0.06520252072469365,0.064543947009995,0.059921390478172326,0.05539759061168977,0.05470551017125072,0.05801758142967124,0.0482345972422985,0.046336666566734325,0.046916861975607495,0.04433527652748051,0.05104896625872718,0.049578785187205605,0.04667898381742714,0.03992512520444491,0.03683897941256636,0.03597211535013647,0.034846406932717906,0.02053296072286744
N:CTCAT,0.07082311413888792,0.07602247909374438,0.06399960242520625,0.06818542028759701,0.05768246131033131,0.05380476391310304,0.05494429923413126,0.05436298041406878,0.04888558173519907,0.04408244841601367,0.048821916041874296,0.040162575854852965,0.05077916600628061,0.04969980416755091,0.04834160270995576,0.04049541042881665,0.03941577995846955,0.034102515197833756,0.03575594280295602,0.01963213586312682
N:CTCCA,0.07173797342306767,0.07452636232530989,0.06438832709542286,0.0653549170758507,0.059369098307179895,0.054669419359269306,0.054473912371665004,0.05793616729045772,0.04816940219070837,0.04522499399100367,0.047014601861072,0.04249304673282286,0.050493381519761016,0.04932806544655427,0.04723714933214298,0.039842864746076984,0.03716692991793428,0.03545522439309137,0.035036096899357896,0.020082065721251246
N:CTCCC,0.06552001198799555,0.07392056597282995,0.0654955615124338,0.06302824223594515,0.059604207321634385,0.05687592158320945,0.054357038432516325,0.057649379696276676,0.048906761137494224,0.04648689030863037,0.04770336198880652,0.044762042403902975,0.05089669093073761,0.049682155921893074,0.04608696767865006,0.040593357362582884,0.03675366436372237,0.035942441159688476,0.0345983912555416,0.021136346745508558
N:CTCCG,0.05534199414893207,0.07132243398250855,0.06552346988398212,0.06081096727879026,0.062285312893190996,0.059276798740245,0.05403167913299215,0.056488278566411164,0.05010266385691901,0.04745115747709361,0.04923233679920339,0.04815745393634841,0.04988074010606026,0.052150151680059285,0.04531490015360983,0.0409323885170862,0.03538043520212429,0.039002616770488385,0.03458922878601919,0.02272499208793584
N:CTCCT,0.06795579890356782,0.07474375124161182,0.06426307693562897,0.06518464463670177,0.05901126050614691,0.05506675341584372,0.054737933809922534,0.056921842444748155,0.04911251910920055,0.04578675450874673,0.048115814325643734,0.042910294482338705,0.05020352472607695,0.049833910997089954,0.04717754949513003,0.04019587250755023,0.03727311589496519,0.03583716276304857,0.03521158962933701,0.02045682966670063
N:CTCGA,0.0672971654208405,0.07070046457083577,0.06418499186078457,0.06432645429533256,0.060316301802928476,0.05743784878690837,0.053157072506673335,0.05735379139826391,0.04833299847056556,0.04610240240117106,0.04954670515538316,0.04595888978641222,0.049882934709961003,0.0507624620204116,0.044505312016926285,0.039656635818288426,0.03690939433576211,0.03703650550883423,0.034723902231006104,0.02180776690271075
N:CTCGC,0.05761353741744197,0.07136877647526549,0.06578884742127765,0.061398817939765885,0.061505208960363746,0.05944738264090511,0.0542090247583104,0.056586024139562624,0.050213761958490706,0.04778916659433944,0.048914671601716815,0.04696883583025593,0.05044334258188609,0.052089603637453,0.04481021801759932,0.04058537459438424,0.03589297063327855,0.03754483121624535,0.03458268122170489,0.022246922359752837
N:CTCGG,0.05070788289154773,0.07054976339783788,0.0672027084214981,0.058802369868810836,0.06259377524718193,0.05942369099372908,0.05337398530373562,0.05772130958334936,0.050453968376101256,0.04898818912784211,0.048509214019159,0.04968453045050591,0.05103297041511176,0.0525660754818605,0.044796676028161425,0.04060323933366675,0.03577693994536991,0.0393048128342246,0.03474589312507213,0.023162005155234103
N:CTCGT,0.05708780876126308,0.0728520830208706,0.06467228907322589,0.06432617649434105,0.05894989443566344,0.05618560863896997,0.054547342432248465,0.055366475535609215,0.05076779307082617,0.046600597621052876,0.05059473678138376,0.04400244586222412,0.05026939095723202,0.05264141583118936,0.04653829735685361,0.04133968642200353,0.03801239083032407,0.03656102541620038,0.0363856617095654,0.022298879748953008
N:CTCTA,0.07738659622005134,0.07630988113284001,0.06297517889891503,0.06900121734374043,0.05795769809587653,0.0532137098270095,0.05520666804131894,0.05493461342793702,0.04790519385616709,0.04324144156735667,0.04807601884596504,0.03915343276268009,0.049857027535895534,0.048450741003720474,0.04851688536003955,0.039743843038867285,0.03883939086224345,0.034203821820908115,0.03541742696728414,0.019609213391183763
N:CTCTC,0.06286232183909074,0.07599504162325552,0.06497364315284884,0.06445099457563844,0.058859176702488594,0.055440264697273145,0.055896258805435604,0.05514710432557681,0.0498271233586337,0.046518258329161837,0.049181454788214,0.043777671110745285,0.05087256962819779,0.04976449499845442,0.04696828783159294,0.04018235589102486,0.038169003226404354,0.03498912279587315,0.03541708325709822,0.020707769062991755
N:CTCTG,0.06644066161042689,0.0738734733284512,0.06534501526246535,0.0645610460564908,0.060096048370997156,0.05550459881646879,0.05439648538282777,0.05740251022341503,0.04867506451716839,0.046041271234725595,0.047299151606724,0.04437715816182051,0.05088497688650888,0.049141689724028915,0.04686911810588377,0.04026642000186845,0.03704764515371188,0.035997171752563,0.034959651167704484,0.020820842635749157
N:CTCTT,0.0710783856600331,0.07609995257650456,0.063849878833784,0.06762384023841035,0.058079748610205484,0.053710775346083775,0.05514633652139698,0.05458301275545357,0.04888024236502547,0.044782700256528696,0.04910477514219353,0.0414558125832152,0.04916742703001623,0.04953736288788264,0.047652736158233316,0.04009014628853657,0.038450694865569145,0.03492770316187419,0.03554734119692991,0.02023112752212327
N:CTTAA,0.07572917659742757,0.07698340436833946,0.0635839835521818,0.07146007914288022,0.05677902530000738,0.052676400197201226,0.054995059765323547,0.051376982908741375,0.04869564101913732,0.042681936641964034,0.05012916913386855,0.03853557974798243,0.048964737307503586,0.04927231757210425,0.048628294060727134,0.039782227341757244,0.040551323775896146,0.03396648220597149,0.035835870506084694,0.01937230885490054
N:CTTAC,0.07247383685194997,0.07663544036284248,0.06372273338024917,0.06901768424497265,0.05733041444276874,0.053287028569690795,0.055073142880150014,0.05333757089310427,0.048445673641364526,0.04402664694088304,0.04952076882583758,0.03983763064441034,0.049759345725340166,0.04979917992938638,0.04805632642117089,0.04028694333306063,0.03917287059409075,0.03422400614731717,0.036012690406424526,0.019980065764985906
N:CTTAG,0.07471341718735555,0.07598557025629313,0.06384964462643632,0.06928119103164375,0.057812780397083055,0.05294780603727208,0.055112471518453866,0.05402758971347157,0.048007719246727684,0.04381807701301314,0.048909068415528764,0.03960124475912361,0.049904902904437956,0.049396789402417735,0.04819159175816108,0.03973379610747671,0.038527918712715686,0.034360028495141144,0.0358626169850618,0.01995577543218537
N:CTTAT,0.08103304732670422,0.07737879690696123,0.062439812736635736,0.07216421520235464,0.05688819711349042,0.05224911115419951,0.055220144830144646,0.051830032201200395,0.04763363527676771,0.041282523256668445,0.04939052049310837,0.036746436279487885,0.049201049586189045,0.04809904901541532,0.049380781334341484,0.04013389277422298,0.04070909339351543,0.033926507127441025,0.035410695898309016,0.018882458092842516
N:CTTCA,0.07531022496195473,0.07588260435670262,0.0636705579937686,0.06961242057195301,0.05801640793859155,0.05296570292108413,0.05531105743996768,0.054543756364142125,0.04802748395703195,0.043188756267696506,0.04836839385550009,0.03930575394589502,0.049671120424035875,0.04941447354395027,0.04833814038624949,0.03988523986026552,0.03874433889570776,0.034401646276031435,0.03579960020751037,0.019542319831961266
N:CTTCC,0.06578752727163417,0.0752109744694787,0.06464820976257264,0.06528817356387852,0.05897179412941982,0.05467359472967265,0.054479588398065396,0.0558566180484031,0.04971071104803763,0.045973963203268006,0.04828819571342911,0.04315859711074933,0.05096216065701895,0.05041771679268179,0.0470474253520592,0.040354701321220696,0.037670452657708756,0.035015670807050515,0.035786356509673815,0.02069756845397719
N:CTTCG,0.06359742627759435,0.07257288678149713,0.06448233083431716,0.06594145917118939,0.05814230036617479,0.05578755434235307,0.054579113252784875,0.056093949866835795,0.04996603937718146,0.04557579861029275,0.050632396077280234,0.04342674468682307,0.04866546536766392,0.05188368968775511,0.046454275288879555,0.04033279267736123,0.03782806283036615,0.03624251955681923,0.035781854957072486,0.022013339989758247
N:CTTCT,0.07563502843445633,0.07618828626351275,0.06324795797102145,0.06872177806943561,0.058338012899750234,0.05307610043985743,0.05522353783365817,0.05483739179366217,0.0481145237888504,0.043663299851344685,0.048474199554164946,0.0397235921558977,0.04910323218052378,0.04924401913597242,0.048048348102146754,0.040026400462968015,0.038121995096599776,0.0345455991932093,0.03586707675230673,0.01979962002066136
N:CTTGA,0.07592868682981328,0.07602756410632265,0.06355090420737469,0.06873729720163982,0.0583394587495196,0.0533364284674875,0.05471484699607636,0.05437050887949925,0.048067149130919376,0.043643790213868085,0.04856793188714878,0.03991177268567207,0.049325635652960484,0.04960574351714202,0.04762366722226279,0.039888319315502734,0.03857279846145892,0.03446739261954423,0.03545669841577815,0.01986340544000921
N:CTTGC,0.0686559464361907,0.07563011263088232,0.06446141941051872,0.06599940112762274,0.05844226794214035,0.05446246363371693,0.05480477521193927,0.05596794303935338,0.048794959513876066,0.045729714927066886,0.04789319325528629,0.04281349689602926,0.05016524313457824,0.050314269690349786,0.04704467546442,0.040017260802004906,0.037696457455511596,0.0351104490782137,0.03556271528459232,0.020433235065706535
N:CTTGG,0.07067027608958579,0.0744156408805691,0.06464561625199904,0.06486044574019001,0.058872983480232316,0.05427153530845283,0.05439202311425128,0.057160277623311995,0.048754703269801844,0.04560180424424361,0.04769214637839802,0.04304352736542227,0.050312149672270476,0.04975014279287499,0.04703337188763421,0.040173922934705585,0.03702964943439466,0.035508322418899174,0.03523715746893665,0.020574303643826185
N:CTTGT,0.07560245651265232,0.07635510112215041,0.06381093855503038,0.06883097006527121,0.05762644287965017,0.05348046686601717,0.055270505771518603,0.05495000160766535,0.04815690813800199,0.0434465772804733,0.048387125815890164,0.03929931513456159,0.049633387993955176,0.04929410629883284,0.0479102279669464,0.0396936432912125,0.03868865952863252,0.03436828397800714,0.035533519822513744,0.019661361371017008
N:CTTTA,0.07985469040298282,0.07676539354543715,0.06308999229809997,0.07157186847178604,0.05760538162716849,0.05249743322052899,0.05500497531498356,0.05211806415168433,0.04782632142554486,0.04197108674663123,0.04962676288454583,0.03758523050835247,0.049214287513864564,0.04862836843607704,0.04867979772257794,0.03944522166751237,0.03994722980416685,0.03390709955273178,0.03541791292459613,0.019242881780727594
N:CTTTC,0.0757022459498179,0.07653917066227027,0.06340874820349217,0.07004637616836425,0.05806382033710686,0.052463920100365505,0.055374827386323724,0.05396380570647149,0.04831464572423773,0.04305563601859498,0.04859252960412512,0.039109946770017216,0.04935973786614638,0.04935417364240305,0.04833542973645545,0.03956032158594778,0.0389656042599697,0.03418266299166054,0.03598858090364957,0.019617816382580314
N:CTTTG,0.07513404922436473,0.0760616998818113,0.06416601320391196,0.06896706352749789,0.057965298300710885,0.05271426527065446,0.05487585897370409,0.05411490468282263,0.04841837317603955,0.04357696478475892,0.04868372259696952,0.039674125175518604,0.049645687360282124,0.049818622655186516,0.04821599793803418,0.039403316692291766,0.038475666034845195,0.03442991597333326,0.03585746076396457,0.019800993783297843
N:CTTTT,0.08264419973200715,0.07677520578022064,0.06298174675827933,0.07136036261856325,0.057537422189654026,0.05176386572274972,0.055596859997049115,0.052607308207678546,0.04741186156299176,0.0417512943023273,0.049107248147882025,0.037386126351551106,0.04864637833942067,0.04863390016251797,0.04887660755941669,0.039102355605553585,0.03940978497495863,0.03389031709927089,0.03535314337617233,0.019164011511735246
N:GACAA,0.07582694651673456,0.07614352078007693,0.06341533831947678,0.06943469559072521,0.05801875495017809,0.05298350493950704,0.0550993355497484,0.05457497237385642,0.04807008266500989,0.043094116224253146,0.04824971188185022,0.03889683947432073,0.049867560504811455,0.04951334117457351,0.04859266733380444,0.03965122290148019,0.03892322066293259,0.03450333410797198,0.03576103504370385,0.01937979900498456
N:GACAC,0.0692498534372159,0.07477923538124732,0.06481898434114718,0.0660792826778366,0.05870547535904342,0.05528426099787307,0.0545641916673039,0.057090098586483375,0.04888612284085406,0.04489635816262663,0.048140564330441726,0.041393011999739444,0.05016553806242583,0.05028838174861438,0.04684167820760087,0.03980737260366308,0.03783302321497858,0.035889473251937885,0.03529083154201042,0.019996261586956336
N:GACAG,0.0649877157244724,0.07413570276251268,0.06550572433246107,0.06445621340455347,0.05987884645755078,0.05591144526650581,0.05437591082555529,0.05698019722809171,0.04851864031361386,0.04603904580465503,0.047932663378865446,0.04434033740277031,0.05076934148686712,0.04965785943750212,0.04692613242229121,0.04053411110422543,0.037123200588525744,0.036157400651296495,0.03518110560478817,0.02058840580289585
N:GACAT,0.07104155112465271,0.07575057569885885,0.06370629556624043,0.06827412492624192,0.057305555309284835,0.05350510552043735,0.054967625250826734,0.05448624807867791,0.04921178592572672,0.04334233370733647,0.048796409307194484,0.03937638999300263,0.05095078558718657,0.050291765133910524,0.04869790101821451,0.040334218922851266,0.03976943806603273,0.03471202250980075,0.035937793985674926,0.019542074367847682
N:GACCA,0.07350912906136196,0.07465860381120898,0.0644045013314506,0.06563457059897408,0.05881539916896476,0.054440320306682194,0.054544619094263495,0.05767212399740056,0.04825824671549989,0.04468218408954817,0.04758942162310794,0.04202110628192327,0.04996714223510114,0.04966299821816827,0.04673533854438278,0.0399577407569758,0.03680726094608482,0.03558047380824048,0.03496926832577106,0.02008955108488973
N:GACCC,0.06773997405246518,0.07268615513677733,0.0655971889086753,0.06203563504803112,0.06013238228500885,0.05670902018249983,0.0539592751598418,0.059571486325519084,0.04835410906418709,0.046227039845832193,0.04722581400364826,0.044642982947678975,0.05176934223974698,0.04964498266370846,0.04600972653205886,0.04015798298561397,0.03538955443725606,0.036878231925872855,0.03416479611025426,0.021104320145323537
N:GACCG,0.05305785629145145,0.07120862495797549,0.06594409975855008,0.059682447507564414,0.061149485008710536,0.05876172865918885,0.054769400042788595,0.057260307466609615,0.05007029554692992,0.047804792322503745,0.0507732510162291,0.04731195941196247,0.05057841009810813,0.052515358048840124,0.04504645618753629,0.04053073137932088,0.03585454934441762,0.039155383721996395,0.03549161037929032,0.023033252850025977
N:GACCT,0.0704331459111682,0.0739904561138052,0.06467122114099677,0.06431888183545235,0.0595158147676855,0.05519397216479584,0.05414772793021208,0.058114438050729675,0.04819546811049967,0.045761414017837225,0.0472980602983033,0.04338242541120551,0.050721697038474414,0.04955933645291283,0.046822422187081394,0.04020857848447812,0.037084609715387254,0.03565131097754406,0.03451887728656438,0.020410142104866233
N:GACGA,0.058499450635692986,0.07256317689530686,0.06417516873332287,0.0648532412494114,0.058829069219902684,0.055686705383770206,0.05440276251765814,0.05554230105164024,0.05071417359912102,0.04628472767226495,0.051436195259770834,0.04327421126981636,0.05014597394443573,0.05243760791084602,0.046495055721236855,0.04154449850886831,0.03853712133103124,0.03638361324752786,0.03626432271229006,0.021930623136085386
N:GACGC,0.04811033695821303,0.06997199218547397,0.0669162013104891,0.059412873221417334,0.061267094275686794,0.06048477723414187,0.0525838073338981,0.05575197524247506,0.05132172680278695,0.04920385193893605,0.05058695389083868,0.04979167026849467,0.05021956743486454,0.05292526062827406,0.044903269307238806,0.04088362925952179,0.03688560017980325,0.04019640047717017,0.03472882557355509,0.023854186476720666
N:GACGG,0.05543520806504143,0.07148939730308744,0.06577944836694265,0.06202361068367002,0.06173378072720428,0.05921494924987824,0.0547868255851129,0.056259878869005825,0.05073219413228795,0.04754705254886025,0.04997325795762507,0.046097902766531515,0.04977904200741606,0.05216640422613908,0.04488181212445358,0.040364050328822544,0.03593293872636168,0.03798863986088162,0.03519790605326298,0.022615700417414897
N:GACGT,0.05039051217868489,0.07260878983344565,0.0650783431212092,0.06406746413786464,0.05845949263502455,0.056922114181188026,0.05331484066621739,0.054807090594011745,0.05070641186098007,0.04744211514392991,0.05182559930682584,0.045170645999807454,0.05090798594396842,0.05451525945893906,0.04659369885433715,0.04150019254837778,0.038753369596611145,0.037492779435833255,0.036274309232694715,0.0231689852700491
N:GACTA,0.08058494311327899,0.07650171149845093,0.06278583696215594,0.07016403154030083,0.05741701083749961,0.05211745680646094,0.05505268262154266,0.05350098772450727,0.04762289227711704,0.04298118426615771,0.04861419982371447,0.03819949885223307,0.04922522746327982,0.04859509028064753,0.04860416731360432,0.03975453791930518,0.03932696189318243,0.0338195915812908,0.035862879473723186,0.019269107751547276
N:GACTC,0.06401061299338681,0.07458241237414788,0.06497003468269541,0.06516581694801139,0.059186041876143354,0.05484162454985582,0.054521817320086284,0.05703952409849354,0.04937832486567653,0.046123555441373844,0.048062331403563946,0.04344373031657372,0.05153104389154903,0.05060750085267163,0.046937690743751134,0.0405787536376965,0.0374732571170397,0.035560614986645166,0.03534667192296278,0.020638639977675507
N:GACTG,0.06930919089112059,0.0748423599755825,0.06446627289775254,0.06637131179835605,0.05879072472982639,0.05485450108982565,0.05466511323533639,0.05690158088129609,0.04816978621154962,0.04556570321232239,0.04780589097685241,0.04197375963637532,0.050771163669998426,0.04971938469238847,0.04719139502755424,0.040104907343683154,0.03753193806340773,0.035351272196002904,0.03527991355797213,0.020333829912797037
N:GACTT,0.07200962155018928,0.07605516442239778,0.06417437269510817,0.06889075504431577,0.0577940740885404,0.05304416604009413,0.055122108408440666,0.05433441722244464,0.04877012762550167,0.04392940724610793,0.04918350275203677,0.0400069004351831,0.04978436140052795,0.050176905024623485,0.047808949083251145,0.03962477256230735,0.03868214707691707,0.03448199539753993,0.03603068740703128,0.020095564517441503
N:GATAA,0.082678492017262,0.07692334191422863,0.06200072655755776,0.07236544592470108,0.05708800741589783,0.05213269696912757,0.05546264805176096,0.051969221518630565,0.04772982080334717,0.04102607464752563,0.049348916740261935,0.03587377941462009,0.04904420100590641,0.04799883500253669,0.04942000663923286,0.04006275954076552,0.04067594906580983,0.033694419912687824,0.03576730115184427,0.01873735570629537
N:GATAC,0.08292809387917957,0.07649911593325245,0.062188981672577325,0.07044685371480189,0.05752104848493441,0.05271488492954808,0.05486682288892354,0.05439896625963815,0.047810998073888944,0.041583542788628046,0.04895633540662007,0.03676421443631377,0.04908443900749583,0.048731014843814875,0.048657089445681034,0.03957439224208644,0.03914704268027164,0.03420112974211176,0.0352133000905333,0.018711733479698872
N:GATAG,0.0779666276729579,0.07733266298635018,0.06223540436070347,0.069428070298203,0.057254959528181194,0.053265583665844704,0.05515873076238532,0.053839460517728956,0.0488304929788506,0.0422797780857385,0.04967438478423904,0.038159578076915474,0.04951998186716481,0.04857835225466289,0.047653836265974615,0.04029573863160985,0.03910805313894285,0.03447368381020763,0.035452202789596744,0.0194924175237423
N:GATAT,0.09170994492714689,0.0772951381770108,0.06082616349355598,0.07356630304915553,0.05673140142383474,0.051629916082828436,0.05567038296488487,0.05321380851048788,0.04658951282794505,0.039071608848418864,0.048527172337733036,0.03374050010958013,0.04860607003230846,0.04662005387100651,0.04978670757658237,0.039551781914329544,0.0404380377379833,0.033853897871317574,0.03477041195059703,0.01780118629329299
N:GATCA,0.08042071696232801,0.07621456190469873,0.06277624964246316,0.0695465242736783,0.05779356164442362,0.052807361688362114,0.05517364096004446,0.05575467490389917,0.04721437342961821,0.0425321529512349,0.048332346733274203,0.038105524973338384,0.049306329758029996,0.04897971766198809,0.04789764437366765,0.03961449627010547,0.03845125772972205,0.034333682057757664,0.035463752105711496,0.019281429975654327
N:GATCC,0.08164303740331151,0.07528353976167843,0.06283902236630032,0.0667195560935687,0.05897809420245252,0.05420710314122161,0.054959865587904735,0.058627929720894284,0.04715138002649031,0.04379791679490073,0.04714226115978306,0.04024292660908102,0.048668759446575977,0.048185003567756596,0.04724439246690421,0.03917328354432111,0.03661635331960944,0.035021463532512176,0.03420578090554906,0.019292330349184202
N:GATCG,0.06550433259444126,0.07202260079676334,0.06435724140069135,0.06576397823626978,0.05983475686317062,0.0561260870239184,0.05461471686999116,0.05696315357070887,0.049394676876811705,0.04474043186433321,0.050681279161693356,0.04182620018291454,0.049642696594379254,0.05179349258266032,0.045658879880950534,0.04029932879663933,0.03766411929748415,0.0363775170126025,0.03542419122320224,0.021310319170374046
N:GATCT,0.08122850151738625,0.0753356474072487,0.06292874490013207,0.06844992755999325,0.059016070054516166,0.05318592325409133,0.054868569398049016,0.05692876580256865,0.04711245902795832,0.0433232391983393,0.048130473009075574,0.03973520532071523,0.04860600344106362,0.04859783842677811,0.04723460764166953,0.03917377893844363,0.03725140797506339,0.03476303822141167,0.03478655346255394,0.019343245442942227
N:GATGA,0.07393925104122046,0.07586060424983532,0.0637547291386938,0.06857296102577763,0.05781488294294316,0.053463115417982064,0.054864908321004276,0.0548721077709663,0.04873367674709652,0.0436652639738324,0.048696779566041154,0.039017719046264866,0.050633731582907064,0.049570612805181685,0.04821441641858562,0.04023802581482775,0.038835332980560286,0.03419978713626279,0.035676574309722736,0.019375519710294133
N:GATGC,0.0694566182793148,0.07508072188967883,0.06439729736703884,0.06704723947369078,0.05818843348341487,0.05466364006402813,0.054852594629195395,0.055855219183133596,0.04935126986624181,0.04430193774155178,0.04855008586195329,0.04095735869819461,0.05023694236552803,0.049933949142088006,0.04798405456541699,0.04052159783975821,0.0383473717418864,0.03485795527853318,0.03547726010886114,0.01993845242049133
N:GATGG,0.07360254126470553,0.07436652907174655,0.0642950546248528,0.06563685296512095,0.059340150285820674,0.05582206079514221,0.0546537708609432,0.057660974489306925,0.04850854377424298,0.04493151650753467,0.04718161758306646,0.041517256650329334,0.049844283090807136,0.04850165852003389,0.04677979414742376,0.04020630424891791,0.03725638593557385,0.035148671917086115,0.034771635396596154,0.019974397870748905
N:GATGT,0.07381609659254017,0.07524698402918298,0.06363820953207816,0.06869182643742763,0.05742677045268364,0.0538349119985131,0.05523206409968346,0.05500864706664893,0.048855767437508475,0.04346925278777992,0.04886977078430836,0.039202687624160355,0.04984395816054583,0.05002218257436254,0.04836660507315794,0.03999801407081747,0.038893659220917434,0.03435721137351827,0.03573144890719791,0.019493931776967423
N:GATTA,0.08001069995541685,0.07658394015950859,0.06262565017090206,0.07169326794471689,0.0573267944716897,0.052820131767969486,0.05489433794025858,0.052021201763511174,0.0479734482587804,0.04155466389260415,0.04979481844751573,0.03755367315599148,0.04925268737306187,0.048255213751424185,0.049157972952890476,0.03961797196215386,0.04052548669936098,0.033992173180759894,0.03531064546490315,0.01903522068658047
N:GATTC,0.07685252929959593,0.0760429203534376,0.06337888016269323,0.06921192180974887,0.05763406250115409,0.053363611258037104,0.055274583818736234,0.05576781744939124,0.04797004816208921,0.04309187727920511,0.04865983662559259,0.03895314649818484,0.04917769090336847,0.04934059751848498,0.048157575424326596,0.03955265925557832,0.03864415737681777,0.034280558018760114,0.0352850804212921,0.019360445863505594
N:GATTG,0.0798099782459595,0.07600028612664471,0.06267519997307043,0.06984435552077153,0.0576612512991412,0.05314592038105337,0.055480377182241636,0.0556040848786276,0.04757781172025229,0.042428373664567004,0.04861712467968543,0.037869282200818824,0.048909562941550216,0.0486772954299684,0.04822370054321985,0.03943456325713107,0.038812237804903706,0.03441261986812928,0.03541490467354212,0.019401069608721812
N:GATTT,0.08280548423564263,0.07642849196895794,0.06272927243433905,0.07196047312578738,0.05729105011818782,0.05205346730701879,0.05526726631126722,0.05252853706826001,0.047532390461419584,0.0415626963898488,0.04927215790239869,0.03714483742292378,0.04862164004068969,0.04820208054249355,0.04894221738309461,0.03934406933031215,0.03976162243345847,0.03406546688701343,0.03558051808241245,0.01890626055447396
N:GCCAA,0.07138344491998944,0.07497529007347832,0.06463549955382394,0.06623480551093358,0.0582654359791488,0.05392255076507286,0.05451417194487492,0.05610875437959092,0.0488707435650864,0.044916368067886465,0.04835233698238559,0.041575263228126054,0.04997644143206177,0.049970537029069735,0.047140753488419694,0.04001217094270092,0.03791610788052795,0.03517134774296323,0.03550750508664318,0.02055047142721623
N:GCCAC,0.062071260137911324,0.07296080603094073,0.06631846439672728,0.061083818643038336,0.06030940726714066,0.05719211118653757,0.05364875486798385,0.058919128943513525,0.049299724891921824,0.04723954053378113,0.047495891242988315,0.04682419879238272,0.050504662546000216,0.050741362678195005,0.04505520025724392,0.040496266390367644,0.03652015077351817,0.03698283254135553,0.03500348351137947,0.02133293436707278
N:GCCAG,0.06652160305935124,0.07311276802305873,0.06606339847588555,0.06169462927433291,0.061042671300182864,0.05632603341550844,0.05413735961753376,0.05886908364407827,0.04808190059356573,0.04733617189445853,0.046738642353722104,0.04714715141102756,0.05082432454018327,0.04894181068016019,0.0452954014481513,0.040253967803215183,0.03566807648141476,0.036611404058349645,0.034299378865084336,0.021034223060735623
N:GCCAT,0.0716690193652868,0.0747695934902575,0.0642511185710224,0.06624500986803272,0.05797381936927725,0.0546068831814471,0.054870584949047035,0.056086339882647725,0.04885033677675301,0.04487519058521507,0.04817661700227954,0.04155979761803813,0.050289556512153395,0.04952272640359672,0.04752916764349383,0.04024428161220543,0.037962413353352056,0.034945638529056244,0.035440453447326985,0.02013145183951104
N:GCCCA,0.06659481882929302,0.07356380107307389,0.06597295451335344,0.06232187186189736,0.06007356341410088,0.05603705645730826,0.05457701036891994,0.05870329487474678,0.04863892205025608,0.04718119779503244,0.04673153610547314,0.04528774284923757,0.05084156777914723,0.049744114636642786,0.04568051962626225,0.039972679763095625,0.03591605025220913,0.036537914568148706,0.03487045138371582,0.02075293179808565
N:GCCCC,0.06740176128227487,0.07170179518898064,0.06588736544896315,0.06049288114714577,0.061531857268322325,0.05895619191402836,0.05344661145507465,0.05984689100393919,0.04816618640807705,0.04672800289503127,0.04647136957168676,0.04652425158983048,0.050769848124917694,0.048438891717327986,0.04508606807678469,0.04099289618222936,0.03509810651267976,0.03748401874304627,0.03392225928571947,0.02105274618394025
N:GCCCG,0.052867241398842225,0.06861950992942349,0.0675574637771459,0.05695399499280641,0.06525777984208082,0.06078868963329671,0.053960440904919964,0.05897613086674294,0.04957065014217258,0.04844346515922196,0.04801581457523818,0.051833516477292035,0.05060154294065003,0.05059587869450455,0.0430284458441426,0.04187577175353732,0.03420921459562947,0.03955343083389032,0.033515344442808105,0.02377567319565439
N:GCCCT,0.06662054019255567,0.07306378273641757,0.06572864773561483,0.06206364427810161,0.06086051646135258,0.05601092518951235,0.05422122325358108,0.059114600488588236,0.04840202930188212,0.04687307080426925,0.0461287094304314,0.04605967750651957,0.051229576905310686,0.04916414174186873,0.04575633150944416,0.0404101048535754,0.035907251073840886,0.03696758142512659,0.03442917896585444,0.020988466146152813
N:GCCGA,0.06474444593499017,0.07239677808820012,0.06502149302132972,0.06270304635143568,0.060752051606581474,0.05687630868294732,0.05418457751777476,0.057302086310374395,0.04949519104583817,0.04657015707111653,0.04948935847559944,0.044135058996447964,0.04938145592618299,0.051134143282920486,0.045698187820426825,0.03988603157753527,0.03671894593790646,0.037030988445678356,0.03517039853952441,0.02130929536718946
N:GCCGC,0.05156316757379303,0.0696338677019672,0.06712611223598908,0.05557186112607508,0.06377872308806866,0.06120780933628072,0.05260713688629651,0.059532257165679045,0.05045232478219679,0.04955696320101053,0.04788512622369179,0.05138855348949529,0.05001764716809392,0.051132205152973086,0.04343060947745807,0.04168075344119778,0.034829937027473855,0.04098229710400684,0.03375624616870693,0.02386640164954582
N:GCCGG,0.0581728351878976,0.07005170189974422,0.06638993944428656,0.05793782655269659,0.06509192663358328,0.06159958900815425,0.053724067070371424,0.057090702402553394,0.04977810812583346,0.047939028922458084,0.04789803904422535,0.0504995299827296,0.050742736593577156,0.04863312419386573,0.04319786634020506,0.04029305030277857,0.034617318496819184,0.03964541022670135,0.03380298624926218,0.022894213322256957
N:GCCGT,0.04835417023462922,0.07092310327110807,0.06716561054975168,0.06082548381572187,0.0611577324884398,0.06005137866072958,0.054372324028087005,0.05480390477821545,0.051594451104641205,0.04908374721698921,0.05001883884226751,0.047624593252269226,0.05053262544956328,0.052704230176400066,0.045572872067134784,0.040774105154992295,0.03666381229662614,0.038712108237711935,0.036013015927384824,0.023051892447336873
N:GCCTA,0.07576446872728074,0.0751162124650261,0.06344429512458417,0.06641459760745522,0.0582538388667357,0.05427177193716816,0.05476801568592893,0.05616311603621863,0.04780077548412681,0.04503976559229803,0.04804036042387257,0.04150106849375427,0.05029300962745919,0.04899154017316208,0.04710460223392302,0.03939492410389725,0.03767376792756273,0.03492873036505034,0.03509396135797845,0.01994117776651759
N:GCCTC,0.06479786396467326,0.07195905932290418,0.06642967172149386,0.06101461678020059,0.06141341183719577,0.05722623489542327,0.05425084722555027,0.058500667511039606,0.04824050936227022,0.047406291719439976,0.04652175401362407,0.04803991373703488,0.05080751720124602,0.04883065758395235,0.045246294457946805,0.04049464279601547,0.03597234108102557,0.036920891383972886,0.0341591072467737,0.021767706158217232
N:GCCTG,0.06160336944633039,0.07235142199821351,0.06673505149697297,0.060538746721616826,0.061525042288832335,0.056826352764839,0.05410495400472658,0.05917522756389068,0.04841276281502791,0.04853463987209489,0.04642168647142735,0.048557198093454323,0.05125071238549744,0.049718633184835485,0.04528876246537548,0.040347885370398164,0.035513219900988206,0.03731944415289336,0.03434645856289718,0.021428430439687934
N:GCCTT,0.06893020324562786,0.07423164035668403,0.06512366802404547,0.06498479565522537,0.058643684016163995,0.05412939791043791,0.05460860099477454,0.05735740205294462,0.04836027851694274,0.04563015984022827,0.047993792467388344,0.04360405557136639,0.05032846740329221,0.05060558939488389,0.047110427197561824,0.03981993920753074,0.03726730315464466,0.0354442140976005,0.035196049797265025,0.020630331095391616
N:GCTAA,0.07515228205351517,0.07651756942985805,0.06386880945916178,0.07049758278388842,0.05794530653647341,0.05277616971572309,0.05493979586434901,0.052672001448109684,0.048492463169686695,0.04319610444832656,0.049333493854926046,0.03894825910917347,0.04947437716768188,0.04922462947688745,0.048236738611078384,0.03960400689218243,0.039127138224460414,0.03410955769470501,0.03626464546073966,0.019619068599073416
N:GCTAC,0.07085222359975663,0.07445605182375896,0.06403285648277345,0.06613842543243652,0.05849387200519702,0.05471848737573598,0.0541140369738365,0.05487288814064881,0.048397777543952754,0.04516108002763202,0.048953620297638924,0.04319561547576022,0.05054166075750159,0.04942997525012924,0.04700931436910704,0.03999780407801013,0.03799402526225256,0.03537836193369231,0.03560996308106155,0.020651960089117835
N:GCTAG,0.07412940138845404,0.07633040425958501,0.06479896651137342,0.06592045574636071,0.05889324666935969,0.05415741145864712,0.05475494645395079,0.05546063034509868,0.04815885146860274,0.04542747456031795,0.04776428083947247,0.04227041569670111,0.04964330617594393,0.048668978452196705,0.04680970633871049,0.039692620097126596,0.03734643103705408,0.034670856983702605,0.03496616766733202,0.020135447850009827
N:GCTAT,0.0808322009423042,0.07659415492657848,0.06289319132956257,0.07056364037583768,0.057133289199118864,0.05244925533191639,0.05460447613848852,0.05315114419886722,0.048040092449565044,0.04215088481357166,0.04892974529912544,0.03801427006267833,0.049390057413193036,0.04831883485673802,0.04857163873435461,0.04007889958691924,0.03962981459758501,0.03379403258963311,0.03543938707641801,0.019420990077544588
N:GCTCA,0.061191801860242076,0.07431653304520733,0.06571142539981349,0.06373980688697814,0.05981842815967588,0.05654472762710685,0.05417764205455899,0.05699668998106399,0.04961161166614375,0.04722434920279423,0.04743351630410475,0.04547097739213014,0.051778273456728474,0.050334280638356474,0.04634934470502899,0.04016378254826733,0.037201814978583915,0.035662654491930755,0.03536773560471319,0.020904603996571274
N:GCTCC,0.06776909993725333,0.07381370893622653,0.06523307253646213,0.06383925771955276,0.059891718708703474,0.055776444875835836,0.054221050643220726,0.05805471463728691,0.048176441644247524,0.04619016896975041,0.04688380631860152,0.04372531345444865,0.05086289178680289,0.04969336458740888,0.046606813034534525,0.04037908069776147,0.0367281553286006,0.036763164202003505,0.0347953577464442,0.02059637423485414
N:GCTCG,0.05250187730192975,0.07141792912738239,0.06649522628937864,0.06200758072398298,0.06205227838897696,0.059313801447012406,0.05349714530912905,0.056602143104044246,0.05064543428251308,0.048583382004124105,0.04907803616339083,0.0468163343146954,0.0508421040084866,0.0529071361312085,0.044617209196991546,0.04117548899245503,0.036339201640106324,0.037611595170268304,0.03518004219459575,0.022316054209328105
N:GCTCT,0.06425327585799265,0.07435409318103678,0.06562397898710964,0.06453755718028249,0.05961447692663975,0.05540979095637877,0.05431681757599184,0.05694228946732004,0.048659391381604376,0.04671414373639658,0.04728669429531702,0.04454899110039945,0.05100713352420251,0.050070828207201774,0.047064225645308634,0.04037307508359665,0.03704971818263907,0.03610030971851876,0.035143495127765656,0.020929713864297542
N:GCTGA,0.06843675688685773,0.07493412083539559,0.06487099364126693,0.06584848883490478,0.0589998283336745,0.054932339281089745,0.05511993340998343,0.05640271150205675,0.04872167579369129,0.04545913073128085,0.047371941935487674,0.042625161563968714,0.05052033774022224,0.05003955404510164,0.04730115169816931,0.04003010944760608,0.03742089928377977,0.03544762141853017,0.035337306632042376,0.020179936984890415
N:GCTGC,0.062250037794304935,0.07360542901102506,0.06590277478208523,0.06311201998803796,0.05978223485011886,0.05602379039764272,0.05455243576036895,0.057644379102722396,0.048847730340257564,0.04727338865098232,0.04692051226148296,0.04551172711617989,0.051804430308661914,0.05072831277284282,0.046393529459543385,0.040321568325690914,0.036799799777625694,0.03642205104349201,0.03528802758032116,0.02081582067661327
N:GCTGG,0.062461730270243064,0.07273198439507692,0.0666912441070839,0.06071217789125561,0.06147715763837532,0.05767300130372904,0.053822105425603645,0.05913105380800059,0.04845175953638798,0.048174364494319624,0.04672792773458134,0.04852449622239394,0.05071682972037584,0.049293347884358074,0.04480330949155674,0.040184115082159265,0.03530328985541717,0.03703209983345235,0.03452807719049434,0.02155992811513526
N:GCTGT,0.06485587036025298,0.07457589035592174,0.06519609863833212,0.06539785516842171,0.05915153105628107,0.0553463158096417,0.05442375141737591,0.05641664145919612,0.04891652388884406,0.04592849516335892,0.047924578474000695,0.04358986119731324,0.050792133875763264,0.050698077594109985,0.04679067774518063,0.04026450716540494,0.03761525523217096,0.03601020220358772,0.03557330496936494,0.02053242822547729
N:GCTTA,0.06750558540799428,0.07640003841635372,0.06442985183510848,0.06899809955462252,0.05727383584381618,0.05351417476142571,0.05467442625272722,0.05236653469937748,0.04929565167620446,0.04456394043136909,0.04983163741946875,0.04072618549860255,0.051072893090974,0.050162929964852915,0.047953989625644275,0.0405248876855214,0.03998599161242944,0.034082387556981834,0.036332557568749264,0.02030440109777641
N:GCTTC,0.07012685369977086,0.07526203117862884,0.06452544371684714,0.06683107220551301,0.059033420264627136,0.05389351426138715,0.05465354574705484,0.05559956585841474,0.048523486738222904,0.04538122466890084,0.047831230768697296,0.04174656559393261,0.05038211205530987,0.05025318095716051,0.04726948207211504,0.04016944509505437,0.03769138308392469,0.03462383169983831,0.03579524480674048,0.02040736552785936
N:GCTTG,0.06573167616162415,0.07557503062183868,0.06567215166988383,0.06531944132752188,0.05871296217902527,0.05486420466960395,0.05396061549063894,0.05571122709554864,0.049461155462814016,0.046187308417095875,0.04829100008170753,0.0435922624076215,0.05036622351113903,0.050045678577357255,0.04665500085219847,0.04015684888432247,0.03770599263744889,0.03547807594659655,0.035801208901758336,0.020711935104254744
N:GCTTT,0.07145895862282864,0.07627192736099953,0.06442266598612376,0.0692041311233598,0.057770277695694754,0.05271480449451373,0.05486193363729831,0.053038143778527246,0.04881373068572838,0.0444410797187632,0.049249164177719386,0.04006916139368023,0.0501762003726705,0.05054105603000901,0.04824666586890106,0.039521145265790265,0.03874527751253428,0.034127435728990886,0.036261865745817225,0.02006437480004982
N:GGCAA,0.07287089113478888,0.07507040822640017,0.06428097293589509,0.06666190531115204,0.05833551668218563,0.05346518468839729,0.054565898051485276,0.055620016331194795,0.04856391661466095,0.0450929648298783,0.048335142393810954,0.04167204547069055,0.04969900339991338,0.04974368884872715,0.047216478465814865,0.039883481737400805,0.03793909182363226,0.03503071838160762,0.03549284994626288,0.020459824726101115
N:GGCAC,0.06388417225159401,0.07349646466595489,0.06587802347170232,0.06310431915340649,0.06017678814151627,0.05574690095490466,0.0545468383522642,0.058291205186585884,0.049405167719334356,0.046888198544703004,0.04709294348182165,0.04539066620357864,0.05106456647671482,0.05004191375414314,0.04597274212428768,0.04029776988812994,0.036708837691934976,0.03593595235338762,0.03517164271901276,0.020904886865022704
N:GGCAG,0.061766988687969614,0.07267993284342059,0.06631134230589271,0.06091872402499106,0.06091762309745961,0.05705171607078964,0.05389810915696474,0.05885833814989128,0.04870888723749759,0.04813090028348884,0.04700630281011752,0.04802355984917293,0.050967164836374645,0.04941017807502821,0.04536592078826411,0.04058844576555748,0.03622381856714282,0.03696281617262544,0.03468444664629951,0.02152478463105166
N:GGCAT,0.07427142688838508,0.0754193857055421,0.06399762649816527,0.06692140145800828,0.057903315718846354,0.05401081581223474,0.054480631248042435,0.056297753793723725,0.048424753382814816,0.044118471074023946,0.04799732190834145,0.04119792878919798,0.049855750857018065,0.04943837659370878,0.04769057696783704,0.039939699835349084,0.03818866753446032,0.03477208922757745,0.035264174202391314,0.019809832504331784
N:GGCCA,0.06763772849148818,0.07292611664549871,0.0658092925871846,0.06181582153255977,0.0600295055339076,0.05622791404947253,0.054208678572559996,0.058862028149056944,0.048408731564441296,0.04667137545611898,0.04678909519242677,0.04571377760113817,0.05077104627285635,0.04966188875736918,0.046004656949568436,0.040174110009993574,0.03618315894972395,0.03686247742805056,0.034356523041388386,0.020886073215195998
N:GGCCC,0.07249203860369093,0.07228038301652687,0.06595416912883133,0.061344081623547084,0.061293741916329685,0.05607042525039714,0.0547787541265689,0.0595810477866832,0.04750237826514496,0.04602765366052618,0.04527713438928496,0.04475714809541434,0.051046179244824304,0.04852175733629727,0.04537037725606265,0.0405223202257507,0.035253240189620526,0.037279985447248275,0.03397415399259663,0.020673030444654066
N:GGCCG,0.0648760285720489,0.07020614863544584,0.06642567142143772,0.05932879567511236,0.06299528865151219,0.05951334158362101,0.055002822466836014,0.05764345730476129,0.048410734058490196,0.04750700188888165,0.047531427082654856,0.04725189430947263,0.049442020017803255,0.049694413686793025,0.0444565665776504,0.03986191623786882,0.03543010052324193,0.038914761501552354,0.0334272346338392,0.022080375170976357
N:GGCCT,0.07126493599276108,0.07246954392799848,0.06575686902602547,0.061953357971390656,0.061013185329700854,0.05551526005746209,0.05504536154577454,0.05933604955457302,0.04730386807984293,0.046366700384670716,0.04599408701649002,0.045778482103853206,0.050795615933278165,0.04896447664912404,0.045944881017264544,0.03972727105406387,0.03546700812875595,0.036765520642667915,0.03371249498080027,0.02082503060350219
N:GGCGA,0.06397671618064084,0.07167722984703559,0.06501062294376563,0.06238999799792621,0.060364018849375325,0.05784797984778263,0.05465960263317526,0.05778522828123459,0.04911057124842748,0.046872432041547514,0.04884462413305723,0.04515124621622994,0.04949903332705818,0.05149513077725286,0.04479266583595545,0.0403701744792367,0.036891944790574116,0.037229607981999265,0.034722533489913436,0.021308639097811763
N:GGCGC,0.056588574880848494,0.06748444582625254,0.06677783940955968,0.05599855852290995,0.06475694505781807,0.061994113968548946,0.054055390877004554,0.05872252625926096,0.04838134135096081,0.048020972078447445,0.04857565811555135,0.052748169006122746,0.05046229724812131,0.04919040569807415,0.04293693891034225,0.04150606091653918,0.03380758400667037,0.0404143540027487,0.0333977522849885,0.024180071579230012
N:GGCGG,0.0573017979529878,0.06858445288781428,0.06611204028578181,0.05607695384223826,0.06490992055556566,0.06180122529859836,0.05248877415601651,0.05863344665224426,0.04885287327067464,0.04849382805824713,0.04856427363790063,0.05195475121348192,0.049891377461050414,0.0496732234079299,0.04271501808860691,0.04199238278764521,0.03404793935317323,0.040683458468922136,0.03314805388405112,0.02407420873706983
N:GGCGT,0.05889879181965498,0.07041906832680356,0.06568070398555927,0.060583372648766176,0.061952575331788065,0.06096028799409243,0.05415017127853788,0.057898812332054725,0.049781030132715225,0.04631956267563742,0.050011794629853744,0.048419519599597956,0.04869643699616418,0.050081023978995304,0.04407858300342557,0.039709441857602924,0.036109515702242,0.03929919386269,0.0341121207770097,0.022837993066808886
N:GGCTA,0.07607189008172306,0.07442582615403828,0.06394052736044327,0.06610605133310364,0.05904174899938621,0.05425811097225384,0.05445783516686934,0.05690545295764519,0.04769821187061415,0.044896758976739,0.048061346769915074,0.04251733969144162,0.049559942500688625,0.04847762336179661,0.04648968121184316,0.03954760477106116,0.03684269261870747,0.035425580816557535,0.035087245373794235,0.020188529011378523
N:GGCTC,0.05770301061962956,0.07241566232482124,0.06685865660131826,0.060178326655700276,0.0610363624053446,0.05855849142411366,0.053680249464845446,0.05937607387538766,0.04934535917631975,0.04864785914757661,0.04663285906454089,0.048325510233194105,0.052082131267120794,0.04993597733252654,0.04540733703601663,0.040769259921810165,0.03581692455289524,0.03707864163785611,0.03450496021311649,0.02164634704586595
N:GGCTG,0.06027697003682528,0.0723151365194619,0.06678325114609288,0.06038565374987715,0.061282872487411766,0.057881303510830796,0.053815203001520415,0.05943640557524324,0.048830782927407376,0.04830152793113615,0.046697576006336027,0.04862179802172518,0.05102555801571289,0.04987194977425005,0.044910653894403366,0.040576601784031587,0.035472803057018484,0.03737245561599963,0.034676174564542514,0.021465322380173315
N:GGCTT,0.0651410915827301,0.07484530562221146,0.06558176892875495,0.0645018599909869,0.0590494340206237,0.05483722376597871,0.05428246919000178,0.05611768246952259,0.04928635213944694,0.046568121234495226,0.04832384629839344,0.043816631661918994,0.050942966373824096,0.05077700562237776,0.04656180208764657,0.04031915017452486,0.03723075029891228,0.03526316752224589,0.035626684759381855,0.020926686256021898
N:GGTAA,0.07780532447624865,0.07610139539985629,0.0632549972158933,0.06921781939839126,0.05760869868342894,0.05316667735689273,0.05518620049844341,0.05376393563926157,0.048223144990141756,0.04304907557432078,0.049134138167918354,0.0383825595004039,0.04978205882599008,0.049267998389958996,0.04833051204323685,0.03947621610617347,0.03921128441671803,0.03440951374344759,0.03538743703224451,0.019241012541029553
N:GGTAC,0.08237882628610714,0.07565206146880261,0.06289447127771493,0.0675256201236316,0.05841342701765581,0.052958327458027574,0.05543667763318208,0.05651989990428396,0.047303088450589274,0.043230770530376036,0.04717897600081095,0.03929621093138271,0.05028958488609271,0.048470135360546666,0.0473290805866685,0.0395697781636166,0.03717135380690572,0.0347137973406146,0.03456694177176695,0.019100971001223578
N:GGTAG,0.07396936072338471,0.07550369026048358,0.0636790209645033,0.06616446100760744,0.058240793177882284,0.05442283283194843,0.054458077028363854,0.05603730670610154,0.04851242937280297,0.044601771962324434,0.04810687971542001,0.0412352270088347,0.049990754433406094,0.049231797217446555,0.04734888809388282,0.04032225748251188,0.03787785520235721,0.03494534494170948,0.03523260928235574,0.020118642586672963
N:GGTAT,0.08747918926221965,0.07695376041885878,0.061856299131708155,0.07035326473831911,0.057625456943823566,0.05209834082748184,0.0549972127827635,0.05528900931549016,0.04736982574807624,0.04122466548204746,0.04812235364826605,0.03661569151419986,0.04813605106729874,0.048016509955740735,0.04819540654977372,0.03929042388531027,0.03872509404523386,0.034284224765514716,0.03484000791959864,0.018527211998274954
N:GGTCA,0.06761149812484671,0.07443522072235224,0.06535181253989472,0.0647845563382455,0.05901088709611927,0.055278852916192264,0.05426534434116258,0.05708091664054392,0.048900570585837196,0.045625346160280536,0.04798126633348655,0.04272978139724501,0.05058812733176001,0.05057838205700011,0.04688532897611271,0.04047578055590296,0.037004026422688296,0.03564618480614212,0.03530875466758056,0.020457361986606745
N:GGTCC,0.07235489458043841,0.07298152714379937,0.06464454411566414,0.06310801389357804,0.0601661334105431,0.05595426366231456,0.054517033012404084,0.0594699911466592,0.04792563193725103,0.04543373530496989,0.046635260128295046,0.04372787318085797,0.0511789994993211,0.04898761473020306,0.04656000150517246,0.04015674698782587,0.035939128316997686,0.03638075009851563,0.03358886423239863,0.020288993112790726
N:GGTCG,0.06181543028914736,0.0699899524083209,0.06494548251181523,0.06085615404653317,0.059421374494002456,0.059971304408949384,0.054844138284632145,0.05873499580316644,0.048567494593734106,0.04651662814400721,0.050184205847450265,0.04620651728971383,0.05081683199020877,0.0515197499266071,0.04440373952342164,0.04008286162026719,0.0361341167422648,0.03835451045900541,0.03431066491901972,0.022323846697732883
N:GGTCT,0.07199518629189207,0.07417406874147618,0.06453094294389523,0.06438846069115584,0.05939573641952328,0.05477054329213648,0.0540537479591244,0.05849736754904586,0.048066935970302316,0.04547448964866434,0.047466683813248874,0.0433365251793541,0.05045040832125583,0.04931456902954607,0.04635714893742947,0.03976095131381424,0.03650285713450654,0.035997593145946034,0.03478430196300357,0.02068148165467928
N:GGTGA,0.06846967171712394,0.0744068755332492,0.06473943386196342,0.0656626289493548,0.05888849581629931,0.055229389385905006,0.054976267454157124,0.05748251510123931,0.04862778779377184,0.045091647922148925,0.047180187628050756,0.042101101212828625,0.05098344870118937,0.050370886059186645,0.04682604393878914,0.040296708847349316,0.03752674522653278,0.03556798253496507,0.03523956723338485,0.02033261508251056
N:GGTGC,0.06490405378170616,0.07347899212084569,0.06543368938281557,0.0627651177074636,0.06028368794326241,0.05703809537519554,0.05472761254906477,0.05947154003397345,0.04908936266182977,0.046894044088714865,0.04610348947686638,0.04571840900584458,0.050836020499237036,0.04975875488248448,0.046110687242679874,0.039793448113705505,0.03611299052774019,0.03621495887676465,0.03465184406760142,0.020613201662204053
N:GGTGG,0.06819129807690862,0.07282618077185292,0.06553673607663134,0.062288829698134165,0.060352415885991266,0.05738809985146843,0.05365601483691751,0.058675233119983974,0.048487332714025756,0.045975317715915856,0.0470137455608187,0.0459353203503288,0.0501705301214747,0.04925179364126092,0.045701651530320256,0.04046891347607481,0.0362445300595239,0.03659518365557276,0.03426962254215437,0.02097125031464093
N:GGTGT,0.06934469220501423,0.07424554644307003,0.06494031076003162,0.06527092970337202,0.058865777419052794,0.05589565070961495,0.05458478833492171,0.05814973880740557,0.048774822732356886,0.045290803131843284,0.04811394776438446,0.04260157550269685,0.04950937019813184,0.0501967382318165,0.046235843448482604,0.03945180403260752,0.03717884416198078,0.03617247058362409,0.03500314650520171,0.02017319932439053
N:GGTTA,0.0752279078504352,0.07594682748436644,0.06394647540060591,0.0689513755607647,0.057359657003541,0.05359835995843838,0.054633958282008274,0.05369080653243227,0.04798370579959648,0.043637241610596345,0.04927599088712814,0.03966105545466749,0.04957447530422545,0.04938368131108911,0.04798124711411792,0.040019531797441686,0.03901196248832739,0.034640419707445934,0.035615534368243225,0.019859786084528624
N:GGTTC,0.07058209084564329,0.07483020137292522,0.06434363943521282,0.06532483276384363,0.058931235399740774,0.054739499227997465,0.05454242193549469,0.05714589217309629,0.04881786237761873,0.04529749353092623,0.04814137011115532,0.0424466283942254,0.05042755988494041,0.05015360847124861,0.046519559105949314,0.039670307859889696,0.0370640421996994,0.035548923156628456,0.035127280249500785,0.020345551504263485
N:GGTTG,0.07170752839207566,0.07461278312080641,0.0637535628547471,0.06587240508489317,0.05860106364649261,0.05482324794515378,0.05426820563394611,0.05653883327070476,0.04820048144690054,0.04481115434032421,0.04860989181392586,0.042348538675742065,0.049606342496796095,0.04975894836506606,0.0474883207283074,0.04005534834340587,0.03746515089110341,0.03553296368800797,0.035297080961515424,0.020648148300085493
N:GGTTT,0.07664180340250716,0.07539050759368626,0.06326817389715443,0.06845270693619145,0.058027058720319685,0.05331958058620133,0.0548221218509315,0.054336242208925134,0.0480299293553841,0.043801322983820105,0.04914470129043611,0.04046635101793342,0.04915430468079628,0.049939446730512774,0.047744423155487194,0.0391369303307771,0.03823576894346614,0.034950111684834376,0.03526364940253934,0.019874865228096093
N:GTCAA,0.07546862654008489,0.07651526882745094,0.06376457695560506,0.06990109309795793,0.05727626829936511,0.05290030295450124,0.05475892683430414,0.054064871174851994,0.04838695588299524,0.04303581851318031,0.049131040726137866,0.03856178008600255,0.04956542109881558,0.049615450282506066,0.04833970609839867,0.0398796123135321,0.039439673142666554,0.03421559401714492,0.035822880807455146,0.01935613234704371
N:GTCAC,0.06296909085807678,0.07448899784656608,0.06541274734678704,0.06571086116313489,0.058679320721365294,0.05570782741665088,0.05474027272153364,0.056560959014611084,0.04942113311307983,0.04573022102509066,0.04795467617825102,0.0424535994612908,0.050692500859269234,0.05129793494805805,0.047366339793635096,0.040520682084411806,0.03777803497401149,0.03613665537341386,0.035888081058900276,0.020490064041862193
N:GTCAG,0.0665118514373259,0.07480586504031202,0.06499514811614412,0.06530679948351023,0.05889427457268851,0.05525152990167144,0.05462516174365364,0.05657238673516412,0.04866563827392146,0.04590437309879893,0.04775248273740937,0.043217018685117334,0.05057573758341783,0.05048820271848549,0.04712338975869328,0.04030725078193839,0.037285765230129844,0.03566756233793703,0.0353841809853156,0.02066538077836547
N:GTCAT,0.06896059935509606,0.075942973317675,0.06414647534962009,0.06848037544373357,0.057001798332698236,0.0542849863360884,0.05447291618848547,0.05315703581883562,0.04901886503739655,0.04382739571564505,0.049559999019496426,0.03961271594291389,0.05087550798627592,0.05028906285399336,0.049029635720636705,0.0405534794135103,0.040018659280206384,0.034481785289029426,0.03642867913540383,0.019857054463259714
N:GTCCA,0.0753188159843944,0.07455714843171173,0.06374642182003797,0.0664599872908959,0.05867076830168905,0.053748886156063165,0.05474180987707476,0.05827455738807541,0.048267036570027684,0.04419628895757787,0.04740431925812702,0.04054252137921339,0.05013266275701287,0.049205641052882575,0.04725014847924106,0.040068825669993854,0.037578128838043595,0.03545568448830279,0.034660466817935096,0.019719880481699807
N:GTCCC,0.07107567828773209,0.072951749395045,0.0652008065455259,0.0629432859853087,0.06036529286790387,0.05543395835415564,0.05472699314216236,0.05919114377068286,0.04825335579239247,0.04531041824648787,0.046618441430545485,0.04350861974899526,0.0513379614644358,0.04921248109945469,0.046105868728205344,0.040320399201523596,0.03597315916253506,0.03685434407657598,0.03415714800513856,0.02045889469519346
N:GTCCG,0.058838130979527614,0.0705216125476469,0.06387839418392333,0.06078187188138973,0.062001968984290196,0.05852258862532921,0.054189140294337905,0.05811448718056596,0.05000294506197252,0.04755433639339297,0.05011654030948394,0.045985039085179605,0.050814940720109725,0.0519677221207812,0.04420117297611134,0.040940568649394576,0.03611066701446446,0.038550861220265395,0.03474331681293808,0.02216369495889535
N:GTCCT,0.06971251577941079,0.07414690995022336,0.06465825658275327,0.06437127006400963,0.05943238720427946,0.05477758221614351,0.05445795421272294,0.057852991802139604,0.04801497759372146,0.04569613944959347,0.046940717246532405,0.04344516973895215,0.05112270548137787,0.049860352618525755,0.04717405538451992,0.040029771619489486,0.03693787969964663,0.0359059563276326,0.03487467932165177,0.020587727706673924
N:GTCGA,0.07326105934338092,0.07347257421287626,0.062089228509127826,0.0681308623268943,0.0585203958020067,0.055482273131073845,0.05510539209088217,0.05762818762522642,0.04877532890562206,0.04341054267024063,0.05015209841979164,0.038907198812440154,0.04989443485149733,0.050271315891689004,0.04620638467247884,0.03944175457352834,0.037399674651673466,0.03586523041660738,0.035734475770010266,0.02025158732295244
N:GTCGC,0.05577757507647495,0.07093649681753356,0.06540308721923489,0.06149744747544487,0.0609531776788909,0.05990495436700919,0.05452777035846214,0.05601443322867899,0.05077331666927043,0.04670137226542224,0.05053645851706639,0.04679208389818123,0.050561656192832774,0.052345651637092996,0.04432271167307528,0.04052290216750407,0.036985148489903294,0.038330704375828376,0.034354511139892456,0.022758540752201017
N:GTCGG,0.06172164226394957,0.07149718173631725,0.06574725677884134,0.0628556181836374,0.0602474735683554,0.05855985058199646,0.05437081012573792,0.05750925524463863,0.04969816229196545,0.04692325651202348,0.04919454357469233,0.045675883000366874,0.04921789013774472,0.050935530133742454,0.04538238335056532,0.040412900643698096,0.03606376946936597,0.03772471066937932,0.034719674482206586,0.02154220725077544
N:GTCGT,0.05773907038590666,0.0724282072567789,0.0654821812945835,0.06424431204590034,0.058506769712241315,0.057184416805636164,0.0542421815884397,0.0547894887636735,0.051079554220142376,0.045892992264235495,0.051876639166623814,0.043288691678727016,0.049147449695491514,0.05279861299872907,0.047005972627294834,0.041382299571704584,0.03869351532827411,0.03657407747518752,0.035934940236995026,0.02170862688343459
N:GTCTA,0.07354703007982136,0.07577954514148173,0.06399755678481582,0.06821926225051293,0.05804493848462659,0.05322466342354622,0.05438555313086788,0.054317585349408774,0.04829473367504513,0.0439416238318604,0.04896852094857648,0.04063159287480153,0.05043390631683498,0.04912122189758796,0.04778452219555871,0.039930165370143475,0.03904250614428744,0.03487517490375762,0.035687616451465565,0.019772280744999385
N:GTCTC,0.06993283135082037,0.07461929174608271,0.06466663625305938,0.06558704285534005,0.05917293157353092,0.05512841553203175,0.054836622643957576,0.05690464919385179,0.04845539360638828,0.0451165127520898,0.04806021420264112,0.04260472402317517,0.05043691911738132,0.0493734303171922,0.04719520381362936,0.03967909299513402,0.03740577459606681,0.035333008263219105,0.03505573096043999,0.020435574203968264
N:GTCTG,0.06559259129024589,0.07453851094286795,0.06484634663199619,0.06514899196862828,0.059679135834860834,0.055500706723444974,0.05433610823342581,0.05703196589935405,0.04886655264120419,0.046117499121667335,0.04804547313804745,0.043522623415131724,0.05111280015459857,0.05033349592630962,0.04662631595872603,0.040106968746985196,0.037019204905318896,0.035856409664574596,0.03517538252176597,0.02054291628084646
N:GTCTT,0.07352839331546705,0.07582245022591673,0.06380468748360452,0.06873172886634502,0.05820582451736925,0.0531250590237627,0.05488842672554003,0.05491702045947245,0.048449065378392164,0.043950667676803716,0.04905215706931541,0.040011552917820034,0.049398692138349604,0.04982549952466196,0.04766811541585258,0.039867272608986724,0.038477984398839045,0.0345378203285184,0.03584893484406184,0.019888647080920793
N:GTTAA,0.07453620422656385,0.07674490450343349,0.06351929484271614,0.07189968558869997,0.056775094245178244,0.05319338641305198,0.05469270597068623,0.050884966134305244,0.048443585853055735,0.042544072330241364,0.050503683774186986,0.038059800716419775,0.04916117880773983,0.04922570351483677,0.04892576139154375,0.04025481393420826,0.04110614900905692,0.03394507969778974,0.03609199267937869,0.019491936366907037
N:GTTAC,0.0739281679081219,0.07649665610822576,0.06338996497095561,0.07012053738185359,0.05712197485633928,0.05359767598654348,0.05531443453361875,0.05295179545536023,0.04804495374755265,0.04280042696345947,0.04975477356018369,0.03887483795163933,0.049406680382231755,0.04984960293092143,0.04854222971605542,0.040152721545117384,0.03975432254244482,0.03443346967946516,0.035654686941648715,0.01981008683826157
N:GTTAG,0.07545891456480606,0.07637069688737036,0.0635624168564031,0.07013248697079726,0.05776890912744098,0.05252580367779184,0.05560158112101137,0.053428063469572185,0.047998792543096594,0.043411313337923196,0.04924386344309955,0.039030949177300954,0.04934385001633114,0.049410031605279674,0.048274945935831474,0.03960087264472104,0.03903047305076175,0.03426301801377148,0.03590136943515204,0.019641648121537965
N:GTTAT,0.08126617599336879,0.07732205777703266,0.062200359622418044,0.07262926583925208,0.05685603087082878,0.05224850355197292,0.055351847867772926,0.051574301459715886,0.04763989693414333,0.04108963146257243,0.05012156504107452,0.03584100055332061,0.048958080747392954,0.04800254138931681,0.04989671108821398,0.04006141930693176,0.04102775165474521,0.03368743933440352,0.03555570585793116,0.018669713647591617
N:GTTCA,0.07291965434300465,0.07594842848619035,0.06394092770288669,0.06846121298002789,0.05786507866640541,0.05421975856262122,0.054704097380184516,0.05420966159704336,0.04833259657037632,0.04371544352972247,0.04893557473347955,0.04045917213086046,0.0500885219904022,0.049322730257355875,0.04819660306524943,0.03982495648050071,0.03892948184581366,0.034618077544064575,0.035491149536375735,0.01981687259743493
N:GTTCC,0.07553957222888594,0.0750242287031229,0.06349449694446634,0.06668408470203463,0.05891686450891757,0.05422515113924388,0.05501723989636989,0.056242620277112305,0.0479611361885236,0.04417991103126645,0.04790175652249644,0.04148479394716074,0.05001747201688254,0.048929204683148306,0.047234185125645575,0.03971132125514939,0.03737824019542748,0.03520566417236082,0.034855863957946244,0.019996192503838984
N:GTTCG,0.06545615287837056,0.07108368186609541,0.06472848447754088,0.06286170900064605,0.05935937978169948,0.0577816314733585,0.05354823353395219,0.056135876772416604,0.049379441667516746,0.04595191948043116,0.05063075929137339,0.046261348566765274,0.04906321194192254,0.05164405454112687,0.04429256350096909,0.039766738073378896,0.036842463191540005,0.037226699309735115,0.03514570369614744,0.022839946955013773
N:GTTCT,0.07590212257689821,0.07626130354688164,0.06352657269518441,0.06901704952922942,0.05796864289253914,0.0529440055131235,0.055159482438485695,0.05498147478488712,0.048164585243384676,0.04349815478386437,0.04881646826483935,0.0390523466692966,0.04948417960022549,0.049579636508858375,0.047752562056122334,0.039481172220578516,0.03834518630534279,0.034688358762128446,0.035732053431517585,0.019644642176612326
N:GTTGA,0.07989334680114675,0.07641449176334279,0.06283700479790853,0.07043121759926323,0.0574137341988384,0.052423835058896924,0.05523944980021093,0.05447631496858336,0.04787176363987463,0.04244737897535687,0.04905230165921481,0.037394720815198824,0.04883320212118061,0.049155167035546114,0.04831590439833039,0.0395693765689755,0.03900603080762318,0.03423003223362695,0.03582166040314315,0.019173066353738062
N:GTTGC,0.0708273806866378,0.07506194472967544,0.06390296441805438,0.06672954149738827,0.057716862359926784,0.0542061029510246,0.05438635653377383,0.055345662752801464,0.04885151122817983,0.04441716148042323,0.049263918032055,0.041691593374704225,0.0497879369614715,0.050328697709719185,0.04771920621456315,0.040219429438814236,0.03841075494441716,0.034817960623242106,0.036007745881512565,0.02030726818161525
N:GTTGG,0.07459348500331665,0.07504168235357393,0.06394356896562027,0.06729309716320957,0.05817004009872294,0.054089576722422414,0.05461844959572599,0.056826942039118665,0.048071406801842985,0.04455193710894781,0.04847627840824205,0.04061975235602407,0.04942907127533062,0.04938238405134549,0.04737744790452799,0.03978871976908872,0.03735724914394306,0.0350479122967425,0.03522009477879967,0.020100904163454586
N:GTTGT,0.07815580753405801,0.07609329156839258,0.06266663194521947,0.06987691246971174,0.058186945231877264,0.053200697405067846,0.05484066575894883,0.05437998655783973,0.047645265854680825,0.04291477868797571,0.04916308911755442,0.03899776542686299,0.04851144195690076,0.0491556488074423,0.0482801723175822,0.03934683997629021,0.03862760999878475,0.034778179554523836,0.03567566696179897,0.019502602868487557
N:GTTTA,0.07762288594760726,0.07717054961851674,0.0630782114609597,0.07261521804015277,0.05685515109198591,0.05272048632429527,0.05540313354946286,0.051051562457518775,0.04793181612438592,0.041709054524453795,0.04989024719254201,0.03700613103950414,0.04911195383898798,0.04893239364494347,0.04971636361028925,0.03964396290842102,0.04060928568206134,0.034071920281249224,0.03584003546986063,0.019019637192801937
N:GTTTC,0.07738114694347466,0.07569597608385593,0.06316148014865615,0.07001967935058662,0.057776508365410206,0.053006354152560886,0.05510685114306779,0.053787457825330585,0.047909334902285515,0.0429005173287759,0.048965420273207286,0.03887696436807909,0.04913430054254408,0.04957115825923095,0.04845281288118041,0.03944742168339645,0.0389078349549471,0.034583877459853966,0.0358194791846637,0.019495424148892732
N:GTTTG,0.07465796858573472,0.0760995772032601,0.06386328573123937,0.06934393981349952,0.05798440914545191,0.05366413851717859,0.05533566608767368,0.05366845399283391,0.0481683802701248,0.043446051159963896,0.049201217443632095,0.039988396165460134,0.04906408121725183,0.04915902168166894,0.04852488650898398,0.039360014960315604,0.038703822912059,0.034647036047407896,0.0353873798709433,0.019732272685316715
N:GTTTT,0.08133074550130949,0.07636702946719182,0.06288751148769191,0.07176631745335539,0.05739282967660396,0.05213310648321423,0.055170193159150886,0.05182786377534512,0.0475582226985052,0.04186755941549309,0.0498082527923055,0.037936972546470854,0.048393805044456645,0.0487528956966883,0.04905986028649924,0.03896697101712662,0.03973759145345464,0.03417481703830358,0.0357032220637569,0.019164232943076617
N:TACAA,0.08198803403856518,0.07698868140128212,0.062174324011915624,0.07237489229000085,0.05698997353207585,0.052292118079997424,0.055132470650079306,0.051874381016159675,0.0474826931015524,0.04097144364999446,0.04939624021074705,0.036388011828445505,0.049225772353019476,0.048309604916739295,0.04975767358337189,0.03961730095672166,0.04059288565239243,0.03426819082748004,0.03550583417810492,0.01866947372135485
N:TACAC,0.06759551897592392,0.07606439873718479,0.0639860931352135,0.06750842827199256,0.05727630735415331,0.05598999148100853,0.05492209356375506,0.053575298035102394,0.04935554607080958,0.04443699488687713,0.050282094393190334,0.04131935504495366,0.049829706569991375,0.049642738034964155,0.047781347037447276,0.039662558082069165,0.039270304316346615,0.03553024241973918,0.035770433051613336,0.020200550537664137
N:TACAG,0.07620878824883776,0.07516532188779838,0.06310660896921506,0.06900690444355312,0.05812161246828687,0.05346469384206765,0.05491768309107059,0.05519393232098118,0.04790141221567967,0.04309845425534876,0.048625991988772335,0.03988584421841255,0.04961635313740744,0.048990579697009234,0.04849578209297344,0.039437258361709304,0.03894475857936408,0.03483165775324612,0.03534279542263707,0.019643567005629407
N:TACAT,0.07792363243750446,0.07731026384696552,0.06275309933857727,0.071198679342805,0.056352008360894434,0.05388321619590682,0.054917824364322125,0.051272624941847054,0.04821387854207779,0.04125981488216452,0.05016864900917886,0.037483976484109095,0.04979861465791188,0.04813838365669215,0.0497329669314896,0.040072028685430534,0.041286292798488174,0.03413791186836493,0.03527514931575375,0.018820984339516036
N:TACCA,0.08083523060090923,0.07640053763534199,0.06301312595507183,0.0690019753341905,0.057534342655378316,0.05270937448676554,0.05484373540591225,0.05493574868776907,0.04768926871662999,0.0425087473381252,0.048579887841017716,0.03818551197058075,0.04946529866643241,0.04926078612675819,0.048238570648318636,0.039483767294590764,0.03865182833863249,0.03419769105689928,0.03530393375877034,0.019160637481905503
N:TACCC,0.07999333594243674,0.07579823284177693,0.06325432744773496,0.06726902780666741,0.058267128155938944,0.05392513976283447,0.054834054122794136,0.056151585621802905,0.0477840529891157,0.0435322659668749,0.04737740746473028,0.039909424022350225,0.04969799792388976,0.048219779829790504,0.046968790325681166,0.0399316046873167,0.03762629424180079,0.03518543528815641,0.03475365167680898,0.01952046388149807
N:TACCG,0.06771097734909469,0.07340910111234282,0.06426792923275627,0.06628817311245333,0.05881499746174487,0.055554979987498664,0.05509222326975609,0.05534432207867555,0.049293950664608434,0.045284543580286565,0.05079963670144249,0.04029091511867638,0.04944244722328702,0.05080309010978385,0.04724607951818047,0.04069496389461579,0.03862291888979829,0.03557701273271655,0.035210951448532125,0.020250786513749744
N:TACCT,0.08189350083833238,0.07632289656620135,0.06236762287691989,0.06895990268347099,0.05798555323208754,0.052763132752556036,0.05523843356989647,0.05509377750147347,0.04796963433637178,0.04272131032830872,0.04815970568209037,0.03837422726746705,0.049251690793953244,0.04838678206856832,0.04814187598063358,0.03952676608239072,0.03851249155612252,0.034400222299372125,0.03494116871338183,0.018989304870401617
N:TACGA,0.06135298210395447,0.07420756675373262,0.06391173261247286,0.06926876005155522,0.05631152122090039,0.054459943958421256,0.05421281352297743,0.051893589436504586,0.050384192776947674,0.04430478406502952,0.05282508107779286,0.0406282435869652,0.05017128040179607,0.0520228576642752,0.048285485079024706,0.041324010812907055,0.041244168672225204,0.034852995410977916,0.03693649508210434,0.02140149570943544
N:TACGC,0.05358198699202582,0.07261986565884164,0.06491735515178633,0.06521565431388529,0.06059734407210317,0.05723082495698632,0.05372048303157177,0.05483910488944287,0.0508280465133622,0.04504850024769484,0.051659022750637884,0.043535697354192965,0.048974330291747234,0.05227692815784287,0.04746685416899713,0.041117343432890675,0.039327548460296916,0.036728084333434545,0.03740991098966074,0.02290511423259877
N:TACGG,0.05772665354926593,0.07249129710912669,0.06520735583472075,0.06476085969426366,0.05868775541092781,0.05673528076282731,0.05378386559709399,0.054907673679430904,0.05095731799606478,0.04611775389738156,0.05192220372332375,0.044513394884213714,0.0486756470410171,0.05311790525200545,0.04618964734372635,0.04073709701831391,0.038447858332072045,0.03651808687755411,0.03635159679128197,0.022150749205388225
N:TACGT,0.061863094853555185,0.07402754947492338,0.06439695745072846,0.06889522155147043,0.05783140601858166,0.05534061190747932,0.054237580125329296,0.05158169015095505,0.0502800647941446,0.04395617542272916,0.052344959431878814,0.0405920481218551,0.04937084119931377,0.0514381285307186,0.04880616549305042,0.04123089733190729,0.040450879195289266,0.03559371104395617,0.03631869722615023,0.021443320675983816
N:TACTA,0.08956694279643959,0.07756804853178731,0.062016364724504135,0.07316890345399518,0.05704134887021055,0.05171335437191813,0.05564490189771631,0.05084240931324237,0.04668796965494156,0.039817577463939664,0.049205222973436574,0.03469581767899488,0.04826368218596105,0.04697312880666646,0.05021656627927591,0.03952329639220131,0.04059769992769887,0.033343393885695995,0.0349988240655287,0.018114546725845452
N:TACTC,0.08021062817403642,0.07678467044258087,0.06272959168300227,0.0705306511084538,0.05728266755511707,0.0524947635663019,0.05537060520518297,0.05416749528441174,0.04750325636012545,0.04225132643406829,0.04855743031217151,0.037743215450083634,0.04917555762745863,0.048746398203126276,0.04855786076294817,0.039907952405918524,0.03922568792490872,0.03411925036136343,0.03555092964454236,0.019090061494197955
N:TACTG,0.0769936422851432,0.07600374533612765,0.06326322919301024,0.06994842365690986,0.05714586945157675,0.0528784643850672,0.054749098414063044,0.05334154631395599,0.04780829357360257,0.04266116844452611,0.048982948686047405,0.03851004236894544,0.05018608028606666,0.0495772258612612,0.049057868968832484,0.0400138721175184,0.039358573897502275,0.03420093958848763,0.03596309176005712,0.01935587541129879
N:TACTT,0.08190850737282127,0.07723684024159796,0.06269964689241002,0.07275251014252312,0.05697584581601045,0.05243325683960556,0.05530664880773742,0.05056683482459134,0.047664580660351015,0.04102627555540352,0.04926295839113567,0.03654461788189429,0.04917289764957499,0.04818703985842558,0.04975415021009274,0.04007809896472906,0.04069168787459055,0.033270094836366046,0.03569799346271258,0.018769513717426807
N:TATAA,0.08538234014823406,0.07808935209126497,0.06166022786217337,0.07464799248755663,0.05645315172204276,0.05239233948848541,0.05513088899748624,0.04918860791848509,0.047272373874427315,0.03931489645304111,0.050420007055755084,0.034334979281126804,0.04863592027233792,0.0466434398267745,0.051042817687742936,0.04061404822170083,0.04249749236252043,0.033399874450225915,0.03493388883906755,0.017945360959551085
N:TATAC,0.08394370417088354,0.07734810787035501,0.06183799062101007,0.07147007851851497,0.05635363122052392,0.053201193391133154,0.054795026556475564,0.05094827942973607,0.0478745071857592,0.040395462158604185,0.05007338131021979,0.03625217997728275,0.04865740077276967,0.04784817131585977,0.049793605445573846,0.03988481990198268,0.041101742305907206,0.034408327060037915,0.035230895464039735,0.01858149532333095
N:TATAG,0.08615301161048876,0.07748091460592518,0.061803271141988365,0.07218639736437427,0.056970958848207666,0.05227581504834801,0.05498870303923081,0.05145062680714048,0.047305090101971245,0.04064262039723498,0.0490895246816198,0.03633409890563803,0.049405540985075075,0.04724070489053892,0.04911876241048278,0.03978041843544558,0.040412140002687384,0.03376615540039515,0.035115134443786424,0.018480110879421117
N:TATAT,0.08968744442175572,0.07816800932726446,0.06034819152509996,0.07354113284106104,0.05556427973888929,0.0531990014030419,0.05518447036815029,0.04872362709385889,0.04777772654515753,0.03827854004597762,0.05116333910798153,0.03432433322574483,0.04838478918142715,0.045310875880194716,0.05117058486427381,0.04083484286589423,0.042717553832675725,0.03341663757385731,0.034663171138176574,0.017541449019517433
N:TATCA,0.0859252284872457,0.07735874658731091,0.06141836724589266,0.0729649721137034,0.05689746583831649,0.05196279971512861,0.055364448832479624,0.052464884195392227,0.04738997699136313,0.04001822063508334,0.04906216453543938,0.034872122348031796,0.04887401667316575,0.047904907982848834,0.0495013546378448,0.03977841909227087,0.040732004914861085,0.03383771055900255,0.035404182021146965,0.018268006593471886
N:TATCC,0.0885597670123806,0.0761038508655831,0.0618088875399685,0.07029055108215342,0.057513490632801256,0.052262744541832905,0.055390778234793964,0.05514165256301814,0.04681725419416664,0.04116379167802675,0.047947505767002095,0.036066268898460346,0.048824957248124023,0.04747056605908908,0.048697087434292186,0.03948641897646828,0.038874260614848034,0.034207012409985894,0.0347482544668086,0.0186248997801962
N:TATCG,0.07154476631420885,0.0743498300277378,0.0629175443353007,0.06961215736164118,0.05741517028509458,0.05450930502547846,0.05473176360994668,0.05277134733432049,0.049392757582709404,0.0430214046869243,0.05183980201185982,0.037998706959477775,0.0497612046132349,0.05009836840531954,0.048012819175929984,0.040438799557863565,0.04009468393501429,0.03480086480774712,0.036514491091228875,0.020174212878961675
N:TATCT,0.08161223243029887,0.07755377548086972,0.06184237512033594,0.07169744455174876,0.056978808887238275,0.05255833609585639,0.055360308199495355,0.05270915786745861,0.048230710233235406,0.041090214740125586,0.04964172200975677,0.0364912404589428,0.04921998772066675,0.047842322376305986,0.048811548414333564,0.04014104015150178,0.0399952312422505,0.03399418115656324,0.035433308552357275,0.01879605431065841
N:TATGA,0.08312643916781941,0.07719076560020845,0.062333575533670436,0.07253829483901444,0.0565077924251315,0.052482888863939196,0.055023609236941835,0.05115705385532802,0.04751901766932663,0.04036872353361112,0.04951770004300292,0.03574829312313451,0.04961646905802428,0.04800359487439124,0.049875704622919494,0.04020905137259803,0.04136674073901466,0.03361641821713719,0.03546522589241645,0.01833264133237018
N:TATGC,0.0795418546265948,0.07754790053778081,0.062578862629258,0.07068124271779126,0.05690458858732629,0.053060502833877046,0.055398863687791046,0.05226008310251432,0.04839221870826753,0.04168855963568054,0.04911708372612835,0.03731865909943384,0.049831210002983836,0.047899003674950584,0.048967124878517995,0.0397003584438337,0.04058592105031023,0.03398121180555822,0.03563842965856173,0.018906320592839868
N:TATGG,0.08225733609746277,0.07617101418520755,0.06270404498783892,0.06929639846993466,0.05741621912799334,0.05241065550132493,0.05520233100994107,0.05499318489740618,0.04769619605730672,0.04217201808654772,0.0483851879662428,0.03774594222534184,0.04941255448001175,0.048421575989074074,0.0483658036923981,0.03963811941256808,0.03941775082570205,0.03404728674578171,0.03519129897759858,0.019055081264317156
N:TATGT,0.07717580888568686,0.07766698569959586,0.06292670985708346,0.07082352056847652,0.056654163200754705,0.05413285517502499,0.05481115643504266,0.05140374157417993,0.048618550296605174,0.04158080186702869,0.050543486150305274,0.03778044555503875,0.04912066424604657,0.0480935677910506,0.0493553155174687,0.03975589108919751,0.04082971894146823,0.03446589691769646,0.03542597856043036,0.01883474167181872
N:TATTA,0.08746242093364438,0.07799589466672661,0.06153231616712868,0.07500985551861987,0.05645199238327877,0.05224857447896461,0.0551438487447154,0.049467697426690105,0.04712956059549292,0.03879445832292012,0.05038475735556306,0.03382999570226191,0.04871920085076392,0.04627315001197302,0.050889192600361594,0.040167852291656425,0.0424543326114667,0.033395620908129836,0.03493695082279202,0.01771232760685003
N:TATTC,0.08463830290483894,0.07742286005062556,0.061869011543189585,0.0731433952970101,0.05671911499681556,0.05176071886978948,0.05541929911931507,0.051442003582631075,0.04748233910438563,0.04027855987344697,0.04929671064123888,0.03530578765261715,0.04858821333906207,0.047703134205446855,0.04978848154814798,0.04017819846387369,0.041417255001524406,0.03367369413531322,0.03559656449332678,0.018276355177400998
N:TATTG,0.08644267752451106,0.07740805846418114,0.061931757673492925,0.07318893396086805,0.05687865556724999,0.051964134813931716,0.055065203771293744,0.052076991484576944,0.04701310160834586,0.03981821224522537,0.04903567017638004,0.03478087687973434,0.04853030464385837,0.04753506371008007,0.05002703857734209,0.039708951497909525,0.041007633038790334,0.033982028681637695,0.035432568830813194,0.01817213684977754
N:TATTT,0.08367786914629885,0.07761312884172228,0.062350291617209716,0.07456676171116183,0.05665224900786295,0.05252938700291496,0.055095808159497994,0.048811396270302704,0.04741759799591034,0.03963157639637499,0.050177778975682624,0.03539916779288359,0.04877183456312018,0.04669310977344213,0.05092852599209946,0.04010724230261629,0.04235636005919449,0.03373803880124326,0.03528268054395728,0.018199195046504094
N:TCCAA,0.08116411162178525,0.07573820914837635,0.06317724247237497,0.06923550538486398,0.05782288174565782,0.052558438214269004,0.05481518831282266,0.05585107360396204,0.04764361821893882,0.04258742977209789,0.04826495338883699,0.03831452544913884,0.049119044241465154,0.04889657880997165,0.048123094925362604,0.03960913705708125,0.038488234690249964,0.03433219822061956,0.035086326632664734,0.019172208089460505
N:TCCAC,0.07682339431603917,0.07499984506176428,0.06340338213936945,0.06759232179225468,0.05881632500080421,0.054268223761504905,0.055279896660623586,0.057800520415399737,0.04773809358682606,0.04398062003035609,0.04703068987061034,0.04000770854612747,0.04948992857199773,0.04888316092888571,0.0473768661572691,0.03965149816420325,0.03734837818032863,0.03516537221919068,0.0348271641846545,0.019516610411790414
N:TCCAG,0.0727639437232334,0.07428294800588865,0.06448637413008565,0.06495980828426125,0.05968114293361884,0.05449887914882227,0.05456328626873662,0.05832566581905781,0.04780994880888651,0.045427303600107063,0.04708139554336188,0.04332403472965739,0.0502312801124197,0.04897973266862955,0.046843842010171305,0.039717654242505354,0.036579898286937904,0.03555461221895075,0.03471460117773019,0.020173648286937903
N:TCCAT,0.08153890206313655,0.07603321391485797,0.06293681407744703,0.06949324218692146,0.05817660001283598,0.05319155063546317,0.05507169222616993,0.05576368306983924,0.047769172918720286,0.042345560973362055,0.047731940355490755,0.037446084779986406,0.04939382918605091,0.04816577171378403,0.04824496804993524,0.03950230965314885,0.03877843457024983,0.034324926316551665,0.035265819930981934,0.018825483365066724
N:TCCCA,0.0723215545929537,0.07406097339669516,0.06471157051349427,0.06461246933118714,0.059214028952131556,0.05489647787533929,0.0544912784524428,0.05774595862375485,0.0481760448846844,0.0451088418418062,0.04733540087286262,0.04319610322138904,0.05049655698468136,0.049020549981531145,0.046852336235296235,0.040117102418712365,0.03697203416116426,0.03561207421348626,0.03465645566981031,0.020402187776577027
N:TCCCC,0.0714009024062738,0.07396209413373028,0.0644203041697482,0.06418959965763107,0.05912839435091271,0.05641625840734984,0.05430618405302945,0.057540907169021216,0.04824926150256391,0.045390755410049395,0.04748196173735649,0.043255523686377945,0.05045367599195079,0.049165790208694674,0.04642906865417508,0.04042246084241167,0.03681009130695678,0.035778353284366037,0.034420141218605815,0.020778271808794845
N:TCCCG,0.06231374206259913,0.07071078498630678,0.06438098792399122,0.061115471231438234,0.06210335863422737,0.05839878087376811,0.0537538806595429,0.058616481986604976,0.04921325744894543,0.04693928700141414,0.049463888141875266,0.046247765819461745,0.050651182446338504,0.05110304946205872,0.0445390864968598,0.040578389780121876,0.035809088929989887,0.03817635985445125,0.03419736892655057,0.021687787333454073
N:TCCCT,0.07037561289276968,0.07479949105826415,0.06423063606140557,0.06493195693148966,0.05875477659078496,0.05498444023249671,0.05509389006816409,0.05709198101045351,0.04881904679717156,0.045384426761747705,0.04772054931188678,0.04207946268549905,0.05068348265167485,0.04956498952333544,0.04715183112732278,0.04018724341117251,0.03747835997840471,0.035266210415204266,0.035040785849820094,0.020360826640931924
N:TCCGA,0.053878163184284435,0.07139349203781853,0.06563837139202164,0.0628328603567175,0.05920686967901307,0.05794233116205208,0.0531488479465953,0.05658662824037995,0.050490376273728474,0.047381964151803437,0.05057859989119087,0.047526062726992016,0.04953756120513461,0.05283418371097943,0.046111544060344956,0.041353350291873134,0.0370245114617183,0.037924392359834726,0.0355570586245938,0.02305283124292373
N:TCCGC,0.05769607826275399,0.06942585986866773,0.06521208201903596,0.060465132278226294,0.0635128116045722,0.05929559393628768,0.054228741060771274,0.056980595982979776,0.04909997144950518,0.047249349014319965,0.049495550594572654,0.049203166009088,0.04931324020597634,0.05218892859968422,0.04441493844444521,0.04078248994712999,0.034835043496506866,0.03920361318551286,0.034329390154551054,0.02306742388541276
N:TCCGG,0.06558884813850363,0.0712122491550064,0.06387717980961684,0.06150594861799899,0.06108145487243506,0.058173900937766025,0.05411610588608505,0.057642142643591854,0.049754774984081485,0.04610321588245631,0.04917508997669849,0.04516978608710338,0.04976162165739703,0.05107618293398209,0.0457243666256627,0.04029039023755674,0.03606827502630264,0.037941981290324056,0.0343360666774692,0.021400418559962022
N:TCCGT,0.05374318316604314,0.07195410704491642,0.06555531278287352,0.06437142436714365,0.0596760025149268,0.05829145504568338,0.05386803768822934,0.05440758758767686,0.051411079055207996,0.04712812303521344,0.051411079055207996,0.045217402936756725,0.04975898618127985,0.053101074194799806,0.04534448700398197,0.04125327185734479,0.03753216118718814,0.03735156803902596,0.03606512055150026,0.02255853670499998
N:TCCTA,0.07790660542665472,0.07599499857899918,0.06335091442814599,0.06880812222740154,0.057862337957284654,0.052621887678824954,0.05543565752186239,0.05483086953330318,0.047897765734996205,0.043175525911463807,0.048288619383204084,0.03881371212468169,0.04964845129731415,0.04904774123606368,0.048239684255499085,0.03989216705448801,0.038752543215050436,0.03455227808703803,0.0354531863355557,0.019426932012168534
N:TCCTC,0.0695274159326879,0.07515803516446379,0.06401743659640151,0.06570598198292739,0.0589268048420392,0.05492812940198762,0.05490850476145423,0.05676623520689432,0.04903061505895758,0.04514493623334565,0.0482226995944723,0.04201532250617815,0.050223380053060894,0.0494175303402107,0.047387722783567274,0.0400685581652655,0.037476659588712984,0.03549002624124302,0.03510414383580745,0.02047986171032254
N:TCCTG,0.069535379582449,0.07422250089046277,0.06455546037661423,0.06455624535757354,0.059280977065800045,0.05489960584143581,0.05444647558267665,0.05826109055442224,0.04831616678097952,0.04593178711708874,0.047281954367094384,0.04347420797874271,0.05066541854694137,0.049997399750572304,0.04688671645408401,0.03979716092011543,0.03672494169063312,0.03604357821795585,0.03492635406762415,0.020196578856734107
N:TCCTT,0.07641250673022616,0.07615862924622456,0.0629838715261235,0.0688237130801966,0.05808931146118362,0.05277915065782294,0.0551748309159471,0.05469658508407137,0.04832920590090403,0.043449977398309705,0.04836580382392245,0.0394728382414665,0.049540399326202564,0.04941972509354726,0.048356407059904204,0.03968797468083149,0.03852392993113326,0.034393145439816364,0.03565412522886066,0.019687869173305672
N:TCTAA,0.07879556460117491,0.07689252283917772,0.06274443781844499,0.07222378058115844,0.05701952076537074,0.052133976281301155,0.05495695539013159,0.05116612831908149,0.04790392395969727,0.04180375169560753,0.04949032740883333,0.03717997582521351,0.04952084031472189,0.04879281308650355,0.049491665694179315,0.03979605601955395,0.0407028781699965,0.034014128010740545,0.03609596469496194,0.019274788524149628
N:TCTAC,0.07725006730377415,0.07566655178759173,0.06308502343498211,0.06926509865458795,0.057930828829829174,0.05340794537203187,0.05500752300811382,0.054654505546843604,0.04797615543383262,0.04277307611594197,0.04891578944795542,0.03907110665561872,0.04930058197250514,0.04868672965112726,0.048406340905924515,0.03998979007856821,0.03895552922764598,0.03465018274153151,0.035546169690709915,0.019461004140884346
N:TCTAG,0.07776169548546469,0.0765490037137483,0.06352651536770983,0.06857127466025713,0.057801661086317874,0.05310640841227159,0.054802637780960034,0.05468143273344317,0.0480965997815744,0.043732897422693304,0.048078643478238564,0.03965585462063782,0.04975210681948336,0.048665429819391655,0.04763326302585515,0.0396504035999823,0.038420076173203935,0.03427826241982992,0.035461775198625575,0.019774058400311413
N:TCTAT,0.08017386442373801,0.07753919016649857,0.06235603817045081,0.07155621901727408,0.05710965220873005,0.052868936882853525,0.05511570005466425,0.051898713294470884,0.04817543568657141,0.04121131701609876,0.04990632170224302,0.03683171168664632,0.049796190623966126,0.048088267161052654,0.048718065331360784,0.040125388914303756,0.040279884536258984,0.03389094437176685,0.035562974912407896,0.018795183838643256
N:TCTCA,0.07326022593682827,0.07569263720141071,0.06398732439801359,0.0682096817218843,0.058214636885024706,0.053552208343285015,0.05504767502814905,0.05526422108557621,0.04811878278239777,0.04419109869692392,0.048404344414081035,0.04045824790394273,0.05010065417458924,0.049183095992133774,0.04795109044607325,0.039950324295653414,0.038638834520814784,0.03448781913887174,0.0354887388295579,0.019798358204788594
N:TCTCC,0.06818267081275883,0.07525322609053761,0.0645207509850007,0.06539209163510856,0.058790801304870244,0.054610655281657525,0.054787000555530006,0.05680606915998819,0.04901699167256074,0.045775587497883116,0.04815773236934076,0.042496667561816755,0.05039108591596851,0.05020880594537917,0.047343195244951425,0.04004690953847771,0.03749986487967297,0.03523493026837334,0.03515756725759996,0.02032739602252387
N:TCTCG,0.06268785295390134,0.07210885131670984,0.06455947350665836,0.06367702919308758,0.06012628673913002,0.05689002228028947,0.05405400254250694,0.056423070105721784,0.04932920890677919,0.04639979873408313,0.05030123180077724,0.04483122061298432,0.0494378467596378,0.05190983439398184,0.045877574669464564,0.03997301207023723,0.037165581241101704,0.03690065735430616,0.035650369082810635,0.02169707573583086
N:TCTCT,0.06846366615838353,0.07633966928413255,0.06414621464359582,0.06674196206974488,0.058434651722088615,0.054382628252481566,0.055781866639550634,0.05443443211643031,0.049224565584546257,0.045048746901915314,0.04920330997851368,0.04196369328865455,0.0499831450521008,0.049083680437023804,0.047609673586523564,0.040017042937178685,0.038633826363702,0.0346938487771511,0.035594595137315485,0.020218781068966858
N:TCTGA,0.07247962818524455,0.07529863840552771,0.06403082420791728,0.06785015996981983,0.058781220753650394,0.05374570694437861,0.054736042941721,0.05572187385046788,0.04838641437648203,0.044313814286145205,0.04823108675664569,0.04101922340891044,0.05022742862470614,0.04934658586757625,0.04762485853042443,0.03979854027294569,0.038072699594032755,0.03500767236175156,0.035356718791194626,0.01997086187045794
N:TCTGC,0.06645719668946218,0.07427886289961945,0.06506519678134665,0.06578054740677283,0.05919008326781154,0.054871263104461915,0.05484354794934069,0.05693616700403418,0.04882361650814514,0.045831877871546,0.04776120222849822,0.043272595529270826,0.05056342912872791,0.049534972156256546,0.04713673733698308,0.04032005760757288,0.037524572231561866,0.03577052750429523,0.03536054295736685,0.020677003836926024
N:TCTGG,0.07469022516475676,0.07478511457738073,0.06429677012500888,0.06569644179496109,0.0596370448266884,0.054246100446677645,0.054837838431860526,0.05789543313529835,0.04765223727678798,0.04509402716584556,0.04714989399436666,0.04224988080706298,0.04988414615590098,0.04895490618416915,0.04683077815235732,0.03952302537034345,0.03647726542660927,0.03545038868732227,0.03459131193383355,0.020057170342768455
N:TCTGT,0.07211096016138648,0.07548127145202209,0.06412916485282144,0.0680786179156618,0.05869992337389903,0.05434530303651222,0.054934187380585836,0.05529821935168597,0.04824181372666519,0.04415070676173149,0.048496512391236944,0.040708640656061695,0.049861091028869715,0.04921900914951214,0.0479350000347949,0.03977180731667147,0.038255986849074414,0.03499392635698175,0.03555698515340298,0.01973087305042245
N:TCTTA,0.07763645152617096,0.07713375043143147,0.06293750965357721,0.07148318990421744,0.05726239805345746,0.05253381373982918,0.05519820104992783,0.05209427802683742,0.047970889578331746,0.042451903733097894,0.04970638823684206,0.0379552436324528,0.04870980536481464,0.048736263317169355,0.04886497767997605,0.04003374223184984,0.04006830442186275,0.03404780928154503,0.03588437255085171,0.019290707585757134
N:TCTTC,0.0741316475670579,0.07621120573385187,0.06328670960467171,0.0685972297939316,0.05815780243387366,0.053333635751681055,0.05519982697350248,0.05475867420876425,0.04854883745796858,0.04356087883851913,0.048829600491861844,0.04004072927104487,0.04932518855918989,0.049319032185682704,0.04791878123245737,0.040028578533859646,0.03834092214374646,0.03474268383862849,0.03585731146308647,0.019810723916620022
N:TCTTG,0.0779159602174407,0.07623337295275384,0.06323565398262572,0.06884274877208928,0.057980982678156295,0.05293737218367097,0.055235007253849784,0.05491229833423642,0.047906215587911416,0.043320340493960954,0.048420321266889235,0.03912293964447396,0.04905153729177955,0.049229169215710265,0.048091276153187326,0.039666541399381236,0.03830273024418381,0.03458906503993987,0.03534197968922061,0.019664487598538744
N:TCTTT,0.08209691072273577,0.07684211227541918,0.06298475487449172,0.07148750201401949,0.05800827783182996,0.05181655807991878,0.055472786771818335,0.053043091718363126,0.04756868469820532,0.04165528635094895,0.04902261765063539,0.03748419128776096,0.0483646952064473,0.04846778138999694,0.04867609903364324,0.03904290406311991,0.03925720589923952,0.034109784188566646,0.03552081161005602,0.01907794433278343
N:TGCAA,0.07973600247892343,0.07581728054388787,0.06279315323138789,0.07072839051873261,0.05718539927515519,0.05316888392284602,0.055146825639645784,0.05456593274104052,0.04806546458998154,0.04199919921161741,0.047968229992235205,0.03761358356154126,0.049829937247361185,0.048799194629297285,0.049190927117919024,0.039647966050596076,0.0394599232796671,0.033798522648815735,0.035473584181830935,0.019011599137517942
N:TGCAC,0.06168404747925403,0.07456988417973366,0.06567041387499446,0.06543045861349704,0.05830035941471643,0.05697582231512185,0.05497367068970396,0.056185404900587974,0.04983535960006393,0.04671633979737731,0.047805306200053334,0.043613263865886535,0.05106861803706233,0.05096338848716977,0.04716834854577944,0.039471843322766535,0.03835457654871789,0.03529215748877651,0.03549703623364308,0.020423700405093906
N:TGCAG,0.0674173846527716,0.0738806448642346,0.06484500972721322,0.06633371003801436,0.05848887683340093,0.05500803059091798,0.05531806654717309,0.05734609749166399,0.04869253219690423,0.04557634101105496,0.047020712776621336,0.042139823313806786,0.051533780858142586,0.05003795631685728,0.0478940906619017,0.04002155211651653,0.03762833839461535,0.03524383206552814,0.03541296657442987,0.020160252968231474
N:TGCAT,0.07236106712601902,0.0767358161643487,0.06394528024340938,0.06903332770981875,0.05682068190540459,0.054541431983591175,0.05516051187794803,0.053494422361461756,0.04940553531419168,0.04324408717039545,0.04873885286222093,0.03946326019804637,0.05069968360331136,0.049179608149557866,0.04836419853571573,0.039744189281581216,0.03999009472169029,0.0339946389161021,0.03576974568888547,0.019313566186300132
N:TGCCA,0.07105718136372287,0.07488118921388368,0.06464398348301216,0.06579130134954961,0.058421090780768146,0.053789080063612174,0.05445933547972932,0.05675859167237245,0.04864506467055112,0.0450425501009426,0.04792456175662942,0.04237770004496285,0.05037369410651719,0.04970921426486034,0.047035412068467126,0.040262973456326116,0.03793974862967277,0.03501904062510198,0.03552353705420867,0.020344749815109423
N:TGCCC,0.06910501565072913,0.07370714593006869,0.06504658131703482,0.06355976204957794,0.06006060021658829,0.05559049978489519,0.054346229731934904,0.05881966799685502,0.048288804165615866,0.04641627972525924,0.046672922013381,0.0442325950540729,0.05071170021807177,0.049290154133721016,0.046081754661840404,0.040365529825394236,0.03642725748787254,0.03627075019656129,0.03447573766114317,0.020531012179382576
N:TGCCG,0.05650726492778506,0.07197733270993176,0.06601669387661248,0.06161200405722009,0.0614280494939972,0.058507770802833925,0.054537418146606675,0.056691219491007944,0.05152005232485354,0.04764934172370536,0.04905455019276905,0.04611894195467053,0.049570644939588814,0.05109082501066681,0.045038208895736086,0.0403294830621281,0.03688288992618823,0.03795084836267664,0.035549219342822326,0.02196724075819939
N:TGCCT,0.06589008046038038,0.07389635603448257,0.06556048870596623,0.06357558327282774,0.05958922386658015,0.05575869654505558,0.054168657662881876,0.05691732418382946,0.048796817715763656,0.04676640379770605,0.047768739670091064,0.0457192489629007,0.0502907831297748,0.04958448225019692,0.04648484877737318,0.04004585784298515,0.037170089341430165,0.035845056939618744,0.03513484876588114,0.021036412074274445
N:TGCGA,0.06038113932850775,0.07180100601153233,0.06530214424951267,0.0657792499897763,0.05913384860753282,0.05710955710955711,0.054342343816028024,0.05526588421325263,0.05105713000449843,0.04497743971428182,0.05028353712564239,0.04286113496639812,0.05024264234790551,0.05224989435515751,0.046579151842309735,0.040536948431685274,0.038526288526288525,0.036573562889352366,0.03550348287190393,0.021493613598876755
N:TGCGC,0.051593103681791735,0.07024062006531864,0.06634674284096051,0.058817554152596895,0.06173873161181892,0.060510544250143905,0.05484980099670944,0.05626267818720777,0.05015867934459736,0.04823790512483493,0.0511375354373609,0.04954304658185299,0.0494599361588825,0.05094361111709643,0.04438404403005519,0.041142737534206095,0.03748587892350455,0.03928968291834555,0.03507259849354663,0.02278456854916905
N:TGCGG,0.05542130139663812,0.07124453605316465,0.0665742682161176,0.06157231363350984,0.06068978997121433,0.05955553976094862,0.05392871104161484,0.05721300212042598,0.049800395654903636,0.047591125010365214,0.04907779238778919,0.0464983356432946,0.04979151118850469,0.05265823234656526,0.04567800324579172,0.04116765580392575,0.03590805169574849,0.038360164421858155,0.03483006977267612,0.022439200634943198
N:TGCGT,0.05179530931544272,0.07347345923982126,0.0665253342640589,0.06369437729719016,0.05966123312521275,0.05922387828177717,0.053561964348039656,0.0535318019450441,0.05106925718619251,0.04726879440875227,0.05078702327244837,0.0458791694135998,0.050265644592096585,0.052232664158878304,0.04691761785958971,0.04008583358109593,0.03840104792805836,0.03720963300973384,0.03582647138665184,0.02258948538631575
N:TGCTA,0.07574891610137295,0.0768595019403758,0.06374994778588966,0.0699516580217781,0.05738082087874856,0.052769403260680026,0.054744919981461505,0.05243158625472662,0.048503759084426404,0.042842423450799055,0.04918105068713769,0.038957693641415374,0.04986994542548035,0.04931465250597893,0.048605203641660696,0.04011601809558729,0.039735103728717365,0.03369285372822008,0.03592231336024819,0.019622228425295367
N:TGCTC,0.0655578839403344,0.07437774653615922,0.06518416344671683,0.06572941811011786,0.059064342997603825,0.05493956515203763,0.05428850161071175,0.056699706151946264,0.0490092575399878,0.045995030814256786,0.047467218405439576,0.04328732562903231,0.051080046331909774,0.050159597513638736,0.04714890757491357,0.04043490690881869,0.03762345597142276,0.03585240987824611,0.035539109495978376,0.020561405990727723
N:TGCTG,0.06787923639684922,0.0746575135720689,0.06489959761367155,0.06550076021316786,0.059026019490924196,0.05498083688672919,0.05501439898410275,0.05698611943420636,0.04845374773587769,0.045899651017512026,0.047394747468436325,0.04337911639651993,0.050563516058197096,0.05021164174170821,0.046924244858086155,0.03961699525507933,0.037364113083582076,0.0356372481866441,0.03531978029702245,0.02029071530961457
N:TGCTT,0.07040492152971037,0.07659381952088812,0.06427834776633033,0.0691856144239106,0.05765052373807232,0.053179935358536976,0.05491827045976685,0.05313968003763157,0.04891225831737254,0.04443574402765316,0.04896824795152524,0.04026492496673827,0.05032609875059336,0.050053098198666345,0.04810613019061201,0.03991039206434803,0.039174557492874094,0.034230713665537135,0.036339111640674056,0.019927609898558636
N:TGTAA,0.07613985761718783,0.0767711563632491,0.06318168331781071,0.07173467799326631,0.056832717585195945,0.05320011138873012,0.055027327896136964,0.0519144878025263,0.04809575401223693,0.041571214312252545,0.050014835040822145,0.03775032182564306,0.049713337121445614,0.04880428611552911,0.04961163853925337,0.0401100167586791,0.0407636220333816,0.03408293663290866,0.035571717528350276,0.01910830011539431
N:TGTAC,0.07820803121352835,0.07622032604107173,0.06288023639840083,0.06986455824290433,0.05746147972486405,0.05360751222964416,0.054933295671823396,0.05439242879491445,0.04776583956196767,0.042498401455141416,0.048184099600208585,0.038686337563010605,0.04975742469767326,0.04893642447418738,0.048935260485212684,0.03948716197760175,0.03927647997318169,0.03453283690496883,0.03514237913138487,0.01922948585830995
N:TGTAG,0.0749542718787329,0.07498614947819617,0.06319793126186002,0.06826676473947885,0.057974137231294715,0.053734416502679044,0.05486459546883537,0.05487020356503724,0.047826434735485285,0.04359704471039939,0.048689491224657676,0.040901911740962624,0.050080889408638064,0.04872697692032282,0.04825442102457556,0.03954858957856338,0.039009031691351635,0.03533012058292323,0.035302670427829856,0.019883947828176197
N:TGTAT,0.07710433762269224,0.07724905054206557,0.06257716061486912,0.07049382009164368,0.05668471721762156,0.05435009388691842,0.0550197342929617,0.05155427165870027,0.048649620609002166,0.04182438675449316,0.05057500835334738,0.03758065098067514,0.04914631142847731,0.048437061253174665,0.04917945029483787,0.039621534537365735,0.04077727701268611,0.03461227134182211,0.035588985503608804,0.01897425600303701
N:TGTCA,0.07016171161355678,0.07586495331608195,0.06421445884471616,0.06839986899914363,0.05733148567326763,0.05401226310700014,0.05482597797645035,0.054399734069295526,0.04878153435916206,0.043825059574629774,0.04844731157447365,0.03990563182193809,0.05055164853514522,0.05030815444142791,0.04876085545523702,0.040171872709972946,0.0393473014159621,0.03499801094792871,0.03602161669221804,0.019670548872392293
N:TGTCC,0.07135591273262694,0.07379644200909632,0.06465348992907241,0.06463990226765716,0.059616173269858366,0.05439851128640567,0.05458070947356459,0.058249995676653184,0.048188023588180216,0.044863369888260014,0.04698489793195793,0.042142131879371214,0.050786663833845135,0.04977839759473688,0.04706580627947596,0.04028093107596985,0.037301836310678176,0.036255895192191294,0.03499471316446753,0.02006619661593116
N:TGTCG,0.06349837662337662,0.07310335497835498,0.06540313852813853,0.0663095238095238,0.05881493506493506,0.05616883116883117,0.05475919913419913,0.056655844155844154,0.05045995670995671,0.045040584415584416,0.050381493506493506,0.04168831168831169,0.0491504329004329,0.0516017316017316,0.046341991341991344,0.0402245670995671,0.037813852813852813,0.03643939393939394,0.035422077922077924,0.020722402597402597
N:TGTCT,0.06966019859232932,0.07557480753080417,0.0643470694327803,0.06731096071227687,0.05878138810092726,0.05472859308332922,0.054760833786176535,0.05534948661880829,0.048687274715922144,0.044542264354696263,0.04870651513536328,0.041471077402820716,0.050281802809967927,0.04958880103586258,0.047523662682513144,0.0399614844936953,0.038284621271410385,0.03500057634589768,0.035499440554470754,0.019939141339947876
N:TGTGA,0.06953742479184559,0.07586816908011537,0.06424191908907437,0.06845855061538832,0.05766474965186387,0.05460540988575907,0.054738003058285765,0.054828857839460655,0.04873231230266489,0.044532966372769364,0.0483003831921606,0.040427426423437246,0.050278951582201234,0.049874426466018834,0.04808726443631881,0.03996914731839268,0.0389594155276091,0.03518398830987762,0.03588974656364451,0.019820887493112112
N:TGTGC,0.06200749546474454,0.07500124823544897,0.06596977303297005,0.06558062617542171,0.05863317461830473,0.0562293000954711,0.054851248159798346,0.055385039028161706,0.04992608933129379,0.046714266045121064,0.04798580188914761,0.04349487769562119,0.05088685237384122,0.0510514681518399,0.04683742527608699,0.03982309855915804,0.03839451200045996,0.03524169620823896,0.035541877921060075,0.020444129737810034
N:TGTGG,0.06729669846230693,0.07499135033326994,0.06505855423398323,0.06502899643244209,0.05867498562207716,0.05556958341830247,0.05460357030746987,0.05735152932981695,0.048815052940542995,0.045700485526988105,0.04791227977719375,0.04296214997491024,0.05050190980058795,0.05052207326210438,0.04656064046485944,0.039747452644506714,0.03736106114798835,0.03585178022743468,0.03520609119841992,0.020283754894794847
N:TGTGT,0.06043354868613638,0.07677064995450612,0.06469186247822117,0.06582561290611194,0.05793636138437765,0.05745747844681907,0.05524446776891198,0.053396235822453855,0.050953735769737316,0.0462398919734687,0.049793380734204404,0.043457247085268165,0.050562450966230084,0.04994118410999409,0.04718159654841674,0.03937403102570222,0.039061377618115095,0.03509305404932967,0.036080577670772516,0.020505255001222827
N:TGTTA,0.07883559133820695,0.07720450250268204,0.06306138739702247,0.0726134842581798,0.05696826171820941,0.05237170779125163,0.05532665508601897,0.05160058722519489,0.047846010599724764,0.04140718155156322,0.04996257878660055,0.03654519165086229,0.048787076617166594,0.048785139128307155,0.04946298344498805,0.04005093934995588,0.040925853962054004,0.03359411933381383,0.03584271354725425,0.01880803471094327
N:TGTTC,0.07784493528967198,0.07645513010727596,0.06336637751804658,0.06992575861900084,0.05748233274082354,0.052843086697530954,0.05514974556649986,0.0543063554117655,0.04792583160237887,0.04265758407733165,0.04854787085399195,0.037955197808962164,0.049721366748196785,0.04945920277183187,0.04863910007653652,0.0395156976682771,0.03890590233863711,0.03435620497957906,0.03574240900845359,0.019199910115208104
N:TGTTG,0.08168158031029897,0.07608904733917159,0.0625007644173561,0.07031683459387145,0.05764518537148682,0.05251652864902825,0.05518415064281106,0.055172587092988064,0.04750706544012983,0.042308582666816995,0.04890336408125706,0.03775877056338282,0.04838567285071969,0.04892915969240068,0.0482958329636333,0.03929583318600926,0.03851440406912423,0.03445559808125128,0.035607727920346714,0.018931310067915843
N:TGTTT,0.07841265002058183,0.07674573752392214,0.06332107474815797,0.07149098256499632,0.05738029982207669,0.052680606358706486,0.055347049206935985,0.05207925888119993,0.04789994328424345,0.042044828282092696,0.049638444766320594,0.03826233783706223,0.04862928693050499,0.0487035913601969,0.04926741633500189,0.039219161655951976,0.03975620247586803,0.03425483580510763,0.035787704098037415,0.019078588043034854
N:TTCAA,0.08118203372578504,0.07670431318733978,0.06277493102397468,0.07197818898472533,0.057444423103027276,0.05263497609652614,0.05510805950578233,0.051920864460398786,0.0476189824212355,0.04128840526021164,0.04953129944846563,0.0372689601431431,0.04872212940227037,0.04815647318433547,0.049292088675805056,0.03981578227790463,0.04040393174102021,0.033885584881096796,0.035384808570747904,0.018883763906204342
N:TTCAC,0.07190765567857144,0.07629474552317142,0.06380385442911196,0.07004436164509388,0.05728001046926182,0.053571941143735986,0.05524541807756328,0.053871944754890565,0.04831323586919719,0.04316842085444856,0.04869780839954555,0.03895170343099809,0.0504879534043774,0.04966695586767866,0.04871725307804631,0.040135976945401504,0.03968442830021719,0.03429300537876845,0.036153521601031614,0.019709805148889138
N:TTCAG,0.07428972638251845,0.07587045871027995,0.06354454178044695,0.06917882108423913,0.058048400566998705,0.05338129194006072,0.0551732102700467,0.054182982570727414,0.048399546776475226,0.04355083859206883,0.04839097690971829,0.03962808410630471,0.05020534012882958,0.049224090385160416,0.048466881443851154,0.03981804948608345,0.03901962356656226,0.03439903707344764,0.035636770686485096,0.01959132753969532
N:TTCAT,0.08202954764098189,0.0769508343843165,0.06255128854502004,0.07271823339644898,0.056976261944664465,0.05225499627764992,0.0553350285040232,0.05210780197777468,0.04770540063704877,0.04079321750422376,0.0491025566936013,0.0358775057874895,0.049573374488814256,0.048271231842920224,0.04963558362709871,0.04000285550142945,0.04062001774490174,0.03363950654215774,0.03543728265044923,0.018417474308985653
N:TTCCA,0.08016069765960473,0.075852855533537,0.06316702486817224,0.06934065617629273,0.058074019003440655,0.05274192126896701,0.055159366947555986,0.05566931325659706,0.04755519837208105,0.043023622102210904,0.048029542680080244,0.0390749413395951,0.04919062166503927,0.048697080199615536,0.04781086960505339,0.03944422484059815,0.03824370442311233,0.03434964829935,0.03525610316901439,0.019158588590082223
N:TTCCC,0.07270103084125688,0.07498764198882449,0.06372768005546467,0.06637400905546537,0.05827615833464164,0.054242979378275984,0.05491645891133328,0.05606909568751483,0.04851875326737884,0.04482662975865078,0.04801696785844006,0.0414823268192987,0.050153813207523844,0.04974580638268241,0.047421170585343994,0.04008707878077576,0.0378450241246574,0.03505406148749164,0.03527987658551709,0.020273436889462343
N:TTCCG,0.05893059881642803,0.07156264717860743,0.06491899061924794,0.06433653305787944,0.059071662757071965,0.05694660274801657,0.05382954470475545,0.05451438738433326,0.05069200963785246,0.04628944955485226,0.051331347820448354,0.04475594800656175,0.04948614046783174,0.05328121551612338,0.046359981525174225,0.040878964863702655,0.03749115506339914,0.037086165040260105,0.036085066106657994,0.022151589130795853
N:TTCCT,0.07389729096207352,0.0763754693481629,0.06344024760837062,0.06854753610417388,0.05813712089702798,0.05295336224087125,0.05514502860027039,0.054661674059499524,0.04854764801172562,0.043764747944738905,0.048632869916509794,0.039902215755177266,0.049800008292636526,0.04955625068955855,0.04821350353993715,0.03971312068698611,0.03857424614123393,0.03454026584356271,0.03580166481134467,0.019795728546138695
N:TTCGA,0.07358616268399683,0.07158959016839926,0.06367034136571426,0.0656333932514592,0.05858358578557691,0.05588936516117138,0.05364767303977642,0.05668129004143988,0.048588152971394336,0.043997921720949136,0.05079003934483929,0.043405025580430655,0.047764802500638984,0.050109151550957645,0.04610762636229935,0.038999157794174955,0.03816742716595645,0.03615618937479835,0.03546273134472197,0.021170372791304747
N:TTCGC,0.06618627365736313,0.07312769904066313,0.06499072544416427,0.06676593339709591,0.05772324145726459,0.05553502593977335,0.05512201837521375,0.05516549285569371,0.049665971074978985,0.04413022056053097,0.05037605425615164,0.041695649653653306,0.04910442570211286,0.05215850795582993,0.0465973973277686,0.03988059009361505,0.03881546532185607,0.036149030519085294,0.03558386227284584,0.02122641509433962
N:TTCGG,0.07113557833089312,0.07224128843338214,0.06313089311859443,0.065998243045388,0.05946002928257687,0.055062957540263545,0.05484509516837482,0.056815226939970716,0.04887847730600293,0.04506237188872621,0.050063836017569543,0.04216222547584188,0.04837247437774524,0.05100322108345534,0.046163396778916545,0.04021786237188873,0.037015519765739385,0.03579736456808199,0.03528433382137628,0.0212896046852123
N:TTCGT,0.07013760767124576,0.07430931760226565,0.06332185623464986,0.06961271646865734,0.057244477870351876,0.053779804223415634,0.05544848819582359,0.054012871585758994,0.04939657097194966,0.04343866411271843,0.05108875753551829,0.038791026710694856,0.04892847769799954,0.051120094323732525,0.047682840366483736,0.04015613554727742,0.03994069512830456,0.034840632846437986,0.035976591419203965,0.02077237348751033
N:TTCTA,0.0816166828814348,0.07728421769282985,0.06266071252323949,0.0720807878161628,0.05701575753181015,0.05225324849283227,0.05513746296285106,0.05147554389972223,0.04768430954294497,0.04152994897887246,0.049320893282654626,0.036664309986081486,0.04900747490739454,0.04840158642874264,0.049142027269010055,0.0396440002336538,0.04029923800661079,0.033868722820120815,0.03592024348337533,0.018992831259655844
N:TTCTC,0.07383004543039146,0.0763268472938206,0.06342798990346314,0.0693374789075578,0.058001428324934365,0.05285104086790107,0.054981790450076624,0.05433839026539042,0.0483512639703107,0.04383622790753751,0.048872926199802165,0.03963241174124011,0.049457637287631404,0.049378826214709196,0.04833650785452952,0.04008465315330648,0.03888504801355014,0.03448705477822313,0.03589291017264823,0.019689521262975948
N:TTCTG,0.07694781791126812,0.07595701300499615,0.06358664710104725,0.06933846653094357,0.0581579755098479,0.052935645857844646,0.05543492850903253,0.055368874848614406,0.04759363182113881,0.04345300660809303,0.048263864375473246,0.03938328303054194,0.049133015407167795,0.04903272292277146,0.048183872786710005,0.039437065254047526,0.038244614884434876,0.034589090177487396,0.035493389028487005,0.019465074430052354
N:TTCTT,0.08191476046352685,0.07702452698906732,0.0627648375772746,0.07163172222333881,0.05786960603876733,0.051818120236618984,0.05547638409420351,0.05267863798713711,0.0475838029120848,0.04138652251824586,0.04898825890950112,0.037194210200070375,0.04848175297206688,0.04854279315852232,0.048951358308978406,0.03925915504430678,0.03942685604437685,0.034191437125258184,0.035753066285707846,0.01906219091094609
N:TTTAA,0.07786344298762107,0.07718349300414065,0.06353967813586424,0.07386068733552822,0.056464944034779904,0.05289806789957645,0.0549062024786528,0.04873383963936038,0.04816475556273824,0.04132830042564786,0.05101183066087663,0.037007977381148714,0.04895143466550763,0.048250800744180505,0.050093601713402255,0.039734947746857284,0.04182237075434597,0.033607951677908615,0.035639390160292245,0.01893628299157033
N:TTTAC,0.0783340060639626,0.07690605352318844,0.0629997300543902,0.07255392725349827,0.056743761881233604,0.05281262560364418,0.055253798652433794,0.05101801353596606,0.047777243954882385,0.04118647495692675,0.050050305459529064,0.0367043538045406,0.04983127688255773,0.04865051373579408,0.04995387599512221,0.03978184753733655,0.041049653209494004,0.033981857038056645,0.03552103058350066,0.018889650273942172
N:TTTAG,0.08429939876147942,0.07704331598636109,0.06262858521526127,0.07272370744462762,0.05737247948558344,0.05175667092465605,0.05533098887509716,0.05140746858338866,0.047180166674521684,0.04112480271899199,0.049195283961331826,0.03610532431007507,0.04863314145112376,0.04825487961432433,0.04939870043005611,0.03936609274569987,0.04002298386318887,0.03360987065594119,0.03573194642210456,0.018814191876186038
N:TTTAT,0.08331689964180529,0.07739199231855257,0.0622527605201693,0.07384120219696716,0.05713904905985478,0.05267271170994178,0.055162307792265115,0.05016543524225033,0.0474677546244408,0.04010282318662611,0.049878839904605045,0.03591195365909176,0.04875829911725421,0.047020923066955864,0.050132794530801515,0.03991649912543912,0.04149734812765337,0.03369473442268411,0.035262601323753945,0.01841307042888782
N:TTTCA,0.08119588164502585,0.07685811894652993,0.06250913546783768,0.07311112954289015,0.056943659789700354,0.052110742997184635,0.055505772363703514,0.05136613390131034,0.04778847342615647,0.040919853582120615,0.04931759815835228,0.035957201409092115,0.04939991517903952,0.048332610842372295,0.049834192236847666,0.03987915360575155,0.0409517788144784,0.03364434352176002,0.035674569204983464,0.018699735364863152
N:TTTCC,0.07895820612682054,0.07625116275353354,0.06307118082490414,0.07024479582480758,0.05739358100122318,0.052161273332476596,0.055503378227660646,0.05424241072350071,0.04774597272781147,0.04279016235601665,0.04882233126007526,0.03811600967624014,0.048889749324654105,0.04936001113313619,0.04858228965730316,0.03950548766399236,0.03895565589287153,0.03425187255755172,0.03579533007551489,0.019359138859905596
N:TTTCG,0.07546117754879418,0.0732612318884658,0.06290628028727033,0.06841526863668253,0.05821846981106826,0.054211932829677574,0.05485265433075017,0.05468233595704733,0.04874755167337802,0.04266069741318832,0.05025811344014729,0.03999237622517711,0.04864211648965722,0.050227699444843205,0.047593847451509956,0.0392299987428882,0.03960713228465877,0.03523765495930607,0.0354282493298783,0.02036521125561138
N:TTTCT,0.08029256009743732,0.07685891160184985,0.06304396598854789,0.07172136955442349,0.057775590109725786,0.051963170705894804,0.05536847664282107,0.052377430123902786,0.047627618096141584,0.04180155227517743,0.0490571518629602,0.03778320729165285,0.048757026115520644,0.04850604655565863,0.04909790025537886,0.03927104847713142,0.03964694523998179,0.034152974045755194,0.03576353755594196,0.019133517404096464
N:TTTGA,0.08139951870480056,0.07665843109177688,0.06321034062468514,0.07164201195302601,0.057242030498672825,0.05243906462177134,0.05507004993950374,0.05224148215382723,0.04757190227514072,0.04156222109085851,0.04940007507420488,0.03748984670417999,0.0487220890244544,0.04828929782436381,0.04923940557635501,0.03950971729479643,0.04001526449391337,0.033953869486793804,0.03540809784968575,0.018935283717189586
N:TTTGC,0.07893819813817057,0.07605240081029023,0.06349009411263136,0.07058434587700387,0.057474697577170955,0.05274187763187958,0.05522227455665713,0.053382144767258555,0.04808666582420991,0.04263290712680123,0.04875782304068173,0.03812627405628888,0.04938455980996218,0.049137694451145804,0.04850380956392651,0.03947190725827554,0.038939627761758334,0.03406588777710126,0.035595074436160286,0.01941173542262609
N:TTTGG,0.08106238649997739,0.0757515055347527,0.06329986298503351,0.0691543873706481,0.05789076868235346,0.05259713288558988,0.05524069102651865,0.05460051672413303,0.047679105270186574,0.042984844230912804,0.04852559067330816,0.03872024025463963,0.04885177672554209,0.04900319771690794,0.04809803667963209,0.039116668822312725,0.03830320160758619,0.034420515020646886,0.0352943403249873,0.019405230964330892
N:TTTGT,0.08166511578818675,0.07667901099756579,0.06285877670954963,0.07156646737747581,0.05783335571265783,0.05215549468147081,0.05530640778403412,0.05266438484635853,0.04737981649650543,0.041828524913412914,0.04915035196494823,0.03773323914859645,0.04850235296391948,0.04830342079730654,0.049061139443742297,0.0390280615830246,0.03940045528428099,0.03439580264884123,0.035510763235977176,0.018977057622145396
N:TTTTA,0.0834858318199233,0.07730521573761232,0.0626280900476073,0.07427781693931197,0.05660466026115149,0.05226698983613502,0.05522586559529969,0.049523869051546224,0.047352892494065005,0.04048473105285881,0.05015261423496689,0.03575930356516576,0.04866397435941955,0.04764550439091468,0.05024231922707864,0.03946568234246935,0.0415203317811476,0.033513669304572176,0.03536413860636639,0.01851649935238783
N:TTTTC,0.08277838218250727,0.07695780322375494,0.06271633474624148,0.07274542149966265,0.057192886174268716,0.05156251715020838,0.05570671771644774,0.051628373950407244,0.04737312074069531,0.04103278958429509,0.04928374273234699,0.036423588356259466,0.04860541769029871,0.048333080451829304,0.04961418891216834,0.03940496444055617,0.04025555021096774,0.033893266787834574,0.03564324983939334,0.018848603609856567
N:TTTTG,0.0868663240090829,0.07631541466315236,0.06240675162885104,0.07184111750201863,0.05766262651316213,0.05174861511783886,0.055327727915942565,0.05298335217029407,0.04676092728752639,0.04119675805706543,0.04895109628945269,0.03686746126689437,0.04806024433713304,0.04791253620947639,0.04889585805289549,0.03886984734209311,0.039275604682686115,0.034160787675591255,0.035142891028498054,0.018754058250345103
N:TTTTT,0.08518708256248912,0.07599756617091996,0.062358084526932984,0.07123199861391064,0.05770557260773589,0.052528237348188754,0.05497030723073893,0.05158653836985757,0.04708494891655922,0.04122376325985988,0.049669632356687,0.038462890099840386,0.04775163665062185,0.04758974914997144,0.048336120676949916,0.03918835314440419,0.04004934674273086,0.03481848031973769,0.03494216046327204,0.019317530788591677
T:AACAA,0.05259074003094399,0.07637175155134707,0.0791755984071121,0.051314098487301014,0.05998003147148997,0.06194582972979527,0.06159359407563452,0.0526171151644681,0.04611394312925644,0.052062386549702876,0.051006955803358914,0.053407518359432665,0.04149191368184527,0.042286145525224625,0.04825203056622732,0.03762965824208033,0.034878987058742955,0.036333448050983985,0.03356788767936686,0.027380366435685727
T:AACAC,0.04380018409686327,0.07517453798767967,0.07884231395595837,0.05040642922891737,0.06011329037739857,0.0640041067761807,0.06149897330595482,0.05386461799900871,0.04804432486015719,0.05300361113077958,0.051002619839977344,0.0537938115131346,0.041198753805848615,0.042145436521985415,0.04970898534305743,0.03880620264816257,0.034737661969836436,0.03798909580117539,0.034075621326913545,0.02778942151101041
T:AACAG,0.04442034558912633,0.07515710282846919,0.07951653629378291,0.049789416673055475,0.060848441831765805,0.06354534280690387,0.06130719940250227,0.05529759888018637,0.0474900643744451,0.053154051039561966,0.05075206564561163,0.055089241331213075,0.04137412112683719,0.04176301400014344,0.047860409097991115,0.038674747065064435,0.03447668250266475,0.038063894666294056,0.033658090826579744,0.027761634017801278
T:AACAT,0.054670528848012406,0.07779275115312699,0.07918376039102891,0.052608769665554174,0.05854921331001194,0.06108843251367102,0.06371853189182004,0.0513357690124377,0.04674021630837949,0.05068129611405869,0.05227915948046381,0.04883927705499404,0.040877088633263906,0.04265739055890629,0.0494856114302844,0.03781022184935729,0.035324581256031835,0.03572540351814789,0.03397019537202885,0.02666180163842034
T:AACCA,0.04585468896288061,0.07373980652793446,0.07956631222832829,0.04951878724241307,0.06115740544008247,0.06366045200140916,0.05956592840957847,0.05564617942704085,0.04820420802427928,0.05347143497493526,0.05131108372594793,0.057453554504318646,0.041280391933774814,0.041368807324358374,0.04695474091548996,0.038089213185270684,0.03412422842150427,0.037743090919807924,0.03297414295329337,0.02831554287735209
T:AACCC,0.04102163271913968,0.07156357981853635,0.0793478115162083,0.046917809278589705,0.06243987044497675,0.06580248530338292,0.05826882564207796,0.05939382190412062,0.05023402190803903,0.05425245493570198,0.05032373288402227,0.06090240992553989,0.04064216560233702,0.03937796265342382,0.046414602884568786,0.03869017850421899,0.03355602966030475,0.039731650754139335,0.03239700509702706,0.02872194856364478
T:AACCG,0.03237866391027405,0.06938860437487834,0.07720807855718956,0.04826595609012867,0.06348204876935572,0.06848248504903112,0.056763341768073725,0.05542765476182486,0.05330666433984173,0.05338049628491076,0.05450139945095881,0.06108586655211529,0.04031224200769195,0.04088947357823166,0.04400383926114359,0.04076865766811869,0.03323108727607107,0.04168148898897219,0.033512991066334645,0.03192896024485358
T:AACCT,0.044594096366108255,0.07388759591676844,0.07907516648616264,0.049192148458802834,0.06160276055948568,0.06400308009002158,0.06074536642317825,0.056645620665022926,0.04894731586668817,0.05332645881819788,0.05014075473727062,0.05712568457113011,0.04076990729005845,0.04056443993824458,0.0480467159788311,0.038413753638884406,0.034511794210045244,0.03728272307609589,0.03303703789048398,0.028087579018518945
T:AACGA,0.04055352681145493,0.07167902093906323,0.07847863238983746,0.05240739490210949,0.06093158313031463,0.0649469380970438,0.059383619637319425,0.05255803564471641,0.048937463313784665,0.05229311571806287,0.05525398548654362,0.05483323030891741,0.04157684495950881,0.04237679924783519,0.04562856148479827,0.03947306907137774,0.035359018445699206,0.038574419124102,0.03506812597721689,0.029686615310293957
T:AACGC,0.033405335758678184,0.07003183265120509,0.07684679905007327,0.04894270122783083,0.0626926380678086,0.06718331564852711,0.05871987266939518,0.05376812692638068,0.052650194532868476,0.05334495477742408,0.05489237532211611,0.05730508817139104,0.041679298671113134,0.04174245869334546,0.04584786013844677,0.040435046233136276,0.034510636147743926,0.04196983477338184,0.03345586377646405,0.0305757667626699
T:AACGG,0.029461333834436346,0.06796013882119431,0.07773751989241945,0.04808827242778538,0.06256349425395352,0.06821852006271617,0.05708463747350124,0.053931211866745744,0.053843127352590565,0.05426006071959176,0.05529358568567922,0.06093099459161083,0.04064806713214439,0.04088295916989154,0.04572173514748284,0.04159937988502035,0.03390079334785749,0.0418342719227675,0.034505640345056404,0.03153425606755495
T:AACGT,0.03638916631233375,0.07371278268350324,0.07675839769007901,0.053204323191171674,0.05918183705959715,0.06574770837247476,0.06066509112124119,0.05091516775603437,0.050351531212609636,0.052032552482472884,0.056427928685144714,0.05327848589425387,0.0412047978324714,0.04403286891000603,0.047142758259253036,0.04001819458315617,0.03580080886788162,0.03892058657753958,0.034455991851991025,0.029759020656784898
T:AACTA,0.055127473363774736,0.07826349717969379,0.0789788327812099,0.05287421285104605,0.05957337272808667,0.06057316381651595,0.06269958516130958,0.050415771331363594,0.04498500313367356,0.05145659862118363,0.05188188289014236,0.050445615841465966,0.04192407556629958,0.04283340048348106,0.04859152565135643,0.03826998836064106,0.03526968245441251,0.034821082161936315,0.034092689587250424,0.026922546035156834
T:AACTC,0.04517373210538361,0.07404365947927109,0.0798540708338303,0.049452967097437614,0.06215206031867809,0.06425057781760628,0.060272742804276976,0.05628443132109896,0.04776544956949768,0.05399894912948595,0.05056024937221769,0.057554501819682226,0.04093720887502055,0.040350526563492244,0.046410761429828605,0.03753477382107479,0.034298350520116434,0.03771206792620697,0.033050844725822724,0.028342074469971213
T:AACTG,0.04534267109498687,0.074962449989701,0.08001798190683387,0.05041850031498407,0.060692694324122366,0.06356438680344544,0.06130236516201006,0.05461929025594147,0.04754831133957688,0.05361344613622046,0.05088533828086355,0.055094397493358274,0.04138093827665374,0.04127268599471067,0.04750245447014267,0.03805067710298851,0.035003826417465904,0.037389135380003095,0.033426650809712036,0.027911798446279053
T:AACTT,0.05275895563071453,0.07743880199118572,0.0792406990769652,0.05296581994871943,0.05935761630090826,0.06170855928334734,0.06304462281091279,0.051191141852151116,0.045896659607875465,0.05195638429168802,0.05185839593052781,0.051771295165052064,0.041284207464691136,0.041912577272766156,0.04828726454602226,0.03771851987802782,0.0353224711420388,0.035005175496377154,0.03405873235723446,0.027222099952794496
T:AATAA,0.05845602069666418,0.07838901449289494,0.07930470980303686,0.053711336139515446,0.05922013430493363,0.06068631053240192,0.06359029682090622,0.04966649809481302,0.045343317041993896,0.05054540603286309,0.05296495138526617,0.04899235842069596,0.04152363544334767,0.04150945236013153,0.04741271752749856,0.03786661608033653,0.03563588302324829,0.03449591770975118,0.033943663907022796,0.026741760182678112
T:AATAC,0.05767815219159932,0.07818105392023926,0.07845030644423955,0.05322870580578176,0.059290761732824014,0.06065542650374629,0.06277554799668374,0.050310512083433415,0.04503200037191715,0.05035312759082914,0.05239092367175212,0.04878410209125917,0.04168765157561153,0.043023260318763995,0.0487017766792447,0.038125382571032304,0.03520912591720194,0.03510355568297162,0.03415439210915769,0.026864234741711283
T:AATAG,0.06159892812830748,0.07885630021921045,0.07853620539979149,0.05334484221208313,0.05861401916208492,0.05939691361205697,0.06365724682779098,0.05198022745561286,0.04535832781673531,0.04972271662392129,0.05278393302387531,0.047614847642794,0.04048555311988394,0.04177088742572413,0.04886153272895203,0.037685962207009184,0.035096464488304155,0.03441068859035395,0.033645632241773665,0.026578771073734783
T:AATAT,0.06600732613825301,0.08047254723595848,0.07848344529850529,0.055482182972358095,0.058240356668197664,0.05897428107279255,0.06539314102369348,0.047486457843727715,0.044970741317263245,0.04780516689929449,0.054176965139186496,0.04359820736581306,0.04083765079853001,0.04189862430874389,0.048716019508568506,0.03786740154421984,0.0363185351059514,0.0336324432712774,0.034166802192480014,0.02547170429518535
T:AATCA,0.056163903182771105,0.0782984562607204,0.0787916904898037,0.05297350867162188,0.05848218029350105,0.06084543548694492,0.0635829998094149,0.05179035639412998,0.046256527539546406,0.05124299599771298,0.05184753192300362,0.049450733752620546,0.04062511911568515,0.042072803506765774,0.04877301315037164,0.03757118353344768,0.035144654088050314,0.03536878216123499,0.03377930245854774,0.026938822184105204
T:AATCC,0.04821788005537903,0.0737594698358108,0.07882087060701203,0.04906615951423957,0.06200922844270553,0.06401891767919118,0.060192234786998075,0.057295517523778004,0.04773404658625117,0.05332640746318362,0.05035742935717173,0.056742564987631874,0.04071636676671477,0.04040428370654139,0.048007381078550675,0.03757144921738365,0.03390813866541554,0.03726774422593976,0.0324974813430882,0.028086428157013385
T:AATCG,0.04121295877115649,0.07228351084530646,0.07816880713542536,0.0523878735892365,0.059591603326264626,0.06444439149531003,0.06019522345858451,0.05285647342880062,0.05051347423098001,0.05230844988761546,0.055540994543591696,0.0540716560636025,0.0399739490258683,0.04161007727926168,0.046931465287871205,0.040021603246840926,0.03523235403909235,0.03905263408706426,0.03360416815586107,0.02999833210226596
T:AATCT,0.05301828373479284,0.07757214489746145,0.07990690714276856,0.051808737996519354,0.060357407124166526,0.06087909089781695,0.06273185371358651,0.0528611998726794,0.04614049084573125,0.05202204134612602,0.051632638719518495,0.05229404445473298,0.040723577874324644,0.04118325486029871,0.0488514276029416,0.037413242169576165,0.034967694463620615,0.03511155021102977,0.03317445816402036,0.027349953908287827
T:AATGA,0.05531139457605317,0.0776960649153581,0.07927545220726964,0.052759838331215295,0.05960901335074852,0.06118963986376003,0.06406339359459005,0.05261794751526875,0.04579913341268479,0.05092269305051003,0.05150574657804584,0.04951741632314425,0.04063901675241044,0.04196870099267806,0.04818525364067669,0.038068252580523036,0.034971439051698444,0.03534010732893947,0.03366901767563016,0.026890478258795217
T:AATGC,0.04892853821787742,0.07630913022746923,0.07901177410962129,0.051405632024945046,0.060162514764626626,0.06262971602454143,0.06308279468414087,0.0530853865314949,0.047535667578759516,0.05204073355215648,0.05107126393117953,0.052229681202775456,0.04122224398582596,0.042079927823975974,0.04829442594538127,0.038113016415692744,0.035160091090574185,0.036575714588143585,0.033707865168539325,0.027353882132279184
T:AATGG,0.054659599322933634,0.07630665066713288,0.07913093923090983,0.05045733766698189,0.06027877333375716,0.06174733981261473,0.06261115570142327,0.055474939803078584,0.047825361380198196,0.05106765100884478,0.051360092818487406,0.05148803611020606,0.039694207586004115,0.04102847334249863,0.048004958795902636,0.03811041267671671,0.03442628161828397,0.036494035935376715,0.03274712524933048,0.027086627939318323
T:AATGT,0.054642443817933185,0.07867701654662632,0.07915196984634189,0.053214127198992295,0.058487698916940556,0.061472922131164544,0.06397351323024934,0.0513150053440888,0.046612483736133366,0.050793731999131675,0.05245295750032147,0.04866231857406161,0.04062475370871467,0.04225770813946896,0.048087120400315805,0.03824445645846613,0.03563601570180399,0.035484611374820424,0.033715462184176793,0.02649368319024818
T:AATTA,0.059429757074955084,0.07953755951509059,0.07951807390823488,0.05568852055865907,0.05838425347952466,0.060258231325061584,0.06463913328020705,0.04724318978040393,0.044961358025852695,0.04977766250660159,0.05343826892556364,0.04655783395306522,0.04138272553918018,0.04219977719216437,0.04836327621586827,0.037847095771085776,0.036098766493894284,0.03381962240925419,0.03454596520273766,0.026308928842595267
T:AATTC,0.056226606084817325,0.07797028383181565,0.07947143184090784,0.05322841156392553,0.0599138521508662,0.060384704040056865,0.06301212320569748,0.05185605056982102,0.04561685288831541,0.05101278272646212,0.051891323446537393,0.05020806895765368,0.04068275164531564,0.0420370660513327,0.04870446005018592,0.03730968027188005,0.03470769038945357,0.03545088169887299,0.03328775202675489,0.02702722655932775
T:AATTG,0.06329928035149718,0.07890971784994573,0.07828688001119302,0.05374797182787109,0.05945506202426811,0.0599097787797343,0.06429221023936381,0.051256620472860295,0.04622991291553551,0.0491680827200863,0.05236125497311191,0.04670268294169019,0.03972509382059111,0.04109827072233393,0.04985636366508475,0.0377629289626365,0.03508427492423268,0.03371673966958001,0.03310857011326171,0.02602830301512187
T:AATTT,0.06159448733291804,0.08014173622355647,0.07991074277665419,0.05599190788726842,0.05893382687238826,0.059600262733866746,0.0650904517249111,0.04732598258343297,0.04495731139441538,0.049186355234034765,0.05271677097140934,0.046190217738150574,0.040949095030929965,0.042250339289274394,0.048676927143311385,0.03765475572584184,0.03578139322370275,0.0333477727769987,0.033912548930794026,0.025787114406140697
T:ACCAA,0.0482427696643927,0.07482103438384695,0.07947445219061397,0.05007919384408166,0.06065344274971004,0.062824258259232,0.06032061035381565,0.05572331416883878,0.047834328972475464,0.052645978574011945,0.050778375715550675,0.05522367584151254,0.04073260541511293,0.04140840327750271,0.04874942319444271,0.038199337764862874,0.03412974071810733,0.037104966139954856,0.03313280246436277,0.02792128630757143
T:ACCAC,0.03742870328468952,0.07124698123098568,0.08040880517234426,0.045873639593703934,0.0630879038653685,0.06692504491749071,0.058257873442449606,0.060087729124008116,0.050551331394749696,0.054990658058041014,0.05008625054326641,0.06218104101045312,0.0406896459023151,0.03963850941139045,0.045440818685676135,0.03887323186386304,0.03340517144815782,0.04008566807206513,0.032245605702841115,0.028495387276140635
T:ACCAG,0.03937792576371911,0.07107908082065537,0.08015905155676878,0.04588147459324698,0.06365395287447692,0.06562126597973192,0.05849610953626072,0.061217517669154765,0.05068185189073705,0.05437483439073288,0.04916949556458803,0.06184245829979485,0.04076279420121755,0.038822145229536524,0.04648308410700983,0.03903962456899928,0.03317351518272431,0.039496247856453635,0.032007792593036995,0.02865977732115449
T:ACCAT,0.046683750976590756,0.0743637692062849,0.07924943574756214,0.04896427124627449,0.061366069620070025,0.06378494024711363,0.060832561706067885,0.057161303857171795,0.04866225151190717,0.05306866518128418,0.05082612344107179,0.05581939581585115,0.04062617552591221,0.040966173789750863,0.04745145982233282,0.03837007002517434,0.03417796377209989,0.037392575016638216,0.03268866286640239,0.027544380624439365
T:ACCCA,0.0408734009971187,0.07091772410227572,0.07911492866277857,0.04642134765217549,0.06279459294397935,0.06607952157652387,0.05885812071243496,0.061797625418363554,0.051386533153138444,0.05409323573784667,0.04964958745650077,0.060149114293747905,0.03997167070291124,0.03909488349312024,0.04618552212678343,0.03914930476821072,0.033180349082245666,0.03992631964033584,0.03200953581675752,0.02834668166275136
T:ACCCC,0.03553735731969632,0.06814428791629921,0.07900660282849883,0.04362038857508313,0.06530629579572453,0.06818925610130833,0.05702840240529825,0.06476917580811575,0.05288883115195999,0.05493488356987431,0.050380605721452074,0.06672903920476263,0.03884751538286662,0.03685017849871216,0.043686591736346536,0.03984306103431822,0.03208854735274793,0.04212644553978061,0.03091312896125991,0.029109405095894655
T:ACCCG,0.028067777437371856,0.06519689864020928,0.0781231588622063,0.04553649282398133,0.06773030424433814,0.07138312162703556,0.053036551740390736,0.061443923361534654,0.05605307190158603,0.05503381801899465,0.05211745575377654,0.06880258289538803,0.038884830202908116,0.03714090448471708,0.04154785190771334,0.04154785190771334,0.03230386727311291,0.044505455659510286,0.030518700068343035,0.031025381189168807
T:ACCCT,0.039041524163677226,0.07055830702072562,0.07938320070871432,0.045587018313963945,0.06359563607791578,0.06626498408601816,0.05837557775096004,0.06165561812667199,0.05166865854808862,0.05426604599058094,0.049609030467520014,0.06312497508122306,0.03996534223569808,0.038339422428941373,0.045109550236740535,0.03964638189083193,0.033398454403743505,0.04024540497753177,0.031463298652878766,0.028701568837574305
T:ACCGA,0.03205535505515173,0.0685774919941036,0.07811467493519036,0.04940146393534286,0.06284628678900016,0.0691429878513699,0.057267574848777515,0.055386824581914296,0.05444644944848269,0.05363315203578509,0.053512428201087786,0.06224266761551365,0.0409126721903116,0.03987698876632949,0.04308570121486301,0.04032176078889849,0.03356122604584964,0.0417259696030092,0.033383317236822044,0.03050500686219692
T:ACCGC,0.026177611473948134,0.06565360199361372,0.0785099718790724,0.045786052324739555,0.06634709912436461,0.07185697193241833,0.054184226369656835,0.05886342679032762,0.05619613013359346,0.05330782889672989,0.05264481515634169,0.0687857703533787,0.039506473910028275,0.03825665490515855,0.04058101342031261,0.04253195040352388,0.031527446482597796,0.045069692651216665,0.032167597680213995,0.032045664118763285
T:ACCGG,0.027986738820171265,0.06414278068506185,0.07839260228353949,0.044697014747859184,0.06776284490960989,0.06974756184586109,0.05435299714557564,0.06022538058991437,0.05609984538534729,0.05343125594671741,0.05223447906755471,0.06770337773549001,0.039917340627973356,0.03825969314938154,0.04269743101807802,0.042273727402473836,0.032446776879162705,0.04418411037107517,0.0320825404376784,0.03136150095147479
T:ACCGT,0.027509992946155654,0.06816103665386525,0.0777882279175484,0.049135250933981245,0.0627726833346396,0.06935627139012984,0.05560127491705202,0.05686835436423962,0.05560780625440865,0.05524205136243697,0.05447135355435379,0.06298168613005199,0.040115474044465346,0.03913577344096977,0.04362933354233613,0.04140214750372286,0.033564542675758285,0.04312642056587507,0.032702406144682186,0.030827912323327326
T:ACCTA,0.05092424093739558,0.07488208645792316,0.07885829133743831,0.049578964497372174,0.061390814606497326,0.06255845990070047,0.06122560521912603,0.05655875056984817,0.04787345706232866,0.05251546819470858,0.05008204571455544,0.05421600692637251,0.040706102437273226,0.04098559200237504,0.04834175735585481,0.03825653167113643,0.034497707564478244,0.03631501082556249,0.032887847669491786,0.027345259049561574
T:ACCTC,0.039096818251326514,0.0710818867189382,0.07917503702508907,0.04614363011359947,0.06374809113932536,0.06576535624734225,0.059210815725031896,0.06123017560470821,0.05076993332341808,0.05488825440582849,0.049100400310864115,0.06252055494690802,0.03986769422199133,0.03863387371459574,0.04622113666499783,0.03912823982621774,0.03337390207780401,0.03966554875685776,0.03159020400981191,0.028788446915343994
T:ACCTG,0.03704516761680558,0.07064284286575792,0.0799329635279908,0.04551014516027081,0.0638016718117102,0.06718680864367313,0.058945627681074496,0.061489391871229836,0.051751678047263786,0.05485151694789298,0.04878423788722361,0.062192386474486334,0.039969044320264865,0.0381248579916734,0.046671837335761496,0.03953170138360955,0.03344733861447707,0.04032865638341308,0.03135202177147806,0.028440103663942954
T:ACCTT,0.045216949129602974,0.07464039991763445,0.07997385957059705,0.04882382568664547,0.06190757463411616,0.06356165284078989,0.06023512852216668,0.05744030672468347,0.048751320797399106,0.053718389076703406,0.050298091767988225,0.05810445151018017,0.04052926635686133,0.039852554057228595,0.04667768096495307,0.038118237106455545,0.034160436885460645,0.03769770874882663,0.03243868744882363,0.02785347825288352
T:ACTAA,0.05413393812347757,0.07806264634682476,0.0784447283067071,0.053249017436145143,0.059717051798992817,0.06110952827500844,0.06280012302095696,0.050595198786394485,0.04518189931527139,0.05127351219171646,0.051918806168406634,0.05025368355311694,0.041803540060114226,0.042530910902260605,0.04905460658765903,0.03790536065706776,0.035283618023702286,0.035201541158246086,0.03434492283831235,0.027135366449618954
T:ACTAC,0.05001539936407133,0.07538747836497794,0.07986703046760567,0.05051858985203597,0.06048985883193293,0.06169867276279051,0.06127934735615331,0.053828368665113716,0.04619230841528253,0.05279451464530131,0.050716684957930094,0.054001882626480834,0.041936878512753996,0.042490677239450714,0.047620906697205125,0.03839863965054288,0.03488353598318071,0.0368630410924439,0.03355470822904421,0.027461476285702304
T:ACTAG,0.05128139448507281,0.07549333936710824,0.07969705896164996,0.049849796004331794,0.06106066362985637,0.06137658297650101,0.062341417737875174,0.05514784883116957,0.046501335541922637,0.05258491755501195,0.049811373381091234,0.054773584019604075,0.041334204246126785,0.04096990085540144,0.047803435551741755,0.03864604367940733,0.034265864629983024,0.03593369109064751,0.03337787511508999,0.027749672340407365
T:ACTAT,0.0588298704910646,0.07864967477238378,0.07850738095289428,0.052756511559216866,0.05947881654661524,0.06019244161102475,0.06298657479372786,0.05088297626927165,0.0455879214106923,0.05063719603560795,0.05218949224822079,0.049640061315700396,0.04149913006733085,0.042005782303391984,0.04817400378156605,0.03786740371990539,0.035117467859922515,0.03495361437081338,0.033574873498638504,0.02646880639201085
T:ACTCA,0.043073243396345176,0.07319128315532505,0.08005533473249352,0.048505874239367384,0.06252567589792041,0.0649959764556669,0.0599680688273111,0.057961372620812926,0.04885713067483874,0.05416455450329024,0.04984931166597746,0.05823209049015501,0.04054406170201678,0.04006218389458788,0.046563473526837956,0.03810557049391798,0.034100299617001895,0.038541426263558734,0.03255517737773197,0.028147890464842885
T:ACTCC,0.041230070549687504,0.07225919806255471,0.07946202220852791,0.04720688207506953,0.06381633122198707,0.06514379206998633,0.059721708085963346,0.06009836161112736,0.04995245963385824,0.054452875679514255,0.04962113404008932,0.059497226901911435,0.03985404406090779,0.03897770405393592,0.04672014643080313,0.038789916909584804,0.03359986876484625,0.03901116038425135,0.03225082318761123,0.028334274067782526
T:ACTCG,0.03070322871028208,0.06828320580677875,0.07791179302525653,0.04733960425936793,0.06385063725294697,0.06990126425059395,0.05736700869991283,0.0569681914778457,0.052917347979421034,0.05446703775659615,0.05130498692449251,0.06488186464143483,0.0405540140953401,0.040417276762059945,0.04270762709450259,0.04006403865108621,0.033711450042445544,0.043152023427663104,0.03246941926515078,0.031027979876822452
T:ACTCT,0.042725336783405655,0.07424108639503643,0.08012053217995149,0.049070668246900526,0.061825862636125974,0.06369019231949684,0.06119313951859529,0.05679949130320501,0.0483773485123924,0.05412694440378438,0.050080349540173985,0.0569922987208605,0.04088382920253278,0.04045650500748407,0.04780522201183916,0.03841825516369743,0.03444878326714924,0.03761239885480264,0.03305742198382306,0.028074333948743133
T:ACTGA,0.044142458958688915,0.07425190012225444,0.07992794895964764,0.04964915706021118,0.06189979335011445,0.06418742787723052,0.06136654847104977,0.05594032695888766,0.04801373280512699,0.05395570428562331,0.05056938936463383,0.05567790329793063,0.04065327396260428,0.04089260434139709,0.04732793230449262,0.038175994603169935,0.034933837746599514,0.03786178600645072,0.032844245608952355,0.027728033914934145
T:ACTGC,0.03701383399209486,0.07171640316205534,0.0810306324110672,0.04813043478260869,0.06278853754940711,0.06522628458498024,0.05974901185770751,0.057792490118577074,0.04978063241106719,0.054615612648221346,0.04970158102766799,0.05996739130434783,0.04113537549407115,0.03977075098814229,0.04609288537549407,0.039526679841897235,0.03434189723320158,0.040047430830039525,0.033188735177865615,0.028383399209486165
T:ACTGG,0.041065688546753853,0.07259160389592473,0.07969556190160859,0.04748761829870596,0.062473270700549074,0.06548419694837623,0.05968652567392324,0.059921915956184645,0.05045888171508981,0.05444930745247358,0.04971477250779461,0.05976757580774218,0.04035606875810501,0.03940157409706702,0.04567692381977209,0.03892734459067958,0.03375910520652264,0.03904719532047568,0.03222777501862428,0.027807093783627182
T:ACTGT,0.040659236001450084,0.07440368297193839,0.08006347197217802,0.04998725030568544,0.06036903452555776,0.06453111847077402,0.061526491714234806,0.05517699033481004,0.04929600181875157,0.054022605361630484,0.051072510430171615,0.05574611825571893,0.040945720096590456,0.04118151263602234,0.047597066648643,0.03929440426669288,0.03490420832078845,0.03797795992602105,0.0337390705933677,0.027505545348972957
T:ACTTA,0.052147476073128564,0.07775953875127227,0.0795970980986492,0.05318357918773579,0.059380897915401167,0.06169994047486028,0.06270455418108238,0.05095087855449394,0.045759189320417934,0.05171779801677674,0.051726940103082104,0.05139680920872196,0.041493898165284857,0.042144002080332525,0.04846626265417113,0.037921373994624454,0.0351624955051409,0.035468247502686755,0.03406544514849796,0.02725357506363908
T:ACTTC,0.046446949587713615,0.07520741065317607,0.0791827060617144,0.05045031016538533,0.06074841658126406,0.06261158168050611,0.06198690533527919,0.05490271344919118,0.0479841965937938,0.05310201598447181,0.05052635772045643,0.05456321543548089,0.04065103949765158,0.04163965771357594,0.04844953520458603,0.03872993340406963,0.03469579167315485,0.03693466790756963,0.03337491806781269,0.027811677283146777
T:ACTTG,0.04656540715416429,0.0739848658582181,0.08039087722468329,0.04945075540954741,0.06104597238254605,0.06391305894011028,0.06124204534860139,0.05615087622509561,0.04818493140810185,0.05369035272949908,0.0506214263539367,0.05658435126279641,0.04008442671244265,0.04048137835450569,0.047522704576669815,0.037930507511805225,0.034611684218721316,0.03713948765365056,0.03293737487132711,0.02746751580357718
T:ACTTT,0.053843204413507456,0.07738668919440823,0.08015765707776315,0.053068697318034326,0.05974073148820182,0.0611011639874381,0.06353811263824395,0.051167571186109255,0.04648573494321325,0.05121489057738704,0.05171939879321635,0.0509748142539924,0.04128408126966277,0.041952119734760894,0.04826995434374615,0.03766136434330775,0.03538516244816613,0.034581428669844955,0.03356545350417489,0.02690176981482113
T:AGCAA,0.0462815980212473,0.07519830279327809,0.07970093175360266,0.049475633013743955,0.06070029604460125,0.06342653347757608,0.0613422010401835,0.05491013949661265,0.04774013504788884,0.05325518945491361,0.050572943580516325,0.05551734692486614,0.04107448452426537,0.04162468880619302,0.047947700852444874,0.03808801533632476,0.034517263898544315,0.0375508226421454,0.03325142229046077,0.027824351000591097
T:AGCAC,0.03638490992485013,0.07052083824515498,0.08089460556107456,0.04668355134495334,0.06342703557211167,0.0674846331578531,0.05881958036592705,0.05899221008397317,0.04973254381877716,0.05553082439481695,0.048819044894116446,0.061762277689287284,0.04118337671720615,0.03984229955571824,0.04586435939589189,0.039103028772418884,0.03397528677712305,0.04016278343042423,0.03259344982109647,0.028223360477225266
T:AGCAG,0.036351547036799575,0.07057584791259514,0.08062084689353727,0.046982430016275216,0.0631554428682884,0.06545560205522878,0.05962647221180717,0.060376950396541264,0.05062608182054242,0.05522342918023182,0.04844357479557937,0.06181551546799118,0.040597126316233564,0.039507952513685975,0.04570014029129012,0.03984961914569081,0.03368892411851494,0.04079321325286242,0.032108344568718666,0.028500939137585883
T:AGCAT,0.04602941247277589,0.07615930177877571,0.07956903649515543,0.049925449669298266,0.06070916704249449,0.06317598853417519,0.06227721167318547,0.055387926537831284,0.048417590989119984,0.05291709264944974,0.051053735621576425,0.05413124389112602,0.040357488496458656,0.04109897940677517,0.04814635297214273,0.03837054965019925,0.03473050336319092,0.03705287857364112,0.03329085542692704,0.027199234755701216
T:AGCCA,0.03686568576544749,0.07008696116349378,0.0807575375238391,0.04572315583615197,0.06364858372680995,0.06742583794748361,0.058480411900868154,0.06114517467450223,0.051158228554513296,0.055357671459559665,0.049664796742838566,0.06316876871339211,0.04010185908603429,0.03865938108109419,0.04450269084626994,0.039311468488710095,0.033437222483731176,0.04023227656755747,0.03159985247659764,0.02867243496110526
T:AGCCC,0.03195164160282357,0.06694959673680378,0.08084394890470338,0.04288264616399728,0.06595302957393581,0.0693751299392787,0.05593269804210179,0.0659413167375456,0.05317432507220476,0.05624113606704428,0.04816903965478367,0.0680340101725984,0.039426383359182915,0.03657821197696085,0.0439865809937756,0.04021797588522201,0.031969210857408906,0.042002231295332336,0.03069251169087482,0.029678375273421525
T:AGCCG,0.024827475202704063,0.0637386073275255,0.07881315011166327,0.04422268273544856,0.06799388366899382,0.07220389111321249,0.05193851477778001,0.061766895358429066,0.05579643079894574,0.0547854254270366,0.05193348490030783,0.07197754662696416,0.03950968754401143,0.036904211013419716,0.04178822203891113,0.04189384946582701,0.0321509768022051,0.04505764239583124,0.030999134861074785,0.03169828782970847
T:AGCCT,0.035947829836159816,0.06942922415445052,0.08094399731723675,0.044836728705566736,0.06495221327967807,0.06675469483568075,0.05841297786720322,0.06228442081057775,0.05134602256395516,0.055798331656606304,0.04858466273833477,0.06484217806841046,0.04016060649611958,0.03808191410366964,0.04545053056433841,0.038940488167097824,0.03293046972310051,0.040071530372712466,0.031553158235125035,0.028678020503976238
T:AGCGA,0.029877519641702727,0.06691283102602781,0.07907932976511493,0.04853786524248548,0.0645831998648814,0.06829896156690991,0.05674981508552658,0.05616740729523998,0.055253027064490014,0.05444348023599164,0.0535756926284646,0.06298157844159323,0.03979010023238071,0.03906791457242532,0.043069056091694286,0.041158758539554224,0.033779651836622966,0.04161886069388064,0.03337779046132521,0.03167715971368833
T:AGCGC,0.023387672683395307,0.06315718190548893,0.07925582998842622,0.04567337289763353,0.06728188332635622,0.07146814745499766,0.05309167918441725,0.06055923563742028,0.056268314905562805,0.054741559752764166,0.05152798640695412,0.06876554458371296,0.040311261050506045,0.03808884729985964,0.04105001354379571,0.04200423551429486,0.03180329483612007,0.04579034204240439,0.0333238937181413,0.03244970326774853
T:AGCGG,0.025220037745045255,0.0646653102631385,0.07991068139441306,0.04387719825216637,0.06853049357597465,0.07096181856308127,0.052412339115995174,0.06151422240106094,0.05615283909615919,0.05464530425566884,0.05241800654020754,0.07232766779826237,0.039507614184429315,0.0360674876875209,0.0400346846361797,0.04270970886441821,0.031675233922934365,0.0444892800671023,0.03151654604498801,0.03136352559125403
T:AGCGT,0.026627590275250086,0.06652190830017697,0.07843937092867094,0.048717884352289985,0.06422501976830294,0.06836067425602149,0.05749752111756806,0.05757282893828524,0.05420280396119137,0.0546232726268623,0.054886849999372433,0.0638422050129906,0.04109296750467536,0.03964329195586962,0.04328316995720006,0.040923524908061705,0.033267229801814915,0.04196528309464938,0.033662595860580125,0.03064400738016643
T:AGCTA,0.04779043757270315,0.07546598412583104,0.07994067706264664,0.049793341453128935,0.060989979820012245,0.06334289657827033,0.06141735403472392,0.054900133118105286,0.04784515656708124,0.05308874571800283,0.05050563181098172,0.05589545275722409,0.04134208711452591,0.04072225298855335,0.04707059976734993,0.038167442009658846,0.03471825850196375,0.03639850900174629,0.03307480180874579,0.02753025818874468
T:AGCTC,0.03698302340531917,0.0711743136741351,0.08055719013718014,0.046415220770562565,0.06435017160272523,0.06603558588129649,0.058968240740425795,0.06005925311146864,0.05079202566047491,0.05478786909892412,0.048869360835121924,0.06256526515937454,0.04032834115097979,0.03907490994683547,0.04592286210896178,0.03940910157724844,0.03342936736588967,0.039979693394060406,0.03189446687506165,0.028403737503954175
T:AGCTG,0.036249614270498415,0.07108837104357665,0.08035317890880857,0.046501226039146984,0.06360273013534543,0.06618686893824015,0.05888704181141892,0.06060781015140505,0.051416000557441346,0.05529685410631866,0.049432438440889646,0.062434094174406145,0.040249919535996444,0.039030184785169404,0.045902640214747645,0.03922927097953726,0.03353474219996881,0.03991611835010635,0.03179804696443325,0.028282848392544885
T:AGCTT,0.043885118139033355,0.07471149900327434,0.08026002434723484,0.04980537665240974,0.06128102855906608,0.06334144335490473,0.06162528953120412,0.05617205837155117,0.04924563063287357,0.05397857512014794,0.05040203843703801,0.05682967409388967,0.04025106154287294,0.04059789803350578,0.047240160231590625,0.03831169611628981,0.034166828351994395,0.03726946963206143,0.03274514214286573,0.027879987706191718
T:AGTAA,0.05312192190483641,0.07791558951856369,0.0797548902820202,0.05344906674821582,0.059421238100995304,0.06113519260652654,0.06340475995747118,0.05037763893877058,0.045397569882761245,0.05159554229591674,0.05182756622016137,0.05064700004622699,0.04181408927498302,0.042034556452043056,0.048204970468066044,0.03809726158430558,0.03538231497647758,0.03514229022725899,0.03397505876161453,0.027301481752785177
T:AGTAC,0.053813498031847144,0.07547090321574972,0.07986782551057522,0.0505526696803349,0.06118336331554061,0.0618602449974652,0.062421972534332085,0.05500014745347843,0.046533509154052376,0.051791278899126374,0.050205802926319605,0.05369132229257859,0.04116901117697366,0.0409190424230679,0.04692671842985919,0.03838284259411394,0.034315935227197725,0.03580451319989496,0.032856847950186,0.027232550987306363
T:AGTAG,0.05210513000422484,0.07590880823333088,0.08032557449741212,0.05031673847235221,0.060619618468164764,0.061348684005548375,0.062022913844393734,0.05577912180628791,0.04667764211481349,0.052708322688145647,0.050666939183471524,0.05391470805598725,0.040310469754996595,0.04077906572432349,0.04700790257191889,0.03812202687696988,0.03457515419424549,0.03618532970586879,0.0328341207656559,0.027791729031888205
T:AGTAT,0.0582804522041005,0.07794772376325786,0.0794682206016614,0.053014506148487954,0.059168629749439254,0.06027772455224806,0.06373012026464986,0.0511299466868047,0.046243843058576886,0.050522424228762075,0.0519876917527981,0.04873479784943813,0.040860675601041466,0.04267648020198149,0.04787141713912151,0.03810822691358303,0.035677009952547876,0.03469077219598517,0.033430642125314186,0.026178695010200516
T:AGTCA,0.04356150730759632,0.07437514494422506,0.07994983023971869,0.04948766981043502,0.061024628280754854,0.06409885015595798,0.061757273692412504,0.05656134922309895,0.04850385461361982,0.0538161356926709,0.05066086542034026,0.05616734166874637,0.040760924080120754,0.04059401252960072,0.04651215043866442,0.03882940435847786,0.03423050966602443,0.03795151379949269,0.03312231326569671,0.028034720812345676
T:AGTCC,0.039523918382515635,0.07143424721672446,0.08008572011867811,0.04647614763126657,0.06405537333850034,0.06506513971083519,0.05921925255283853,0.06068867044575195,0.05032817407100883,0.0539247027240465,0.04916437554018222,0.06108964304880986,0.04038576498360046,0.03898113839544945,0.047069049193715,0.03924274856939577,0.03342008848291771,0.039409005502370996,0.03191399626655387,0.02852284382483854
T:AGTCG,0.03701215876585885,0.06866570563861824,0.07787346128591591,0.04770674052997426,0.06267311712718024,0.06764681464485989,0.05883152071367653,0.05741262066310936,0.05348800350196608,0.05283138486154403,0.053971033306414486,0.05972210691562828,0.038891446598790916,0.03951032853574043,0.04406137497452772,0.04051412484810977,0.033887559718333245,0.04162358393020219,0.03344226661735737,0.0302346468221922
T:AGTCT,0.04336094620416867,0.074723666013295,0.08007439287461246,0.049237772155105976,0.06205329964422329,0.06387705117061446,0.061236878314512244,0.05692867222443141,0.04835184944064582,0.053983221134051455,0.05051870906896297,0.056981458086266173,0.04035479137267874,0.04031960079812223,0.04628176389235907,0.038504646915370186,0.03466535523125486,0.037364472299739236,0.03312400806567969,0.02805744509390605
T:AGTGA,0.04452166905895092,0.07394676537986956,0.08025011961421269,0.04941719548739644,0.061107123970688224,0.06412974364785576,0.06228595351413966,0.057093752360806826,0.048919852182015056,0.05298673541336154,0.049993232353755884,0.05600069879882148,0.04029425096320919,0.040342254035405804,0.046924970411221074,0.03871723200120873,0.03448194454936919,0.03775166200800786,0.03288053058346554,0.027954313666238573
T:AGTGC,0.03821449024129765,0.07091534044435344,0.08056510345665108,0.04768923596021988,0.0631633840010382,0.06633869775227791,0.059407060459545406,0.05879509522964769,0.05037997802163785,0.05457801187498289,0.04924415150544637,0.061706097150075544,0.04015158640675209,0.03920744549759083,0.04613193922732842,0.03887884159982474,0.03405931776592211,0.03971344787639731,0.03259726853962951,0.028263506989381095
T:AGTGG,0.044216830656715854,0.07240800592819324,0.07971878715761234,0.0472087044801048,0.06257039505458221,0.06547445706764107,0.06006148618800867,0.060749644048554555,0.05023193966432592,0.053501585540799784,0.05020505849789834,0.05869233877796425,0.0397438045631676,0.039089696180096646,0.04574726506532571,0.038652429206208115,0.03352171057406523,0.038757265755275654,0.03160508340777923,0.02784351218568076
T:AGTGT,0.041214423514335775,0.07408796839651954,0.07958193931563774,0.05018639006317015,0.06052659027581171,0.06473997863066193,0.06149688794771086,0.05601781771551433,0.050441454762829276,0.053257684591024354,0.051679964799318426,0.056259734750242575,0.04018627611674075,0.040365084359800754,0.04673644278530652,0.03898195000907189,0.034905297369502854,0.03849022734065687,0.03322064323635908,0.027623244019784606
T:AGTTA,0.05179684540235715,0.07713941466666391,0.0793504071082993,0.053904326961893505,0.05948873905113645,0.0615206576667405,0.06366954357911647,0.05065512037280479,0.04613480015153993,0.052194327189617445,0.05244792885076008,0.05139108274452893,0.041207682163625865,0.042157912061295,0.0470819247227461,0.03789533393645674,0.035511478321715965,0.03556323376276548,0.03368451125266799,0.0272047300332684
T:AGTTC,0.04453497319246339,0.07289904800853893,0.08039264249243545,0.04896044224723221,0.06306271368246444,0.06480698838060973,0.05988529564971368,0.05620195862922396,0.04877446854268008,0.054120992200562504,0.0503116161291204,0.059477211170056644,0.04043914473249313,0.03942906954094462,0.046985242854334995,0.03790073587415133,0.0342147546777675,0.03761516487758788,0.0322448436366585,0.02774269348096061
T:AGTTG,0.049497894946414614,0.07535339163708585,0.08004423768895709,0.050614763054003004,0.060132421709973634,0.062480272710056184,0.06300835708701374,0.05560303593887332,0.04872337119354353,0.05269796487207004,0.05079564712794938,0.054391476839554614,0.039731368940383524,0.040229103640504436,0.047587079292779694,0.038314646025649116,0.03417737807927821,0.036454817829099755,0.03285170419505373,0.027311067191756543
T:AGTTT,0.05290021732856663,0.07741225874467722,0.08029083156152636,0.052930401851710066,0.0601481839223978,0.06174207398594726,0.06338013652238955,0.051302646225609434,0.0467595073885823,0.05152203617431047,0.051893084946610206,0.05153602412405986,0.040783708014064515,0.04146470030449558,0.047520746338102,0.03775421258149821,0.03487490355676752,0.03510312800004712,0.03363954673153149,0.027041651697106407
T:ATCAA,0.056508560900028905,0.07790879246337214,0.07870812199544948,0.053111006686916346,0.059049459927753525,0.0609040659228865,0.06310504804858631,0.05226081073007045,0.04613342505437863,0.050910831964784284,0.05178605743223058,0.04896418196292726,0.04086996119618454,0.04213193297258542,0.04888667122042279,0.03768071710355274,0.0352044103612485,0.03530937282505664,0.03366065473970117,0.026905916491863795
T:ATCAC,0.04621591130717186,0.075022331602477,0.07941861329638158,0.049999084107980436,0.060391764729968093,0.06405102272812985,0.06283019254205291,0.055405002063450844,0.048164067508784485,0.05315190769532475,0.050797526445035164,0.05341590010096363,0.040803528231563364,0.04154378448737524,0.04816191246873845,0.038714216906935675,0.03432763289323824,0.03689105302799289,0.03325550047033749,0.02743904738609805
T:ATCAG,0.04802463815455391,0.075496436672129,0.07900349424807789,0.05022055210766566,0.06065663316982924,0.06334296790580261,0.061743610576619555,0.056473417089151365,0.04869896673098865,0.05265435673903118,0.05062130640410856,0.05451081899355774,0.040112943174321715,0.04093458097844436,0.047752893802856335,0.0381841987521719,0.03388386726066139,0.03737811533855046,0.03275571646725023,0.02755048543422826
T:ATCAT,0.057158502718418755,0.07861436077579705,0.0789244784342504,0.05246948647123356,0.05864296982825256,0.06117326916163928,0.06393545827567132,0.05200291305716409,0.046802621751447684,0.05056873529734975,0.05220220788872271,0.04833644692704133,0.04055742950643797,0.04138720378175912,0.04963931360624929,0.03777754599147316,0.03528636059699046,0.03472759004121864,0.03346756243795319,0.0263255434509297
T:ATCCA,0.04993517592638613,0.07501312066207325,0.07821852157306419,0.04909444265196591,0.0617559868549078,0.0633144603595946,0.06118903946644606,0.0578817059640675,0.04983155849877723,0.05165623612642674,0.050901429499291946,0.05374880271326025,0.04003507829012711,0.04015470166183821,0.04875410573526674,0.03833339370663126,0.03341030226804228,0.036827150124804246,0.03252407841564741,0.027420709501381143
T:ATCCC,0.042921721280150246,0.07144775777163884,0.07867835733706037,0.04583055807300482,0.0633425417380955,0.06663026980989922,0.058907220772414094,0.06155945972505814,0.05033903672078879,0.05462476660515598,0.04964021707085376,0.061070285970103624,0.03946474782437789,0.03812388762106504,0.04615703787820884,0.038945000709738706,0.03282377733858904,0.03907602939410153,0.03181922409180743,0.028598102267888146
T:ATCCG,0.03152372440057514,0.0662884234251739,0.07977305405510435,0.047604243578284695,0.0655189834065208,0.06826254226091012,0.05511211285120274,0.05771577352038239,0.05486340496638557,0.055026619515796835,0.05361209342089923,0.06632728403217658,0.03868184821046905,0.039016049430692104,0.04296428710216454,0.039723312478140906,0.0331869583802899,0.04151867252166479,0.03204445653441107,0.031236155908755295
T:ATCCT,0.047365262165101514,0.0748845877877408,0.07879529054996232,0.04882196058610902,0.061774301998673266,0.06299092496739576,0.06121653271479307,0.05842227105962626,0.04884181645058372,0.053206496477840405,0.05015049842732528,0.05642224398344743,0.0400646218134722,0.03992111806567778,0.04852412261898852,0.038261348303451764,0.03385785908653998,0.03706999643496979,0.032063610969462586,0.027345135538838522
T:ATCGA,0.04333260105448155,0.07400200853627918,0.07601054481546574,0.052700539794125034,0.059746108460959076,0.06615616369570676,0.060742530755711774,0.05386172483052975,0.05002510670348983,0.05127259603314085,0.05593302786844087,0.05310067788099423,0.03929199096158675,0.042257720311323126,0.04708291488827517,0.039087998995731864,0.03447464222947527,0.03828772282199347,0.03337622395179513,0.029257155410494604
T:ATCGC,0.031125841238952404,0.06919443768750506,0.07707978594016054,0.04903510905700154,0.06313346306656936,0.06866739641611935,0.058015081488688884,0.0560792183572529,0.05273453336576664,0.05516703154139301,0.05372780345414741,0.059606340711911135,0.04013621989783508,0.040349063488202386,0.0454978512932782,0.04083556312332766,0.033943484959052944,0.04152477093975513,0.03396375577718317,0.030183248195897187
T:ATCGG,0.03198896541299398,0.06813479579400844,0.07697758127143384,0.04723710190932366,0.06219236837381553,0.06778524123987945,0.05709076136760857,0.05656170582622415,0.05376526939319219,0.05480448563519731,0.055513042163837165,0.06376064015720508,0.03952800687772204,0.0382526051261703,0.04382658315147049,0.0421638371642623,0.034029608215476764,0.04222996910693535,0.03277310130468875,0.03138433050855464
T:ATCGT,0.037313968226131734,0.07250755287009064,0.07991295267399501,0.0515109725864694,0.05990482187980773,0.06534926543854475,0.0604628175593269,0.0523957943068498,0.0508732632384475,0.05301756092117115,0.05567202608231234,0.055592312413809596,0.03980900605026744,0.04224824430645123,0.04634552686749197,0.03974523511546525,0.03555229615222122,0.038987955264689234,0.03359133990705386,0.029207088139403262
T:ATCTA,0.053589934541639794,0.07784739952498897,0.07909413223391211,0.051940019826377304,0.060156321101195745,0.060895161913783635,0.06294532284407718,0.05224338492823458,0.048082390047276026,0.05129414573855213,0.052488034203925935,0.05092227883950127,0.040166518083006565,0.04136823532520249,0.047640064156826055,0.038315990961677156,0.035265703792357356,0.035677693172621594,0.033172484589542126,0.026894784175301972
T:ATCTC,0.045337784627746285,0.07404276726876467,0.079327790547399,0.04897579342011935,0.06202569449258977,0.06402291065590819,0.06125685070920284,0.05760462052892897,0.04908867568658194,0.053840396918936315,0.05004684169639825,0.05751129267082998,0.040258082636929746,0.0396092318139558,0.04729944732131271,0.03841552406703251,0.03397667336849571,0.037043160134605436,0.03239276629104426,0.027923695143218265
T:ATCTG,0.04396010723792663,0.07413779725190936,0.08053295919353025,0.048607823047919774,0.06218992134512972,0.06339579377760324,0.06067525689120861,0.057312590955085806,0.049086846568370514,0.05369022301118144,0.050822416083788735,0.05707347508206742,0.04035119945905972,0.0396378107120744,0.04774716425993637,0.03828862711067264,0.03438042860332577,0.0379489558870803,0.032510257437532955,0.027650346084596347
T:ATCTT,0.05344234066013051,0.07726781271171018,0.07968255133422338,0.05179989019744579,0.06040822693343488,0.06140914297424228,0.06301183206632197,0.05347751418028111,0.04686259846674038,0.05188170686388306,0.051784597362597704,0.05208739549258986,0.040450312814936815,0.04123330595915896,0.04850657821290991,0.037464386810847516,0.03473996828266052,0.03468720800243462,0.032881124206875355,0.026921506466575214
T:ATTAA,0.057164883335905234,0.07930961429314975,0.07944954320403204,0.054895942584683145,0.05888587816507427,0.06091223187920604,0.06370754072977504,0.04810350554615431,0.045593939378087915,0.049986007108911774,0.053660775703110085,0.04809631293858559,0.041316299494948173,0.04204340673280378,0.048253896431682,0.03784946264682727,0.03585318710980104,0.03421588807779524,0.034206079976565176,0.0264956046629021
T:ATTAC,0.055264016513949896,0.07784720696643264,0.07963067195813277,0.05420589661362635,0.0596719828308997,0.061586737883942186,0.06301532973953872,0.049080384614884655,0.04522877618164305,0.05135261260722563,0.052946291965698195,0.049901922424472465,0.04181913429153413,0.042062215890257104,0.048634518366959624,0.03734617289471187,0.035206534865310696,0.03441619469406166,0.03369864901226977,0.027084749684448888
T:ATTAG,0.05662022420555571,0.07903829577944095,0.07982448078255837,0.054159825325341485,0.05911539904167402,0.059875502077863366,0.06445226627452637,0.05050834995541226,0.04615638747370068,0.05048599398375963,0.052444625500214864,0.04895833592083005,0.040561184568417966,0.04186155691954582,0.047672867550803945,0.03832682940158032,0.03537584114343343,0.03447787628205287,0.03366933530728283,0.026414822506005062
T:ATTAT,0.062105366933863176,0.07960383124909945,0.07973047784442945,0.054898644805593685,0.05867074160302738,0.06001683565518758,0.06496060305013537,0.04711329182560688,0.04576188923352267,0.049098685757187385,0.054425426389510326,0.045651168257964704,0.041013779452917044,0.041594685393173216,0.04777989276749354,0.038434587412693476,0.03651213759735483,0.0329228062458764,0.03397844732790851,0.025726701197454935
T:ATTCA,0.0547538643124117,0.07759399235781178,0.07982122525379576,0.052522905700643205,0.06043409059748559,0.06094823937574887,0.06401897432534738,0.05216449184217272,0.04654238672333729,0.051132468569861644,0.05163767563024208,0.04980760403688757,0.0402988322116445,0.041651267041423995,0.0488225247834614,0.03791735468218154,0.03500533522500343,0.035139460993246024,0.03316259619798156,0.026624710139311964
T:ATTCC,0.05054472587272941,0.07614827110030388,0.078641009238606,0.05027071195321656,0.06106567758812554,0.062128220772423554,0.061921231840417444,0.05601416198559554,0.047473404386391166,0.05214445461866232,0.05091237764243549,0.05394230134237251,0.03998237637093205,0.04038649761913445,0.049608347370797015,0.03798542600786361,0.03436213403617575,0.03649904834374356,0.03243713696851896,0.027532484941555198
T:ATTCG,0.04206597236098567,0.07402907771374677,0.0801275646815279,0.051425511337750675,0.060025736733992474,0.0645416543444726,0.06040139713698816,0.05421498964935698,0.05001878302014978,0.051265655847114205,0.05495831768081654,0.05369545930478847,0.040747164563234836,0.04033154028758003,0.04657389719693397,0.039380400118293066,0.03500035967485393,0.03843725272353792,0.03312205765987547,0.029637207964000545
T:ATTCT,0.053877191475319525,0.07789291105374901,0.07947809581470315,0.05210246634294807,0.059977936955327105,0.06091677541375027,0.06368147399683372,0.05298607900969929,0.046700565757554685,0.05140498504812825,0.05147248323794953,0.050369331004304886,0.04029982832278589,0.04159797532702532,0.04865324066309131,0.037541265938777095,0.03507246851107175,0.035331552472001884,0.03363932512718977,0.02700404852778948
T:ATTGA,0.05985515964285293,0.07845558661524127,0.07886132833233077,0.05304247313730347,0.05966054515645825,0.06031869596499298,0.06447283063821757,0.052672115872285714,0.047153320830826934,0.049347156859276035,0.052972883714895676,0.04760978026255264,0.03928971609874621,0.04084073458122501,0.0490286967906302,0.038158593114185624,0.03497753087293443,0.034477430616986895,0.033020770673366125,0.025784650224691272
T:ATTGC,0.05445620783171338,0.0774796602339898,0.07905247643918183,0.052787545683947217,0.05998699009172928,0.060852746064817,0.06363699213434773,0.05372243643528513,0.04757101241597768,0.05057680402490109,0.05249215163142364,0.049630914558841555,0.03973364255434151,0.04083665651642422,0.04949421624730139,0.03796284948416028,0.03487378189234458,0.03496177161011756,0.033263255808106997,0.026627888341048147
T:ATTGG,0.057995143061120503,0.07660678523729028,0.07888906393928684,0.051111404438804985,0.05918595887640354,0.06159313840288748,0.06266047272123414,0.05667658776624811,0.04824010480314637,0.050476965023511164,0.05203822532960334,0.050078133981682156,0.03891512279312308,0.04027625791452526,0.04831107118069601,0.03849642116558017,0.03386657469424136,0.03547467280951631,0.03253240679630805,0.026575489064790882
T:ATTGT,0.058725714132158116,0.07847472657404671,0.07886383790610808,0.0535941740789509,0.058972939564130814,0.06037782495364523,0.06545347056136297,0.051399242200306346,0.04758874586837933,0.04914734098298981,0.052294628221320506,0.0474952301615027,0.03928734582000914,0.04124257651895843,0.05006100018810631,0.03818450541477441,0.035219950017467014,0.03435358611238008,0.033320613764007204,0.02594254695939591
T:ATTTA,0.05721747430431548,0.0790110959106947,0.08000158100062,0.055057756666306815,0.058887553690604076,0.06085554550715609,0.0644316745215261,0.047157472971083615,0.04608970762697116,0.05014367638097159,0.05362541729862447,0.04811728192957586,0.04134906546935366,0.04184519290272304,0.046881387788186034,0.03819237355977038,0.03636891351631646,0.03404519656026179,0.03428116680205459,0.026440465592884082
T:ATTTC,0.05599303422498731,0.07846595123021231,0.08003619313975488,0.053797504331874774,0.05986179463670099,0.06032189959145622,0.06433979285914435,0.04967795996953142,0.04631478000228715,0.05035808604363908,0.05217108681739117,0.04961977809298534,0.0406965507509809,0.041655548578188754,0.04899047756620529,0.03757679840514783,0.03536321206758995,0.03488438191118771,0.03350741083293041,0.02636775894780417
T:ATTTG,0.05793802228954603,0.07858895179944081,0.08009361297809207,0.05295130100232864,0.05962648265979237,0.06027289507091066,0.06438968543858693,0.05117249865655252,0.04678000950148364,0.050258954369514254,0.05190691661279897,0.04894276524326135,0.03974969042297179,0.041125847929533256,0.04880413703943116,0.037829144632829964,0.03546623468664574,0.03465627214741318,0.03317419646264437,0.026272381056222302
T:ATTTT,0.06081092989978657,0.07937638055279907,0.07998137470575191,0.055551661622999286,0.05865697036471392,0.06001697754594533,0.0648479132415431,0.04738014168176078,0.04565656416606516,0.04942753043108293,0.05342352500908926,0.047078464380559355,0.04095228375045549,0.041862234305709775,0.04847782077499095,0.03761866759465228,0.03576146670913102,0.03336936245666975,0.03394197548625995,0.02580775532003412
T:CACAA,0.046115354857570574,0.07464030363438871,0.07984767876449433,0.04929522446212509,0.06089258127033491,0.06453805888712755,0.061103018450426295,0.056107970654724254,0.047740887566060895,0.052524238078796755,0.05080545775757133,0.054682794303326926,0.040680531158563786,0.04155630265654888,0.048173102852116845,0.03809984047097605,0.03432394220664175,0.03811055134541184,0.033252854763062854,0.02750930585973039
T:CACAC,0.03222398136652672,0.07293887986404582,0.07808691365750976,0.046794475028533816,0.06125793619750539,0.06938913250328053,0.06021739706796432,0.057050937319873644,0.053271741097891526,0.0558886364551362,0.052709084047346984,0.05935360884435348,0.03904754828491068,0.039547687885394714,0.04657517297858335,0.0385218779980145,0.034206537361377375,0.041743326916839026,0.03336631592522389,0.027808809199688263
T:CACAG,0.03319615368835935,0.07107735300345142,0.0803663342571385,0.046349177605906317,0.06306679738580584,0.06810552033715352,0.05966064896488078,0.059899734836320495,0.05155200683587533,0.054486113920880964,0.049651109108511504,0.0606584905900611,0.04046587320337814,0.039832555007434295,0.04614027219950042,0.03991319343744651,0.03370780688463564,0.04122934465478028,0.03221104444686517,0.028430469631614413
T:CACAT,0.04277559104897704,0.07438916166639908,0.07946852786594284,0.04909936374131165,0.06038900052869633,0.06598765355864383,0.060990620491893424,0.05609062290307802,0.05001679007815179,0.0539117353530827,0.051852230845637726,0.05540255315044792,0.040373815946634015,0.04070079610258473,0.04680932646204531,0.03844369207643573,0.0347116487856745,0.03846074679680007,0.03302793622005059,0.027098186377512705
T:CACCA,0.03797049517889161,0.0710390773787548,0.07986001301232548,0.04601821446931585,0.06331109349509112,0.06667980902252915,0.05853108399358579,0.06122549914249611,0.0510538729779696,0.05456678290453495,0.049517192569878556,0.062131764423967756,0.040189835061111956,0.03912892651101102,0.046229978224555955,0.03926267204063635,0.03324203343359604,0.0399028394454576,0.03185790652023389,0.028280910194056406
T:CACCC,0.032851316420076486,0.0676812567726488,0.0791863390260474,0.04351432866329325,0.0655900360502201,0.06941255271358264,0.05719147036009801,0.06493466499086716,0.05411478713432508,0.055371636772379336,0.049451162826506634,0.06676508460157096,0.0387025000336828,0.03724451595891083,0.04273096296239267,0.04033370993912074,0.032480805615596485,0.04224208117362425,0.031076714021476153,0.02912407396358023
T:CACCG,0.024073399420934557,0.06490038923935344,0.07855252813836212,0.045692481736429355,0.06529825705136809,0.07148198569593311,0.05436408260311008,0.0597664563879355,0.0576572776254482,0.054637317124614115,0.05309378175752114,0.06879278277376182,0.039417674918029645,0.03767280885088106,0.04054416812072172,0.04239449312599467,0.03245738500182156,0.045702068912622476,0.03221770559699346,0.031282955918163866
T:CACCT,0.03710248693012251,0.07063435682011507,0.08022864788749051,0.044950748799024186,0.06421788957695748,0.0668272191338445,0.05855997783463659,0.06234684232266653,0.05172199701139269,0.05498936079450664,0.048745215736394364,0.06261715163254153,0.03995087128293022,0.03821075510060997,0.04507069855528121,0.0396602887748146,0.03306220746408476,0.04063762587333137,0.031487655734062946,0.02897800273519233
T:CACGA,0.03126425084364994,0.06869686685451779,0.07823023122968879,0.04815645086189103,0.06253810225565354,0.06973372823671162,0.057867425751604494,0.0557649012821559,0.053753582212066955,0.054180807503804225,0.053211150100085924,0.06105481444501514,0.04077841408211366,0.041282443920680104,0.04435942607802382,0.040639205840985786,0.03353478525928735,0.041484055856106684,0.033822802309896746,0.029646555076060503
T:CACGC,0.02401673950077772,0.06398414932227242,0.07788311976890601,0.04587067624620399,0.06609140063698986,0.07295385526998,0.054821865047033555,0.06083993778238649,0.05575512924968521,0.05514035997333531,0.05335901044367084,0.06666172876083253,0.04035256647655729,0.038600844381897634,0.04110436263980446,0.04117102436856529,0.032779053403451594,0.04521516924672247,0.03235686245463299,0.03104214502629435
T:CACGG,0.02267769640128563,0.06496302931310044,0.07729947134552224,0.04528513971582626,0.06585173086042467,0.07184783181411034,0.05450585735110736,0.058805346259901296,0.057986897799322056,0.054976553032298855,0.05283734654091364,0.06639267962836116,0.0399704937035671,0.03941198166394436,0.04175492210689007,0.04243286439397931,0.032751989040518466,0.045903366879182256,0.03327186188243146,0.031072940267312995
T:CACGT,0.027791206866351375,0.06798738833420914,0.07787703625853915,0.048064459625153266,0.06322998773865826,0.0694587493431424,0.05812926957435628,0.055936241022946226,0.05372219302855141,0.055193554037484674,0.055246102644946574,0.06187423366614118,0.04089332632685234,0.04072166754247679,0.0436048344718865,0.0404133823787003,0.03425818882466281,0.04233315817130846,0.03335084953582063,0.029914170607812228
T:CACTA,0.04885377480205886,0.07503881864562538,0.07874752715041716,0.05063965884861407,0.060417883286026645,0.062282989058347935,0.061706933938134624,0.05531147719093341,0.04712787291929796,0.052772986749600494,0.050314849772973166,0.054543026451002494,0.041512184301422825,0.041452202137628506,0.04806947971697473,0.0384202735186669,0.03440486376126646,0.037104061132010556,0.033455334791013085,0.027823801827984735
T:CACTC,0.03682120097347694,0.07086376965657087,0.08003698775508718,0.04678168305207228,0.06385302464090752,0.06675088419301346,0.05954537097881031,0.060096910830750076,0.05071436242539195,0.054920991461143744,0.04895416758438287,0.06064845068268984,0.040092214550822666,0.03940870559239567,0.04698646270006972,0.03892815601842835,0.03354381647374907,0.040035786381152266,0.03229511568684914,0.028721938362236084
T:CACTG,0.03495968147184031,0.07158198266160602,0.0801785951359688,0.04704283230991232,0.06269813401955687,0.06664933737159674,0.06007640606136556,0.059741400595813426,0.05095122940802053,0.055269077630692456,0.04935809230517261,0.060291057711515626,0.04060266242491845,0.04000275448938343,0.04602230640096184,0.039543672925478654,0.034096111827305924,0.0400976727046232,0.03269839457936342,0.028138597964903835
T:CACTT,0.04542989160257991,0.07392417747592273,0.08059185150428261,0.05015547832449241,0.061111332023763135,0.06350911794879951,0.06176744260026563,0.05573281586753724,0.0481028463269737,0.05347102377108501,0.05006163462991387,0.055791666998035644,0.040613642328277966,0.0409961746765176,0.047892095656945625,0.038258006537247195,0.03473091513507925,0.036958509952998625,0.03333757485625214,0.0275638017830302
T:CATAA,0.05461392119901732,0.07811948516435681,0.07917223324644676,0.05265744814910678,0.059142132320324746,0.06144632597019712,0.06384115356091168,0.05188967409254945,0.04561501664962923,0.05124652170465013,0.052875318199208175,0.04910006597105117,0.0411966120335729,0.042107308842996745,0.04839155256812143,0.03768716126653961,0.03519211345277841,0.03552240444873213,0.03369491046848161,0.026488640691327812
T:CATAC,0.046950520269091946,0.07440931358301317,0.07816983654725228,0.049483958589856734,0.05939470165777973,0.06541914822780863,0.06094097627742048,0.05499579874120774,0.049743961020773775,0.053108138815932016,0.05272130593090911,0.054006521199181944,0.04104867647136538,0.04109412405075332,0.047743210607253644,0.03766124642628772,0.03459194943692563,0.038467676730310894,0.033256001987010446,0.0267929334298654
T:CATAG,0.05184450185301001,0.07521541103231552,0.08016008592132276,0.049665530035999446,0.06024879173139863,0.0616841286433138,0.06262334063340456,0.05718033091200799,0.04762799249514372,0.05184892167413985,0.0510876074845251,0.05340801357769051,0.03997949202995755,0.04016622947269324,0.04853847564789053,0.03842481994753672,0.03463371837341743,0.03631435535803866,0.032370769954939926,0.026977483221254036
T:CATAT,0.060249451290226734,0.07888721338500417,0.07861485525882808,0.05216257144408911,0.058940375135380356,0.06142753995917024,0.06398738686355257,0.05137185430357787,0.04750293124434917,0.04967460791611689,0.053245614315334804,0.04748136623142613,0.04038248345883638,0.04115802521988326,0.04805243972179536,0.037995955362020654,0.03534984840594619,0.034885002571827466,0.03285709265287997,0.025773385259754575
T:CATCA,0.04548834278512918,0.07499606175173283,0.07889965343415249,0.04973534971644612,0.060424543163201005,0.06412728418399496,0.061863579080025204,0.056028670447385,0.04896660365469439,0.052900126023944546,0.0509317895400126,0.05423755513547574,0.04084436042848141,0.04098534971644612,0.04893431001890359,0.03880119722747322,0.0341997479521109,0.03716603654694392,0.03278040327662256,0.027689035916824197
T:CATCC,0.041118721264820926,0.07209226984859649,0.07826480850222045,0.04631554201081986,0.06250424069364847,0.06592355379206409,0.05942705003492898,0.06156388180912053,0.052232922308581065,0.05381069925812947,0.05037227317425595,0.05921202894852778,0.03948264970962597,0.038833763853330774,0.046669132241790735,0.03945684717925783,0.032759657074814916,0.03946258107489519,0.03199991590286399,0.028497461317706557
T:CATCG,0.029958396516194252,0.06924193527482925,0.07807457521676582,0.048647562761641845,0.06164055108415309,0.06876239356118045,0.057992145884365645,0.05639799370115479,0.05342353901784673,0.05451222831369804,0.05435670127143357,0.061167489663931984,0.039957489275114375,0.040333346293920186,0.045206526951540364,0.040974895343261146,0.03373640758453543,0.041655326153168214,0.03351607760799409,0.030444418523270733
T:CATCT,0.04268013384099979,0.07400007805337619,0.07988352245301221,0.048709414811929024,0.06218457706367307,0.06420711805710083,0.061293125346190684,0.057746489480938204,0.04934753539617908,0.054255997272239904,0.05045192220132431,0.057238457856996626,0.04002837308692202,0.03994073420839841,0.04680737727647122,0.03869393422565231,0.034173685194301556,0.03766143868804599,0.03277762524656993,0.02791846023967864
T:CATGA,0.04625246253459176,0.07558029440784556,0.07879861533299448,0.04978140333741956,0.05991973715246287,0.06399350854287716,0.06235735571125308,0.0566665337811575,0.04881881393038793,0.05237599290391381,0.05090013321772294,0.053157525804704814,0.03997860543302404,0.04152256894266323,0.048621977269933656,0.038539289261854216,0.035036925560859904,0.03755427542515057,0.033541963582726216,0.026602017866456707
T:CATGC,0.039042737660479825,0.07304125670329219,0.07935446700948429,0.04724122700944694,0.0616315367311932,0.06751521342684716,0.060349472280608704,0.058072010376038,0.05186058086016907,0.05548080218203074,0.05056450987880616,0.05817659247251685,0.039867255438969344,0.03937982816788041,0.04658665513773556,0.03817059767734369,0.03415072334393783,0.0393368748068266,0.032639885557305855,0.027537773279087595
T:CATGG,0.040055860756224554,0.07190876714163189,0.0797697656845334,0.046650267666123575,0.061628570608697315,0.06620631494370881,0.06032690658308809,0.06009734183148034,0.05139859136517694,0.05414858578547812,0.050197361918396105,0.05866893893258767,0.039709919429148983,0.03985658579823172,0.04702968718614194,0.03925636962475728,0.03367906210045371,0.03972426722612447,0.03211913772928577,0.027567697688729326
T:CATGT,0.04424113362523594,0.07506385214952203,0.07944684480197854,0.04924242143086711,0.05987145695723075,0.06542423731845466,0.06222884640078738,0.055718562140889646,0.05124427260507121,0.05400841564279315,0.05097038195498544,0.055036433394470084,0.03980024538820845,0.04050983742474502,0.04716040713956473,0.037901567114714166,0.034742546500174804,0.037663304516672075,0.032964112902327924,0.026761120591306902
T:CATTA,0.054165577761577925,0.07856818641793127,0.07955556952847298,0.05317033488498215,0.05918207344558389,0.06143684383234333,0.06369947398515684,0.05012762295130285,0.046008123068216875,0.05137732575389894,0.05280583823422496,0.04959119391811303,0.041189104006319255,0.042088064748752756,0.04820296273881408,0.03802456569880198,0.03536599983101503,0.03450339050658157,0.034088787847229726,0.02684896084068058
T:CATTC,0.04785448565833641,0.07604963285561435,0.07962380776720054,0.05002560192041932,0.060901371125071345,0.06254209634764288,0.06287794949722968,0.05625723781889991,0.0482839372266605,0.05229123423279578,0.05088175216239876,0.053549307096411876,0.03996010137993433,0.04091168530376357,0.04888498589600298,0.0380844624789633,0.03440751283307732,0.036423549362154306,0.03301363049913651,0.02717565853828634
T:CATTG,0.05291622552953315,0.0766567087685699,0.07963283903496055,0.051814787591065316,0.05925623717330564,0.061423147729801536,0.06354285380322025,0.05558665057218577,0.04871502653566299,0.05050654906006883,0.05180467234469163,0.05039190960116707,0.03929436041297179,0.04062844901803436,0.049654620532151875,0.038795341591870036,0.03440982033074608,0.0356584912997642,0.032797000492275324,0.02651430857795371
T:CATTT,0.05580568949824745,0.07788364091739447,0.08032957433120101,0.0536362482275455,0.059282820262893464,0.06085624345079408,0.06390733962917777,0.04987832194013569,0.04674922700542871,0.05068466770378117,0.0524022541102655,0.0490988722993603,0.040739557311334454,0.041670701085097184,0.048674451480470185,0.03772073648039488,0.03547706191057147,0.03479712792441544,0.033946672519263005,0.026458791912228267
T:CCCAA,0.04380453064967064,0.07181872901044625,0.07963634581060762,0.04620253317143066,0.0632087427443146,0.06442060192756328,0.059185820283211815,0.06068296461901574,0.04957613055291477,0.05363682316097556,0.04970310253630555,0.06026508214203343,0.04007653678289961,0.03910013830302748,0.047447340780749116,0.03854403316058179,0.03318870849402388,0.038906465847349136,0.03191014883848762,0.028685221184391447
T:CCCAC,0.03439818880572363,0.06831457415180837,0.07945486919600055,0.044524924063585165,0.06505394103950304,0.06832021399163693,0.05740470684918263,0.06408630566320488,0.05320544325112595,0.05515279937478347,0.04948073189007147,0.06501365646929913,0.03895840215280743,0.03775550488651837,0.04402217262744024,0.040101678255194693,0.03252415059983725,0.042039366082003274,0.030921630397125293,0.029266740253148238
T:CCCAG,0.03315928205145979,0.0671891093461437,0.08062623801411704,0.042674624617078515,0.06613890944423167,0.0689053601209405,0.05637979110380169,0.06631452042892982,0.05267636339689411,0.05598062271424107,0.048372161268650724,0.06786324756700801,0.039317219870151854,0.0363335661334216,0.044765781737497394,0.03985445084307714,0.03214027620604021,0.04168912349900265,0.030482947537951326,0.029136404099361156
T:CCCAT,0.04389956282753993,0.07224691903969464,0.07894221332619582,0.0468253598817656,0.06236301994235685,0.06468658962811248,0.060355595380790016,0.06144076836841962,0.05101864674370522,0.05392407862121935,0.04976376395014605,0.05872153239226822,0.03887130372042685,0.03882572451540577,0.0469048810479726,0.039163204586625706,0.03329415461242159,0.03874523357887918,0.03210230688963626,0.02790514094641825
T:CCCCA,0.03636656654978334,0.06824955409925158,0.07968398139502615,0.04357324768955479,0.06505525700360479,0.06854730305929829,0.05708252271419858,0.06578517557070959,0.05269361632011193,0.05518112098147308,0.049364175885803156,0.06601065536569643,0.03831783400640016,0.036758265424407896,0.044193317125768586,0.039933049845488525,0.0320325847211422,0.04149261842748078,0.030556848370619404,0.029122305444180742
T:CCCCC,0.0362425135849649,0.0669605960647005,0.07732852068127026,0.04372347072332206,0.06547085015318496,0.07055241192254152,0.05451763108568482,0.06454144830748022,0.05377015913147709,0.05315783509666715,0.05218373047762314,0.06936311023184105,0.038249979987711936,0.03685691681853481,0.042327288756004985,0.04069095933191186,0.030827240414633816,0.04222436841738668,0.031074665067069754,0.029936303745988446
T:CCCCG,0.027857064995781066,0.062391751078956614,0.0788476057054499,0.043420686091250056,0.07037340578861737,0.07124141578486272,0.051567868288566895,0.0654641027400855,0.057062573427589795,0.053057615677471706,0.05316662158397694,0.07318333582297441,0.03722349844363789,0.035967911890929495,0.039524734247637194,0.04140609544880154,0.030376312612790834,0.04619428082343869,0.030311716520046994,0.031361403027134395
T:CCCCT,0.03836771716995288,0.0698977019661706,0.07831436499398597,0.04456831976372608,0.06525915898869045,0.0678434050120876,0.0577455926894816,0.06385390078241919,0.05238854198506616,0.05427909063121499,0.04972986491260802,0.06485028442584881,0.03898698349814022,0.036801687897709906,0.04461794046310006,0.04017093338520351,0.03228223459872733,0.040548050700445794,0.030951407441517045,0.0285428186939038
T:CCCGA,0.0287816489937243,0.0640151381710392,0.078539327539091,0.045077326462106763,0.06806137803656714,0.07075383864360377,0.054000191240192646,0.061856137048761216,0.05579180988711796,0.05549488432484663,0.05160465619542735,0.0704166519881431,0.03868587791830018,0.03699994464099687,0.04088010749711882,0.04058821457149615,0.03171064352324827,0.04435765942134744,0.0314791422374096,0.03090542165946161
T:CCCGC,0.024876561138541968,0.060877142027301774,0.07949946751863685,0.04280182011811405,0.07181721367024882,0.07182689514957885,0.050687385032432954,0.06610514086552426,0.05771613902604318,0.05327718075321909,0.05279794752638203,0.07421337980443411,0.03754961758156646,0.03589408461612934,0.03870171362184142,0.04261787201084326,0.030259463646045117,0.04712944137864266,0.029412334204666473,0.03193920030980734
T:CCCGG,0.028570508796497498,0.06260965441756403,0.07842001062340045,0.043060987976242214,0.07145041608318445,0.07176428927841358,0.05081928951985449,0.06425145266953176,0.05648510309527259,0.05451333558678192,0.05075892929000274,0.0737400808022277,0.03804304086789963,0.03561655962785906,0.040706939012023755,0.04176123102676775,0.030836029423600045,0.04494422714761698,0.029970866129058218,0.03167704862620117
T:CCCGT,0.02603162130628378,0.0648022477796033,0.0772078958020811,0.04535443007833893,0.06693335238231302,0.07116579755696835,0.05511703216896445,0.06167107174321975,0.05805771840845775,0.054878919922851634,0.05296211634164345,0.06693930518846584,0.03888372979022311,0.03688953972902827,0.04114579612829488,0.04111007929137796,0.03316308307736267,0.04491392242303022,0.032067766745243705,0.030704574136247827
T:CCCTA,0.04536527859929762,0.07284025674420136,0.07956352936817157,0.04633280405345132,0.06218649773626491,0.06365082349453725,0.05973131612281672,0.060199296519790356,0.04964709337512677,0.05333604148968728,0.04978844815779036,0.06019106226060607,0.040092607968292615,0.038562408136545975,0.04716446423106429,0.03935426939476823,0.03348598734943314,0.038375764928368805,0.03195304276462507,0.028179007305160274
T:CCCTC,0.03427008265633617,0.06923501147676735,0.07831270438512017,0.044674223399787834,0.06564103774937304,0.06826357606288695,0.057556705012505545,0.06438795352625995,0.05243474433202853,0.0550977591211208,0.05008457896876059,0.06631817545540251,0.03847963611648455,0.03704946731271619,0.04297674120522079,0.04047816209816557,0.032505139669138546,0.041964829315762044,0.03091896778241196,0.029350504353750903
T:CCCTG,0.033548489862849265,0.067916883257257,0.08048778926843699,0.043465553740658754,0.06629769822572307,0.06894869594094419,0.057162138234455435,0.06424331721733417,0.05363221531107624,0.055550775352832295,0.04852150700117972,0.06642143041522106,0.03940301351880836,0.03658561734184857,0.044834429975047344,0.04010131817448088,0.03242067806662054,0.04130948478342956,0.030628694632511843,0.028520269679284744
T:CCCTT,0.042708597561712136,0.07345711532761531,0.07897350701093708,0.04740547476555103,0.062285887904914024,0.0639063337691069,0.060101445114365014,0.05954952719961124,0.05082848082271077,0.05404800199210776,0.05022731770680894,0.06027984282418441,0.03957920440196349,0.03862960825907064,0.04629699316235028,0.039121131115812634,0.03382680741502648,0.03852740123781994,0.031903457106036065,0.028343865302295847
T:CCTAA,0.04952644630568364,0.07584162425763445,0.07926201091292566,0.05010960507868217,0.060668430528306436,0.06171523925554859,0.061096670462178225,0.055643527324916814,0.047401845083374,0.052428961413036865,0.050972724325245466,0.054278028414328224,0.04112431240933098,0.041252673733178855,0.04875185211004992,0.03804585376325524,0.03449378609470631,0.03636277123245683,0.03338722295808671,0.027636414337074623
T:CCTAC,0.04224211989457702,0.07198312765544712,0.07899868585905583,0.047568693399687,0.0632173262409589,0.0638999210932019,0.05980289344373479,0.05920051807199042,0.04962522917247043,0.054082515216176914,0.0492460098101132,0.05916988881580003,0.040615852244468134,0.03942276978905194,0.04767370799233977,0.03948694537345085,0.03410203042797822,0.03861328230402016,0.03261724077074877,0.028431242424728602
T:CCTAG,0.04509828804167195,0.07196147036251457,0.079830556613066,0.045497120550147145,0.06344700059824876,0.06492026371288893,0.05970643510209508,0.06169092897759891,0.049255814796686066,0.05479475233105515,0.04827927944260135,0.0613525256370745,0.040160016436733684,0.038397901899288746,0.04569170247094868,0.03856710356955095,0.03334118912516693,0.038585232319936186,0.031423167334408975,0.02799925067831741
T:CCTAT,0.05315380614831468,0.07608065073144497,0.07894309375900059,0.0492566793749855,0.0610982116897423,0.06144356127771158,0.0629287010077929,0.05585654205416119,0.04759681732371814,0.051511689332792786,0.050406024644037394,0.05330668817935246,0.04052875342448924,0.04045777248150742,0.04975900604839535,0.038232792922653976,0.03417322899134715,0.03617434557618098,0.032521557048885395,0.02657007798348601
T:CCTCA,0.038871932536413654,0.07073336864084168,0.07992396753392901,0.04597899228013463,0.06367310496357706,0.06596759780934985,0.059156170358480156,0.063240798444885,0.050977257854496916,0.054372572454052574,0.04856243226640778,0.061926794610578734,0.03961027047383617,0.038288838692473334,0.0463273629970875,0.03938000411508267,0.03342353337042355,0.03991110232962704,0.031182521743458022,0.028491376524864682
T:CCTCC,0.03478660459125488,0.06931359263681859,0.07881206982142139,0.04417975930124911,0.06510673124656192,0.06823286329545301,0.057711349335193805,0.06464519072088873,0.05240698750888868,0.055702172192183326,0.04954181369326339,0.06709309970080367,0.03858894717776019,0.03642279258851784,0.04335931734936203,0.04006547435364201,0.032309849328485366,0.04138569492707928,0.031054029758630405,0.029281660472542364
T:CCTCG,0.027599926729628067,0.06440976881493693,0.07874435030053632,0.04431153539768346,0.06758765820223475,0.07036085658176676,0.05414339693372013,0.06236501424938338,0.0558132798289222,0.05558750484564233,0.051949545681094965,0.06882729065760158,0.039770476300016615,0.03681836189599867,0.04079285358279339,0.041048447903487585,0.03250307778161169,0.0444947113275143,0.031574418416422785,0.03129752456900408
T:CCTCT,0.03814339737119413,0.07135524025450718,0.07930381101010543,0.046065454392986566,0.0646435660108731,0.06588046252283726,0.05936548318813467,0.06118198225306311,0.05091746767945019,0.05515041611147114,0.049242786260459824,0.06392769519811617,0.03992721671771074,0.03750028517678803,0.04492351404395484,0.03907816063746415,0.03312736889421082,0.04009493149899402,0.03177023568242959,0.028400525095249048
T:CCTGA,0.03874676519713927,0.07171583119420455,0.08000901156957223,0.0464446448673218,0.06405301309437754,0.0663790125915797,0.05917050292465716,0.06112649095597983,0.05064158943796303,0.054903435213304895,0.04906232679024751,0.060697546212268715,0.040132816212470133,0.03892804097578588,0.04726374283009536,0.03879898455724323,0.03322121090728154,0.03958525892223717,0.03117122802777175,0.02794854751849871
T:CCTGC,0.030562345202809697,0.06760160786065207,0.08085346542693572,0.04351211985870315,0.06560233870640302,0.06902432092248975,0.05715457387632466,0.06460108002760973,0.05347679564740753,0.05611190060497787,0.0487888261805189,0.06690730439725527,0.039543627431077186,0.03704575906451744,0.04403183239270778,0.04047180153477608,0.03288805879248041,0.0419148158674733,0.031079621584311178,0.028827804620569247
T:CCTGG,0.03332312895512471,0.06734253169986908,0.08110762267052184,0.04253443659421558,0.06679836891182081,0.06830547707801767,0.05673040266136972,0.06471527557230969,0.053702184479458966,0.05613086892295864,0.048368752708880546,0.06903548259601927,0.03932928595022597,0.035784272231595686,0.04460671032273627,0.0392783701338004,0.032253260362482425,0.04154221462162229,0.030240812718261786,0.028870540808708642
T:CCTGT,0.0368382745024774,0.07091151823698151,0.08051439536359142,0.0461577982508378,0.06378954005674851,0.06698816376891131,0.05902702366078553,0.061328880637389414,0.05226157253340495,0.05493708231649171,0.04937510460332473,0.061397383651911275,0.03947330523152851,0.03796001136527286,0.04669336727346326,0.03888168828793063,0.03355402202216228,0.040324922252970734,0.03166707534942376,0.027918870634392405
T:CCTTA,0.04853835154315257,0.07528761547420684,0.07852487201684097,0.0506832600680487,0.06067595363428767,0.06266412348114192,0.061260709471597743,0.05561811706209022,0.048288775340424354,0.0529632049924886,0.05120652611628081,0.05512017033877257,0.04064595626267473,0.040969079075868754,0.0477317501923063,0.03811281808909026,0.03486229904292952,0.036795007511399726,0.03257873707207327,0.027472673214324467
T:CCTTC,0.03976356165571514,0.07318844147798217,0.07931473153753271,0.04699884544125677,0.06331626604972614,0.06449507714083927,0.06043317633000243,0.05963431868907976,0.05063522778466561,0.054220165753773995,0.04998114931141705,0.06025679561811518,0.03959453014015652,0.039192529100980165,0.046382982788917115,0.03898307700561405,0.03387612047684525,0.0390183531479915,0.032199768794283504,0.02851488175510567
T:CCTTG,0.040708088581120974,0.07247273345881386,0.07979414887181246,0.04666219691587195,0.06262048085906548,0.06496209657390872,0.05965843704883642,0.06140691622674191,0.05107615163553761,0.05414281308648422,0.04945958165679774,0.06116947966824381,0.03953819044231429,0.03879040174083754,0.04642657979460373,0.038918672065543405,0.03345945065731719,0.03873127003086675,0.031856526457801335,0.028145784227480597
T:CCTTT,0.04688653338821005,0.07516716033222905,0.0805594726437309,0.04987956359514476,0.061871251121711615,0.06234894845861643,0.06113378899002098,0.055373082969550166,0.048857372259818774,0.053278771481199104,0.05075804090114769,0.05712733872654526,0.04034990655214525,0.039837124100100534,0.04694118520217798,0.03809163962189041,0.03436924384829736,0.03671117528388581,0.032724291719238116,0.02773410880433976
T:CGCAA,0.03348724694747808,0.07025876910309269,0.07707452302965559,0.048575489771954763,0.06337238560216127,0.06778673400019423,0.058163454492482364,0.054843864497161575,0.05185976498009129,0.052566060723776564,0.05533827151774127,0.059125782443253554,0.03933184422647373,0.04157433321267448,0.04549427459012775,0.04098281052733806,0.03429948705271615,0.04209522632364237,0.03365499218660334,0.030114684771380896
T:CGCAC,0.02426867994363946,0.06514584341023322,0.07752202897941157,0.04486761582301108,0.06528253874787071,0.0731477781750121,0.05473596769784021,0.05952556202813821,0.05650249206115539,0.055561397236651176,0.05311665369813463,0.06637610144897058,0.039709995583689095,0.03843767744106328,0.04130827953145044,0.041755168135265294,0.03316964942903409,0.045372337069672565,0.03309078673424323,0.031103446825513657
T:CGCAG,0.023779574722970948,0.06323404059253115,0.07866473149492018,0.04500195820950538,0.06679107056465547,0.07001174925703228,0.05404658234846914,0.06359342963116547,0.05679729075955491,0.05473310756329624,0.052092980394867185,0.06726564839772387,0.03964798304420946,0.03743175063929781,0.042435551869514136,0.042495450042619856,0.032298937959315314,0.04619531411984242,0.03213767364710761,0.03134517474140116
T:CGCAT,0.03071701927937035,0.0683731677377428,0.0770597155029244,0.04774351938768142,0.06251714925265361,0.07087154307170193,0.05770091703372084,0.05583074590223121,0.05457433749729222,0.05494259513322262,0.05449490937973861,0.05962163333092642,0.03955520254169976,0.040335042241317065,0.04420535778756589,0.040667196187450357,0.03425518087948588,0.043078922665896455,0.033973572099068525,0.029482273088309627
T:CGCCA,0.03183447630922693,0.06461385598503741,0.07848055642144638,0.044576059850374064,0.06693227867830424,0.07085314058603491,0.05479952462593516,0.059952657418952615,0.05537913029925187,0.053791302992518705,0.0529145885286783,0.06711249220698254,0.040781834476309224,0.03819552680798005,0.041945916458852865,0.041254286159601,0.03169322786783042,0.042150483167082295,0.032058525561097256,0.03068013559850374
T:CGCCC,0.025108000606662524,0.06018679334823897,0.07911075015778118,0.04296051311907709,0.07132198613482585,0.07390030186353029,0.04992734727026326,0.06665949108842106,0.057451919548721364,0.05407613614681233,0.05227082589274794,0.0745754585439121,0.03748587308032897,0.03564631574827419,0.03849371566118877,0.04264739697745074,0.030210815227229362,0.04672279925830614,0.02978517297220605,0.03145838735402183
T:CGCCG,0.025860057553210795,0.05684027687760869,0.08140409094444301,0.044720400279988595,0.06963420008814455,0.07462473751069401,0.0486220931739818,0.0647214372747777,0.05833095688694164,0.04986648692090322,0.05122754258159853,0.07595986830166178,0.04039094703549115,0.03843361937106266,0.03623000544422264,0.04320379540092811,0.028582168874601407,0.04790915925647474,0.03037098488580095,0.03306717133746403
T:CGCCT,0.02706614288667932,0.062313215420183074,0.07950679472962051,0.04504915136364491,0.06977989962972013,0.07105332406067327,0.052360769129560364,0.06109617878691051,0.05435313798094092,0.055372817322331444,0.05124241114222882,0.07187564611018175,0.04043005093697724,0.037042084093002275,0.03949025430896754,0.041623592654549554,0.032390090784354265,0.04495517170084394,0.030891115162678798,0.032108151795951355
T:CGCGA,0.027061855670103094,0.06094004340748779,0.07304666304937601,0.04917254476397179,0.07016413456321216,0.07128323385784048,0.05215680954964731,0.06053309820944113,0.06026180141074335,0.05358111774281064,0.054327183939229515,0.06857026587086272,0.03740504612045578,0.03933803581117743,0.038049376017362996,0.04252577319587629,0.02967308735756918,0.045069180683667935,0.03520075963103635,0.03163998914812805
T:CGCGC,0.025635005336179295,0.06073639274279616,0.0792315901814301,0.04313767342582711,0.06971184631803629,0.07178228388473852,0.05309498399146211,0.06128068303094984,0.059647812166488796,0.055635005336179294,0.05103521878335112,0.07264674493062967,0.039092849519743865,0.03815368196371398,0.03676627534685165,0.04178228388473853,0.030469583778014942,0.045816435432230525,0.03183564567769477,0.03250800426894344
T:CGCGG,0.023329226978749614,0.05629812134277795,0.0807360640591315,0.0444256236526024,0.07362180474283954,0.07252848783492455,0.049907607021866335,0.06392054203880505,0.057530027717893444,0.05263319987680936,0.05275639051432091,0.07343701878657222,0.040421927933477056,0.03692639359408685,0.04045272559285494,0.0398367724052972,0.0300277178934401,0.04695103172158916,0.03138281490606714,0.03287650138589467
T:CGCGT,0.022853702588801927,0.06256472004816375,0.07701384708007225,0.047417218543046355,0.06701986754966888,0.07258278145695364,0.05346177001806141,0.05794099939795304,0.05851896447922938,0.05375075255869958,0.05442504515352198,0.06598434677904877,0.038386514148103554,0.04105960264900662,0.04168573148705599,0.0422155328115593,0.03152317880794702,0.04753762793497893,0.031065623118603253,0.032992173389524385
T:CGCTA,0.031264615572320395,0.07009374300994367,0.08051528153405046,0.048477947007747525,0.06423734672712854,0.06808060678772597,0.05830977896170974,0.05324643634219249,0.05241271326026394,0.05257539093478659,0.05552392378550949,0.061614169225450925,0.03962218110092116,0.0416251499684812,0.04470585842975375,0.03986619761270513,0.03225084897411391,0.042377534213148424,0.03319641295727677,0.030003863594769913
T:CGCTC,0.023362093588493022,0.06364082195767339,0.08031494365612722,0.045403838173714815,0.06757492306946114,0.07021023189639841,0.05415047667293608,0.06071449743205592,0.05629537015580118,0.05497502115252995,0.052328933966382295,0.06866892652931444,0.039486518967217624,0.038688920385649694,0.040170944777076584,0.0415936881928464,0.032135677985740234,0.04571102141121057,0.032275796655475135,0.032297353373895894
T:CGCTG,0.02486376854091831,0.0644462364277627,0.0790183189567399,0.046241314989940455,0.06604273065676189,0.07190740333471805,0.05480618071337227,0.060573108846695825,0.05683030732513908,0.05463105507090552,0.05224038641676645,0.0670771937541236,0.039443996448614876,0.03746059673044498,0.04158623105181276,0.04231524244719758,0.0323004993117155,0.044477840497193916,0.032231263592600735,0.0315063248865756
T:CGCTT,0.02882941328337559,0.06797916073639126,0.08227802013756032,0.048973593449004045,0.06225961697592363,0.06754225114357776,0.05633485810367997,0.055811890560766846,0.05352804496196901,0.05448792209769563,0.0534684663811308,0.06273624562262926,0.04049357544303295,0.040870906455008245,0.04299587583823753,0.040976823932053937,0.032920475834265626,0.04347912432725853,0.03282117819953529,0.03121255651690377
T:CGTAA,0.034834732253237036,0.07167837855423255,0.07733912421107424,0.052711627301711236,0.061080746958162534,0.06649749495738175,0.05872210293447849,0.051076842995640574,0.05101177695360791,0.05418374650270024,0.0562007938057128,0.05616012752944238,0.04143893551955235,0.0425531914893617,0.04605049124861735,0.038730561519942745,0.03549352592881775,0.0398448174897521,0.034582601340360467,0.029808380506213806
T:CGTAC,0.03351592033769411,0.06911487551387037,0.07689594745021106,0.049166234997189556,0.06278862155996165,0.06778129236330772,0.058512338399479794,0.05547044625439476,0.053839286698334675,0.05386132939503819,0.055007549623620956,0.060639458631368964,0.04127494957733129,0.041308013622386563,0.04330287767405464,0.04121984283557251,0.03295383157175449,0.041087586655351414,0.03286566078494043,0.029393936054136864
T:CGTAG,0.032839754162558625,0.06809365411372285,0.07805430906594672,0.046375556313175526,0.06278621909755176,0.06638900918665401,0.05816064205220821,0.06100785979525832,0.05416163719627374,0.05379306532015075,0.05369170805421692,0.06236236144001032,0.0399808342624416,0.039888691293410855,0.0440443391966976,0.04158412192357662,0.03380725533738148,0.04062583504565684,0.032277682051471066,0.030075465091636184
T:CGTAT,0.03890114985959519,0.07261547973791102,0.0793136909720135,0.052014186467895816,0.060266726206322084,0.06574551949780591,0.06036977560992366,0.05088923047857861,0.05054573246657335,0.05317349225841356,0.05525165523104535,0.05555221599154995,0.040438303463318705,0.04244776683354945,0.04455169215708164,0.038841037707494266,0.036178928114453536,0.039674020386607015,0.033868903983718196,0.029360492576149217
T:CGTCA,0.026827798395026484,0.06726298093697465,0.07877057760015226,0.048973895391251944,0.06296824943699052,0.06821454626193421,0.05637707361943731,0.056821137437751766,0.05361119040822152,0.05404891045770292,0.0554001332191455,0.06258127953817363,0.0406572144511054,0.04159609223839883,0.04373394233514131,0.04166587369556253,0.03322866114758778,0.04282678339201319,0.03338725536841437,0.03104640466901386
T:CGTCC,0.025304617720009217,0.0643187270435478,0.0791057318279774,0.045255553597809736,0.06552499966115938,0.07063471625486237,0.054160285168268256,0.062495764492213446,0.057121752212629266,0.054200946043019206,0.05308277198736802,0.06862200295469023,0.04068798200078611,0.03758420189479676,0.04035591819032,0.04115558206042206,0.032230520052588064,0.044699854976213385,0.03209498380341822,0.031363088057901084
T:CGTCG,0.02279630499452012,0.060341318302802566,0.07793956474087992,0.044559260998904025,0.06591514012838579,0.06776264286832628,0.04903710662282762,0.06272115234069203,0.0679192108971348,0.051479567872240485,0.05385940191012995,0.07177078440582434,0.04033192422107406,0.03738844527947393,0.038766243932988886,0.042022858932206045,0.031188351338656647,0.04941286989196806,0.03125097855018005,0.033536871770784404
T:CGTCT,0.028056998268744172,0.06775868957251298,0.07709149021174591,0.047969103742176056,0.06516446930350246,0.06871221201225196,0.05642295911572779,0.05717938473831402,0.05432414436010121,0.05443068318018378,0.0540791050739113,0.06320948195498735,0.0407510986815821,0.0396058063656945,0.04286056731921694,0.0407138100945532,0.03391663337328539,0.04225329604474631,0.03437475029964043,0.03112531628712212
T:CGTGA,0.02741965596758486,0.06781243219513672,0.07731898939847309,0.049788322677983034,0.062307308039701484,0.07017897960934306,0.05808385348598994,0.0547686687287755,0.054904909198250064,0.05447600401657088,0.05605538427381307,0.06020314967781652,0.03988818189616458,0.04124049470428249,0.045610281614096346,0.04052397075371255,0.033812866146261715,0.04164921611270619,0.033686717563414896,0.030270613939923
T:CGTGC,0.025411030284804712,0.06594631589317101,0.07854035640771716,0.04594828614240754,0.06467602362225137,0.07309106180879249,0.055462516008275044,0.05829345306918167,0.05528623055026987,0.0562454308364745,0.053046368260321775,0.0655418963130415,0.04002716869999844,0.0382020957230037,0.04219444286017971,0.040996738719026905,0.03345275808968782,0.04498908585620291,0.032125432288237096,0.030523308566954774
T:CGTGG,0.02598007899294046,0.06526359775476831,0.07808488325839852,0.045089459705966256,0.06539217222550354,0.07201777542057915,0.055182555658683,0.06181217680596907,0.057866547735281236,0.05397716999554007,0.053245902693233364,0.06693506587432649,0.039745583266032634,0.037270524704379165,0.04315280674051663,0.04105945363885842,0.03223201263244175,0.04374344571545666,0.03188646874234078,0.03006231843878449
T:CGTGT,0.028228612341269364,0.06847992663295965,0.07843515825801547,0.04836834759244287,0.06212064534034825,0.07017734390397928,0.058548828902752474,0.05536315478273461,0.05651353710385217,0.05482014214864066,0.0549971240441972,0.06172243607534602,0.039036574917643084,0.03930607007678601,0.04260436903943076,0.04032371597623616,0.034700518476507666,0.043316318937465056,0.033155949206195974,0.02978122624319726
T:CGTTA,0.035613846032538705,0.07403124206025881,0.07781603455375369,0.05389824865736238,0.06087207927037611,0.06600608019905205,0.05920747146073716,0.049964517570373485,0.05099832663109662,0.05166416975495221,0.056999675839531805,0.055054713030374715,0.04097563539832313,0.04279794289519104,0.04478671117302284,0.040073242743624116,0.0355087129077194,0.03915332790145522,0.034544992596875795,0.03003302932338073
T:CGTTC,0.03283509725491697,0.06953614922840393,0.07862688433395214,0.049804469451940316,0.06331617257723936,0.06635917653888602,0.05859536978558624,0.05501649091245463,0.05265608951662807,0.05372783933959797,0.05453165170682539,0.05922693664555064,0.04023527460399482,0.040522350449433184,0.04535798357926164,0.04115391730939759,0.0331987266591389,0.04132616281666061,0.033766498886783666,0.030206758403347942
T:CGTTG,0.03362898188632105,0.06884030814074536,0.07811784301478243,0.05069331667707683,0.06151155527795128,0.06685821361648969,0.059029773058505104,0.05612325629814699,0.05389964605454924,0.05296689569019363,0.05479075577763898,0.06052050801582344,0.03855923381220071,0.0401998750780762,0.04398917343327087,0.041016031646887365,0.03294607536956069,0.04202373516552155,0.03353737247553612,0.030747449510722464
T:CGTTT,0.038239590765034484,0.07167435923569353,0.07818756279029135,0.052610377445484684,0.060395160233543486,0.06609300000485335,0.059589503161961335,0.05080492906820421,0.05130967807690628,0.052149308639458755,0.056313487961250804,0.055337963434817006,0.03983149148478716,0.042292142902209735,0.047029018214644516,0.039491756575083845,0.03539067087937955,0.03945778308411351,0.034104531578359853,0.02969768446392258
T:CTCAA,0.048192943028656926,0.07414807381457424,0.07939092760955913,0.04933390218547384,0.06178154876004254,0.06325826087479043,0.06062331372395849,0.057055469092700865,0.047507165734269934,0.05320745476724133,0.04990025057536189,0.05627429889975183,0.04071474068154095,0.04087172584531629,0.047308868685290564,0.038002427636599626,0.03412061267779133,0.03720923944068214,0.03290228762686504,0.02819648833953262
T:CTCAC,0.0362530320243176,0.07017869753446529,0.08013371611041174,0.046629463600356164,0.06385366452761829,0.06704918787804354,0.058890355859866746,0.061807240013509776,0.05090039608216402,0.05473609874420461,0.04947035524578587,0.062268568270441214,0.03973333538026958,0.03894040345113452,0.0458065952285916,0.03903481838558138,0.03335380269581504,0.040584604992477506,0.031520003684485244,0.028855660290460255
T:CTCAG,0.036014867560807455,0.07040831393289837,0.08072745802678426,0.045741174328589526,0.06473639277360164,0.06705778387637898,0.0584721893793304,0.061873232728617056,0.051023976606239446,0.05533869995437151,0.049011216171358854,0.06349853955523878,0.03994713312084445,0.03821358352400714,0.04522715994284782,0.03918499300030086,0.033544156944245535,0.03995712476117204,0.031327122973778605,0.02869488083858727
T:CTCAT,0.0454497885784811,0.07487668879911366,0.0796197266785502,0.04941702321614985,0.06110423526298173,0.06356397263152978,0.06189474157622116,0.05748382013473203,0.049032148698215997,0.053243281345002384,0.050369263315577215,0.055683991209293036,0.039952569621205636,0.04024144173129531,0.047652654639554204,0.03843123416717046,0.034680221168790396,0.0371849326383105,0.03288385178958002,0.027234412798245317
T:CTCCA,0.0390879999692981,0.07129877365085924,0.07931964582796316,0.04643726801674021,0.06383181497498115,0.06626430117031817,0.059357012602491585,0.06163407041353545,0.050464973925769194,0.05491419137903354,0.048731595648261086,0.06183619127541462,0.0394871247092114,0.038657533703333906,0.04621787733438402,0.03935536237520156,0.03292395330496392,0.03986386264480265,0.03183595461491179,0.028480492458525245
T:CTCCC,0.035636512245672415,0.06991125901275652,0.07851825904194763,0.04499299413258604,0.06562819277811834,0.06761245876755116,0.05773856438100242,0.06343958898911171,0.0523352891379864,0.05553974370201711,0.0495322123945471,0.06568438567300114,0.03873587879849374,0.037066147064833466,0.044048661587412795,0.039626207782351056,0.03270718393321073,0.041189391949090694,0.031076860203753977,0.028980208424555565
T:CTCCG,0.027166415710176813,0.06437259374802766,0.07787465399561803,0.04638036588554581,0.06735702242378887,0.07109882876953177,0.05425168381285558,0.060950869631860354,0.05621275099405819,0.054945946677005475,0.05281807608039023,0.0687184989495893,0.03877953998322949,0.037350440451180696,0.04040700033360683,0.04123650921025345,0.03164756692423518,0.04492421715099767,0.03185043594298028,0.0316565833250683
T:CTCCT,0.03792761057458763,0.07210773785336971,0.07974629788612124,0.045682878468010744,0.06367727526862667,0.06578596022767198,0.059478847464048176,0.061805672246443004,0.05115837134485951,0.05511482892521837,0.04924094062869486,0.062369658400369066,0.03949675081649675,0.03794655268809977,0.045795309077244106,0.03929022067562242,0.033327732170735654,0.03994158496607223,0.03180503065872727,0.028300739658980854
T:CTCGA,0.0357002433503714,0.06758020466935166,0.079147317301255,0.04676790325494405,0.06507231437892522,0.06797870418583891,0.05533298619597675,0.05889291520992954,0.052251256601808654,0.05487604008373803,0.05107169803300639,0.06569928695153184,0.040211257877007106,0.03850567994644166,0.042060295633507966,0.03979681837986036,0.03397872543914647,0.04260225497593063,0.03202342114491568,0.03045067638651265
T:CTCGC,0.026923264430577222,0.06477305967238689,0.07994710413416536,0.046820154056162244,0.06708877730109204,0.07086095943837753,0.05479109789391576,0.059843018720748826,0.055961144695787834,0.05583926482059282,0.0523900643525741,0.06752754485179407,0.039233131825273014,0.037837607254290175,0.04034223868954758,0.04086632215288612,0.03150594773790952,0.04349892745709828,0.03242614079563182,0.031524229719188765
T:CTCGG,0.024967384409149123,0.06526309909953042,0.07839710828376162,0.04386248389168831,0.06783643929510427,0.07120372476032029,0.054862017099745856,0.06113378576244679,0.055667931393553485,0.05528093294553695,0.051171567982062426,0.06977542120990876,0.03957358356573189,0.03729946897429452,0.040878207199767,0.04167215246940917,0.032843002310021664,0.045438405406807186,0.03134687428933919,0.03152640965182109
T:CTCGT,0.030543801072484986,0.06801530761035823,0.07783550865665602,0.04772617708500723,0.06281357687431928,0.06911040881794538,0.057105956993471055,0.057766588700222,0.05565970920301629,0.05396944429565352,0.05245772849822344,0.06293260961427441,0.04077466507162795,0.04027472756381643,0.0437326286595128,0.04064372905767731,0.03298397224156504,0.04208997684813208,0.032995875515560553,0.03056760762047601
T:CTCTA,0.04674216929014855,0.07495596905292809,0.0796865970440236,0.04908038025098329,0.061850962708980474,0.06372888145316366,0.06125837093305183,0.056740892231902755,0.047864878050124994,0.05355467784597943,0.0496261159330013,0.056447811958226415,0.04081625153086209,0.040177722407962226,0.04769307237245266,0.03809032936159031,0.034323466909950855,0.0366543278952702,0.03281580318235565,0.027891319587041625
T:CTCTC,0.03891120657999555,0.07423162820376475,0.0773092288892144,0.04751594733916715,0.0636137804273626,0.06576233197353715,0.06135085350119091,0.05920832171185832,0.05046311995970776,0.05558543138580822,0.0502694844479582,0.059902098687893666,0.03873211881394738,0.038535975070180334,0.0464454339141061,0.0382580629626434,0.03450123304685979,0.03975648076988677,0.03218312501630351,0.02746413729861405
T:CTCTG,0.035378397761533266,0.07071551558640886,0.08051726247375243,0.04598783883119092,0.06478164902902626,0.06634879457611473,0.059210846974777465,0.06099135508603634,0.05160887309751713,0.055642370522743255,0.04920916593639309,0.06353479600251062,0.0399768832354717,0.03786066479597267,0.04542633222291961,0.039110999262929325,0.033442219527697846,0.04015592874386645,0.0319337611194721,0.02816634521366595
T:CTCTT,0.044183089439217275,0.07443603061935976,0.07985927529021662,0.04907075124547985,0.062448462633731855,0.06336919075176983,0.061401017357753745,0.05648464131865745,0.04863816508561523,0.05369873651133307,0.050718698521154584,0.05892784799933583,0.04023425820212698,0.03938531566617332,0.04662754456480147,0.038048231172046316,0.03443398316971422,0.03740590626800492,0.03278853278385112,0.027840321399656552
T:CTTAA,0.05099018211552937,0.07763331040869043,0.07929038302204557,0.05307415851217263,0.05968078788568004,0.061886607856834704,0.06275124596336751,0.05050100272749098,0.04630597358431304,0.05260122493406909,0.05220320259066516,0.05244418210469883,0.04179415114740545,0.04210101644617492,0.047226569480621455,0.037490816604661824,0.03554131941247931,0.03515503015402833,0.03410085759825556,0.02722797745081581
T:CTTAC,0.044905407620303775,0.0748492290775904,0.07999473447153066,0.05088849340066671,0.06101431113852857,0.06349607860091812,0.060966560022507554,0.05416783355767754,0.04768400634444558,0.05392133455335284,0.05132728743977875,0.05584428490122617,0.04117694885855474,0.04117952999996128,0.04655475697908372,0.03825122507424008,0.03478604273595827,0.037589162303462216,0.03331608270493295,0.0280866902152801
T:CTTAG,0.04624829701243252,0.07503976012814446,0.07935494536188842,0.05025566189925154,0.061340614614626025,0.0629515410968665,0.06172253985988474,0.055336977774230876,0.0482115067805982,0.053075068262012116,0.05046087546386816,0.055250332046948306,0.040478375620628525,0.04120802385037651,0.04858545149834404,0.0381229799289733,0.03456594480895187,0.0370057060771717,0.033149971213097186,0.027635426701704983
T:CTTAT,0.0554084438890455,0.07832937870538281,0.07992972674223743,0.05319215052593962,0.059320529069289966,0.06066007142746162,0.06431911960881367,0.051494139086003726,0.04621032701702673,0.05088374281674572,0.05245412594583677,0.049594141971513364,0.04052809265593405,0.04163457462038901,0.048374459244396005,0.03763592415104977,0.035437387770322314,0.034319807691880845,0.033437507629953366,0.026836349430777735
T:CTTCA,0.046326662739666416,0.07508795949882986,0.07918212259670238,0.05007787666035163,0.0611743057435032,0.06288573490625614,0.06181841338576409,0.05556771687389553,0.04852366017650274,0.053042363841879867,0.050312037317115886,0.05493156936727535,0.04051311034340025,0.041222889104697014,0.04841885172390004,0.03852174974394897,0.03434466856648571,0.037227564357696655,0.03308166037815951,0.027739082673968764
T:CTTCC,0.038141121402250774,0.0725133203864157,0.07985758390598546,0.04687717856787173,0.06329050891345483,0.0648590777810975,0.060076187630714074,0.05982471865352056,0.0507133253659994,0.0548295737476347,0.04995269395478538,0.06134162434020516,0.03955470072701922,0.03901192610297779,0.04608106762274674,0.03886627327955383,0.03417612787570959,0.03892478338810875,0.03246066128871626,0.028647545065232545
T:CTTCG,0.03547900579150579,0.07022200772200772,0.07857746138996138,0.04960183397683398,0.06235521235521235,0.06603523166023166,0.05707046332046332,0.05653354247104247,0.053028474903474905,0.052636341698841696,0.05366192084942085,0.06155284749034749,0.03975627413127413,0.04022683397683398,0.04481780888030888,0.04046814671814672,0.033126206563706566,0.04148769305019305,0.03277630308880309,0.030586389961389963
T:CTTCT,0.04474641685862544,0.07545554832929126,0.07964606967756266,0.04881359335069772,0.061776550380767174,0.0629480595344506,0.061816063451584205,0.057222401988895756,0.048992470090207275,0.0536710312591107,0.050406397272957364,0.05698158584107843,0.03976563409401334,0.04006732172930556,0.047184480120119734,0.03875431306526385,0.03431389824209552,0.037008262503484095,0.03265007758444851,0.02777982462604082
T:CTTGA,0.04726352265552181,0.07494681890616074,0.07968801677741363,0.04977787967166782,0.06099946630987101,0.06326764935806849,0.06186295438828588,0.056801354520580896,0.048687009531254696,0.05348082473916835,0.05064418653597522,0.05618122162422202,0.03977306894374455,0.040087833368411555,0.04747868997865239,0.03801790492798942,0.034087577798490636,0.0368922697615683,0.03278060073964942,0.027281149463303168
T:CTTGC,0.04081826914871036,0.07240436859530536,0.08029952580915514,0.04750333159003827,0.06224876309933062,0.06514927055136994,0.06036687972795844,0.0591119261076306,0.050275827208094724,0.054956465035263434,0.050156568320025206,0.05993579714172551,0.040025033425312204,0.039679292061734525,0.04647923691817527,0.038424338441406684,0.033925324241940176,0.038272256006162075,0.03187713489821418,0.028090391672447257
T:CTTGG,0.040789593614500186,0.07178739306501387,0.08036823396137971,0.04626622742483626,0.06283415148634748,0.06483157332777771,0.05849468526065878,0.06098950941201491,0.05076628601934921,0.05430105426719966,0.04949022773734033,0.062128413130379305,0.039501382396472176,0.03863505167167975,0.04669678858665694,0.038897207862949604,0.033686202511317424,0.039020473356857946,0.03206899395391433,0.028446550953354428
T:CTTGT,0.04632856171124783,0.07523379934866789,0.08031544386725593,0.04972392486500249,0.0606766785862217,0.06364643382366912,0.06162384620353938,0.0566932544945336,0.049350567920563325,0.05242007501339525,0.05105109955045164,0.055694785923018165,0.039592936428617574,0.04017244720751806,0.04733938051247753,0.0382714618491904,0.034675644966996384,0.03708583979662022,0.03277845967935004,0.02732535825166348
T:CTTTA,0.05099526562975275,0.0767323094208583,0.08062619432603263,0.052362600658125494,0.060398513759945746,0.06202490747384308,0.06273222500847762,0.05112697805132564,0.04678920045466255,0.05202786190716676,0.05206351886107323,0.052821774901288455,0.04143046966757531,0.0413868080913633,0.047251285469572975,0.037842215795885044,0.03534913979417933,0.03540226137857061,0.033529907452012286,0.027106561898288903
T:CTTTC,0.04722147530972709,0.07628103319333573,0.08015817258721573,0.05100612686024597,0.061359252796226005,0.06156076604434394,0.06267000766240345,0.05465235289686013,0.04825844165946466,0.052812396066020395,0.051065539580815694,0.054633365326368775,0.04012257395505581,0.040741201251709644,0.04807285347046851,0.03798616602364136,0.034746028994632645,0.036317097327223824,0.03292444723201035,0.027410701762230292
T:CTTTG,0.04688357231578162,0.0751832783973619,0.08061616068515617,0.05028579872220832,0.06072217028541834,0.062256866264924514,0.06220346645248221,0.05544802442639092,0.0490583345403154,0.05278608035135614,0.051159946336846014,0.05559871430807742,0.040103990648449286,0.04028320919705701,0.04751778652656897,0.03823499721296869,0.03445312008520562,0.03668420813930182,0.03280942996797474,0.02771084513615489
T:CTTTT,0.05376990881180208,0.07713745772504786,0.08075358794242028,0.05264347588716034,0.06063370483681019,0.060947681830172976,0.06290545246404505,0.051607136017315126,0.0470318114800131,0.051914639258237444,0.051805664425489534,0.052695265906684094,0.04100151108171548,0.0410802750697412,0.04751302707808802,0.03707949606153086,0.03474570830674149,0.03472628704942009,0.0331294281141042,0.02687848065346057
T:GACAA,0.04699193317553563,0.0747689970924694,0.07973067458077414,0.049552084321045964,0.06055568306587183,0.06291290080455564,0.0616208619086906,0.0560397501349197,0.048106737654958265,0.05247733836442763,0.050439142575340136,0.05474239420656139,0.040984572630220775,0.04114674212126556,0.04866945692716286,0.038494429079205174,0.034051162258994426,0.0377402966372428,0.03342109390854173,0.027553748552216362
T:GACAC,0.03653139913834968,0.07155325244716101,0.07914876437627867,0.047254245353855875,0.06267053089595641,0.06719234227293915,0.05957440169131543,0.059807464645617536,0.05165123640384837,0.05343382669867788,0.05128847732853295,0.05843834168394323,0.0402165242609759,0.040174592432377615,0.04626738464358921,0.039338881336825705,0.034163713560753366,0.04083575010190409,0.03248644041682188,0.02797243031027603
T:GACAG,0.0359821748210512,0.07067765916577168,0.08005754111224771,0.04607804831437658,0.06379916633452251,0.06708461200653686,0.058225689174587404,0.059751916128200445,0.05167181408304324,0.05530282057474356,0.04989754252590561,0.06288748788410099,0.039926018569967234,0.03874338902229194,0.0454451746162017,0.03977352676885581,0.033446753200855266,0.040858640100369714,0.03208414405959353,0.02830588153677703
T:GACAT,0.04510878885037701,0.07484527403773703,0.0798858847311068,0.049539329754672956,0.06004666462270769,0.0635678169998493,0.0621075988505329,0.05613265640183541,0.04952581883941238,0.052856779101732,0.05158467446488981,0.05431491864870061,0.040277077692959254,0.0413309290832844,0.048107172737051604,0.03828681594495861,0.034559881935386644,0.037495907751627804,0.033146432338895325,0.027279577212282462
T:GACCA,0.039874352918644516,0.07211456555216682,0.07973200337167106,0.04638163352340739,0.06312418505886505,0.06532111603648263,0.059051010443495,0.060931708072078934,0.05081446789841783,0.053847635654642005,0.04993146421608091,0.05979259991693307,0.0399545247536108,0.03920959478704913,0.047423867377969005,0.039293107115139,0.033352596843679395,0.03935434948907158,0.03212218187648861,0.028373035094107258
T:GACCC,0.03455024764339351,0.06761966471984046,0.07936719272395898,0.04421632848697875,0.06515358624321717,0.06789334469475067,0.056839632410809915,0.0652600995307498,0.05342528980490316,0.05421526335410343,0.04986301207742332,0.06507518062878344,0.039679158308332296,0.03719976567076743,0.044992987875237436,0.04037445337972579,0.03212411164959495,0.041995822312166774,0.03093915132579456,0.029215707159468144
T:GACCG,0.02482953702167783,0.06461441754480929,0.07851337075806916,0.047127229550990475,0.06682323360194166,0.07126705721095503,0.05412908914711763,0.05896578517736007,0.05668712513423141,0.05381479121013436,0.05234806750421247,0.06867409923084311,0.039959490488122154,0.03844038379270305,0.04146986668529173,0.042456412987489194,0.032608410962013605,0.04393186719166063,0.0316131341615666,0.03172663063881056
T:GACCT,0.03900926638054432,0.07085067605103168,0.07958192701840437,0.046189121511609074,0.06403077355020079,0.06631287322588347,0.059200209252462374,0.06120514540286498,0.050953694493804616,0.05495156837360203,0.04932670860514756,0.06214582160987614,0.039629584746647344,0.038114184173362785,0.04634870051101275,0.03890967948617962,0.033660370295269144,0.039930745113943004,0.03138426983009036,0.028264680368063563
T:GACGA,0.031581131348459475,0.0675785823317575,0.07827111460201254,0.048653615305956105,0.06342161032648162,0.06643745276168175,0.05696755931650785,0.056811950738770246,0.053484891148094904,0.05495205773819227,0.05209182388072973,0.06047986721401366,0.04053973946678127,0.040984335403174414,0.044852320049794746,0.0415623101204855,0.034515464528654206,0.04275530921647376,0.03327800583902663,0.03078085866295182
T:GACGC,0.022828075275014407,0.06480066153807602,0.07920080854653737,0.04592343866155478,0.067398367871969,0.07200908779579188,0.05400890403521521,0.0582521028056899,0.05545393038815245,0.05474394634191161,0.053407505784281786,0.0675821284486431,0.04031874107299471,0.03877348167823523,0.04117072192848373,0.041772120179417144,0.03307690380133811,0.04476240592711387,0.03285973221072327,0.03165693570885642
T:GACGG,0.024724092542904877,0.06527489495266542,0.07778565281223106,0.04592973219257834,0.06826178302030071,0.07056523059788386,0.05382093859160634,0.0599972156128183,0.05642180934541589,0.055004303143826254,0.0528590593833848,0.06738216979699287,0.0403419733711335,0.03886118564268719,0.04232901331443325,0.040930491570900625,0.03277350275907457,0.04455019490710272,0.032115374879765096,0.030071381562294334
T:GACGT,0.02655475237469383,0.0667751956508752,0.07710287352888465,0.04882310771252763,0.06359400203118466,0.0681492323316805,0.05799330903877173,0.05566342075392795,0.05461049047135432,0.05571569388852381,0.05514815699862596,0.06130145169962364,0.03976492024613179,0.04134804946532051,0.044148395961526976,0.04104934583905848,0.03454507437720294,0.04288637314056993,0.03336519505346795,0.031460959436047556
T:GACTA,0.050645555950982656,0.07687713740650398,0.07934236230863577,0.05011707527183916,0.060595044806302664,0.06156952652102391,0.06220492525664152,0.05468553108489752,0.04678886891388056,0.05203701808595295,0.05087619347280539,0.053698830163722094,0.040621224456130756,0.041062643289288187,0.0481268720206138,0.037865793400712076,0.03497289627268381,0.036810359443231855,0.03363031096353025,0.027471830910621088
T:GACTC,0.03665807017677325,0.07183774695889661,0.08032265999234177,0.04661250117282495,0.0632526683352479,0.0659609430273338,0.05944003631319625,0.060538054048845304,0.0509487836854344,0.055477789865270945,0.04938797556466767,0.06045944307931847,0.040189224211164276,0.0390062559116717,0.04659728614646492,0.039319431870915716,0.03389273913583722,0.039635143667886404,0.03199593251628642,0.02846731431962206
T:GACTG,0.038668792347548823,0.07187923475488242,0.0797897568752491,0.047942407333599044,0.06273913909924272,0.06587485053806297,0.0593951773614986,0.0591669988043045,0.05077620565962535,0.05478278198485453,0.05062873654842567,0.059723993622957355,0.04015942606616182,0.03932941410920685,0.04601833399760861,0.039094260661618176,0.034079314467915504,0.03945296931048226,0.0326145874850538,0.027883618971701874
T:GACTT,0.045386252116896085,0.07514112640583612,0.07951930174996744,0.05030613574189066,0.06071257979069868,0.06302271049546224,0.06157887880498502,0.05563962829475878,0.04881236701550219,0.05254678883147336,0.051359155846975556,0.05529006904338009,0.04037083677102783,0.0413988883581571,0.04800686091449911,0.038456945590342614,0.03463676234313257,0.03715315471796431,0.033145164792218504,0.027516392374831732
T:GATAA,0.0561690591638075,0.0780537585705335,0.0785712457418596,0.053308968776048245,0.05877318815499687,0.06025442562819047,0.06422739165321015,0.052176061377317146,0.046610570315377825,0.0507660479449082,0.05285268976477148,0.04821199835739556,0.04070342643279956,0.04212456862158111,0.04816414470499336,0.038063685421217866,0.03540391264816548,0.03532378560228273,0.03360439274271539,0.026636678377827957
T:GATAC,0.052203134898185254,0.07665154661526527,0.07785753727222529,0.05041786221217983,0.060172497315315744,0.06173926888510229,0.062244023401638926,0.05543830646390666,0.04779923643175821,0.050964961906278264,0.05212860738567649,0.0521099755075493,0.040315996653037166,0.04138648274179943,0.04822776962868361,0.038317304272120274,0.034956790980815944,0.036924994833888336,0.033224026314987144,0.026919676279586576
T:GATAG,0.05263528870220662,0.07603786069794874,0.07871342673839869,0.05031071089502,0.059659368796570675,0.06186023763629563,0.06340803820593227,0.05664144538105239,0.049266377053425014,0.05120112776547081,0.0518311804137058,0.05199372824304497,0.03966310883512184,0.04018096032682183,0.04698783048994505,0.03851376621882102,0.03459104116919359,0.037322707787911046,0.0322851635547628,0.02689663108835122
T:GATAT,0.06259426666249708,0.07949551248589759,0.07784892797606018,0.052951704196926214,0.05917360461284216,0.05971965966577582,0.06477247305206286,0.052824211166946106,0.046682895968093066,0.04861333288430128,0.05267867667045938,0.045791647522666096,0.040204806727783135,0.041284889189312717,0.049338599837867356,0.03793398747681671,0.03545268444993974,0.034178956914572456,0.03278976399356281,0.025669398545617245
T:GATCA,0.04970802374242036,0.07538405286531728,0.07931398923904688,0.04978008369630199,0.06068382227346485,0.06329399393628833,0.06194086813562217,0.057310348876932274,0.04798792595439406,0.05269717738491758,0.05045931548381587,0.053711354513622,0.03985315782731232,0.04074056281492869,0.047773080536339566,0.037875512426338714,0.03446734349645572,0.03713222734648561,0.032669847980186184,0.02721731146980955
T:GATCC,0.044287383688594764,0.07249895327546665,0.07925579447954356,0.04718384232266612,0.06380489054698388,0.06526718034282572,0.05909619242233929,0.06085687682395655,0.050748954837742076,0.05396724220893247,0.04952569318160514,0.05967110977796942,0.03909438018284871,0.038255438280747144,0.04780406566556058,0.03855383288652256,0.03298275872843279,0.03824918917905551,0.03122363660223843,0.027672584565968644
T:GATCG,0.034444682313438724,0.07059075390699823,0.07644984281867247,0.0484614257867517,0.06261337900418024,0.06877668984011448,0.057790898130725285,0.05669795269912452,0.0524275782808081,0.053689535892553326,0.05588669423443116,0.06121621164831945,0.03852350959425809,0.04012349156629221,0.045182589491949386,0.040551655755991484,0.034005250645063156,0.040484050883933705,0.032799630426699415,0.029284177079694877
T:GATCT,0.04662035105400573,0.07367233649590915,0.07983028652728834,0.04861290095154659,0.06267632737456125,0.0637118985510094,0.05996604343620084,0.05847047524164291,0.048908778430531784,0.05345905044133131,0.050555752678789166,0.05858720815327378,0.03999778091890761,0.03929969499192694,0.0469335651040252,0.03785498073906958,0.033947317627941,0.037623826458612404,0.031546780425393224,0.0277246443980338
T:GATGA,0.045828330698248765,0.07429730798687255,0.07932225155312321,0.04941110640340646,0.060258060490538355,0.06344129632071076,0.06290186716959713,0.05746933254700129,0.049101135921050115,0.0529636901784645,0.05079490319964011,0.05461317595957502,0.039909706001048664,0.04058600523528068,0.04822456355049047,0.03885097565222117,0.034317154148924715,0.037695631127074816,0.03262338687033472,0.02739011898639652
T:GATGC,0.04001641308117488,0.07256817716981061,0.079393833915371,0.04794982576980781,0.06217534302958547,0.0654325520181611,0.06082367752106578,0.05831979338827227,0.05107745780173963,0.053675348746215906,0.05132390809182687,0.05835790425787339,0.0394892127183594,0.03982839945780936,0.04657656410184749,0.0392846843848334,0.0341587724234829,0.03926816967467291,0.032335802494229376,0.02794415995386044
T:GATGG,0.04182815962153651,0.07162450038117087,0.07835733166140627,0.04636658663265815,0.06301876643131443,0.06701660765049125,0.059946244220095896,0.06155642397600405,0.051597889667063274,0.054224228218043985,0.05035374081805681,0.06018046837706705,0.03869507755224178,0.0386469859002401,0.046071802617610805,0.03874227861809529,0.03320105160412377,0.03973171982872247,0.031192779839979482,0.027647356384077743
T:GATGT,0.04461572266450315,0.07498943596504572,0.0788217861388593,0.04946560068511288,0.05964538647465477,0.06430257649769845,0.06261345773540895,0.057342145147023196,0.05024874780972342,0.05241451582914997,0.051381212356822116,0.054659161976235146,0.03952695660012733,0.04082506521530912,0.04778662339637949,0.038481257993453116,0.0345790443351419,0.03825814557521875,0.032690476592915615,0.027352681011217597
T:GATTA,0.054672755639434585,0.07682942959257832,0.08034229849714633,0.052582100866270624,0.06008854705182121,0.061638760455051636,0.06244515586755773,0.05134193014368629,0.04705537675163448,0.05170459474719433,0.05237161317482283,0.05178850538094717,0.040449192111262654,0.04107354411494903,0.047986927007704135,0.03765311912892229,0.03525242167511225,0.034655091739922546,0.03315181140302846,0.026916824650953096
T:GATTC,0.04838407691291708,0.07505221433786123,0.07894053153397669,0.04979339232815713,0.06140173907490272,0.06324067072383079,0.062162275921026085,0.05670208581584268,0.048404396599645565,0.052799254557778307,0.05081082807077637,0.05408084622786787,0.03969595943029404,0.04066259595609206,0.04923750375551353,0.03785847918756087,0.0340093499587075,0.03642448986700765,0.03261745141780614,0.02772185832243569
T:GATTG,0.05257728968540279,0.07605696613285089,0.0782559197717294,0.05095481358746687,0.05965817419773542,0.062129051204983084,0.0633055729787936,0.05664707609866105,0.048563700768274154,0.051551232175423206,0.05210776866935206,0.051783273449764876,0.03899381102413592,0.04007425320778934,0.04873229325666303,0.03802395101028595,0.03457958834427674,0.03623832089132854,0.03313476884700866,0.02663217469807442
T:GATTT,0.054607499499333474,0.07739731042824412,0.08015516692266092,0.05263924043374042,0.060038518238818374,0.06109366742862083,0.06339893902808055,0.05067362806343952,0.047059124526131264,0.05107151458902556,0.05248573210679592,0.051188851413644064,0.040319756080561875,0.04102554149180098,0.048156620840608066,0.03779039761303374,0.03538984498305674,0.03538102266541625,0.03318338334117049,0.026944240305816818
T:GCCAA,0.0422944114044374,0.072155680325461,0.0806702102305164,0.04716967537038371,0.06211693760704131,0.06453018218500063,0.06084990106473193,0.05920818529993737,0.049402231447558766,0.053857366936221396,0.04948647884669745,0.05893770680796581,0.04057842490619163,0.03996541422561675,0.046380410262663437,0.03905199505600789,0.03355374374379923,0.03837801586289844,0.03280549381723857,0.028607534599630863
T:GCCAC,0.032027899361787036,0.06699461181742784,0.08028596415551614,0.04346904726304206,0.0645420152383698,0.06941278598835877,0.05687657522855941,0.06386432407836691,0.0531987560602263,0.05521784543693331,0.04919069691392354,0.0656467593991999,0.0401655717830915,0.03855632420314815,0.04417793373041015,0.040552823874521714,0.033005710892648345,0.04208462103617903,0.03144809692489568,0.029281636613394404
T:GCCAG,0.03459284427519212,0.06752407665002014,0.08175875462720149,0.04348087170014974,0.06632157435067156,0.06804779604588056,0.056609582012633115,0.06392113044337522,0.052422107191450226,0.055947521644281274,0.048385895301727745,0.06827126992452055,0.0396400094254289,0.03673560911834234,0.04309397304631382,0.0395404343298444,0.032468322197645165,0.041385234001474626,0.030707135201696576,0.02914585851215044
T:GCCAT,0.04195291546223184,0.07247882071753031,0.07985872135947843,0.047720646202745486,0.0616420357138388,0.06594358865265977,0.06077233991966263,0.059217524057412436,0.05061128977763318,0.054261092271178236,0.050820892720833906,0.057590754946003776,0.03997159410859309,0.0393000304497808,0.046546452600536414,0.03870980524653894,0.033950462794956185,0.0389652914210871,0.031849219359386664,0.02783652221791198
T:GCCCA,0.033560093015665794,0.06784330124020888,0.08093484823759792,0.04320842852480418,0.0655995022845953,0.06726705287206267,0.057063887075718016,0.06480907310704961,0.052859823759791126,0.05530046507832898,0.04887300097911227,0.06586569843342037,0.039368472584856394,0.037430646214099215,0.045601134138381204,0.04042203818537859,0.03251570659268929,0.041579634464751956,0.030917509791122715,0.028979683420365537
T:GCCCC,0.03429775095166577,0.06578874571733537,0.08001684053711598,0.04228756026766738,0.06733381102164576,0.07020533850424185,0.05493955353685014,0.06798557219368237,0.0535807057102645,0.054453768812350804,0.0491006910287706,0.06885593649174368,0.037906051933085855,0.035481176516626654,0.04303512898259136,0.04110683350673149,0.03100925824720775,0.042955514263853974,0.02992164022513423,0.02973812155143448
T:GCCCG,0.024254621994618523,0.05948376877007204,0.07866070653589098,0.04229776061105807,0.07211288082631716,0.07233530075514279,0.05153632497179064,0.06419256140959986,0.0594457946358823,0.05556158319590313,0.05044049995660099,0.07496636576686051,0.0384949223157712,0.03514777363076122,0.03885838902873014,0.04224351184792987,0.03106826664352053,0.046138573040534675,0.030379307351792378,0.03238108671122299
T:GCCCT,0.03367147114142749,0.06777632361433578,0.08115414933051725,0.0433166253896937,0.06619120182127698,0.06711280926812324,0.05659766619313752,0.06470178955303652,0.05331235609965405,0.055952433441553207,0.048349440852051354,0.0678999932250561,0.03930650383859718,0.036732025159775764,0.043510195215168995,0.04049480748943163,0.03238960874161332,0.041543310710756134,0.030514132210341577,0.029473156704452212
T:GCCGA,0.030475897930973956,0.06611521893352641,0.07824853178869459,0.0464196122313155,0.06609327804228741,0.06874081225179367,0.054910737140809324,0.0597816149958678,0.05552508209550139,0.05486685535833132,0.05145138995545999,0.06680270019234848,0.03939852703483482,0.037913860060995674,0.043048028610922176,0.04147559807212702,0.03234818731670214,0.04395491878213426,0.03214340566513812,0.030285743540235936
T:GCCGC,0.024767103924352187,0.05954462648282753,0.08043672964558365,0.04319772861590578,0.06962206557037452,0.07377124091415899,0.0503993809747211,0.06450414003619105,0.05652261331026205,0.053159405102084334,0.05080759646375717,0.07470952726209262,0.03920696525294128,0.03752536114885243,0.03901199666116287,0.04264937945152898,0.031109675925643853,0.04704835830352954,0.02991549330100104,0.03209061165302902
T:GCCGG,0.02543937216756936,0.06159500386868575,0.07929147783795733,0.04268265723444235,0.07188018127556096,0.07228915662650602,0.049723665303415494,0.06466231900077374,0.056013042997678786,0.05430529457278656,0.051387200176854206,0.07581518735492429,0.03890239858516635,0.03516635348734387,0.04015695810766,0.042760030949486015,0.030568144136177738,0.04579971261191555,0.02977230021001437,0.03178954349508124
T:GCCGT,0.022490016114341763,0.06487774118965879,0.07884350405193956,0.0452369275321703,0.06556279533229019,0.07275586382991973,0.05458635963785547,0.059833251593918585,0.05757568680570152,0.05512350436332781,0.05284258545661194,0.06832636602131452,0.03963972379862522,0.03791930373588049,0.041912857999174824,0.041920642705341085,0.03175381645219801,0.04426383926138708,0.03221311411600769,0.03232210000233541
T:GCCTA,0.04517722720219546,0.07253074545711025,0.07939637594737045,0.046799458828659,0.06288071147360187,0.06483636620115672,0.060527513817822745,0.06019409071673143,0.048766334525962116,0.05410270713910155,0.049011592864745636,0.059179394452352554,0.04068242732017594,0.03926698213621616,0.046557406481232126,0.03851678015876069,0.03377030995524436,0.03818816604470435,0.032000602726375046,0.02761480655048154
T:GCCTC,0.03402883784231144,0.0669348757655454,0.08105033748367756,0.043334927261692385,0.06666360141982233,0.06815974840453902,0.05631563459805418,0.06490537582991558,0.05250308057307855,0.05594872455078807,0.04852316407040259,0.06883287661155353,0.04014308572269325,0.035836720431096314,0.04324388943041583,0.039937101134754384,0.03250326448788921,0.04138359112059294,0.030749636768248947,0.029001526492928476
T:GCCTG,0.03159701256389309,0.0669614171270629,0.08141021708314901,0.043151047636883794,0.06696464608956496,0.06886731224390291,0.05680148661433595,0.06433465613163834,0.053252856824573695,0.056807944539340065,0.048490944374662975,0.06809962640903851,0.03966780433778822,0.03638072051069271,0.04397927651866179,0.039115651749936226,0.03255439994575343,0.04200153698615098,0.030622673128896955,0.028938769184073464
T:GCCTT,0.0394928129242204,0.07157037365091896,0.08038260467713518,0.04727488037586529,0.06322123484841191,0.06492822551917356,0.05943851271337383,0.06001136068241116,0.050532893026659094,0.05451587125843627,0.04972609202152753,0.06159222852301501,0.04000885748120192,0.03942927012429357,0.04587405046838746,0.03873703871296947,0.033591997458288,0.03903742285807812,0.032101629969095095,0.02853264270653817
T:GCTAA,0.0471070575305504,0.07602429925478695,0.07964071779495933,0.050878648639290466,0.060165919230754435,0.06250761435641215,0.06251787369978853,0.05303182833040728,0.04753538511651408,0.05252399083327669,0.05177762360264537,0.054504044104917174,0.04088604819070067,0.041985080349894906,0.04828559960091154,0.038119872732845415,0.03469581688098008,0.036452729434184386,0.03356728910957876,0.027792561206601375
T:GCTAC,0.040979538057047966,0.07192514334189674,0.08028800741226513,0.04750136874214101,0.06296665082335104,0.06612528653338226,0.05897323281852585,0.056808815301033024,0.0496357040147764,0.05461281142643989,0.05015311862632437,0.06072101124474313,0.04135707023000884,0.039639374048649006,0.04556407217332186,0.038642147631624865,0.034235098760009866,0.038687270998911026,0.03275806053750955,0.028426217278038155
T:GCTAG,0.0445815678123156,0.07216520828947329,0.08030167799861822,0.04682621342814021,0.0635394829309082,0.06460250202373928,0.05960319884239148,0.05883521573208954,0.04964165730162166,0.05496861350879326,0.04951563690707404,0.061173264699167076,0.04025387920426275,0.039107834910317954,0.045613452454729024,0.03824348326300901,0.03345915604883068,0.037711232420154964,0.03221526062500185,0.027641461599361893
T:GCTAT,0.05147581745484046,0.07680677669667645,0.07951713928998509,0.05033003734979745,0.06011657983321656,0.06249769526990365,0.06289279185784952,0.0537278680061319,0.04775664157364337,0.05218567432451653,0.05144025876192533,0.053352526247583326,0.04075157906936316,0.041070290316972825,0.04795814083349576,0.03821769295200367,0.03451300394569792,0.0353756314960464,0.03305378054755119,0.026960074172799445
T:GCTCA,0.03584038498164805,0.0700356008056072,0.08083994115654788,0.04597941858050082,0.06434515976410911,0.06786559769452251,0.058088518546287514,0.06070665573908944,0.05085460031179791,0.05525062329418193,0.04959465410512364,0.06373759336485785,0.039958047755580775,0.03878428118000598,0.04489527882126948,0.039179845686752555,0.03359799098043981,0.03992874668100696,0.03172703118927029,0.028790029361400314
T:GCTCC,0.03419272380568966,0.06885513085656587,0.0799359758968082,0.04444891761820813,0.06555111484837564,0.06770364935223755,0.057725585940670565,0.06313018991869285,0.05292702485966319,0.05465641155507361,0.04871394450595058,0.06521346237718162,0.039609232197760455,0.03770344373054034,0.044640470462443196,0.04014817748832015,0.032653807735055364,0.04176501335999922,0.031271813485969566,0.029153910004794233
T:GCTCG,0.025466175468698747,0.06592692589134769,0.07970401958063132,0.04546945572910096,0.06797078044964801,0.07062652973682218,0.05419368676036436,0.05856526456561782,0.05639524614569403,0.05590951527844364,0.05103959021977745,0.06768691176099519,0.03935050844036234,0.03893416769700487,0.040744619111301755,0.04217657894072822,0.032644899195074566,0.04383563372107693,0.03173651939138553,0.031622971915924405
T:GCTCT,0.03516450505551334,0.07063102464487048,0.08056681829303647,0.0463438879606832,0.06446475999131103,0.06645369527702566,0.05858355183627259,0.060456203451202443,0.051482980188977116,0.05550930228990004,0.04925420983226888,0.0637888611548745,0.040040343973558386,0.03859891097112208,0.04505507727615191,0.03927642485854172,0.03380463212772469,0.03991033236941707,0.032124171579786344,0.02849030686776205
T:GCTGA,0.037952115220301515,0.07191252566127036,0.07979751439513436,0.04717928529061579,0.06275416307024198,0.06570852977578343,0.060079381185596414,0.059672633175134195,0.05096543861284122,0.05529682588485112,0.04992548759679862,0.06058542100161044,0.04009037296266715,0.039301264402755436,0.046553921111789506,0.03904171213912001,0.03361114716003662,0.039504202917611315,0.03192667038865774,0.028141388047182768
T:GCTGC,0.031906042528768844,0.06903028388715458,0.08055675401528294,0.04510648134770422,0.06422958082030444,0.06801394575345032,0.05799604026691829,0.061862110814734514,0.0527778414373014,0.05493207971678044,0.049707902427553526,0.06534356712763911,0.04054690948512509,0.03835381121818089,0.04421768368568049,0.04013339936209836,0.03347837740620544,0.041211514911772884,0.032027604540839354,0.028568069246504842
T:GCTGG,0.03174906627933465,0.06709384524445207,0.08091928361156342,0.043670805874730906,0.06658770601734351,0.06970218357691742,0.05579690559221586,0.06425990505677769,0.053555536511243104,0.05660848629212364,0.04898416904903691,0.06976517630272253,0.0394832545558024,0.03636291720778151,0.04305992292913245,0.03907453431162501,0.032542335140345595,0.041381093539070504,0.03062325442395716,0.02877961848382369
T:GCTGT,0.03520640642902666,0.07154357724065244,0.08025955500316896,0.047733086642503676,0.06260603674587019,0.06717146483861229,0.05919962007729097,0.059255231440369614,0.05250948482692508,0.05503494688673466,0.05038036406905695,0.061158375865727685,0.0395352655486723,0.03907360296311466,0.04578845437484883,0.03899768903891206,0.03379846795108318,0.0406854497723465,0.032151312339896654,0.027911607945186614
T:GCTTA,0.045011900572062585,0.07496614749551118,0.08076581225132577,0.0511784250681524,0.06091362988326106,0.06358156514892119,0.062064913295832115,0.053135010349620315,0.04803625647969745,0.05378223444425223,0.051399137432220424,0.054878339765806285,0.04078555706011131,0.040728887669337084,0.047223498112014504,0.038178765084497045,0.03502019219871271,0.03673966081878322,0.03350652294513806,0.028103543924743048
T:GCTTC,0.03905576250924353,0.07268237752449906,0.080092068508169,0.04787403822706664,0.06241983160424023,0.06496242121937246,0.06039468127920509,0.058742245845121104,0.051238384875705534,0.0545452382698892,0.04972770005174393,0.059880215778131546,0.03983390397040485,0.039872563227710954,0.04631973783075968,0.039327368573394104,0.033686090795726466,0.03881885065036766,0.032181353549811956,0.02834516570943702
T:GCTTG,0.03890013729460222,0.07274378615453937,0.080915579702046,0.04728016687117719,0.06213198399523763,0.06598376229563163,0.05940609202150125,0.05920491484087591,0.05157312319925835,0.05502725303736366,0.05051547240754967,0.06028844807687556,0.03954131602817422,0.03887307837557074,0.046147221696076574,0.038477782862763044,0.03417541473675789,0.038914254991488206,0.03199775999209409,0.02790245142041678
T:GCTTT,0.044264403227706736,0.07487113154400662,0.08144469707034727,0.05101678444270085,0.060436360415554294,0.062303062511123754,0.06223955787403187,0.05365055570735392,0.04876320541326896,0.053453357097437,0.05149306922089002,0.055374372369466636,0.04073989586910692,0.041105883119715435,0.04803624443603287,0.03794903418638444,0.034693585948094983,0.03713350095215176,0.03341179498363502,0.027619503610990647
T:GGCAA,0.043028291071496486,0.07271897463203134,0.07979853410196087,0.047673742603952164,0.06221862418568766,0.06449516710042326,0.06054408832334516,0.05789373597535466,0.049240699588700955,0.054193674579328555,0.049648195337161985,0.059437873198189634,0.04068002890503176,0.03956838050323008,0.046918517150137735,0.038258960831508655,0.03411663071648619,0.03829916707869015,0.032718105307767954,0.028548608809514753
T:GGCAC,0.033146181337239115,0.06837182929774734,0.08048439947974587,0.04486610688975081,0.06497622820919176,0.06770794989131235,0.05815144458350609,0.06262423521479857,0.05347329047823857,0.055244066093457174,0.049258818682134796,0.06424906068813555,0.04057155625473854,0.03811881891462175,0.04378116778195824,0.04035198524482814,0.03284782308259616,0.041424008410861274,0.03138186369290023,0.0289691657722377
T:GGCAG,0.032478613628281014,0.06711033796394573,0.08120135858253086,0.043456445685645835,0.06640871610091224,0.06816001389459407,0.056433693287863455,0.06369596202144288,0.05273329271553851,0.05608495000427314,0.048488411522588364,0.06800700794803863,0.03994902558645387,0.036672492839046014,0.0441642704924586,0.03988355006878375,0.03288387262186028,0.04229098147111771,0.030861712949816808,0.02903529061480822
T:GGCAT,0.04346172156970786,0.07312515634023786,0.07968424171094145,0.047809853383116295,0.062352809628598994,0.0642248578960898,0.0609522316452238,0.05854070148784033,0.04995855903003923,0.05356086865806185,0.05026288214741458,0.058205254415278865,0.03998160228426776,0.03985595372444233,0.04760927678302799,0.03889687480907759,0.033561998342361204,0.03788015893966448,0.03247265991084716,0.02760233729376057
T:GGCCA,0.03515888095208938,0.06721861073248296,0.08134942128768319,0.04291994675865525,0.06536194600317828,0.06785916477404927,0.05735878844854985,0.06491167419160666,0.0527307854982333,0.055461618096028474,0.04855211236825075,0.06632183507429014,0.03954573414558098,0.03707300714688752,0.04370933541576196,0.03993571851794635,0.032358341002711996,0.04202693906541281,0.030982091804582033,0.029164048716018843
T:GGCCC,0.034266634639915375,0.06511078321818124,0.08101475070605559,0.04113995342196389,0.06834976196266297,0.06770972424668754,0.05575489390144016,0.06748891869432307,0.05418538416436288,0.054919413433034005,0.048389238414795165,0.06937024167764479,0.03872601164003324,0.03570634651850813,0.0434479682159359,0.04103701029282098,0.031409589823847894,0.04259458459463532,0.02977294326341655,0.029605847169735317
T:GGCCG,0.02602252207502294,0.06159968677134893,0.0800661520210845,0.04289946879693316,0.07077448121504666,0.07237568737910602,0.05120353434119716,0.06469691037336155,0.05677853682481986,0.05506629811653742,0.04980101799311598,0.07291331864587046,0.038662700662104595,0.03616739032614349,0.04062622354941825,0.04247287007439181,0.031077424746232197,0.04580384640108461,0.029663220761917006,0.03132870892526341
T:GGCCT,0.03581325391624976,0.06694346708569737,0.08153397533639946,0.04319494347536694,0.0669921193657813,0.0669186233682077,0.057213011068911294,0.065834816192721,0.052382978326961954,0.054928424214757375,0.047685445411624165,0.06730163067950673,0.03963918640965841,0.036320479814997114,0.04463277362508139,0.03979238933417802,0.03242415678870108,0.04166291423017083,0.030048476303751712,0.028736935051276398
T:GGCGA,0.03138049485464462,0.06538268807599294,0.07933360930158247,0.04509175944283463,0.06504862124810272,0.07072049499989107,0.05572379935655824,0.06027727546714889,0.055781897935321755,0.05454004081425158,0.053835595546743935,0.06597819850831899,0.039615968394373154,0.03801099515603099,0.04054554565458943,0.04102485892938844,0.031816234195370996,0.04315271937660225,0.031431331111062694,0.03130787163119022
T:GGCGC,0.026183822185075874,0.05972000940266931,0.0812677932457492,0.0418745266017186,0.07043513464100086,0.07371953926920365,0.05147308485909055,0.06357249196855329,0.05711468644709693,0.05422205970695014,0.04963172878522736,0.07389583931882884,0.03983728158382741,0.03710136599890302,0.040692663306083,0.0421095933345522,0.02967064538877426,0.04557029801238018,0.030767623475331053,0.03113981246898425
T:GGCGG,0.028550351087900175,0.05998407621823678,0.08043758912144808,0.0423419654624869,0.06991619772478846,0.07272310162881394,0.050033961737941335,0.06459027749663757,0.0586705891349428,0.0530387883531481,0.05138793301215875,0.07434246926575172,0.039314647630100445,0.03546415124893729,0.03951257034128173,0.04167622543396803,0.030390132653198926,0.04627792846893288,0.030376637922891112,0.030970406056434963
T:GGCGT,0.029515144918721307,0.06342234827871004,0.07871132139495873,0.04458003342061963,0.06602172980517443,0.07243695219314814,0.053287321292520055,0.062116255097924976,0.056526944574271244,0.0535178083244233,0.05342817447868315,0.06865312341940316,0.03958614772938261,0.03634652444763142,0.041186752117599604,0.04087943607506194,0.032197757873372986,0.04561082264663137,0.031717576556907885,0.030257825354853992
T:GGCTA,0.04324962142815001,0.07197519453021037,0.08018250113079903,0.04621788694631818,0.06353320615941316,0.06544868138999783,0.058527535775859243,0.059032298242508864,0.049633227792090305,0.05508072921788039,0.049829888493382365,0.062028096258857926,0.04043475125698965,0.03937933882672225,0.045706569122958826,0.03808400034087855,0.03322910316164854,0.03851009852701135,0.03194425324654041,0.027973018151782728
T:GGCTC,0.03116254886801947,0.06694068675194138,0.08100923640875372,0.043201578422644424,0.06650862912193964,0.06977050730679545,0.05607961577209117,0.06479190619014093,0.05350714673534953,0.056089031071534304,0.04874823593903489,0.0686176561972024,0.038792079850108435,0.03671862168385308,0.04361794388690761,0.039898900606868355,0.032665858345773735,0.041477532480167716,0.030748275692521428,0.029654008668352355
T:GGCTG,0.030425748039859556,0.06720577697259468,0.08111114269343718,0.04331308241341498,0.06625805785649423,0.06982528158552585,0.05640536946085479,0.06451446412355803,0.0540768378046427,0.05657292201176758,0.049148249599444686,0.0693368359795167,0.0392551690709959,0.03643819180877467,0.04287699697956607,0.03935315739318151,0.03264731534437285,0.04178416538633579,0.03057086051698938,0.028880374958672864
T:GGCTT,0.03733867015193596,0.07127613951968632,0.08139499264826008,0.04688367913739585,0.06283593367096879,0.06587261068452867,0.05934487828786146,0.059596062734847244,0.051238563960137234,0.05528508413657899,0.050130697598431626,0.061473819637314166,0.039745343898055875,0.03901833850677994,0.04648852311713772,0.038500653487992156,0.03401200784185591,0.039171499754942,0.03198415291619017,0.02840834830909982
T:GGTAA,0.048323448575148274,0.07540720381889195,0.07915376826269348,0.050684218139736725,0.0613221466801678,0.06240416606393751,0.062129321568060177,0.05469984087950239,0.04798640243020396,0.05282511210762332,0.05120931578186026,0.054352668884709965,0.04027195139592073,0.04103717633444236,0.047190799942138,0.03777809923332851,0.03491248372631275,0.03698538984521915,0.033212787501808186,0.02811369882829452
T:GGTAC,0.046705256033376774,0.07315210473679426,0.07921528219737148,0.04724469901304159,0.06206220767544524,0.06422402036548777,0.059963026941843196,0.059346809305896496,0.04937418553201806,0.05331595801638533,0.05023689022234345,0.05857300158600277,0.03985412815306442,0.03956723338485317,0.04698002848743825,0.0392156862745098,0.03363134022284854,0.0378135386045196,0.03193421624188057,0.02759038700487923
T:GGTAG,0.04528750042250102,0.07220772915687232,0.079821965751299,0.0466133854469139,0.06230737794329575,0.06477478390993201,0.05974778993556475,0.06081095614285758,0.0499196479875124,0.053941857713946835,0.0496461745989313,0.06013956361021746,0.03922038575111463,0.03878252105591455,0.04521836389167996,0.03926494040431043,0.0338600000614547,0.03861812974929558,0.03194107723933223,0.027875849227053585
T:GGTAT,0.05507260406582769,0.07656824782187803,0.07875766376250404,0.050366247176508554,0.06022103904485318,0.06143272023233301,0.06190383994837044,0.055972894482090994,0.048357534688609226,0.05128751210067764,0.051824782187802516,0.0524701516618264,0.03984672474991933,0.04088415617941271,0.04789609551468216,0.03807679896740884,0.03373668925459826,0.03589383672152307,0.032789609551468216,0.02664085188770571
T:GGTCA,0.037183750283838614,0.07106724508320186,0.0796150970044475,0.046396170942772194,0.06314354090307639,0.0657863607669052,0.05920843800191881,0.06080982277770711,0.05166635558350681,0.05493807859981668,0.050544078502330746,0.06102500514178853,0.03993475575612824,0.03850218808365244,0.046972764570283196,0.03947942511832058,0.03342340875019467,0.04008336236115685,0.031824401680086836,0.028395750088866748
T:GGTCC,0.0352604873639649,0.06848410244092833,0.08033557036374525,0.043554934714213706,0.06552755624311628,0.06826129484397937,0.056367161636640316,0.06451781117609227,0.05344379954901214,0.05498132998753225,0.04957073983183557,0.06588626067224687,0.038931282028592064,0.0363634639786484,0.04584937890407106,0.040031098251829475,0.03179985873050236,0.04151490203576615,0.03048987647610033,0.028829090771182918
T:GGTCG,0.029440320711578816,0.06491486318602734,0.07790201175524862,0.04517314458120622,0.06564565128879701,0.07053149174731435,0.052731581529852696,0.06071805151012141,0.05643772119389896,0.0541827179053525,0.05422447722551077,0.0686210028500736,0.0396191550001566,0.03771910593295541,0.04313737772349066,0.041759320158267825,0.0313716892688987,0.043774207355904246,0.032060718051510124,0.03003539102383413
T:GGTCT,0.037966802826498246,0.07006985541232448,0.08049570940886341,0.04502958968736273,0.06440210154226085,0.06619835063289534,0.05815442899916183,0.06236719804741498,0.051581633064818305,0.055387421414102286,0.049403767511411026,0.06380258323216462,0.03987373222053511,0.03815588167814398,0.04508031815975549,0.03876577626668419,0.032877814709642905,0.040289936278121156,0.031421676968005324,0.028675421939833724
T:GGTGA,0.03823297520563904,0.07148001270902223,0.07943256569270055,0.04689511526377105,0.06288259452335283,0.0664493580767013,0.06002424128314054,0.060290189340895986,0.05197166358747455,0.05405806140340555,0.04991468480448111,0.060570258534461456,0.039336777321455886,0.03900963767519034,0.04615493239506231,0.039601548617893834,0.033581237717553745,0.03969215923934148,0.03213382129702633,0.028288165311429882
T:GGTGC,0.03315931309740946,0.06760828530609306,0.0803407379864904,0.04478299391850359,0.06475093667773764,0.0697404100446021,0.05709170146233944,0.06292196557447614,0.05411376133267008,0.05606667370117091,0.04917453442468642,0.06616118729032572,0.03926425785142792,0.037450360685830665,0.04440112083100944,0.039306129900495264,0.03265182386271327,0.041644265120415636,0.030966892608243434,0.02840264832335941
T:GGTGG,0.03699923806594574,0.06774310239974277,0.0794796829235899,0.04401305074201192,0.06516458474594043,0.06874183017957877,0.056627777738943216,0.06395178145774062,0.05392343611287809,0.0543070244727626,0.05000803875378346,0.06674524839749191,0.03894950963601921,0.03665846480773398,0.04359363750113591,0.03945105796990011,0.03245821595587773,0.04163288060004054,0.030948328288724077,0.028603109250159027
T:GGTGT,0.03652004245945797,0.07111591063879395,0.07922370366734365,0.04672626534706925,0.06250375815289086,0.06770565532982777,0.05930825443768829,0.06060780836794925,0.05326084955730493,0.05466348425257242,0.05141889445879531,0.06198344572000074,0.03924677412427368,0.03841721939636395,0.04504874861178434,0.038461396867081034,0.03376754060339062,0.04023831291147939,0.031963627215776266,0.02781830788015634
T:GGTTA,0.04650404350597214,0.0753507544842771,0.07944640802575924,0.050318265720836676,0.061408315467962354,0.06336012449197506,0.06120965806093816,0.05482613338189403,0.048190975987285924,0.05304980506741936,0.051172492571040715,0.05612733939790251,0.04042016041585617,0.040476446681179695,0.046623237950186656,0.03826307207125179,0.03481802153777388,0.03725985216577961,0.032990373393151286,0.02818451962155764
T:GGTTC,0.039511268392624324,0.07142484634010057,0.07988824734587446,0.04664853790277519,0.06289141367107469,0.06555708698081579,0.05943453157012479,0.060702551685602534,0.05133320916371764,0.054098714844477556,0.05020227230396722,0.061468429875209535,0.039515738498789345,0.038433972806854164,0.04649655429316446,0.03862469733656174,0.033503445706835534,0.03987334699199106,0.032053641273980256,0.02833749301545912
T:GGTTG,0.042977513492646786,0.07208748134785417,0.07886684038217412,0.046883885288375164,0.06224360259236988,0.06496366079448862,0.05987246015307751,0.05943742901048974,0.05112135587180686,0.053390050704141705,0.05170337705915978,0.060828637818014446,0.03914537909326444,0.039025114511183866,0.04588316518563061,0.03892563640008018,0.03353748617328493,0.03871183269860359,0.031757273408907,0.028637818014446596
T:GGTTT,0.04563814382569837,0.0745768563181465,0.08043326077158393,0.05005322260474304,0.06138819896623481,0.06303474333278992,0.06063924663642728,0.05486627221204653,0.048939863251469616,0.0532446609576233,0.052246377506496994,0.056893526021538375,0.04028327851245217,0.04088263216946845,0.04709193605615704,0.03737952991493973,0.03442303819560986,0.03741021682217896,0.032992261145580605,0.027582734778814528
T:GTCAA,0.04758279550343908,0.07579361472189397,0.07969351271096567,0.05074412427153087,0.05951731660758113,0.06279984647860296,0.06228347927966144,0.05507075114383541,0.047825197709299154,0.053020432485935624,0.05121882859134018,0.0529181690553384,0.04054934399903039,0.04091042228484279,0.048879394802492704,0.03852048803644113,0.034489288852528555,0.037283226777363676,0.0333075780989607,0.02759218858891616
T:GTCAC,0.0349481776867669,0.07129624639998083,0.0806224665145827,0.04703585948399226,0.06240711800877776,0.0667492949650626,0.05974385227497261,0.05946004203265614,0.05216719656553682,0.05397064899139588,0.050641566824139436,0.05984564075850383,0.04019208085598127,0.039690323507750896,0.045809607635333774,0.03991186314837767,0.034000946034141055,0.040538161699987425,0.032799841928472635,0.028169064683587507
T:GTCAG,0.036441439444916776,0.07101829727736834,0.08042682902260062,0.04745667441644942,0.06394477373186289,0.06569955556271885,0.05958400992831787,0.06003529710410631,0.05087759238291717,0.055289730396205966,0.050070715088706134,0.06140023934337716,0.03992179032069595,0.03886408600244179,0.04556388735549744,0.03948863521893472,0.033237099029329635,0.03968708069578812,0.032253937682076246,0.028738329995688594
T:GTCAT,0.04590350587057801,0.07488568080630228,0.0788891580279186,0.05016027434147349,0.05964394135938708,0.06359823581415308,0.06322444678609063,0.05530725089235983,0.048818814375630924,0.05265384062078488,0.05165174174620955,0.05398300489491487,0.04019461620842673,0.04091883245029774,0.04903152984225857,0.038870370210981775,0.034502940514673064,0.03709118362017133,0.033256157375017366,0.027414474242370215
T:GTCCA,0.039504479736067535,0.07149464695798428,0.08049163890416276,0.046520684413106056,0.0634731701005919,0.06583950577352266,0.0591868551282466,0.06122068764757253,0.051253355758967556,0.05352395122424556,0.0496581168936184,0.05959181033088592,0.039452728272471455,0.03901154704531488,0.046258045735355954,0.039644208687776954,0.03317527573826697,0.03989002813985833,0.03212342724067665,0.02868583627130705
T:GTCCC,0.03476667572012943,0.0683049298172809,0.08017139997325322,0.043478680473886734,0.06562335848541542,0.06775620725168581,0.057531768692758105,0.06476442843927034,0.054016083913191536,0.054602031376452635,0.04932023200762145,0.06571986747936431,0.03878558596814376,0.03638389071873005,0.04576732233038889,0.040251143976253276,0.032125086685757066,0.041329287308653685,0.030578185382747775,0.028723833999015607
T:GTCCG,0.026140938931751918,0.0655606021539499,0.07835339852039906,0.04511196176044745,0.06617544973125211,0.07043971518673516,0.053561157500148754,0.060949245324183346,0.057716337095142706,0.053888415081616056,0.05314464785100855,0.06909101727523355,0.039846089767746284,0.037089192566294456,0.04169063249965291,0.04216664352724171,0.03125805747833158,0.04423927487653464,0.03188282195204189,0.03169440092028799
T:GTCCT,0.03733271355913016,0.07094077115805945,0.08018028216422747,0.046327787756721264,0.06405045816874755,0.06581060354854125,0.058510558367803264,0.06098798553014236,0.051458957156438556,0.05456851393440077,0.04944435706607708,0.06270204856077811,0.040169783402941056,0.038150174361584153,0.04621057830342823,0.039066812393747624,0.033599041487137514,0.0402228782834926,0.032011204021586574,0.02825449077501495
T:GTCGA,0.03773886132534263,0.06905487056049515,0.07939529400206317,0.047833669008203565,0.06298816132043032,0.06807240752566684,0.057068821535589724,0.057830230387581665,0.05374072800510881,0.05326177727563,0.0543547674018765,0.05875128948273321,0.03961782187945179,0.03996168394164169,0.043768728201601416,0.03947045242422754,0.033600235791128356,0.04148450164562558,0.03218794517856265,0.02981775310703935
T:GTCGC,0.030023365857667877,0.06387450538354057,0.07825801073185623,0.04552232672279169,0.06425023776814963,0.07238719222233964,0.054258104664952386,0.06051639719609708,0.057487054845186514,0.05227376800873578,0.05343619007362006,0.06561226766235749,0.03969847476135123,0.038336444867143375,0.041823711061796234,0.041952869069005604,0.03217208543215095,0.04491176159780196,0.032817875468197776,0.030387356605257904
T:GTCGG,0.030699026841689497,0.06652436257290284,0.07829806544867808,0.04533842042455922,0.06652436257290284,0.06924718893389582,0.05431366287375834,0.06035598433534464,0.05784325260097148,0.0534984957224734,0.053271593525723984,0.06561675378590517,0.03959023144024069,0.03706909592080273,0.043598836916147035,0.041514698220078326,0.03148898263778006,0.04271643948434375,0.03160663562868716,0.03088391011311495
T:GTCGT,0.0312936719081583,0.06901584869721845,0.0776803552758253,0.048840074119315534,0.05982339727332015,0.06679019885922506,0.05770126603244273,0.05515470854338982,0.055982857320317596,0.05282554010828045,0.05534104201819857,0.06117949089553938,0.03968903013426362,0.04081738284282772,0.044005755633999645,0.042028550429084585,0.03413008146913593,0.04249438411610646,0.03544476765250877,0.029761596670841918
T:GTCTA,0.04526218665264985,0.07353886630465961,0.08037913245473852,0.04927506743476596,0.061804015989351736,0.06378078367040119,0.06036418306083895,0.05575502210616896,0.04871552490317512,0.05347446239407902,0.05088021974761241,0.05709594600131973,0.04123517600862487,0.039775561273439675,0.04613399913242648,0.038712995657893434,0.034903584887264895,0.03787085588812541,0.03301442235005037,0.028027994082413833
T:GTCTC,0.03923433553077445,0.07187345973753928,0.07925131692440392,0.04681146417349517,0.06391415347175158,0.06670587918181257,0.05934342461955517,0.06025506746349578,0.05104911126856016,0.055179902655412484,0.04989776507916949,0.061357317786950895,0.03937873513646725,0.03828707411742961,0.04550512907399421,0.03829862608588504,0.03352188712956688,0.03963191577844865,0.0320653764401454,0.02843805834514201
T:GTCTG,0.03650948915358154,0.07149603351040179,0.08017597641167248,0.04678351625207685,0.06346757775021646,0.06643390354058924,0.0591889172302436,0.06014742704701285,0.05191584957760981,0.055167669014578896,0.05057543350572157,0.06123698312779351,0.03918189689467157,0.03857533990124728,0.04582126225633585,0.03899000772236913,0.03394379051318653,0.04038658647883369,0.03199213722415931,0.02801020288769803
T:GTCTT,0.04508249099570117,0.07506486967971805,0.07988749467487703,0.049855737577940436,0.06141512722202858,0.06337767708454359,0.06130765655861508,0.056281708686727855,0.04917024902211378,0.05352232678827311,0.05126834746911429,0.05619263390263739,0.039887107393207076,0.040623910770303244,0.04603036288292475,0.03821695519151078,0.034554238797877695,0.03754598969830758,0.03299639828046939,0.0277187173231091
T:GTTAA,0.05086829319327386,0.07711574460983164,0.07936883560406877,0.053724201236273146,0.059748635254584334,0.06217111285756455,0.0626468899497694,0.050011396231397054,0.046474205284114896,0.05244259226276845,0.052950752088997716,0.05205898141355616,0.040970385989734674,0.04198795113196338,0.04652153389538135,0.038126932844437085,0.035416747104547654,0.03579662148444944,0.03393461427804563,0.02766357328524082
T:GTTAC,0.04608504565581859,0.07591816070701402,0.0801022074010485,0.05226848336103132,0.06016699500702538,0.06311838962811327,0.0617188159202885,0.05227215196839128,0.04813029425899634,0.05261333245286757,0.05207588147463341,0.0539340311024532,0.04128283862163084,0.04131218748051052,0.047106752805567476,0.038245231727583893,0.035550639621693206,0.037080448890796563,0.033455864819156,0.027562247095380122
T:GTTAG,0.04683242244630898,0.07561132065789136,0.07937803094450004,0.051601536106193176,0.06025367989804908,0.06266731668933193,0.06257323446146477,0.05367476629119305,0.04862682711962983,0.05295803077344144,0.05145100454160573,0.0539313541853762,0.04062983775092158,0.04141841787904447,0.04744823339234855,0.03829146674193245,0.034897664194869955,0.03684773219066191,0.03313576065481231,0.0277713630804232
T:GTTAT,0.05539469451025124,0.07931494085745204,0.07924391130498001,0.05380418962940679,0.05900466705941831,0.06091967950351736,0.0644725498634422,0.050148256781581343,0.046671986919420455,0.05004658703000372,0.05350614405628883,0.048853012001208895,0.040634474959297284,0.041829442724415085,0.048070294187693506,0.03792421007477601,0.03576546877415527,0.034371339714851165,0.03378360498655313,0.02624054506128736
T:GTTCA,0.04568862838991326,0.07406275520168713,0.0801921494774785,0.04936302670845354,0.06173312999841123,0.06477202235604727,0.06133948060543074,0.05551063612325172,0.04864656457418571,0.05322564813006419,0.05081619002033012,0.05648716996445012,0.04034552094791583,0.04004699505863757,0.04771152077183616,0.03794517040768517,0.03428696332381761,0.03718823018673553,0.03273159284306949,0.027906604910599087
T:GTTCC,0.041739491560618194,0.07229450327786183,0.07998338821156299,0.04740529797395509,0.06369552964907597,0.06533653703538904,0.0596078431372549,0.05951054551926671,0.0505722167838391,0.05363115896888256,0.049888760345287886,0.0602948592447569,0.03962623476016731,0.03841832042953339,0.047204769956394055,0.038814630239387735,0.03356886476224378,0.03882649580255703,0.031615793064578325,0.027964759277387202
T:GTTCG,0.03784661040526755,0.06635444681443012,0.08314940183622369,0.04798293610312529,0.06411017342112585,0.06888620977464527,0.055856440693684506,0.05634795511453213,0.051803765185940834,0.053500881016414724,0.0534916071594176,0.06463878326996197,0.03991468051562645,0.03843086339608643,0.040906983214318834,0.039450987665770196,0.03421125846239451,0.042529908188815725,0.031364184364277105,0.029221923397941205
T:GTTCT,0.04435686933839097,0.07464732905203561,0.0796771361299752,0.050240064966510435,0.06148440390677939,0.06272098237238502,0.06168215099616195,0.056024826487915014,0.04923726750435263,0.053510362386921625,0.05103368995189912,0.05632364431187089,0.040210332593026824,0.04022791011208305,0.047873252025589355,0.03798589755646119,0.03446599936545156,0.03765280357034567,0.033161747451479456,0.02748332992036505
T:GTTGA,0.05073089104990968,0.07580481528221117,0.07920254621037785,0.051061848910004204,0.05997451315170861,0.06180870017073714,0.0626979561032341,0.05553905921361938,0.0489384603964071,0.05165726375176305,0.05239186647860837,0.05273519659515503,0.0394628584861307,0.0406273971246876,0.04792857496350184,0.038828780342958946,0.034518595501447556,0.036150186821072426,0.032630279860440946,0.0273102095860243
T:GTTGC,0.04488145920399953,0.07312814904503379,0.07937546381283443,0.04893762449712924,0.06079560988946608,0.06427176502753583,0.06133460922548139,0.0575401320157794,0.05046869507479592,0.05313439831269773,0.05174198336132484,0.057547943600359336,0.039430926063351954,0.039999218841542006,0.046693746826543765,0.03888606803890169,0.03404874428777878,0.03747802991836894,0.03244932234503769,0.027856110612037653
T:GTTGG,0.04372919699886038,0.07346098391399332,0.07984822017395087,0.048512210311368945,0.06139259543784978,0.06414914754473396,0.06063849767910175,0.05967116253913471,0.050819692966414406,0.053197784025837025,0.05095102459855592,0.0588916457548109,0.038759777498796125,0.03915377239522066,0.04655776967820926,0.038401086804560176,0.03334976155541842,0.038574783479327975,0.03190793793803689,0.028032948705818555
T:GTTGT,0.04877512935895946,0.07540436250397561,0.0786308323295853,0.05033599480903667,0.060863534121259576,0.06349222568939289,0.06236053437288846,0.05424837686598143,0.04949808340539456,0.05214976644496928,0.05194156589802772,0.054690324039243884,0.039849329223820694,0.040629761948859304,0.04771624436868613,0.03799851577278806,0.03434798102948145,0.036547498464041976,0.03304257637319757,0.027477362980409988
T:GTTTA,0.0511604569896054,0.07768201657985996,0.07962129184372128,0.053716925754729965,0.05917287190348692,0.061962453321966315,0.06416814304680458,0.050051506795788875,0.047407343270592726,0.05150790584912949,0.052714541345304226,0.05037786451048563,0.040416183790456146,0.04211235585867601,0.048218797316318326,0.03789856713422404,0.0357639212656463,0.03511231589650686,0.034170984801055,0.02676355272564195
T:GTTTC,0.04707622802646952,0.07558961686783769,0.08058553200640138,0.050852924827989414,0.06122396080837056,0.0627369435636312,0.0618306899335766,0.053968171681302086,0.04875625329404954,0.05274031321431074,0.051378052725913,0.0551998702060479,0.0402207649203044,0.040909095272792906,0.04725863076980678,0.03784664921360417,0.03454515955919977,0.03655638980810271,0.033082097554747225,0.027642655745542415
T:GTTTG,0.04756998687891836,0.07504773423370457,0.08008339259284145,0.05045363853379845,0.06072653090173374,0.06372310224924829,0.06218795436177976,0.05440582777600466,0.0491471296933997,0.052520722163429324,0.052520722163429324,0.05517106866823821,0.03963574533529683,0.040060360708426425,0.047477598039490164,0.03740441488001583,0.034897784347650805,0.03678662284262728,0.03283816648282221,0.027341497147144626
T:GTTTT,0.05159112885695082,0.076757350350683,0.08029104065524126,0.0534313713242,0.06006898722949185,0.06186925158475735,0.06263883024044335,0.05072098026330584,0.047024254220814105,0.05174354540888863,0.05316963962230679,0.052194548484704624,0.04097506615128217,0.041439187045092814,0.04743590384264615,0.03766687738463191,0.034897143813761966,0.035371259235568525,0.033479794812340244,0.027233839472888592
T:TACAA,0.0544650948745294,0.07714278534215614,0.07942649638831255,0.052193163630880675,0.059759723441649926,0.06175993390745473,0.06223819388926671,0.051370933415844304,0.045294125962213536,0.05160967074666671,0.05116282357154188,0.05055498576214537,0.04188033919548661,0.04249210360571901,0.048543780814000057,0.03800242820995692,0.03535904052723255,0.0357524859309892,0.034038132006037544,0.02695375877791617
T:TACAC,0.04191238201729256,0.07401867359529189,0.07871715528963326,0.04935071907318839,0.06066835809539325,0.06635911173148677,0.06029810737085886,0.05439168268772406,0.04957842326877703,0.05375485144152491,0.052575602883882896,0.056478971147286665,0.04104506969507076,0.041131152988525,0.0463785313819886,0.038318173108875,0.03488965139968658,0.03892723555073407,0.033503062436305305,0.02770308483647414
T:TACAG,0.0452980659900339,0.07410723174659731,0.07945182715548506,0.049446490045503916,0.06175477888420717,0.06393528398590045,0.06075996553709067,0.055490224405638326,0.04811707807825116,0.05310910984041817,0.051263203358861135,0.05631137582910469,0.041179583645538045,0.04109874102590781,0.04729817228310786,0.03814349415275812,0.03463207999826338,0.03764795883613575,0.033071368313735236,0.027883966887461833
T:TACAT,0.05361139956155533,0.07698742356063229,0.07941112841813776,0.05195641513787931,0.05905806507442021,0.06320381908388138,0.06261321679935387,0.05127711434175609,0.04794983846775124,0.05178262374524057,0.05340804199838468,0.05088698511595708,0.04117125302872966,0.04095779970001154,0.04659916926272067,0.038060314987885084,0.035157782392984886,0.035776508595823237,0.03336506288219684,0.02676603784469828
T:TACCA,0.04969244379740646,0.07531427080512744,0.08023648556058983,0.048987547564051825,0.06102121156643729,0.06282456196125592,0.06129198819106963,0.056368677173969046,0.04731136351926296,0.05277513152399004,0.04983605407200904,0.05422767819458863,0.041334545067864076,0.04112077404841749,0.04829361394707907,0.037760732127372444,0.03421651825111188,0.036606368622360885,0.03328359959701422,0.027496434409021796
T:TACCC,0.04736951203042704,0.07312005929629618,0.07840898740895914,0.04764275237829027,0.062033410699087,0.06350011463531835,0.05998410809011278,0.06008146959337439,0.050119189324154136,0.053222194653911266,0.050235394989337344,0.058360369471201406,0.03961828009334142,0.039131472577033366,0.04662359728769696,0.03893360887685654,0.03361641452131118,0.038749878298120925,0.031421069657444546,0.02782811611772576
T:TACCG,0.036189360251250975,0.06911322621231475,0.07847751130917507,0.04992364505997945,0.06332177604471806,0.0675669186219614,0.057146150078275816,0.05545577656335539,0.05322755693005119,0.0534772711993008,0.052862589921147916,0.06009469933441543,0.041606239014973255,0.039205140272188556,0.04578415082741863,0.040069535819591044,0.033288832969967055,0.04083788741728215,0.03326001978505364,0.029091712367579403
T:TACCT,0.05031243171419175,0.07552327621788774,0.07914863185589514,0.04945161667685666,0.061214985244747375,0.06236936028199418,0.06092473607190234,0.05692194614829415,0.047840347504408916,0.053005237728419474,0.04999238509774665,0.05609644659967024,0.04057528931110518,0.040267382393904545,0.048494787654588034,0.03804802465021112,0.03419863638069214,0.036522836981496894,0.03206315292268777,0.027028488563299702
T:TACGA,0.036719543568858634,0.0710183312923039,0.0762680488707886,0.052658559507874576,0.06059484141675923,0.06522750358366797,0.06063281405747159,0.052136435698079533,0.05065550271029723,0.05188961353344915,0.056133056133056136,0.0547945205479452,0.04116234253220555,0.043127426689070526,0.04457038703614046,0.04054528712062959,0.03559935066784382,0.0402984649559992,0.03594110443425512,0.030026865643304
T:TACGC,0.028976557489965086,0.06871244329382704,0.07752416692397217,0.04953328741419851,0.062358976795002734,0.06769113839868893,0.05827375721445028,0.05517421561408926,0.053250362206968625,0.055625489870080515,0.05517421561408926,0.05874878274707265,0.039735885803861955,0.04117283804004465,0.04439113602356127,0.041279718784884685,0.03484312281785146,0.04232477495665392,0.03430871909365128,0.030900410897085718
T:TACGG,0.03082700044702727,0.06744747429593205,0.07706750111756817,0.048645507375949935,0.06332588287885561,0.06795708538220832,0.057943674564148416,0.05637907912382655,0.05309789897183728,0.05468037550290568,0.05374161823871256,0.061376843987483234,0.039865891819400985,0.04091193562807331,0.04502458649977649,0.040777827447474296,0.03467143495753241,0.041922217255252574,0.0335091640590076,0.03082700044702727
T:TACGT,0.03859453204886712,0.07154485765028792,0.07950998331629083,0.052176954953985256,0.060727355901189384,0.06621010709864916,0.05883025671384748,0.05062294817286475,0.05124858726656262,0.05240568322479953,0.05570206124535816,0.055493514880792204,0.04144690813196276,0.04333055271513912,0.04586001829826167,0.03958344545503471,0.0352712448199774,0.03844653140304612,0.03414778537215435,0.028846671330929444
T:TACTA,0.06112032318161723,0.0782219306627116,0.07907889090416435,0.05328840666328723,0.059989809822242335,0.05978237617832033,0.06313372598793514,0.049366614332886916,0.04445951219385711,0.05044397282100681,0.052016579133990465,0.04888951695186632,0.04229960937651929,0.04250315363961775,0.048134977072100044,0.03791368426784351,0.03508999378995528,0.03404763972924724,0.03380909103873694,0.02641019225209411
T:TACTC,0.04999875335555131,0.0762115306300541,0.07896661486166402,0.05062346074039599,0.061088348306918325,0.06161886477786181,0.061873734309594454,0.055223578756070466,0.047173025938515495,0.05224132820269885,0.05096421022303854,0.05433846119749895,0.04066554191634185,0.041104637794381234,0.04759134440907668,0.038414656106203024,0.03471904789607972,0.03658624424812103,0.03318983070568387,0.027406785624250283
T:TACTG,0.047678610614752814,0.07576517550184436,0.08059082311880206,0.05099741893685277,0.06090055069646906,0.0622757244218732,0.062169138008506014,0.05372686709092239,0.047398560038454704,0.05274460014420515,0.05083649435196506,0.0540508061903717,0.040794382269036644,0.04090096868240384,0.04771831927855628,0.03894374954282789,0.03505857027911011,0.03699071026259966,0.03335527759490893,0.027103252975537374
T:TACTT,0.05597756286618047,0.07809520351805545,0.07998765594579509,0.0528861034086835,0.05972888463301399,0.060743638500742006,0.06331229095661882,0.050441799145900364,0.04584363895456753,0.05134128133097949,0.051531888050320176,0.0502021792701578,0.04123458695070093,0.04201879745313117,0.048558423228605534,0.03780911190883553,0.035206876364312974,0.034789356883852436,0.03327085668643833,0.027019863943108433
T:TATAA,0.06097299971648869,0.08008569268485216,0.07905865904706844,0.05453562514245054,0.05841305930945538,0.060287152490174384,0.06394152996047518,0.04816843351659653,0.04532359203277613,0.04935181530627561,0.05402975201098467,0.046413859811993086,0.04141558311606731,0.04233491024921201,0.048071150222083865,0.037707004953109455,0.036126151417278624,0.03349255365868573,0.034096404965339354,0.026174070388632863
T:TATAC,0.05823120720131231,0.07799187534931909,0.07851556997514439,0.052070695366495355,0.05885827755587969,0.061249551281177435,0.06232193246724921,0.05073135488092479,0.046700837457002514,0.05086085854110719,0.053498643619559146,0.04939769438044995,0.04121283585751871,0.04196259389015363,0.04744491550454172,0.03792980447219307,0.03539312312844491,0.035320419319219705,0.033632327748771985,0.02667548200353522
T:TATAG,0.061504965241569065,0.07822009922363364,0.07907035551848815,0.05251289594046118,0.058917077391882317,0.06047723389471901,0.06341079210711606,0.05220434454287414,0.04617135274268554,0.04981365119540467,0.0520303493938589,0.05001200566528205,0.04081810199131648,0.04078330296151343,0.04812357831463659,0.0374275165208394,0.03523981751388771,0.03439536105733372,0.03293264183794556,0.025934556944552385
T:TATAT,0.06595881733821786,0.07926086854002191,0.07802133730040492,0.05395256662815349,0.058254216978523364,0.06102212828532048,0.06448027575148926,0.0471622076410429,0.04752715393338149,0.047414079531496844,0.056860883116437694,0.04460329641355864,0.04008889470040106,0.04147258240497999,0.04722008458608338,0.038917422460970574,0.036515529241790586,0.033061668956735915,0.03334140752443157,0.024864578666558057
T:TATCA,0.05791981039855405,0.07842705012548327,0.07911830539717753,0.053336378979455853,0.05938810442443273,0.060975098850501334,0.06407427652604826,0.05155288052954343,0.04638891438010462,0.05023520633919986,0.052044639330330246,0.047594870546740026,0.04076211641816056,0.04204986613786802,0.04870806085440348,0.037857447801748385,0.03494679429120899,0.03461463266714812,0.03378672231288229,0.026218823689008942
T:TATCC,0.05400686633561973,0.0769218649964408,0.0781837009749509,0.05005951110659148,0.0612183806963444,0.061394550759178386,0.0630416692328295,0.056103719766424275,0.048282055431981885,0.05099765249810581,0.051349992623773794,0.052202197399271545,0.039835918354485675,0.04029711152710799,0.04890366362116848,0.038425125574880155,0.03399795757309267,0.03519390881265674,0.03279484494886055,0.026789307766235216
T:TATCG,0.04285278396184836,0.0736362711749483,0.07675530291900688,0.0521420741561098,0.0607194114522709,0.06500242968052526,0.061453966029676,0.0517352439286239,0.049678491111889614,0.052763620336991036,0.055973058798268714,0.052989637130038764,0.04000497236944705,0.04174530167591452,0.04579100227146877,0.0395529387833516,0.035563742386059284,0.0384115539784606,0.03360869712619648,0.02961950072890416
T:TATCT,0.05444605581934185,0.07771073894458233,0.07916097635225125,0.05195655207113351,0.05982504132965207,0.06097592944151062,0.06343160841053135,0.052151044551462286,0.0485808391082097,0.05093758059810666,0.0524123409706866,0.05023317957152461,0.04048572382913413,0.04116729312976454,0.04870260831328511,0.03823045667680001,0.03512957004477555,0.035012028937098594,0.03307386908964835,0.0263765628105009
T:TATGA,0.057581570201720285,0.07827428530730607,0.07870931355045606,0.052495012093207685,0.05914555448295642,0.06054592194707862,0.06460746881896569,0.05179819694267541,0.04674532464945097,0.05011390617826726,0.05264707948793711,0.04805329673449706,0.04051344882114083,0.04226029895679842,0.04817937792886133,0.03803802262339355,0.0357021519461258,0.03518916510188034,0.033379755594973304,0.026020848632307778
T:TATGC,0.05348450256303512,0.07712687122642317,0.0790213171273455,0.050487378484733114,0.059509051314716475,0.06274858015363718,0.06359699681580268,0.05249512226290114,0.048448016694310474,0.05192204579078625,0.05230541418937345,0.05120668826352559,0.04035117072277459,0.04090316852005307,0.048258308620782786,0.037996946226983075,0.03492604678675364,0.03568356166368711,0.0334426350451413,0.026086177527234307
T:TATGG,0.052448314739720565,0.07562025426843322,0.07846442297510263,0.049526906234622116,0.06019721064663415,0.06226399815621126,0.06262403528114664,0.05683105039896848,0.04847295672702583,0.05191137356031868,0.05132210864649711,0.05222780757323765,0.040340353434367975,0.04081998766654832,0.04809672416048437,0.03792723263506064,0.03462087094101745,0.0365518659017435,0.033057387924429575,0.02667513812842985
T:TATGT,0.05300255070336681,0.0769656986619164,0.07917980979209696,0.05165100341474674,0.05871352227870725,0.06378311919655803,0.06302856077598196,0.05143943115172246,0.04996286388949714,0.05196540275665343,0.05424313351837276,0.050557633468068866,0.03931693229095773,0.04064258786906784,0.04675820989152113,0.03797352239706935,0.035856320240511795,0.03625875139815237,0.032716025637231985,0.025984920667799
T:TATTA,0.06214907667808524,0.08029982822684607,0.07943601697290205,0.055786711154045245,0.058969954534514535,0.05961781297497255,0.0647207285028041,0.04672493546143017,0.04549927960779013,0.04831161166738651,0.05496823350598568,0.045645995641379854,0.041331060608558325,0.041778626935744974,0.047657159247890754,0.038453613005964254,0.03629820610800278,0.033104247511597164,0.03357736550755505,0.02566953614654459
T:TATTC,0.05787493846225054,0.07916805170433268,0.07938685259131781,0.05325697743405468,0.05978103080464026,0.05986097728257714,0.06472508930863127,0.05023584210991378,0.046078625257196235,0.05027791920356477,0.052187167327978325,0.04769964529010052,0.04035614052066196,0.041114580133721004,0.04888937511308219,0.038231247291287095,0.03620628715933333,0.03452109955861129,0.033518612802376516,0.02662954064436861
T:TATTG,0.06153995796026437,0.0792249429027629,0.07925652323301736,0.05380530347434161,0.05936975766517776,0.059899044000242534,0.06540160074377994,0.05115760858580755,0.04726312225882733,0.048472017300968125,0.05355266083230592,0.046276552741677954,0.03901812963599248,0.04128559734826283,0.04855033651999919,0.03815282858702023,0.034984689855892634,0.03391095862724094,0.03320734886917153,0.0256710188572468
T:TATTT,0.05986183941388672,0.07968779054632005,0.07977100301238424,0.05522379039756034,0.058754974152999365,0.06009195209937149,0.06526925508572279,0.047213079698017774,0.04601788835583324,0.04938636617204061,0.053766410056156795,0.047593346721707765,0.04088800252891517,0.04155649150210123,0.047605433448622114,0.03795976049685745,0.03620904459072483,0.03344490312023504,0.033869333184573615,0.025829335415969355
T:TCCAA,0.04985364098181035,0.07478367462349905,0.07896318050517157,0.04935720918575546,0.061367966814578706,0.06235279752972968,0.061403311473197504,0.055948184730464846,0.047959488594921294,0.05262257366951459,0.05001188865789905,0.054830811545493394,0.040492126174004966,0.04091385221434286,0.04921020753740911,0.0382381008993609,0.034175071733591245,0.03651103235321524,0.032992632245253374,0.028012248530786803
T:TCCAC,0.04001797230933081,0.07224424590260932,0.07957369386426838,0.04755728211348441,0.06308798295958819,0.06604823679072244,0.06024144281403467,0.06044021063842376,0.05072462428258683,0.05362663451866753,0.04957546890716526,0.05905530737826164,0.03953168451570913,0.03940225430447902,0.04621583042423525,0.039263579078161054,0.033462332110526,0.03933199218981125,0.03221055706762913,0.0283886678303059
T:TCCAG,0.03878500820828139,0.07053242958099742,0.08016254250317756,0.04598682457410554,0.06480995703832171,0.06586434896410787,0.05809507803458789,0.061945206127231235,0.05050026104187981,0.05486224848758661,0.04897043421137555,0.0633459498250029,0.039802336660312625,0.03809486076594864,0.04593953669379756,0.03925916506218037,0.03309896011395101,0.03993717102173134,0.03148669900561256,0.02852098207981044
T:TCCAT,0.0493551800509854,0.07612954855570023,0.07909457932356034,0.04932391984257359,0.06091598662688284,0.06316515862211253,0.06203432058281533,0.057289020945902644,0.04997960271401129,0.051902105531337575,0.05120500288375423,0.053108749576033426,0.039524626010681616,0.04000994074627495,0.04799067195380992,0.03876578445148494,0.03362738769379375,0.036721366821352595,0.03275757239473515,0.02709947467219764
T:TCCCA,0.040096674383274716,0.07060151739312348,0.07971407756632748,0.04539428706166388,0.06457987201921185,0.06581969791818175,0.05890678751818892,0.06207843516671654,0.05049263056455969,0.05482913789491018,0.04895806569219128,0.06293510040026834,0.03964239192210177,0.03790791713734131,0.0465040433701992,0.038722293735579415,0.03302101681101401,0.03953987401831098,0.031407641300106426,0.028848538126728787
T:TCCCC,0.038278902553020126,0.07018117678357,0.07850477677701025,0.04528964050721482,0.06472291413463167,0.06765020471901473,0.05792992359707799,0.0631968600640305,0.05265660959072596,0.05454345017592898,0.04999444242995184,0.0641161368146195,0.038577735827740836,0.037422490119369316,0.044681041033088495,0.039757580616653396,0.03254093924755968,0.04023498499456087,0.03103037348692878,0.028689816527302247
T:TCCCG,0.02816178374621231,0.06477800845898392,0.07813884181881783,0.04470722920575502,0.06883486809527486,0.0708746553032196,0.05368865305899937,0.06272459238328011,0.055424062220324276,0.05487436455404073,0.05163069402737585,0.06939819462931751,0.03869689852399362,0.03691151684755203,0.041540788929725014,0.04116826654430972,0.03204146810163501,0.04438467933545641,0.03126916559528623,0.030751268620440576
T:TCCCT,0.039633554164087356,0.0724793923125186,0.0789638794294825,0.04668886618941885,0.06338811482453946,0.06578809470243743,0.06008962719613879,0.06061433895401401,0.05099974707635639,0.054474303097546084,0.05022001562257644,0.06106429151336373,0.0390690174126051,0.03800492153078891,0.04639821360449729,0.03931705026752614,0.03350679330548844,0.03941276998900271,0.031748904113991706,0.028138104693620037
T:TCCGA,0.029602912424998313,0.06643969527405111,0.0799703364120542,0.046908919301557335,0.06511831726555653,0.06859704712465449,0.05534281669250994,0.05755410233937841,0.05454055147306681,0.05536304186610935,0.052855120339782916,0.06670936425537652,0.039661565428436595,0.039351446099912354,0.0413874469089193,0.04053124789321108,0.033189509876626444,0.04317400391020023,0.03261646329130992,0.03108609182228814
T:TCCGC,0.027075103208544258,0.06319994663543851,0.0790536684430148,0.04647905070374515,0.0680324041476123,0.06937392992936607,0.05322373833576686,0.06233277251132144,0.05578820198486522,0.0546542050533275,0.0527938571460336,0.06970745843864187,0.0384447195025237,0.03684378265799987,0.04154282876646334,0.04206906263665404,0.031151562766359574,0.04527834807035228,0.031522149998888235,0.031433209063081356
T:TCCGG,0.030798850816004607,0.06463260299771482,0.07777984369658184,0.04497172023727411,0.0665099234077264,0.07073239487305595,0.053590600202726615,0.06140577111085787,0.05664349505479017,0.053950469929885385,0.053482639284578984,0.0697247596370114,0.03811620193489957,0.037366473336652134,0.041229075074822916,0.04068927048408476,0.03189045565505287,0.04343627606806336,0.031068753111373682,0.03198042308684256
T:TCCGT,0.02872804791391737,0.06847916305899072,0.07848710492216376,0.04960380254020195,0.06403649674264184,0.06851499101315484,0.056858963258433,0.056214060083479137,0.05494216771065344,0.0546854007058107,0.054757056614138905,0.06242423880525715,0.039124125947201535,0.03923160980969385,0.0425218102670974,0.04064084267348194,0.03367230558856372,0.042683036060835865,0.03317071423026626,0.03122406205401661
T:TCCTA,0.048136332838613925,0.07517987352390786,0.07933692811511905,0.049161732916048265,0.06197167193650384,0.06162987191069239,0.061652053623281924,0.05635364909337291,0.047742103310318126,0.05307579692843776,0.04994111763567142,0.055470413628444216,0.040903078015099695,0.04046045202297219,0.049073006065690136,0.03818581822288185,0.034219324708008,0.037047493063173516,0.032908587145899205,0.027550695295863716
T:TCCTC,0.03927609541336489,0.07276848741416735,0.07887290113865808,0.046886482879187064,0.06297317565303784,0.06552998743770884,0.06047709411892348,0.06139964803749172,0.0509629156525056,0.05469202598162944,0.04930068092940484,0.06143308379341616,0.039300660458533865,0.037879299650562234,0.045935269741255016,0.03887145453044257,0.03327198895664747,0.0397503372575993,0.03203350126271156,0.0283849096927527
T:TCCTG,0.03695230769707929,0.07141594375056215,0.0806889129430155,0.045974052558611256,0.06368815927002273,0.06601865263118717,0.05887333641419138,0.0619947211875157,0.0516604067352933,0.05505906873311602,0.04953895682973503,0.06235698046963442,0.0394875023649204,0.03824006500817254,0.04682263252083456,0.03869909218072024,0.033334677331811516,0.03996203721221633,0.03135279649898735,0.02787969766237311
T:TCCTT,0.04613761754654853,0.07551832070810602,0.0794899190329078,0.04967765442655656,0.06181624483590493,0.06262388125401891,0.061953727981889216,0.056101754790486166,0.049248559047161654,0.05291066616441135,0.050764572751087075,0.05588844013348812,0.03993361351946373,0.04021721104032818,0.04780899337059969,0.03829984519274459,0.03458163508767171,0.03673327714814333,0.03274688243094863,0.027547183537533822
T:TCTAA,0.05145162879341213,0.0776322449797696,0.07963744950893296,0.052421532890110374,0.05972044340414256,0.06161014271688652,0.06270234645449944,0.05162828383028886,0.04617830608202909,0.05209540051433793,0.051673296892569956,0.05120108439014944,0.04142985266290482,0.04186809304284904,0.0478896517517725,0.038009709232603724,0.03502780618224685,0.035922122306435336,0.03416406496828702,0.02773653939577183
T:TCTAC,0.04671180165317754,0.07510309461645139,0.07937881385427857,0.04917184878522377,0.06181366786238822,0.0636067114137351,0.06084064002172341,0.05547228486979422,0.0480684373690103,0.053506833284663984,0.05030327650692703,0.055754603025114466,0.0410611283459281,0.04066458986822639,0.04758569487441691,0.038398501774186425,0.034567810773562524,0.03729293525755066,0.0329450201555767,0.027752305688064298
T:TCTAG,0.048341206131782284,0.07484399999576447,0.07988534410006025,0.0488473524207664,0.0618589122513874,0.062376706258318856,0.06123840654982947,0.057250651478042466,0.047642343054942284,0.05345561319411134,0.04939585404774082,0.05712782099787059,0.04082948693920209,0.04034769496956239,0.047019719586484834,0.037948265072411745,0.03442430095161856,0.03696244458068745,0.03260725695183457,0.027596620467581753
T:TCTAT,0.053564875839009415,0.0776280978233442,0.07971605192770084,0.05180623854341037,0.06001264234398295,0.06123410832555661,0.06344010326006533,0.05182847812010569,0.04886975905129387,0.05096370073399157,0.052798465811355354,0.05073018517869072,0.03997563910983528,0.04090285838436318,0.0480665681852591,0.03824608433760704,0.035430211780645926,0.03515221707195444,0.03326270842118679,0.026371005750641312
T:TCTCA,0.04432821215930984,0.07397283623295421,0.07955787494813404,0.04916675427633686,0.06216948085516162,0.06361395177258727,0.06138441526610426,0.05796048420257678,0.0487281875249221,0.05353064897303841,0.05028027836858145,0.05688615118173522,0.0401366337606819,0.04029090972430014,0.04725821130705955,0.03837427970854285,0.0342349560717856,0.03755002304808247,0.03261008180980635,0.027965628808299052
T:TCTCC,0.038864971347198615,0.07282512348206323,0.07886654287443359,0.047309173169894504,0.06350141782084313,0.06550993990976126,0.059680125281048345,0.06036663454685563,0.05065556120753947,0.05538806383709052,0.049295638736216396,0.06106417207396103,0.03929231647250034,0.03885256455323824,0.04642277666805898,0.03894975110592783,0.03335152996447521,0.03974654298471621,0.031981957764516296,0.028075196199661156
T:TCTCG,0.032751534455385804,0.06715993451671456,0.07889647804776719,0.04737151872752721,0.0641330636186934,0.06873272037549026,0.05629386366221704,0.059394922572444594,0.05437486707981146,0.0541226278383097,0.052213522990864986,0.06546844783840862,0.03998733857925011,0.03790018250251003,0.042534460331669875,0.040140660471143334,0.032716913383022815,0.04278175370569121,0.0326773464431794,0.030347842859898413
T:TCTCT,0.04316676411928513,0.07546538338666248,0.07820055787885892,0.04866480811065833,0.0628789778904128,0.06448177766058326,0.062335609654869506,0.05719448019007356,0.049370835753395854,0.0546223551755922,0.05067835213928326,0.057695330738844273,0.03907765484922019,0.038906023820046425,0.04724963226101647,0.037634393922077174,0.03478609897883438,0.03805840057824054,0.03249131410467698,0.027041248787368268
T:TCTGA,0.041786523763942686,0.07367863749758219,0.08036666352558412,0.0485570032088638,0.0628642209206017,0.06416983668023946,0.06052080801868779,0.057359060452613464,0.04959170059862421,0.053918955110623966,0.05029782422171414,0.05838755833734235,0.04034141914109578,0.0397388272520322,0.047172653735325774,0.03832410020383972,0.034442590103606126,0.038238547034404775,0.03247176745408647,0.027771302739189305
T:TCTGC,0.036387887408047555,0.07204435622410965,0.08023099324394273,0.04680028746626097,0.06323882654951966,0.06543233215256117,0.05986154808683401,0.059552476845912986,0.05131482806786965,0.055205224804317395,0.04989250022130101,0.061926023948520134,0.04060010832496891,0.03874868157110214,0.045443974836199746,0.0395078565609373,0.03362049952514055,0.03974341085620235,0.032345955742798714,0.028102227563453375
T:TCTGG,0.03978052513768389,0.0711951251039207,0.08065870712410374,0.04614679359177478,0.06414017233353794,0.06509232254724198,0.05900788490566437,0.06174143188417672,0.05079029174080324,0.05488354877968671,0.0492547023011945,0.06246543334489381,0.03947114695251892,0.03808459586238463,0.046103706675576006,0.03880224023710518,0.03330618622165181,0.03949233723917406,0.03134184664872085,0.028241001368186174
T:TCTGT,0.042074510517792596,0.0738853567008863,0.08017259567664642,0.0490503730647423,0.0624231422054993,0.06473785264123602,0.06109265689010469,0.056859041482750734,0.05065419239263012,0.05439068504406467,0.0510962029953177,0.05744022418955909,0.03925098686939032,0.03908787716336077,0.04675124990466711,0.037935532141240756,0.03458371118559602,0.038535085565793055,0.032597446915584326,0.02738127645313769
T:TCTTA,0.05099812002597288,0.07746563863023664,0.0797365656648071,0.052300163520344854,0.060366543941418244,0.06144166471190163,0.06349076840963716,0.05179872379340003,0.046634744503710655,0.05231801137503272,0.052078340183509944,0.052196475983586774,0.041071313228149976,0.042014699833080066,0.04728491635305436,0.037381056796973004,0.035331103201395195,0.03517812158978491,0.033808086268030585,0.027104941985973286
T:TCTTC,0.045271248003536296,0.07546200895631043,0.07962859370913616,0.04912924097741382,0.06178686554751509,0.06278353359033428,0.061549762211566474,0.05680888696664409,0.048599630762191905,0.053518631377588256,0.0508836865160286,0.05695782122289322,0.03974638283371848,0.03990246593426757,0.04734262563944923,0.038308273655376854,0.03457181103459862,0.036814760933710555,0.03303778819523256,0.027895981932487508
T:TCTTG,0.047861008727600636,0.07488857936384222,0.07977784594033319,0.04952959456129853,0.06110242317884458,0.06249444782463674,0.06157760558351896,0.05713251303608872,0.04867728326402542,0.05257344375667308,0.05071880766929316,0.056496422303905544,0.0396546840246525,0.04016255093335211,0.04771434749159002,0.03832216193747035,0.034152792513740066,0.03682873152277942,0.03267277112634153,0.027661985240013207
T:TCTTT,0.05261246140943014,0.07744539543879472,0.08026743815445321,0.052240703810539066,0.0609516710385676,0.06111410779833784,0.06334844200415705,0.05263187804835311,0.04724541826518488,0.051894519345839225,0.05195229568604905,0.0526958108838312,0.04043444019225314,0.04076547020706188,0.04736854817055007,0.037427229041987774,0.034809771399859156,0.0350029906359707,0.03285153232799344,0.026939876140786734
T:TGCAA,0.05041443126762401,0.07523252897251734,0.07936535646785665,0.05047323539383604,0.06026871648049954,0.06257126554748939,0.06309039572420497,0.054547258762963326,0.04820835772020078,0.05201316844901361,0.051059439027012224,0.051926799888639685,0.040651108687482715,0.041465178309730524,0.04880466831256966,0.038263109874591014,0.03460163420342001,0.0368858069809686,0.033212386721660776,0.026945153207719143
T:TGCAC,0.03472194082963194,0.0724226603288397,0.07990649107769034,0.047353957245642744,0.06186446401205226,0.06820540793267357,0.06003896205096236,0.0578643601132497,0.05243460869113484,0.055685602223434376,0.05028078651393543,0.059651419517390065,0.040192212784747654,0.039420244681680046,0.04557728772175901,0.039241538741266006,0.033980103379308554,0.04042910205459882,0.03306267695264812,0.027666173147354478
T:TGCAG,0.035984402875462854,0.07082666130620208,0.08045722326411177,0.04693376095221344,0.0627730201116408,0.06634945508288542,0.060082889229501744,0.06015294075544479,0.051795489138587045,0.05446506142072109,0.04977922347883492,0.06037147105920192,0.03999942131348134,0.039331647528132924,0.046654316278071054,0.039582157876342304,0.033863821356425974,0.0403694761135718,0.03218791474120149,0.028039646117965247
T:TGCAT,0.046127603314570255,0.07576291089559502,0.0788439531017209,0.05035469356502328,0.05960031159219292,0.06515449225919288,0.06271872493019903,0.054482957933393014,0.05032645759871377,0.053105208871408426,0.05158960185626564,0.053167494091208814,0.039890776638558036,0.040429751407230735,0.04822786092623935,0.03793335979763117,0.035134677254600385,0.03771328535433646,0.03301864072058186,0.026417237891338034
T:TGCCA,0.04117558637820607,0.07183495167643998,0.08057173712050533,0.04688842291953407,0.06242972320916473,0.06530083714930884,0.06043531092257733,0.06016323109905973,0.050249112591501534,0.05405906987328974,0.04910536962967753,0.05955357075377028,0.040275371653481155,0.03945241416259457,0.046908576980535376,0.03896115892568778,0.03379416153647843,0.03859502681749742,0.03208106635136758,0.02816530024932253
T:TGCCC,0.035520893387141546,0.06910511818589456,0.0804187218414366,0.044303162300087545,0.06523818674866014,0.06636986740119147,0.05756197553007495,0.06353639527683472,0.05288258279418359,0.054836333354685796,0.04921102641299938,0.06526487733008776,0.03878461768411163,0.03730702709627826,0.04502594324514765,0.04069246044455833,0.03280379219780924,0.0412187987103111,0.03093545149787543,0.028982768560630326
T:TGCCG,0.02660434686726618,0.0655766827570998,0.07801818137266914,0.045294160887995885,0.06673445884687952,0.0700852711278822,0.054856533777657986,0.060063463281958294,0.05572027149543016,0.05496067236774399,0.053080051946779054,0.0688846144421847,0.03900909068633457,0.0372999926490407,0.04218225478424934,0.042041361397662395,0.03201342775232168,0.04419151699296758,0.03214819533949181,0.031235451226385044
T:TGCCT,0.038652616268223035,0.07099259375845897,0.08018781202786651,0.04590757157094137,0.06377495120510004,0.06674097557236061,0.05878928947705843,0.061301455129383654,0.051022810301303845,0.055764921538072235,0.04965105795212706,0.06321051106933591,0.040150553551597086,0.037750326147350084,0.044748162686300864,0.03855560311988858,0.03352720133348982,0.0393866598101663,0.031835916167071564,0.02804901131390402
T:TGCGA,0.03374961387405675,0.06724328140858744,0.07773708132915581,0.04825029786858479,0.06277745907065002,0.06734919023873616,0.057720312431048935,0.05581395348837209,0.05464895635673624,0.053757557036317904,0.05493137990379948,0.06087992586381889,0.039954106173602226,0.039442213494550106,0.04498477560566612,0.041074974626009446,0.034084991836194345,0.042222320285953845,0.03311416089316447,0.030263448214994926
T:TGCGC,0.026342123056119,0.06311020960108181,0.07889790398918188,0.04542258282623394,0.06622718052738337,0.07073022312373226,0.05377281947261663,0.06025016903313049,0.057897227856659905,0.05482082488167681,0.05437457741717377,0.06759296822177147,0.03874915483434753,0.03847870182555781,0.040270453008789724,0.04173766058147397,0.032373225152129814,0.04574036511156187,0.03220419202163624,0.03100743745774172
T:TGCGG,0.02570669830014963,0.06357251661431865,0.07993745197686801,0.044666567812032404,0.06712454335899061,0.07171454376339592,0.05423075367671838,0.062386261003194804,0.05702789048703881,0.05499912378846906,0.05228286804254344,0.0677244112532521,0.038829650998207135,0.037953439467263386,0.04148524594583665,0.04163352789722713,0.031988460968146344,0.044343043554453176,0.030950487308412978,0.03144251378348139
T:TGCGT,0.028560180380086612,0.06884745236987462,0.07806926499886666,0.04767188003292652,0.0630256612147024,0.07095904465361536,0.05786597950443196,0.05617789866743018,0.05611228421793541,0.05344595158846617,0.05576035217064529,0.06224425277071925,0.03926726554764205,0.03883182420099495,0.043526239814847954,0.039792181143600204,0.03337985994297508,0.043055008768476434,0.03386302088925474,0.029544397122508143
T:TGCTA,0.04848350004596087,0.07553251940802393,0.0796021459550252,0.050405500263230464,0.06043437204910293,0.06264571686429843,0.06313352887596413,0.05342742777875271,0.04813879348525492,0.05276308422539213,0.05136336667585884,0.05433097679393651,0.04064612633390993,0.041112002473530716,0.04802180216768198,0.03844313804139821,0.03475582240717993,0.03584948231341974,0.03352323531132225,0.027387458530756182
T:TGCTC,0.03708193994301563,0.07158789786806985,0.07990699656650295,0.047018116079008236,0.06362366260306505,0.0665218571816454,0.05918486236797877,0.059367019868915336,0.050945672384579165,0.054963448207123386,0.04972040542073227,0.06189144787717773,0.04034874569094402,0.03916472193485635,0.045056486009960234,0.039254082218334665,0.03411071051736167,0.03965276656000715,0.03233897105070509,0.028260189650017014
T:TGCTG,0.03679425923172751,0.07158209483187311,0.08005572615745844,0.04729802472047206,0.06260926069280892,0.06677975094970291,0.0594871604267383,0.05959802318249163,0.05149414798447665,0.05502958049020563,0.050071516089838564,0.06178003291278113,0.04011565612808301,0.03896024833257289,0.04600035373549813,0.03878017645762095,0.03383172443492036,0.039971470463085905,0.032252090371729866,0.02750870240591405
T:TGCTT,0.044433183524264175,0.07542828385906299,0.08076689196273179,0.05068532406986741,0.060539871811897586,0.06312320456276953,0.06228096539480398,0.053951534552774495,0.04924617847082917,0.05352028014062948,0.051234701651627516,0.05508943112161095,0.04052044089997274,0.040603616386269754,0.047561001181231695,0.0383522866269195,0.034909939820089324,0.03701798407783548,0.0333344982561106,0.027400381628701835
T:TGTAA,0.050731699523916034,0.07725021567562386,0.07934226922708247,0.05265760296514043,0.06011918075214877,0.0625754864683516,0.06293734223727514,0.05158801163050772,0.046918234974598204,0.05174697255327987,0.05258171709748538,0.0512724861807841,0.04078026647921526,0.04201600792408218,0.047034060772598016,0.037994855736971596,0.03572147490174777,0.035997060421126624,0.03386746333514394,0.026867591142921046
T:TGTAC,0.04893852970575218,0.07554242151485163,0.07947103024034134,0.04926549935600654,0.06084619248193586,0.06413205098240082,0.06169780544932841,0.054643714971977585,0.04881917956725629,0.0527825987498073,0.05082078084828111,0.054469662686671076,0.04031299573820547,0.04068720815161446,0.047777352316635914,0.03839593413861524,0.03462024277807339,0.037022164315303176,0.03262983057253256,0.02712480543440964
T:TGTAG,0.04659576991338628,0.07374741344761873,0.07982325566178937,0.04917823288377077,0.06139534788618352,0.06331328158865433,0.060410822216951425,0.0575400557795644,0.04942564224197862,0.05345064490009569,0.05048991142336035,0.05808088036837413,0.0395466479099021,0.03964786082916895,0.04681250868999812,0.038175672912560216,0.034669003083415806,0.037987560012104654,0.03222966949381272,0.027479818757309822
T:TGTAT,0.05202650516058237,0.07767472193842914,0.07858805338722805,0.05177350270401013,0.05838421205315574,0.06375661905620439,0.06299909557186345,0.051157690273057166,0.05002919544476867,0.05194118175147443,0.05473682179946328,0.05031261755154461,0.0394958351047215,0.0410502050358618,0.04692713306667913,0.03780197994825692,0.03577350863955163,0.03615412523844183,0.03327316178134504,0.026143834493360725
T:TGTCA,0.04257761834340693,0.07398772314195318,0.08032226541950982,0.04962338680014713,0.06073114051220069,0.06435039799206962,0.062398524016298446,0.05660602867293612,0.049906193896248514,0.05300444663657352,0.05065782108916083,0.0551768428122809,0.03972682181217064,0.04029411937994544,0.04857127706762709,0.039124173357383156,0.03430214403129732,0.038027454172204274,0.03326855143006963,0.027343069416516777
T:TGTCC,0.03731450121688603,0.07104391902376807,0.08036954090709318,0.04607948453288296,0.06380567466344166,0.06606324603723641,0.05924548060240614,0.06168325722998495,0.05262193638554313,0.0540345453471504,0.04950338435478009,0.06155911583293371,0.03910954577263503,0.03796624355140505,0.04586023480744568,0.039621128465322,0.03345510536501075,0.040357967725239044,0.03207553403326389,0.028230154145571805
T:TGTCG,0.03159586154880388,0.06888947187197692,0.07937496925675122,0.04768072931184312,0.062289921133319125,0.06982406663496696,0.05651019036219646,0.056961091344340783,0.05657577595959927,0.052673432914132054,0.05409172145796783,0.05996983062519471,0.0402941514043516,0.03961370083129745,0.04391775566085688,0.041630457951433865,0.033022348292315006,0.04185180934266835,0.03362081686861565,0.02961189722736887
T:TGTCT,0.042799521463774914,0.07378842587308403,0.07975744663119315,0.048882680720799716,0.06204967379941699,0.06518576493629079,0.06055983423949639,0.05730537725189521,0.05063823953745524,0.05420672837392497,0.05096918079357056,0.05774381402550784,0.039278741312037145,0.039090926110117684,0.0462937296898392,0.03821163693328575,0.03453565257931871,0.03897980714821035,0.03235313122968229,0.02736968735109908
T:TGTGA,0.042043296619825296,0.07444410207167375,0.07966019104400605,0.04946864542203814,0.060195343571075394,0.06539710065998323,0.06235802477982644,0.05675640814337616,0.051041569627872645,0.05318203641731578,0.05124723215501365,0.055389146464682654,0.03971364896917928,0.0401751356154469,0.047056589441701484,0.03874624683802822,0.03484654135823259,0.038507620979010955,0.03268887630868011,0.027082243513031266
T:TGTGC,0.035562207072665504,0.07176827535101334,0.0790895857039201,0.04767024861760547,0.06143107915315451,0.06770441231091685,0.06017241676799837,0.05787304219424993,0.053715642194794806,0.05585972725349152,0.050637095668330655,0.05946952738408001,0.03933002109576277,0.03918835346799628,0.04669764586543936,0.03881511375638072,0.033970262511930506,0.040918333153221714,0.03283419711234152,0.027292813364706053
T:TGTGG,0.037806156086344876,0.071476411236973,0.07954638891671238,0.04693757951499404,0.06184790229915129,0.0672067083371331,0.060071849412243104,0.060681059472356816,0.05328233410425191,0.05452317913466757,0.05047623034269748,0.060493437723781913,0.039015606242496996,0.03888927924843661,0.04529383359819644,0.03866802013457936,0.0338847867914289,0.04056442003949774,0.031751430335521504,0.02758338702853495
T:TGTGT,0.03692059152915048,0.07459351924630295,0.07803848243444066,0.04863283503775184,0.05901612665062384,0.06764466863712107,0.06216225980045028,0.05420433170274548,0.05542209918281208,0.056251598056762976,0.05347163692571232,0.05553889543018022,0.03847752408791075,0.039186017840714474,0.04688474946152721,0.038055233752081204,0.03495539821382412,0.039937652549753275,0.03324975211487139,0.027356627345263385
T:TGTTA,0.05269317571531902,0.07860825942401957,0.07984896320004305,0.053605853555563146,0.05882632941047427,0.061529180338725585,0.06371774454747425,0.04996031610524562,0.04759066502343264,0.05102924604739095,0.053098810310983076,0.04963953364438884,0.0407973203281915,0.041823824202933194,0.04814427346394353,0.038059286807459125,0.035704122675491286,0.0350190969042423,0.03383737570973119,0.026466622584947853
T:TGTTC,0.04728626577353251,0.07599030273873134,0.07999342984519746,0.05062788958908708,0.06091933698880471,0.06277280279034116,0.0628652516898851,0.055366120081247326,0.04869902856850508,0.052335950325321394,0.05095549976708263,0.05356112263481159,0.04004204181023921,0.040379525171681196,0.04863889190569494,0.03797675134567002,0.034618073849617056,0.036786583959308124,0.03295399365782598,0.027231137507416108
T:TGTTG,0.04957641812267892,0.07616046711210729,0.078973368488143,0.050835637058232096,0.06024297113676474,0.06273138147940789,0.06237589428760173,0.055725281047980114,0.049582229902381474,0.051704498123763785,0.052183001319273996,0.053321141511023976,0.03935543488578884,0.04071926585598797,0.048281359878960005,0.0380255059638546,0.03444835555693316,0.03617542275854186,0.03264476658924085,0.026937598921333687
T:TGTTT,0.05048333625539918,0.0768656062224064,0.08017235539758691,0.05281036323934907,0.05984673100524378,0.06239988603943195,0.06351558390844902,0.051512866387210914,0.04797152181189334,0.05189788176790296,0.052707260802346154,0.052211671793564014,0.040225888972123494,0.040916227028577806,0.047878879042412455,0.03762840487081812,0.035313829872013515,0.03532927033359366,0.03332350456639199,0.026988930683285253
T:TTCAA,0.054888956177894035,0.07668359635417991,0.07952139705545576,0.05261349930533998,0.06029801678380042,0.06171532679555621,0.06259701067181003,0.05138194087501718,0.045688527676985634,0.05164848167166245,0.05163321441839399,0.051596954691881386,0.04099321116137995,0.04166178962742813,0.048511697260545855,0.037713932386424356,0.034949287273726586,0.03528961979450277,0.033431467844620075,0.027182072173395286
T:TTCAC,0.045710245700104665,0.0756578758545737,0.0794473708883357,0.050870694125278164,0.06106721976775112,0.06288399610431109,0.06280650327478958,0.054283248729021925,0.048263682267918544,0.052464558989263894,0.05045835573609578,0.0540852114980225,0.04032784250395596,0.04180020626486475,0.04772505926766406,0.038730150833574103,0.0346632123360931,0.03734102011178102,0.033615624085154096,0.027797921661446266
T:TTCAG,0.04589590903438843,0.07512676328769395,0.08014824741983172,0.050203788391660564,0.06171955954075077,0.06289600574752345,0.06197446773235331,0.055382085964160874,0.048821481368905344,0.053152157393719174,0.050736401442407326,0.055590019204465387,0.04025477002998107,0.0403998397325191,0.04813136406968872,0.03810635681620359,0.03431865596374639,0.036993464955304714,0.03240442669835173,0.02774423520634438
T:TTCAT,0.056189171243879996,0.07794859000708858,0.07976099488223329,0.052986111936131536,0.059555914604445606,0.06132277835199199,0.06452055752900442,0.05168719977506643,0.04695356257020924,0.050442408954045705,0.05197694694920646,0.04823795437175024,0.040565264395946446,0.04148928727475292,0.04946096465348482,0.03780969616807712,0.03502244715579158,0.03462973743229882,0.033309704748289565,0.02613070699630523
T:TTCCA,0.04750690704980359,0.07481038995091017,0.08008960956353271,0.04924216675002063,0.06181081238559061,0.06270545134960596,0.06112435602989089,0.05637135892866681,0.04848348377510937,0.05294575356034747,0.050403255174824836,0.05625118354544086,0.04022537132979524,0.04012279739158724,0.047743616137975904,0.038502857503556705,0.03446605713064885,0.03678337840921782,0.03271016125351422,0.027701032779960087
T:TTCCC,0.041718365030110206,0.07274354453992114,0.0793355191054816,0.047803560852343316,0.06329111974226681,0.06463970572944946,0.060502296293044426,0.05894961248370106,0.04991462549589994,0.053724708236386864,0.05039059702078794,0.059823767306917686,0.03951025764846961,0.039021963236205874,0.047250571281356936,0.03870387870581956,0.033956486344315334,0.03839580652142603,0.0319647996722112,0.028358814753884982
T:TTCCG,0.03172912605001565,0.06745372710424338,0.07947625580667678,0.048613618311791465,0.06386742725106506,0.06707463836137387,0.056099116663056295,0.05722434832839916,0.05365610032011938,0.05440224324259273,0.05462488266300816,0.064029893855152,0.03840830866247864,0.03950947120129011,0.04241581822995644,0.040724962091125715,0.03395552025416997,0.042945339013647194,0.032649770139841626,0.03113943244999639
T:TTCCT,0.045103479631208046,0.07544973908795474,0.07976534593360533,0.04980908186362375,0.06162850784172961,0.06261581195243493,0.06239926188241537,0.056479029280956265,0.04926154886667854,0.053245146481754116,0.05053775745468485,0.05596279854531721,0.03975335870698056,0.04008228902660744,0.04833120460851391,0.03780030286220693,0.03434833053751114,0.03715988938499267,0.03269444220653232,0.027572673844292288
T:TTCGA,0.04372514195662506,0.07026540260649873,0.0804274958100908,0.04874052580233634,0.062091952872901916,0.06682592490682142,0.05676388923631088,0.054475073167071064,0.050591590164344495,0.05304925332065938,0.05357455536933737,0.06060359706831428,0.04027941066113015,0.039866673337168874,0.044212922430397476,0.03899116992270556,0.034382269805137956,0.04057332966455712,0.03155564449558496,0.029004177402006153
T:TTCGC,0.03569716298751381,0.06923686240176766,0.08194192566652075,0.04944447918620891,0.0629312321514185,0.06575573760240135,0.058282784066037145,0.05534363079232068,0.05196673128634857,0.0523940549892648,0.05399912450753549,0.0580013757738728,0.040116315427427926,0.041085610655994,0.04413941175244408,0.04050194901298647,0.03422758635065558,0.040814624893169074,0.033716882413023994,0.030402518083088404
T:TTCGG,0.03774146881116501,0.06997985987008198,0.08007119961421723,0.04879017388591042,0.0625336850764474,0.06619294811789067,0.05613706634896321,0.056541287266331945,0.05306640569596914,0.05217286472073299,0.054073412191870195,0.062030181828496865,0.03997532124925538,0.03912432984426857,0.0439891640427765,0.040124244745128074,0.033670893257311436,0.04042918333191502,0.03302555810852977,0.030330751992738207
T:TTCGT,0.041046119158703966,0.07222459914838131,0.07887999239383629,0.053025827000522927,0.0605640785336403,0.06467955639766654,0.0603467595705234,0.05339934396838009,0.05123294555480852,0.05153855034669166,0.055830599868250376,0.05485266453422434,0.04004781017188572,0.04075409680201563,0.046363642537470544,0.03938906206493762,0.03435676982526197,0.03913778701383371,0.033249801356885274,0.02907999375207981
T:TTCTA,0.053203054899824895,0.07806355499369333,0.07968037621609583,0.051881758616086696,0.05976742044561449,0.06091597026762139,0.06322377733694912,0.051628349550323825,0.046681519055291006,0.05175755248244518,0.05156767414021159,0.050966630665923336,0.04106297607889802,0.041975248715644335,0.04847037291107055,0.03778293479106601,0.035089660410437026,0.03551296062451415,0.03390684682742557,0.026861360970863668
T:TTCTC,0.04535484900514615,0.07539244023857775,0.07982047876329282,0.05013144333298538,0.06194154581199104,0.06244908145647132,0.062146719795929874,0.05636825250558229,0.048317273369736714,0.053200654157052885,0.050679173880751924,0.055989100582046196,0.03982774984132012,0.04042827369489549,0.047982515816994406,0.03811316725039265,0.034429634322367925,0.037281072759974034,0.03288603005138949,0.027260543363101557
T:TTCTG,0.04523062404022506,0.07499307613062794,0.08012747628127373,0.04973072617762216,0.06168658300026264,0.06316881412150001,0.061553336369007276,0.05625926050322077,0.049592524093138295,0.0535987327254277,0.050655193507695546,0.05676306491478548,0.03985340668138253,0.03991287212012459,0.046984303877201664,0.03794335476475087,0.034539509002682,0.03743074065855771,0.03247473682413812,0.027501664206375908
T:TTCTT,0.052749581223665805,0.0779704254154162,0.08005641415603827,0.05211904884325723,0.06037550503478753,0.06043639335478406,0.06366392533919304,0.05279017343699682,0.047042316029323815,0.051656297611283555,0.0518561015057907,0.051925559293046014,0.040223726238896904,0.041236727473802234,0.04797819205890021,0.037717382578002445,0.03498507559623196,0.034715362889876936,0.033363642185953835,0.027138149734752436
T:TTTAA,0.05339501485751069,0.07832798039851221,0.08028178271995576,0.05456140311112421,0.058973097819311815,0.061594638149916926,0.06320255852907244,0.047055356976910226,0.04568588207828356,0.051237219254245896,0.053339710012216934,0.050559961558599334,0.042164958034048745,0.042502226926659885,0.04706623661860736,0.03773966377373972,0.0360098007438955,0.034662085128663096,0.03456960817423746,0.027070815134488238
T:TTTAC,0.0525037460225911,0.0778169213052721,0.08116836934516213,0.05386186188526746,0.05981263067237452,0.06126719809201284,0.06355085919826348,0.04982161333252794,0.046152557135369275,0.051274232235864,0.052443342017220985,0.05003010457686994,0.04125301289333237,0.04187751236820723,0.04785848315799934,0.037926895565371745,0.03556821658148403,0.03520092125850771,0.03379019545567028,0.026821326900631513
T:TTTAG,0.05445191124313585,0.07771202061015081,0.07981935493749773,0.053781047771986806,0.05944271438442295,0.06130696836701687,0.06410622036860168,0.05002191551139702,0.046736502820306204,0.051319620029054804,0.052591485297467176,0.050325287437722625,0.040859509130825075,0.04155812586968214,0.04787630081479766,0.037886081449141656,0.0353854163277259,0.034348018320984726,0.03369725204369321,0.026774247264389112
T:TTTAT,0.05760643933106695,0.07863610935223493,0.07971448828998301,0.054743740279220736,0.059361046391298376,0.06104085852283089,0.06473705996504106,0.048382072987555355,0.04673453538005045,0.05013002022536839,0.05352038213036449,0.04854549478382216,0.040812416367999246,0.04123864500277663,0.04725246464658884,0.037975844311794446,0.03595586894289151,0.033791938950944775,0.03371048419982746,0.02611008993834029
T:TTTCA,0.05576829672973119,0.07803818318144187,0.07989888702238011,0.053994858234002026,0.05962404711410059,0.06090948861359479,0.06417734614602937,0.050140830191972276,0.04614901476277031,0.050624234275301494,0.052085354693440285,0.049206172415654024,0.04092916924539589,0.041845455370091184,0.048845628752553376,0.037744558259377864,0.03517482348861589,0.0347184027686079,0.03348979856632223,0.026635450168617316
T:TTTCC,0.04876472547924343,0.07593500374477423,0.0802321008559126,0.05138544121956901,0.06099848956598192,0.061438719713042586,0.06300175591085684,0.05377946661389749,0.04843220455735266,0.05234543099971695,0.051399844197353356,0.05383144257720622,0.04002337039699617,0.04096394746795651,0.04827377180172485,0.037837875072328,0.03468237050470539,0.036140828559476784,0.03308050888851594,0.02745270187338906
T:TTTCG,0.04510843771279999,0.07099179408871739,0.07987178693519875,0.05085876615560279,0.061513381894719464,0.06469807336483632,0.0579847712593632,0.05244079431570404,0.051360888136852315,0.05191803718454015,0.055391620753458104,0.056313324116299704,0.04010785305021908,0.04111209701271813,0.04585818149302188,0.03910360908772002,0.034598268023083856,0.038463919440374736,0.03351836184423213,0.028786034130537957
T:TTTCT,0.05181088052884176,0.07760464626999469,0.08053372037004287,0.052261771180807534,0.06069338825839579,0.06081116104914594,0.0631727151316311,0.052166485751398026,0.047271863813490585,0.051933989303638836,0.0517300784847025,0.05269817844750307,0.040455525335252256,0.041267357193821234,0.04778869198260774,0.03740296131868936,0.03503454668528671,0.035397012458760466,0.03317762423695428,0.026787402199035255
T:TTTGA,0.054796657413073754,0.07688528721077229,0.08014698460628468,0.05225915424560631,0.060095415765835394,0.06169203111070643,0.06329641072118028,0.052158218792769634,0.047415664194100995,0.05098299131743353,0.0522782119884496,0.05171777318039142,0.04015748754011831,0.04067486996619721,0.04808762608990878,0.03768562770911108,0.03497236980208887,0.035134007695093054,0.03306377214844994,0.02649943850242845
T:TTTGC,0.05063610840273944,0.07623805216519632,0.0806079935468966,0.05140750486527972,0.06003676859280839,0.061893797894126815,0.06311648086584358,0.053473046154569055,0.04833856081697542,0.051670836906426085,0.051524976407798545,0.052854362697303245,0.04005290135131431,0.04066277444289121,0.048395338729192855,0.03810874732262776,0.03494386818126642,0.03577302148554513,0.03306236564192325,0.027202493529275867
T:TTTGG,0.05049268789592109,0.07547039158905716,0.08063212219961306,0.050307476291663225,0.060824491982089536,0.06178225289059417,0.06202336169073166,0.05560769846215968,0.04855881177578717,0.052038620790920295,0.05154055174703766,0.05509210940165806,0.03983968350507121,0.03997400363248345,0.0477887653310574,0.03767721288238479,0.034417655504747506,0.03604618276380765,0.0326481338262298,0.027237785836985422
T:TTTGT,0.05311532306960575,0.07731841093760604,0.08004821323306296,0.0525219121740657,0.06036076914577436,0.06152291222286225,0.06313151567126382,0.05207433004302509,0.04791484497561014,0.051547663851236714,0.05228690351127621,0.05207320828329817,0.0398684624544215,0.0405482488489343,0.047855952589946904,0.03751669318693621,0.034989368522188126,0.035548004866193694,0.033066672350249286,0.026690590062442756
T:TTTTA,0.05659994838654846,0.07879196193530082,0.08024608018853517,0.055343253798745606,0.05902347880860572,0.06098089461250294,0.06408257089877788,0.04708288828166603,0.04563009799030676,0.050565689626094625,0.053553603845069346,0.04899913726743514,0.04173385784876373,0.04201671372816001,0.04752864081774122,0.037630898308663494,0.035704910935810304,0.03384487900275375,0.034077272330896226,0.026563221387622776
T:TTTTC,0.05554125140927373,0.07766188266070881,0.08033414944364324,0.05362489712624255,0.059843502893364736,0.06042140186939999,0.06379127527340556,0.05051765816759586,0.046634899422359016,0.05113735162314795,0.052462907399428806,0.0501683388758317,0.04072175454256974,0.04186207305778216,0.048115765548449346,0.03733382179556308,0.03509291531974067,0.03462956417645526,0.03341546034555263,0.02668912904948518
T:TTTTG,0.05604591145311635,0.07719511189149059,0.08036566539789533,0.05284943258817568,0.060304151592641915,0.061035364545893776,0.06286722681153442,0.05197209488681224,0.04736680847052169,0.05086083974593149,0.05234153124594916,0.0519532400806043,0.040247940701634476,0.040401136002074026,0.04812041150614549,0.03738377779610884,0.03467398861641075,0.034669274914858765,0.033036566539789536,0.026309525212411176
T:TTTTT,0.05343351746060858,0.07556887585534894,0.08041398847463378,0.052320187621474445,0.06130123136202109,0.06214220036258036,0.061930516686631555,0.04985438853756232,0.04700475835251345,0.05184520349775014,0.05369105220514812,0.05499492480836587,0.04170525340677558,0.0404480555440394,0.04594167249872125,0.037274447748588985,0.03489760522888881,0.03486960038459986,0.03297021300429655,0.027392306959450906
U:AACAA,0.053690850286155486,0.07697058131675591,0.07961645668690226,0.05267607049957578,0.06048397858225023,0.061573858279641035,0.0634190817080823,0.05180900789293856,0.0474228007053185,0.05109400708918332,0.05261586643884292,0.052093270365264864,0.040107076335645704,0.040555813819252516,0.04867653475356988,0.03743637454870229,0.03474953559084079,0.03495621551067629,0.03306320122990069,0.026989418360500676
U:AACAC,0.04432509802490461,0.07574780736433637,0.07992121514388474,0.051392622688254445,0.05993001407017245,0.06416120281727833,0.06312013170005798,0.05433235612539078,0.05033127754732971,0.05234955660710158,0.05254722833821937,0.0536288475028485,0.039935771892904495,0.04062914350359458,0.0475598185069398,0.03801987665283978,0.03517239002355842,0.036795325621094714,0.03318553570052834,0.026914780168760973
U:AACAG,0.0445618503641073,0.07586566251889161,0.0805767944832517,0.05076436201027448,0.061029267428555016,0.0630887917510505,0.06178493171890884,0.05500150813675688,0.04939347367782688,0.05345427153802819,0.05131973935566653,0.054883410655265474,0.04013638663200346,0.040580050143552274,0.047240588508476684,0.038180596583790964,0.03469113518810216,0.03680651642751927,0.03316544340018608,0.027475219477785705
U:AACAT,0.055174472737699314,0.07857535593257722,0.07929454690968442,0.05319019883700596,0.058296218457607116,0.06133446555366677,0.06431127026614004,0.05111218591520006,0.047094799296090846,0.05060174149771324,0.052649820950592445,0.048743503255658606,0.040259727983539745,0.04199035512122267,0.04894516030948056,0.03797769483931241,0.03573504783840968,0.034937872297519774,0.033435684791119524,0.026339877209759572
U:AACCA,0.046541342561482485,0.07476443230193637,0.0795618807269375,0.049634562114727276,0.0612286165635152,0.06288957744837202,0.061512949048854855,0.055722985985587344,0.04870120982589492,0.05276840059444916,0.05191363709814857,0.056797621496948725,0.04021362023246388,0.03990809526374487,0.047219502029621795,0.03794160941016904,0.03463734804327152,0.03758398625314245,0.03273532265997455,0.027723300340757474
U:AACCC,0.04101767475378938,0.07178880502336434,0.08051972267682628,0.04710537953034467,0.06258165549789538,0.06577921235279963,0.058916685879725,0.06010222606903346,0.05154265109967986,0.05355214801992111,0.05085350074521469,0.06171234335058099,0.039059832613316095,0.03901699694228901,0.04601432979183124,0.038248474609156,0.032717633555952835,0.03925511287829252,0.03208265772661015,0.028132956883377365
U:AACCG,0.03274872754325616,0.06890786013656353,0.0779899971273046,0.047738304815079444,0.06344973887935416,0.06755253717930776,0.056562635808516434,0.05504526336724096,0.05299754716008279,0.05313749898719072,0.05464013965719168,0.06344973887935416,0.040129344951790276,0.03938539050242706,0.04488034118782272,0.04119739836919292,0.034074586957962893,0.04222862235840926,0.03294024056982491,0.030944085562127563
U:AACCT,0.044565610392293585,0.07399085767413031,0.0796004321513735,0.04883870079112971,0.06197326170983876,0.06364117662250458,0.060584049998708714,0.05681671444435836,0.04923577214775789,0.05418356103062077,0.0509284367655794,0.0575742706369498,0.04014940213320937,0.04050773482089822,0.04657894510300182,0.037991873488115835,0.03461945714211926,0.03754530272117628,0.03252003650043473,0.028154403725799092
U:AACGA,0.03958187055835898,0.07280518134035027,0.07920967498507149,0.05189214727710591,0.06131515227077359,0.06514078730650358,0.06006837584403483,0.0512556351013498,0.051275321044929885,0.05112439547748256,0.05569809636925581,0.05554717080180848,0.039430944990911654,0.041530778972787466,0.04526454627181038,0.04013963895979474,0.03562499589876175,0.039883721693253625,0.03429291371650929,0.02891865111914589
U:AACGC,0.034086745061461074,0.06958093207635165,0.07680968719810786,0.05136746727072854,0.0632432792564709,0.06684932875845298,0.05902928145507845,0.05568972983776941,0.05267497251740564,0.05224191345481195,0.05469869082914154,0.05939571604650388,0.04019954029114894,0.03991638628868383,0.04532129651220893,0.04111562676971252,0.03292914487491255,0.04105733035744029,0.03367034211665945,0.030122589026949597
U:AACGG,0.03124151045911437,0.06920857287605454,0.07863609330601995,0.04986159753885915,0.062218697915519434,0.06822470392152544,0.05677804944308612,0.05592634198991167,0.054017342525899986,0.05477360000587384,0.05544174981827794,0.06169739421573162,0.038576473784297745,0.039362100486794865,0.04295983024589382,0.04075713855664956,0.03279073694721617,0.042607399575614734,0.03316519453438769,0.031755471853271364
U:AACGT,0.0358318817181459,0.07171687130900285,0.07797297871436462,0.05319284530738837,0.05992692356714959,0.06550856098908102,0.060171219781620426,0.05003292688108085,0.05109508433530187,0.05255555083485576,0.05641118239367804,0.054350596932489274,0.04105238560564218,0.044042358839274334,0.04781301780175893,0.039745931936950335,0.035337978501933126,0.03882716573904916,0.03454136041126737,0.029873178399966012
U:AACTA,0.05771059630738221,0.0780056142097752,0.07945206472654594,0.05382439341520622,0.059378183369323406,0.06039927834565696,0.06407642865687946,0.05003244544392255,0.04644955005359238,0.05092061681386949,0.05156952569232052,0.050025195065392374,0.04046677936977293,0.041843142894085264,0.048297188182366356,0.037859059891751846,0.03556431508695016,0.033836308203924144,0.033646589965717795,0.026642724305564785
U:AACTC,0.04559545373098023,0.07377938785798573,0.08047048425266665,0.04932583049160572,0.06240257431276303,0.06432996658629676,0.060014687546130686,0.05615340408484611,0.04919306695831318,0.053929847006275164,0.05090692347899876,0.058540362435161725,0.040213424342890144,0.03949947219532394,0.045847054552814355,0.037947160113749566,0.03411187230933346,0.037576722003373864,0.032212332525301667,0.02794997321518926
U:AACTG,0.04523652241375216,0.07469726063425074,0.0800531987414557,0.050903842043366475,0.06120230211220466,0.06364849424164086,0.062291257831817035,0.05476092672066878,0.04806974242414913,0.05302457890926747,0.05134716488883064,0.055691552852615386,0.0407601931269126,0.040593947059863536,0.047149671598046915,0.0384538587999145,0.03440062135567071,0.03722856371314549,0.032902647534588415,0.0275836529978388
U:AACTT,0.05229288075053654,0.07695804142264101,0.08009629123989881,0.052911826785373206,0.05987658151591811,0.06176243271581109,0.06362088265895348,0.05158770134886716,0.046313765343696384,0.05214620343498931,0.05172954314851723,0.05168199390886181,0.04082948439699908,0.04157254200652956,0.0480182846974458,0.037492978427957666,0.034939826034256403,0.035408871076281066,0.03378977917004817,0.026970089916418107
U:AATAA,0.05811864140070544,0.07891380680594871,0.07995055424802294,0.054884557462224044,0.05943488459154707,0.06063978394751388,0.06512705410912718,0.04784490031034254,0.046306537530541446,0.04966219075812086,0.05375918941688211,0.04859192654942615,0.04065811023380501,0.040747298917862905,0.04748530517016008,0.03817275677677777,0.036280479664696,0.03360084257742799,0.03356221308369591,0.026258966445171967
U:AATAC,0.05738101951258305,0.07913356130546578,0.07918296330034244,0.05443376879384427,0.058484732373729705,0.060613837860242964,0.06420451943908252,0.04963936543740044,0.04646076879143442,0.05004663066345674,0.05358309054060242,0.04809103462236392,0.040432520489778606,0.04227364849396211,0.0480042798996537,0.038072069076038106,0.03550196041574791,0.034478977643789925,0.033795784202446964,0.026185467138033994
U:AATAG,0.058154800518558196,0.0794132191216792,0.0796527592868077,0.05331567795521113,0.059924107918498774,0.059709241418447884,0.06400965562760037,0.04986958939937103,0.046129473001356024,0.05015128040900712,0.05269575212013607,0.04860095178663037,0.04070949123930679,0.041637837887852025,0.04870889907134493,0.03802314595398156,0.03532549190549575,0.03426658044591481,0.03348524771845703,0.026216797214343213
U:AATAT,0.06569665617218637,0.08097056340391784,0.07918743046785857,0.05574299041501253,0.05849803447174363,0.05881422955633553,0.06610226707988008,0.04700291767718426,0.04565131327870329,0.04747008295585385,0.05441212012043923,0.04340036712322731,0.04056757017684247,0.04180902464831396,0.048151716621818365,0.03827515581355116,0.036508869336916876,0.03282986177480042,0.03372013236133582,0.02518869654407844
U:AATCA,0.055753264439021996,0.0784772390250747,0.07921147952343563,0.05280380882453286,0.05943311636078118,0.06103037775904802,0.06467851510430732,0.05147948499371955,0.04756609846318851,0.05041752720485983,0.05286435483421446,0.04893655258709255,0.04001514611289812,0.04123663783202999,0.04899037126236508,0.03788450320076961,0.03515608857400693,0.03416236517701059,0.03361072375546716,0.026292344966175923
U:AATCC,0.0489666097828015,0.07353554629918467,0.08029065820136888,0.048934803750665175,0.06172939183196629,0.06408670813683934,0.060202702289422656,0.05693524414187937,0.0485311118043195,0.05337419185153923,0.05094959355560857,0.056923011052596166,0.03961563633472179,0.03956915059544562,0.04773106776519809,0.03774886691010514,0.03423430035904117,0.037238747086995615,0.03215834510768177,0.02724431314261947
U:AATCG,0.04166774301878019,0.07145255870424427,0.07902146676655214,0.05256903722456149,0.06064598348445317,0.0645725159945924,0.060310161625033366,0.049503586405242266,0.05175100961828249,0.052250436998958094,0.05579809356513653,0.05580670438204473,0.039868082284966376,0.04108220746902259,0.045594275528919426,0.03954948205936297,0.03513213298545633,0.03840424341057236,0.034537986618790525,0.030482291855028286
U:AATCT,0.054205898994588476,0.07736899183193814,0.07947448024721807,0.05257917797089674,0.059983750924891555,0.06077353576972739,0.06346206856529371,0.052568296893815196,0.04658733152465652,0.051582652661511456,0.05161801616202649,0.05105310691020935,0.04021192711129166,0.04123474835695736,0.048809791518563114,0.037624044278729674,0.035140438434865875,0.035448735618843125,0.03300230678834129,0.0272706994356348
U:AATGA,0.055258415793209885,0.07807439063995379,0.07963569164269271,0.05321356413476765,0.059705213725078816,0.06131824674447545,0.06434888072033959,0.05135049303485876,0.04664144251854449,0.050990524418948864,0.052062526764133615,0.0492172658479596,0.04042426001661172,0.041210299269716366,0.048830712723489496,0.03796770772560189,0.035285546361945926,0.03431628954984523,0.033709875354579866,0.02643865301324627
U:AATGC,0.04963613303616505,0.07683240402945861,0.07953020246921319,0.05185258154683479,0.059774705844819497,0.06177286775974146,0.06338371089451608,0.05319140600075449,0.04777901784464935,0.05182795434116068,0.05139361998654459,0.05190743305038167,0.04050279798639011,0.04143975122044596,0.04931821819928111,0.03802664439770251,0.035042274837376486,0.036099005844483674,0.033808675716791615,0.026880594993289087
U:AATGG,0.052266706126917,0.07671661003169894,0.0794479249494564,0.05060153110525546,0.06061843245344106,0.061967152907281484,0.06274803798167951,0.05494186150165269,0.048126054105708305,0.051485821052518976,0.05184862952886601,0.0521918267362213,0.039883972601274374,0.0405462986404042,0.0483489094351598,0.038273174279999,0.034086168350264394,0.03588773083355025,0.03294871474874399,0.02706444262990683
U:AATGT,0.05396905800692047,0.07759652292492791,0.08065856287706155,0.05332932146519681,0.05867150115180182,0.061013751230129865,0.06355958521332143,0.05098017023755136,0.04699613673661211,0.050654435989769736,0.05255708285657894,0.04932872520589579,0.04069262695009227,0.04220880945512666,0.048816659926544166,0.03802050193439215,0.03546569645708796,0.035159285427395076,0.0337279870589648,0.02659357889462911
U:AATTA,0.058734384324980383,0.08002244142096217,0.07966182894600574,0.05613857055897169,0.058542902081046906,0.060579170457195526,0.06505851384446426,0.04656967383197694,0.04545058305225677,0.04964456574136784,0.05404567708344975,0.04610922236602017,0.04122754274636203,0.04196590423950629,0.0481931750363779,0.03815935644084428,0.036105951521464265,0.03337081020831331,0.03426340059054018,0.026156325507893614
U:AATTC,0.05710224951316095,0.0780824647047428,0.07908414580290112,0.05390898933039776,0.06012473729972116,0.06019910592387407,0.06368524994743699,0.05182850411644107,0.046474881308593986,0.05011710762976177,0.051981832020558796,0.049345877453361234,0.04004979943424758,0.04180618434788357,0.04843325507795393,0.03760848867347492,0.035209411946171804,0.034956007745354484,0.03335111447351146,0.026650593250450574
U:AATTG,0.05944707117574691,0.07851756053627329,0.07903719768218566,0.05316586022730247,0.05964387405003834,0.06073743878994347,0.06339864021817004,0.05036505478972631,0.04561270163811732,0.05035148217770621,0.05169323182312172,0.04856668369706318,0.04074207286747605,0.04188701963860012,0.05017212980458347,0.03737606508649147,0.03501927795642998,0.03457816806577676,0.033514656966773276,0.026173812808473963
U:AATTT,0.06301166498851597,0.07985419553454097,0.079683750135462,0.055555730910904405,0.05857955854641639,0.059109307055282174,0.06478135116907657,0.04829917586493149,0.04440576105448887,0.04932079612731219,0.052626069097723084,0.04624436188714621,0.040982123223606476,0.04219365332878812,0.04867689128634722,0.0374574807117884,0.035526818320986565,0.03363298055344252,0.03392494720927223,0.026133382993968127
U:ACCAA,0.04976788345468333,0.0756151242578744,0.07998619014444862,0.05035254177378552,0.060169458435828355,0.06222655150233555,0.0617292322994437,0.055985401009845684,0.048881134545394764,0.05195649895501316,0.05141396891549478,0.054518103857511886,0.0399119210700994,0.04032806627086634,0.048200916957968305,0.03799148803248604,0.03463766597000877,0.0365519338935367,0.03272648060352357,0.02704943804985111
U:ACCAC,0.03970978260150664,0.07074765592791744,0.07922996708488485,0.046980649968804494,0.06266658730001257,0.06696120513854993,0.05850314490366872,0.05987773126009996,0.05188925706197874,0.05417766225520348,0.05103275858647989,0.0622554239391875,0.039631518262046646,0.038819112372159056,0.04514529609273553,0.038399130494211745,0.03351146737920285,0.0398927668317934,0.032253726374641474,0.02831515616491509
U:ACCAG,0.03969634098077546,0.07176615045125413,0.08027461786621327,0.046161410876040955,0.06336930881502317,0.06543761456633385,0.05857585801938967,0.06035725784355601,0.05121409178591098,0.054779659015534436,0.04960335947467617,0.0625888508910228,0.03992697275500725,0.03843709149346989,0.045593134184333826,0.03883931330773013,0.033693457161070466,0.03962253881302129,0.03185486065689464,0.028208111042741603
U:ACCAT,0.04764825124135033,0.07475466531331905,0.07927078370277071,0.04895825550129011,0.06037470003328381,0.06395731909083764,0.06142561456181328,0.05660188776465725,0.04900677417758418,0.05300180198363756,0.05146861181274508,0.056007048793292005,0.0400094708456126,0.04006090064248431,0.04738625038936238,0.03797944942946888,0.03447348988045969,0.0377970192066032,0.03266180250763927,0.02715590312178867
U:ACCCA,0.041054084491193424,0.07133555543254252,0.07951551824429358,0.04674847839442594,0.06366559252096944,0.06650598342409578,0.0597870523548474,0.061638297544105464,0.05296920671421221,0.05398829904143613,0.0502358976406606,0.06065459666902912,0.03898867564278591,0.03800043740204962,0.04590543585480793,0.03845598891430822,0.03255922850264211,0.039105739676812516,0.0314965774650827,0.027389354069699383
U:ACCCC,0.03621382070759556,0.06830435861162698,0.07871380394628334,0.04389184260457383,0.06489443725570387,0.06885815236703251,0.056885211829463704,0.0646396653101178,0.05334254088084048,0.05475317291640128,0.051490751107922735,0.06615220612391302,0.038581858896569295,0.03657184233639283,0.043258935455538945,0.03970553726710157,0.03196583374119193,0.0420051893022601,0.030875677995078878,0.02889516134439133
U:ACCCG,0.027670498724432422,0.06431816575309895,0.07742084733673056,0.04439746300211417,0.06776894555222115,0.0722157604888926,0.05417788544953315,0.061156557445523306,0.058618274353059115,0.054197163548969585,0.052719175925509426,0.06908628234704435,0.03939158318178605,0.03627495710622875,0.04261745182081649,0.040837440639518816,0.03162893514204746,0.04387052828418489,0.031622509108901985,0.030009574789386765
U:ACCCT,0.038514478883610405,0.06992496459508703,0.08030273553942026,0.045028564495513984,0.06381565597929885,0.06625477730989601,0.05858702496229403,0.06236808139887583,0.05202168851625697,0.05470346685744528,0.04983986729171765,0.0642319382647095,0.03899560916323077,0.03772270579301775,0.04481833148202769,0.03939620241778425,0.032784844814566116,0.040679565141902053,0.03142094506538142,0.028588552027964127
U:ACCGA,0.03172019985724483,0.06907209136331192,0.077994289793005,0.048372591006423986,0.0631192005710207,0.06869379014989294,0.057437544610992146,0.05616702355460385,0.05310492505353319,0.05363311920057102,0.05456816559600285,0.06262669521770164,0.039785867237687365,0.03892933618843683,0.04414703783012134,0.041006423982869376,0.03325481798715203,0.04201998572448251,0.03316916488222698,0.031177730192719487
U:ACCGC,0.028349458344391634,0.06387273706983215,0.07953933135490304,0.04420102781865998,0.06563402256697308,0.0702584022969093,0.05418968803532222,0.06225621476423706,0.05554885355594695,0.05336132088369886,0.052846607313758134,0.06794219123217603,0.039037807320192054,0.037147843430565944,0.042681014307428766,0.04216630073748804,0.03233848851143227,0.04527066695619305,0.03206504692740126,0.031292976572490167
U:ACCGG,0.028021057104412078,0.06547689305414571,0.07639102004201978,0.04417585357600938,0.06804214568431655,0.06872673764390201,0.05247751469512051,0.06177065382466577,0.05619162279769914,0.05386243636048881,0.05392538734527828,0.06898641045615857,0.03849452719875986,0.03879354437650984,0.0428302762761345,0.04296404711881212,0.031263032821069695,0.04395552512924624,0.031546312252622305,0.032105002242628834
U:ACCGT,0.026361526027297365,0.0663595814241787,0.07929726904799524,0.04788585179693482,0.06299906415974915,0.06844395289198946,0.05661225829190924,0.05607141554953269,0.05441242601392822,0.05468588582748939,0.05305728071561395,0.0627924500783918,0.04072728156637781,0.04058751321722432,0.044896024501999296,0.041480815274857495,0.03404270834599351,0.04372926263080494,0.03396370884429806,0.03159372379343453
U:ACCTA,0.050619635929923926,0.07529490909998927,0.07856898397921279,0.04917134618972008,0.062070819311900796,0.062126635752192634,0.06207375701928458,0.056552335991468895,0.048542676809591026,0.05238372921388419,0.05133496767787451,0.05526415130368109,0.039544479093070975,0.03996457124895161,0.04767311542399196,0.03854272087520178,0.034214009045201034,0.03668168324757676,0.03256595520290011,0.02680951758438197
U:ACCTC,0.038991099845501274,0.07082811541714099,0.08000308327179823,0.04597538074496762,0.06339921778735032,0.065808861725314,0.05911503396626051,0.06193578081065471,0.05128508757720747,0.05508555520676354,0.05028860988009871,0.06213686375401747,0.03916313747482274,0.038793368284527896,0.04579999173325677,0.0386581958614896,0.033434507843910485,0.03922569661275782,0.03172083431547456,0.028351577886685294
U:ACCTG,0.036757254640359505,0.07066776001525767,0.08038836726317446,0.04563148351759421,0.06386333494171591,0.06727257865913627,0.05815050066400712,0.062054563719635185,0.051887476500475926,0.05528265785659731,0.048978325506750374,0.06330347718250044,0.040041694901251465,0.03825577501628158,0.045343205110965214,0.03920849999428717,0.03337877233828065,0.039827243891442085,0.031110337681239667,0.028596690599047802
U:ACCTT,0.04494154619382658,0.0733752915194429,0.08020965975265472,0.04854237936084509,0.062229855526290394,0.0637908724547975,0.06060606060606061,0.056895600199765195,0.04871665856174684,0.05372578011024565,0.049834481608390886,0.05754774172572014,0.04040279109077229,0.040429963654353744,0.047449854907880326,0.038319873544511,0.034277720465531604,0.038101556050908265,0.03239812865365569,0.028204184012600574
U:ACTAA,0.05522544012125001,0.07794522097596043,0.07966763288784982,0.05423164737265282,0.05925169960455077,0.0615920389537564,0.06400779464373686,0.049777217696566005,0.04684814433227953,0.05106172827492419,0.051998350571643696,0.049532722785344416,0.040733338766553585,0.04183052488556787,0.04819590732548111,0.03798429150605216,0.035336204830781544,0.034406880889620885,0.03364541912631386,0.02672779444911404
U:ACTAC,0.05249498912331031,0.07505390848381796,0.08049510311481795,0.0508193139611099,0.06055798842986197,0.061678904921583344,0.06172260166617587,0.05509019578041436,0.04746416391978798,0.05184523752980403,0.05082691339495208,0.05485271347284627,0.03978683588072689,0.0409438496831986,0.04725327963066751,0.03831824529072584,0.03463251987726915,0.03606311329805929,0.032734561275185,0.027365561265685706
U:ACTAG,0.05283149927565934,0.07577260396556956,0.07993873611158914,0.049901283162443175,0.06108084768195344,0.06098228728946405,0.062058629353475114,0.054375612091326374,0.04682244423515571,0.053224176394942445,0.049735451390953096,0.05465408431137574,0.04101050997963085,0.040908820685792595,0.04722763695983429,0.03856058022346613,0.03457905325702986,0.03573518230543709,0.03306779390552595,0.027532767419376034
U:ACTAT,0.06125404007756949,0.07917997968418136,0.07915781697294302,0.053205282112845136,0.059455166682057435,0.05986148305476036,0.0636870132668452,0.05191245729060855,0.04557269061470742,0.049549666020254256,0.05189152584110567,0.04896235417243821,0.04040139132576107,0.041036722381260195,0.04854372518238064,0.03780958537261058,0.035387693538954046,0.03387324160433404,0.033072921476282824,0.02618524332810047
U:ACTCA,0.04308541206113004,0.07307575944331768,0.0805521361419303,0.04885297126145148,0.06263316370551672,0.06543130233503708,0.06017518780984823,0.05738665377516604,0.0499238835859075,0.05432038687308008,0.05068904964134842,0.058862559848631583,0.04014720642355303,0.03873613136524513,0.04606363684386611,0.038068612023992275,0.034242781746787666,0.038349546423008765,0.031986502342720755,0.027417116348461106
U:ACTCC,0.04378209451163637,0.07256968110018817,0.07958660292583361,0.04777088756035595,0.06286840935797201,0.06415009361086389,0.06053502531625858,0.059972042513586454,0.050406126211161674,0.05383313429295948,0.0503270690516375,0.058947892947023316,0.039563316998846486,0.03899793852467362,0.04546984508390241,0.03871524928758719,0.03362205167702994,0.0386793142150762,0.032025336621791745,0.02817788819161539
U:ACTCG,0.03024097293765862,0.06780033670879715,0.07863029876623866,0.04842073523129884,0.06310149006206497,0.06983566600497525,0.056090911375229285,0.057341005603437446,0.05499786416061512,0.054533005000376916,0.05292484358117446,0.0644646581400608,0.04061863959594944,0.03946277357589768,0.04198180767394527,0.039952760258310925,0.03351383270095736,0.042120009045907986,0.03362690655074503,0.030341483026358772
U:ACTCT,0.04360669832608757,0.07415681282524368,0.07952296757725139,0.04921121874273403,0.0617860530158693,0.06357839553980205,0.06151590526261205,0.05710321316915933,0.0489193253498957,0.05360634705037127,0.05065061280885081,0.056895793222385964,0.04046696251888107,0.03991495782182292,0.047106909927888116,0.0385466552697212,0.0346073490225335,0.03786083125216411,0.03281500649860075,0.028127984798125193
U:ACTGA,0.04495376342789627,0.07483050609052803,0.08020849659806534,0.05016778590919869,0.061320022987674264,0.0646709185826411,0.061971072503606894,0.05627559488644812,0.04872985062030551,0.05340695819217214,0.05092814744262124,0.05602883908226131,0.040142427128670694,0.04012072547813961,0.04640134389480326,0.03828894542034891,0.03449597916641549,0.0368059993007246,0.032476118137355375,0.027776505150123178
U:ACTGC,0.038220190714936916,0.07110653946282376,0.08088752042198433,0.04807837500610247,0.06287189582999826,0.06501769432248967,0.059837123676331844,0.05839296723059159,0.0504376180047253,0.054504417052399494,0.049749600075386785,0.06001196651646077,0.04042729773578522,0.03986303220627822,0.04611423141244631,0.039381646724364804,0.034276008723976514,0.040099183574764045,0.032435617530151874,0.02828707377800182
U:ACTGG,0.041310457073351355,0.07193667331095926,0.07962779831311995,0.04714384878305733,0.06280812489935762,0.06512346830253941,0.059758603843379075,0.06106502157499757,0.05028889481244809,0.05372779385528785,0.049815818753644735,0.05969492052777093,0.040088647175326536,0.039277139782148474,0.046074878842492055,0.038844093236013094,0.03342464307776006,0.039396318558500856,0.0322101112729476,0.028382744004898156
U:ACTGT,0.040972593992003696,0.07420180720670498,0.08070046588591326,0.04966278944581846,0.061211126399759314,0.06496815192688585,0.06136376708358958,0.055220532605377376,0.048280174556051575,0.053525262401871214,0.05096502832332689,0.056440920681411606,0.04110163804838193,0.04122330815868142,0.047066423031488225,0.039070853298292345,0.034270414401021736,0.03830248811688589,0.03345338117549549,0.027998873261039166
U:ACTTA,0.051440469152982164,0.0770095159374951,0.07949757524077572,0.05283411717315449,0.05999591949904003,0.06174321093574257,0.06347690070257857,0.051206101918358594,0.04607513353177821,0.05221157920618562,0.05237689180917903,0.051329563229454936,0.0414610286001266,0.04155833285378728,0.04734741280544904,0.03836403299974366,0.03561963453359351,0.03511114133704415,0.03418936663301125,0.02715207190051948
U:ACTTC,0.048928957585412124,0.07511918641563449,0.07927195281025984,0.05042095218306418,0.06021366978725369,0.06255026222935353,0.06290330028050653,0.055754039255522594,0.048168049960175,0.052266946788411886,0.05094810436843705,0.05391381638943079,0.040213631308991984,0.041161158503503444,0.047563941251390025,0.038632174752873366,0.03471797358082551,0.03695356058594697,0.03294797354234725,0.027350348420659747
U:ACTTG,0.04585788044395266,0.07411821331964556,0.08064536181715815,0.049403853770560516,0.061091445794473856,0.06435235590098627,0.0611216394065712,0.055424815241735384,0.048016723708912266,0.053528834011505544,0.050029039150458324,0.05715295551060062,0.04057932661140644,0.04087682249530667,0.046892455681993774,0.03809368189786389,0.03419071351057576,0.03727046194450414,0.033296449764045805,0.028056970017743186
U:ACTTT,0.05384492320479211,0.07752756207641852,0.07971697602097758,0.05296214640327412,0.05967061271083865,0.06089056563365846,0.06387670954348648,0.051877318882563916,0.04578647764407587,0.05143178748598552,0.05131769575495901,0.05059107802663373,0.04127379912079255,0.04225218351814282,0.04784714002624747,0.03778539664085899,0.0351536382195826,0.035349315099052654,0.03374374487304267,0.0271009291146163
U:AGCAA,0.046793040850047186,0.07604241457044587,0.08011519155220147,0.0507615685364653,0.06074833749807962,0.06329421502632099,0.06199776138355275,0.05454511251085604,0.04868990772761619,0.05308562237613146,0.05182208956346979,0.05492056673992858,0.040203388023715536,0.04024649863456938,0.04710186958961834,0.038280654779634236,0.03486864588787479,0.0363681113163002,0.03290123437436314,0.027213769058809144
U:AGCAC,0.03738042793901604,0.0705222629104482,0.07972811024656803,0.04781117176206606,0.06281885065677596,0.06714766818544678,0.059622743650446515,0.05861556295222609,0.05148193841585285,0.05556361910328555,0.04964018052757831,0.06239420679861682,0.040009689333299334,0.039091752494414905,0.04606650334713508,0.038420952496768586,0.03373319812725194,0.04000772792979745,0.032249396378072295,0.027694036744933204
U:AGCAG,0.035132054493389325,0.07151971117333289,0.08085276633205143,0.046762594504100745,0.063292145680385,0.06584978316373587,0.059562231180914846,0.05927663574942404,0.05126660619761168,0.05494436295680957,0.04947161664824184,0.06240610016575984,0.0406499617721928,0.03912784625424736,0.04584029299928633,0.0395304785663491,0.03399794167746926,0.03959726591669773,0.03257696129005174,0.0283426432779486
U:AGCAT,0.04620621395851041,0.07542261634100451,0.07958330454566634,0.05002707379658179,0.06037938663791649,0.06360092741812386,0.06244085138654794,0.054540444395884784,0.0489850941477217,0.05315381611991523,0.051387994016449945,0.054198205899034825,0.040528750443865655,0.041055765593944464,0.047490813386827514,0.03833231840070183,0.03485048355246773,0.037243742900157945,0.03348072618831473,0.027091470870362306
U:AGCCA,0.03681586603287796,0.07058218039234732,0.08120198608713718,0.045750020404542825,0.06385643835838202,0.06738288298315091,0.058495945735383095,0.06065646641884422,0.051666326028844266,0.055674385317363156,0.05013379309321402,0.0636763387572318,0.039672502028650004,0.03799696866064581,0.044972286920924136,0.03854333823716891,0.0334735681913076,0.03963135567782542,0.03153631705084542,0.02828103362331393
U:AGCCC,0.031781872018754535,0.0669767647416279,0.08078955483081039,0.042790320199196666,0.06627166158262514,0.06985442934354093,0.056100900061169204,0.06502517579869004,0.05397655080007111,0.05647253562930457,0.04888112583479895,0.0691523394459014,0.03897352247240104,0.036428321040901004,0.04345725538093148,0.03923969389282231,0.03238151103004322,0.041385135983463224,0.03074430568933878,0.029317024223608098
U:AGCCG,0.02402253230076846,0.06437303475716677,0.07880344342832732,0.04474668547670023,0.06835692038686411,0.07236564320876654,0.052600205651951455,0.061069688193889055,0.05607244512222382,0.05583897551549592,0.05198424328526509,0.07098469532216321,0.03937191708351754,0.03807541565041155,0.040186576987844676,0.04142346915965844,0.03167735493837893,0.04462746695411577,0.03168728981526096,0.03173199676123014
U:AGCCT,0.03612241916849752,0.06953951163947077,0.08119963938814023,0.04495549158449369,0.06473381267364774,0.06674270402825874,0.05799521053151886,0.06242760834955152,0.051536953124884724,0.05562777301519616,0.048656042093024286,0.06511818006099711,0.039680584061368936,0.03821467619445301,0.04528231452613624,0.039070465387015904,0.03340823947932605,0.04006347595011044,0.03113966036973044,0.028485238374177595
U:AGCGA,0.029248385917894994,0.06820562796930199,0.08023510780850286,0.048507735412352294,0.06360701668899987,0.07000243635034718,0.056352783530271656,0.057034961627482034,0.054598611280302106,0.05418443172128152,0.05371543427944939,0.061962480204653426,0.03951760263125838,0.039809964672919966,0.04301985625532952,0.04093068583262273,0.03260445852113534,0.04216713363381654,0.03333536362528931,0.03095992203678889
U:AGCGC,0.024558534154506657,0.06257187396182055,0.08164243183154021,0.0455201758196826,0.06641792951879584,0.0708453655669418,0.05426643837366794,0.06008663208198104,0.056815568219570164,0.055141703508727095,0.051321203138176896,0.0691140016866423,0.039284710331961875,0.038722496230610005,0.040830799110679515,0.04101607421226138,0.031886483861899774,0.04534767831131328,0.03290869131890317,0.03170120876031791
U:AGCGG,0.024782152261084562,0.0642557609899093,0.08012895897750676,0.045221691267159636,0.06780098554948112,0.0705086651483774,0.05388397133989984,0.061398929548700944,0.05575410597812057,0.05351682834343933,0.05182452859412916,0.0711396921735439,0.03898026032733093,0.03731090701529954,0.04028247064290181,0.04276642247832996,0.03158577091424343,0.04572651288729283,0.030736752734928492,0.032394632828320495
U:AGCGT,0.026453372427695195,0.06793364019532808,0.07943018530296334,0.048390052497116434,0.06371877930729677,0.06851035389739886,0.057197063610982354,0.055720245345866525,0.05425959662379941,0.05477163215367534,0.05494410727952828,0.0612286696777949,0.04094128299934244,0.04068257031056302,0.04357152866859983,0.04110297842982957,0.03336315715717874,0.043916478920305715,0.03312600385913094,0.030738301335604255
U:AGCTA,0.04852639054455069,0.07506805826802276,0.07977401273239151,0.050233131272140075,0.06118797609083454,0.06279009308342,0.061497620074230014,0.0554981357952672,0.04874514926319527,0.05317105029548279,0.05087566895782078,0.05624846763216408,0.04078317734885569,0.040164946187468825,0.04662097040099424,0.0380936075954718,0.03439161826497916,0.03634248104091105,0.03281169418587939,0.02717575096592014
U:AGCTC,0.03874627694817229,0.07211154426926455,0.08014900168692839,0.04710307424342545,0.06305149156491578,0.06586185940730165,0.05936891009565158,0.05941048620159811,0.05090065345254176,0.05483269155748516,0.049502988614339154,0.06128937235118187,0.04031909219014965,0.03932834243142375,0.045749639305165964,0.03911957730369223,0.03371999111863609,0.03956895308711433,0.03186498911502163,0.02800106505599063
U:AGCTG,0.034858779334013545,0.0705349689268157,0.08087015222253141,0.04601459357511672,0.0640439971554896,0.06686918344000248,0.05875434148553525,0.06058884457224129,0.0513860546846819,0.05515168145605953,0.04924816292036401,0.06325557307609066,0.04038869822424224,0.03870878809428109,0.045990760494285216,0.03956935555349431,0.033361160065547416,0.040194168753671586,0.03153309835203908,0.028677637613496995
U:AGCTT,0.04384445831514759,0.07492135154879959,0.08009236011056932,0.04946365745412108,0.06174783374554352,0.06306894000190852,0.06135752467394722,0.05619199138973495,0.048372512855169525,0.053958860328798236,0.04977887700492931,0.05661984522172528,0.0406054405486541,0.04119051306479443,0.047606756179632906,0.03820335806594424,0.03440820853611415,0.03725691723101135,0.03331862830217901,0.027991965421275678
U:AGTAA,0.05285390530071247,0.0778664877167497,0.08024720689758835,0.05419602967801622,0.0598447829278676,0.06132945953310751,0.0633319789255441,0.04961690300920965,0.045866906645746074,0.051526327069116494,0.05225751332669382,0.05091926792157882,0.041631069015642924,0.04177846995881501,0.0478733050103714,0.03794313620719918,0.03548483758258574,0.03498638965633276,0.03359286889752822,0.026853154719593948
U:AGTAC,0.05397607820486147,0.07542887405193774,0.07951574441710811,0.05015982296533071,0.06098006323082452,0.06208725737389845,0.06203342533277659,0.05502798538678322,0.04723397878435612,0.0516758496369247,0.05062103261494232,0.054146303848408975,0.04040167432197089,0.04082796589085481,0.047667544953391636,0.03868195884613202,0.034184801032411255,0.035846319707037305,0.03243744207599629,0.027065877324052884
U:AGTAG,0.04938715543546382,0.07638610634511306,0.08029593708654253,0.05016455535806629,0.06133925116181905,0.06128103178435543,0.06193171894424296,0.05413488858980111,0.046744452321183745,0.05302643730515059,0.05047163403527637,0.053995618706456756,0.04095447815460555,0.04106292601458681,0.04820906920914113,0.0386485341844778,0.03474212811231089,0.03652067301600348,0.03323983986246528,0.02746356437293735
U:AGTAT,0.05815283410853037,0.0781728677207118,0.07885492969956893,0.05265246905391841,0.05964229870554455,0.06007576841645681,0.06310378936087764,0.0506804429955995,0.0454401597675349,0.05071700068206198,0.051638254380916467,0.0490395251260979,0.041653827955349484,0.04259283824477147,0.04834492908331079,0.03794792305338154,0.03545573334196791,0.03519042898878306,0.034000737420761214,0.02664324189385528
U:AGTCA,0.042449562547572414,0.07516826738050236,0.0803338835341709,0.049297424889033326,0.06097650670931436,0.06440514166958872,0.06119715720064656,0.056081144645804645,0.04930255629580849,0.05376516972127909,0.05088987145826028,0.056412120382802945,0.04060567704636226,0.040153258015685,0.04695237199278182,0.03869337278814987,0.03450015821837557,0.037997211935652156,0.03321303035227108,0.02760611321593815
U:AGTCC,0.04124780301665352,0.0715563292808213,0.07911645771709418,0.04694176338563934,0.063351871716457,0.06532423476967024,0.05925441574263108,0.06074353194977574,0.05086501185446275,0.053608183457207595,0.05001067915869707,0.059982269016956594,0.03987323421005846,0.03951885318960816,0.04703244674440776,0.03919788182765151,0.03359699122161223,0.038706282566959516,0.03217230792727672,0.02789945124635924
U:AGTCG,0.03355852809476689,0.06729502886716832,0.07926903061841946,0.04875739476475571,0.06426949334738132,0.06766521203664813,0.05680175979383645,0.05704380263541941,0.05308569028482747,0.05371215411010102,0.05380469990247097,0.06138633596970193,0.03946722099223327,0.03950993443486556,0.04408739170362566,0.0410832129051548,0.034483986018466445,0.04194460066490592,0.032839518477123394,0.02993500437812787
U:AGTCT,0.04405971871335493,0.0745902102807376,0.07969050766150873,0.04932718522421559,0.06148300324258945,0.06304816519587879,0.06124945813437612,0.05710300814293944,0.048351212508839884,0.0539751426059209,0.05032282489607243,0.05642449814434071,0.040435262525188045,0.040674543829041704,0.04765549392332018,0.03818421546461955,0.03474085916738301,0.03803753274753118,0.03286512319299594,0.027782034399145797
U:AGTGA,0.043395981203358955,0.0739925837933312,0.08021709010789904,0.04959008699868594,0.061630972657012985,0.06410481491023867,0.06181869586332535,0.057057974550205316,0.04857774970796501,0.05340307212447189,0.04953840611597646,0.05631468185476608,0.04082105722365738,0.040352889227348004,0.04762925350764991,0.03844297660604043,0.034469628741258904,0.03766776336539828,0.033029404142222746,0.02794491729918747
U:AGTGC,0.03753752626436295,0.07052095410828801,0.08071351117126993,0.046849509892775976,0.06343346415015011,0.06631865603686181,0.05928908442886607,0.0588482614305618,0.050324610901306056,0.05582578160277236,0.04867072023613526,0.06168840571160737,0.040813130733514454,0.03947671843208591,0.04617915861798236,0.039003718572591536,0.03379642986999475,0.04004624887515056,0.03253724203542244,0.0281268669283003
U:AGTGG,0.04035190458371997,0.07209077164963244,0.08000996716206035,0.047025204838604125,0.06342655594279453,0.06508774961951953,0.0595084880284987,0.06069984915019037,0.049997734735895374,0.05450393233068829,0.049330740305089125,0.06009493973558495,0.0397696478101608,0.03945922272915663,0.0462483031493883,0.039390425819312465,0.033739011371625806,0.03873685517579289,0.03216842825908581,0.02836026760319956
U:AGTGT,0.040315239528911716,0.07329850349774196,0.07928947135393606,0.049636411936597895,0.06065208536261401,0.06510581776321615,0.06156521739130435,0.05595537058354733,0.04926804215000443,0.0538521207827858,0.0505778801027185,0.05591074116709466,0.04114761356592579,0.04181351279553706,0.04792774284955282,0.03872770742938103,0.03457646329584699,0.038823341893208185,0.03367324891525724,0.02788346763481803
U:AGTTA,0.0499628640430482,0.07741002523277604,0.07958899595193476,0.05313343859286695,0.05951590451878194,0.06226642466811275,0.06308784252386784,0.050775428293172394,0.045902993994304184,0.05249302778556567,0.05224611056185965,0.05149060288135677,0.041710319861096766,0.04201232618650612,0.04757927666041996,0.03818363361812432,0.035308179256002006,0.03546459295548112,0.0345211920888115,0.02734682032591106
U:AGTTC,0.0460746147195815,0.0739743479121515,0.08009129314472399,0.049232484523646376,0.06215581080189422,0.06375547107499539,0.06027191686842181,0.05619790106976752,0.0479847325919572,0.0538901944462773,0.050714560038439216,0.0581672342880539,0.040971943769107524,0.04015646386256626,0.046392685720473115,0.03779546342775643,0.034613061551814275,0.037311589458314934,0.03235188127153958,0.027896349458517957
U:AGTTG,0.04670706271781641,0.07498303099671268,0.0795765449398147,0.049969674442304435,0.06120724238961592,0.06333573529495645,0.06130991198933757,0.05465159831850011,0.04717953300542438,0.053412908610747226,0.050722584840263214,0.05487024654012956,0.041252264910382745,0.04157073079840824,0.04774611709277719,0.03810277987447691,0.03467570666154586,0.03710745514384201,0.033586268131166115,0.028032603301778276
U:AGTTT,0.052982981032910166,0.07749358221643941,0.07912357115324696,0.05269880533011148,0.05939391339730563,0.061531486608294474,0.06240963123287573,0.05173189303316753,0.0457278621467836,0.05186057637028392,0.051423291326564355,0.05155733646939392,0.041495014414321026,0.04223077330940776,0.048575576736673974,0.03762319493321275,0.03519131816418922,0.03555115490316281,0.03405223232823307,0.027345804893422195
U:ATCAA,0.05696112681949519,0.07814129433526851,0.078983462967529,0.0529445481589169,0.05967549289280122,0.061024670524204606,0.0638970099277699,0.05265101663309733,0.04766418285626455,0.049843787858895656,0.052750283658192676,0.04900909093820147,0.039802874901133246,0.04083824064675135,0.04842949959812866,0.03809398772718006,0.035096764001720626,0.03467301121717384,0.03334197917100293,0.026177675166272268
U:ATCAC,0.046602996505968754,0.0751358646566095,0.07900794285684794,0.05032669450193281,0.05973916050351209,0.06398799539634288,0.06390025753642412,0.05517937231302804,0.04955769796499775,0.052005326204202125,0.051022146068053616,0.05320010941427237,0.03963557821830212,0.0409658390061881,0.04860548413234998,0.03896464164245274,0.03470806517374677,0.03689377009584071,0.03325522943450369,0.0273058283744239
U:ATCAG,0.04671855021864655,0.07543451988253222,0.08024532785306017,0.04973308967914324,0.061116917034969825,0.06327808299422197,0.06196542523689142,0.0568685376661743,0.048750299215908365,0.05295099865133903,0.051037962957557075,0.05428214454609676,0.03985555899370041,0.04067292927995516,0.048608232475678366,0.03822860290010762,0.03428284514919927,0.03672717152904681,0.03215768240493692,0.027085121330834516
U:ATCAT,0.05690963255324272,0.07813873558280181,0.0786618385084957,0.05212050251873115,0.058901955970596706,0.06081213145557638,0.06513009116532036,0.05301374325466331,0.04711703247676016,0.04972404904325985,0.0523933847308711,0.04822366899104399,0.0400003776916431,0.04185767634658873,0.04909424822839013,0.03833098062913985,0.03521219188623928,0.035178199638360254,0.03315943780598925,0.026020121522286166
U:ATCCA,0.05101234425740837,0.07526533235146357,0.07828523192958768,0.04944481950713976,0.06151884604919688,0.06401685646283582,0.06164235362726899,0.05801977421328923,0.04979584104481839,0.05125843078514603,0.05082104680565758,0.053598574369670256,0.039042324096885656,0.03995145130690519,0.04851154795854974,0.03830035000004643,0.03414102336707659,0.0374673703193646,0.03166437140678846,0.026242110140900787
U:ATCCC,0.044269116677653264,0.07101461217314876,0.07914011572548157,0.046289048194536,0.06287766424961547,0.0665844960814473,0.05919143228594448,0.06143910678971654,0.0513623379477038,0.05424975280158207,0.05056809858639127,0.060493801728557825,0.03899555042847726,0.038062834175639056,0.04527049915769428,0.03865565260382334,0.032873956273346515,0.039487658390097415,0.03137245477184501,0.02780181095729876
U:ATCCG,0.03158432103697785,0.06683831254346635,0.0800890782912357,0.046825291132122936,0.0647667243751942,0.06923543599532413,0.054105443837765055,0.058921886328997794,0.052307601248871724,0.0547195217590743,0.05323981592459419,0.0660318728636747,0.03942676195972241,0.03823559876296592,0.04234918098282062,0.04123940160696054,0.03438836359331765,0.042941063316612654,0.031895059262218674,0.030859265178082598
U:ATCCT,0.04865861876500525,0.07418389701581955,0.0787790524294592,0.04863369347411375,0.06119604008342851,0.06270669074924534,0.06141235600080829,0.058942971824629216,0.0486879950006988,0.053235970399436686,0.050206657367159326,0.05612107282012753,0.03972290198040338,0.03970687857911599,0.04856158816832049,0.03806091919131674,0.034098688128529044,0.03773778059868768,0.03206371616503035,0.027282511258664877
U:ATCGA,0.04270505013615758,0.07146883460228491,0.07824892622085315,0.05066808514016688,0.06114785204474543,0.06618925506323586,0.05898044570766214,0.054820295815238534,0.050795112617798135,0.05149376374477004,0.05558246068102606,0.055955603896567875,0.03972784362917504,0.0413871400557333,0.04537262716641394,0.03937851806568909,0.03448002095953381,0.03892598267662774,0.03279690688091968,0.029875274895400813
U:ATCGC,0.03322781578678648,0.06802818339630348,0.0790973144082508,0.04943326866128868,0.06268763402430308,0.06601654242826509,0.057878076176861026,0.05548861431634841,0.05357908710303278,0.055212907178596955,0.05504952517104054,0.06049218829776371,0.03917083631165118,0.04034514449096293,0.04400081691003778,0.04063106300418667,0.0333911977943429,0.041253956907995507,0.03304401102828551,0.031971816603696517
U:ATCGG,0.030092506247901826,0.06799022716252005,0.07779104032227983,0.04818344585773434,0.061583796486254616,0.06873624529076057,0.05741542019471073,0.05749002200753478,0.05568092804655153,0.05442202245514566,0.05320041777015182,0.06407363198925733,0.03942705807751128,0.039716140102204485,0.042681562161960535,0.04083516729456526,0.03330038419933604,0.042523033309709427,0.03317915625349696,0.03167779477041292
U:ATCGT,0.0370946950218722,0.07054050056001296,0.07814822380794725,0.05276801375025535,0.06080543247793408,0.06593360148209719,0.060551841703002936,0.05292298589049105,0.051584590133910015,0.05379646522636499,0.05379646522636499,0.0546417678094688,0.039778530723226804,0.04168046153521038,0.04550545572375512,0.03992645867526997,0.0353406921619318,0.039757398158649204,0.034953261811342555,0.03047315812089236
U:ATCTA,0.05480809087000931,0.07807203587830491,0.07899340200699491,0.05195823286814239,0.05938523549260653,0.06066063490702228,0.06386452619461495,0.05292357828698466,0.048212296829423025,0.05088623767068088,0.05253875949815232,0.04933816665732107,0.0401300027816901,0.04086225796272535,0.047911038691879994,0.03828837000656391,0.03562762295235174,0.036227940262930185,0.03271069653300261,0.026600873648598873
U:ATCTC,0.04562172681948367,0.07410874081067712,0.07919118584656623,0.048757107057815975,0.061708298402828085,0.06421244258510156,0.061016470920184813,0.05745423764680986,0.04916044700194526,0.05406744820563464,0.05100622463864449,0.05806919540915943,0.039413366468704525,0.0396747235177031,0.04674492908542215,0.037986302720193314,0.034601321978319124,0.03753141484598473,0.032208412803058875,0.02746600323576305
U:ATCTG,0.04581788670720815,0.07446329695068248,0.07948498894994555,0.049059443307351645,0.061751264556882325,0.06337515226376476,0.06156547749994364,0.05748515841261673,0.049057888603946304,0.052873908112364636,0.050949962648250684,0.0563548890369312,0.04002272976378614,0.03998230747524718,0.04717514278007399,0.038244149068071914,0.03410164184453121,0.03782671120373689,0.03259824365156298,0.027809757163101603
U:ATCTT,0.05434772824681822,0.07730794876464181,0.07869899469408415,0.051671574679225084,0.05972773166730945,0.06134034787919157,0.06324377508677592,0.05442735506707002,0.04643420712805447,0.05176435723499675,0.05158640860191229,0.05098539921079435,0.04076131549046313,0.04149803667957545,0.048615982002953806,0.03736367369067542,0.03474083547229437,0.03560842160947268,0.03292742119195118,0.02694848560173988
U:ATTAA,0.05723056233436614,0.0794683337152775,0.08001071838310461,0.05484406979592687,0.05920900918893018,0.06079305977510074,0.06398630460753979,0.047507149779346426,0.04598200719683391,0.05014076857703407,0.05342237541496019,0.04793746556216554,0.041314625492366745,0.04164077468335152,0.04825068372795709,0.03802942670299806,0.036122100486996774,0.033737763119423045,0.03404092382117541,0.026331877635145377
U:ATTAC,0.05562295741859935,0.07812407635207981,0.07953013238601657,0.054094452060385816,0.059221841581538585,0.06082494250511613,0.06318244386331841,0.04963983009100659,0.046570152203102615,0.05062646200270796,0.053155673907597206,0.049660942043468104,0.04080095932711985,0.04148076419638057,0.0482858502064749,0.037287930437524104,0.03570031161241833,0.0353245188586034,0.034145064447753545,0.026720694498788174
U:ATTAG,0.05645373097764959,0.07833775190885996,0.0790844538770203,0.05332441373884511,0.05937222857560122,0.06069721235191098,0.06395137250652776,0.0503894274538994,0.0460505472477437,0.050699179216716704,0.05242578029766791,0.04898553353268941,0.04132889395065407,0.04163040136997433,0.04863573781574363,0.03806060063575666,0.03536116702215491,0.03434004619187885,0.03402322784892123,0.02684829347978428
U:ATTAT,0.0628153654844675,0.08006026293580604,0.07902791533327692,0.05494975837236039,0.05827289383669996,0.06001835758615517,0.06517085281723536,0.0484236436040307,0.04510335207248047,0.04888862661508721,0.05422668846067161,0.04563943340327038,0.04085664943480391,0.0417468003978662,0.04741902434619762,0.03828217927725714,0.03603191745769472,0.03359964393961477,0.033700603553636216,0.02576603107138769
U:ATTCA,0.05506537220120049,0.07806999839489673,0.07874461853369844,0.0525123044674315,0.06032566115157419,0.061554121380770224,0.06416757913874291,0.052810281560541794,0.04704223964350815,0.049996583195999,0.05199501623379203,0.04951107918562463,0.03991939520979971,0.04150622255630972,0.04844710231182548,0.03823800979907603,0.035386964972196754,0.03507071195070903,0.03324868135203729,0.026388056760265906
U:ATTCC,0.05237183249624784,0.07558140715662401,0.0787567807986872,0.050467826874607775,0.0604813732399372,0.061866473862826295,0.062129480506028845,0.056116884620305736,0.04770168750748909,0.05155336394635883,0.05115834624672257,0.053239043590050834,0.03974040533487143,0.040615740185993426,0.04907561796406456,0.03821415442856475,0.03446097854718786,0.03673867700550181,0.03246253424671445,0.027267391441215476
U:ATTCG,0.045639164424703574,0.07421208349790957,0.07772966769262872,0.05152664644552589,0.06058889725225997,0.06452382194465767,0.05918037307259489,0.05309167331182042,0.05132542870557373,0.05157136149884859,0.0540977620115812,0.05390399678051616,0.040467123257044484,0.04215139026553289,0.04508767876705693,0.03920764925512173,0.03479576399394856,0.0382611806264579,0.03405051310523688,0.028587824090980228
U:ATTCT,0.0554287497549854,0.07798492257538713,0.07884118411686422,0.052661374351356094,0.059539192019229775,0.060860336521102204,0.06375731175141593,0.05338739129089164,0.04609885178422209,0.05102493474874398,0.0512061165959993,0.04954582030887314,0.04033649531119433,0.041871705198436034,0.04893908679190781,0.03775288085584889,0.034861063827592256,0.035589659868156355,0.03337356730937864,0.026939355018414782
U:ATTGA,0.056976558762557805,0.07795548134737869,0.0786327351862448,0.05284643597512358,0.06002701511157804,0.06111606179706774,0.06321629911731876,0.052155111765643906,0.04643034697533933,0.05098727100471826,0.05158291669402572,0.04932790529702552,0.04074497922275273,0.041586387385443735,0.04876133837365276,0.037758308553847306,0.03479884060146144,0.03513652949618693,0.033144165017306555,0.026815312315326387
U:ATTGC,0.05198412028919865,0.07722216670581655,0.07910914770493016,0.05148447263812662,0.059433412541545376,0.061751258528076954,0.06279986970227489,0.053405196076013926,0.04725239214424114,0.05186472396738404,0.05142737004943267,0.050926424612253954,0.040732314744277735,0.041873068732049996,0.049466415242238264,0.03813284917259647,0.034663866909439185,0.036312055264923565,0.03344005461083937,0.026718820364340472
U:ATTGG,0.053273150844496214,0.07653581828771112,0.07886429819452534,0.05038672102504368,0.06055445544554455,0.06196272568433314,0.06235760046592895,0.05566802562609202,0.047690157251019216,0.050936517181129876,0.05121141525917298,0.052111822947000584,0.04021316249271986,0.04102970297029703,0.04853931275480489,0.038428654630168896,0.03434711706464764,0.035993011065812465,0.03271170646476412,0.02718462434478742
U:ATTGT,0.056122121170260955,0.07793761906444659,0.07899132937763628,0.05241646615116245,0.05941335963325741,0.061146520346567895,0.06354387193564658,0.05162859281485217,0.04546294184354329,0.050498584879899514,0.05138845608951398,0.04909792117090346,0.04107301762716003,0.042525081839238504,0.04925694147731471,0.03782354207291804,0.035232635464419605,0.035642233223357675,0.033882569125645315,0.02691619469225555
U:ATTTA,0.05695998548872704,0.07862432268579476,0.07949942586537231,0.05453874072598473,0.058989296316630795,0.06118866112452648,0.06404664769620046,0.04836173234799199,0.04575855681935355,0.05035271354865946,0.053667416523740345,0.04852746749674603,0.04145484149079576,0.04168265983859448,0.04737325984841982,0.038034867004291296,0.03578961461449302,0.034525816623505345,0.03401457497572007,0.02660939896445224
U:ATTTC,0.05874282138670281,0.07812569560206369,0.07895485326197177,0.053614533816771615,0.05892460539267819,0.06004684338875066,0.06360647101596237,0.05162047456755193,0.04558017540301638,0.05043084046042055,0.052184375973842886,0.048158540385728345,0.04044879626835771,0.04199272369325742,0.04874346443216612,0.03780921830404179,0.035266715472168496,0.035310615691298605,0.033740719122688126,0.026697516360560537
U:ATTTG,0.05745411602369927,0.0774595045109696,0.07941346064264006,0.052545934335994846,0.05956544619947978,0.06021697474209542,0.06324799883165509,0.05187866838896821,0.045588113097801045,0.051060952855772355,0.05147767932457578,0.049891348959946416,0.04093739534626067,0.04220583014178772,0.04873559398000216,0.037461317459957746,0.03486716371684758,0.035034609699780686,0.03399090503924279,0.026966986702522767
U:ATTTT,0.062093285929890725,0.07923835700659114,0.07916267759129164,0.054689428087979663,0.05851961017734098,0.059703691648575606,0.06402411561403633,0.04903959138473573,0.04439033031385861,0.05000132271544439,0.052749222193088995,0.04734249723987796,0.04128446050455399,0.042322875844570555,0.048076855460018664,0.03717265722817109,0.035562627897374695,0.03408085173498408,0.03401655771844646,0.026528983709168695
U:CACAA,0.048568718182674,0.07617601905961924,0.0794174940076615,0.050425256892094455,0.06015420767164158,0.06403655507520294,0.06266429145575808,0.05515848015467837,0.05031663444200647,0.05186631472992838,0.05181924500155692,0.05379255284482197,0.03927787795181508,0.040281730428044865,0.04732046519374624,0.038060401323745593,0.034649656390982886,0.03704025548000261,0.03250074225340893,0.02647310146060988
U:CACAC,0.03295621137435022,0.07304576908334062,0.07748372595038432,0.047541492101706086,0.05935236679824886,0.0690453454200655,0.06118361768088068,0.05571718458941649,0.056747342017309674,0.057379894823910746,0.05302263572355635,0.058337760502478096,0.038274278259349176,0.03851763246202161,0.046033872887567835,0.03829823540883506,0.034487787737974354,0.04136054753434699,0.03327143702548032,0.027942862618777025
U:CACAG,0.03320144694215146,0.07124546373376824,0.07988957914873823,0.04690379793170741,0.06230291358565834,0.0674998746807273,0.0603409383673988,0.059829169430490936,0.05351016368445656,0.05528794871585633,0.05039466827697075,0.0601007916680753,0.039470907859441906,0.039078629391857626,0.04660303167721486,0.039183547852727124,0.034160285098431005,0.0411531005153828,0.03213244440195894,0.02771129703698609
U:CACAT,0.04350401040187471,0.07472444050216503,0.07942533949441613,0.04958859562577479,0.05928045623957692,0.06579374191559784,0.06228472440012222,0.05552310204147559,0.05200062454320183,0.054088940874333566,0.05208744143224985,0.05431843358104188,0.03933747272670986,0.04023188858364639,0.04682526115731624,0.03812405527745735,0.035053833201201166,0.038360277975564745,0.032880718978441144,0.02656664104783274
U:CACCA,0.039129387184423284,0.07095864622475156,0.07992456423087281,0.04661960546292367,0.06282145450634509,0.06704845881088616,0.058520248351093145,0.060465337314109774,0.05224894137303438,0.05433993285149375,0.04989365790945874,0.062473789655261534,0.03936366493779134,0.0385374398360556,0.045609126327400246,0.03854744457997167,0.03385188476869449,0.03989141517936422,0.03192347037887131,0.027831530117197238
U:CACCC,0.03444931528106451,0.06727681438664097,0.07860366476574725,0.0442901294435608,0.06530477212674521,0.0699988792765299,0.05780670106425625,0.06417542770687047,0.05505877332505722,0.05484648243697008,0.05081511080075692,0.06651493795071403,0.038613234019991984,0.036233851883462,0.04313923264926097,0.03966930036682141,0.03208070933174708,0.041931222062734655,0.03071967688680262,0.02847176423426569
U:CACCG,0.02424354438401014,0.06505254264138988,0.0791572054707715,0.04439457147383429,0.06623013148862016,0.07072926017848656,0.054982309763954164,0.06157786344193906,0.05687278872049427,0.05419549030997518,0.05222052067381317,0.0677404023868617,0.03889739663093415,0.038543591910017425,0.042166129798806566,0.042229497808522996,0.0315942335111158,0.04457411416803084,0.03252363098695675,0.032074774251465384
U:CACCT,0.03754304120848606,0.07043657623767284,0.08003025621395256,0.04554496526869372,0.06343615489051858,0.06717228325177191,0.05873524252246496,0.06209041430634233,0.05237097276114573,0.0548678447863568,0.049584940924191474,0.0627678744367121,0.03949005060755689,0.038206731824010916,0.04554037543041208,0.03907604719455315,0.03336445243688284,0.04023176847386959,0.03149088045031821,0.02801912677408724
U:CACGA,0.03274001994500015,0.07035749901785984,0.07919978241818017,0.04879272309691457,0.06082016258197093,0.06783113233205404,0.05866247620198846,0.056238856486658,0.05475809132392494,0.053029524644163065,0.05415974131939198,0.059768517119458464,0.0399867033332326,0.040421866972892934,0.04661086095917319,0.03997461545435315,0.03345924873832764,0.04101417303798616,0.03308452449306458,0.029089480523405157
U:CACGC,0.024962065451251274,0.06424187521232023,0.07789378326350356,0.045005095685652814,0.06503453742498018,0.07396217868871023,0.05476163514890726,0.05958102140187974,0.05728003623598686,0.05501528705695844,0.055504472879628584,0.06767976446608538,0.03936134073151398,0.0375857773751557,0.04173026837277771,0.04012682595402559,0.03280715660740573,0.045204393613407313,0.03196919941116522,0.030293285018684182
U:CACGG,0.022558212998342646,0.06536818828946173,0.07810775841551597,0.04653578027703372,0.06541146128581381,0.07215772141710408,0.055856783691273136,0.05986819045311154,0.05869981955160521,0.05489179587262161,0.05278007365063979,0.0664024129022766,0.03890675102016089,0.03722775876169994,0.04207433435313361,0.04192287886590131,0.03290911372576171,0.04489573371528965,0.03258023895348586,0.030844991799767192
U:CACGT,0.028304495463243238,0.06818592407154102,0.07762812973538966,0.04871529224382348,0.06268503736694822,0.07059348373514632,0.058234923256731394,0.05513053545159256,0.054308351983010664,0.05567619981639132,0.054761843313215035,0.060465510693915474,0.040286989960513074,0.04055613522152867,0.04373426145434301,0.04064462133473928,0.03473079943516364,0.042189441394541144,0.033149110161524026,0.030018913906698766
U:CACTA,0.050758968523320874,0.07577962607683753,0.08022421665699311,0.05042873358475029,0.060686030919139614,0.062237134418486294,0.06215421828672398,0.055020571778207926,0.04818142049629594,0.0523300862613688,0.05085332136291247,0.053813999102218436,0.040079942587726694,0.0405688618474286,0.04750379555741084,0.038480233080105564,0.034577456533362305,0.03637873801647458,0.032933429782902694,0.027009215127333445
U:CACTC,0.03935559436537235,0.07148280225468769,0.0795195716511718,0.047719690869351516,0.0623835269757276,0.06605523775660667,0.05987994520146826,0.059991842966650284,0.05176055969798061,0.054427282139234284,0.05037909289606057,0.06017067023624024,0.03991717473829518,0.03880760904803238,0.045604091065956934,0.038692573962331236,0.034248036560241786,0.03951559771184757,0.03201844744465244,0.028070652458090626
U:CACTG,0.036077291918179155,0.07127812676911324,0.08055288412350883,0.04738461118727534,0.06263701036060922,0.06725938354716157,0.059989905397202156,0.06007925627331819,0.051080736360350036,0.05455246124149973,0.04991303636103211,0.0604291570324596,0.03996507813086152,0.03927960003546752,0.04571831965787481,0.03931643169432451,0.03374325605505651,0.0400387414485755,0.032298636546554536,0.02840607585957589
U:CACTT,0.047366815452297616,0.0746572043286985,0.07958720015413763,0.05010436402170772,0.060735043832889114,0.06328714556372628,0.06224751934748402,0.0559551716386757,0.048161587617610226,0.052191644455862045,0.05054028451237918,0.05530891750425484,0.04040653800455991,0.04077903728203976,0.047273690632927655,0.038457339199126556,0.034718698821489355,0.03737115057319932,0.03317812530105006,0.027672521755884524
U:CATAA,0.0557261678230387,0.07797134328725265,0.0796754165654777,0.05318491603109755,0.05927777214193711,0.06153518250389129,0.06409282946868368,0.050735887086444574,0.047095134015167586,0.05069284975771009,0.05267769037101251,0.04935664317033457,0.04001651813664762,0.04164476374043572,0.04815877085389134,0.037978393211578684,0.0355232160771065,0.03478850739371061,0.033630598311092254,0.026237400053489252
U:CATAC,0.04756886174771685,0.07551259971381813,0.07920554541637749,0.049403706165395495,0.05942619188384297,0.06472018928641811,0.06214724534648448,0.054495736037005346,0.05110635365371504,0.053643800270024466,0.05326434612093816,0.05300117630786217,0.03917435673341388,0.04131154042471936,0.04618936230894177,0.03737990582192829,0.03518764007672318,0.038056803062072576,0.03273954879229537,0.02646509083030688
U:CATAG,0.04936987320088509,0.07540780654403365,0.07886283794022098,0.049510653640356485,0.060504423837244914,0.062421616997679806,0.06264837022461466,0.05546211985251368,0.048834692598925124,0.05243157909442714,0.05155035802292679,0.053393399654174466,0.040896180336518984,0.04048458561653773,0.048969025079336766,0.03810743804317338,0.03476524593053184,0.03670930558704906,0.03281151433542498,0.02685897346342449
U:CATAT,0.06100635838855734,0.07864142837964827,0.07804667699955659,0.05215505843778095,0.05825878600747711,0.06160436422216527,0.06448048751713673,0.05139839799525663,0.047705406867710534,0.049880195429933646,0.05372045057908932,0.04711472355451413,0.03998096144693003,0.04116476891346001,0.047353112274578245,0.03830410427269066,0.0358779091763385,0.034823466237078805,0.033135218475532614,0.025348124824564614
U:CATCA,0.04470950393134365,0.07414749131301317,0.0793973554246802,0.04908483916741263,0.06084388897160786,0.06458507865378164,0.06291764359764138,0.057384342435011296,0.04986608496294689,0.052660092601396015,0.050740613838544925,0.05501638732569967,0.03929639442956499,0.04075304560286881,0.04804078623285251,0.03901206042590902,0.03419093970145826,0.0376621466230628,0.03259526086075168,0.0270960439004526
U:CATCC,0.04173083207285407,0.07182579361274555,0.07809133762124572,0.04670295803337841,0.062375623472504596,0.06658363483736393,0.060251561004913426,0.0615753088255725,0.052138836002027206,0.0534576919238664,0.05035818483159149,0.05872822371240331,0.0389072280740203,0.03886222260487742,0.046920158340981004,0.03929760159984659,0.03335394453369442,0.040307289516269475,0.03127488753524613,0.027256681844598073
U:CATCG,0.03001366764934818,0.06825244087056184,0.07742141101624796,0.048884830135021665,0.06246667361285617,0.0688040500370804,0.05694445295693158,0.05938992026183049,0.05433963189281621,0.05454801757794544,0.05364092694855938,0.06151055105755735,0.03888231724881864,0.03969747301711827,0.04426357111774404,0.04045746786876605,0.03430396116671468,0.04191003867393157,0.03260010174124627,0.03166849514890383
U:CATCT,0.04440315651441929,0.07425388276091047,0.07932939160297407,0.04853694282255171,0.06085244670112048,0.06410018210660111,0.06186057274705963,0.05795886335968234,0.0494786653564829,0.05367751369153221,0.05112198459304373,0.056928602809740526,0.03980387487968556,0.04002320769207551,0.04693990482163279,0.038178665691854165,0.03430579823393488,0.03816659232603454,0.0323821086133404,0.02769764267532372
U:CATGA,0.04687625496855997,0.07579340785652709,0.07931133572383463,0.05008094268329903,0.059454944286089106,0.06380907164899968,0.0630201705240124,0.05589061047025289,0.04946784870946842,0.05242712035025782,0.05141332885932394,0.05297774477799216,0.03976186609028099,0.040685522950418815,0.048887774352860125,0.038399137563295035,0.03445909404879407,0.03731841441582943,0.03327752720548732,0.026687882514417078
U:CATGC,0.039085873411124586,0.07308267840179528,0.07894862218868834,0.04738648042400477,0.061767911644282476,0.06738299955565452,0.060434875189478834,0.05795451341252471,0.05202342488276377,0.05487618123461928,0.05073705928852218,0.05850192371453379,0.03949035420266238,0.039828717941737264,0.046621272772706106,0.03837219816836319,0.03445865204831601,0.03932895080988528,0.03251792209661063,0.027199388611726636
U:CATGG,0.039750731753375505,0.0718710641750511,0.07937503700775683,0.04683301620019556,0.06154890064957615,0.06633870459248259,0.060371853940585946,0.060859956246829335,0.05186767146393884,0.0543641947352165,0.04968561410471635,0.0582794153654606,0.039417061816156666,0.04005879632370945,0.047160284795693175,0.039063387686059,0.033947915483085254,0.03938505510755054,0.03229556915129411,0.027525769401266505
U:CATGT,0.043944660324901026,0.0748663499618046,0.07963451510121948,0.04872635793242833,0.06025331427059659,0.06552691709401073,0.06157814289880353,0.055880973823470306,0.050124938511848016,0.05415761400935229,0.050876667115493525,0.05526727639457159,0.04048846796898629,0.04068333550980529,0.04689000200957152,0.038078335398162425,0.034735139150986485,0.03818253540262814,0.03312206895198477,0.026982388169375076
U:CATTA,0.054865103188916985,0.07843299915097403,0.08018021062808463,0.0530902394785813,0.05929150881850201,0.06096805347737074,0.06420029229434676,0.050261518435334225,0.04675378144289353,0.05088932654522216,0.05253104987336301,0.04917386392848108,0.04076144008734009,0.041451721761180976,0.04827670258384516,0.03819695149491045,0.03545323546491085,0.0350712249836903,0.03385043009464233,0.026300346267409385
U:CATTC,0.04997720475599971,0.07613337953169451,0.0787338609672478,0.050340105040484355,0.06038824859581297,0.06311364796848785,0.06286198847472463,0.05620942446567948,0.047911955649573276,0.05152454591873951,0.05063370778320811,0.05280107958275585,0.03971660952658837,0.04127215697716828,0.048455394266540226,0.03845466481873222,0.03475545262236487,0.03657907214238821,0.032934568531621564,0.027202932380188196
U:CATTG,0.05013826264618853,0.07632890658024517,0.07908094969705509,0.050505495279695646,0.05985363533887558,0.06277652529237707,0.0626778920670706,0.054833028040016905,0.04789611807806115,0.0519876356206848,0.05113516274482176,0.05188724108778357,0.04067475693955192,0.04172625757362266,0.04766362547555305,0.038934585035930676,0.0347048048471185,0.03703325348738904,0.033006904325771455,0.02715495984218684
U:CATTT,0.0571579730605247,0.07808213493880006,0.07894550711680845,0.05336734010639612,0.05911435272549292,0.0606567286917766,0.063972530524521,0.05168539113918918,0.045729962079524546,0.05059049753059525,0.052037624354356986,0.04857989186864672,0.04074965790468862,0.042390112195945406,0.048159758274651375,0.03751401624139339,0.03522426457759834,0.03529169342601735,0.03382523385550611,0.026925329387566876
U:CCCAA,0.044722420611072976,0.07238649039803481,0.08011554343258956,0.046925612955327246,0.06280290169768983,0.06426805440633503,0.059730550966951124,0.06099107895832112,0.0503496003361408,0.05337129154949584,0.05056813158759974,0.060260985913674195,0.0392025198639941,0.038319454943325906,0.04592831578957825,0.038628378666979234,0.03286312692394417,0.03844262710323913,0.03186582975819517,0.028257084137511785
U:CCCAC,0.03731942107635526,0.06932088489809034,0.07900442270530322,0.04499109657206867,0.0642001865480138,0.06845865819316199,0.05847967831624797,0.06340936578138179,0.05423995072990258,0.054081965091421914,0.05067768698314373,0.06384226428230337,0.038575273016142206,0.03715250969558756,0.04393161096259668,0.03935984576317328,0.03280924349871246,0.04154040460389787,0.03064921386524807,0.02795631741724721
U:CCCAG,0.032213146053021634,0.06735234068414334,0.08110068441563505,0.04292033015829007,0.06656141638574826,0.06932717592371974,0.05680730224881191,0.06560587091100492,0.05411395127336956,0.05622617711877047,0.04870868302440045,0.06863960401799446,0.0391111446679758,0.03592331128688582,0.04350145528833151,0.039350649913264445,0.032050381506481804,0.041386753936519353,0.030274205656408374,0.028825415529223044
U:CCCAT,0.044234196028386456,0.07205552788844621,0.07872222049302789,0.046237899962649404,0.06281028230826693,0.06507368961653387,0.06042042766434263,0.06148355795567729,0.05173738639193227,0.053782915214143426,0.0505867156374502,0.058513990911354584,0.0388660202938247,0.03889325510458167,0.046306959661354584,0.039073199389940236,0.03292105017430279,0.03877847983067729,0.031927952253486054,0.027574273219621515
U:CCCCA,0.03707602703460305,0.06858161771576292,0.07955430280001245,0.043575388544554144,0.06499127916030772,0.06901921699317906,0.05732161210950883,0.06533855545519669,0.05377565639891613,0.05427321144921668,0.05049132587909179,0.06553321705547077,0.03838804622045037,0.0364686828417479,0.043599526582988136,0.039475815242781945,0.03190737222412558,0.04136403276544056,0.030578222817454138,0.028686890709191143
U:CCCCC,0.037777439805019665,0.06644020352805056,0.07718067831132554,0.04354618558169711,0.0644322603126077,0.07119053898740367,0.055740157131663706,0.06358133902667697,0.05340878682111594,0.053474242304649075,0.05247123327756783,0.06710245900850344,0.03813359464189112,0.03693710690613106,0.042629808812233244,0.04061127720974825,0.0315495430629701,0.04246617010340041,0.031499488869680056,0.029827486297664588
U:CCCCG,0.02758918726802021,0.06217361276590589,0.07794117053114537,0.04195527409459727,0.06920116156496242,0.07237971380913338,0.052403704406757755,0.0647705747646377,0.057230095679673014,0.0537042048166981,0.052928751156112556,0.07285225588355271,0.03854247022379108,0.035836460054039426,0.039620835470542855,0.042645912511056275,0.030783894796786716,0.04586081414556719,0.03081620536597778,0.030763700691042298
U:CCCCT,0.039903268027140955,0.0693561865129967,0.07835236632671055,0.04469467309537883,0.06398346801313981,0.06738007530490156,0.05809944181504485,0.06375218324842553,0.0520479335459499,0.05382997822733077,0.0507018739382833,0.06391523457680648,0.03874950264914101,0.03718633665314108,0.04446250218214074,0.039981249097236195,0.03209186878976038,0.04144782490414088,0.03121458175118899,0.028849451341141485
U:CCCGA,0.02796633035822933,0.06445588398681572,0.07857131520054177,0.0434784908974515,0.06672027849936248,0.07021739245448726,0.05434546830112214,0.061329114928602796,0.057350552607492604,0.05495918270171893,0.051991132885039655,0.0701062889854137,0.039526381783263585,0.0368069921116537,0.04084375148799289,0.041409850116129576,0.032606222852396394,0.04481702316771862,0.031431700465047376,0.03106664620951998
U:CCCGC,0.025186243708692775,0.060207416124659824,0.07940444042828172,0.04231330972670246,0.07103004066364754,0.07419276880562356,0.051565077597167205,0.0651669100881571,0.05837387439451093,0.053803154322220006,0.051869792268653264,0.07415599289699594,0.03899297054775089,0.03548349812442866,0.039949144172069226,0.04181420810961322,0.029919828519191772,0.04518183059965746,0.03041367643504849,0.03097582246692795
U:CCCGG,0.028956917756508608,0.06189571612966075,0.0782413157659742,0.042928001428768583,0.07087016877328853,0.07156831705673672,0.05179286102790158,0.06386027292727081,0.058064018573991544,0.053554467743113905,0.051772566019661806,0.07300114463846473,0.03800037342815161,0.036035816630541555,0.040545367461419186,0.04134499078606626,0.031071657615092993,0.04518480634503138,0.02995949116355341,0.03135172872880186
U:CCCGT,0.026323363141124472,0.0661475999588858,0.07615376708808716,0.04485558639120156,0.06643026004728132,0.07160550930208655,0.05486689279473738,0.058783019837598934,0.058351320793503955,0.05406002672422654,0.05359235275979032,0.066548463356974,0.039983554322129716,0.03790214821667181,0.04278445883441258,0.04179257888786103,0.03252646726282249,0.04506115736458012,0.032259224997430364,0.029972247918593896
U:CCCTA,0.04663185448528022,0.07166805310221776,0.08036464991138222,0.046344646548221916,0.06228691924099722,0.06379141263149436,0.05962020098603098,0.06175714708766687,0.05036258141898579,0.05316620708436324,0.049731616831873236,0.060614267835538485,0.03966148154651801,0.038743309022347155,0.04623898974236109,0.038613842232066986,0.03292920845194922,0.03803496198587175,0.03151549062705082,0.02792315922778268
U:CCCTC,0.03575317460944599,0.0691736928194957,0.07939802925302843,0.04472821234126953,0.06421995875180757,0.06854311700421174,0.05797267504800436,0.06300463844616004,0.052920956768417474,0.054845082219816516,0.05049189654763692,0.06483868163823281,0.03864370886045942,0.037313020047253675,0.04435840096087743,0.04010082891482485,0.032232064543148614,0.04168596060086447,0.03115423821226225,0.0286216624127822
U:CCCTG,0.034765712322777274,0.06747034078028806,0.07981455489700809,0.04342501791320503,0.06593305017467424,0.0682104691784706,0.05696694202414956,0.06452031616397155,0.05330628925581368,0.05538048434159712,0.04913429888731627,0.06686263570932686,0.03936250623602426,0.03654621606898075,0.044429992965830195,0.040150490589093694,0.032148057146565746,0.042144051668697814,0.030545210438367103,0.02888336323784213
U:CCCTT,0.04260018882315885,0.0723932768591227,0.07912030431945122,0.0466584292698568,0.06242662050269713,0.06463063696237625,0.060644460242684724,0.05992625208701412,0.04965676613620206,0.053476953372339514,0.05035149285273575,0.060168353821563735,0.0394423401116421,0.03946987007476814,0.04592969495181447,0.0392399139121859,0.03382055970034445,0.039098215572566555,0.03218657541833398,0.028759095009141568
U:CCTAA,0.049082076923787125,0.07525795359671002,0.0795564108211913,0.05038388032377578,0.06159891001992933,0.06281893853562286,0.06178751983370682,0.05493425694987595,0.04800185708124335,0.05229371955699116,0.051470694915053045,0.05488018001026143,0.04038228439458228,0.04063684169569455,0.04763518905166194,0.03819414676481411,0.03452746646900007,0.03617615365236969,0.03308585439586166,0.027295665007867537
U:CCTAC,0.044687275717581125,0.07232132201355954,0.07915013414030045,0.04673739073001424,0.06215575969513122,0.06355520024588301,0.060537247843210344,0.0603018279374764,0.05020983433958994,0.05459616494434118,0.0495607947383651,0.05970837359177207,0.03927261788570036,0.039112401560964766,0.04552105455038885,0.039429564489523,0.03406395247133681,0.03888188623660027,0.031999123714795324,0.028198073153465987
U:CCTAG,0.0434801406761299,0.07150913073071787,0.07989682762232882,0.045187327289415075,0.06447779483866345,0.06470756090962658,0.05951435358527718,0.061962721072636964,0.04999635586070247,0.05444714700952047,0.04851522941401005,0.0627953142545141,0.03986811921647299,0.03831905118965707,0.04580744862072416,0.03867852391358325,0.03316660881338177,0.03816587380901498,0.03149524594234354,0.028009225231279314
U:CCTAT,0.055469033136454016,0.07553896937106364,0.07986975460749372,0.04953746653961164,0.06010486237338225,0.06099620653997546,0.06263197001053661,0.05714257728597595,0.04703414673735851,0.051254388505718174,0.05118582356982639,0.05285516986613046,0.03984462345956278,0.04029099518506236,0.04802484009677451,0.037975179493207174,0.034558126973865566,0.036284843930813784,0.03251377245676561,0.026887249860421382
U:CCTCA,0.03892209441984419,0.07042213613445643,0.07958439653123323,0.04568143573824632,0.0636942775422695,0.06632229811308281,0.05994940725897218,0.06294262745388174,0.0514427746356268,0.055153013920087396,0.0492791242764876,0.06171165285886766,0.039262894931123664,0.038282208009520376,0.045994688864087495,0.0387615325161467,0.03331974328985044,0.04012237335679846,0.03115924120333276,0.027992078946084256
U:CCTCC,0.0360923074446421,0.06897734540868229,0.07944245520812888,0.04458042661637404,0.06389896234306515,0.06852907067818889,0.05718970132148171,0.062507081688163,0.05299300778103389,0.05476877011122043,0.05079930975598128,0.06503017495716933,0.03903828972045365,0.03736035530106539,0.0445847607643208,0.03974970914771457,0.03264480233499125,0.04207343161116996,0.03132536386719923,0.028414673938954145
U:CCTCG,0.02846472233453239,0.06421547990713222,0.07962536107139731,0.04460820887745873,0.06772094651766697,0.07052198523619176,0.05458274109982452,0.06089758285364156,0.05612914789234341,0.055524757097423626,0.051994281212616345,0.0687880088866288,0.03963969972198023,0.03762645314304054,0.04061922963098816,0.04126947076207427,0.03196602073268837,0.04469574133741262,0.031182396805482033,0.02992776487947614
U:CCTCT,0.03963826783073677,0.07098011519374176,0.07966556081119813,0.04574412608199359,0.06313672258277081,0.06590831807007907,0.05908395986418069,0.06123333773004103,0.050366791165845484,0.05532783577907156,0.0498642307792914,0.06298478572171957,0.03929710557496971,0.038215738098696626,0.04597676200843834,0.03930601029942692,0.03331480037555675,0.03976516015425209,0.031656295445400405,0.02853407643258929
U:CCTGA,0.038634921076162544,0.0707055965579601,0.07976010118559496,0.04640375708662086,0.06429655780566867,0.06562006291668404,0.0588882557067471,0.06159317892955154,0.05147616378105488,0.05486909345305109,0.049385890539795495,0.06227655233868141,0.039628708169439544,0.03837238213932169,0.046463986607425525,0.03900401993442704,0.033076045175229295,0.039740673304268725,0.031289236058024195,0.028514817234291293
U:CCTGC,0.03130966759970104,0.06718625196283314,0.08061868033838115,0.043559924061009406,0.06588352962312825,0.06846330872808412,0.05704679456418688,0.06434903936865798,0.05350261205550919,0.05579929209679188,0.048724148739003666,0.06717536353730724,0.039797973041813886,0.03674065870307964,0.044414665464791885,0.04006551721187865,0.03285660176905805,0.04295561644432243,0.030920017514810202,0.0286303371756513
U:CCTGG,0.033364567894196784,0.06665728442214874,0.08119382529548132,0.04248553471667997,0.06685205506783719,0.06831045965872383,0.055531605100140616,0.06584732356629802,0.05297227131075894,0.056082663512332306,0.04823245639037738,0.06933003648386729,0.039561599779576635,0.03604028902063619,0.04383824060350397,0.04002477387603086,0.03220841409189374,0.041882814578345307,0.030295148785771293,0.029288635845399612
U:CCTGT,0.03703758903484671,0.07072049538107433,0.07933043721682512,0.04596051362868192,0.06340784439767343,0.06691610247690537,0.0590610776456439,0.06048278400431307,0.051466547780738406,0.05444474396325595,0.04983424225772672,0.06148847601372718,0.040376071787747145,0.03924013229515505,0.04621193663103545,0.039709282433567306,0.03347749116131507,0.04028211216057895,0.032168536355247745,0.028383583373941174
U:CCTTA,0.0479728653371426,0.07506799363260996,0.07919935535408433,0.04946471365930742,0.06121112967685147,0.06226228391164258,0.061500662203912294,0.05622744931145909,0.04781705265189702,0.052264690868795254,0.05097632926243623,0.055230945794627256,0.04011362698210596,0.04147175546245554,0.04758449640526182,0.03860201137897715,0.03477297277812855,0.03721248780533182,0.0332485665814348,0.027798610941538848
U:CCTTC,0.040189673905753266,0.07183127875625428,0.07925927913184617,0.0472300097922172,0.0621919811130934,0.0646957034970288,0.0610001475539578,0.06053199908784826,0.04994164911668835,0.05446350722343694,0.0501663335524286,0.05978685160096044,0.039382822036512895,0.03927685146682048,0.046363465640048826,0.0393492870461039,0.03379589263437471,0.03931306925646219,0.0326275335685254,0.02860266401963809
U:CCTTG,0.0405290005371559,0.07143154006908531,0.07988488396256377,0.04585350935317804,0.06317894348884716,0.06557850121742267,0.05947217571663262,0.06033397765901971,0.05047697091124381,0.05427156563300098,0.0490529196579454,0.060573149262684915,0.040152599324830326,0.039335495026406896,0.04725795637666783,0.0392657039682882,0.033509902096476335,0.03952212729418499,0.03191333362086204,0.02840574482350312
U:CCTTT,0.048046610704559005,0.07467814803398311,0.0798251326586486,0.049054612407354,0.0612234207100236,0.06280655686359278,0.061447849973173256,0.0559821427094402,0.047079414322336664,0.05324267199856189,0.05021039554141216,0.05631189381352741,0.040831237465460225,0.04079815207040131,0.047930260398601814,0.03789601150048332,0.0344391391400775,0.03727014611061881,0.03276170961059041,0.02816449396715392
U:CGCAA,0.03671937818279282,0.06684981684981685,0.08013937282229965,0.04725051371392835,0.06210354685964442,0.065487358170285,0.05777048155096936,0.05725676762262128,0.05569329044938801,0.05175109443402126,0.054341999463950685,0.06146698829625659,0.038718395425712496,0.04011435718752792,0.04451442866077012,0.040427052622174574,0.034016796211918165,0.0417783436076119,0.03238631287411775,0.0312137049941928
U:CGCAC,0.025766903036442506,0.06526792903711785,0.07953453336450297,0.045741447829813764,0.06481337177589028,0.07382659289851684,0.05442349151926024,0.05876126652640328,0.05827424088937375,0.055157276812384734,0.05380009870386244,0.06605366373152549,0.038358139172446036,0.037721759006727446,0.04078677368243331,0.04076079898179173,0.03254629990389361,0.04503363723733084,0.03320216109509338,0.030169614795189485
U:CGCAG,0.02431789743410787,0.0635565548149736,0.07797380766028725,0.04594377670207834,0.06769927165952949,0.07045111245158106,0.05482245143150558,0.060924359274750366,0.05674176067958503,0.05463799833493691,0.05384534854157423,0.06734033590404451,0.04000638108009751,0.03781787001540433,0.04231453739661902,0.04207026167413619,0.031835607423987874,0.044732368527316504,0.03194029701933766,0.031028001974146655
U:CGCAT,0.0314619909400284,0.06868600362098368,0.07785114902376176,0.047433383666508906,0.06245821219565332,0.06961754298979063,0.05777797810882483,0.05644076836973098,0.05469037584608566,0.054352317204179906,0.055764651085919485,0.06154921006964008,0.03910211624709833,0.0399209694019367,0.04321140684981933,0.040108779758551004,0.034166460075274394,0.04282827372232614,0.03278417585059311,0.02979423497329337
U:CGCCA,0.03379918049922649,0.0653457791529038,0.07805117698708032,0.044738052431325,0.06487540243341557,0.07123071455450099,0.054365095956850774,0.061598444620980894,0.05579713174729272,0.05364385165363549,0.05265083413471589,0.06707572019902161,0.03952209725299996,0.03856043818204624,0.04173809424258895,0.040943680227453275,0.03168771166952377,0.04325897896893423,0.031170297278086716,0.029947317807417318
U:CGCCC,0.025905191681389557,0.0593190574512016,0.07953021562825943,0.041864450073437066,0.06968539134506907,0.0756614657612976,0.05106536963324038,0.06483748057642777,0.05975542263564571,0.05340684135464782,0.05234785755337491,0.074501372953873,0.03864492645650184,0.034770855062900445,0.0400923817024628,0.04117797313693353,0.029742012388514018,0.04721258434619724,0.03015709146639988,0.030322058792226315
U:CGCCG,0.026572973581929813,0.05682138230158283,0.08322537035993917,0.04328845828873993,0.07277643215231229,0.07263561088266772,0.04832985974201543,0.06376387089505998,0.06108826677181321,0.05179406297527178,0.05085056046865319,0.07452261589590492,0.038951163183687264,0.03571227398186222,0.038937081056722805,0.04230270940122796,0.02851630710302484,0.04597814453895116,0.03057229763983552,0.03336055877879795
U:CGCCT,0.027688024826579043,0.06255476451259584,0.08105604235122307,0.04335067542898868,0.06811336254107339,0.07076944140197153,0.05281580868930266,0.062080138736765246,0.0550337714494341,0.05470518437385907,0.05141474990872581,0.07088809784592917,0.040575940124132896,0.03664202263599854,0.0399324571011318,0.041853778751369114,0.032096568090543995,0.045262869660460024,0.03169496166484118,0.03147133990507484
U:CGCGA,0.02987465181058496,0.06048050139275766,0.07799442896935933,0.04892061281337047,0.06831476323119777,0.07165738161559888,0.05188022284122563,0.06337047353760446,0.057103064066852366,0.05257660167130919,0.050626740947075206,0.07075208913649025,0.0386142061281337,0.037639275766016715,0.03948467966573816,0.03889275766016713,0.031337047353760444,0.044986072423398325,0.03185933147632312,0.03363509749303621
U:CGCGC,0.025644806387950005,0.06076038382142776,0.07845427942744368,0.04338407095705828,0.07166027720436449,0.07221604700224576,0.05278678855794751,0.060828437266066286,0.05917247011319556,0.055214028083388156,0.051663906721411884,0.07142209014812967,0.040015425447451396,0.03790576866365719,0.0379851643490688,0.04113830728398703,0.02988680443708459,0.04584533720481818,0.03196243449855954,0.03205317242474423
U:CGCGG,0.022665744194441104,0.055739381542533994,0.08141318734207677,0.04463963421970882,0.07178739020575141,0.07261460714715437,0.05059559619781013,0.06307905185898208,0.059454337624834555,0.05351341595475875,0.052941884249789434,0.07330646131632776,0.03802189868848514,0.03820238238479124,0.038277583924918784,0.042398628323908075,0.029509084346047407,0.047783058597040066,0.03137408254121044,0.03268258933942967
U:CGCGT,0.022395305184577878,0.06358281732076204,0.07454314008932232,0.04643034369673563,0.06729379274633757,0.07130682431120412,0.0532913331463462,0.05844786295281452,0.058771494530626335,0.054154350687177714,0.05484476471984293,0.06779002783231569,0.039310448984875616,0.04054024898056053,0.04101490862801786,0.0420289542384949,0.03225528058857796,0.04606356124188224,0.03305357181384712,0.03288096830568081
U:CGCTA,0.032183831745715645,0.06797437684622788,0.07964640932877516,0.04940976025313375,0.06291834002677377,0.06828415590737606,0.05705466494075476,0.05779592197993074,0.05267350393308772,0.05377985772290263,0.05521811764966201,0.06081626782612544,0.039828736433336655,0.03851217542345691,0.042860145817429494,0.04073594654098488,0.034396539325345456,0.04211888877825351,0.03290296170909533,0.030889397811632205
U:CGCTC,0.023670011837980287,0.06438909478117583,0.0789575438867837,0.045817147820086494,0.06738725662242792,0.0693503387803906,0.05400855427922167,0.05965985140062938,0.05646538134358102,0.05578127695520008,0.052699832840579885,0.07134316460741331,0.04014205576343075,0.03708440658405859,0.03982082413758232,0.04221221513000958,0.03165916134750718,0.04434781056852049,0.033634140973093876,0.03156993034032706
U:CGCTG,0.023899699097291876,0.06406018054162488,0.07937813440320964,0.04546840521564694,0.06832898696088265,0.07091675025075225,0.05360080240722166,0.060874623871614846,0.05735606820461384,0.054728184553660984,0.0525777331995988,0.06826078234704112,0.040188565697091276,0.03740421263791374,0.04140822467402207,0.041869608826479436,0.0317913741223671,0.04415646940822467,0.031979939819458375,0.03175125376128385
U:CGCTT,0.02944276969170165,0.06672091632606511,0.07889626602060254,0.04781367707890243,0.0635275841023839,0.06932859881760402,0.056604587795059585,0.056000443860849625,0.05316466621047635,0.05370099807043825,0.05308452466818319,0.06420570484486447,0.0402803721033456,0.04030503103943581,0.04399154198492106,0.04151331890785572,0.033912201858050835,0.04224692225653924,0.033733424571396865,0.031526449791323755
U:CGTAA,0.035500201603870796,0.0710093633797769,0.07818646118005465,0.05430760270597196,0.06125173603333184,0.06621567134088975,0.058975852336364855,0.05039200752654451,0.051691232471663455,0.052417006406523005,0.05522154025357287,0.055293221629855296,0.040822543792840824,0.042722100264325075,0.044872541552797816,0.03993548676134582,0.03664710362438959,0.03965772142825142,0.0355181219479414,0.029362483759688186
U:CGTAC,0.03274261407758551,0.06851029798676388,0.07753914625806975,0.048377936693749346,0.063596008298659,0.0679655536109598,0.058009480870200164,0.055969587037401916,0.05154209019576027,0.05520462685010257,0.05567982939069762,0.05992188133844852,0.04040380625644711,0.040426986868183454,0.04478494187461607,0.04070515420901957,0.03334530998273044,0.04147011439631892,0.033913234970270864,0.029891398834015228
U:CGTAG,0.03100099398719223,0.06733855855562254,0.07723769329791914,0.04934901986344897,0.06335446235069823,0.06817774446381723,0.05783050074141668,0.055915853280972476,0.05317831478433737,0.054628558392673825,0.0541478596685623,0.06003845589792892,0.040769769753458585,0.041437859505613586,0.04354804543010315,0.04105493001352475,0.034659192752040935,0.04125046847757011,0.033982955563884046,0.03109876321921491
U:CGTAT,0.03786983162953862,0.07221616943678187,0.07808093218047088,0.051175656984785614,0.05907261024440375,0.06485237642659002,0.060540732670360156,0.05139201186861077,0.05124519962601513,0.05206425740049607,0.05592001050866579,0.055031410092955334,0.04061290247803612,0.043927768376642945,0.046887194108965594,0.04005656134820001,0.035428112226369025,0.039762936863008726,0.03429224908628696,0.029571076442816632
U:CGTCA,0.02750726458807822,0.0669716484724731,0.07837247048352051,0.048666195450142676,0.06470719128773005,0.06837220869656274,0.05513233330715464,0.05614675776852797,0.055079975915599884,0.055387575590984055,0.053738317757009345,0.06235765334171051,0.04084531008665148,0.04123144584936778,0.04373805597005157,0.04127725856697819,0.03385559831409199,0.04262546139951308,0.03337129244221053,0.030615984711641665
U:CGTCC,0.02511944498985536,0.06316512860789318,0.07764251587145755,0.04554617448785915,0.06766149617121539,0.07084233261339093,0.055186857778650435,0.059323254139668824,0.05724196609725767,0.0551672229857975,0.05257543032921003,0.0663263302572158,0.03960992211532168,0.03870017671313568,0.042744944040840366,0.04203809149813469,0.032868643235813864,0.045441455592643495,0.03207016165979449,0.030728450814843905
U:CGTCG,0.023490649501205038,0.060160468592696546,0.07968516428200982,0.04661521095823545,0.0692821623600476,0.07214985203941549,0.051160804173403705,0.05762835962048873,0.05576741206260106,0.05570639738857195,0.053570883797553315,0.06885505964184387,0.03856127398639373,0.037707068549986275,0.03956801610787394,0.042222154428139966,0.03291741663870161,0.048323621831050365,0.0313310351139449,0.035296988925836666
U:CGTCT,0.027121248499399758,0.06856662665066027,0.07784873949579832,0.04771668667466987,0.06450900360144057,0.06831212484993998,0.05710444177671069,0.0578343337334934,0.05329171668667467,0.05476590636254502,0.05360384153661465,0.06335174069627851,0.04053301320528211,0.040360144057623046,0.04356302521008403,0.04062905162064826,0.03432893157262905,0.042593037214885957,0.033334933973589435,0.030631452581032413
U:CGTGA,0.028139535977499658,0.0670401046002474,0.07743428385986201,0.04842464690361633,0.06292005888467164,0.06921770867137932,0.05763360753272285,0.055963954303237244,0.05559710091760379,0.05406384189559729,0.05543719046745587,0.06162666553788702,0.0402127749636674,0.04150146506191827,0.04387660557146821,0.04096529472906937,0.033477723063319836,0.04229161081559033,0.033886905685757154,0.030288920557429017
U:CGTGC,0.024531958983886527,0.06450301904319554,0.0781914323484226,0.046094001214762946,0.06569545178462968,0.07278752367001322,0.055776376433598916,0.058366679767051344,0.055530744220943944,0.05552627818071385,0.052417914180570936,0.06635195969845296,0.04099378327199971,0.038939404766158134,0.04126621172603523,0.041712815749044264,0.03284772589231484,0.04536157061702812,0.032794133409553755,0.030311015041623496
U:CGTGG,0.025430151963591843,0.0650620920972759,0.0772850269048607,0.04475226607861226,0.06594005823384765,0.07133131904123355,0.05497919974758474,0.06109409670659812,0.05704379199061674,0.05492775641926999,0.05290774839411077,0.06644077329611123,0.04046189249716204,0.03880541732542706,0.041405020182932475,0.0416690959349482,0.03225839640856977,0.044426458332618844,0.032056052650531755,0.031723385794096365
U:CGTGT,0.026519750909119285,0.06811605512462347,0.07821703369594057,0.04795779813650056,0.063533781780157,0.07083170758353753,0.05679147222699109,0.056095391194418864,0.053716854213163114,0.0550590732445804,0.05416946295631545,0.0622695987389384,0.04031963541585379,0.04060368642017698,0.04380316201832285,0.040572472024097514,0.03452624350350381,0.04338801055046587,0.03396126293446537,0.029547547328828055
U:CGTTA,0.03495380643079033,0.07117440593859685,0.07754064630653165,0.05351192157179167,0.06001533061685561,0.06537297777060556,0.05820793157703635,0.0505991043692258,0.05092185419776496,0.05325372170896034,0.05622302013152056,0.05612619518295881,0.041416871747286886,0.04357929559849921,0.046976237543873804,0.03940775406463065,0.03497801266793077,0.03917376043893977,0.03525235002218905,0.03131480211401138
U:CGTTC,0.03288498046751029,0.06951489027760947,0.07735673769914772,0.049763128891350886,0.06239433125025245,0.06703942850877952,0.05879365958649979,0.055291083144355775,0.05200777837404285,0.05267136369668957,0.0558161810953197,0.05807237119231857,0.04181741594105054,0.041476967818997006,0.0442005527954253,0.04042677191706914,0.03536621254349369,0.041211533689938316,0.033663971933226004,0.03023063917692339
U:CGTTG,0.03302884735047415,0.06905692311521518,0.07760659083555269,0.04925703760858202,0.0622931030191403,0.06743285959628643,0.0579373771063046,0.05462702541254947,0.052698061079722226,0.05358787365905866,0.055068820469422804,0.058553401199691366,0.04035891181521766,0.04155984767404236,0.04604624536426313,0.04042735893670508,0.034758692784428905,0.041454065759016355,0.03404933170719566,0.030197625507130947
U:CGTTT,0.038174352019288725,0.07309373116335141,0.07742239300783604,0.051299728752260396,0.060337552742616034,0.06592073538276069,0.06029987944544907,0.050783604581072936,0.05016576250753466,0.052501506931886675,0.05525165762507535,0.054061181434599155,0.04141802290536468,0.042827004219409284,0.04702380952380952,0.040653254972875225,0.03479505726341169,0.03920660036166365,0.034734779987944546,0.030029385171790234
U:CTCAA,0.048243845306340606,0.07423836932213954,0.0796410316769671,0.04918738169616585,0.06153728898262079,0.06341085510638421,0.061832505889866725,0.057198758159467296,0.04932051873276695,0.05327507462427378,0.05091912793311504,0.056717342353206766,0.03971053306911742,0.039511792275350545,0.047342758406446146,0.03787169834620646,0.03381005396873788,0.036843262976519645,0.032213374290659375,0.02717442688364788
U:CTCAC,0.03752839273835251,0.07126189565259351,0.0797995360652404,0.047218114825576384,0.06285437067215392,0.06765313121495069,0.05958338934328759,0.06022793466309582,0.05167909225959666,0.05495696712129516,0.05006772896007611,0.06136709096361249,0.03961627149489706,0.03835647836981736,0.044774357436570884,0.038778707255787984,0.03394547904883034,0.04021428546808811,0.031888621190030574,0.028228155256146446
U:CTCAG,0.0358886449136965,0.07021160067470944,0.08044099403603047,0.045955471195075454,0.06449989040736508,0.06733528451201007,0.058519103593909674,0.06155966856496433,0.05104382079726259,0.05604696282651458,0.04915636094152126,0.06328063730779947,0.03991582388715827,0.03842973654603255,0.04577608683100143,0.03876776395708453,0.03360317600016593,0.04009745055578321,0.031181487085166652,0.02829003536674853
U:CTCAT,0.04482594589424295,0.07446480529562424,0.07945486020074659,0.04911997226134121,0.06118304354918189,0.06427375186710722,0.06253581557891214,0.05718877916594431,0.04906360676010245,0.053520751471694696,0.05038221787999102,0.05503066368669663,0.04004427253915481,0.04040723220622258,0.04756052672706885,0.03886486712687106,0.03451532928128008,0.037538569802268114,0.03273725392402101,0.02728773478152817
U:CTCCA,0.040820842015639354,0.07151979565772669,0.07992342766238714,0.04674861643252448,0.06274226434541014,0.06591620734467074,0.05946679438058748,0.06147352736886917,0.05095673410857924,0.05466561918845646,0.04972860791826309,0.06108352378391701,0.03916490219802379,0.03841290246689521,0.045951104613385314,0.03894574398960364,0.033330252515068,0.039555605968945355,0.031615497076023395,0.02797803096502431
U:CTCCC,0.03726113596335282,0.06947281091256881,0.0795496828927458,0.04510475150973923,0.06395478637637779,0.06747659249581738,0.058027457822392374,0.06211222923230001,0.052552155254388645,0.05496870271298279,0.050647582350039,0.06452533137087905,0.03867647342555766,0.03752504747650981,0.044326109186325666,0.0399533090231553,0.03258790389486537,0.04110404590820014,0.031197372736769282,0.028976519455033063
U:CTCCG,0.02763409899287324,0.06500940245549577,0.07811638198724045,0.045774540843137514,0.06769767956952823,0.07015578109867585,0.05366131182711642,0.06056657937366183,0.0555895752174725,0.05523345450123557,0.05292735571682323,0.06839254925974664,0.039833404991770134,0.0376271937253267,0.04167480967084891,0.04095822530281118,0.03226366830395337,0.04381153396827051,0.03239829930643319,0.03067415388757877
U:CTCCT,0.03935908587518439,0.07183914487990567,0.07889527558702075,0.04614395627552873,0.06248682930328696,0.06540624033214816,0.05935444530629996,0.060316186393941706,0.05122280111014962,0.05475647101549995,0.050963310362143716,0.06114846233517013,0.03982986822577825,0.03860471320387566,0.04616749539305843,0.03932713992996552,0.03351185698977281,0.04058087816601131,0.03226316285034053,0.027822676464917748
U:CTCGA,0.03564357549440907,0.06918914662406912,0.07990978018763921,0.0466398182104529,0.06472877809525952,0.06909915179877157,0.05574054491866718,0.057411073863252865,0.052410736382657995,0.0545424888068936,0.05230949220419826,0.0639356986973249,0.040025198551083316,0.03906900353229689,0.04304564987513218,0.039462730892973655,0.03315746844556438,0.04232569127275182,0.031464440794654304,0.029889531351947263
U:CTCGC,0.027383801486333292,0.06457362388210101,0.07739009950875425,0.04625267665952891,0.06623000377881345,0.07137548809673762,0.055328126968132,0.058118150900617206,0.057878826048620734,0.05451568207582819,0.05318679934500567,0.06780450938405341,0.03958307091573246,0.03798967124322963,0.04122055674518201,0.041554351933492883,0.03254188184909938,0.04361380526514674,0.03225217281773523,0.031206701095855903
U:CTCGG,0.024938963443608776,0.06405561290534008,0.0787904111160268,0.0451793409690475,0.06795130184010881,0.07138819249864818,0.054269281816841174,0.06119222009208737,0.0561659211194678,0.05641580232348556,0.051041308230513366,0.06999950843041833,0.03966556882793426,0.03737567385996821,0.04054629766176736,0.04107473496206721,0.03169394877844959,0.045126087597699455,0.032054433138344066,0.031075390388176114
U:CTCGT,0.030038926405436792,0.0684115445825627,0.07882597100950578,0.04777624844079315,0.0636425222590219,0.06884167060948858,0.05762613445739602,0.05649705363671556,0.05291625446255753,0.05427652802271066,0.05369585788636071,0.06194352445266463,0.04132973461224139,0.04078670050324745,0.04381908899307497,0.040915738311325216,0.0339907092778184,0.04165770570777238,0.03337777968944901,0.029630306679857197
U:CTCTA,0.04942419946300858,0.07457785187590588,0.07956264503916552,0.04922718380471887,0.060712503663105204,0.06258167734577337,0.062266848303883286,0.05776914912996301,0.04784609413982369,0.05256258959757324,0.05050729056938515,0.055332689154832526,0.040281286878559155,0.03965162879477899,0.04827873656531416,0.03836954197324547,0.034033217434004705,0.03703894375846474,0.03266103802501208,0.027314884483482366
U:CTCTC,0.03980508525379167,0.07337326021651484,0.07828323917782593,0.0474578964546336,0.06107737879440986,0.06515856091942211,0.06086280510143008,0.0589968227868698,0.05179599608343539,0.05511165920178586,0.051887820302382384,0.05965672015308477,0.039348343024832505,0.039066685316974346,0.04608957286037676,0.03842772196958668,0.03357245692111967,0.03920703839774826,0.03240205495941179,0.028418882104363698
U:CTCTG,0.03667143489404576,0.0705810791437913,0.08018303562057891,0.04575577892634049,0.06437374923351824,0.06638078143848027,0.05856702187950929,0.06097153042234764,0.05086625278512563,0.05550600747523477,0.04911021125644057,0.06281823228427864,0.039886080601948884,0.03861058349973003,0.045829468359767,0.03951852664006999,0.033528692209061836,0.04054749909228016,0.03178202933554015,0.028512004901910432
U:CTCTT,0.044652712817609116,0.0743321255015165,0.0794016725402954,0.04878089592584816,0.06134141121464555,0.06362303124583363,0.0607892235420869,0.05705507464789265,0.04813640708808176,0.053901181616846525,0.051006919348753205,0.057759478277109685,0.039980438630250706,0.04027407508564847,0.04657376455430142,0.0385651540970652,0.034567596029646486,0.038054528937494836,0.03271293635915625,0.028491372539917556
U:CTTAA,0.05046632133871381,0.07671130699495787,0.07959383700753334,0.052548760962202845,0.060134462951956916,0.0620598239801144,0.062362039523179195,0.05088611618120807,0.046502612924353336,0.05244955342830924,0.05283811626939255,0.052942835332946914,0.041182149625170056,0.04167083858842377,0.046904954589588536,0.03784032547419823,0.03554936631187725,0.03555395925326122,0.03438551496518091,0.027417104297431535
U:CTTAC,0.0446128773051414,0.0754862176411171,0.07912356137261867,0.05036486789439612,0.061402845894008205,0.06314720914474563,0.06222150012720627,0.054439247039620345,0.04753988105583726,0.05319237366905714,0.051529875841639525,0.05533346935588285,0.04094404687236299,0.04149695334678445,0.046900071285891694,0.03868959906094062,0.03499557926714073,0.03706992314725952,0.03345399037262622,0.028055910305723276
U:CTTAG,0.04461854511753774,0.07537409610132963,0.07962715508927962,0.04939087293541186,0.061236136758595384,0.06285724459144423,0.06110557773850017,0.055393620609334775,0.0480219813913833,0.05319983343834103,0.05098428643066475,0.05629269749771769,0.04088970037693972,0.041355558698643075,0.04757194840544906,0.038294345310804646,0.03473859018018134,0.037498133104920985,0.03327375753805251,0.028275918685468485
U:CTTAT,0.05505201210369055,0.07806161134126594,0.0792324206282211,0.05237873083074513,0.05874525607457216,0.0607811855343116,0.0640658450355988,0.052598507318057534,0.04615306233560469,0.051049083082505095,0.052336773501349125,0.04945969948562312,0.041109191951785036,0.04222705508497858,0.04834882924066225,0.03781454261016546,0.03532907033546883,0.03489351329697697,0.03372669994615476,0.026636910262263277
U:CTTCA,0.04632208297044552,0.07488457645527821,0.0795613737167222,0.050113826277897525,0.06085014947054808,0.0626706973835088,0.06247364509739965,0.05669860079426194,0.04813187034901121,0.05277974867426854,0.050702965536025935,0.054771120070750516,0.040162349562685155,0.0410373155156818,0.048368602105702076,0.03836466778531389,0.034556783676269326,0.0374258111593467,0.03264409868755107,0.02747971471133185
U:CTTCC,0.039381372956936764,0.07196319633576947,0.07919956755809786,0.04730121445637604,0.062217693927487605,0.06557511200037804,0.06058508743924548,0.060158062586514315,0.050441950552711924,0.05444307545488808,0.05004719748372292,0.06068190279047199,0.039316829389452426,0.03916641982593983,0.045828238041287134,0.03927648965977472,0.034044426720575914,0.039372152447296145,0.03248731315501636,0.028512697218056986
U:CTTCG,0.036350259111556586,0.06694781514576358,0.0778667548143567,0.04774903499605468,0.06404214028278347,0.06690516303768314,0.057399074449254656,0.059019854556311445,0.0531658527222708,0.05453072018084494,0.05248341899298373,0.06291185941865177,0.038360239704847414,0.03940521635281824,0.04321724851250773,0.040348894244098016,0.03362052419440831,0.04091936618967393,0.03329530187029494,0.03146126122283594
U:CTTCT,0.04656399417838028,0.07478799916025258,0.0791443068191736,0.04862986717366024,0.06073543946388261,0.06254042463856659,0.06211300263954314,0.05799824030457356,0.04840766434635335,0.05341784274550228,0.05054854848715729,0.055417668191264265,0.039891304604221856,0.040857957668238444,0.04759339241443894,0.03871329938174776,0.03402769751165857,0.03780325850303229,0.032932723494292784,0.02787536827405959
U:CTTGA,0.04701502619451491,0.07463893934314397,0.08003545975084772,0.049580270634956375,0.06116139857527191,0.06353650136018,0.06113888180027454,0.05635281618138847,0.04788817669163527,0.053169611360463546,0.05049261699966475,0.05553554064444678,0.040367573842512675,0.040628601641556294,0.047486210560200685,0.038457817740883624,0.03452238584412053,0.037315299898424324,0.032765243439695904,0.027911627495817718
U:CTTGC,0.040097178090261316,0.07248077211913387,0.07980131352320317,0.047358226685158204,0.06205002467488643,0.06562056851718562,0.06001946682739478,0.058927139839310895,0.05002272430251996,0.05521712924764028,0.049798407153181304,0.060256462772130835,0.04036928454532864,0.040007451230525855,0.0458465241570064,0.03824217279442601,0.03397819637308428,0.03912481201247593,0.03249770318744916,0.028284441947697043
U:CTTGG,0.04017568447588498,0.07125704254380956,0.08049507504105077,0.04577114578377679,0.06323824276194027,0.06530609775190732,0.05918497469638307,0.060451857325569174,0.05004678011380009,0.05506590436889202,0.048654343743452864,0.061271738382308115,0.0398595310794672,0.03946244846434917,0.047787569120738074,0.03899578184810569,0.03299945618590425,0.039106964980338735,0.03203738173556113,0.028831979596760714
U:CTTGT,0.04461987948861928,0.07454030404899868,0.07967026047585253,0.0486253198351895,0.06135946438069388,0.06423001761593701,0.061195750247793564,0.0564858205781998,0.04806009864332098,0.052838921590560584,0.0502861663780063,0.05617098570723764,0.04089297540435909,0.04127448118917205,0.04824677720210325,0.03888173616985971,0.03439700603149534,0.037674251841228405,0.0329472840492061,0.0276024991221663
U:CTTTA,0.05258015396890088,0.07747962547244079,0.07912578375055923,0.05256289585792061,0.059918170003013534,0.061663230532518924,0.06272394058430654,0.051944922730126956,0.04602472689039374,0.051755747282843184,0.05176636765883104,0.051894475944184615,0.04142942295514617,0.04207062815541327,0.04771801308695831,0.0373724393277833,0.03515278074632037,0.03597453233838111,0.033630748112560054,0.027211394601397376
U:CTTTC,0.04985956565757719,0.07556085916351779,0.07934369948676058,0.050371284598046344,0.060303141042008665,0.06208681710294726,0.0629844224575407,0.05572493429182765,0.047095968797727886,0.05291886895433695,0.05083371913236376,0.053112860765785294,0.040204540771573594,0.04116244087837395,0.047645961798293605,0.03823893184962803,0.03484355084708884,0.03692765206467582,0.032713311036508735,0.028067469303417348
U:CTTTG,0.04670518999514954,0.07415095873742174,0.08036964451435093,0.0494354678173198,0.0613962043026128,0.06239040898092619,0.06138218562412558,0.05588910664569472,0.047703319903439345,0.05310107186815713,0.0501223830631934,0.05525602312521203,0.04108201768035731,0.04101024204650276,0.048477711703073176,0.03822781474036006,0.03431940717812413,0.037644637715291855,0.033188380197775515,0.028147824160912
U:CTTTT,0.05462642384001212,0.07669110528195425,0.0793937269873406,0.051661157086712824,0.060064549911300065,0.061320334554015386,0.06220400402583661,0.053009762404047145,0.04528733201747193,0.05200538443160032,0.05075709204064796,0.05267718967301316,0.041427989887125066,0.04224631027412484,0.048090266649240244,0.03713368091831697,0.03476446441638272,0.035408798067998015,0.033561541772217235,0.027668885760642536
U:GACAA,0.04827621233037994,0.07552276914126886,0.08037647688919464,0.05020268991213692,0.06097665141490487,0.062151698855425305,0.062192098325384255,0.05576511979019978,0.04975252438973715,0.05214648155244775,0.05045085808474193,0.05458776380853883,0.0394414253856418,0.039928527566289757,0.04763559216388795,0.038595345057644274,0.03446074787498788,0.03694704668331894,0.03319451305941723,0.02739545771445193
U:GACAC,0.03667401042455388,0.07186787097782706,0.07954584312365358,0.04748325672051546,0.06238367634056148,0.06636738003702818,0.060217186347449304,0.05954427992907005,0.05275903843993181,0.053886248284149695,0.05165136852800805,0.05864788553507662,0.0393522023946187,0.03913237815630969,0.04660518101304779,0.039460893268004824,0.034295023667742994,0.04031942904317837,0.03208212633543225,0.027724721433840232
U:GACAG,0.03642497483869342,0.07068956061466218,0.08037017877497417,0.04667848519299723,0.06376519868909222,0.0673989508587454,0.05869217531538716,0.06022927545812847,0.0518797237666513,0.05538155509473843,0.04997947074544169,0.0622273574180275,0.039201982666490776,0.03754852537697492,0.04591586414821381,0.03903671105037153,0.0337168919449727,0.0406145732509001,0.03223908206810376,0.028009462726433232
U:GACAT,0.044693812394989374,0.07502609477104862,0.07980431340384386,0.04986009332844583,0.06049472031027785,0.06424849746792036,0.062455456145197645,0.05628623303302399,0.04976764635377307,0.052779697784390005,0.05073081483408456,0.05448889185101417,0.039697375903373563,0.04090886125751535,0.04745217212766712,0.038686908970903926,0.03434942591503693,0.03796668254031387,0.033012169676747326,0.027290131930432577
U:GACCA,0.04035136273389086,0.07203898682389748,0.0799951868118645,0.04631008964562902,0.062489621563082846,0.0656121773659828,0.058876120570362796,0.060129956079658264,0.05137837675230131,0.05443595451537212,0.05069490403706155,0.060779736477949584,0.03993742855423861,0.038558450153420375,0.046435232537151795,0.03889537332290476,0.03349016304674809,0.03947897238433307,0.03200409120991517,0.028107815414235005
U:GACCC,0.03339766586078356,0.06755074752696946,0.0798828308649511,0.04310969944331911,0.06589010771846895,0.06812288734582904,0.05654303240478813,0.06599847960616381,0.054273597580119494,0.05590714441669628,0.049892504649632095,0.06648455939655983,0.03889913286552802,0.03623286568738854,0.04487074261836043,0.03973423388247069,0.03146131522035352,0.042335159187147094,0.030548122696101323,0.028865171028369527
U:GACCG,0.026205891874393008,0.06345095500161865,0.07848009064422143,0.04530592424732923,0.0660407898996439,0.07056490773713175,0.05254936872774361,0.0602460343153124,0.05539818711557138,0.05552767886047264,0.054119456134671416,0.06789414049854321,0.03945451602460343,0.038272903852379414,0.04348494658465523,0.04222240207186792,0.03175785043703464,0.045524441566850114,0.03244577533182259,0.031053739074134026
U:GACCT,0.03697352984866012,0.07019368089613234,0.08044558653415411,0.04542301830605535,0.06467063486957915,0.06632918617530817,0.05855692000706463,0.06204946880742208,0.0512630371138868,0.055035130175223955,0.04889334392248553,0.06352438643543638,0.039922195463429413,0.038127965771618186,0.04635873131351883,0.03940170510302785,0.03305289234738813,0.03991166869209545,0.031133511040828666,0.02873340717668484
U:GACGA,0.030267584159534046,0.06735989545098861,0.07711296294802397,0.04932196416614903,0.06160808641427546,0.0678277845451392,0.05660651333887271,0.05874428247594001,0.05543679060349626,0.053895983414138315,0.05274239478545672,0.0627778091496519,0.04074668645783754,0.04040787021724575,0.04395737369011221,0.04100483216495511,0.03293777881753132,0.04223909132711095,0.0335750760319778,0.031429239841563074
U:GACGC,0.02421009060387251,0.06400220760704595,0.07974060617210137,0.04578025111530148,0.06633859173067194,0.07079059927332934,0.05374603320608932,0.06042404452007542,0.05737938646920848,0.0530009658280826,0.05454629076024468,0.06839902497355471,0.03986570390470496,0.03819160189486272,0.04002207607045946,0.04155820263993009,0.031945913627374325,0.0454031182449524,0.03352803201030217,0.031127259347836084
U:GACGG,0.02456622335074684,0.06510985770877127,0.0784023976522988,0.046135381328005216,0.06680264463268605,0.07088198361326757,0.05224051449622245,0.06028819003614516,0.057117683379468716,0.05521676691572835,0.05360029415641629,0.06750334741676553,0.04029387891023373,0.037574319589846056,0.04101539464829577,0.04151490554387718,0.03279427782518506,0.04477560166781138,0.03257227298270444,0.031594064145524174
U:GACGT,0.027261981154378737,0.06787801006450742,0.07782768752744099,0.04786382518828734,0.06386571650511669,0.06695261575872201,0.05839440710594752,0.05659090141511027,0.05340943632003783,0.05389577493329731,0.05567226181228681,0.062156776655746565,0.04160221554257151,0.04156844202776183,0.04337870242156101,0.04079840589010098,0.0342733628288696,0.04209530885879294,0.03342227025566551,0.031091897733797155
U:GACTA,0.05207978817539513,0.07624868970962603,0.07963162122057803,0.050863089971003445,0.060705582857998555,0.06210265869828607,0.0617010632070463,0.05492669180609064,0.04692200879426059,0.05220741386117048,0.05063506541241815,0.05380869079869856,0.04066835019126836,0.040484569203751854,0.0478579304899465,0.0385038185605184,0.034440216725431204,0.0361589092938726,0.03254284819690431,0.027510992825734784
U:GACTC,0.0365652218799072,0.07164843703305242,0.08008813253568499,0.04715389505599296,0.06357143245255133,0.06639009785862933,0.060084437706815326,0.06022978575426128,0.050893550893550896,0.05514939605848697,0.05044663960747877,0.060733749544938355,0.03974657820811667,0.03833928309452785,0.04518965882602246,0.03888264028124168,0.033848435946338046,0.039982938584337185,0.032574263343494114,0.028481425334572187
U:GACTG,0.038504069355980185,0.0722079473074696,0.07992142765231937,0.047217799009200284,0.06303782249244033,0.06547561603294087,0.059932525895901693,0.059507294280383455,0.05012505629543846,0.05449096860322975,0.05002050762401081,0.06038188412790323,0.04023917519140449,0.03977574309978769,0.045956178022260825,0.039126335006112074,0.03382250048253233,0.03916453548221064,0.032452309721418,0.028640304317055908
U:GACTT,0.044324114419529735,0.07467448308080783,0.08003808333587945,0.04966800280302814,0.06119846207977986,0.0632396263811862,0.061776019916875036,0.05580233723661244,0.04805162933402456,0.053269361739454395,0.05052744040362028,0.05542879727030003,0.04106179967416276,0.04134269384408107,0.04710644509208894,0.038877724303850614,0.03457363714583927,0.037326400011038645,0.03358410119286391,0.028128840734976842
U:GATAA,0.054919721238256586,0.07843302402587402,0.0796687297859233,0.053351927075311875,0.05951722046819652,0.0607288618512244,0.06440228900354228,0.05067596835053134,0.04671015901740336,0.05091179924534114,0.052921174726628675,0.04903838749422455,0.040891392653626984,0.041813058293546895,0.04822019867549669,0.03771248844909903,0.03527115740027722,0.03399333898044048,0.034084783613121825,0.02673431965193285
U:GATAC,0.05150269210111146,0.07605068673375241,0.07836568782855892,0.050580060298573384,0.06027985874188954,0.062050263782865246,0.06224676751362894,0.054079698170269544,0.04926254957040541,0.05188072784981875,0.05230555020108882,0.05194622909340665,0.041035593375765664,0.041110451939866115,0.047965624947365074,0.038537188798913054,0.034622085896459376,0.0358666095246294,0.03314550071957795,0.02716617291205429
U:GATAG,0.049856135189976704,0.07572898661198373,0.07940076012153356,0.050076226876952644,0.06060841931224032,0.06247919865153581,0.06217455954822155,0.05536379545430145,0.04958907271614614,0.051815488013055196,0.05136591048173239,0.054363988705538796,0.03975607399375154,0.04051565871831485,0.04808734955927982,0.038942808369925815,0.03421486316738778,0.03630976026110389,0.03268361551592712,0.026667328731090904
U:GATAT,0.06228733349591797,0.07953524021879246,0.07786874774994483,0.053182594153921195,0.059876435680358615,0.05999953547248255,0.06454842118710007,0.05205727624290144,0.04641326690589834,0.04902739551034154,0.05197133865217341,0.045552729679824405,0.0401293709136095,0.041526437422336804,0.05002729099165012,0.03778118431290574,0.03501724558408529,0.0343750362912123,0.03305461682286404,0.025768502711679384
U:GATCA,0.04883389135437802,0.07548698389027897,0.08002236863802238,0.05004839368802919,0.06091582366057026,0.06289745556742496,0.06228088413475671,0.056873696058961434,0.04853134118625476,0.052070174432359964,0.050851370437550635,0.054104860160165184,0.0398161756798417,0.040264982327342075,0.04863601494110309,0.03814139560226841,0.03437027265362307,0.0367792029021874,0.0319484374215843,0.02712627526329751
U:GATCC,0.04507368170308602,0.07251541770495455,0.07872116962646385,0.04679372062051332,0.06315883909747454,0.06543572514644307,0.059400120959571354,0.06142023860899586,0.050329699905800024,0.05414564955444495,0.05010850785077116,0.059909017365896516,0.038979299207884954,0.038154856093686434,0.04698242992620229,0.03789035370620436,0.03313240432670221,0.03889113174539093,0.03121282852047264,0.02774490832904097
U:GATCG,0.03416687546980707,0.0671711350538712,0.07773490353294914,0.04958155850663994,0.06343272362816336,0.0683437734903533,0.05671761463292408,0.057970433475319466,0.05253821097469306,0.055103983963918815,0.05362064645452268,0.06110749185667753,0.039589075419694315,0.040300676522174894,0.043066900526183914,0.04066148834878477,0.032904034076672514,0.04166374342270108,0.03361563517915309,0.03070909546479579
U:GATCT,0.047108762632213086,0.0741071309481996,0.07953903815117308,0.04863707701815304,0.06274980993326545,0.063853530795257,0.059752090734079964,0.05819043130699223,0.04867042205930082,0.05361215715740193,0.05001867322304276,0.05779807132282001,0.04000849187047897,0.03980508711947751,0.04715322268707679,0.03807670248665087,0.03407307454617399,0.03723640744972679,0.03207459508005033,0.02753522347846577
U:GATGA,0.04675373219645117,0.07483977178850175,0.07902007040398286,0.04965359689594188,0.06087628204937027,0.06334370206450086,0.06206823877706631,0.05702802142142083,0.04881554892142331,0.05282982854313859,0.05025603707691252,0.05491053365662302,0.04050863447886439,0.0404609164447281,0.04875788963017529,0.03845079425673694,0.0341690948187162,0.03710375391809796,0.032481069361145,0.027672483296202737
U:GATGC,0.03837197358481244,0.07317615455927229,0.07935348061312984,0.04785314840795056,0.061886379327606315,0.06539696243546053,0.06069018063900414,0.058460310257533774,0.050809839514343334,0.05434772715748086,0.05093856089496465,0.05811055216271423,0.039884124753121496,0.040254686303394994,0.047270651655239936,0.03966438825488914,0.03400324793948275,0.03855790446793212,0.03279534730718772,0.02817437976447888
U:GATGG,0.04068433368290457,0.07216930182887994,0.07908627546097162,0.0465717880307041,0.06327006733754098,0.0661858753444091,0.05910051423615777,0.061005124912098245,0.05163388200313044,0.05472680222585559,0.05030248672530855,0.060250434928273915,0.03965481439861242,0.03824576893748375,0.04584850710979038,0.03923777184107712,0.032726498604914125,0.03896381501457904,0.03195348666772527,0.02838245070958308
U:GATGT,0.04414787343530067,0.07442109715424565,0.0788627284334731,0.049647413324299505,0.06050979704597841,0.06428775906626688,0.06174897651304209,0.055794773654113415,0.04930270153010433,0.05294495804520677,0.051566110868426086,0.054336682386713145,0.04053731455644606,0.04133371766717284,0.047892156717075814,0.03885634928417822,0.03445037784572959,0.03791235405467248,0.03330827238967489,0.028138586027880053
U:GATTA,0.05442782754588304,0.07719712284455582,0.07945626593644932,0.05237575044831115,0.06011285096690528,0.06128224289637542,0.06221536721694012,0.05209037103306021,0.04639738353533329,0.05171075004347059,0.05156739666278639,0.05191914338390965,0.041301701790457175,0.04112781944907172,0.04837114721197585,0.03758911469996005,0.035324662223596766,0.03482823477567187,0.03326063901096786,0.02744420832431844
U:GATTC,0.04856661045531197,0.07581068752937274,0.07882674923285324,0.049825836950211484,0.0607994913333149,0.06311890083764134,0.06240427943493766,0.05664998755978216,0.04809388217731457,0.05287369032151052,0.050872197495369476,0.05378597296325989,0.03966632571254803,0.04080529676830785,0.048955021701268905,0.03800624775384956,0.03428662261908053,0.036821662566002264,0.03252702291764576,0.02730351367041716
U:GATTG,0.04924267527208644,0.0758947711525483,0.07942476050848077,0.05049913508498348,0.06085782798808189,0.06239695744672218,0.062357735342767374,0.055925310294179305,0.04769948835441634,0.052303351866904525,0.05071418041356327,0.05381137413964963,0.04022294384882449,0.041114232349038854,0.04832027958597688,0.03752473359400253,0.034380202845901764,0.03647926165065548,0.0330371839070355,0.02779359435418101
U:GATTT,0.055188549209561184,0.07717188453949884,0.0790049116466501,0.05250323666400613,0.05928255030360414,0.06113722733721781,0.062205290376030356,0.05170796269862003,0.045753511257240094,0.051785902433884735,0.052234777575872166,0.05144311193156314,0.04106558051391152,0.0417922963788333,0.04851532020962902,0.037442104488318424,0.03490545477113863,0.03572959530514128,0.03368584224708917,0.02744489011218992
U:GCCAA,0.042868693424011346,0.07260364526695888,0.07999313478745329,0.04783658648759904,0.062217329566405515,0.06385318099355179,0.05983461810243916,0.0590877580656191,0.05079989112201977,0.0540970703509974,0.0501924807150548,0.05972734915639678,0.039248366495081045,0.03913573410173655,0.04716615557483417,0.038785769165273286,0.03365965440627309,0.03815020065997219,0.03230940654796464,0.028432975010358158
U:GCCAC,0.03283869309794594,0.06781332361184986,0.081641337022716,0.04383034417637321,0.06452634661471252,0.06935162884651012,0.056773861958918766,0.06288285811614384,0.053990091258434084,0.055560668630884436,0.04977439385156012,0.06581723212631554,0.03952739247102978,0.037310177078415316,0.0437287467055526,0.039419818678396196,0.033075355441739826,0.04183066689775111,0.031436648000621535,0.02887041541412922
U:GCCAG,0.0338982646967012,0.06798795526194763,0.08154662570206032,0.04382222652908362,0.0661451834153711,0.06792202851053994,0.05704808601931892,0.06360819493348945,0.05260875332513088,0.05603456150370183,0.048731783763432575,0.06798874956015737,0.039955582844111825,0.03678236149623542,0.0438953019643789,0.03917955349320438,0.03266710247161774,0.04097466744719704,0.03071551177030802,0.02848750529201182
U:GCCAT,0.04223144873170761,0.07223325391834605,0.08011259603692103,0.04739904344945378,0.06199328311872772,0.06547372263208114,0.060321997686980634,0.058980010037631196,0.05030321184361133,0.054382735274338775,0.05042719444240562,0.05820834234273551,0.0400414201066052,0.0397002199947233,0.046508352459715574,0.03862008359402741,0.033711364542563724,0.03914576981291522,0.032149183797755616,0.02805676617675356
U:GCCCA,0.033574890723598504,0.06813600858050813,0.08045333241831527,0.04314826723988121,0.06545515323047497,0.06786261003737923,0.057960491143326145,0.0650887770451484,0.053846230476078734,0.05585742542695001,0.04901028620510647,0.06622000502522019,0.039005227778620234,0.036679679846985364,0.044538504366075114,0.039797751490686185,0.032351791978021856,0.04162409803385493,0.030755675786961655,0.028633793166807423
U:GCCCC,0.032601653979343906,0.06510799764072431,0.0801601213341787,0.04150695281862999,0.06767861360782705,0.07091502049171836,0.0557413416101366,0.06783608282881023,0.0549843843022525,0.05439870930491152,0.04953926439772858,0.06977405929406824,0.03833823007358233,0.03527310550023413,0.042250097036954155,0.040774859071953766,0.030930270142592524,0.042602330820732344,0.029899813661421838,0.029687092082198933
U:GCCCG,0.0245977339053982,0.061016734480629484,0.07996770261070564,0.041933832570756086,0.0713234013583902,0.07167170653705492,0.051702209626944044,0.06375567974922026,0.059570740254051686,0.054551979270564516,0.050124281620569006,0.07437898769849437,0.03887824623065191,0.036244847985898915,0.039669848909435375,0.04123194486223475,0.03143718105008734,0.046255983196913805,0.0301178432521149,0.03156911482988459
U:GCCCT,0.0343762197868188,0.06747835660311265,0.08071961166991944,0.04352499624680979,0.06604313666616624,0.06773357353750688,0.05680928789471051,0.06421157984286643,0.05276685182405044,0.0552849922434069,0.04863233748686383,0.06799879897913226,0.039753790722113796,0.03688635340039033,0.044454786568583295,0.03994795576239804,0.03238953110143622,0.04147525396587099,0.03052194365210429,0.02899064204573888
U:GCCGA,0.032021375858851474,0.0682062374529929,0.07723301382644839,0.04523284417677496,0.06694093363870275,0.06920999802075381,0.05570871151073034,0.06074872055871292,0.05601973591200837,0.05281052958973054,0.05182797523114768,0.06563321740605649,0.03906890604235587,0.03771877739135352,0.04313342946814827,0.041755025871575195,0.032438431306019734,0.04287895495801171,0.03092572171798569,0.030487460061639382
U:GCCGC,0.024537260633126556,0.060741010217586294,0.0821044840714792,0.042676769260683305,0.07067634274388293,0.07198725467443597,0.04983347027867855,0.06416568923233248,0.05860842621572969,0.05382265682332796,0.05081822230306528,0.07423901248816102,0.039873048528830654,0.036348012619879445,0.03923954563416149,0.04149757575377436,0.030452045085334722,0.04608890366365387,0.03052104045010067,0.03176922932177557
U:GCCGG,0.024174334987213393,0.06062709011824878,0.08020043277742563,0.04307009682848462,0.07224432252846932,0.0736322703328889,0.0502010885007978,0.06404778037638521,0.056217350440427534,0.054829402636007954,0.05034862625953531,0.07592183777403773,0.03901554064392035,0.03521234508535333,0.03931061616139538,0.04250180323927346,0.030862713383314026,0.04549627330550152,0.029660553867675025,0.03242552075364473
U:GCCGT,0.021975344126266064,0.06479508632055135,0.07747917747105465,0.04518785576376349,0.06761307898502278,0.0716120042738514,0.05391051155002093,0.05870922189661529,0.05737832957392701,0.055522578307079976,0.05265459907649819,0.06584480420886887,0.04058284336084677,0.03978930662384484,0.04145135994701424,0.042563561042969704,0.03191642246146348,0.04567522478333948,0.03338477784095524,0.03195391238604625
U:GCCTA,0.044984747308323365,0.07217440251023548,0.08056637701095148,0.04657417530244471,0.06326915739785487,0.06501941018363111,0.06010398862592325,0.06029047694816138,0.049077224985329015,0.05397724842468695,0.049226073462711746,0.060139917568739765,0.0398417757794442,0.038890514245825826,0.045234539006000135,0.038382376340277885,0.03406234869210094,0.03849871767892186,0.03185870686602097,0.027827821662415077
U:GCCTC,0.03484930452242486,0.06635820129489567,0.08125695737663986,0.04335767764935169,0.06651165371424211,0.068345280081009,0.05687189410569317,0.06325707528358354,0.052233643012453056,0.056243346060347546,0.04796818593231448,0.06856028686065826,0.03973810787098206,0.03675315487770622,0.04354320769308129,0.03953523857082913,0.032874363215807854,0.04192805595724833,0.030548301966618462,0.02926606395411339
U:GCCTG,0.030907670863275748,0.06663153921755476,0.08157864251093996,0.0430602734709283,0.06696113932517928,0.06858821287234163,0.05633545966509341,0.06477576355489785,0.05310074477666043,0.05617925462542555,0.0484437418954622,0.06858447590967014,0.03998400579976607,0.03657141148817065,0.04368584102213403,0.040114052100733565,0.03252577570002653,0.04206325183017747,0.0306744843925754,0.029234258978987057
U:GCCTT,0.03903469547158562,0.0709131272555887,0.0808980886097663,0.04645242841654551,0.06323975398574076,0.06492181736122561,0.058951325082895745,0.06019788393096545,0.04979157402827532,0.054831935222240544,0.049176205298333095,0.061346183631358325,0.04073674375846236,0.03971001893570354,0.047068629851129064,0.038913120593951564,0.03378116188944014,0.03916043387242632,0.03245799421436815,0.028416878589997883
U:GCTAA,0.04764085652317866,0.07654362763615997,0.07932509637417245,0.051514784665895576,0.0603011337365758,0.06220163387586802,0.06250647234794175,0.053596145908236324,0.04838763785189518,0.053127949020505855,0.05176565651851128,0.05358593600725778,0.040644157238309296,0.0411575694018019,0.04771232583002848,0.03824483050835097,0.03493536403401939,0.03608762428731245,0.033466596850391404,0.02725460138358744
U:GCTAC,0.04362870777901611,0.07204592640167055,0.08001573010167896,0.04790468520048152,0.062443008433463905,0.06444876812353281,0.058998184856170886,0.058910604595731234,0.0498245818901194,0.053992371931041706,0.05019207553196422,0.06094384044593808,0.04008600038123172,0.03933384049745588,0.045330512447559174,0.03848207953318004,0.03404467967090429,0.038679564434171414,0.03230337802216296,0.028391459722525127
U:GCTAG,0.04445181505109242,0.07257663862699712,0.0799723367018574,0.04683706881951109,0.06326426918082764,0.06480551007734432,0.059675097386100606,0.058948230113475976,0.049117879523513805,0.054701349291480836,0.04948907582001919,0.060514876079715466,0.04089510528990007,0.039074408626432564,0.0455075368373511,0.0380370349460848,0.03369982498729746,0.038045503302659066,0.0321317676282956,0.02825467171004347
U:GCTAT,0.05403722026286662,0.07547464232393239,0.07965607027761137,0.050983799280879025,0.05942335437271307,0.061705816310742775,0.06266587851642619,0.05540987118504207,0.04750588798480827,0.05183542470851004,0.05100760247606126,0.05325832682051465,0.040554032591863805,0.040878020526288646,0.04782723111976842,0.03795816191726803,0.03443396663056515,0.03598249671714267,0.03263682539430654,0.026765370582688994
U:GCTCA,0.0348043510862153,0.07069241804457665,0.08038738362315738,0.04618383933464184,0.0633563501128517,0.06854950902672129,0.05912712298430262,0.06038438430507781,0.051631657330738955,0.05569016855601698,0.04937273695320215,0.06259142968438308,0.040090884996901645,0.03882702140362427,0.045603782536234684,0.038877953220069775,0.03372629430478542,0.03987206682254318,0.03201253299957274,0.028218112674382522
U:GCTCC,0.036167355795725074,0.07000176301722102,0.07940563034518547,0.0453017808691564,0.06458076226655268,0.06630053566894306,0.057600766413524004,0.06247844739167701,0.05302468334991013,0.05462026937572558,0.04941327008647655,0.0642913613264986,0.03953482956945789,0.03759883707392365,0.045266298761563566,0.04019013974406312,0.03278657623164494,0.04127123520978242,0.03153472312313511,0.028630734379833746
U:GCTCG,0.02576710882292298,0.0654112178145443,0.07780117339064911,0.0459046916881705,0.06718567438721891,0.07130316340620685,0.05547051215565233,0.05906940999318958,0.05507063461814819,0.05612031315409656,0.05225899568257221,0.06702322413760786,0.04036263894182407,0.03851945341739092,0.042080862735787164,0.04083124543108673,0.032496298008734825,0.04402401764459634,0.03191522596204912,0.03138413860755144
U:GCTCT,0.03591778847803461,0.0705141841943736,0.08052337218212803,0.04600322532682168,0.06404675580158521,0.06645469483299593,0.05838985280157378,0.06040129775561478,0.050780978959126796,0.05525754959035299,0.04924227694348816,0.06250500383150527,0.04064445537344786,0.0390531416436967,0.045002840270073466,0.040055051677665564,0.03354873636575054,0.04050187000331683,0.032308167396749514,0.02884875657169871
U:GCTGA,0.0372292584474302,0.07133433498383909,0.08057901043957136,0.04715562071947767,0.06357658349626714,0.06590071218560543,0.059441535203637735,0.059949560359522834,0.05102715256220068,0.05472243077941254,0.04964995511580468,0.06143648432768314,0.040054500385770804,0.038877748238975725,0.04618190583736456,0.03937022160437455,0.033521020404813105,0.03972272885539686,0.031925233903248855,0.028344002149603042
U:GCTGC,0.03142879885075987,0.06783056288886825,0.08042596175895901,0.04524469679884318,0.06457084485447823,0.067898789545402,0.05760983070313255,0.0626083808866812,0.05284249307783714,0.05570422228244699,0.04829594449382454,0.06573069801555188,0.04036649085668043,0.038350014119127536,0.04417770769805156,0.040726575988386304,0.03304254879627331,0.04226262335284742,0.03166569696372427,0.029217118068124315
U:GCTGG,0.030988797688818,0.06670227732679301,0.0817777607551831,0.04278682369098337,0.06673579056007452,0.0699626361646088,0.05593085057270012,0.06452870476824915,0.05250292556847677,0.0567550025340108,0.04828914944097875,0.06958988693729401,0.03984997014586464,0.036363909941050904,0.043461875961368135,0.03962426877886669,0.03219459014341612,0.04194557314126375,0.030556545373840116,0.029452660506159252
U:GCTGT,0.03414634493892973,0.07091818086604866,0.08087010980038431,0.04658554362625548,0.06369149020303559,0.0674049390579724,0.05867705178380204,0.05888509611719451,0.0507998663386406,0.05458883813652125,0.04943332855971336,0.06191883848563675,0.04118707816695843,0.04010838254793035,0.045593058159078395,0.039560484971290596,0.03383712836121626,0.04090849825477878,0.03239079275578231,0.028494948868830184
U:GCTTA,0.043980214892186405,0.0755811262920345,0.07990129223867351,0.05018415830264028,0.06035573994071001,0.0637272116010203,0.06201357299773783,0.054170852082635765,0.048281325286445784,0.05333104666704778,0.051537102521594026,0.05502835193971912,0.041172243137959474,0.041847354136552085,0.04727682545386242,0.038285326952445506,0.034942438620704674,0.036715966102894536,0.03355274440787593,0.02811510642526004
U:GCTTC,0.04052839815241818,0.0724767771262929,0.08029459560357512,0.04761970119536494,0.06245287714752106,0.06445399711589843,0.06042247696012766,0.05910029207018468,0.05014329007180974,0.05449506262306842,0.04920357804276376,0.05942328948620536,0.03991351355308138,0.04011207003828389,0.04681358016557964,0.0391650379544839,0.03371891721750079,0.03920163822825395,0.03219909084919955,0.02826181639838666
U:GCTTG,0.03730646297411789,0.07196408564976052,0.0805679113599931,0.046740258644539366,0.06308654644201885,0.06634363895718101,0.05937228371237911,0.05899261660293099,0.050058176381370216,0.05545494322652294,0.0498462691574922,0.06055739448295618,0.040188793639643915,0.040033787429584994,0.04693941219290621,0.03899975866121725,0.03362948021904928,0.03895855447879652,0.03252089150153927,0.028438734286000193
U:GCTTT,0.04532176220086273,0.07471216091167693,0.07994645416784549,0.05038939674249414,0.060963488973308395,0.06250508208277697,0.06152394610203411,0.054611641514416984,0.04750042168686844,0.05346048676440842,0.050396116851951285,0.055450311174668414,0.04131590495345988,0.041970443614585594,0.048016526093177005,0.03805127577917989,0.03461125174806847,0.03753853142759989,0.03357904293545133,0.028135754275165632
U:GGCAA,0.04495686923683768,0.07258512990959999,0.07996068440179507,0.048368532002120976,0.062119938440050176,0.06361496579284301,0.061134461932413384,0.058956584716061196,0.04978208295073911,0.053620526880747,0.050159719617707536,0.05896693092611513,0.039667369346766165,0.039457858593174085,0.04685151895296354,0.03825640495066151,0.033794601864904364,0.037292914139389316,0.03196332268535882,0.02848958265975195
U:GGCAC,0.03380478356830773,0.06879569989339819,0.08032971487770821,0.04504301608035674,0.06454213774154317,0.06766812305751993,0.057712115069891746,0.0625377235259673,0.0540651322012522,0.05526477786285903,0.04937465279341771,0.06391303695028752,0.03899073615302614,0.03793222527513776,0.04553698782337132,0.03986006636337702,0.0331396483641878,0.04164376980015915,0.031426512319264896,0.02841914027896641
U:GGCAG,0.032576247707593424,0.06842445775801745,0.080835374000204,0.043838018247948696,0.06548347220329964,0.0679900507236194,0.05690446825797073,0.06395912436666806,0.05230717213860224,0.05641656282032169,0.049028076675338164,0.06750357191005706,0.040028218624434786,0.03668849163748626,0.043480648914232076,0.0401708810331041,0.03287227220558224,0.04140705080422366,0.03128301297300613,0.02880282699829019
U:GGCAT,0.04404273264595286,0.07335835851550937,0.0796370301958742,0.04713930119326161,0.06228433645191711,0.06515028643259063,0.060646186727414265,0.058914923403237104,0.04963821035661426,0.05365075687281223,0.04982552027223818,0.05811371335952785,0.04014928492003599,0.03946609095033256,0.046958487575289386,0.03872009943666272,0.0339182527557836,0.038134349931734736,0.032322328966016785,0.027929749037194553
U:GGCCA,0.03530650376643405,0.0678158285304252,0.08111118561359298,0.043824139004284335,0.06507869630442115,0.06781382697121058,0.057065453988657165,0.06449223945453508,0.05319343768795892,0.05518799144533592,0.04875798246834284,0.06580726385854581,0.03946874615325338,0.03683169188798074,0.04480790535827409,0.03965288960099918,0.032804554748148806,0.04153635682196431,0.030659884049674697,0.028783422285960765
U:GGCCC,0.03444104944121123,0.0647033172930987,0.081088702035307,0.04114836369575635,0.0680176827793212,0.0679606713785819,0.056482889645959204,0.06814403237014884,0.05375096495647873,0.05484959005721171,0.04831331000488449,0.07021647382945578,0.038740017226688114,0.035268485176265386,0.04277858158716658,0.041263927345903575,0.03117445026371625,0.04299275955210611,0.029360871380739083,0.029303859979999784
U:GGCCG,0.02669208770257388,0.06324012286834022,0.07901175722910708,0.042431945768456734,0.07053807859336934,0.07133248596546976,0.0512180913038873,0.06496133884122444,0.057536277936659254,0.053643681813367226,0.050275394555661476,0.0720421565512128,0.039423789852769835,0.036214384069484164,0.04073191399216185,0.04260141934117149,0.03087596652896939,0.04592733820569855,0.029546658192988032,0.03175511068742718
U:GGCCT,0.035532084978561564,0.0663898645866137,0.08191371333058792,0.0423429664979046,0.06738402654974443,0.06698093553935225,0.05712070928514329,0.06577650735205058,0.05205494052954143,0.05553160049417408,0.047480438942855065,0.06731522976672076,0.039556212301058595,0.03685472735641094,0.04395823744579831,0.0398866306533272,0.032175577142026596,0.041832319953489495,0.03069789976018023,0.029215377534458953
U:GGCGA,0.030562109853349662,0.06466354051551626,0.07872375377079538,0.046160508945372,0.06691855081986799,0.0703458678056211,0.05526268629969236,0.05982497535915893,0.05404557808906544,0.05512828171201577,0.05202950927391655,0.06629132941071056,0.03998536483378633,0.037737821450972195,0.042217974373525285,0.04179235984588274,0.03221229951315672,0.04274812580269406,0.03249604253158508,0.03085331979331561
U:GGCGC,0.025920038311373024,0.05976175114900863,0.08000824758724817,0.04366565345500742,0.0713549322567128,0.07229276274218974,0.050669451335909596,0.06382568325274199,0.05789274145809361,0.05337652231171889,0.05109513325839558,0.0738026033110072,0.03962832647142943,0.03684144013515401,0.03825816278342767,0.042993874171084225,0.029764478173824552,0.04527526322440754,0.030828682980039507,0.03274425163122643
U:GGCGG,0.026873224355154875,0.05989913905511947,0.07983385577230297,0.04326744557567593,0.0711769125152198,0.07302919613481516,0.04964033746966832,0.06499831610580037,0.05688108252808649,0.05318515064376571,0.05225684999525056,0.07586159253214511,0.03844891755826706,0.03574173380655078,0.03834529329982816,0.04233914492716078,0.029977634430886937,0.04706700171843562,0.02966244397813528,0.03151472759773063
U:GGCGT,0.028352323715769723,0.06363364424985724,0.0784706170287983,0.04462513257009219,0.06730481603350284,0.0725097218067604,0.05349033258096973,0.06129497185434966,0.05476844423897968,0.05444211785821119,0.052516792211677044,0.06873521333587143,0.041002909743561855,0.038647921029015854,0.04021972642971745,0.04086694041824165,0.03290457672749028,0.043700541157914774,0.031180485682430044,0.031332771326788675
U:GGCTA,0.04451665878030451,0.07206418570991177,0.07960030060956941,0.04648036295822083,0.06282183316168898,0.06484677262226181,0.05865783394104712,0.06032232026052829,0.049910930497954184,0.05454671973724497,0.050096028056893144,0.061129512622818495,0.04001447379408245,0.03907506888969299,0.045361427338770285,0.03834302891975395,0.03350544158989061,0.038599103738135666,0.03179224538647814,0.028315751384752414
U:GGCTC,0.030633201720630783,0.06726528280742758,0.08034443138734032,0.04339948852004387,0.06637575244893376,0.06988699912137075,0.05630639960407178,0.06476238856343028,0.05357131177384999,0.05634019303680868,0.04874757177834124,0.06778526562728242,0.03966258892578308,0.036504538130983345,0.043574996348129044,0.040265420161379996,0.03228144914960462,0.04196817312702624,0.030901368961059064,0.029423178806503164
U:GGCTG,0.030286134806654662,0.06656629805545179,0.08142426991666223,0.04315265110765938,0.06649748189011323,0.06995724971279783,0.05610202768937787,0.06456150058563961,0.05281570469157718,0.05639835852379495,0.04817904000044941,0.06905070206532761,0.039829111204114365,0.03646905660059378,0.04333452240176844,0.04015001924043807,0.032499487389788806,0.0422236328755888,0.030970785431196475,0.02953196581100553
U:GGCTT,0.03767999533051015,0.07080636688425676,0.08094159914346223,0.04646839339058104,0.062778503271692,0.06571697141766931,0.059573456041021815,0.06024861548754788,0.05077547507267765,0.05499108353943846,0.04977188322442213,0.061277471366705666,0.040207269594216104,0.04000428617351859,0.04632552093996134,0.038942325702144044,0.033358974872743336,0.03962619688346399,0.0318501024064425,0.02865550925752498
U:GGTAA,0.04877340360371478,0.07593896589970217,0.08073970512324656,0.05094803312660558,0.06066238161813506,0.06211464285660538,0.06138926470433315,0.055151313581577203,0.047369300250872486,0.05326713630638047,0.05084118281786838,0.05500683992469311,0.0403939315044373,0.04073254163775939,0.047111956549547696,0.03773621819134031,0.03463454937010991,0.03672339765922577,0.032614928041584335,0.02785030723226097
U:GGTAC,0.04664234523326402,0.07374247451060785,0.07954531191819966,0.0468557156065785,0.06233134327109333,0.06486250162119646,0.06020809886997377,0.059586814547675726,0.049821982168930766,0.05332167466456922,0.049667184054957514,0.05811623246492986,0.040205672304943915,0.03950071332644412,0.046602599771568186,0.03876437635186866,0.03338200409169069,0.037689157019676095,0.03160182578099832,0.027551972420833317
U:GGTAG,0.04339461633466521,0.07249954705071233,0.07912851174003062,0.047131620839263165,0.06246136100542295,0.06436582259048267,0.0594822685913208,0.05917661426285442,0.049278116394827945,0.054161670393989815,0.049069275654563586,0.05981558394498775,0.040938317296853974,0.039470899909963365,0.04820625166830558,0.03881948276648978,0.03371878971950337,0.038400418234701035,0.032429785945156483,0.028051045655905146
U:GGTAT,0.05588722501510173,0.07606227536622603,0.07802153600844255,0.05002386001738682,0.06049343380971672,0.06123302226406335,0.061534336078797165,0.056384609063346545,0.04763064981423787,0.05129687484231484,0.050815349415898124,0.05208980593371961,0.04089794400176463,0.04109978100684948,0.04903630038536451,0.03778821243056447,0.03419551374005412,0.03637102831629012,0.03266731927298311,0.026470923216878186
U:GGTCA,0.03728925660324207,0.07097145586713291,0.08027019247845871,0.04682193139854615,0.0628362861394688,0.06603303305142354,0.05933946145225395,0.06079575726769999,0.052034711037350495,0.054905659221879954,0.050141159035096854,0.06062305944601968,0.03987482469946292,0.038503040583988096,0.04645081480302037,0.03940939794599825,0.03336007495820345,0.040116111726916974,0.03186336050364074,0.02836041178019609
U:GGTCC,0.03720043996747536,0.06943370205780904,0.07884632106946879,0.04379384991373037,0.06555728959287753,0.06757101035388091,0.057532917469485266,0.06414158287605091,0.05284491451602815,0.053770920956883496,0.04938497611757688,0.06440550233942484,0.03934993432524336,0.037281293907121704,0.04570841018271465,0.04018135691217279,0.0326176996901616,0.04079615196269125,0.030666526316431807,0.02891519947277129
U:GGTCG,0.027357258126488895,0.06607815261661415,0.07659648044263428,0.04669369092446016,0.06704833627910552,0.07098670560209022,0.054964266502728044,0.05983439637285791,0.05658764312610466,0.053552217013755475,0.052505187120571735,0.06760547145162529,0.040632444478598324,0.03793322062552832,0.041919618842695766,0.04164105125643587,0.032515561361715205,0.043725505263966805,0.0315549834780604,0.03026780911396296
U:GGTCT,0.03894798267146182,0.07038820069474837,0.0796846358279578,0.04613437862729054,0.06395131264310949,0.06595458130099349,0.058257589692522045,0.062040014630732575,0.05042105641500538,0.05425210951061045,0.049557378054323996,0.061946986851369096,0.03988460326823503,0.03880209819927819,0.046654488484640905,0.039135095364045185,0.03325214545316157,0.040165800874038274,0.0318599001642786,0.02870964127219717
U:GGTGA,0.037413118090408926,0.0714404287611459,0.08057704247943291,0.04622742795053552,0.06325994722409065,0.06582005312084993,0.05979006053707249,0.06193408185440058,0.051361652955278454,0.05495981442196582,0.04919930666942619,0.061418826857073866,0.039384669115744814,0.03874976285334851,0.04491018609544506,0.04009826494886256,0.032961228678360155,0.04010581052413722,0.03151571204360049,0.02887260481881996
U:GGTGC,0.03272044519377012,0.06813050449791905,0.0801033401322848,0.044252626242380654,0.06522572125870993,0.06856821156136152,0.05681054505582607,0.06284412323001286,0.05352553143827299,0.05539278682339625,0.048712227501562184,0.06579754058738224,0.040357475506089584,0.037669335156867136,0.04454295719018593,0.040103988587193606,0.03324952544890765,0.04168238678566797,0.03129531815555844,0.029015409646651027
U:GGTGG,0.03485965656102937,0.0678609544880823,0.07958940670601058,0.04337740437331566,0.06568664239754254,0.06898262986986617,0.05664988620802246,0.06433104774714626,0.0531435338378842,0.05498727251757237,0.04952265849248778,0.06734763164862727,0.03925620170338712,0.03708595071126078,0.04329293352631673,0.03996526948636852,0.03220044931992846,0.04176514830319186,0.030835920253022675,0.029259401848936887
U:GGTGT,0.03667402827713064,0.07129787717570552,0.07885566776022516,0.04632958648726869,0.06300101197864162,0.06735582217923093,0.05861803730530094,0.060543904528264504,0.051843996014241514,0.05447883099956685,0.050098769892372864,0.06070317947761701,0.0399896665520664,0.0396244995950143,0.04602754679672826,0.03928749711071357,0.0336041007472326,0.04069572074828148,0.03261931538965063,0.02835094098474651
U:GGTTA,0.04769938906513146,0.07504643135373022,0.07923018865632295,0.050252164392049194,0.06051034246065674,0.06288392237497703,0.06130912879138769,0.05468345434085701,0.048127635729135504,0.05315725612339579,0.05168724629802019,0.05498869398434925,0.04098259830311056,0.04090211222796086,0.04694160507457111,0.038233922906488846,0.035066112477012114,0.036921848021029643,0.03335312582099593,0.02802282159881792
U:GGTTC,0.03928383058234763,0.0723896982161183,0.07926273310464103,0.0469282590355945,0.062146245861936907,0.06587237661450901,0.0588112634363539,0.060088287765234685,0.05072525986831794,0.05445820505167383,0.050007018863707293,0.06033905881807787,0.040395945686260884,0.03950870679821244,0.04689282399551883,0.039125735788163876,0.03323534181866254,0.03954959338291513,0.03208506590236011,0.028894549409393285
U:GGTTG,0.04176112608538144,0.07110259489041948,0.07936755669273937,0.047528941606421495,0.06293674427718324,0.06549312943009927,0.058344592516307775,0.05903381400361357,0.050018113424211835,0.0532990355456014,0.05047721467939239,0.061199450445544666,0.04104114595318762,0.039844976429764346,0.045776838056873874,0.038744500468214926,0.033581604963306075,0.039000822508948485,0.03245948402942805,0.02898831399336069
U:GGTTT,0.045257397138236545,0.07362155527786796,0.07922842374732997,0.04960429516512283,0.061300526667644996,0.06398129907399584,0.05958622570665813,0.054936934773553665,0.048287996632173126,0.05363990637678453,0.05111996549163306,0.057278997478576794,0.041101718154988226,0.04149305015127057,0.047889253045052094,0.03800737897983899,0.03429046617424057,0.03785321789039443,0.033301759956360553,0.028219632118277133
U:GTCAA,0.04914421740058929,0.07609229698590696,0.07949720812220644,0.05137085007787988,0.05979053822983449,0.06216949587901216,0.06247862596901829,0.05519390819583018,0.048675295428309444,0.052299733729975616,0.05196372276257764,0.05279852334380194,0.03975831104460583,0.04060207191829408,0.04842739400347361,0.038471015693952254,0.03455387450513051,0.03657292707367302,0.032952968918238824,0.02718702071768956
U:GTCAC,0.03513450570703146,0.07161191679808829,0.08041231372092375,0.04743329139654566,0.061685048817964806,0.06672885461941733,0.06032948645576766,0.05883976012494969,0.05289604317548394,0.05381873688420637,0.05100888773007222,0.05941438693394829,0.04014540336523736,0.03996567427519814,0.046166327881550936,0.03986315275200676,0.03372704973433003,0.04014920045868889,0.03238287865248748,0.028287080516100942
U:GTCAG,0.03623192403312885,0.07178071259396561,0.08026519999411566,0.047031532724303805,0.06402441266899098,0.06637631110522677,0.059050303779219444,0.058865498624534766,0.05088761639966459,0.05509032466863792,0.04969235918031099,0.060654706739044086,0.04045669858922871,0.03920443679479824,0.04616543095458758,0.039118929932182946,0.03365200729658561,0.04057714373979434,0.03267097694808538,0.028203473233593717
U:GTCAT,0.044620732148358495,0.0749047867804314,0.0798529720365583,0.05020069562577298,0.05922865013774105,0.06350933826254292,0.06191538190212126,0.055738242897517984,0.04882886623714677,0.053338378629376126,0.05092288733809288,0.05409070817204013,0.04100754115488166,0.041585741011113043,0.048254015028731397,0.038474847190038,0.0351072237030687,0.03740774475266887,0.033607029481495375,0.027404217510302673
U:GTCCA,0.04225124979841961,0.0719982160135462,0.07893132156103855,0.04707028100306402,0.0624168480890179,0.0647904571843251,0.05994244879858088,0.060809244476697305,0.05133496613449444,0.052698153523625224,0.050015874455732946,0.05800979680696662,0.039509756490888566,0.04003008587324625,0.04805928479277536,0.03921998467989034,0.033885663602644736,0.03906501975487824,0.031975689404934685,0.027985657555233027
U:GTCCC,0.035540405167626035,0.0684933639916745,0.07960095712157624,0.043274196645922115,0.06617322654818568,0.0680638530891047,0.05749736583947971,0.06468356335739979,0.05443628964865749,0.05352147035466441,0.050300787393400846,0.0645148732748195,0.03924120605623349,0.03721952029730978,0.043819195374258414,0.04041035809011684,0.03215752020388143,0.041713164574044566,0.03074052351020705,0.02859815946143745
U:GTCCG,0.028211094072233094,0.06533234625350325,0.0782701425977826,0.045996157439232896,0.06691872455184814,0.07034706431882679,0.052923342675338866,0.05929529550702413,0.05460666631413816,0.05416600567570902,0.053020288015793275,0.06772954012655774,0.03961539139477905,0.038452047309326144,0.041765815310313224,0.04235630056580826,0.03229161158408686,0.04376641460878149,0.03219466624363245,0.032741085435284575
U:GTCCT,0.037972363549209694,0.07029301828037904,0.0795301345166617,0.04579787430895656,0.0639451993958822,0.0664600071549541,0.05836750734440178,0.060908749662959366,0.0505886976397463,0.05485259208478797,0.0491850225310562,0.06250980281580927,0.0402994859359332,0.03879359719723177,0.046568882293955824,0.03965536383646524,0.03372697329580801,0.040149690098847626,0.03202370651294677,0.028371331544007374
U:GTCGA,0.03863245905394571,0.07176726606345207,0.07631428244187378,0.05109380368800825,0.06152788913068377,0.06670484480586417,0.05898522506013057,0.056144771503836906,0.052914900927728784,0.052204787538655366,0.052914900927728784,0.05720994158744703,0.03992669797274081,0.04032756843431451,0.04516092085671744,0.040453556293666246,0.034612300996449435,0.04076279922116596,0.033249341427098844,0.02909174206849158
U:GTCGC,0.027714963021225926,0.06427861348714756,0.0787860911742536,0.04635182818252329,0.06657271763947607,0.07166344399654792,0.05480724062967697,0.05978872393187603,0.05622740034302319,0.05337615661084347,0.05445766285408405,0.06494499612187155,0.04037623308098188,0.038158599067064314,0.04110816154862955,0.04141404210227335,0.033133418542916133,0.0435879788942418,0.03223762549295928,0.031014103278384077
U:GTCGG,0.028347012891287823,0.06518584492064833,0.07959736799674455,0.046635903657010355,0.06666769039410947,0.06986172001566303,0.05440599494790507,0.05857512495873099,0.055235214176577625,0.054997197546125316,0.053553741851769386,0.06846433205623335,0.03981787888792488,0.037284153466980954,0.04212126563423754,0.04043211535360826,0.03305359980958669,0.04411753414770851,0.031095721075220933,0.030550586211926935
U:GTCGT,0.029523911485913348,0.06827970714915134,0.07727276470636679,0.04849003928286131,0.06403847579203967,0.06744793167911585,0.05668426297281494,0.054930122625116325,0.05249244401986378,0.05300303886285587,0.055012476632050535,0.06122196875488977,0.04184407092327077,0.04183583552257735,0.045088818796478546,0.04178642311841683,0.03435809169295132,0.04224760555724839,0.03446515190196579,0.02997685852405149
U:GTCTA,0.046162460309006795,0.07466800625268086,0.08004554208612694,0.04984584205359688,0.061029849929902034,0.06326377273865694,0.06064409521808096,0.056357611890457175,0.048056688670038664,0.05344573956950926,0.05076992610206379,0.05676063920131502,0.04041212421301721,0.040465381393380566,0.04705631730915937,0.03842865409029539,0.03454663745678252,0.037570781671469405,0.033026648741547225,0.027443281102913025
U:GTCTC,0.039696953424107624,0.07167512815479109,0.0791333276404993,0.04687520632855341,0.06313675742628734,0.066303323001133,0.05945431544697697,0.059712253649209325,0.050483700154322755,0.0550491183003193,0.050798860142033275,0.06030912088850467,0.03957018516089446,0.03887031870773841,0.046473773495045036,0.038820139603549866,0.033533726960528414,0.04008694190052037,0.03191126925843207,0.028105580356553347
U:GTCTG,0.03541419450302905,0.07114386511074493,0.07990353157083079,0.04663521514029078,0.06381344953102956,0.06695059516088481,0.05886511875193169,0.0599708865198822,0.05104627570049307,0.05471989084847058,0.05005100463926028,0.06059062891842941,0.0404522037687384,0.03947294672297195,0.04657676398383866,0.039464939715238775,0.03357018062208045,0.04056430187700275,0.032413968705410974,0.028380038209440902
U:GTCTT,0.044644059056923625,0.07472847063619362,0.07950081643238442,0.049497021371743305,0.060901977158146034,0.06284285787079606,0.060892850759810685,0.05650837689287205,0.048512891417915274,0.05316963616852503,0.05079525153494612,0.056436126239383905,0.04063833072090181,0.04122850447992078,0.047587322520072375,0.03817876636952635,0.03455026249803212,0.037905734952660614,0.03334481738457198,0.02813592553467385
U:GTTAA,0.050286728961080544,0.07757085746999291,0.07947753228733055,0.0537398480482054,0.05941014370409183,0.06241206493367877,0.06326109316022861,0.049485003735724196,0.04596396239047536,0.052086668801366205,0.05235229334652966,0.051348014244267846,0.04157084776681318,0.04274008092451897,0.04717079536964263,0.03801341949756935,0.03545420584325484,0.03559126325696931,0.03442081720179703,0.027644359056462803
U:GTTAC,0.04587525082300633,0.075344929582027,0.07977066636661671,0.05140742180374346,0.0604890473243557,0.06355433035158695,0.06113517761763748,0.05275935141475257,0.04762099599535605,0.0533645658055574,0.05196660580426173,0.053765200683977506,0.04131824218463642,0.04208030086826955,0.04665606262860806,0.03869962442611185,0.03562922691107099,0.03679192047312422,0.03393803627535721,0.02783304265994282
U:GTTAG,0.04600889562565855,0.075466965822859,0.07921277938548484,0.05128002409970298,0.060326954454560204,0.062351165932180055,0.061735042303975224,0.05368317887077625,0.04723977977669608,0.05295800681280065,0.05138498321335734,0.05424614138946783,0.04167013122615418,0.04179553692039056,0.048829160640605,0.03855543545082665,0.034751008357199034,0.03700831085345391,0.03391133544796413,0.02758516341588754
U:GTTAT,0.05490017173471167,0.07837098041651042,0.07939565623439997,0.053309416269176846,0.05871702944330724,0.06102075864226871,0.06316087410340866,0.05050290324815069,0.046078166761809446,0.051257676111677725,0.05264660149187066,0.048623136654493165,0.04131067740864502,0.04244044818221555,0.04845952291667164,0.03779596769763226,0.035363258325789584,0.0351399315449675,0.03441382094208074,0.027093001870212508
U:GTTCA,0.04548319511639986,0.07481125266755763,0.07958902590619146,0.04929802138714942,0.061365984044260545,0.06402721930095887,0.06147784152032791,0.05580423579945024,0.04857435215067883,0.05340075907455933,0.05110622180462098,0.0556495806803658,0.04072876604668445,0.04083965084904688,0.04751219246489134,0.038172579550118955,0.03446669273432196,0.03730203658420339,0.03282190149927925,0.027568490818932898
U:GTTCC,0.043437752717512566,0.07273148788098781,0.07876895347331139,0.047080694368406215,0.06256455690967094,0.0647860220753339,0.059259025450524236,0.059062021435342955,0.04999765989705724,0.053316252395884466,0.050399286867233446,0.05946800208541267,0.04059371132707782,0.03968379222933444,0.04645920656360781,0.03878475733132484,0.03414373456484425,0.03888271512892879,0.032197639652445736,0.02838272764575848
U:GTTCG,0.03527222116992102,0.06655027300353299,0.07985044512340748,0.04886063231406524,0.06251492666375683,0.06785970171378689,0.055070124436904476,0.05635484694507811,0.05229479440322169,0.054131288757854515,0.05341480889752691,0.0640549465934265,0.04067464402480503,0.03952992332841954,0.04237937196834312,0.040855822840060285,0.03364984723331714,0.04221466395447471,0.033295725003500046,0.031170991624597494
U:GTTCT,0.04526685892509002,0.07515158416123431,0.07936535742621882,0.04987478385525583,0.060727822947072,0.06298543609597156,0.061119054970288994,0.05604252750485208,0.047841253227116756,0.05315062213920707,0.05053900240213543,0.05548268615819642,0.04098958344738185,0.04161511673823439,0.04815584464877072,0.03861664444089221,0.03449119034532795,0.03762177644155497,0.03303647873661253,0.027926375388586097
U:GTTGA,0.04998929066984532,0.07606301742361454,0.07863209260311223,0.05111609845133774,0.059695203151336806,0.06284979931646537,0.06194067031094307,0.05444297514504158,0.0468393507352188,0.05216607842954658,0.051005512976914406,0.05247338964268087,0.040986468994161085,0.041960785226711865,0.048229235540076174,0.03841040946891035,0.03481114329083747,0.03683311138634607,0.03383217082778466,0.027723196409115036
U:GTTGC,0.04223878525554503,0.07273245820731854,0.07913957634628026,0.0477826734809975,0.061801771298978,0.06513115451662937,0.05975198153969104,0.05603673760098341,0.04913089829290947,0.05321217611720405,0.050846682131598334,0.057950789794365215,0.04134352737704693,0.04103087343310807,0.04735868423019261,0.0389810836738211,0.03464205698842571,0.038991759662150724,0.03323740195248575,0.028658928100268884
U:GTTGG,0.04214597712647127,0.07198288518813709,0.07895809603095982,0.04784015849916265,0.06240044056227621,0.06448386128741848,0.05938663319425935,0.05901017617113091,0.05012148805932102,0.05339881534352779,0.05051838132084787,0.05910482822266035,0.04056808440381577,0.040024910699016154,0.047118436606250695,0.03894931920436346,0.033644501952736355,0.03871806703301313,0.03280554058690725,0.02881939850772436
U:GTTGT,0.04689098179980659,0.07442040791433974,0.0791599508620915,0.04992986521924742,0.061123550475261156,0.0640422028419833,0.060301971615016686,0.054760888315806895,0.047425922860453565,0.0526472612585926,0.051099939884473644,0.055179083281784995,0.04143615121232978,0.04164786241385619,0.04808196621333171,0.03783009087028115,0.034499342214168095,0.0382683243450457,0.03366382352172436,0.027590412880404952
U:GTTTA,0.050952441790190074,0.07813891705334272,0.0793467417275789,0.05315244052165703,0.05949601182272794,0.06182286385831573,0.06277788801933969,0.050548323407062286,0.04598704102888903,0.05195005241759745,0.05216117255945569,0.05049033332517848,0.041577982615660765,0.042755000058896174,0.04863283851483776,0.037729797025652455,0.035252533215178544,0.035584163995951566,0.03424133116232964,0.02740212588015806
U:GTTTC,0.047924695120522484,0.07497996629025683,0.07888204870261227,0.050404501297309626,0.06060802504330874,0.06282383925544893,0.06174444015739545,0.05413944086814304,0.047877832641591074,0.052369601247166775,0.05145187770142665,0.05423628999126796,0.04088438870239358,0.04150765967218134,0.04784346682370804,0.038508461020571066,0.03464855483925389,0.037668060565067774,0.03362460967460257,0.027872240385771928
U:GTTTG,0.04557357300769565,0.07401078803826625,0.07969015515796771,0.04985648476854173,0.06091035429586683,0.0639455416059573,0.0607421066622698,0.054699324653998745,0.04789740932293787,0.05346977094767162,0.050894909163102624,0.056364976226609374,0.04118029079920991,0.0412260541555483,0.04862289311900828,0.03793176548971839,0.034347417903567184,0.03736914540296991,0.033298225660456086,0.027968813618636453
U:GTTTT,0.051099727196000894,0.07628262886446338,0.0791581666074002,0.05207918356652238,0.05943223614612883,0.06227212488558898,0.061298015865589,0.051301589678187536,0.046022863488379764,0.052460182291179276,0.051761461823036564,0.053454343875634885,0.04179845657639448,0.04266339052324716,0.04834093993945017,0.03761905653129849,0.035014896827327814,0.03630182585283557,0.03399221604009087,0.027646693421243776
U:TACAA,0.056188807969151405,0.07810749208247675,0.07919385593987545,0.052949374409612976,0.059254423311506044,0.060801198517992774,0.06399821215548039,0.05182265989465375,0.04687711776287677,0.050537646646187845,0.0523037638886446,0.04947818322716282,0.03964814226607224,0.04172878771105205,0.04874566359760255,0.03791409862321487,0.03560583408430391,0.034905388054343026,0.03351691158136296,0.026422438276426836
U:TACAC,0.04236148667656437,0.07441190755865423,0.07924593729080764,0.049746873668775955,0.060033826725869176,0.06593226157956801,0.06100292912347903,0.05360835632655076,0.05183090311387298,0.05400334592936805,0.05362672793598413,0.055869212512443894,0.03968037992488308,0.04028779126177362,0.04558340768094026,0.03834843824096432,0.03535616235450546,0.03859530674272513,0.03309415794302275,0.02738058740924712
U:TACAG,0.04488518791304043,0.0743585504065896,0.08026574877121255,0.04967591409594145,0.06195042763306227,0.06400717481599504,0.06061600538445223,0.05597642465023607,0.04850683327738447,0.05376018144134304,0.05058278678805066,0.056820668012779726,0.040411783666604875,0.04032994800930588,0.047336082343372395,0.038148777224969566,0.03455969911199961,0.037594298893882536,0.032895429061010985,0.02731807849876662
U:TACAT,0.05464462620967533,0.07790023300887275,0.07836268770056096,0.05154328479414828,0.05878519165146801,0.0630512062792885,0.06297697599169809,0.05192705538099066,0.04842932422973086,0.051419320213872306,0.05346956075711924,0.05055008354618868,0.0401704624324226,0.041359631639620864,0.04665299344769251,0.03786635430561649,0.035704768330983946,0.03589554017009128,0.03296047459876674,0.02633022531119192
U:TACCA,0.05218967529602958,0.07567250491930182,0.07930864126299543,0.04988779063547643,0.05973480846276176,0.06248144368436173,0.06149818433588524,0.05644485633955864,0.0482494257308634,0.052333918721233955,0.050937161553838255,0.05448795387095262,0.040100874235359595,0.0408088690474044,0.04729621709597116,0.037889141715559176,0.0342554094289523,0.03659215291726317,0.03286346037573008,0.026967510370501258
U:TACCC,0.04571174805854119,0.07310930015715206,0.0789365443262208,0.04698174643622068,0.06307549361969202,0.06441267900831972,0.06041095508794124,0.05998489111607457,0.05071472231280633,0.05338909309006173,0.05045252909934993,0.058845989345123285,0.03917330479797194,0.03856206686910168,0.04525946476532888,0.03917330479797194,0.03360006030443909,0.03851946047191501,0.032043288099541656,0.027643358236226254
U:TACCG,0.033465281982023934,0.06840217948120896,0.07725981465095702,0.0491687235132492,0.06240394914543846,0.06586876542634937,0.05759791365901364,0.05688073394495413,0.05242863130442882,0.052670795883202164,0.05406789922227914,0.06044800447073068,0.0403483444325432,0.04011549387603036,0.04537791645322033,0.04157779537093094,0.03466679085363014,0.041894472127788386,0.03344665393750291,0.031909840264518236
U:TACCT,0.049844930312321595,0.07480486788767973,0.07961897162456162,0.04906462228903579,0.061828389545635895,0.06259767626915777,0.06135557578576357,0.05707049443755001,0.04777953873656228,0.05293530276612581,0.05040040382042335,0.055653155287909414,0.03988939023556926,0.040499970242490635,0.04756352126118937,0.03834310187869076,0.03417153991804561,0.03661165568577834,0.0323960085260775,0.027570883489431677
U:TACGA,0.03848208393996208,0.0705854011081667,0.07839912854943282,0.05142815246195259,0.05991222649335414,0.06523310255255413,0.060352141443130516,0.05308307060634944,0.05172142909513684,0.05406764216061085,0.056288165240434465,0.05652907104626439,0.04082829700543609,0.04171860107045971,0.043771537502749466,0.04043027871754318,0.03464853937762509,0.03908958553727232,0.03367444198883454,0.029757104102730615
U:TACGC,0.03130328218243819,0.06854752770673486,0.07976342710997443,0.047993925831202044,0.06297953964194374,0.06745524296675191,0.05833066922421142,0.057065217391304345,0.05449435208866155,0.05421462063086104,0.05252291133844842,0.0606750852514919,0.0407075873827792,0.03945545609548167,0.04461050724637681,0.04014812446717818,0.03414055839727195,0.041986359761295826,0.0337942242114237,0.029811381074168797
U:TACGG,0.031031116418815813,0.06827035173021695,0.0766773768565119,0.047996815377178766,0.06423270493900879,0.06827035173021695,0.05810988844342081,0.05703886945889846,0.0540438075198802,0.05498213388685111,0.05419545622565328,0.06291525680760518,0.0403954240003033,0.04027220942686267,0.04367482726264608,0.03989308766242998,0.03434843185760186,0.04119157970561195,0.03166614537424057,0.03079416531604538
U:TACGT,0.037639533811002795,0.07283126787416587,0.07768381561548633,0.05199421876441465,0.0603278083581906,0.06575232940742336,0.05901780497555276,0.0522094775362096,0.05036440234939574,0.052560041821704234,0.0561271871828777,0.05569051938866509,0.04102832190411759,0.043414619145730186,0.045647160121774964,0.039706018020234324,0.035296288323749196,0.03952151050155294,0.03436760047971955,0.028820074418032533
U:TACTA,0.06229749846755597,0.0787501094602878,0.07967103534837561,0.05361802737966666,0.05933623281473482,0.059384395341370154,0.06384745614291135,0.05060276131819376,0.04484515017951487,0.04977816048337663,0.05171779678332701,0.0490849119939286,0.04091771505297878,0.041775883709390234,0.04785457835897137,0.03777255611664088,0.03541551125251759,0.0334612802475262,0.03339852301584985,0.02647041653288187
U:TACTC,0.050288023681117386,0.07582856280887683,0.07917552194491034,0.05076296031889456,0.06122052741862976,0.06140721634857362,0.0628275457275865,0.05522557250027257,0.047424962251498365,0.05205186069122696,0.05105270153816743,0.05337809884954814,0.04076539474254103,0.04044578329447714,0.048182172551350655,0.03858785506367586,0.03458225738280042,0.03657012110884263,0.03285277113580051,0.027370090641209266
U:TACTG,0.04879568042910723,0.07549681681009257,0.08079958880616384,0.05050254197179658,0.060657197673294284,0.06241087831614089,0.06139205398445809,0.05488012783649956,0.04722622276731416,0.05254629747431311,0.05062569656134065,0.05368725858901481,0.04111225897069226,0.041523452806855946,0.047300522643650665,0.03839980458114717,0.03470516689482496,0.03702271235260889,0.03328736240528038,0.027628358125403943
U:TACTT,0.05657949838293836,0.07781573065454417,0.07949922384404899,0.053127580529333314,0.059111465412708106,0.060877367359741134,0.06386342346160509,0.05076884007151062,0.045241566977297226,0.051664404630363085,0.051684586366900605,0.05009611552025994,0.04139105982707615,0.04246489639201005,0.04734719482271185,0.03795427827587425,0.03541390218921387,0.03451245129053796,0.03366229563889492,0.0269241183524303
U:TATAA,0.06179042900547013,0.08000656355532972,0.07936003823195363,0.05516411156834188,0.058317340338491924,0.060058799776778624,0.06469487785586493,0.04772944843450131,0.04569383887832772,0.04928791474032367,0.05436937693106906,0.04557133934337224,0.041466092582426305,0.04218294171290646,0.04740127066801567,0.03807542644205394,0.03637177550221028,0.03299018340146425,0.03385448567587228,0.025613745355225967
U:TATAC,0.05884013213684517,0.07816577858218685,0.07870875469883178,0.0525598349555114,0.05851485273829564,0.06177650647394601,0.06269792049007075,0.05103469225024997,0.04769709779898493,0.05029300459441329,0.05381791947752788,0.04945259400827754,0.039749901909909,0.04135604804515941,0.04732878532825374,0.038174132060904455,0.03579592198357149,0.034811224037767846,0.033246845296105505,0.025978053133187358
U:TATAG,0.05908034608001106,0.0786231248238491,0.07891985599498003,0.05164292285521327,0.059548309217278474,0.06080330126722291,0.06335157326016091,0.051198357874809225,0.04604544560194417,0.05077187328834506,0.05171311732580338,0.050467697249121236,0.04103824003318284,0.041736994081329866,0.04783540460199203,0.037656142813841074,0.03513445963552053,0.03439103637881616,0.033500842865423375,0.026540954751155282
U:TATAT,0.06585330392058558,0.07908603228717537,0.07785621177178381,0.05375714428958187,0.058166549684147195,0.060800661786824424,0.06377419031384739,0.047829640028075805,0.04683094354757846,0.047402486714128146,0.05653213676927705,0.04503359069487617,0.04063220695878873,0.04146395267221498,0.04787125238142986,0.03841271432868745,0.036220294795949064,0.03367291687556402,0.03346134563320967,0.02534242454627494
U:TATCA,0.05905214613011475,0.07903117011086418,0.0785109986657391,0.053226648848327736,0.05840087456467359,0.06007768739387762,0.06467042064107958,0.05230577622901077,0.046656841206036526,0.0492661565039404,0.05271704999355072,0.046534199157998904,0.04029637085263712,0.041990099826398064,0.04919954918474756,0.038331983565965566,0.03555879311766659,0.03477642143190934,0.03339246935534688,0.026004343220114988
U:TATCC,0.05631931009018004,0.07615034524532263,0.07804079329672291,0.050701899713597814,0.06034774840307616,0.06108622628123837,0.06251477992944356,0.05691396456135935,0.048075739618784995,0.05050690836374599,0.051159645364668396,0.051524735551625,0.03971462117052892,0.04053883992593094,0.04802595459329091,0.03849073929379941,0.03449825683264902,0.03632232485005718,0.03237132991015186,0.026695837003826533
U:TATCG,0.04231914893617021,0.07269148936170212,0.07946808510638298,0.051627659574468084,0.05862765957446808,0.06372340425531915,0.06273404255319148,0.051,0.05128723404255319,0.052127659574468084,0.05479787234042553,0.05303191489361702,0.040329787234042555,0.04329787234042553,0.045170212765957445,0.03970212765957447,0.03447872340425532,0.03926595744680851,0.0340531914893617,0.03026595744680851
U:TATCT,0.05537999696609209,0.07799857885366185,0.07811514478926317,0.05173850907377985,0.05957078187000503,0.060880152653471825,0.06396755315326824,0.05387821254920121,0.04746229571021389,0.05085388539812057,0.05276365058961605,0.049531740265546784,0.04051943697056311,0.04106873398216381,0.04784712297706206,0.037776943896655514,0.03525241315438599,0.03596138952982411,0.03299215175926739,0.026441305857837463
U:TATGA,0.05761382154857876,0.0779875302250232,0.079427755584719,0.05232402186296708,0.059033856833138644,0.06081250630939848,0.06420347750008412,0.05204424510751215,0.046474668666445534,0.050237714098921755,0.05232402186296708,0.04823505093186811,0.04069742288112372,0.041790571234911526,0.049435879686380836,0.0378294707796734,0.03558933387173534,0.03462117169736039,0.03325978377390962,0.026057695543281273
U:TATGC,0.05331652152325452,0.07703554652537778,0.07919930487956255,0.051050847014705976,0.059640549563263145,0.06262355700444903,0.06342320683099557,0.05364317586416406,0.0477803837535197,0.051512082944070246,0.0517642600952524,0.05095154409506948,0.04052343091587344,0.04065931912169181,0.048514702711884336,0.03779652047796063,0.034681544683047294,0.036662376606322725,0.032989475197135895,0.026231650192399408
U:TATGG,0.05284490295506208,0.07583377047269337,0.07910007577082241,0.04970565949758116,0.06037069417730372,0.061808008393075715,0.06246663169551787,0.05716966835693886,0.047701812671212915,0.0516593810106662,0.05113831089351285,0.052477705892638574,0.04017135862913097,0.040609663694119016,0.04797925045171067,0.03825144255988809,0.03443609022556391,0.03673835752171126,0.032361135396631116,0.027176079734219268
U:TATGT,0.052525536353195186,0.07670324782469269,0.07855173139404265,0.05125856278197407,0.05892844654927683,0.06358619672930552,0.06224677066644322,0.05254506702485499,0.04798056005146017,0.0517701403751275,0.05389457343438041,0.05104813554538141,0.040978499250589225,0.041362182445454296,0.047303916781698124,0.037886352911676635,0.035035504871012514,0.03661118905879173,0.033364057389933637,0.026419328560709204
U:TATTA,0.06380712309680389,0.08016321884480991,0.07861749159880137,0.054967398217592986,0.058403297966140175,0.059703326112682586,0.06456987884546304,0.04779391754773638,0.045117663432665225,0.04843926644823291,0.05461051250033045,0.04570314261588678,0.0410589631186991,0.041766514322857946,0.0475863173592634,0.037912304082181686,0.036279493611045883,0.03359235409283383,0.03408375229176613,0.02582406389420632
U:TATTC,0.059689189136143635,0.07870270418797816,0.07835727155323,0.053384062209277224,0.05912687976196551,0.05985012934096949,0.06408854851562101,0.05158722370295934,0.045729589052925776,0.049456728674441515,0.0525391261339415,0.047346841842883104,0.040713946450090875,0.041716878702115386,0.049006292369471606,0.0382085785054543,0.0352635690256837,0.03514875192833843,0.033525611082106985,0.02655807782440246
U:TATTG,0.05972900924324554,0.0789070993852023,0.07815069314668864,0.053202829075404606,0.05926278442615657,0.05996792528021853,0.06361260393331244,0.0515120386599035,0.0452238072576308,0.049605546721143395,0.05192603082113604,0.04729666987800773,0.041144823743804626,0.042351978456931276,0.04981157553035491,0.03792864632301448,0.03502973392298198,0.03484401781327019,0.033752935668713416,0.026739250712879026
U:TATTT,0.06057442659154571,0.0786252227293738,0.07930549767572727,0.054221022619331566,0.058807000992352025,0.06017399719168548,0.06376686514971168,0.048860349867604236,0.04499787461478578,0.05022810445595258,0.05321350281305445,0.04785245086681968,0.04144444288553369,0.04191654004730072,0.047659440862530995,0.037720752822439516,0.03576448835853902,0.03420524054393177,0.03422457946381138,0.026438199447968637
U:TCCAA,0.05195213165241004,0.07569261960582523,0.08017437507407761,0.050160778520721976,0.06002526588440713,0.06232829653784149,0.06165955039830867,0.05701976270111769,0.04868645345806316,0.051579214136561045,0.05123231412181779,0.0542850342515584,0.039077323049675115,0.04001491670063396,0.04795218176018995,0.038069385784615564,0.03434695590419007,0.03637439376813396,0.03235613526402464,0.027012911425826514
U:TCCAC,0.044178018429382016,0.07286086803467744,0.07841389701969809,0.04819373946343781,0.061708009160768226,0.06522112918372101,0.06088695852117283,0.06061327497464103,0.05132024332400367,0.052907404411697376,0.05016955153542574,0.05738401260775654,0.0394490923168177,0.039496910631639244,0.04631254661013932,0.03898820515481434,0.03365595434673569,0.03899125738767529,0.031744239164827694,0.02750468772096894
U:TCCAG,0.03984167913879222,0.07093204773840221,0.07970911826151021,0.04653991895909057,0.06413012398280263,0.06574012297816326,0.058568543453228886,0.061036349913317654,0.05069114036872841,0.055084505627268486,0.04921573728937993,0.06252914098181603,0.03966329125010626,0.03828835210806828,0.046450403014948516,0.0387178998400305,0.03346221911957527,0.03962915927140461,0.03152313632956293,0.028247110373803126
U:TCCAT,0.051728551082810166,0.07540839193374428,0.07817804072506751,0.049625426513516806,0.06048452081356792,0.06355680368819792,0.06256868517523242,0.05747203551684432,0.04892171111498418,0.051040149698131615,0.05063323447286612,0.05198888931832949,0.039407333079072085,0.04119178031244964,0.04842801647787891,0.03857600089842215,0.03447330366303919,0.037495269063577225,0.032206829612635664,0.026615026839632377
U:TCCCA,0.041298094417054454,0.07102038171067031,0.08010847382566012,0.045957581252417674,0.06380972119364414,0.06553930758486416,0.0592008662783986,0.061445548070282505,0.051310387847259026,0.05455285601159539,0.04989876991437805,0.062398103260763164,0.039380832375264886,0.03806035189859574,0.04491523879026166,0.038958224615349306,0.033342807128164245,0.0392640414128601,0.031319555600261666,0.028218856812254816
U:TCCCC,0.04104156989758506,0.0702734620750595,0.07824037481867609,0.04535470610617454,0.0633422059906816,0.06711273538510384,0.058271436118966964,0.06262908960487977,0.05239683540954635,0.053356896692198306,0.05114867174723594,0.06255181433103552,0.03866955497001803,0.03768093543398886,0.04462647064505535,0.039681693067651985,0.03240605804548994,0.04122383875002205,0.03145691609501163,0.028534734815618676
U:TCCCG,0.02871772332710691,0.06502582133831447,0.07713877595868586,0.0453928139764861,0.06732007471706405,0.07125810350510933,0.05414789583562246,0.05944841226238875,0.0572508515547742,0.053928139764861,0.053062300846060874,0.06773761125151083,0.03952093176574003,0.037683771014174264,0.04254477529941764,0.041199868146357545,0.0322514009449511,0.044047906823426,0.031324030326337765,0.03099879134161081
U:TCCCT,0.040903326450338666,0.07154721170567546,0.07935950358182121,0.04623501430807937,0.06293882188656007,0.06592682218145705,0.06001958958518031,0.060668239037545466,0.050959561322154505,0.05412536714983926,0.050177093071593674,0.06046503271435944,0.03938795246706726,0.03894374840083439,0.046004548600075704,0.03946725249562766,0.03333203231723977,0.03951185876169288,0.03171133798353657,0.028315685979321277
U:TCCGA,0.02988903062974089,0.06745950098075525,0.08020246080408214,0.047124261004348245,0.06434577452231047,0.06789844039339944,0.054641098445880144,0.057617656337873614,0.05351631620097938,0.0549085771504602,0.05388667133039793,0.06495617464301881,0.04027954953842777,0.03820830418501296,0.04298862872584119,0.04129459693016748,0.03372289206205506,0.042645707309712906,0.03276271209689587,0.03165164670864025
U:TCCGC,0.028258357977954267,0.06343416434752912,0.07971051350428345,0.04574090086686092,0.06830253663995117,0.07037341142105608,0.05190266161906077,0.05969932351423817,0.05648765104670004,0.0547582889487949,0.052985329487077015,0.07036614519375395,0.03964453616038017,0.03695603205859486,0.03961547125117168,0.041671813577672336,0.03240010754016407,0.04488348604521047,0.03119391380801174,0.031615354991534846
U:TCCGG,0.03149044820407835,0.0657066948830897,0.07854785098968337,0.04511944057874337,0.06676481074677677,0.0703186998976388,0.05314731963149965,0.061399473242320035,0.05411917604977745,0.054429710053250834,0.05187643046913637,0.069582619296813,0.03912153380795197,0.03637848344393711,0.0423418864365648,0.04110550105236523,0.03210576558133116,0.04361277559892808,0.031651465835508985,0.031179914200604966
U:TCCGT,0.028439385094376338,0.06690503989102939,0.07724751897256275,0.04831679315041837,0.06396672504378284,0.06887526756178244,0.056431212298112474,0.056654991243432574,0.05370208211714341,0.054918272037361354,0.05463125121618992,0.06305215022377894,0.039672115197509246,0.04122883829538821,0.044026075111889475,0.040941817474216775,0.03460303561004086,0.04203152364273205,0.033858727378867484,0.030497178439385094
U:TCCTA,0.04943182768366306,0.07479785775206114,0.07933612890278777,0.04904719300299346,0.06143598341053899,0.06199203137281135,0.06204220111376825,0.05674824823987826,0.047680067561917824,0.0531088516146295,0.0502209559007977,0.05563719751827015,0.040269578741408435,0.04032079368530194,0.04745116811880195,0.038572169172366506,0.03473209358329013,0.036583147984012576,0.032841321470976806,0.027751183169724233
U:TCCTC,0.04069568959245236,0.07234174330325079,0.07825295327308535,0.0467362422588707,0.061608165006457806,0.06579003824937148,0.059635067043667465,0.060577776312999376,0.05085282231360505,0.05451608109040868,0.05128997575446279,0.05991302947334515,0.0393326165592231,0.038759902022907335,0.04690973558746147,0.039184618666016635,0.03354577456687297,0.04034124085662175,0.032013561084264903,0.027702966984654857
U:TCCTG,0.03731735665264556,0.07021142351117998,0.07955114013725924,0.04582687624529555,0.06396446756696923,0.06583241089218508,0.05857372149656852,0.0614495240203675,0.051298981624972324,0.054638587558113794,0.049389528448085016,0.06247343369493026,0.04002545937569183,0.03872869160947531,0.046824219614788574,0.03939340270090768,0.033456386982510515,0.04068463582023467,0.032047819349125525,0.028311932698693823
U:TCCTT,0.047787913152507785,0.07503051973402904,0.07872232309398838,0.04914813277065479,0.06067746579827437,0.06282624098092801,0.062350112473740636,0.05682970711383499,0.04762111325248444,0.053026875956646485,0.05051145083895702,0.055047581866217186,0.04013215922728784,0.04068833103015205,0.04820413829002733,0.03850857134594609,0.034372656797070106,0.037501575045495575,0.03307234054859093,0.027940790683166947
U:TCTAA,0.05272309620335205,0.07767369877077585,0.07980732372501093,0.05349930743222252,0.05925110911216539,0.06044505963539103,0.06432133615394983,0.05118310077267431,0.04649619971953156,0.051380977280526756,0.05186849911146756,0.05059616272522792,0.04076829616855637,0.04213144544487323,0.04812222841449297,0.038118471628619255,0.03537783419860492,0.035563283679394174,0.0335462815945214,0.027126288228642003
U:TCTAC,0.04887130896925656,0.07532130665111478,0.08001127348948661,0.04956187120404284,0.060762156213474014,0.0630205143346567,0.061227004643604005,0.05741305138222254,0.04814780471973666,0.052956118796225575,0.0511077057472835,0.055021705127485596,0.039761011783480675,0.039896440066274456,0.047100980695979365,0.038193215897084264,0.03474162479777263,0.03715249224642579,0.032396641378586714,0.0273357718558067
U:TCTAG,0.04901612795882601,0.0748164252279433,0.07987947895217679,0.04913410790021922,0.061122685021790996,0.06256768720996597,0.06162788118109013,0.057331192888128796,0.04709214737610594,0.05343583807101787,0.049280322357501405,0.05627643204456213,0.040856352866912575,0.04052056380294728,0.04744911232698796,0.038107521070007484,0.03419704061938461,0.03713040514513549,0.032848842485686106,0.027309835493609925
U:TCTAT,0.05759517850861618,0.07789902940726018,0.07832062379138735,0.05205302159472073,0.05870344159024392,0.06061450116380246,0.06377603829187796,0.05357698852017847,0.0474415700477807,0.05013354696359478,0.053088073675512014,0.048652496831730827,0.040262684437024236,0.04085931201855352,0.04836806788595241,0.0381151617458215,0.03510004661941892,0.03579092284570319,0.033079591297484064,0.026569702763336603
U:TCTCA,0.04446274082128816,0.07404051657713248,0.079346395164836,0.04913998191712802,0.061766814939430016,0.06421455626655502,0.06160011147498844,0.0574357062277742,0.04907190073126829,0.05387066992523159,0.050441795994408435,0.05663845645317382,0.03988157691296997,0.04016789965723986,0.047109635523872,0.038744557481836,0.034309736309477985,0.03765080459872504,0.03236019655738258,0.027745946465282095
U:TCTCC,0.039884312473047856,0.07197268633052004,0.07910199502621451,0.04691959262945947,0.06197388600498675,0.06542051832421689,0.06001614696984926,0.059742491496901924,0.050415508872727506,0.05550991028380407,0.05123971765499308,0.06063349296569255,0.03927474814942108,0.0389427301348499,0.04612586206337523,0.03918850128235474,0.033560406851762384,0.03966837106903964,0.03221612297635993,0.028192998440423195
U:TCTCG,0.03177456588896975,0.0686577378513974,0.07864361689310001,0.04717749514441451,0.06459976963078272,0.06939511212426443,0.056666971897847154,0.0563344305591032,0.05311022540519439,0.05413194661988597,0.05266201751384384,0.0638286592800721,0.04016039095294781,0.03958205818991484,0.04376533184251999,0.040748362595364664,0.033331244909466824,0.04212190290756797,0.032805925983045214,0.030502233810297215
U:TCTCT,0.044125675286538754,0.0747033739755388,0.07853136278125802,0.04860200814223565,0.06075397584918414,0.06382395389859968,0.061482673177696276,0.05761433530078163,0.049894557875914534,0.054175008061192645,0.05166129541210369,0.057166357151355575,0.03947760023036906,0.03987350393748308,0.04710185036702136,0.03800744561065905,0.03407806683116672,0.0383743807538379,0.032546181581166296,0.028006393775897122
U:TCTGA,0.04330211107407258,0.07409517111190073,0.08014852857319037,0.04883224843003442,0.06262828660983898,0.0638487265054636,0.060747868961753035,0.05724711740521901,0.0488175958249844,0.05385748143698098,0.05004780412397569,0.05733259093467746,0.040341674328758056,0.04031481121949969,0.047139872546757076,0.038446604075622094,0.03393299119500542,0.03818407823514256,0.03252878321104513,0.02820565419607872
U:TCTGC,0.03718437210721381,0.07092253660295458,0.08074249479081796,0.046744997971799346,0.06333255903450714,0.06547586441218585,0.059639500334566435,0.060033352633020495,0.0506647991041247,0.05489801791057195,0.04931335873495751,0.06100758235014717,0.04024504824343955,0.03928121955532134,0.04653767079356384,0.039491320341292435,0.03368407914489673,0.04015074558042942,0.032112830362683885,0.028537649991505827
U:TCTGG,0.04083166412640723,0.07148590171973541,0.0797707445120499,0.04608288163114667,0.06406689683311485,0.0649340117858673,0.05886676121071723,0.06188633898064827,0.050280535312586,0.05435112281170005,0.04880873857761221,0.06162071319247078,0.039880264067790765,0.03855915888572536,0.04715304706620787,0.039118505497368325,0.033142563786904264,0.03916447919147597,0.03176463001073358,0.02823104079973795
U:TCTGT,0.04223143965181607,0.0739381890868437,0.07922010975363072,0.04855086491342166,0.061714775413968685,0.06487427053856712,0.06050500590529345,0.056989235617946,0.04922252407249917,0.05382278029480791,0.05075985792494731,0.056857861870509854,0.04040438753515444,0.040611453441709425,0.04730107426314335,0.038768740878333555,0.03435553999177827,0.039235074180491,0.03283082149918327,0.02780599316595506
U:TCTTA,0.050473580374757854,0.07744221962345674,0.0792239114197889,0.051819334220087665,0.05996601766962152,0.06153643578321535,0.06255114459749388,0.05221286865025874,0.04649062510228919,0.05221435649309492,0.0525253156458577,0.05282437205593099,0.041257881847424696,0.04185599466757128,0.04752616371627432,0.03756208024233984,0.03522691091094665,0.03603852917808586,0.033830570409186536,0.027421687392317373
U:TCTTC,0.045988445699457016,0.07497755720616991,0.07857522493949234,0.04918946230161541,0.06065981551525034,0.06304601835193553,0.061949981033150275,0.05766184651594973,0.04844862712012915,0.05315702295487254,0.0512556159451656,0.055550046512067165,0.039638354905173624,0.04081676554088051,0.047570328186837374,0.038403804492966,0.034398467541502775,0.03772697915010675,0.03298972642090037,0.027995909666377574
U:TCTTG,0.04708306428499317,0.07503789262142409,0.07924554892975788,0.04906696407095152,0.06080097243612459,0.06287837569560148,0.06133489082114344,0.05737860979306597,0.04762782365244894,0.05318247202857141,0.050218140893473116,0.055480082743798446,0.04054324162991461,0.041083258067554224,0.048339263124872536,0.03838453100216074,0.03441131093902557,0.03749828068794164,0.03259409125803503,0.027811185319141583
U:TCTTT,0.05488341757704223,0.07661224871161171,0.07907342301822705,0.0514798373873519,0.05998750542744446,0.061357877901278224,0.06241093952956652,0.05400440058112587,0.04585324923008151,0.05193565111929019,0.05119220573174776,0.051505852479769604,0.0408935268221099,0.0416941321310208,0.048114363811907215,0.037371596282406654,0.034818819537700815,0.03588030859029344,0.03318023512513809,0.027750409004886074
U:TGCAA,0.05174826210235643,0.07582447683279062,0.0798264270431997,0.05097621568227223,0.059683418663852045,0.0619773483695543,0.06348231008980063,0.05501623941476766,0.0485035519423313,0.051399254816564946,0.05141934917544385,0.05146376828454458,0.03971597152523587,0.041065466363629635,0.049737768616630304,0.03817399388073892,0.03455489408686474,0.03594986563219497,0.032902926267451685,0.02657849120977559
U:TGCAC,0.035182363488255715,0.07168647797119077,0.07945877775059973,0.0475224462042857,0.061489471995260545,0.0685560150890555,0.05983111208852365,0.057725062328750215,0.05268602691524861,0.05578395093588498,0.050401574432084664,0.05956967916682562,0.03986010533614888,0.039130786026690845,0.046261284813776726,0.03900175261040211,0.0341983434353408,0.04094286400326735,0.0328620060544723,0.027849899353935295
U:TGCAG,0.03545592493160201,0.07117092238358107,0.08060358203346306,0.04678038337039114,0.0627603180613404,0.06654462737684802,0.060084896072062015,0.06008418433436868,0.05143657136024461,0.054542594653995836,0.04943018280270916,0.06043862970565376,0.040618870159116076,0.039480089849766406,0.045763310206603215,0.03976193797633045,0.03397835748022081,0.04070356694462396,0.03247587920957259,0.027885171087506724
U:TGCAT,0.045977462087516095,0.07557392670504404,0.07866331543126298,0.05013207928375636,0.0602589115822676,0.06493973505740021,0.06265548717051797,0.0541117969718261,0.05011097072242544,0.053320979799106806,0.05161947898039618,0.05319809781707321,0.040213317089792804,0.04088502166643045,0.04807625618556235,0.03795997816771657,0.034869835564307235,0.037552884484905874,0.03315024169302724,0.026730223539664495
U:TGCCA,0.04111348344785147,0.07173334330621389,0.08077353288160717,0.046857522668470854,0.06294219242446393,0.06449592188514641,0.06002512485933138,0.059552546314397325,0.05063730106653158,0.05462447004905977,0.04942440613196161,0.06026141413179842,0.04011647871186648,0.03928776633540837,0.046307597635067366,0.03873359149494613,0.03350717877408366,0.039070176213999885,0.03240732870727669,0.02812862296051759
U:TGCCC,0.03465326902955594,0.06899437392788907,0.07982453732089964,0.04401514250241749,0.06549447510160586,0.0671396919234903,0.05813065543282523,0.06405974028351011,0.05349089995800528,0.05446298109627569,0.04918771232499235,0.06502673731540881,0.03952689339747442,0.03732039123215351,0.04493638257697083,0.04027934114048708,0.03240914447708441,0.041357171691288996,0.03081171825509402,0.02887874101257096
U:TGCCG,0.02526526614169781,0.0649115414712626,0.07879457811875824,0.0449762231792537,0.06854509934825792,0.0711553510159187,0.05441034031771742,0.059362704592839044,0.056084841387537554,0.0542680624490399,0.05200803322735456,0.06765859878188256,0.040395970252980994,0.037763829682446744,0.041791387811164434,0.04227841590009905,0.03265277086149249,0.04444541728457215,0.03218763167543135,0.031043936500292763
U:TGCCT,0.037731556185698796,0.0697846383026368,0.08068235092658399,0.04580320411072665,0.06407502962278623,0.06674242755365183,0.05853486507636661,0.06050353048527483,0.050374004515716095,0.05552438768099238,0.04894959605835823,0.0637020130322297,0.040739039868468246,0.03824946846632702,0.04558945303074483,0.03900627901281728,0.03376368949931354,0.0399834268070199,0.03175790205410597,0.02850313771018108
U:TGCGA,0.03179477528954887,0.06788359878877047,0.07947410740252853,0.047799086445520333,0.06305920996356047,0.06751578191025268,0.05798675859237336,0.05652404495919799,0.05492446923169042,0.05376114142986673,0.054548098472276874,0.06001402836466905,0.03992951602141892,0.040417087232477375,0.04317143688091287,0.04064804201666296,0.033993122679759805,0.04299180538210186,0.03386481446632337,0.02969907447008708
U:TGCGC,0.02530120481927711,0.06352177942539389,0.07826382452888477,0.04362681495211616,0.0653877046648131,0.07253629904232314,0.05345690454124189,0.0608217485325919,0.05692925548347235,0.05545875810936052,0.052604263206672844,0.06829780661105962,0.03954278653073834,0.03817732468334878,0.04196478220574606,0.04223046030274946,0.03234476367006488,0.04643188137164041,0.03248687055915971,0.03061476675934507
U:TGCGG,0.025805428290802165,0.0651358292815354,0.07737358085395836,0.04458909583391797,0.06729543250019827,0.07117539760491462,0.053373922486105944,0.06336056222890574,0.056332700907155364,0.05411819252191631,0.05245883637650303,0.06797869679536844,0.03853122578834668,0.037988274696648956,0.04188044094949335,0.042423392041191076,0.032174427613638444,0.04515644922187178,0.03132034724467572,0.031527766762852384
U:TGCGT,0.026729959463644388,0.06770079824727639,0.07662619193987492,0.048338564079334775,0.06362405187913972,0.07072831397418061,0.057966526307031696,0.05653827842975932,0.05379733671059261,0.05490203328880651,0.05425030852927446,0.05992632274704297,0.04024978160287314,0.039755210331455196,0.04456225820318097,0.041146480917406594,0.03450905712529293,0.04367942537289287,0.03437501444425442,0.030594086406685494
U:TGCTA,0.050755283300290326,0.07567564249719186,0.07979732259589122,0.05069594911172628,0.06009121096986846,0.06196330691938939,0.06280216958529494,0.05486877937298085,0.0472289910937337,0.052645793308331135,0.050362450051866264,0.053945007437233634,0.040829082754825,0.04107664954159224,0.04801874960358624,0.03785725831036691,0.03474732842700974,0.03632070742720821,0.03308085613096078,0.02723746156065284
U:TGCTC,0.03684368717726359,0.07142986190494961,0.07992283889786747,0.04659476132287437,0.06296234249149224,0.06636544601679215,0.05932847832656654,0.059490257137976794,0.05074516798717595,0.0547797837255443,0.049531416295478733,0.06042643909233054,0.04041103315069573,0.03964648455464018,0.04643544614818611,0.039645663342399516,0.03405813525694089,0.040218048274140356,0.0327146320312192,0.028450076865465725
U:TGCTG,0.03578108477353904,0.07068123165050084,0.08092321427896691,0.046446802848581784,0.0634496599590515,0.0667801665901064,0.058976956888561895,0.06006895282286077,0.05052761810478519,0.05513580856010377,0.048715541806494865,0.062385193334020664,0.04080491381976723,0.03971669641811299,0.04543955400359824,0.03938580491651872,0.033592234791541054,0.04090747399155012,0.032100793977666714,0.028180296463671296
U:TGCTT,0.044659017837152884,0.07522971396767428,0.07984432072404492,0.049932117926421674,0.06087398670759632,0.06332243670018112,0.061644137605638076,0.05480096036958081,0.047661174832270295,0.053825245031095204,0.050421693404358994,0.055243009806969834,0.04106536204822347,0.041643690975377505,0.048106659887048354,0.03838214486738803,0.03465679041187899,0.03745910899553427,0.03339878184459443,0.027829646056970553
U:TGTAA,0.05001902823055796,0.07677776402243039,0.08031441667392643,0.052817477238720996,0.06000693880857294,0.06264338039190513,0.06259905760586651,0.05038965842415684,0.04647779046326481,0.05214193684461501,0.052653941441957786,0.051345655067852075,0.04172990305536833,0.04192400629077887,0.04785485357432702,0.037827969512036694,0.035330609774549854,0.0359534213369892,0.033922979224840326,0.02726921201728283
U:TGTAC,0.04893505699487957,0.07522383497057665,0.079493013056795,0.04987566356854376,0.060823148327777875,0.06352386495241119,0.06188838527245257,0.05454224793213524,0.048206086900289824,0.05272452572852918,0.05072808827592694,0.054524611558879034,0.04084466470315044,0.04087641017501161,0.04717964997677877,0.038495499785424124,0.03478950988518721,0.037023450497639665,0.033042333174605976,0.027259954263005357
U:TGTAG,0.0446228940072083,0.07322858678681037,0.07963178221605197,0.04861637945882464,0.06227193673229548,0.06479299966433893,0.05983579044175079,0.05607061860171131,0.04844494397504412,0.05386999582626696,0.05009040417918052,0.057760940427771586,0.04163478954692165,0.04078402093115103,0.04617702876671396,0.03844801218954356,0.03467002274324012,0.03803224108635622,0.032994921824618294,0.028021690594200194
U:TGTAT,0.0519570710475242,0.07675189061997235,0.07809109849199801,0.05132491699607585,0.05874838291398451,0.06381999608124408,0.06180489269259876,0.05218177035491106,0.0477662791652211,0.0516670591414569,0.05388049711875568,0.051241029254651425,0.04101810956577907,0.04176830565337465,0.0475349886781509,0.037919655916452605,0.03513038851409044,0.03683390886315932,0.03373605441198588,0.02682370451861319
U:TGTCA,0.04274288429774237,0.07407305211602801,0.07983689549584766,0.0495859153742091,0.06053491839026278,0.06420936854489781,0.061906897067108155,0.05642358117093398,0.04976756841689756,0.05295071224088573,0.05067200128766714,0.05498798560572092,0.04047183802986928,0.0413693726838279,0.04816258330554885,0.038740385610319734,0.034557000348743185,0.0384468281615869,0.033221045693021686,0.027339166158881264
U:TGTCC,0.038085234994276795,0.07028864662331037,0.07997564959423135,0.04535348815275592,0.06370289075327637,0.06637972057051972,0.05858330368128405,0.06168712300813252,0.05169488255644964,0.05390270984005042,0.049709124114189686,0.06153107463313627,0.03992609137404024,0.038905775075987845,0.045950244575818505,0.039842065325965334,0.03348695238381041,0.040777498167289004,0.03180814623962,0.028409378335855544
U:TGTCG,0.03170322386851161,0.0693879416739041,0.07772024108816174,0.04850495301654053,0.06298852676326736,0.06799051841790792,0.057183343237189745,0.05578591998119355,0.05327839413865834,0.05286700318011741,0.05536799900743769,0.06118624256394518,0.04186392754295117,0.04057751454560889,0.04439757344634613,0.04030978392179654,0.034112799482822795,0.041759447299512205,0.0337275285851416,0.029287118238985495
U:TGTCT,0.041502506587031494,0.07352275731504576,0.07970035814044214,0.04823360618809651,0.061851755403049095,0.06532919314928921,0.06015412812060927,0.0573133624902098,0.04974211313752613,0.054121585561108146,0.05090406450290562,0.058006473658310055,0.04033263395115943,0.040115294092019416,0.04696521275047305,0.038717189850080054,0.03388818532604444,0.03903948654324667,0.03284109238280728,0.02771900085054642
U:TGTGA,0.04186425929954318,0.07358180455852852,0.07957907330867957,0.04904466681168878,0.06164165035167863,0.0653391100476156,0.0613316655790008,0.056735673023469414,0.049321417349479126,0.05304788146859063,0.05076257462596379,0.056203321006453484,0.04020979866096246,0.04123945568365842,0.04764218209943683,0.038729364561428954,0.0343714499794552,0.0388121480192396,0.03296533971430643,0.027577163850820582
U:TGTGC,0.03463678500119858,0.07209656550436477,0.080450160580203,0.047067792092932534,0.06217513590132618,0.06831247105908488,0.059926864167164216,0.058611401864427724,0.05148840055566557,0.05534694108485811,0.05028460737879805,0.059582178798648654,0.040620016765258095,0.039845777492566556,0.045031691697921615,0.039422923735942715,0.033893813083750356,0.04026342002331652,0.03296249257400313,0.02798056063856873
U:TGTGG,0.03573225603560888,0.07031242440369635,0.08052639218152789,0.045840388988340024,0.0626983647007596,0.06781411776089796,0.05901228893512023,0.06166239295563404,0.05147201122453916,0.05471055687261116,0.04926218007644298,0.06110842324253713,0.04011139871304853,0.03963907300788621,0.045904494653829404,0.039314916057864434,0.03341477575112487,0.04113890367216604,0.031919783250278194,0.028404857516086894
U:TGTGT,0.036698792999634,0.07441634100875899,0.07816629345548948,0.04795730831441041,0.060609495174490984,0.06795827905701539,0.060762977451223464,0.05540106755450261,0.051684172828914486,0.05475985270948691,0.0530287825182375,0.05689758534336084,0.03958714579373294,0.040178511694168854,0.047475610092050015,0.03833305129325216,0.03458519774945133,0.04053584991794602,0.03346910611659668,0.02749457892727695
U:TGTTA,0.05203783801603154,0.07794222188035431,0.0796437661183913,0.05323982306644814,0.05925651054103697,0.061509175913301545,0.06295460097392909,0.0503117807214108,0.04598564887328694,0.05160590105346974,0.05182567328491019,0.04976488597624938,0.041547940353816384,0.04317594542210215,0.04865250037403543,0.03812202937678512,0.03543151009726612,0.035739191221282746,0.03428193227126994,0.026971124464622166
U:TGTTC,0.04742117965169026,0.07572801717237003,0.07885222037084255,0.049621093078277785,0.060388661254840104,0.06267751996821688,0.061876271176390364,0.055705691905385935,0.04803786697342908,0.05224497903856075,0.050593561547173614,0.053770390706996435,0.04072582318862923,0.04196364509644634,0.048730157788938765,0.03880534620470461,0.03462417651488647,0.03741187004500632,0.033361153442479086,0.027460374874735387
U:TGTTG,0.04830243656235164,0.075233598498897,0.0784796404916938,0.04982391470666767,0.06014932459021633,0.06339403487347761,0.06112347011543924,0.05536116295530317,0.04759729636330101,0.052066513564460404,0.05077875044362574,0.05360730149704127,0.04107524891315856,0.0416705230755299,0.049053520740377235,0.03835323462258353,0.034595150313384546,0.03808822442501776,0.03375883672508655,0.027487816522387035
U:TGTTT,0.04957963978240177,0.0760739436931787,0.07953750627039541,0.051456415655870065,0.059813634099606675,0.06250720098411973,0.06203676623079664,0.05213849287169043,0.046540780170129345,0.05254050719743902,0.05150037489431171,0.053424300596108545,0.04152127325807086,0.042219303423325694,0.04857921259786691,0.03775779523148616,0.03485187686450097,0.03663541661127448,0.033781965722429315,0.0275035938449976
U:TTCAA,0.05644219102552655,0.07738102831038852,0.08002530218932971,0.05255456816321263,0.05980531120867478,0.061020146455554966,0.0637334535912676,0.052045072713779866,0.04672050760453848,0.05062238733509868,0.0523527209233048,0.05062839022699185,0.03976090481589506,0.04112055982969796,0.048291014196088965,0.03798554953849017,0.03508014986219611,0.03488730696012804,0.033126958912456074,0.026416476137379182
U:TTCAC,0.04626898284715394,0.0753932125067272,0.07949629953344582,0.05084853782002258,0.06014522662069914,0.06302123165446666,0.06307990498966136,0.055322885433231765,0.048818238100440656,0.05226883717542518,0.05120361265887323,0.05307205490205599,0.04000408690127908,0.041283772574059914,0.0480038926723074,0.03870214582549336,0.035142292953939405,0.037132128304421544,0.03340131347342098,0.02739134305287479
U:TTCAG,0.045690021960343864,0.07527579175561362,0.07934538311665222,0.04992698277627302,0.06145524369115247,0.06271695188955823,0.06210632926292454,0.055543362176465036,0.04812760786746791,0.05323697430357754,0.05045177491321924,0.05517429107080893,0.04096505350304882,0.04097915422635462,0.048234282904650906,0.038139391167552154,0.03483123886502665,0.037263307097813655,0.03282341848126627,0.02771343897023031
U:TTCAT,0.05658198011707096,0.07798468625967256,0.07857207054409876,0.05278862573531757,0.05948237122338868,0.06099345063623633,0.06403068546528315,0.05276543188400755,0.04577944386943021,0.05034225426839345,0.05187942676396487,0.04879000576947051,0.040291778649480026,0.042365308956595606,0.04834062490033892,0.037917308121616956,0.035173475511641863,0.035687219318158755,0.0337830041256063,0.026450847880226953
U:TTCCA,0.0506452547755415,0.07495660531769403,0.07907583452363666,0.050042559292902106,0.06079812192310893,0.06289418988188505,0.06178114741797843,0.05698449334999657,0.04837481826483241,0.05222064730223903,0.05035788082061364,0.054757193310323166,0.03986538990813147,0.040480236509372464,0.047271496695807075,0.0381848902055301,0.03444356078809725,0.03717027180229644,0.032359036391992654,0.02733637151802102
U:TTCCC,0.04404529728547799,0.07298985360554966,0.07865659903579275,0.047803377899410686,0.06212894420364734,0.06421958814878558,0.06067311117302477,0.058792660175137276,0.049774818461712084,0.05328391212806252,0.05037929952142311,0.059026834868047495,0.03985060783145065,0.03969049441190059,0.04651259570656218,0.03888710593230799,0.034073828509358174,0.03860637843899996,0.0322893044941086,0.02831538816924059
U:TTCCG,0.03116184264166327,0.06701997554015492,0.07884766952031526,0.048147846174752006,0.06305748063595597,0.06780812610409023,0.05584997961679576,0.05599130316619106,0.054116048376138065,0.05455632558771572,0.05435521130588395,0.06445984508764778,0.0396249490419894,0.03947818997146351,0.0438863976083707,0.04080989264845767,0.034406848756624545,0.04219051501562712,0.03320016306563392,0.031031390134529147
U:TTCCT,0.04621994507420103,0.07448969412986041,0.07874198557381216,0.04904435995377829,0.06096437061761068,0.06318276555193719,0.06209828557707841,0.05730220930242823,0.04801946679072494,0.05302431759858969,0.050504898918697985,0.05559979201995761,0.039894473963211545,0.040677488808713975,0.04811259877065786,0.03872348276528711,0.03434319002190146,0.03779834233903395,0.033067590865474165,0.028190741357043293
U:TTCGA,0.04351390286978379,0.06894473209926402,0.07947510864913412,0.04864346809241656,0.06229016099963231,0.06635282487748717,0.05660604818536356,0.056364940536826176,0.050234778572763275,0.05386947637446429,0.05310998728157154,0.06143422884732461,0.039987703509924595,0.039668235875612565,0.043628429002839045,0.03864955606054213,0.03472552908059626,0.04084966335344573,0.0320612895642582,0.02958993616675005
U:TTCGC,0.03784866311705067,0.06838948209626328,0.07906721483521245,0.0483916003119554,0.06234293912055536,0.06576096898739661,0.05800059695169505,0.05690297609304744,0.05344643321362205,0.05371602430171094,0.05403375665552999,0.059502604442476,0.03944695313929194,0.03939881187356178,0.04406851464938716,0.04096821713636495,0.03319821684751736,0.04082379333917447,0.03407438788380624,0.030617845004380854
U:TTCGG,0.03959532859167827,0.0688857110600986,0.07845055758351209,0.048683500796547874,0.06417541614922415,0.06653369961991495,0.05621620943564269,0.05628520177122141,0.05303628996851441,0.05274150453467805,0.052722688443156585,0.06226871887504861,0.03950752016457808,0.040178627428843816,0.04368469248234423,0.04022253164239391,0.03332957011502904,0.04056749332028751,0.03326684980995748,0.029647888207328242
U:TTCGT,0.04177818123007737,0.07135888647165313,0.0775306632442782,0.051987959035679446,0.05975615482134193,0.06526536553300048,0.059276185706311074,0.053203532990051074,0.050235028354697175,0.052504447539897435,0.05402261071896243,0.05473734733591056,0.041141700447101665,0.04303549162923429,0.0453257790368272,0.03960788610124218,0.034886450784906015,0.03943572326650285,0.0350377453972527,0.029872860355072806
U:TTCTA,0.05618026977315388,0.0779225133933031,0.0793147602617955,0.05278522723382971,0.058978734878613256,0.0605176811160888,0.0637583400337688,0.05273423173889748,0.04584005996511349,0.051147782848608346,0.051721307524490064,0.04991620671757368,0.040754481840364544,0.042041943445297554,0.047816310035843544,0.037715709197142296,0.03515894876629323,0.035309839545818754,0.033423006233326044,0.026962645450677926
U:TTCTC,0.04619656403367575,0.07490809264133919,0.07922089405007046,0.04974768753522094,0.06066365049317313,0.06285440659964611,0.062042127712612,0.056351381726334984,0.047938303024234144,0.05349535589533374,0.05105745395044513,0.05508688987202746,0.03984907059316067,0.04094950874438196,0.04765760074655088,0.03895050371943834,0.034350075688413015,0.0377733651356053,0.03289170218500358,0.02801536565333322
U:TTCTG,0.04620767816748596,0.07504296106552656,0.07978641554983253,0.049467651354252566,0.061201435567615876,0.06268215261429026,0.06124474216450057,0.05662337542673123,0.04799154139235316,0.05325098937145543,0.04985188222448481,0.05541309425634741,0.04060914874894613,0.041114085240282504,0.04857433761638648,0.038395444514574516,0.03416982635897483,0.03771728163569938,0.03281580414361205,0.027840152586647748
U:TTCTT,0.05445979440030609,0.07709496185095992,0.07867782347910243,0.051430870338277326,0.0596789122459544,0.06121148522428035,0.0629455644707524,0.05399945983660057,0.04580170657874007,0.05176741745628052,0.05146392721298193,0.05081369145416489,0.04082207524026018,0.04210601832054196,0.048580945736085165,0.03753221286939299,0.03484616596520448,0.03581782708019176,0.03341206027323265,0.027537079966689925
U:TTTAA,0.05402224334779381,0.07856278351897927,0.07970732257295796,0.05484690936019413,0.05867513625566611,0.06145662239692102,0.06302865532889697,0.04748555873577974,0.04554325887850547,0.05127748495230091,0.0534094024737418,0.050526701498235786,0.04220060694735206,0.04265201656677574,0.047064470859950275,0.037514829895018434,0.035821509988665644,0.03480380977760923,0.03434812949007369,0.027052547154581958
U:TTTAC,0.05372952246585828,0.07787576349010543,0.07922479675868395,0.053624072425996344,0.05972199369663296,0.061632821143096615,0.06375454866928414,0.050823283005180686,0.04589167553749976,0.05136053277723588,0.052073229598371705,0.049894231791914344,0.04117369530574603,0.04216456205962109,0.047711597777185887,0.03762657413728686,0.03542575908120289,0.035413941404321816,0.03373128602686976,0.02714611284790559
U:TTTAG,0.054739597539969466,0.07827821974805936,0.07902719988426223,0.05296284184463108,0.059358559546934836,0.061032085585673836,0.06253004585807957,0.05114765759099656,0.045103071421359345,0.051495775119090856,0.05165777786484902,0.05033764386220574,0.04154654602611032,0.042627820166403194,0.048888661164098984,0.03746407683300455,0.03483511134486391,0.0351696658523831,0.034336293588157374,0.027461349158866673
U:TTTAT,0.05741938223084552,0.0783170364768669,0.07898915162885785,0.053528884929720306,0.059450147320591715,0.06087769106415295,0.06319764992013126,0.049974044659207975,0.0454803260118978,0.05075030161067309,0.053142358635518125,0.04909965408900759,0.041631885975944846,0.0417480441368968,0.047783461961807196,0.03757476179566097,0.035622904146285585,0.03481780792727378,0.03386050446287665,0.02673400101578309
U:TTTCA,0.056806403059683264,0.07797306491057099,0.07929433953342982,0.05332223077387816,0.05909853871754931,0.06022332955951384,0.0641861027126845,0.05122552818150058,0.04584796673435025,0.05069334082843656,0.05189798604124583,0.048917631792546754,0.04045937277543848,0.04217203888697717,0.04839595159354125,0.03786252964987536,0.035521010367934265,0.035406482388696404,0.03406629488853223,0.026629856603614985
U:TTTCC,0.051445298558462534,0.07565817727480545,0.0785379445887529,0.050721889059071504,0.06021903943382004,0.061857914051909435,0.0629046171771345,0.055134900400489316,0.047211539128398254,0.05198038685336607,0.05079070898932331,0.05296040399966497,0.04008307472510706,0.04155763509112239,0.048168616297946554,0.03830495978301983,0.034547071498572654,0.03685814078423778,0.03315093384377449,0.027906748461020977
U:TTTCG,0.04641609031103508,0.07092410113845478,0.07897713523582278,0.05076056433141809,0.06057502377642841,0.06476755375723844,0.05822833249857904,0.05285964310033371,0.04928614439185805,0.05214494335863858,0.054002037175641684,0.05616301907179074,0.041373799220020595,0.042099754075758174,0.04595463063529491,0.03872884742004648,0.03460384812349111,0.040000675306842544,0.033883520824774756,0.028250336246532018
U:TTTCT,0.053504737457337595,0.0767278901140213,0.07933386484575426,0.05163723393787032,0.05988897950529131,0.06138937996750605,0.06257538179479578,0.05338196357180003,0.04581385224543688,0.052175550205227364,0.05137614902495295,0.051585138815222864,0.04085567609872726,0.041882346059674204,0.04836042025836134,0.03767391316931189,0.03492201116419804,0.036043427225398536,0.033209879063152994,0.027662205475959014
U:TTTGA,0.05418624210213376,0.0761676464054693,0.07954506522198018,0.05230578460334669,0.06006743785869879,0.0613770717911482,0.062269501664948115,0.05257102691877949,0.045826688460743586,0.05202728017214226,0.05136748991250319,0.052122325335172345,0.04107664066186799,0.0416651470492345,0.048708435700289446,0.037403587181280964,0.034747295909852975,0.035603254965280884,0.03356696760617705,0.027395110478950258
U:TTTGC,0.04991033628370955,0.07523108944335301,0.07981822754727882,0.05030122803861886,0.06078055321306015,0.06223354925820113,0.06296471929377852,0.05385818727452671,0.047334499779247384,0.0520991743774348,0.050710029176721225,0.05332713512941087,0.04090892455711263,0.04145555007891809,0.04878749582438838,0.03800760447983754,0.03456121621842595,0.03667452343520658,0.03336751689516704,0.02766843969560278
U:TTTGG,0.050241812181348586,0.0746231816126823,0.07966533168522916,0.04954735752329077,0.06092720567687907,0.06209294310011977,0.060983478245856135,0.05593749140724266,0.04707711963740003,0.05256241619064123,0.050282737686059176,0.055353024043094556,0.04105083906876572,0.04102078440124388,0.04861438390809155,0.03775058079046333,0.03420732732794182,0.03675430053516492,0.033210407611632305,0.028097277366853027
U:TTTGT,0.052089655236152915,0.07605653437009972,0.07979229757331353,0.0512278226365454,0.05973100656502331,0.06212781000557611,0.061464684117942446,0.05313979710350309,0.046292887532001024,0.05238694512305953,0.05086352699792667,0.05321797048050056,0.041502746465639145,0.04214045637848545,0.04812437807879876,0.03764298411270522,0.034663153614151614,0.03652506631258876,0.03367270077849901,0.027337576517487732
U:TTTTA,0.057316841701166944,0.07864743213756156,0.07914870297508701,0.054398767551614845,0.05890092890302675,0.06073119181868909,0.06281762018726479,0.04856440313449471,0.044838587222552836,0.05103472290604365,0.05302125388351108,0.04951842321957875,0.042132795029105816,0.04255593183572873,0.047650698782250804,0.037235325430022594,0.035627334209576166,0.03447673032984692,0.034313326740105524,0.027068982002771438
U:TTTTC,0.056296472259256644,0.07735951260330137,0.07914935729985385,0.052511700775777465,0.059512027920755294,0.06067470774774656,0.06320227258903192,0.0519437179122561,0.04523642389440615,0.051336280378041506,0.05137326913181641,0.050580065856421164,0.040753797923040375,0.04256131502417421,0.04864226614476905,0.037412069512553985,0.03505341998017403,0.035400703279505105,0.03370168652277768,0.02729893324434113
U:TTTTG,0.05578746788866038,0.07651730121636106,0.07942208141979581,0.051759912113918116,0.05946705085534971,0.061539867294686655,0.061889509037070786,0.05274500060290253,0.04543339929796277,0.05175031574151378,0.05090666943709766,0.052580193337697596,0.041455494319573384,0.04205005217505953,0.04826307745649401,0.03723517662957877,0.03469213794242928,0.035690160672480396,0.03350969796878175,0.027305434592586008
U:TTTTT,0.05409226196293166,0.0746888234434136,0.07963430451326209,0.051229500186459664,0.06019050939842717,0.06274367776642428,0.06022881767371826,0.051678254268440936,0.045419151166799704,0.052628143135352516,0.052094368136271135,0.05545435568999067,0.04178494672413429,0.04162878186720788,0.046296723391580155,0.037402167310219635,0.0351447153734236,0.03623865117344502,0.03346169211560968,0.027960154702888054
